:1000000088910020A5790300A1AB0000917903003D
:1000100091790300917903009179030091790300AC
:100020000000000000000000000000002D79030027
:100030009179030000000000D1780300917903005A
:100040004D7903004D7903004D7903004D7903008C
:100050004D7903004D7903004D7903004D7903007C
:100060004D7903004D7903004D7903004D7903006C
:100070004D7903004D7903004D7903004D7903005C
:100080004D7903004D7903004D7903004D7903004C
:100090004D7903004D7903004D7903004D7903003C
:1000A0004D7903004D7903004D7903004D7903002C
:1000B0004D7903004D7903004D7903004D7903001C
:1000C0004D7903004D7903004D7903004D7903000C
:1000D0004D7903004D7903004D7903004D790300FC
:1000E0004D7903004D7903004D7903004D790300EC
:1000F0004D7903004D7903004D7903004D790300DC
:100100004D7903004D7903004D7903004D790300CB
:100110004D7903004D7903004D7903004D790300BB
:100120004D7903004D7903004D7903004D790300AB
:100130004D7903004D7903004D7903004D7903009B
:100140004D7903004D7903004D7903004D7903008B
:040150004D790300E2
:04015400FFFFFFFFAB
:100158002DE9F84340F26C7344690569E1170135EC
:10016800E41841F10001022D8CBF00230123E41A99
:10017800C76861F100010029064607F1FF374EDA2A
:100188006FF4C7704FF4C8720023201861F10001A2
:1001980032F0BAFF244B4FF03C0E03FB0044D6E983
:1001A80000834FEAE37C99466346022D02468CBFE2
:1001B8006FF002000920B6680544C6FB0E93A9FB40
:1001C8000EC60EFB036640F26D1E9920A3080EFBB7
:1001D80004333B44642745430520B4FBF7F4023558
:1001E800B5FBF0F51B1B114C1CEB080CA2FB042003
:1001F80004FB01012B4446EBE87698180C4A41F1C0
:10020800000380180B4A63F10003A0FB020102FB04
:10021800031110EB0C0041EB0601BDE8F8834FF425
:10022800C87200232046B3E770FEFFFFB13A020010
:100238009405F5FF8051010038B5FFF789FF0546A1
:100248000C462DF01FFF002303602146284638BDC9
:1002580070B5D0E9025355EA03060446D1E90020F7
:1002680004D1024312D16FF015001EE0954283417C
:10027800F9D2D1E90202D4E9045385429341F2D27A
:100288000FC9183484E80F0001200EE004F10805B6
:100298000FC985E80F001022002104F1180035F07D
:1002A800E6FF4FF07E530020A36270BD70B50E4686
:1002B800054600213046144632F01CFF80B1AE627C
:1002C8000CB9002070BD05F1080694E80F0086E817
:1002D8000F001022002105F1180035F0C8FFF0E7E3
:1002E8006FF01500EEE72DE9F04FD0E9028B58EAE0
:1002F8000B0385B040D0D0E9065355EA03020393B7
:100308003AD0D0E90846D0E9047AA7427AEB060247
:1003180032D2D0F80090D9F8040032F0BDF8039B2F
:10032800CDE90001B5EB080063EB0B0132F0F8F8FA
:1003380002460B46DDE9000132F028F9CDE900015B
:10034800E01B66EB0A0132F0EBF802460B46DDE9EA
:10035800000132F045FA0446D9F800000D4632F0A3
:100368009BF802460B462046294632F039FA32F00D
:10037800A7FB05B0BDE8F08F0020FAE72DE9F84F9C
:10038800D0F828A0044600215046904699460A9E77
:1003980032F0B0FE002842D0D4E9027557EA0503CE
:1003A8003DD0E6B3D4E904324FF07E51B8EB0308F0
:1003B800504669EB0209D4F800B032F073FE90B9E8
:1003C8004046494632F0B4F880465046894632F0F5
:1003D80085F802460B464046494632F0D7F837F0D2
:1003E800CCF880468946DBF800100023A1FB0808FA
:1003F800DBF8042001FB098132F086FEC01945EBC9
:100408000105002D0EDBC6E900054FF07E51A06AFC
:1004180032F048FEB0FA80F04009BDE8F88F6FF07E
:100428001500FAE76FF02100F7E72DE9F84FD0F84B
:10043800288004460021404615461F460A9E32F091
:1004480059FE002842D0D4E9023053EA00023DD0D8
:10045800002E3BD02268ED1A516867EB0007A1FB1C
:100468000505002301FB0751126832F04DFE814655
:100478000F4682460D4640464FF07E5132F012FE3E
:1004880090B94846394632F053F8824640468B4682
:1004980032F024F802460B465046594632F0A0F98D
:1004A80037F06BF882460D46D4E9043213EB0A03A1
:1004B80045EB0205C6E900354FF07E51A06A32F0DF
:1004C800F1FDB0FA80F04009BDE8F88F6FF0150033
:1004D800FAE708B532F002F802460B4600200A494E
:1004E80031F09CFE06A3D3E9002332F04FF837F031
:1004F80044F8B1EBE07F18BF4FF0004008BD00BFE3
:100508000000000065CDCD410000F03F0000000074
:100518000128F8B50D4608D004282FD02DF0B2FDDB
:10052800162303604FF0FF30F8BD4FF02003EFF3C0
:10053800118283F31288BFF36F8F164BD3E90076CD
:100548009C6882F31188BFF36F8F30F039FCC30BBE
:1005580043EA4143DA1946EBD1360F49C0F30E009E
:10056800A0FB0107C30B43EA47431C440B4BC5E9F7
:1005780000269C42AC6005D80020D5E70024274619
:100588002646E2E7013246F10006641AC5E900266C
:10059800AC60F1E7D823002000CA9A3BFFC99A3B18
:1005A800012870B50D4606D02DF06CFD16230360AA
:1005B8004FF0FF3070BD30F003FC1D4A2B686E68A9
:1005C800A3FB023402FB0644AD685B1944EBE574F7
:1005D800C50B45EA4145A5FB0256C90B02FB016163
:1005E8005B1BC0F30E0064EB0101A0FB0204C20B0D
:1005F80042EA4442981A61F100010BA3D3E90023AF
:1006080032F082FD4FF02003EFF3118483F3128858
:10061800BFF36F8F074BC3E900019A6084F3118819
:10062800BFF36F8F0020C5E700CA9A3B00000000A7
:1006380000CA9A3BD823002001282DE9F8438046B8
:100648001F4605D0042803D02DF01CFD162303E017
:100658003AB92DF017FD0E2303604FF0FF30BDE8C7
:10066800F883D2E90043002BEEDBD2F80890584A11
:100678009145E9D811F00406564D73D1564AA24265
:100688004FF004029A416DDA4FF47A72013CA4FBF0
:10069800024143F1FF3302FB031140F2E733C90380
:1006A80041EA5441E403E0184FF47A724FF0000332
:1006B80041F1000132F078FD2FF0C6FF09EB050487
:1006C800B146464B03FB004426F056FD47F6FF7340
:1006D8000022C0F30E01E1FB0532C00BA0FB050CA4
:1006E800DB0B43EA42431A184CF1000C002E42D1AE
:1006F800A41849EB0C09A2427CEB090C2FD240F25A
:10070800E733E0184FF47A724FF0000349F1000123
:1007180032F04AFD4FF000080025314E2F4CC90336
:1007280041EA5041C003801941F10001864278EB4B
:10073800010341D22B46224632F036FD6FF0010309
:10074800181A4FF0FF3363EB01012FF07DFF4FF4D0
:100758007A73584350EAE0734FEAE071DFD187BB00
:1007680000207CE7A4FB054205FB032314EB0904E6
:1007780043EBE979A8E7B8F1010FBCD14FF02003AA
:10078800EFF3118683F31288BFF36F8F1548036860
:10079800D0F804E0A3FB053105FB0E1180681B1897
:1007A80041EBE071E31A69EB01011C46894686F3C7
:1007B8001188BFF36F8F9EE76FF001004FF0FF3194
:1007C800C3E700230022C7E900230023BB60C7E773
:1007D800FFC99A3B00CA9A3B08FA824B40420F0075
:1007E8003F420F00D82300201FB504460120694668
:1007F800FFF78EFEDDE90023C4E900234FF47A7287
:10080800029BB3FBF2F3A36004B010BD000000002C
:100818000F2807D80D280BD8052808BF032018BFB4
:1008280002207047132803D01A2808BF0120F6E7D2
:1008380001207047D0F8C03083B15A7BD1070DD55D
:10084800D2060DD51B7B102B14BF03230423437240
:10085800807A98428CBF0020012070470223F6E777
:100868000323F4E7704770B58EB06C4606460A4D10
:100878000D2E0FCD0FC40FCD0FC40FCD0FC495E8AB
:10088800030084E803009DBF0EAB03EB860656F811
:10089800380C02480EB070BD88CE0300BCFE0300C1
:1008A800072235F0D9BC38B5C368B3F801401B78C6
:1008B8006BB90F21204610F000FE054640B9084BE1
:1008C8001A8822B96FEA04506FEA1050188038BDB0
:1008D800012110F0CDFC2846BDE8384010F08FBC4F
:1008E800F8290020F8B506460F4611F02EF8044600
:1008F80040B18378012B24D0132111F051FA2046FE
:1009080010F07DFC3946304619F0E0FD054628BB5D
:100918003946304616F0A6FC144B1B6823B31C68F6
:1009280004B10C3C53F8043C13B13946304698479F
:10093800D4B12346E4689B68A4B10C3C002BF4D1E5
:10094800F7E70023D0F8C0501321C0F8C03011F0E9
:1009580027FA204610F053FC002DD3D0284619F072
:10096800C9FDD5E7002BE0D1F8BD00BF842E0020DB
:100978000B4601461878B5E7034610B5D3E8EF0FE4
:1009880040EA0102C3E8E42F002CF7D110BD10B5EE
:10099800084C0146052294F86F0011F04BF838B95D
:1009A80094F86F000422BDE81040034911F042B8E2
:1009B80010BD00BF50000020F0E903007FB50BAB6D
:1009C800059303930A9B082002930023CDE9003086
:1009D800184607F0AEFF07B05DF804FB7FB5014687
:1009E8000C481AF055F80C490C482EF0B7FF0028AF
:1009F8000DDA0B4B082203930A4B04900293002351
:100A08000949CDE9003218460122FFF7D7FF07B0A0
:100A18005DF804FBAC010020D8010020002A00206A
:100A2800C0CE0300C4FE03001CC7030030B5044653
:100A3800084689B002EBC303934215D1058AC06802
:100A480029460DF0EFFA194B08220393184BCDE90C
:100A58000550029300231749CDE9003218460222B7
:100A68000494FFF7ABFF17E0114611F8085BA542A5
:100A780019D1038A5178994210D9CDE904340E4B23
:100A8800082103930D4B012202930023CDE9003185
:100A980018460849FFF792FF09B030BD536809B0FE
:100AA800BDE8304018470A46C6E700BFE1CE03005C
:100AB8000BFF03001CC70300CDCE0300E5FE0300B7
:100AC800F0B5604887B019F0F9FF044600287ED0D9
:100AD800037E012B7DD0032B40F0AA80038A032BD1
:100AE8000CD84FF40073584A5849594833F0DAFF84
:100AF800404080F311884FF0030002DF042104F125
:100B08000C0035F0E4FF45880788204619F0F8FE08
:100B1800504EC7F30B0306EB4000A0F81831238AA8
:100B28009D4212D0CDE904354B4B082503934B4B1E
:100B38000122029300234A491846CDE90035FFF700
:100B48003DFF204619F0D3FF28E0204619F0D8FED3
:100B580006EB40000F21B0F8180110F0AEFC054676
:100B6800A8B9204619F0CCFE06EB4006B6F81831B5
:100B78000493394B03933B4B02930823CDE900536D
:100B88002B46012218463649FFF718FFD9E72146B8
:100B98003A0B10F08BF9284610F031FB3249D1F8A6
:100BA8005C31A3B1314801F5C4712EF0D7FE00289D
:100BB8000DDA2F4B082203932E4B04900293002347
:100BC8002749CDE9003218460122FFF7F7FE07B0A2
:100BD800F0BD038A012B0CD840F65D231A4A1B4945
:100BE8001B4833F05FFF404080F311884FF003004B
:100BF80002DF022104F10C0035F069FF0546007898
:100C0800FFF706FE80070CD440F661230E4A1A4906
:100C18000F4833F047FF404080F311884FF003003E
:100C280002DF06232146154A2878FFF7FFFE88E7EA
:100C380004930F4B08210393114B02930023CDE932
:100C480000319EE7AC01002031FF030065FF03007F
:100C58007EFF0300F8290020EECE03009BFF03006F
:100C68001CC70300C3FF030050000020002A002017
:100C780028CF0300C4FE0300E9FF0300F8CE0300F9
:100C88001700040010B5012104460C3035F01FFF91
:100C98002146BDE810400B23014A0078C6E600BF94
:100CA80038CF03007FB501210C3035F010FF0378F1
:100CB80008220493074B08490393084B0293002327
:100CC800CDE9003218460122FFF778FE07B05DF83B
:100CD80004FB00BF90CF03001CC703002F000400D3
:100CE8007FB5C36808221B7807490493074B039311
:100CF800074B02930023CDE9003218460222FFF782
:100D08005DFE07B05DF804FB1CC70300A3CF03001A
:100D180055000400F0B5C66887B03578A5B9B6F8AF
:100D280001700F21384610F0C8FB044670B9154B06
:100D380001220393144B1549029308230497CDE924
:100D480000030346FFF73AFE07B0F0BDF3782946E3
:100D5800037310F08DFAA378012B05D0204607B055
:100D6800BDE8F04010F04BBA231DD3E8AF3FDB07D6
:100D7800F4D52046022110F07BFA28460FF045FAF8
:100D8800ECE700BFB9CF0300810004001CC70300D3
:100D980010B5C36801211C8886B0204610F08DFB71
:100DA800034668B9094A0A4903920A4A0494029216
:100DB8000822CDE900020122FFF700FE06B010BDAF
:100DC80006B0BDE8104010F01ABA00BFCECF03003D
:100DD8001CC70300AB00040010B5C3680121B3F8B9
:100DE800014086B0204610F068FB034668B9094AFE
:100DF80009490392094A049402920822CDE90002A3
:100E08000122FFF7DBFD06B010BD06B0BDE81040BB
:100E180010F0F5B9E1CF03001CC70300AB000400D4
:100E280070B5C5680121B5F8016086B0304610F08C
:100E380044FB044670B9104B012203930F4B104931
:100E4800029308230496CDE900030346FFF7B6FD95
:100E580006B070BD2B7823B90822E91CB53035F0EF
:100E6800FBF94FF40051201DFFF786FD204606B020
:100E7800BDE8704010F0C3B9F8CF0300AB00040020
:100E88001CC70300D0E8EF3F0B40C0E8E23F002A50
:100E9800F8D17047C0F30723537000231070000E79
:100EA800D070C1F30720090E9370137150719371BC
:100EB800D17170472DE9F041064688B0907A0F4607
:100EC800144619F016FD444D854217D0A47A2046E1
:100ED80019F00FFD414B08210393414BCDE906055D
:100EE800029300230222CDE900311846CDE90464BB
:100EF8003C49FFF763FD08B0BDE8F081204619F0D2
:100F0800FFFC4FF00C08384D08FB0050B0F82631B4
:100F1800B34216D0204619F0F3FC08FB0050B0F895
:100F280026310822CDE904632C4B2E4903932F4B1D
:100F380002930023CDE9003218460222FFF73EFD56
:100F4800D9E72B4ED6F8580120B119F0D0FD00236F
:100F5800C6F85831204619F0D3FC0C2606FB005081
:100F6800D0F82831A3B19FB9204619F0C9FC012156
:100F780006FB0050D0F82821D2E90003127A03F0CA
:100F88001F06B1405B0902B300EB8300FFF7F4FCD6
:100F9800204619F0B5FC0C2606FB0050D0F82C3181
:100FA800002BA8D0204619F0ABFC06FB005080F8B7
:100FB8002471204619F0A4FC06FB0055D5F82C0135
:100FC80008B0BDE8F0412EF0A9B9C94300EB830091
:100FD800FFF758FFDCE700BF1C1A002010D0030001
:100FE800D30004001CC70300F82900200C010400EA
:100FF8005000002038B5042104460C3035F067FD58
:101008004578017822464088FFF754FF25B1BDE8AE
:10101800384002482EF082B938BD00BF8801002050
:1010280038B5032104460C3035F051FDE3680578E6
:1010380022461978B0F80100FFF73CFF25B1BDE85A
:10104800384002482EF06AB938BD00BF8801002038
:1010580001222DE9F047C768008A3B7888B002EB87
:101068008301814240F287800493454BCDE9051006
:101078000393444B082102930023CDE9003118461D
:101088004149FFF79BFC08B0BDE8F0873F4B0122C0
:1010980002930823CDE9039ACDE900033A490346B0
:1010A800FFF78CFC01353B789D42ECDA07EB8503B2
:1010B800B3F801A00F215046B3F8036010F0FDF912
:1010C80004460028E2D000F1280A4EB34FF020036E
:1010D800EFF3118283F31288BFF36F8FE3696BB16B
:1010E800013BE36182F31188BFF36F8F20460FF055
:1010F80077FE013E2EF012F9B6B2E6E763699BB9B6
:1011080082F31188BFF36F8F214A18460292082292
:101118001D49CDE90032CDF80C900122FFF74EFCB5
:10112800204610F06CF8BDE7A06919688342616138
:1011380008BFA16182F31188BFF36F8F4FF02002BF
:10114800EFF3118182F31288BFF36F8FDA68E261DF
:10115800C3F80C80C3F80080626A4AB9C4E908334E
:1011680081F31188BFF36F8F50462EF008FCBDE75E
:1011780013606362F4E70025DFF80490A84692E75D
:101188001DD00300430104001CC7030071010400C3
:101198009101040070B5C5680121B5F8016088B0F7
:1011A800304610F08AF9044670B92D4B012203939A
:1011B8002C4B2D49029308230496CDE900030346DE
:1011C800FFF7FCFB08B070BD2B78061D1A2B19D150
:1011D800C378012B2AD14FF480613046FFF7CCFB4E
:1011E80042050FD4D4F8A83020460693D4F8B0307E
:1011F80006A9079311F0FEFA204608B0BDE8704032
:101208000FF0FDBF2B788BB9B5F80330A4F8A630E2
:10121800B5F80530A4F8AC30B5F80730A4F8AE300E
:101228006FF480713046FFF72DFE14E0D6E8AF3F2B
:10123800DB05F5D52B78202BF2D194F8B430002BB0
:10124800EED0013B84F8B4304FF42032002304F18F
:1012580060002EF0D3FC204610F0B7F9CCE700BFB1
:1012680037D00300AB0004001CC7030010B5C1E968
:1012780000239DF808300C460B7219F041FB0C2234
:10128800024B02FB0033C3F8284110BDF8290020A7
:101298002DE9F0474FF0FF324FF0FF33064618486C
:1012A8000F4619F0DBFB4FF00008044600F10C0A6A
:1012B8000121504635F034FA204684F8188019F098
:1012C8001FFB4FF00C090F4D09FB0050A0F82661D9
:1012D800204619F015FB09FB0050C0F82C81204668
:1012E80019F00EFB09FB005503215046C5F828816B
:1012F80035F020FA068087702046BDE8F08700BFE9
:101308001C1A0020F82900202DE9F041074615464F
:101318000C468EB021B9FFF7BBFF044600285ED00B
:101328000DF118080122002140462DF0DFFF20466C
:1013380019F0E6FA0C232D4E03FB0060C0F82C814F
:10134800204619F007FC0146294819F0CEFB4FF456
:10135800A022404600232EF007F8804688B14FF4BB
:10136800A973244A2449254833F09CFB4246394650
:10137800234833F097FB404080F311884FF0030077
:1013880002DF204619F0BCFA0C2303FB006696F82E
:101398002461E6B11B4B082203931B4B1B490293A4
:1013A8000023CDE904761846CDE900320222FFF782
:1013B80005FB204619F09BFB092E13D00D2E0CBF00
:1013C8006FF00B006FF004000EB0BDE8F08115B1AE
:1013D8002C600020F8E7204619F089FBF9E76FF048
:1013E8006800F1E76FF06E00EEE700BFF829002013
:1013F800B401002031FF0300AC0104007EFF0300AC
:10140800B50104004FD00300E10104001CC703002C
:1014180070B586B006460D4642F22F00002105AA97
:10142800FFF772FF044678B10D4B082203930D4B6A
:101438000D4902930023CDE9003218460122FFF737
:10144800BDFA204606B070BD0598C368B3F8012000
:101458003280B3F803302B8019F049FBF1E700BF65
:1014680064D00300010204001CC70300F7B5144B45
:10147800054693F99B300C46002B1DDA14B920461B
:1014880003B0F0BD082C4FF0000142F2180001AA89
:10149800264628BF0826FFF737FF0028F0D1019F0E
:1014A8003246F9682846013134F0D6FE384619F03C
:1014B8001EFB3544A41BE1E76FF08500E0E700BFA1
:1014C800500000200138C0B202289DBF024B1B18F3
:1014D80093F8F5010020704788CE03002DE9F0430A
:1014E80087B004460DF10B0100200DF02FFE0546D4
:1014F800002840F08780474E42F24300B36883F0EB
:101508000201C1F3400103F00103194409010A3142
:1015180001F0FE01FFF7BCFE0746002876D000F177
:101528000C090A21484635F005F9804629460A2261
:1015380034F09DFE96F8312196F8303108F102001A
:101548009A4294BF04F1900104F19E01FFF7A8F9B3
:10155800002388F800309DF80B2088F8093088F8B7
:101568000120B56815F002051AD10123102188F869
:101578000930484635F0DEF8B3890380F3894380A3
:10158800B4F8A8308380B4F8AA30C380B4F8AC307B
:101598000381B4F8AE300573438145738573C57311
:1015A800B368DB071ED598F80930102143F004030F
:1015B800484688F8093035F0BDF8328A0280728AC8
:1015C8004280B4F8A8208280B4F8AA20C280B4F877
:1015D800AC200281B4F8AE2042810022027342732B
:1015E8008273C273012300930C2338460DEB030169
:1015F800094AFFF73BFE0022394642F24300FFF753
:1016080083FE0546284607B0BDE8F0836FF06805FD
:10161800F8E700BF50000020240100202DE9F04722
:1016280086B005468A4600200DF10B0117460DF0DD
:101638008DFD0446002858D11C2142F28500FFF791
:1016480027FE0646002856D000F10C090C21484612
:1016580035F070F880460C22214634F008FE4046EA
:1016680088F801709AF8013005F1900100F8043B00
:10167800FFF716F99DF80B3088F8024088F8033018
:10168800DAF84830DA0434D413F4006F14BF0123B5
:10169800022388F80B301021484635F04BF80446F1
:1016A8001022002134F0E3FDB5F8A8303046A380BD
:1016B800B5F8AA30114AE380B5F8AC302381B5F803
:1016C800AE3000256381012325736573A573E57327
:1016D80000930C230DEB0301FFF7C8FD2A463146A2
:1016E80042F28500FFF710FE0446204606B0BDE82A
:1016F800F0870423CDE76FF06804F6E724010020A3
:101708002DE9F04186B006460DF10B0100200DF0E1
:101718001DFD0546002849D1192142F20D00FFF7A9
:10172800B7FD0746002845D019210C3035F002F8DE
:1017380004464FF000082946192234F098FD9DF818
:101748000B301E4D237395F8312195F83031601D0B
:101758009A4294BF06F1900106F19E01FFF7A0F8A6
:1017680084F80480AB8938462380EB89144A638067
:10177800B6F8A830A4F80D30B6F8AA30A4F80F309F
:10178800B6F8AC30A4F81130B6F8AE30A4F813307F
:10179800012300930C230DEB0301FFF767FD42467D
:1017A800394642F20D00FFF7AFFD0546284606B060
:1017B800BDE8F0816FF06805F8E700BF5000002031
:1017C8002401002030B5002187B042F20E00FFF757
:1017D8005FFD00250C2304460DEB0301054A009527
:1017E800FFF744FD2A46214642F20E00FFF78CFD22
:1017F80007B030BD2401002070B506460D4640F202
:1018080006400321FFF744FD044668B103210C306C
:1018180034F090FF068085702146BDE870400022B4
:1018280040F20640FFF770BD6FF0680070BDF8B574
:1018380007460E4642F2220006211546FFF728FD0C
:10184800044678B106210C3034F074FF3B8846809A
:10185800038085802146BDE8F840002242F222003C
:10186800FFF752BD6FF06800F8BD2DE9F0478146DB
:10187800884642F23200072117461E469DF820A0EE
:10188800FFF706FD0546A0B107210C3034F052FFE2
:10189800B9F8003080F802800380C7700671A0F89C
:1018A80005A02946BDE8F047002242F23200FFF7C2
:1018B8002BBD6FF06800BDE8F0872DE9F0430546C1
:1018C8000026384BB0F80190198849F470429142CB
:1018D8008DB004BF1E8001260DF054F82C78002C22
:1018E80070D03C2C24D10DF070FF6FF080011030C7
:1018F800FFF7C8FA0020FFF74AF8054670B92A4BE7
:1019080001220393294B2A4902930823CDE90003B6
:101918000346FFF753F80DB0BDE8F08304730021C8
:101928000FF0A6FC28460DB0BDE8F0430FF067BCE9
:10193800022C27D100210622084610F07BF8054624
:1019480078B91C4B012203931B4B194902930823B6
:10195800CDE900030346FFF731F800200EF055FCEF
:10196800D9E7002104730FF083FC2B1DD3E8AF3FA8
:10197800DB0703D5214628460FF07AFC28460FF0EE
:101988003EFCEAE70D4B4FF0080E03930C4B022286
:101998000293002306491846CDE9003E0494FFF758
:1019A8000DF8B8E7F829002080D0030025020400CC
:1019B8001CC703009DD003004A020400B5D00300F1
:1019C8006C020400EB782F1D012B08BF964B38469C
:1019D80008BF93F86F400CF04FFD3946002800F01F
:1019E800F7800AA80CF03EFD062205F111010DF161
:1019F800210034F031FC01238DF82030E8780028EC
:101A080040F0F28006220AA910F014F8EB78044698
:101A1800012B0AD10DF0D9FE80466FF080011030FD
:101A2800FFF730FA40460EF02FFAEB7823B96FF43F
:101A380080517E48FFF726FA002C00F0D780204618
:101A4800B5F801300AA920F8903BFEF729FF0022DB
:101A5800B5F81730A4F8A630B5F81930A4F8AC30AA
:101A6800B5F81B30A4F8AE30EB782273012BE37085
:101A780015D108A904F19700FEF712FF0DF0A5FE95
:101A8800217A694DC1EBC101294404F19E00FEF79A
:101A980007FFD5F8E4305F0601D50EF093FAE37836
:101AA8006BB908A904F19E00FEF7FAFE217A5E4B95
:101AB800C1EBC101194404F19700FEF7F1FE0721BB
:101AC80020460FF0D5FB1EB1012120460FF0D0FBB8
:101AD80020460FF071FD637B072B71D1231DD3E8DE
:101AE800AF3F13F4005F504E29D1E3781BB196F84D
:101AF800D8301D0723D5022142F21600FFF7C8FB94
:101B08000546002800F08D8002210C3034F012FECA
:101B1800238800220380294642F21600FFF7F4FBCF
:101B280068B1434B04900393424B0820029300236F
:101B38000122CDE9003040491846FEF73FFF96F8EC
:101B4800D930D90716D50025022329461A4620463A
:101B58000095FFF78AFE68B1354B04900393374B25
:101B68000122029308232846CDE9005332492B4627
:101B7800FEF724FF96F8D8309A0621D5D6F8843196
:101B88009B689B071CD50DF11E0107A8FFF740FCB9
:101B98000546A8B92046BDF81E20BDF81C10FFF761
:101BA80046FE68B1224B04900393254B0122029311
:101BB80008232846CDE900531F492B46FEF7FEFEB1
:101BC80020460FF01CFBE378002B7FF4A4AEC4E69C
:101BD80020460CF074FE01460AA8FEF761FE39465D
:101BE80008A8FEF75DFE09E7012816D038460CF074
:101BF80055FA144B4FF0080C0393134B04900293BF
:101C0800002301221846CDE9003C0B49FEF7D6FE19
:101C180013214846FFF7F0FD7DE60AA8FEF7B7FE58
:101C2800F4E66FF068007CE75000002024010020F3
:101C3800D1D00300A90204001CC70300CE0204008F
:101C4800E9020400B5D0030089020400C068FFF768
:101C580034BE10B5C16888B00B78174C8DF80030C9
:101C6800B1F8013001A8ADF80130CB7804318DF816
:101C78000330B1F80730ADF81730B1F80930ADF8D6
:101C88001930B1F80B30ADF81B304B7B8DF81D3097
:101C9800FEF706FE214606220DF10B0034F0DCFAB1
:101CA800062221460DF1110034F0D6FA6846FFF7F6
:101CB80004FE08B010BD00BF04EA030010B5038895
:101CC8004288934219D8052B17D9B2F5486F14D812
:101CD8008388B3F5FA7F10D240F67644C088A0F125
:101CE8000A0189B2A14208D801339BB25343B3EB2E
:101CF800800F34BF0120002010BD0020FCE713B581
:101D08000C468DF80700B8B949B90D499DF8070088
:101D18000DF1070218F036FB002002B010BD0722B3
:101D28002046084934F071FA0028EED021469DF883
:101D38000700FEF7D7FDEFE76FF01500EDE700BFEE
:101D480079090000F7E9030029289DBF024B1B18F9
:101D580093F85C020920704788CE0300F0B5C36889
:101D68000F21B3F8016087B030461D780FF0A5FB4E
:101D7800044670B9214B01220393214B2149029358
:101D880008230496CDE900030346FEF717FE07B0C3
:101D9800F0BD6DB12846FFF7D7FF29460246204619
:101DA8000FF01AFD204607B0BDE8F0400FF027BA43
:101DB8008778012FEED118F004FA2046FEF73AFD95
:101DC80006460028E6D10520FFF7BEFF052102469A
:101DD80020460FF001FD094B304603930A4B3A4663
:101DE800029308230749CDE900633346FEF7E6FD71
:101DF800052120460FF0D4FFD4E700BF0ED1030021
:101E0800810004001CC7030009030400F0B5C6687C
:101E18000F21B6F8017087B0384635780FF04DFBC2
:101E2800044670B9254B01220393254B254902939B
:101E380008230497CDE900030346FEF7BFFD07B06A
:101E4800F0BD6DB12846FFF77FFF294602462046C0
:101E58000FF0C2FC204607B0BDE8F0400FF0CFB944
:101E68008278F378012AC37205D00020FFF76CFF4F
:101E780000210246EBE70BB118F0A3F92046FEF764
:101E8800D9FC05460028F0D10520FFF75DFF0521A4
:101E9800024620460FF0A0FC084B284603930A4B45
:101EA8000122029308230749CDE900532B46FEF788
:101EB80085FD052120460FF073FFCBE72FD10300E6
:101EC800810004001CC7030009030400437B072B9F
:101ED80003BF038800200B806FF07F007047024B20
:101EE800D3F884315B6918475000002030B50546A7
:101EF8000C4687B019B9FFF7CBF9044610B340F682
:101F080035439D4218D12046FFF7E9FF0546B8B191
:101F18000E4B082203930E4B0490029300230D49A5
:101F28001846CDE900320122FEF748FD204618F098
:101F3800DEFD284607B030BD2146074818F0D5FD1C
:101F48000025F6E76FF06805F3E700BF42D103000C
:101F5800330304001CC70300B4010020F0B587B0A8
:101F6800044618F0CDFC354B03EB4003A07AB3F8D8
:101F7800185118F0BEFC21462DF0DCF8304B93F8D0
:101F88008A30990612D50F2128460FF096FA044692
:101F980070B92C4B022203932B4B2C490293082334
:101FA8000495CDE900030346FEF708FD07B0F0BD30
:101FB800437B073B012B12D9224B08220393244B66
:101FC8002249029300231846CDE900320222FEF787
:101FD800F5FC204607B0BDE8F0400FF010B90FF04F
:101FE8000EF9052140F63540FFF752F9044660B96D
:101FF800144B01220393174B144902930823CDE98C
:1020080000030346FEF7DAFCD0E700F10C070121D4
:10201800384634F08FFB012604210670384634F028
:1020280089FB002305808670C370214640F6354041
:1020380007B0BDE8F040FFF759BF00BFF8290020FE
:102048005000002052D10300590304001CC70300AC
:1020580087030400B7030400F0B5C468012126888B
:102068008BB0B7B238460FF028FA054670B9294B3D
:1020780001220393284B2949029308230497CDE9A9
:1020880000030346FEF79AFC0BB0F0BD06AFD4F888
:102098000220D4F8063001976189009117F09EF864
:1020A80030B3122142F21A00FFF7F2F8044678B969
:1020B8001B4B03931B4B0122029308231749CDE9BD
:1020C80000432346FEF77AFC28460FF098F8DBE732
:1020D80012210C3034F02EFB3946102220F8026B06
:1020E80034F0BAF8214642F21A00FFF7FFFEEBE798
:1020F800022142F21B00FFF7CBF8044608B90A4B4D
:10210800D7E702210C3034F015FB2146068042F255
:102118001B00EAE774D10300AB0004001CC70300EE
:1021280083D10300DE03040090D103007FB5064687
:102138000D4642F221000321FFF7AAF8044668B9C8
:102148000D4B012203930D4B0D4902930823CDE952
:1021580000030346FEF732FC04B070BD03210C30C7
:1021680034F0E8FA21460680857042F2210004B076
:10217800BDE87040FFF7BABEA1D10300F90304001F
:102188001CC70300F0B5C36889B0D9789A781F884E
:1021980042EA0122ADF8182059791A79BCB242EA0C
:1021A8000122ADF81A20D9799A79204642EA01220B
:1021B800ADF81C201A7A5B7A012142EA0323ADF8B4
:1021C8001E300FF07AF9054690B9214B2149039347
:1021D800214B0122029308230494CDE9000303460E
:1021E800FEF7ECFB02212046FFF7A0FF09B0F0BD87
:1021F80006A90FF02BFA38B91E212046FFF796FFE3
:1022080028460EF0FCFFF1E70E2142F22000FFF70E
:102218003FF806460028F3D00E210C3034F08AFA35
:1022280004460E22002134F022F82780BDF8183029
:1022380031466380BDF81A3042F22000A380BDF811
:102248001C30E380BDF81E302381FFF74FFED7E72F
:10225800B9D103001CC70300AB0004002DE9F04FFF
:10226800564DDFF85C8187B0D5F8A43155486FF337
:102278009433C5F8A4310EF063FF461C4FF0FF32CB
:102288004FF0FF33314650482FF06DF860B140F6FB
:10229800DE2342464D494E4832F004FC404080F36C
:1022A80011884FF0030002DF474FDFF82891DFF86D
:1022B80028A1DFF828B116B92EF05CF9D4E7FB683D
:1022C800C3F38633022B60D9042B68D13B7B002BE8
:1022D8005ED100220023424818F0D8FB044660B9BA
:1022E8004FF4276342463F49394832F0DBFB404010
:1022F80080F311884FF0030002DF4FF0FF334FF0F7
:10230800FF3239482DF030F8D5F858319BB1374BAA
:1023180008200393364B0122029300232F49CDE96D
:1023280000301846FEF74AFBD5F8580118F0DFFBD5
:102338000023C5F85831204618F00CFCC5F85801A0
:102348002046FFF7CCFD00B3284B08210393294B07
:102358000490029300230122CDE9003118461F4959
:10236800FEF72CFB20482CF0D9FF204618F0C8FABD
:102378000C22214B1F2102FB00302246B0F8260117
:10238800FEF798FD204618F0B2FB1437013E92E79D
:10239800012BFAD1386938380FF06CFEF5E70822BE
:1023A800CDE9039300235946CDE9003218460222AD
:1023B800CDF808A0FEF702FBE7E700BF50000020B9
:1023C80031FF0300FC010020E8010020AC010400FB
:1023D8007EFF0300D4D10300360404001CC70300A9
:1023E800B40100203B1C040088010020CBD103006D
:1023F8001704040033030400F82900202DE9F041F4
:10240800044600F10C06304634F0F6FBB4F81080B0
:102418000546B8F1010F0CD840F685631B4A1C49E4
:102428001C4832F03FFB404080F311884FF0030016
:1024380002DF3046022134F04AFB07460078FEF7F7
:10244800E7F9C20706460CD440F689630F4A1249D9
:10245800104832F027FB404080F311884FF003000A
:1024680002DF052321460D4A3878FEF7DFFAB30765
:1024780007D56369A4F8108013FA85F5E560BDE80F
:10248800F0812046BDE8F04118F031BB31FF030070
:1024980065FF03007EFF03005B040400E4D1030032
:1024A80030B5037E0446012B87B006D0032B12D12A
:1024B800FEF794FA002007B030BDC3681878FEF71D
:1024C800A7F90546E80702D52046FFF797FFA907B1
:1024D800F0D52046ECE70493094B08220393094BF7
:1024E8000949029300231846CDE900320122FEF77C
:1024F80065FA204618F0FBFA6FF01500DBE700BF1D
:102508000CD20300740404001CC7030010B5037E3A
:102518000446012B0CD040F6DB63084A08490948F9
:1025280032F0C0FA404080F311884FF0030002DF18
:102538002046FFF763FF002010BD00BF31FF0300F6
:102548008C0404007EFF0300084A0346D2F8840185
:1025580030B9D96839B1596929B1C2F8843170479D
:102568006FF0770070476FF015007047500000203B
:102578002DE9F047384C88B0042104F1D400FEF767
:10258800FBF900200DF041FE344DE279344B204632
:10259800012A88BF1D460BF081FD324B4FF0080819
:1025A80002930023304ECDE9045003221846CDE9AA
:1025B80000382E490396FEF701FA27460125DFF871
:1025C800B090DFF8A8A0E37907379D4231DB94F893
:1025D800705008272846FEF746F9B4F876300322EB
:1025E8000793B4F872302149CDE905530025214BF2
:1025F800CDE90360029328462B46CDE90057FEF744
:10260800DDF994F871804046FEF72DF9B4F874307E
:102618000322CDE90583184BCDE90360CDE90173A9
:1026280028462B4611490095FEF7C8F908B0BDE8C1
:10263800F08738460BF032FD0023CDE90450032221
:1026480051461846CDE90296CDF804800093FEF76E
:10265800B5F90135B7E700BF500000204EF0030080
:10266800AF040400B304040014D203001CC7030021
:10267800C6040400DB0404001D0504002DE9F04134
:10268800674D8CB0D5F88431996811F001011DD1DE
:1026980040F603400BAAFEF737FE0446002840F038
:1026A800BA800B9CE3681B786BB90DF0A7FD05F1A8
:1026B800D403D3E8AF2F02F00902D3E8EF1FC3E831
:1026C800E02F0028F9D1204618F011FA002141F234
:1026D80003000BAAFEF718FE0446002840F09B8072
:1026E8000B9E0822F1684F48013133F0B5FD3046A2
:1026F80018F0FDF9214641F201000BAAFEF704FE8D
:102708000446002840F087800B98C3685A7885F8FB
:1027180070205A88A5F872201A7985F87120B3F8C4
:102728000720A5F87420B3F80530A5F8763018F01E
:10273800DEF9214641F202000BAAFEF7E5FD044648
:10274800002868D10B9C4022E1683748013133F0FA
:1027580083FD204618F0CBF90DF098FF04460028B9
:1027680059D195F88A3013F020031ED12F4A3049E9
:102778000392304A02920822CDE900320222FEF783
:102788001DF995F87C3013F0400359D12A4A1846B0
:1027980003922A4A264902920822CDE900320122F0
:1027A800FEF70CF96FF0120435E0072140F63340CC
:1027B800FEF76EFD0746002800F04B8107210C301C
:1027C80033F0B8FF21460722064633F050FD452373
:1027D80033700623224674703471394640F633400C
:1027E800F370FEF791FD0446A8B9012140F6314087
:1027F800FEF74EFD0646002800F02B8101210C3023
:1028080033F0A7FF2246314640F63140FEF77CFD03
:1028180004460028B5D020460CB0BDE8F08100BFC2
:1028280050000020C8000020D000002025D203005E
:102838001CC703004805040036D203007A050400CB
:10284800002142F203000BAAFEF75EFD04460028B1
:10285800E1D10B9E0822F168A148013133F0FCFC5C
:10286800304618F044F9214642F202000BAAFEF75E
:102878004BFD04460028CED10B9CE368B3F8012039
:1028880091B241B1D97831B1A5F80C21DA789548DF
:1028980011462CF02BFD204618F029F995F87C609C
:1028A80016F0200618D1022140F66D40FEF7F0FC24
:1028B8000446002800F0CD8002210C3033F03AFFA6
:1028C8000123214603704670324640F66D40FEF7FC
:1028D8001BFD044600289ED195F89C301F0712D591
:1028E800002142F21C000BAAFEF70EFD0446002848
:1028F80091D10B98C368D3F80120D3F80530C5E906
:10290800382318F0F4F895F8D8309E0625D50DF13F
:102918002A010AA8FEF77CFD044600287FF47BAF55
:10292800042142F22400FEF7B3FC0646002800F01A
:10293800908004210C3033F0FDFEBDF8283022468B
:102948000380BDF82A303146438042F22400FEF766
:10295800DBFC044600287FF45EAF95F8D8305C06AF
:1029680010D5002142F22A000BAAFEF7CDFC04463E
:1029780000287FF450AF0B98C3685B7885F8303136
:1029880018F0B5F8082142F20100FEF781FC044670
:1029980000285ED008210C3033F0CCFE95F8D81012
:1029A80040F2022311F0400F08BF032302468807B4
:1029B8004CBF43F02C0043F00C008B0695F8D9303F
:1029C80048BF40F0400013F0090F95F8A23018BF37
:1029D80040F4006003F00603CF0748BF40F0100042
:1029E800062B08BF40F4C0700021FEF753FA2146B9
:1029F800002242F20100FEF787FC044600287FF41B
:102A08000AAF95F87C30B5F80C119E0624D4C9B9E4
:102A180041F205000BAAFEF777FC044600287FF474
:102A2800FAAEB5F80C310B9C4BB9E368B3F801204A
:102A3800A5F80C219A882B4811462CF057FC204603
:102A480018F055F8082140F60140FEF721FC04462D
:102A580098B96FF06804DEE60029F3D1224B012211
:102A68000393224B224902930823CDE9000303462E
:102A7800FDF7A4FF6FF00404CDE608210C3033F015
:102A880059FE95F8D8300246D8071ED44FF00051A9
:102A98001848FEF7FFF92146002240F60140FEF7EC
:102AA80033FC044600287FF4B6AE01460BAA4FF665
:102AB8000140FEF729FC104D10B3104B039502930B
:102AC800082301932346009483E003A1D1E9000180
:102AD800DFE700BFAFF3008090880002008000208D
:102AE80028010020600100203ED20300A205040056
:102AF8001CC703001088000247D20300C905040060
:102B0800DDF82C80A5F2BF36D8F80C400821B4F8BF
:102B180001300395032B9ABF06EB8302D2F8CC232E
:102B28004C4ACDE904234C4B032202930023CDE900
:102B3800003118464949FDF741FFB4F80130B4F8AF
:102B48000320022B59D1032A57D806EB8203D3F866
:102B5800DC33CDE90432424B0822029300233F497B
:102B68001846CDE9003203950322FDF727FF637964
:102B78000827032B9CBF06EB8306D6F8EC234FF0FF
:102B88000006D4F8091088BF324A0891B4F8071033
:102B980030460791A179CDE90352CDE90531314B92
:102BA80003222E490293CDE900673346FDF706FF5D
:102BB800404617F09CFF31464FF602400BAAFEF73D
:102BC800A3FB0446D8B1284B0395CDE901733346DE
:102BD8000096022218462149FDF7F0FE0CF0EEFBA4
:102BE800044600287FF417AE0FF052FB0446002875
:102BF8007FF411AEFFF7BCFC0DE6164BA9E7DDF834
:102C08002C801A4ED8F80C100222013106F1C100AE
:102C180033F022FB404617F06AFF96F8C1305B0795
:102C2800DCD521464FF603400BAAFEF76DFB20B119
:102C38000F4B0395CDE9017344E701220B9C06F184
:102C4800C000E168114433F007FB204617F04FFF3E
:102C5800C4E700BFBCFE0300F10504001CC7030065
:102C68000E0604002A0604005B060400500000203B
:102C78008806040010B5FFF701FD044BD3F89C311A
:102C880013B1BDE81040184710BD00BFF829002057
:102C9800F0B53E4E0746D6F8843189B083B93C4A30
:102CA800184603923B4A3C4902920822CDE9003279
:102CB8000122FDF783FE6FF01205284609B0F0BD2A
:102CC8006FF0020106F1D400FEF7DCF80121FDF7F0
:102CD80053FE10EA010455D1304DC5F89C710A46DF
:102CE80006F59C702CF002FB06F5B2702CF0DBF9AF
:102CF80000220023CDE906236FF008034FF4806219
:102D0800CDE90243CDE90044254B2649049405F555
:102D1800D0702BF045FE244905F5D0702BF06AFDE4
:102D280005F108002CF08CFE6FF007034FF4966253
:102D38001E49009405F108002CF089FE1C4905F194
:102D480008002BF057FDD6F88431DB689847054614
:102D580070B10F4B04900393164B01220293082382
:102D68002046CDE900430C492346FDF727FEA4E79A
:102D78001FB909B0BDE8F04080E406F1C4002CF0AA
:102D8800FEFD9AE76FF0770597E700BF5000002037
:102D980084D20300B50604001CC70300F8290020EC
:102DA80065220000F8760020D20604004872002050
:102DB800D8060400DE06040070B5354D86B0D5F897
:102DC800843183B9334A18460392334A334902920D
:102DD8000822CDE900320122FDF7F0FD6FF0120460
:102DE800204606B070BD1B69002B4AD0022105F1B0
:102DF800D400FDF7C1FD10EA010645D16FF00401CA
:102E080005F1D400FEF73EF8D5F884311B699847E0
:102E1800044698B11F4B04900393214B304602930C
:102E280008230122CDE900631C493346FDF7C6FD9E
:102E3800042105F1D400FDF79FFDD1E740220146AA
:102E480005F1800033F013FA05F168001549FDF724
:102E580027FD0CF0B1FC0DF063FD0EF071FB0222B2
:102E68002146114833F003FA104808F0A7FA104831
:102E780008F0A4FA6FF0010105F1D400FEF702F89A
:102E8800AEE76FF08504ABE76FF07704A8E700BF03
:102E9800500000208ED20300B50604001CC70300B2
:102EA800FE060400F7E90300F8290020982B00200B
:102EB800002A0020024BD3E8AF0FC0F38000704710
:102EC800240100206FF00B0070470148704700BFD5
:102ED8001F0704000020704708B517F0F7FA18B16B
:102EE800C089003818BF012008BD7FB51B4B0546B7
:102EF80093F89B3013F008030FD1194A1846039230
:102F0800184A194902920822CDE900320222FDF737
:102F180055FD6FF0850004B070BD052142F2140024
:102F2800FEF7B6F90446A8B105210C3033F002FCCF
:102F380029460422064633F08FF90022214642F240
:102F480014002B7903F01F03337104B0BDE87040FF
:102F5800FEF7DAB96FF06800DDE700BF5000002027
:102F680099D20300260704001CC703002DE9F3418A
:102F78000F46D11C8046C9B240F6834014461E460F
:102F8800FEF786F9054610B303210C3033F0D2FB67
:102F980080F800804770847024B12246314603309F
:102FA80033F05AF9294640F6834001AAFEF7ACF9F6
:102FB800044640B90198C3681B78002B18BF6FF00E
:102FC800040417F094FD204602B0BDE8F0816FF0CC
:102FD8006804F8E77FB50BAB059303930A9B0820B9
:102FE80002930023CDE90030184605F0A2FC07B093
:102FF8005DF804FB1FB5084B08220393074B0849EB
:1030080002930023CDE9003218460322FFF7E2FFBE
:1030180005B05DF804FB00BF10E5030090EE030067
:10302800BCC703001FB5084B08220393074B084988
:1030380002930023CDE9003218460322FFF7CAFFA6
:1030480005B05DF804FB00BF1DE50300AAEE030010
:10305800BCC703001FB5084B08220393074B084958
:1030680002930023CDE9003218460322FFF7B2FF8E
:1030780005B05DF804FB00BF32E50300CCEE0300A9
:10308800BCC70300F0B5002408265F4D5F4B9DB018
:103098000293032223462046CDE900465C49039566
:1030A800FFF798FF5B482BF0C1FE012221465A48E2
:1030B8002CF01CF959495A482CF0E1FB59495A4857
:1030C8002CF064FD2246594959482DF035FF5949DD
:1030D8000A23042201F128002BF036FD56482BF074
:1030E800E2FF56482BF0DFFF4FF400725449554871
:1030F8002CF086F954493346402201F500702BF034
:1031080067FA52482DF024FC402100220023504841
:103118002BF00FFA014610B14D482BF014FA4D4C24
:1031280020462AF079FFA0B12769A6683B684FF4CA
:10313800003223F001033B603368002120469847A2
:103148003B68DB074FF00101204654BFF368336941
:103158009847414C20462AF05FFF28B1A368102207
:1031680020461B6808A99847079B0BB908AB07932B
:103178000CAB05934FF48003002408260A2105A808
:10318800069333F0D7FA079B34480593ADF81840F7
:103198000AF06CF831480AF06EF8214602223048ED
:1031A80009F03FFD2E4809F05DFD2E4B20460293A5
:1031B80003222346CDE9004615490395FFF70AFF88
:1031C800294B2046CDE90163042223461049039583
:1031D8000094FFF7FFFE254B01222046CDE901634D
:1031E8000B49234603950094FFF7F4FE0C482CF096
:1031F800C6FB002140F6CD402DF026FA2DF0BAF995
:1032080020461DB0F0BD00BF40E50300E7EE030017
:10321800BCC70300001B00201C1B0020FD2F000062
:103228003C1B00202D300000501B00205D300000AA
:10323800801B0020C01B0020201C0020401C0020F8
:10324800285F0020601C0020801C0020A41E002095
:10325800A016002044C303006CC30300E80200204A
:10326800B41E002021EF030037EF03004EEF0300E8
:10327800002B18BF4FF0FF3070B50E4D9DF8106051
:103288000A44914202D106B1C04370BD11F8013B16
:1032980083EA000404F00F0455F8244084EA10106F
:1032A80080EA131303F00F0355F8233083EA101054
:1032B800E7E700BFC8C80300C04330B50C4D0A4457
:1032C800914201D1C04330BD11F8013B83EA0004AB
:1032D80004F00F0455F8244084EA101080EA131310
:1032E80003F00F0355F8233083EA1010E8E700BF16
:1032F80008C903000A4601460020FFF7DDBF00BFEA
:1033080010B5094C0A44914200D110BD11F8013B97
:1033180058400309E35C0001C0B243401809205C2F
:103328001B01DBB25840EEE745E50300F0B5014468
:10333800054618469DF814608D4200D1F0BD15F879
:10334800013B584008235EB100F001075C1E4008AD
:1033580097B182EA0003D8B22346002CF4D1EBE7F8
:1033680010F0800F4FEA4000C0B203F1FF3318BFDE
:103378005040002BF4D1DFE72346002CE3D1DBE7F4
:103388002DE9F043079D15B91560002012E00324CC
:10339800B5FBF4F404EB4407BD4218BF0134B4F1A3
:1033A800804F09D2A40001348C4200D838B96FF09C
:1033B8000B001460BDE8F0834FF0FF34F7E70446D4
:1033C8000021DFF8B4E0B94203F1030C04F104066C
:1033D8002BD3A942274623D201F1010CAC451F7813
:1033E80028BF002324494FEAA70E38BF5B7811F89D
:1033F8000EE0AC4584F800E001EB131E2EBF3D2320
:103408009B0003F03C034FEA071738BFCB5C07F07B
:1034180030071EF80770A3703D2367703746E370C6
:103428000023381A10603B70AFE71CF8034C1CF8F7
:10343800023C4FEAA4091EF8099024011CF8018CEB
:1034480004F0300406F8049C0EEB131919F8044034
:103458009B0006F8034C03F03C030EEB9814E35C66
:1034680008F03F0806F8023C1EF80830344606F813
:10347800013C03316346A6E755E503004FF0000C15
:103488002DE9F04364466546DDF81CE0DFF820814D
:1034980075451CD3D4BB00201460BDE8F083013609
:1034A800764531D09F5D202FF9D0AEEB0609B9F1F2
:1034B800010FA6EB05050CD00D2F0AD103EB060969
:1034C80099F80190B9F10A0F6ED1751CE0E72E4604
:1034D800E6E70A2FF9D035B93D2F07D10CF1010CD9
:1034E800BCF1020F0ED96FF01500D6E73D06FAD4ED
:1034F800474497F840507F2DF5D03F2D02D8BCF1B6
:10350800000FF0D10134E0E73546C3E7062704F0A1
:103518000706E4087E437C430736A4EB0C0404EB5F
:10352800D60470B18C420CD80027014603263C46CD
:10353800DFF87CE0DFF87C801D449D4205D10C1A41
:10354800A9E76FF00B001460A7E713F8019BA9F136
:103558000A0C5FFA8CFCBCF1160F04D848FA0CFC74
:103568001CF0010FE9D0F14499F840C00134BCF1D6
:10357800400F08BF013E0CF03F0C042C4CEA8717A3
:10358800DBD17EB13C0C012E0C7002D1013100243C
:10359800D3E7022E4FEA17244C7016BF8F70023102
:1035A8000331F4E73446C8E7002DA1D09BE700BFFC
:1035B80055E50300F6FFBFFF7FB50BAB05930393FB
:1035C800064B082202930023CDE900321846022256
:1035D80005F0AFF907B05DF804FB00BF6AEF030020
:1035E8002DE9F04F91B0009302F004030293C2F367
:1035F800C2030133840705460E46DDF8689003923E
:10360800059340F0BB81041D30B1072909D86FF03C
:103618001B0011B0BDE8F08F01F00706341DC6F19C
:103628000806009B4FF000084FF0040A591E4FF09F
:10363800FF3347460193C3465346CDF810800DB17A
:10364800009A22600598002800F3E8809848009ABC
:10365800824203D397488242C0F0E080039AA4EBE9
:10366800050E92074FEA9E0000F103810F2F00F22A
:10367800B180002D00F0058107F140020DEB020C2E
:10368800019A0CF8200C0CF8102C049801300490C6
:10369800E7E07A285DD84B280ED8472859D829283A
:1036A8002DD8252852D054D820287AD02338D0F1C4
:1036B800000B4BEB000B74E04C382E2849D8DFE8A0
:1036C80000F07048484848484848484848484B48E7
:1036D8004848484848484859484B4B595959704BED
:1036E8006D487048184B184848827F4B48484B48EB
:1036F8007F0000204FF0000B4FF0040A38E0012251
:103708002A38C0B202FA00F010EA0E0F49D110F0C0
:10371800625C2FD110EA020B43D06046013C54444E
:10372800B4FBFAF40AFB04F4002D61D0A3EB050CFA
:10373800A444B4453FF66BAF002868D1042B47D1A9
:1037480059F8043B2360042304342AE0019A013A1F
:1037580001924FF0000B24E011F8010C6C2834D1D1
:10376800002011F8023C83466C2BC5D14FF0080AA3
:103778005346D3E709F1070929F00709073424F06C
:103788000704F9E802AB35B106982044B0423FF689
:103798003EAFC4E900AB4FF0000B08344FF0080A05
:1037A800534611F8010F002878D0BBF1000F7FF4C1
:1037B80070AF2528F5D14FF0010B019B0133019320
:1037C8004FF0040AECE7584694E700208346A5E743
:1037D800082B02D06FF015001BE709F1070929F043
:1037E8000709F9E80223C4E9002308230834D8E7C5
:1037F80068B9042B02D109F10409A4E7082BE9D11F
:1038080009F1070929F0070909F10809EDE7059AFF
:10381800013A059259F8042B009210E7039A900791
:1038280020D54FF0010CA4EB050E4FEA9E00BEF523
:10383800007FCFD20F2FCDD8F5B107F140020DEBA5
:10384800020E019AC0B20EF8200C0EF8102CBCF132
:10385800000F3FF41AAF60F07F000EF8200C08F15B
:1038680001080137C5F108024FF6DA7E04340692E2
:1038780097E74FF0000CDAE7BCF1000F01D00136F2
:10388800EFE7029802360028EBD10098CDE906311F
:1038980032F052FCDDE906310644E2E7631BB3F57A
:1038A800806F97D245B9A6F10804E018B1E600BFC9
:1038B800FCC10300A4350400029A9B0828602B7001
:1038C8009DF81030C2B1EB7085F80280B8F1000F96
:1038D80005D0002208A8C5F1010C97420ED14FF07F
:1038E800000AC5F101030DF1200901930DF1300B18
:1038F800574512D1601B8CE66B70E5E710F8013B69
:10390800190608D504EB0C0EB64503F07F033FF605
:103918007EAE04F8013B0132DFE7B8F1000F03D0B7
:1039280099F90020002A17DB029BD3B11AF80B2063
:1039380004F8012B0022019B98182044B0423FF65E
:1039480066AE99F80000009904F8010B204603922E
:1039580032F082FC039A14440AF1010A09F10109C0
:10396800C6E799F8002055F822300093029B00988A
:1039780045F8223032F0E0FB421CDCE76FF00D0026
:1039880047E608B410B585B007AC54F8043B00947A
:103998000394FFF725FE05B0BDE8104001B070475D
:1039A8002DE9F04706460D46174698462BB34FF0CB
:1039B800000A98F8004093F80190DB78A40004EB23
:1039C800430498F802301C444444CA4509D3394694
:1039D8003046AC46D8F8042008F10803BDE8F047A3
:1039E800604714F8013B0AF1010A204648F82340D1
:1039F80032F0A2FB01300444E7E76FF01500BDE8A0
:103A0800F08770B5002502462846144614F8013B95
:103A18000BB9184609E098B18D4207D1702B04D034
:103A2800A3F140023A2A0BD8002070BDA3F140064A
:103A38003A2E05D853780135941C002BE9D0002084
:103A4800252B224608BF80F00100DEE72DE9F04F64
:103A580099B0DDF888A00893CAF3C00304468946E4
:103A68000692099349B903784678807800EB830079
:103A780020444E4517D8A0EB040994F802B0E37827
:103A88005F46BBF1000F02D01AF0010F14D13BBB07
:103A9800069B1BB149462046089A98474E46304631
:103AA80019B0BDE8F08F451C284632F045FB0130BF
:103AB800284409F10109DCE7626825780792069A2B
:103AC800A9000A9104EB8505002A40F0F280A84677
:103AD80000274E460BEB0509C84547D15D4411E068
:103AE8001AF0020FD4D02578AA000A92626804EB73
:103AF80085050792069A002A71D14E46BBF1000F40
:103B080048D15F461AF0050F0CBF4FF0020B4FF07B
:103B1800010B05EB43090AF0020306934D45BED09D
:103B280015F8021B15F8013C54F82380A04B984562
:103B380002D3A04B984533D3099B002B3DD007985F
:103B4800FFF75FFF002838D0079B082204939A4BA1
:103B580005910393994B9A4902930023CDE90032CA
:103B680018460222FFF728FD023ED7E718F8012B76
:103B7800069354F8220032F0DFFA239A069B0130AC
:103B880032B1249A97423EBF239A22F81700013790
:103B98000644A1E71AF004071CBF069F5D44B1E77D
:103BA800099B23B10798FFF72CFF0028CCD11AF006
:103BB800010F05D1A6EB0B06B0E7069B002BADD095
:103BC800404632F0B9FA239B3BB1249B9F423FBF4A
:103BD800239A431C22F81730013706449EE7BBF1AD
:103BE800000F6AD01AF004076AD0D846002714A834
:103BF8005A4629460B9332F02FFB0B9B5D445A0023
:103C080005EB43030B930AF002030C920D930B9BF5
:103C18009D4257D123781AF0020F0793637818BF93
:103C2800002103EB070208BF4FEA58011AF0010F01
:103C3800D2B240F090801AF0040F14BF4046002022
:103C480094F802A0E57809936270A070E1702046AC
:103C5800089A0A99069B9847061EFFF620AF079B0D
:103C6800E5702370099B41466370089A069B84F8A7
:103C780002A014A89847051EC0F295800A9BA9EBDC
:103C88000B01C91A0C9B089AC91A0B98069B9847EE
:103C98000028C0F28A804FF0000835442E180DF134
:103CA800400B474559D80021089A0846069B984773
:103CB800F5E64FF0000810A89AE7D8465F469DE75A
:103CC800B8469BE715F8021B394A15F8016C54F8F9
:103CD8002630934202D3374A934219D3099B23B122
:103CE8000798FFF78EFE002891D10D9BDBB908F1EC
:103CF80060026A4408F1010302F8101C18AA08F1CE
:103D0800020852FA83F35FFA88F803F8106C7EE72A
:103D1800099B2BB10798FFF774FE00287FF477AF53
:103D28001AF0010F08D007F160027B1C0DEB0207A7
:103D380007F8206CDFB26AE71AF0040F3FF467AFA8
:103D480008F1600208F101030DEB020808F8106C95
:103D58005FFA83F85BE7002072E718F80B3054F835
:103D680023908DF83F30239BDBB133F818500121A5
:103D7800089A069B0DF13F009847002815DB06447A
:103D880025B9484632F0D8F9451CADB2294648460F
:103D9800089A069B9847002807DB064408F10108A3
:103DA8007FE7239DE3E72E4679E6064677E600BFE0
:103DB800FCC10300A435040015E603006AEF030004
:103DC80064C70300002070472AF05CB908B5FFF704
:103DD800FBFF162303604FF0FF3008BD1F2808B50E
:103DE80006D9FFF7F1FF092303604FF0FF3008BD44
:103DF8003822054B02FB00300830D0E8AF3F002BDB
:103E0800EFD00020F3E700BFEC0200200CB403461B
:103E180007B504AA084652F8041BDB6801929847C4
:103E280003B05DF804EB02B07047002070472BF038
:103E380089B838230D4930B503FB00130833D3E89C
:103E4800AF2F92B1541ED3E8EF5F954204D1C3E877
:103E5800EC4FBCF1000FF6D1F1D1012A05D138237E
:103E6800584300230A180B50536030BDEC02002061
:103E780070B504460D461646FFF7B0FF00280ADB6A
:103E8800084A55B1382303FB04235B68AB4204D0CE
:103E9800FFF79AFF0660002070BD38235C43105975
:103EA800FAE700BFEC020020F8B51E46154B17468E
:103EB80000241D461A68904202D15A6891420AD0DD
:103EC8000134202C03F13803F4D1FFF77DFF1723C9
:103ED8004FF0FF3403602046FFF780FF00280EDB19
:103EE80027B1382101FB04510C3139600EB901208A
:103EF800F8BD382303FB045528353560F7E7002063
:103F0800F6E700BFEC02002070B504460E461546E1
:103F1800FFF764FF00280DDB38236343064AD118F6
:103F28004968316015B10C3313442B6038235C4366
:103F3800105970BD0020FCE7EC02002070B5002588
:103F48004FF0FF334FF0FF3217482AF07FFF174B2F
:103F5800D3E8AF2F7AB10135202D03F13803F7D11B
:103F6800FFF732FF17234FF0FF3503600E48FFF7C6
:103F78005EFF284670BD38246C43D3E8EF0F01304C
:103F8800C3E8E10F0029F8D1094E331932515A60BC
:103F980004F10C0030442AF049FF04F128003044B1
:103FA8002CF0D6FCE2E700BFF4160020F402002053
:103FB800EC02002010B40446104638225443074B44
:103FC8001A191951506038B1C2682AB10C34234407
:103FD80040F2051210BC19E710BC7047EC02002033
:103FE80027E770B505460E46FFF7A8FF041E03DB5A
:103FF80032462946FFF7DEFF204670BD2DE9F04125
:1040080004460F469046FFF7E9FE00281ADB3823DE
:104018005C430E4E04F10C0535444FF0FF324FF06F
:10402800FF3328462AF012FF33195B68305942469D
:1040380039461B68984704462846FFF7F8FE20468D
:10404800BDE8F0814FF0FF34F9E700BFEC02002033
:104058002DE9F04104460F469046FFF7BFFE0028C1
:104068001ADB38235C430E4E04F10C0535444FF03F
:10407800FF324FF0FF3328462AF0E8FE33195B6819
:104088003059424639465B68984704462846FFF748
:10409800CEFE2046BDE8F0814FF0FF34F9E700BFBF
:1040A800EC020020F8B50546FFF798FE00281ADB59
:1040B80038246C430D4F04F10C063E444FF0FF3298
:1040C8004FF0FF3330462AF0C1FE3B195B68385980
:1040D8009B68984704463046FFF7A9FE2846FFF735
:1040E800A8FE2046F8BD4FF0FF34FAE7EC020020A6
:1040F80010B50446FFF772FE00280BDB382202FBDE
:1041080004F0064B4FF480721C1819586068BDE81B
:1041180010407BE64FF0FF3010BD00BFEC020020DE
:1041280073B504460D461646FFF758FE00280EDB09
:10413800382303FB04F0074900960C182B4609584E
:1041480040F201126068FFF761FE02B070BD4FF0E7
:10415800FF30FAE7EC0200200EB417B50446FFF76B
:104168003DFE002810DB382101FB04F0084B06AAAD
:10417800191849681858CC6805990192A04703B0E6
:10418800BDE8104003B070474FF0FF30F7E700BFBD
:10419800EC0200200EB433B5059D0446FFF71EFE61
:1041A800002804DB55B9FFF70FFE162303604FF014
:1041B800FF3002B0BDE8304003B07047382101FB42
:1041C80004F0054B06AA191849681858CC682946FE
:1041D8000192A047EDE700BFEC02002000207047E5
:1041E80030B58A680C68551C14B14B68934201DCE1
:1041F8008D6030BD013B934208BF00228D600CBF2B
:10420800E254A054F5E7014B18607047EC09002010
:10421800014B1868704700BFEC09002004F020B972
:1042280070B50446044E4518AC4200D170BD3368E1
:1042380014F8010B9847F7E7EC0900200FB407B50D
:1042480004A951F8040B019104F00AF903B05DF8D0
:1042580004EB04B0704730B5002587B0CDE9030101
:104268000446009503A90548059500F034FEDDE9EC
:1042780004309842B8BF255407B030BDE94100006A
:104288000CB407B504AB53F8042B0193FFF7E3FF15
:1042980003B05DF804EB02B0704700BF836800EB21
:1042A800C101B3F5004F2CBF51F8220031F81200BC
:1042B8007047012208B5FFF7F1FFD04008BD8368B9
:1042C80000EBC101B3F5004F08D34B681AB143F0B6
:1042D80001034B60704723F00103FAE74B881AB1DA
:1042E80043F001034B80704723F00103FAE710B550
:1042F8000C46FFF7DEFF204410BD08B58368B3F510
:10430800004F05D3FFF7D5FF431E5842584108BD5B
:104318000020FCE710B5084908480B684C6858436A
:10432800074A02FB0400A3FB0232064C1B1940EBB0
:104338000200C1E9003010BD00000020E62EBB27B6
:10434800FDB0B0872DF304B570B50D4600210646C3
:10435800FFF7CDFFA8420BD8B468A54208D229467A
:104368003046FFF7A6FF844294BF0020012070BDAD
:104378000020FCE7B0F5004F34BF04230823481C95
:104388000833A0EBD300B0FA80F0C0F11F007047EB
:10439800F8B504460D46FFF78CFF78B3A3682844A8
:1043A800984255D829462046FFF7CEFF30B3002261
:1043B80029462046FFF772FF2F1A39462046FFF795
:1043C80096FF854244D129462046FFF790FF0022F8
:1043D800064601462046FFF761FF301A854239D16B
:1043E800012229462046FFF759FFC30707D529466A
:1043F8002046FFF782FF80F00100C0B2F8BD3946C1
:104408002046FFF74BFF10F00100F7D03146204659
:10441800FFF744FF10F00100F0D029462046FFF7CF
:104428006CFF0028EAD1294602222046FFF736FF12
:1044380001462046FFF788FF0028DFD0294620469E
:104448000322FFF72BFF01462046BDE8F8407BE733
:104458000020D3E71046D1E72DE9F843046800218E
:104468002046FFF744FF0546A668AE4226D82AD163
:10447800002704F11008A1680846FFF77BFFB8423F
:104488002ADA00212046FFF732FF00260546A368F6
:10449800AB424FD817D1002604F10C08A168084692
:1044A800FFF768FFB04269DA00212046FFF71FFFD7
:1044B800A368054683427AD8012005E029462046AC
:1044C800FFF766FF10B90020BDE8F88329462046AB
:1044D800FFF70DFF0546C8E7D8F8009000254E46BF
:1044E80016B1ADB14E4513D1B5FA85F5E3686D093E
:1044F800FB4003F0010383F001029542E3D11BB9AD
:10450800D8F80030002BDED1013708F10408B2E7F3
:1045180031462046FFF73CFF0028D4D0012231461F
:104528002046FFF7CCFE154431460322FFF7B6FEBE
:104538000646D5E7012229462046FFF7AFFEC20707
:1045480005D429462046FFF7D8FE0028BBD0002214
:1045580029462046FFF7A2FE281A8642B3D12946EB
:104568002046FFF7CAFE294602462046FFF7A7FE67
:104578002946FFF7BCFE2E46054688E758F8047F13
:104588000FB901368AE73D46012229462046FFF742
:1045980085FEC30797D429462046FFF790FE294693
:1045A8000322FFF77BFE87420546EDD1E9E70122AA
:1045B80029462046FFF772FE02402946204682F02F
:1045C8000102FFF77CFE294670E72DE9F04F00262F
:1045D80087B0149D0493129BCDE90201DB08904635
:1045E800002118222846119F0193344631F03FFEDE
:1045F800B1464FF0640A4FF0004B109B994502D129
:1046080007B0BDE8F08F0CBBFFF784FEB0FA80F26C
:104618000592FFF77FFE4FF0FF33059A043293406F
:1046280020EA0301029B4046059198472B680599AB
:1046380001332B60002841D1D5E904329B1942F19E
:104648000002C5E9043209F10109D6E7019BA3423A
:1046580009D90AFB06F3049AB3FBF2F3139A9A42B8
:1046680021D8FFF757FEFFF755FEB0FBF4F303FB25
:104678001400AA6807EBC003013257F830C0D3F81A
:1046880004E0AA6004F10052013A07EBC20292E882
:10469800030083E8030061464046039B013CA6EB08
:1046A8000E069847C8E7139ABBFBF2F253430593EB
:1046B800FFF730FE059B8342A6D3D4E76B680E4410
:1046C80001336B6007EBC40347F8340059600134C9
:1046D800B2E72DE9F04F89468168044685B008465F
:1046E800FFF748FE461C0A46334621466548FFF751
:1046F800A5FD6548FFF7A2FD00254FF0010B04F169
:104708000C0AB54236DBB9F1000F66D05F48FFF7F7
:1047180095FD0025DFF87891012229462046FFF70C
:10472800BDFDC30757D429462046FFF7E6FD00F133
:104738002D0629462046FFF7BCFD002207462946DC
:104748002046FFF7ABFD2946A5EB00082046FFF7FA
:10475800CEFD3B46CDE90080324629464846FFF764
:104768006DFDA368AB4238D029462046FFF7BFFD50
:104778000546D1E75AF8043F5BB300271946B84607
:10478800204603930291FFF794FD804538BF804689
:10479800029903222046FFF781FD039B01468342CD
:1047A80007F10107ECD1A3680BFA05F2B3F5004F46
:1047B80034BF04230823013A03F10801C3EBC803FB
:1047C800CDE9008302EBD1023B4629463148FFF789
:1047D80035FD013595E72A26ABE700212046FFF78E
:1047E80086FD0026D4F808800546B8F5004F2CBF92
:1047F8004FF008094FF00409374645451ED3B8F570
:10480800004F34BF042208224FF47A7102EBC80229
:10481800BB19D31A500801FB03000A21B0FBF2F0C0
:10482800B0FBF1F201FB12003946CDE90020324617
:104838001948FFF703FD05B0BDE8F08F29460122AE
:104848002046FFF72BFD10F0010F294620460BD01C
:10485800FFF72FFDA6EB090606EBC0062946204602
:10486800FFF745FD0546C8E7FFF747FD0028F5D1E6
:1048780029462046FFF71DFDA7EB090707EBC007F0
:10488800ECE700BF22F003004FF0030024F103001F
:1048980032F103000AF1030060F103000068FFF73A
:1048A80018BF00BF002203680BB9184670478B4237
:1048B80010D10B6842B942680360914200D143604D
:1048C800002301200B60704713604368994208BFBA
:1048D8004260F5E71A461B68E6E7038B13F0070307
:1048E80005D10368002B0CBF002003207047022B62
:1048F80005D1408BB0FA80F0400980007047012B49
:1049080005D10368002B0CBF00200520704700204C
:10491800704710B50C4600B111B96FF0150010BD05
:10492800081D2FF034FF0028F9D1A368032BF6D90E
:10493800F3E72DE9F0410D4607461946281D904634
:104948001E462FF038FF044638B133464246294602
:104958003846A446BDE8F0416047BDE8F0812DE93E
:10496800F047058B04462807904611D4022905F024
:10497800070540F0CD802046FFF7AFFF78B101383A
:10498800218B042811D8DFE800F0C3106D8595004D
:1049980001290CBF45F0100545F02005258388F353
:1049A8001188BFF36F8FBDE8F08701F0070AAA45A9
:1049B80000F0A6800027B9463E46A368002B00F009
:1049C800BD8041F00801218388F31188BFF36F8F00
:1049D800A168002900F0BB800D68002900F0B780AD
:1049E800334652462046D1F80480C047002D76D081
:1049F8002B6829461D46F0E701F007035A1F012AD4
:104A08001BD8002221F00701062B276889B2C4E9C8
:104A1800002209D13B4603E0628B013262831B68A6
:104A2800002BF9D141F0020120462183FFF755FF01
:104A380000287BD041F0200177E0042B0AD121F037
:104A4800070189B220462183FFF747FF10B141F0E3
:104A580020012183218B01F0070AAA4550D00027A5
:104A6800B946AAE7236921F0070141F00601062D9E
:104A7800D3F8009021832DD1B9F1000F40D041F037
:104A88000801218388F31188BFF36F8F20463A49C4
:104A9800C84729E021F00701236941F0040189B2E0
:104AA800042DD3F804902183E6D000274FF0040AA0
:104AB8003E4682E721F00701236941F0050189B2EA
:104AC800052DD3F808902183D6D000274FF0050A8A
:104AD8003E4672E700274FF0060A3E466DE72B4632
:104AE80087E7B9F1000FD1D14FF02003EFF3118818
:104AF80083F31288BFF36F8F238B23F0080323837C
:104B0800258BEA062ED525F01003238305F007052B
:104B18006669218B002EBFF66FAF00232768C4E9B2
:104B2800003321F0070141F001012183218B4FF06F
:104B3800000901F0070AAA457FF43FAF002F9BD078
:104B480041F00801218388F31188BFF36F8F002F8C
:104B5800C7D03D683946334652462046FFF7E9FE3E
:104B68002F46F4E7AB067FF51AAF25F02003238321
:104B780005F00705FFE600BF854B000010B44FF0B5
:104B88002004EFF3118284F31288BFF36F8F416121
:104B980010BC0121E3E638B50C46054658B151B1C1
:104BA8000B6843B14B6833B11C22002131F05FFB25
:104BB80000202C6138BD6FF01500FBE770B5054685
:104BC8000E46FFF7A6FE041E15DB4FF02003EFF399
:104BD800118283F31288BFF36F8F4FF6FF716B8BCF
:104BE8002C8B8B4204F0070407D182F31188BFF3A2
:104BF8006F8F6FF00A04204670BD022C0CD1013370
:104C08006B8382F31188BFF36F8F002322463146EE
:104C18002846FFF78EFEEEE7062C14D8DFE804F0EE
:104C280004131313041A0400002333606B683BB9A0
:104C3800C5E90066ACB902212846FFF790FEDAE71D
:104C48001E606E60F6E782F31188BFF36F8F6FF016
:104C58000404D0E782F31188BFF36F8F6FF08504E7
:104C6800C9E782F31188BFF36F8FC4E710B54FF01F
:104C78002003EFF3118283F31288BFF36F8F048B45
:104C880004F00704022C0AD0012C0CBF6FF00400BA
:104C98006FF0850082F31188BFF36F8F08E0438BB4
:104CA800013B9BB2438323B92146FFF758FE2046B8
:104CB80010BD2046EEE770B505460E46FFF729FE03
:104CC800041E1BDB2B699B6823B34FF02003EFF313
:104CD800118283F31288BFF36F8F2C8BE30712D5F1
:104CE800002333606B685BB9C5E9006604F007040C
:104CF800052C0AD002212846FFF731FE204670BD58
:104D08001E606E60F2E76FF0770482F31188BFF3DC
:104D18006F8FF3E76FF08504F0E738B5B0B1A9B14C
:104D28004FF02002EFF3118582F31288BFF36F8FE3
:104D3800048BFFF7B7FD30B104F0070085F3118845
:104D4800BFF36F8F38BD6FF07700F7E76FF015008E
:104D5800F8E7C8B1C1B14B68B3B14FF02003EFF326
:104D6800118283F31288BFF36F8F00230B60C3682F
:104D78003BB9C0E9021182F31188BFF36F8F00209D
:104D880070471960C160F6E76FF01500704710B5FD
:104D9800A8B1A1B14FF02003EFF3118483F3128877
:104DA800BFF36F8F0830FFF77DFD002814BF002088
:104DB8006FF0150084F31188BFF36F8F10BD6FF08B
:104DC8001500FBE74FF02002EFF3118382F31288FE
:104DD800BFF36F8F0B600068704738B504680D46E5
:104DE800002CBCBF00240460002B11469DF8102045
:104DF80010DB046862B101340222046085F3118873
:104E0800BFF36F8F11B10020FFF793FD204638BD27
:104E1800013CF1E71C460122EFE700BF2DE9F84FFE
:104E28009A46D37880466F2B0F461546A3F1410B5F
:104E380029D024D8582B0CBF10260A26DDF8289034
:104E480032460023404639462EF0AEF9092AD4B23C
:104E58001ED83034B045E4B277F1000709F8014DA7
:104E680001D3D14511D82B789B0605D5082E15D12D
:104E7800AB7843F00803AB704846BDE8F88F03F001
:104E8800F703702BD7E70826D8E780460F46D7E701
:104E9800BBF1190F94BF37345734DBE7102EEBD131
:104EA800AB7843F01003E6E72DE9F0410746884662
:104EB80015461E461446B44205D30EB1601B08E0E1
:104EC8002378002BFAD0414614F8010BB847002884
:104ED800F1DABDE8F0812DE9F04F81468B4617469F
:104EE8001C46002595B0387808B9284656E37B1C3F
:104EF8002528039306D05946C8470028C0F24E8398
:104F08000135FBE1182200210EA831F0B0F97B78B9
:104F1800252B7DD0002398469E469C461E46781C2D
:104F2800014610F8012B2B2A00F0A18000F298808E
:104F3800202A00F09F80232A00F09F802BB19DF843
:104F4800403043F040038DF84030B8F1000F05D0F1
:104F58009DF8403043F020038DF84030BEF1000F3B
:104F680005D09DF8403043F010038DF84030BCF177
:104F7800000F05D09DF8403043F008038DF840300D
:104F88002EB19DF8403043F004038DF840309DF871
:104F9800403003F04400442803D16FF386138DF8A2
:104FA80040309DF840302A2A43F080038DF8403085
:104FB8007FD19DF841204B1C42F001028DF8412021
:104FC8001A782E2A0CBF012100219DF8412061F397
:104FD80041028DF8412078D15A782A2A6ED00022D1
:104FE8004FF00A0C0133194611F8010BA0F13006F5
:104FF800092E40F295809DF840101292C1F34000AE
:1050080040EAD2700A4660F341028DF840205CE025
:10501800BA1C03928DF843309DF84130DA0740F10D
:105028002E8154F8048BB8F1000F07DA9DF8402060
:10503800C8F1000842F004028DF840205E0740F1F4
:10504800278154F804ABBAF1000F80F226819DF84D
:1050580041306FF341038DF841304FF0FF3A1CE1C6
:105068002D2A0DD0302A7FF469AF012358E74FF07D
:10507800010C55E74FF0010E52E74FF001084FE7DA
:1050880001264DE703460EFB0262303A184610F837
:10509800016BA6F1300CBCF1090FF3D999428FD0FE
:1050A8009DF840101192D20F62F341018DF8401023
:1050B80086E70B4600224FF00A0EE7E79DF84120ED
:1050C800023342F004028DF841201A786C2A47D046
:1050D8002BD8682A31D06A2A4BD04C2A51D01A468C
:1050E80012F8013B782B03928DF843309DF841204C
:1050F80000F2BE806D2B51D8692B00F2B980572B76
:1051080067D8412B03D0453B022B00F2B180042223
:105118009DF8423062F302038DF84230012373E0B8
:105128000CFB02020B46303A5DE7742A25D07A2A36
:10513800D5D106219DF841200CE05A78682A9DF8BF
:10514800412006D1012161F3C6028DF841200233C6
:10515800C5E7022161F3C6028DF841200133BEE79D
:105168005A786C2A9DF8412001D10421EBE70321EC
:10517800F0E705219DF84120ECE707219DF8412043
:10518800E8E7BDF8402022F4F04222F0020242F49F
:10519800804242F00202ADF84020DFE76E3BD9B210
:1051A80001238B4040F282410B4237D113F0240F88
:1051B80051D1D8075CD503219DF8423061F3020331
:1051C8008DF8423002F07803A3F140014B424B4185
:1051D8001AE00120A3F15801C9B200FA01F111F453
:1051E800624F94D140F6010631421DD111F4043FBB
:1051F8003ED09DF8423060F3020302F07802402A64
:105208008DF8423034D000239DF84020C2F340018D
:105218000B4363F341028DF84020FDE602219DF81F
:10522800423061F30203E8E702209DF8421002F0E1
:10523800780260F30201402A8DF8421002BF9DF8FF
:10524800401041F001018DF84010632BDBD1131E93
:1052580018BF0123D8E703219DF8423012F0780FD8
:1052680061F302038DF8423014BF01230023CBE71A
:105278009DF8403043F001038DF84030C3E79DF9B5
:105288004020002AACBF4FF0FF38DDF84480D5E657
:1052980098077FF5E2AEDDF848A00023CDE9113389
:1052A8009DF842309DF8411003F00703012BC1F32C
:1052B800C30133D1CB1E042B04D8DFE803F0214609
:1052C80046212100236801294FEAE372CDE90E3215
:1052D8001CD19DF93830DA17CDE90E3204349DF827
:1052E800403013F0030650D03A4659464846039BCF
:1052F800FFF7DAFD0028C0F251810544039FF2E56B
:1053080054F8043BDA17CDE90E32E8E70229E5D173
:105318001AB243F3C033CDE90E23DFE7022B24D1C1
:10532800CB1E042B04D8DFE803F01810101818005F
:1053380001294FF0000254F8043B14D00229CDE9AA
:105348000E32CCD19BB20E93C9E7073424F0070480
:10535800F4E80223CDE90E23C1E754F8043B0E9389
:1053680000230F93BBE7DBB2CDE7042B08D107344A
:1053780024F00704D4E900230834CDE90E23AEE76E
:10538800032BACD154F8043BDDE79DF843007828A3
:10539800B4D862281CD825283FF4ADAD5828ADD123
:1053A800DDE90E010DF13603009310AA08ABFFF7F3
:1053B80035FDBAF1000F074680F29880002F9DD086
:1053C8000DF13603D81B002E00F0BF800130BCE081
:1053D8006338152892D801A252F820F0B954000079
:1053E800CB5400000553000005530000055300008E
:1053F80005530000CB54000005530000055300007E
:10540800055300000553000057550000EF540000F5
:105418001555000005530000055300003D540000D9
:1054280005530000EF540000055300000553000029
:10543800EF540000BAF1000F0E9F35DB5146384695
:1054480030F09CFF07EB000A002F3FF457AF00260F
:105458009DF8423013F01002059200F0928002305D
:105468005B06119A48BF129B104448BFC018B8F198
:10547800000F049240F39F809DF84020A8EB00089D
:10548800C2F380035007069300F19580510640F15E
:1054980088803EB159463046C84700287EDB069BC7
:1054A80001351E4630227DE0384630F045FEC9E71A
:1054B8000E9B002601208DF8203008AF0DF1210A3F
:1054C800C6E719075ABFC3F300135E012B26DDE9AF
:1054D8000E23002BBFF664AF524263EB43032D2625
:1054E800CDE90E235CE700265AE700269DF8402008
:1054F8000DF13603DB1B6FF386129A458DF84020B9
:105508007FF65CAFAAEB0303119357E70E9890B3AD
:105518000DF136030093002108AB10AAFFF77EFCBB
:10552800BDF84230BAF1000F03F0EF0343F4F04343
:1055380043F010030746ADF84230D6DA00283FF4AE
:10554800DDAE00260DF13603181A9A4680E70E9B49
:1055580007293FF6D3AEDFE801F00C04060C080873
:105568000C0C1D70CAE61D80C8E6EA17C3E9005294
:10557800C4E61D60C2E62F4F064607F1050A05205E
:1055880066E71A0748BF01306AE710460793069294
:105598005946C847DDE90623002804DA15B0BDE8F6
:1055A800F08F202243461946002903F1FF33ECDC33
:1055B800454498466D1A2EB159463046C8470028CA
:1055C800ECDB01359DF84230DA0601D41B0705D51E
:1055D80059463020C8470028E0DB0135059B33B128
:1055E80059469DF84300C8470028D7DB0135049E7B
:1055F8002E4405E059463020C8470028CEDB013547
:10560800731B002BF6DC53463A4659464846FFF7CB
:105618004BFC0028C2DB0544A844A8EB0503002B7B
:105628007FF76CAE59462020C8470028B6DB013505
:10563800F3E700BFA8F10300A0F13003092B07D955
:1056480040F02000613805288CBF002001207047F9
:1056580001207047D0E902239A4235BF531C013319
:10566800836083602CBF00201078704770B50146B6
:10567800012584682A4E44600846FFF7EBFF30B9DD
:1056880021230B748B684C618B614B6070BD5C2867
:1056980036D10846FFF7DEFF752805DC5B280ADCF3
:1056A8002228E9D02F28E7D021230B748B6800200B
:1056B8004C618B61E9E7A0F15C0305FA03F333421F
:1056C800DAD17528F0D10846FFF7C4FFFFF7B4FF19
:1056D8000028E9D00846FFF7BDFFFFF7ADFF002817
:1056E800E2D00846FFF7B6FFFFF7A6FF0028DBD099
:1056F8000846FFF7AFFFFFF79FFF0028BCD1D3E7AD
:105708002228B9D18B680874013BC1E905438B6035
:105718004B600846FFF79EFF8B680248B5E700BF5D
:1057280041044401D157000010B50446013911F86D
:10573800010F00B910BD2046FFF78CFF0B78984287
:10574800F5D06FF01500F5E738B583680446013BDE
:105758008360FFF77FFF662805460ED074280ED1B8
:105768000A492046FFF7E0FF48B9636808486361C3
:10577800A3682574A361636038BD0649F1E7212356
:105788002374636800206361A368F3E7BDF1030035
:10579800D1570000C2F10300014608B50846FFF7DB
:1057A80059FFA0F13003092BF8D92E28F6D0302262
:1057B8008B680A744A68013BC1E9052301488B607C
:1057C8004B6008BDD1570000014610B50846FFF7E9
:1057D80041FF2D28044639D00DDC222841D02C2841
:1057E8002CD018B3202803D0A4F10903042B0ED819
:1057F8008B684B60EAE76E2835D00CDC662834D01D
:1058080005DC5B281AD05D2818D03A2816D0303C21
:10581800092C24D907E0742827D07328F7DD7B28C2
:105828000CD07D280AD021230B7400E008744B6843
:1058380000204B618B688B614B6006E04B680C481D
:105848004B618B680C748B614B6010BD0846FFF789
:1058580001FF8B683038013B09288B60D7D8054891
:10586800F3E70548F1E70548EFE70548EDE700BF2E
:10587800D1570000A157000075560000D959000003
:10588800515700007B2818D8652809D8332812D822
:105898002F2815D822280CBF00206FF0150070475C
:1058A800084B6638C0B2C34013F0010F14BF002084
:1058B8006FF0150070475B28EDE76FF01500704733
:1058C8000020704701402000F8B5437904465B0882
:1058D8005B2B2AD012D8302B3BD006D8222B08BFFE
:1058E800042018BF6FF0150007E04F3303F07F0363
:1058F800022B8CBF6FF015000820F8BD742B2AD03E
:105908007B2B03D0662B08BF0120EAE700252E4633
:10591800C768AF4215D10120237903F003039840EB
:1059280001383044D8409840E7E7D0E90205FFF74E
:10593800CBFFA388684303F4FE73002BDDD004304B
:10594800DBE7A06800EB0510FFF7BEFF0135064452
:10595800DFE70420D1E70120CFE70D280BD807287F
:1059680015D90838052812D8DFE800F0130F0B11F5
:10597800030D6620704722280CD05C2818BF002031
:1059880070476E207047722070477420704700205F
:10599800704762207047136800200B4413607047FB
:1059A80070B5D2E901639B1B8B420C4615460CD996
:1059B80013680A460146981930F04EFC00206B68BF
:1059C8001C442B686C60185570BD6FF00B00FBE72A
:1059D8000A4910B50446FFF7A7FED4E901230028B9
:1059E800B7BF21216E2121746261A4BF2174626155
:1059F800A3616360B4BF0020014810BDAEF103008D
:105A0800D15700002DE9F3410C4606460121134801
:105A18001546A04700281ADB5C273668B04616F8FA
:105A2800010B38B92A46012123460C4802B0BDE8CB
:105A3800F0411847FFF791FF60B12A4602218DF81F
:105A480005008DF8047001A8A0470028E6D002B030
:105A5800BDE8F0812A4601214046F5E7B2F103008E
:105A680038B504460D462368207C0BB938B90DE0DB
:105A78005F2803D1204698472060F4E75F2304F1AC
:105A8800100207CA85E807000120237438BDF0B565
:105A9800164635781C464B7985B0742D0A9A4FEA1C
:105AA800530301D0662D0BD1742B01D0662B23D163
:105AB800A5F174035D425D4125700020014631E087
:105AC800302D07D1312B2FD172682260B3689B1A11
:105AD8006360F2E7222D09D1322BF5D0222B0BD1AE
:105AE8000022B3681A7073682360E6E75B2D08D15B
:105AF800332B41D05B2B0ED06FF015004FF0FF31E8
:105B080010E09D42F8D1332D36D028D9742DCFD04E
:105B180029D85B2BCAD100922346D1E9021200F0A2
:105B280026F9C11705B0F0BD302BE5D10025B368C3
:105B38001F781D7028F0A6FA05600A22706803A96C
:105B48002FF09CFF2060B3681F7028F09BFA006854
:105B5800002842D028F096FA00684042E1E7302D4C
:105B6800B2D8222DBBE77B2BC6D1D1E9021223463E
:105B780005B0BDE8F04039E000210122736861609A
:105B88002360C6688368B34202D16FF015021AE039
:105B98001D7831B1B5F1220118BF012101338360AD
:105BA800F0E75D2D11D1013AF8D121685B1A013374
:105BB80063600D4B03608368013B836083612368E6
:105BC80043615F2303741046ABE7222D03D05B2D9E
:105BD800E4D10132E2E70121E0E7B268039B9A428F
:105BE80018BF6FF015009CE7D15700002DE9F04F62
:105BF80000240646274691B0CDE9041202930DF120
:105C080020080DF1340941463046FFF729FF0028E6
:105C18007ED09DF820302C2B00F0A0807D2B00F04A
:105C28008580222B74D1099A0A9B41469B1A3046DB
:105C38000B920C93FFF714FF002869D09DF82030D1
:105C48003A2B65D149463046FFF70AFF00285FD056
:105C58009DF83400FFF716FE00286ED058E0BAF819
:105C68000620C5F12000B5F1200107FA00F00392E3
:105C780024FA05F242EA00028B465CBF47FA01F1BA
:105C88000A43C5F12000D20706902ED4BAF80410B2
:105C98000C9AC1F386018A4227D1DAF800100B98D2
:105CA800079330F0B2FA079BF8B9029B514600936C
:105CB8003046DDE9022313444A46FFF7E8FE002890
:105CC80006DA0446C7172046394611B0BDE8F08FFA
:105CD8000123069A03FA0BFB23FA02F24BEA020BA2
:105CE800AB401C434BEA07078DE701350AF1100A60
:105CF8002AE05B2B18D049463046FFF7B1FE002852
:105D080081D09DF834305D2B0BD006D8212BF0D1F3
:105D18006FF015044FF0FF37D5E77B2B04D07D2BB0
:105D2800E9D1013DE7D16EE70135E4E7002398E8C2
:105D3800070089E80700CDE90B339DF834307D2B47
:105D4800C1D00025DDF810A0059A954287D103F04F
:105D5800DF035B2B7FF457AF0125CCE74146304684
:105D6800FFF77EFE0028D3D09DF8203059E72DE9B3
:105D7800F0471D464B790C4603F0FE03B62B4FF057
:105D8800000386B0CF88DDF838A008BF8C68574478
:105D980006463B602046FFF797FD814602FB005808
:105DA800304603A9FFF75CFE18B39DF80C305D2B55
:105DB80009D02C2B25D09DF80C201046FFF762FD4A
:105DC800B8B95D2A03D1002006B0BDE8F087454583
:105DD8001ED06379214603F0FE03B62B08BFAA46FE
:105DE80030462B46CDF800A003AAFFF750FE002945
:105DF80002DA6FF01500E7E73B684D4401333B607A
:105E0800CEE7304603A9FFF72BFE0028D3D1F0E7F1
:105E18006FF01B00D8E730B51D46104B8BB0CDE9AD
:105E280003305F23059008440690694603A814468A
:105E38008DF81C30FFF714FE28B96FF015004FF0ED
:105E4800FF310BB030BD9DF800307B2BF5D12A46D1
:105E580021460E9B03A8FFF7C9FEF2E7D1570000C1
:105E680030B51D46104B8DB0CDE905305F23079046
:105E78000844089002A905A814468DF82430FFF7B5
:105E8800EFFD18B96FF015000DB030BD9DF8083062
:105E98005B2BF7D1E38800952B4405A8D4E90212BF
:105EA800FFF765FFF0E700BFD15700001FB50C4CA6
:105EB8008160C0E9004111445F22C160027401A9F8
:105EC800FFF7CEFD40B19DF804305B2B0CBF0020DE
:105ED8006FF0150004B010BD6FF01500FAE700BFB1
:105EE800D1570000F0B585B00D4601A90446164605
:105EF8001F46FFF7B5FD18B96FF0150005B0F0BDE6
:105F08009DF804305D2B13D02C2B0AD09DF804305B
:105F18007B2BF1D13B46324629462046FFF766FEE9
:105F2800ECE7204601A9FFF79BFD0028EED1E3E747
:105F38000020E3E7024610B54418A24201D1084602
:105F480010BD12F8010BFFF708FD0028F5D001314C
:105F5800F3E72DE9F041D1F800800E4641460546A9
:105F68001746FFF7E7FF804504460BD0B8421CD21E
:105F780000234FF05C082B5431682A182944A942A1
:105F880003D134600020BDE8F08111F8017D384666
:105F9800FFF7E3FC28B102F8010C02F8028C023A80
:105FA800EDE702F8017C013AE9E76FF00B00EAE758
:105FB8002DE9F14F0A9E0546884691460121324651
:105FC8001B481C46984700282FDB0027DFF864A0F1
:105FD800DFF864B0B845324606D101212346174898
:105FE80001B0BDE8F04F184721462846FFF70AFDE3
:105FF80000281ADB324601215046A047002814DB4E
:10600800334622464946284600F01AF800280CDB99
:1060180008F1FF339F4202D301371035DAE73246E1
:1060280001215846A0470028F6DA01B0BDE8F08FF4
:10603800B4F10300B6F10300B8F10300BAF10300AC
:106048002DE9F0411D464379B0F806805B08322BF4
:106058000E46144686B001EB080752D00AD8302BFA
:1060680036D0312B48D0222B23D06FF0150006B044
:10607800BDE8F081742B04D00ED85B2B20D0662BA2
:10608800F3D116F808302A4683B10421254823465F
:1060980006B0BDE8F04118477B2BE6D100951346C2
:1060A800D0E902013A46FFF783FFE0E705211E48E1
:1060B800EDE72A462146384606B0BDE8F041A1E49E
:1060C8000095134680680A46394600F033F8CEE753
:1060D80051F808300C21154A0DEB0100FEF7D0F8F5
:1060E8000028C4DB0B2804DC01462A4603A8A04785
:1060F800BDE76FF00B00BAE72A46796856F8080042
:10610800C5E72A4601210A48A0470028AFDB2A46EE
:10611800796856F80800A0470028A8DB2A4601211C
:106128000348B4E7BCF10300C1F10300B023040045
:10613800B2F103002DE9F14F0A9F1D46C3880446BA
:1061480052F803A00E463A4601211A48A8470028EB
:106158002CDB63794FF0000803F0FE03B62B08BF71
:10616800A4680AF1FF3B2046FFF7AEFB8146D04505
:1061780007D13A4601212B460F4801B0BDE8F04F40
:106188001847E1883B462A462046711AFFF758FF10
:1061980000280BDBC34503D84E4408F10108E6E7A5
:1061A8003A4601210548A8470028F5DA01B0BDE8BC
:1061B800F08F00BFC7F10300B1040400B8F1030079
:1061C80013B5C4880093806813460A462144FFF734
:1061D800B1FF02B010BD10B5002486B0CDE903347C
:1061E800089B059303AB0093024BFFF7E1FE06B053
:1061F80010BD00BFA95900001FB500240393CDE9C5
:10620800012401AB024AFFF7DBFF04B010BD00BF59
:10621800A95900001FB50023039303AB0093044B57
:10622800FFF7C6FE0028A8BF039805B05DF804FB79
:106238009F590000002307B5054A019301ABFFF7FA
:10624800BFFF0028A8BF019803B05DF804FB00BF9A
:106258009F590000044608B54FF02002EFF3118360
:1062680082F31288BFF36F8F20F08AFF204605F073
:106278005BF80348FDF7E2FF31F0ECFAFCE700BFFA
:10628800C9F10300024B036010230B60704700BF85
:10629800EC1A002000F01F0240090DD001280DD192
:1062A800094B03EB8203D3F8002222F0E04242EAD2
:1062B8000171C3F800127047044BF2E700238032E3
:1062C80053F82230FFDE00BF002884500025845098
:1062D80038B50124134B144DC3F80045022303219C
:1062E800C5F8D0360020FFF7D5FF20460321FFF779
:1062F800D1FFC5F804472146C5F804492120C5F84F
:10630800004BFFF7C7FF21462020FFF7C3FF2146B8
:106318000B20FFF7BFFF21460A20FFF7BBFF002035
:1063280038BD00BF001000500040005007B50DF107
:10633800070021F071FA114B98421CD14FF480628A
:106348000F4B1049C3F8B8254FF40062C3F83C2539
:106358009DF8070021F0FEF90B499DF8070021F090
:10636800F4F901209DF80730984021F0DBF900206E
:1063780003B05DF804FB6FF00B00F9E70000AD0B0C
:1063880000A002502CA0025028A1025038B50523C5
:10639800144C25780135B5FBF3F303EB8303ED1AB1
:1063A80020F0EAFE63782BB104EB85035B68C01A22
:1063B800072815D94FF05023D3F8142142B10022F1
:1063C800C3F81421D3F8143125700DB90123637073
:1063D800257820F0D1FE04EB85046060012038BDEB
:1063E8000020FCE7083A002048B1054B1A68054B25
:1063F800B2FBF3F2044B504343F0010318477047D4
:106408009813002040420F00C0C803007FB50BABB3
:1064180005930393064B082202930023CDE900322B
:106428001846012202F085FA07B05DF804FB00BFA8
:10643800F6F1030070B5049CC4F30726304620F03B
:1064480019FCE5B20146284621F096F90022012000
:10645800074BA40B04F0FC041A51A84021F068F97A
:10646800304620F03BFE2846BDE8704021F040BC95
:1064780080A0025070B588B007A821F033FC2B4BE0
:1064880098424FD120F00AFE041E12DA9DF81C0033
:1064980021F02EFC264B08220393264B2649029313
:1064A80000230494CDE9003218460122FFF7AEFF1D
:1064B80035E040F60703214D8DF81D40AE68ADF874
:1064C8001E307468079B14B96FF05704E2E708217F
:1064D80028461B4AA047041EDCDB3369002BF3D097
:1064E8000122082128469847041ED3DB01209DF885
:1064F8001C30984021F016F99DF81D009DF81C509D
:106508009DF81F6020F0BEFB0146284621F022F9C5
:106518000C4BB60045F000459D51002CBAD12046E1
:1065280008B070BD6FF01204B4E700BF0000AD0BF7
:106538002EE60300F6F1030084C80300A8C3030095
:106548005165000080A102502DE9F341144683688B
:106558001B690BB100229847C4F30726304620F088
:106568009CFB0546304620F08DFB4FF00008E7B253
:106578000146384621F004F9104B220E920043F8E8
:106588000280304620F076FB0D4A4FEA943C0CF02E
:10659800FC0C47F0004342F80C300146384621F025
:1065A800D4F8084B05F13202009330464346019473
:1065B800520020F08FFC02B0BDE8F08180A10250AB
:1065C80080A002503D6400006FF05700704700BF84
:1065D80070B4066884890D0C16FA81F105FB041164
:1065E800006B84682468A44670BC60470B6803F598
:1065F80080330B60C0891A0CB0EB134F04BFA3EBB8
:1066080002430B6070472DE9F04381460E4617465A
:106618001C46436B89B01D686D4205F020051CB906
:10662800204609B0BDE8F083AC42A04628BFA84682
:106638006A46434631464846FFF7CAFF0028F0D16C
:106648004246694638462FF0E0FD20B9A4EB08041D
:1066580046444744E3E70120E3E72DE9F0411C46BF
:10666800436B88B01D6807466D4205F020050E464D
:10667800684611462A462FF0FAFD1CB9204608B094
:10668800BDE8F081AC42A04628BFA8466A4643460A
:1066980031463846FFF7B7FF0028F0D1A4EB0804CD
:1066A8004644EAE738B5828903680D0C090C0446AC
:1066B80002FB0131006B2D0483689B68984750B931
:1066C800626B29462046A3891279FFF7C6FF002886
:1066D80018BF6FF0050038BD014610B50722044603
:1066E800FF20FCF70DFEE07110BD7FB50BAB0593E5
:1066F80003930A9B082002930023CDE90030184633
:1067080002F017F907B05DF804FB0378012B81BF8D
:1067180001F1FF31C9185B4219400846704770B54E
:106728000C4605460821406BFFF7EFFF0722064697
:106738002146FF20FCF7E4FDE379834207D1AA89CB
:106748006388901B83422CBF0020012070BD00206D
:10675800FCE72DE9F7430F4606460821406BFFF793
:10676800D4FF80463C68DFF84890241A3C6004EA6D
:106778000905AC4203D8002003B0BDE8F083082324
:106788006A4621463046FFF723FF0028F4D16946C0
:106798003046FFF7C4FF40B1BDF80230BDF8042011
:1067A80005EA090513441D443C60A4EB0804E0E72E
:1067B8000000FFFF38B505460C46FFF7B0FFA0B153
:1067C800A08898B94FF6FF7322889A420DD1082104
:1067D800686BFFF79AFF6288AB899B1AB3FBF0F2EC
:1067E80002FB1030B0FA80F0400938BD0020FCE709
:1067F800F7B504460D46406B0821FFF786FF0823CE
:10680800074629682046FFF7E3FE0646002836D1EA
:106818002B683B442B60A28999B2D21B91422ED19E
:106828001A0C09BFE289A3F5803102F1FF3203EBAC
:106838000241204608236A462960FFF7C9FEE8B9E5
:10684800636B1A796B4613F8011B8A420CD101302D
:106858000828F8D1636805E02B68BDF802201B0CF6
:106868001B0413442B600AE069462046FFF7A2FF89
:106878000028F1D129462046FFF76BFF064630462F
:1068880003B0F0BD2DE9F043074690461E4689B097
:106898001BB9002009B0BDE8F0833C688389080C67
:1068A80014FA81F100FB03147B6B1D686D423540BF
:1068B8000CD0386B83682146D3F804902B46C84720
:1068C8000028E7D1761BE4D02C44A8443246414640
:1068D80068462FF0C1FC7B6B0DEB06001A6819792E
:1068E800921B2FF0C4FCD7E90C031B688268214671
:1068F80055686A46A847CDE710B50A460823416897
:106908000446FFF7BFFF08210246606BFFF7FDFE54
:1069180063681B1A6360104610BD4FF6FF7313B50A
:1069280000220446ADF800308DF8063083686846CA
:10693800ADF80420ADF80230FFF7CEFE69462046D8
:10694800FFF7DAFF02B010BD2DE9F04F082195B02E
:106958000446406BFFF7D9FE0546636820461B0CCA
:106968001B0403A90393FFF741FEDDF80CB0A689C9
:1069780006AA5E44761B0823314620460496FFF794
:1069880027FE021EC0F2A980636B06AA19790023AC
:1069980012F8010B814240F08F800133082BF7D1A8
:1069A800A36862682B449A427ED259462046FFF774
:1069B80079FE024691E0BDF81A30360C36041E44C2
:1069C800049608AA204604A9DDF810A0FFF710FFD6
:1069D8000246002840F08180204608A9FFF79FFE64
:1069E80018B9019B5345ECD1DAE7636805930AAA05
:1069F800204605A9059EFFF7FBFE024600286CD13C
:106A0800BDF82820BDF820309A4227D06268059B3F
:106A18009A42ECD1B245E4D1BDF82430002BE0D045
:106A2800BDF822704FEA1A431B041F44A36808A844
:106A3800ADF82230FFF750FE636BBDF824901E6856
:106A4800764206F02006B9F1000F0ED1204608A9BB
:106A5800FFF752FF02460028C3D03EE020460AA9AD
:106A6800FFF75DFE0028D1D0D4E74E45B04628BFD9
:106A7800C8460CAA434639462046FFF7A9FD0246F8
:106A880058BB4346A1680CAA2046FFF7FBFE4146C7
:106A98000246606BFFF739FEA3680344A360E2B9BE
:106AA800A9EB08094744CEE72046FFF736FF024620
:106AB80000283FF47AAF10E0731B204606A9019323
:106AC800FFF778FE00287FF476AF204604A9FFF789
:106AD80040FE024600283FF474AF104615B0BDE8EA
:106AE800F08F30B5037C044685B0EBB90F4A1846E1
:106AF80003920F4A0F4902920822CDE9003201227F
:106B0800FFF7F3FD6FF00C0005B030BD29042046F7
:106B1800FFF7C8FD01350028F6D1E289ABB29A42E9
:106B2800F4D800202074EFE70025F6E73DE60300DF
:106B38002BF2030084C703002DE9F04704468EB00A
:106B480000F11407384628F071F9206B8368DB6878
:106B580098470346606348B9984A0392984A029254
:106B68000822CDE900020122964912E0206B8368D1
:106B7800DB6898470368013B1F2B12D98F4B03939F
:106B8800914B02930023082101221846CDE90031D8
:106B98008C49FFF7AAFD6FF0150528460EB0BDE831
:106BA800F087206B21680BAA30F016FB18B1834BD5
:106BB8000393864BE5E7A5892DB10C9BB5FBF3F252
:106BC80003FB12551DB17D4B0393814BD9E7E38934
:106BD800012B08D8794B03937E4B02930823CDE908
:106BE80000532B46BFE7636B069593F804904FF06C
:106BF800FF334FF0FF32384628F028F90821606B40
:106C0800FFF783FDA8460646E3891FFA85FA534530
:106C180008D8E389434523D1384628F093F96FF023
:106C28002C05BAE7A1892B04891B13FA81F14A467E
:106C3800082320460691FFF710FD78B1204606A9E3
:106C4800FFF7D4FC08F1010808234A4620460699B4
:106C58001FFA88F8FFF701FD0028DAD00135D3E7DD
:106C680053450BD1069908234A462046891BFFF74E
:106C7800F4FC18B9204606A9FFF7B8FC204606A977
:106C8800FFF767FD054618B1384628F05BF984E739
:106C9800069B4FEA13484FEA08486360C4F8088027
:106CA800D4E9011399420FD30823204607AAFFF716
:106CB8008FFC05460028E7D107AB13F8012B914557
:106CC80046D10135082DF8D1636820461B0C1B04FA
:106CD80006A90693FFF78AFC4A462046A389069927
:106CE800FFF7BBFC051ECFDB636800F089804FF619
:106CF800FF7906EB0308A3891FFA88F29B1B9A42C7
:106D0800CDF8188040D3344B08220393334B2D49D8
:106D1800029300231846CDE900320322FFF7E5FC71
:106D280020466168FFF7BEFC05460028ACD16368C1
:106D38002B4AA18913400B44A3EB4603636013401D
:106D48002046A360FFF700FE0546002D74D09BE7A0
:106D5800204607A9FFF7E3FC626810B9921B62603E
:106D68009EE7BDF82050BDF81E10606BC4F808807F
:106D78002944FFF7CAFC40449042A060EED1002DA0
:106D8800ECD06FF01C0599E008234146204609AA7B
:106D9800FFF71EFC054600287FF476AF204609A9B8
:106DA800FFF7BDFC40B1BDF824304B4504D1BDF818
:106DB8002830002B00F08880B0449CE747E60300A9
:106DC80043F2030084C7030069F203008AF2030058
:106DD800A6F20300BEF2030051E603002BF3030002
:106DE8000000FFFF4A4620465B1AFFF736FC051EE7
:106DF800FFF64AAF08D0626BA36812681344A36019
:106E0800D4E901318B42EDD86168A38901EB4602D0
:106E18009A429AD1DFF8E480A26801EA08039A420C
:106E280093D02046FFF73EFC054600287FF42CAFA0
:106E3800636803EA0803A360A389A288A3EB460357
:106E48009A4237D0384628F07DF8012300250826D5
:106E58002374A3892A4F0593E38928460493294B71
:106E680003220293CDE900562B4627490397FFF7E3
:106E78003CFC636828469AB21B0CCDE90373234B8C
:106E88000592CDE9016303222B461F490095FFF7C0
:106E98002CFCA36828469AB21B0CCDE903731C4B43
:106EA8000592CDE9016303222B4617490095FFF7A8
:106EB8001CFC72E62046FFF730FD0546384628F0F0
:106EC80041F8002DC1D068E6124B03220393124B00
:106ED8002846029308230C49CDE900532B46FFF7B7
:106EE80004FC636820461B0C1B0406A90693FFF7E5
:106EF8007DFB20460699FFF7D5FB25E70000FFFF3D
:106F080047E60300E5F2030084C7030000F303002B
:106F180016F3030051E6030056F303002DE9F04F82
:106F28001D46037C0446894690468DB08BB9684A55
:106F380018460392674A684902920822CDE900324E
:106F48000122FFF7D2FB6FF00C0630460DB0BDE80A
:106F5800F08F426B08211046FFF7D7FB824629467F
:106F68001046FFF7D2FBA3890746A3EB8A03AB427F
:106F7800C0F0AB801DB1B8F1000F00F0A6806368C7
:106F88000793204608AA07A9DDF81CB0FFF730FCD4
:106F980006460028D9D1BDF820304B4505D0626897
:106FA800079B9A42EDD1E5B9CFE7204608A9FFF73C
:106FB800B6FB0028F3D0BDF82200BDF8243075B127
:106FC800AB420ED14FEA1B41090401442B4642460D
:106FD8002046FFF718FB002803DC0646B5E7002B20
:106FE800B3D0002F3ED104F1140305934FF0FF32C4
:106FF8004FF0FF3304F1140027F028FFDFF8DCB06E
:10700800E3899E425ED0D4E90123F9188A422CD341
:10701800ADF82A30FF230AA88DF82E30ADF8289055
:10702800ADF82C50FFF758FB2B464246A168204686
:10703800FFF728FC29468246606BFFF766FBA268CB
:107048000244A260BAF1000F07D120460AA9FFF74F
:1070580053FC002814BF8246AA46059827F072FF01
:10706800564672E75744BFB2BDE70821606BFFF789
:107078004CFB4FF6FF730021ADF828308DF82E3009
:10708800A389ADF82C10111802EA0B021A44101A41
:1070980060600AA8ADF82A10FFF71EFB0AA920466F
:1070A800FFF72AFC2046211DFFF7A0FA6368204657
:1070B80003EA0B03A360FFF747FC82460028CCD104
:1070C80001369DE76FF01B0AC7E76FF015063CE72E
:1070D8005DE603002BF2030084C703000000FFFFF6
:1070E80000231A46FFF71ABF2DE9F0471E46037C16
:1070F80088B004460F469046BDF8409083B9304AA0
:10710800184603922F4A304902920822CDE90032EC
:107118000122FFF7EAFA6FF00C0008B0BDE8F0872B
:107128000821406BFFF7F1FAA389A3EB4003B342B0
:1071380043D30025D4F804A0CDF814A04D455146FA
:10714800DDF814A009D9636853451ED1BDF818307D
:10715800BB421AD06FF00100DFE7204606AA05A956
:10716800FFF746FB0028D8D1BDF81830BB4206D13E
:10717800204606A9FFF7D3FA08B10135ADB2626817
:10718800059B9A42DAD15146E0E7BDF81C30002B46
:10719800E0D0A945DED8BDF81A00090CB3424FEA81
:1071A800014128BF3346014442462046FFF710FA02
:1071B8000028B2D1BDF81C00AFE76FF01500ACE7AE
:1071C80067E603002BF2030084C7030013B500240D
:1071D8000094FFF789FF02B010BDF0B5037C0446A8
:1071E8008BB07BB9294A18460392294A2949029249
:1071F8000822CDE900320122FFF777FA6FF00C0080
:107208000BB0F0BD0821406BFFF77FFA002306465C
:107218001D46E18901339AB2914232D863680493DA
:10722800204606AA04A9FFF7E3FA0028E8D1636814
:107238000593204608AA05A9FFF7DAFA0028DFD146
:10724800BDF82010BDF81820059B914202D0626855
:107258009A42EED1049F9F420ED1BDF81C305BB11B
:10726800204606A9FFF75BFA30B1BDF81C10606B29
:10727800FFF74BFAAD1B2D1A63689F42D0D1284601
:10728800BEE7A289921B1544C4E700BF75E6030058
:107298002BF2030084C703007FB50BAB0593039360
:1072A8000A9B082202930023CDE9003218460122E6
:1072B80001F03FFB07B05DF804FB1FB5034678B942
:1072C800144A15490392154A02920822CDE9000290
:1072D8000122FFF7E1FF6FF0150005B05DF804FB30
:1072E800836873B90B4A184603920D4A0A490292F9
:1072F8000822CDE900320122FFF7CEFF6FF004002B
:10730800EBE71B681BB105B05DF804EB184718469E
:10731800E3E700BF89E603009CC7030076F3030098
:107328008BF303001FB5034678B9144A1449039236
:10733800144A02920822CDE900020122FFF7ACFFAD
:107348006FF0150005B05DF804FB836873B90B4A4C
:10735800184603920C4A0A4902920822CDE90032E3
:107368000122FFF799FF6FF00400EBE75B681BB1A0
:1073780005B05DF804EB18471846E3E7A3E60300F9
:107388009CC7030076F303008BF3030030B585B088
:1073980008B101B182B9164B08210393154B01229C
:1073A800029300231846CDE900311349FFF774FF13
:1073B8006FF0150005B030BD84680CB1E5687DB983
:1073C8000B4B082203930D4B0B49029300231846DD
:1073D800CDE900320122FFF75FFF6FF00400E9E713
:1073E80041F8040BE36805B0BDE83040184700BF1A
:1073F800BEE60300ADF303009CC703008BF3030054
:107408001FB5044678B91E4B012203931D4B1E4934
:1074180002930823CDE900030346FFF73DFF6FF011
:10742800150004B010BD036873B9154A18460392D5
:10743800164A154902920822CDE900320122FFF7C7
:107448002BFF6FF00100ECE79A680AB112697AB96C
:107458000B4B082203930E4B0B490293002318464B
:10746800CDE900320122FFF717FF6FF00400D8E7DB
:107478004168184690470028D3D12060D1E700BF63
:10748800DCE60300DDF303009CC70300F2F303000E
:107498008BF3030030B51346044685B078B91E4B0C
:1074A800012203931D4B1E4902930823CDE90003D3
:1074B8000346FFF7F1FE6FF0150005B030BD006818
:1074C80070B9154B01220393164B154902930823F3
:1074D800CDE900030346FFF7DFFE6FF00100ECE79C
:1074E80082680AB195687DB90B4B082203930E4B4D
:1074F8000B49029300231846CDE900320122FFF719
:10750800CBFE6FF00400D8E70A46AC46616805B0C8
:10751800BDE83040604700BFFCE60300DDF3030030
:107528009CC70300F2F303008BF303001FB5024668
:1075380080B91F4B012203931E4B1F490293082356
:10754800CDE900030346FFF7A7FE6FF0150005B06D
:107558005DF804FB006870B9154B01220393174BC3
:10756800154902930823CDE900030346FFF794FE6B
:107578006FF00100EBE7836873B90D4A0392104A74
:10758800029208221846CDE900320B490122FFF782
:1075980083FE6FF00400DAE75B691BB9044A0392C3
:1075A800084AEDE7516805B05DF804EB184700BFDD
:1075B8000DE70300DDF303009CC70300F2F30300AB
:1075C8008BF303000FF4030030B51346044685B06F
:1075D80008B101B182B9244B08210393234B01223E
:1075E800029300231846CDE900312149FFF754FEE4
:1075F8006FF0150005B030BD006870B91A4B012254
:1076080003931C4B1A4902930823CDE90003034650
:10761800FFF742FE6FF00100ECE785687DB9124B79
:107628000393154B02930823CDE900532B461846C4
:1076380001220F49FFF730FE6FF00400DAE72A6AEB
:107648000AB1AD6945B9084B082203930B4B029365
:107658000023CDE90032EAE70A46AC46616805B086
:10766800BDE83040604700BF2CE7030031F4030059
:107678009CC70300F2F303008BF303000FF403002D
:107688001FB50A46044600B181B91F4B082203936F
:107698001E4B1F49029300231846CDE900320122F0
:1076A800FFF7FAFD6FF0150004B010BD006870B95F
:1076B800154B01220393174B154902930823CDE973
:1076C80000030346FFF7E8FD6FF00100ECE783686D
:1076D80073B90D4A0392104A029208221846CDE95E
:1076E80000320B490122FFF7D7FD6FF00400DBE7FA
:1076F800DB691BB9044A0392084AEDE7616804B0E4
:10770800BDE81040184700BF46E703005BF40300DC
:107718009CC70300F2F303008BF303000FF403008C
:1077280030B51346044685B078B9234B012203933C
:10773800224B234902930823CDE900030346FFF7B0
:10774800ABFD6FF0150005B030BD006870B91A4B7D
:10775800012203931B4B1A4902930823CDE9000326
:107768000346FFF799FD6FF00100ECE785687DB9E6
:10777800114B0393144B02930823CDE900532B4676
:10778800184601220E49FFF787FD6FF00400DAE77B
:10779800AA690AB12D6A45B9074B082203930B4B16
:1077A80002930023CDE90032EAE70A46AC46616855
:1077B80005B0BDE83040604761E70300DDF3030032
:1077C8009CC70300F2F303008BF303000FF40300DC
:1077D8001FB50A46044678B9214B01220393214B71
:1077E800214902930823CDE900030346FFF754FD1E
:1077F8006FF0150004B010BD006870B9184B012275
:1078080003931A4B184902930823CDE90003034652
:10781800FFF742FD6FF00100ECE7836873B9104A87
:107828000392134A029208220192184601220E4935
:107838000093FFF731FD6FF00400DBE7996A09B1A7
:107848005B6A3BB9064B03930A4B029308230193E7
:107858000023EAE7616804B0BDE81040184700BF9C
:1078680079E70300DDF303009CC70300F2F303008C
:107878008BF303000FF403001FB50A46044678B9DA
:10788800214B01220393214B214902930823CDE97F
:1078980000030346FFF700FD6FF0150004B010BDAC
:1078A800006870B9184B012203931A4B18490293C8
:1078B8000823CDE900030346FFF7EEFC6FF0010053
:1078C800ECE7836873B9104A0392134A02920822BC
:1078D8000192184601220E490093FFF7DDFC6FF074
:1078E8000400DBE7596A09B19B6A3BB9064B03936D
:1078F8000A4B0293082301930023EAE7616804B066
:10790800BDE81040184700BF94E70300DDF303000B
:107918009CC70300F2F303008BF303000FF403008A
:107928000369D3F8E80370476FF08500704708468D
:1079380008B5114618B124F09DF8002008BD6FF075
:107948000100FBE7084608B5114618B124F089F88C
:10795800002008BD6FF00100FBE713B50446084698
:10796800216901F57971D1E8AF1F022909D15BB10D
:1079780068B100931346D0E9091224F09FF802B0C9
:1079880010BD6FF00F00FAE76FF04C00F7E76FF0EB
:107998000100F4E72DE9F8431C46DDE908531646D3
:1079A80098460F46006939B34AB344B36A1C43F199
:1079B8000003022A73F1000324D2226842B1D0F8EE
:1079C800E8339A4204D96FF00B002360BDE8F883CE
:1079D80005EA080909F101035A425A412146384685
:1079E80024F062F888B9B8F1FF3F08BFB5F1FF3F4E
:1079F800F0D06FF06800E9E76FF00100E6E76FF09C
:107A08001500E3E76FF08500E0E730600020DDE770
:107A180024F046B908B50422002102482EF027FCBC
:107A2800002008BD0000072038B50D46044600F1C7
:107A3800400128462EF087FB30B1284604F1B001FA
:107A48002EF081FB20B90120702303FB004038BDD4
:107A58000020FCE702F5307102F5347027F07EBF94
:107A6800D0F82031A0F53070003B18BF012300EB9F
:107A78008300D0F8AC0223F08FBF30B50C460E4916
:107A880085B00291D0F8B4110546CDE9003100F176
:107A9800E0014FF0FF33204624F082F850B901236B
:107AA80084F86430D5F8B03123B1204605B0BDE87C
:107AB8003040184705B030BD197A0000CB6833B1A3
:107AC800C86883681B6813B10022096918477047A2
:107AD80027F038BAD0E8EF3FC0E8E21F002AF9D112
:107AE800704710B5436804691B68C4F8E03304F5AF
:107AF800DC7027F09BF9002104F57970FFF7EAFFA5
:107B0800084610BD38B50C4611460546FFF78CFFF0
:107B1800034638B928460449FFF786FF0346002084
:107B2800236038BD0120FBE74EF003002DE9F34147
:107B380017460D4669B30B785BB3D0F8B840A4F587
:107B4800D27814344FF0FF324FF0FF33204627F03D
:107B58007DF92A46404601A9FFF7D4FF019E26B9C0
:107B6800204602B0BDE8F041B2E750B12046FFF729
:107B7800AFFF3B462A463146404602B0BDE8F041D9
:107B88007BE72022294606F140002EF0A6FA376648
:107B9800E6E702B0BDE8F081030103EB40030933D7
:107BA80023F0030303EBC00348430330083320F0FA
:107BB80003001844400070472DE9F04F0123814627
:107BC8000569466885B005F57977D7E8EF2F002A6B
:107BD80003D1C7E8E13F0029F7D10CBF1A460022BC
:107BE80040F0B180B368B16A05F5EC781C1F104607
:107BF800FFF7D2FF84425FD8013A00F09E80B2FAC4
:107C080082F24FF00044D44072682046073222F0D6
:107C18000302C5F87022B16AFFF7BEFFC5F8740207
:107C2800B36A40466343033323F0030302EB430282
:107C3800230103EB4403093323F0030303EBC403D9
:107C4800C5F868221A440832C5F864227368C5F872
:107C58006C42C5F860323D4BC5E9AD63316800F050
:107C68008AFA044630BBD9F804A0D9F81090DAE9AA
:107C7800073409F5347B012B584608BF103C27F020
:107C8800DFFE0023DAF8240031494FF4806201EB6B
:107C9800802100935846234627F0D9FE09F5307015
:107CA8002C4927F0ECFDDAF8140083685C682CB9DD
:107CB8006FF05704002139E0013298E74B46264A15
:107CC800DAF81810A04704460028F3D1DAF81400AF
:107CD80083681B69002BEBD00122DAF8181098474B
:107CE80004460028E6D11D4B2846C5F8B0311C4B88
:107CF800C5F8B4311B4B0393D5F820320293D5F85D
:107D08001832CDE90083D5F87832B26AD5F8E01395
:107D180000F0BCF904460028CCD105F1E00024F0BD
:107D280018FA0028C5F8E8030ADB02213846FFF7ED
:107D3800D1FE204605B0BDE8F08F6FF00B04B9E71F
:107D48006FF01504B6E76FF07704F2E7C57A000024
:107D580028690020697A00005D7A0000277E00000B
:107D6800597E0000357B00002DE9F84306464FF0A8
:107D780001090569D0F8048005F57977D7E8EF3F60
:107D8800022B03D1C7E8E29F002AF7D141D195F829
:107D98006430002B40D195F8D430002B3CD12846D4
:107DA800D5F8E01300F0AAF9044680BB716836697B
:107DB800486983681B6943B3224689699847044622
:107DC80028BB06F534764946304627F089FE30460A
:107DD80005F5EC7603F0F2FA3046D8F8001000F01A
:107DE8004BFA044698B90146E82230462EF03FFA8D
:107DF80021464FF4EA7228462EF039FA21463846D1
:107E0800FFF768FE2046BDE8F8836FF057040221AB
:107E1800F5E76FF07704F5E76FF00F04F2E713B5B5
:107E2800044640B100230122CDE90032074BD0E9D6
:107E3800091223F0E6FDA36E1B6823B1E06E02B0C1
:107E4800BDE81040184702B010BD00BF4EF0030057
:107E580010B50846029B114652B993F864202AB916
:107E68000122184683F86420FFF7D9FF002010BDCF
:107E78009A6E5468002CF9D0DA6EA047F6E713B56D
:107E880004460846216901F57971D1E8AF1F022936
:107E980010D193B1A0B10121CDE900311346D0E949
:107EA800091223F0AEFD084B984208BF6FF00B0093
:107EB80002B010BD6FF00F00FAE76FF04C00F7E763
:107EC8006FF00100F4E700BF2EF8FFFF2DE9F7433C
:107ED80088461546066906F57973D3E8AF3F022B45
:107EE8005FD1136823B96FF0150003B0BDE8F083C4
:107EF8001B78002BF7D0D6F8E093B9F1000F33D1F7
:107F080006F5DC774FF0FF324FF0FF33384626F0A6
:107F18009DFF30462A6801A9FFF7F4FD019C1CB9B2
:107F28003846FFF7D5FDDEE705F10803A3666B6960
:107F380084F86490E366E46360B13846FFF7C8FDEF
:107F480021463046236E2A68FFF797FD0020C8F8BF
:107F58000040CAE72022296804F140002EF0BDF84D
:107F68003846FFF7B5FDF1E730460F49FFF75CFDEE
:107F780004460028B7D005F1080383666B69C0631F
:107F8800C366002380F864302022296840302EF030
:107F9800A4F822460121304600F05AF80028D5D02E
:107FA800A1E76FF00F00A0E74EF0030010B50C46F4
:107FB800036903F57973D3E8AF3F022B0AD161B1A6
:107FC800084623F06DFE7022002120462EF04FF95E
:107FD800002010BD6FF00F00FBE76FF00100F8E71D
:107FE80023F05EBE2DE9F04F05460E469046002769
:107FF800D0F8B8A085B0AAF5B274214630462EF064
:10800800A2F8E0B9114BA4F1400B0293DAF8103052
:108018003246CDE9008329464FF0FF335846AAF58A
:10802800D27923F0BDFD60B97023012203FB0793C9
:1080380083F86420DAF80C300BB15846984770344E
:1080480017B105B0BDE8F08F0127D6E7E97F00003A
:108058001FB5144690B18AB1012912D10A4B00F11B
:10806800E0010293D0F8B431403201934FF0FF336E
:108078002046009323F094FD04B010BD6FF0150066
:10808800FAE70020F8E700BFE97F00002DE9F04398
:1080980087B00E46DDE90E811446DDE910251F463E
:1080A80030B329B3DFF850C000F1E009002D08BF54
:1080B80065469EB9CDE9034400F5D274204605967D
:1080C80024F040F803ABCDE900432A463B4641463D
:1080D800484624F065F807B0BDE8F0830022414621
:1080E8000E9248462A4607B0BDE8F04324F084B90A
:1080F8006FF01500EFE700BFED7F000038B50D46C3
:10810800044660B1E03024F08DF90DB1002038BD8F
:108118000C22294604F5D2702EF0A9F8F6E76FF084
:108128001500F4E70268D2F8E03013B1D2F8DC1099
:10813800184770477047836913B9D0F888301970A9
:108148007047012070478369012B04D1D0F888302B
:108158001878C0B270470420704738B5C40034346A
:10816800204629F0DBFD054618B1224600212EF0F5
:108178007EF8284638BDF0B50E46044689B000287A
:108188006FD001230246C3630023D0F89810364FFE
:10819800403040F80C7C42F8301FCDE901334FF0F5
:1081A800FF330093C36D2FF0AAF8304A06AB92E86C
:1081B800030083E80300184622F092FF0546D8B969
:1081C80004F1340022F06CFF0546A8B93946284866
:1081D80005AA22F037FF054670B9059B9A6872B167
:1081E8000C33D4F89400C4F8A030FFF7B6FFC4F8F5
:1081F800D40030B96FF00B05284609B0F0BD03462E
:10820800EFE7D4F89400FFF7A8FFC4F8D8000028D7
:10821800F0D0D4F88C30D4F8A010C4F8A8300423D7
:10822800C4F8AC30C4F8C4300223A362114BB4F8CC
:108238009420D4F8D470C4F8B810C4F8D010D4F886
:108248009010236204F1A403A4F8B020C4F8A47029
:10825800C4F8C010A4F8C820C4F8BC00A661E36242
:10826800CAE76FF01505C7E791F4030084C9030056
:108278009BF403008CC9030038B504463022002162
:108288002DF0F5FF1822002104F1BC002DF0EFFFBE
:108298001822002104F1A4002DF0E9FFD4F8D80039
:1082A80023F044FAD4F8D40023F040FA002304F170
:1082B8003400C4F8A03022F0EDFE22F031FFE36E66
:1082C80004F140050BB1284698473822002128467A
:1082D8002DF0CDFF002038BD002070471EF04CBFA8
:1082E8007FB50BAB05930393064B0822029300233B
:1082F800CDE900321846022200F01BFB07B05DF8FA
:1083080004FB00BFA3F403000346D3E8EF0F421CAD
:10831800C3E8E12F0029F8D170472DE9F84F8146CD
:108328002E480F46FFF7F0FF064670B92C4C05465D
:10833800A0464FF0010BDFF8ACA0544507D3B9F1C4
:10834800000F02D04FF0010AE5B9BDE8F88F237B92
:1083580073B12368DB680BB12046984723681B6913
:1083680043B9636804222046196800F069FA0136A7
:108378001034E2E7204698470028F2D00BFA06F3BB
:108388001D43F4E7A94695FAA5F4B4FA84F40AFA69
:1083980004F3260108EB04146FEA030B25EA03052E
:1083A800237B63B158F806301B6993B94644736858
:1083B80004222046196809EA0B0900F041FA002D49
:1083C800E1D127B14FF4A470002128F03DF94D46C2
:1083D800BAE7204698470028F1D1E7E7A82200200D
:1083E8009CC80300ACC80300002108B50846FFF785
:1083F80094FF002008BD024B53F82000704700BFCF
:10840800B8C9030004207047014B1B68184700BF18
:108418001C0A00202DE9F041054600260D4C0E4FA0
:10842800DFF83880BC4202D33046BDE8F08163688B
:108438005B7963B1032D09D858F8253033B1236827
:108448005B691BB129462046984700B1264610347F
:10845800E8E700BF9CC80300ACC80300B8C9030024
:108468001FB50023CDE902011A4619461846CDE981
:10847800003300F05EFA05B05DF804FB0121084600
:108488004BE7704708B5034608462BB1044A13600A
:1084980000F030FD002008BD6FF01500FBE700BFBD
:1084A8001C0A00200022044B4FF400410348C3E992
:1084B80002221A71FFF7E6BFA8220020E582000019
:1084C80070B50B4D297941B90120FFF726FF094CFA
:1084D800094EB44202D301232B7170BD63685B79E6
:1084E8001BB1236820469B6898471034F1E700BF0A
:1084F800A82200209CC80300ACC803007FB5002355
:108508000B4AD2E8EF1FC2E8E03F0028F9D1094A38
:1085180004910392084A1846029208220749CDE9B5
:1085280000320222FFF7DCFE07B05DF804FB00BF53
:10853800B8220020C8C90300A3F40300A4C703009D
:10854800704700207047014BD8687047A822002068
:1085580010B504460648FFF7D7FE3CB1054BD3E8F3
:10856800EF1F0139C3E8E21F002AF8D110BD00BF90
:10857800B0220020B422002000200146034BD3E89B
:10858800EF0FC3E8E21F002AF9D17047B02200209C
:1085980070B5FFF7F1FF0546074C084EB44200D30B
:1085A80070BD63685B792BB123685B6813B129469A
:1085B800204698471034F1E79CC80300ACC8030074
:1085C800034B98680028D4BF00200120704700BFE3
:1085D800A822002070470020704770B5094B054657
:1085E8001B689847084C094EA860B44200D370BD78
:1085F80063685B7923B12368294620461B6898473E
:108608001034F2E71C0A00209CC80300ACC8030021
:1086180000207047F8B54FF0FF3400250E4B0F4E81
:10862800B3421F460DD30DB1002303600C4E73698E
:108638009C4203D206F11000FFF766FE74612846DB
:10864800F8BD53F8042B002AEAD091688C4282BF07
:108658000C4638461546E3E7A8150020AC1500205F
:10866800A82200200020704770470020704701486A
:108678004AE600BFB0220020002070476FF0850056
:1086880070476FF0150070476FF01500704700BF16
:10869800431A584258417047484030F47F430CBF52
:1086A80001200020704730B50C4A0D4DAA4202D374
:1086B8000022134608E093681C7A1B682344DBB247
:1086C800984209D2031BDBB2926803B19388D06841
:1086D800194400EB810030BD1832E7E7ACC803004D
:1086E800ACC803000020054B054A934200D37047ED
:1086F8009968183309680844C0B2F6E7ACC80300A3
:10870800ACC80300024B0348C01AC008704700BF3A
:10871800A4C603009CC80300044A054B9B1AB1EB8E
:10872800D30F34BF52F8310000207047A4C60300AD
:108738009CC80300004870474EF00300054B064AEA
:10874800D21AB1EBD20F3ABF03EBC103187900205C
:10875800704700BFA4C603009CC80300134670B44A
:1087680004460C4E0C48B04202D300231B68FFDEBF
:1087780085682A7A2D681544EDB2AC4207D2A41A4E
:10878800026855690A46AC46E1B270BC60471830C9
:10879800E9E700BFACC80300ACC8030000210B48E0
:1087A8000B4B30B51B1A0B4CDB080430994200D137
:1087B80030BD10F83120256802F0070225F00705C2
:1087C8002A4344F8042B0131F0E700BFA4C6030094
:1087D8009CC80300AC150020F8B5064600240A4FD3
:1087E8000A4DED1BED08AC4202D14FF0FF3409E011
:1087F80057F8340008B90134F5E731462DF0A3FCE9
:108808000028F8D12046F8BDA4C603009CC8030080
:108818001846704770B50546074C084EB44202D357
:108828000024204670BD2846A1682DF08CFC002845
:10883800F7D01034F2E700BF9CC80300ACC80300AF
:10884800084B10B4C31A44681B11013323714368E1
:108858009A7101224368196043685A7110BCFFF786
:108868006FBE00BF9CC80300002243685A7170475E
:10887800054B0649C91AB2EBD10F3ABF03EBC20345
:1088880018790020704700BFA4C603009CC80300E5
:1088980038B50A490A482CF046FD0A490A482CF01E
:1088A80042FD0A4C0A4DAC4200D338BD236820462D
:1088B80000211B6898471834F5E700BFDCC903009E
:1088C800203A0020ECC90300403A0020ACC803005D
:1088D800ACC8030070B5D2E901369B1B8B420C462D
:1088E80015460AD313680A46014698192DF0B4FCB8
:1088F8002046AB682344AB6070BD6FF01B00FBE7FC
:1089080070B50E4615461946044618B9BDE87040BC
:10891800FFF71EBE33B1C2F34A231030120D1844BC
:108928002DF09AFCC4E900562046BDE87040FFF7D8
:1089380054BE2DE9F04F85B002AF0446D7E90EA921
:108948000E46934698463D6BBAF1000F33D0C7F8F0
:108958000490CDF800901021534600207A6BFAF766
:108968003FFE0146154A04F007040BF0070BE4002C
:1089780044EA8B1402EA4122144344EA05541735A9
:108988000D4425F00705ADEB050D02ADBAF1000F5A
:1089980007D0CDF8009053467A6B05F11000FAF72E
:1089A8001FFE4346224631462846FFF7A9FF0C37EB
:1089B800BD46BDE8F08F5146D4E700BF00FE0F006A
:1089C8007FB50BAB05930393064B08220293002354
:1089D800CDE9003218460222FFF7ABFF07B05DF879
:1089E80004FB00BFDCF403002DE9F04FC1F34A2675
:1089F80091B00D469046079008930C0D002E59D063
:108A080000274FF0040B4FF00A0A0BAB01933A46CC
:108A18000DAB31464046CDF808B0CDF800A0CDE901
:108A28000D770F97FBF712F8B0F5006FB1460346C4
:108A380015D340F2FF730593D8F80430022204934B
:108A4800214B38460393214B214902930823CDE952
:108A580000733B46FFF7B4FF11B0BDE8F08FC0F3D9
:108A68000A0604F11700184420F00700800809934B
:108A7800FFF7B1FD66F35325044680B1099B00F169
:108A88001001CDE90E370BABCDE900A30D9140469F
:108A98004946104ACDF808B00DABFAF7D7FF66F390
:108AA80053252A462046089B079911B0BDE8F04F88
:108AB800FFF726BF04F1170020F007008008FFF732
:108AC8008AFD0446EBE700BFB2E70300DCF40300CD
:108AD800A4C70300DD88000007B5D1E900328DF88E
:108AE8000700012152680DF107009847002003B0E4
:108AF8005DF804FB0A2838B504460D4602D10D205E
:108B0800FFF7EAFF29462046FFF7E6FF002038BDB9
:108B1800F8B506460D4614461F46214628463A46ED
:108B2800B047241A0544F8D1F8BD13B500240094C1
:108B3800FCF7D1F902B010BD0EB403B503AB53F87E
:108B4800042B014604480193FFF7EFFF02B05DF8DC
:108B580004EB03B0704700BFE18A0000CA0604D4E2
:108B68008B064CBF01490249E6E770474DF0030008
:108B7800932F040010B542680446D2E900238168A7
:108B88000068FFF7C5FF002263681A6010BD2DE971
:108B9800F04F89B09B46DDE916769DF84C300446C7
:108BA8000493DDE914930593049B0D460692002B6C
:108BB80000F0878006F008030793FFF75DFD06F0D5
:108BC800020A024600284CD020468649FFF7B4FF27
:108BD8008046BAF1000F08D016F0440F43D12A4658
:108BE80020468149FFF7A8FF804406F001035BB1E6
:108BF8007E4B049A204653F822207D4B7D49002A5B
:108C080008BF1A46FFF798FF06F00803002B55D057
:108C1800049A764B204603EB82035A697649FFF79C
:108C28008BFF0546069B2BB11A4620467349FFF772
:108C380083FF0544BBF1000F05D05A462046704912
:108C4800FFF77AFF05444544B9F1000F48D1002FDA
:108C58004ED1F30700F1BF8031462046FFF77EFF73
:108C6800B3E08046B5E7674B18680028BCD05B685E
:108C78004FF47A7EB5FBF3F5B5FBF0F34FF4616280
:108C880000FB13550EFB05F5B3FBF2FAB5FBF0FC40
:108C98003C2102FB1A3200FB1C55B2FBF1F30EFB20
:108CA80005F5B5FBF0F501FB132220460092CDE94E
:108CB80001C552465449FFF73FFF95E706F00805FE
:108CC800B0E7BBF1010F06D1B9F1000F64D1002F55
:108CD8007BD000250CE0B9F1000FF8D04B485CE0E0
:108CE8004B484B4622464B49FAF75AFE002F68D0AC
:108CF800DFF82491DFF824A1102F31462046B8462A
:108D08004FF0000B28BF4FF01008FFF727FF5D4515
:108D180045DC059B514620461A78FFF70DFF4FF0BA
:108D2800010B1BF0070F03D149462046FFF704FF4C
:108D3800D8453BD9059B5146204613F80B20FFF731
:108D4800FBFE0BF1010BBBF1100FEAD14FF0000B4A
:108D580020463349FFF7F0FE5A46059B20469A5CA9
:108D6800A2F120015F2928BF2E222E49FFF7E4FE39
:108D78000BF1010BBBF1100F1DD01BF0070F03D136
:108D880049462046FFF7D8FED8455A46E5D8494611
:108D98002046FFF7D1FEEBE71D48049DA1E74946B1
:108DA8002046FFF7C9FE0BF1010BB0E720461E492C
:108DB800FFF7C2FEC5E7059BB7EB080743440593D9
:108DC8009AD1049B002B7FF444AF204609B0BDE83C
:108DD800F04FFFF7CFBE2046054A0649FFF7ACFE25
:108DE8003AE700BF24F5030028F50300FCC9030097
:108DF8001FF50300D80404004DF5030053F50300E4
:108E080057F50300783A002031F50300FD8A000089
:108E1800E18A0000338B00006B2D04005CF5030031
:108E280062F5030064F50300692D04002DE9F041A3
:108E38000F884B6805460C4690468E6886B0C7F387
:108E480082175BB1144A9B1A43F3CF01002920DB38
:108E58002078C0F3C200FFF75FFC0346214651F8B3
:108E6800102B6088C2F34A22002A01EB020408BFD3
:108E780000210022C0F30B10CDE90408CDE902144B
:108E88002846314601970092FFF781FE06B0BDE8FB
:108E9800F0810023E2E700BFA4C6030042F20F738B
:108EA800F7B58B4228BF0B4605680446052168467E
:108EB8000E4AFBF7E5F9064663680D4F284607F1A9
:108EC80028010B225B68FFF723FE63683246694678
:108ED80028465B68FFF71CFE63681B2228465B6810
:108EE80007F13401FFF714FE03B0F0BDB02304000E
:108EF800FCC9030000210122064B984205D8064B05
:108F080001B90122C3E9000270470121400852005B
:108F1800F3E700BF40420F00783A002008B5064B3F
:108F280006495A68B0FBF2F01A68A0FB0101002359
:108F38002AF03AF908BD00BF783A002040420F00F5
:108F4800014B002019607047803A002070470122C9
:108F5800024B03481A71FFF70DBE00BF803A00208C
:108F68004CCA030010B5064B0C461868FFF743FAC5
:108F78002146BDE8104003460F220248184700BFAB
:108F8800803A00204CCA0300F8B50D460446064F47
:108F98004618B44201D12846F8BD14F8011BBB6835
:108FA80001485B689847F4E794C30300F7B50546A2
:108FB8000E460024074B084F1B680193019BA342F0
:108FC80001DC03B0F0BD3868314600EB0410A84757
:108FD8000134F3E7D8CA0300700A002070B5114BBA
:108FE8000D461C68DCB1104B196800238B4202DB6C
:108FF8006FF0010070BD224612F8106B864202D055
:1090080014460133F2E7E06810B96FF01200F1E797
:1090180025F002F80028F8D000202C60EAE76FF06D
:109028000C00E7E7700A0020D8CA0300704700293F
:1090380030B4044618460BDBA5680844A84207D894
:10904800E0686468214484682468A44630BC6047AA
:109058006FF0150030BC7047002930B4044618463C
:109068000BDBA5680844A84207D8E0686468214477
:1090780084686468A44630BC60476FF0150030BC53
:1090880070470029034610B410460ADB9C68084460
:10909800A04206D8D8685B681944836810BC9B68EE
:1090A80018476FF0150010BC704708B5C068836892
:1090B800DB689847006808BD08B5C06824F0ACFFB5
:1090C80000280CBF6FF01200012008BDC06870476F
:1090D80008B5C0688368DB689847007908BD00BF99
:1090E80070B54C680368A34201D2012070BD8A683C
:1090F8002244934201D30020F8E74E69D1E90325C1
:10910800B54203D36FF00B038B61F4E71B1B42F8E6
:1091180035304368086902EBC00253600B690133BC
:109128000B61E2E770B588B005460C46C0B26946E7
:109138001646FFF753FF00281BDB0098C8B14368A9
:109148002268029383680195CDE903360023CDE9AF
:1091580006230593C568FFF769FF6DB128460849DE
:1091680001AA2EF054F8079808B9059B236008B0A7
:1091780070BD6FF01500FAE76FF01200F7E700BF57
:10918800E99000002DE9F0410F4B05461C680E469A
:109198001746ACB14FF0FF324FF0FF330B4825F0C4
:1091A80055FE63683246D3F8088029463B46204678
:1091B800C0470446054825F0C5FE2046BDE8F081B5
:1091C8006FF00104F9E700BFA03A0020B8170020AB
:1091D80000230360044B9A6812B9C3E90100704781
:1091E80010609860704700BFA03A0020014B1860DB
:1091F800704700BFA03A0020002330B585B005466F
:10920800CDE9023301904FF0FF334FF0FF320B48A6
:1092180025F01CFE0A4B5C684CB9284600F0BEF9E4
:109228000446064825F08EFE204605B030BD63682A
:1092380020461B6801A998472468EDE7B817002065
:10924800A03A00200020FFF7D7BF1FB5CDE90101E4
:1092580003924FF0FF334FF0FF32094825F0F6FD37
:10926800084B5C682CB9064825F06CFE204604B013
:1092780010BD636820461B6801A998472468F1E778
:10928800B8170020A03A002000221146FFF77ABF45
:109298002DE9F041194B1E6866B373685B680BB122
:1092A800304698470025164C164FDFF85C80BC42C4
:1092B8000FD3164B1C68ACB1134F143C236923B170
:1092C80038469847002D08BF0546646954B1143CD8
:1092D800F4E7236913B14046984705B12846054687
:1092E8001434E4E77368DB680BB1304698472846C6
:1092F800BDE8F0816FF00105F9E700BFA03A002052
:10930800ACC80300C0C803008D910000AC3A00202F
:1093180010B5074B0446186838B143681B690BB988
:10932800002010BD98472060FAE76FF00100F8E7C9
:10933800A03A00200022024BC3E90122704700BF77
:10934800A03A00207FB50BAB05930393064B082288
:1093580002930023CDE9003218460122FFF7E9FA0B
:1093680007B05DF804FB00BFA1F503000022024B23
:10937800C3E90022FFF7DEBFAC3A002070B505460E
:109388001A4C1B4EB44212D31A4E4FF0FF324FF014
:10939800FF33194825F05AFD34687CB1286854F821
:1093A800141C143C2CF0CFFEC8B16469F5E72168A1
:1093B80028682CF0C8FEA8B11434E3E700226A61DB
:1093C800726805F114033AB9C6E9003300240A4863
:1093D80025F0B8FD204670BD13607360F6E76FF0A6
:1093E8001004F4E76FF01004F4E700BFACC8030002
:1093F800C0C80300AC3A0020B8170020034610B5D7
:1094080008460AB10021116053B1D0B1411E11F8CC
:10941800010F80B113F8014BA04201D13D28F6D1CC
:1094280000200EE0013313600AE03D2808D0B0FAAE
:1094380080F0400905E018782F28F6D1002AF1D1EC
:10944800012010BD10B509B100230B6058B10346C7
:109458001A781C4601332AB13D2A03D02F2AF7D1A6
:1094680001B10B60201A10BD2DE9F74307460C46E1
:1094780009B100230B6000261E4DDFF87C904D4596
:109488000FD31E4B1D6885B355F8148C38464146DA
:1094980001AA143DFFF7B2FF10B3D6B914BB2E468C
:1094A8001EE0D5F800803846414601AAFFF7A6FF1E
:1094B80050B116B954B92E4606E00022404631682C
:1094C800FFF79CFF0028F5D11435D8E7019B2360EE
:1094D800F1E7002240463168FFF790FF0028DDD110
:1094E8006D69D0E7019B2360D9E7304603B0BDE83A
:1094F800F08300BFACC80300C0C80300AC3A00202A
:109508002DE9F04188B0DDF8388004460D4616464E
:109518001F460790B8F1000F07D0D8F8001009BB14
:10952800D8F804E0BEF1000F25D1204607A9FFF7BF
:109538009BFFE0B1D0F808803B46324629460798A1
:10954800C047A0B1124B08220393124BCDE9044047
:10955800029300231049CDE9003218460122FFF793
:10956800F1FE04E007AAFFF749FF0028D8D1002040
:1095780008B0BDE8F081D8F8083032460E93294685
:109588003B46F446079808B0BDE8F041604700BF85
:10959800D1E70300A1F503006CC80300F8B506463F
:1095A8000025174C174FBC4208D3174B1C682CB327
:1095B800143CB6B9E368E3B96469F8E72EB9E3681F
:1095C8005BB9284605461434EDE700223146206889
:1095D800FFF714FF0028F2D1F3E79847002DF0D1E8
:1095E800F0E7002231462068FFF708FF0028E1D1A4
:1095F800E2E79847002D08BF0546DDE72846F8BD95
:10960800ACC80300C0C80300AC3A00200020FFF734
:10961800C5BF00BF38B50C4D4FF0FF334FF0FF32D8
:109628000A4825F013FC2B783BB9FFF79FFE00F0A2
:1096380087FB044610B901232B700024034825F04A
:1096480081FC204638BD00BF1C500020B817002000
:109658002DE9F04FDFF8ACA08FB002939AF80C30E8
:109668000646884615460193002A44D0174620230B
:109678000593019BDAF8004096FBF3FB03FB0BFB19
:109688001998594605AB06AAA0470446002835D1C3
:10969800059AA6EB0B0BA2EB0B02BA4228BF3A467F
:1096A80006AB9B44189B914623B1584619782CF079
:1096B800E7FDE0B9002359464A46404603932CF09B
:1096C800CBFD0599039B1F29A7EB090704D91BB9F3
:1096D800C8444E44002FCAD1029AED1B1560189A4F
:1096E8000AB183F0010420460FB0BDE8F08F0123D2
:1096F800A0EB0B09DFE76FF01504F4E76FF0040443
:10970800F1E700BFB43A00202DE9F04FDFF8BC9034
:1097180089B01E4699F80C708246884615462CF08A
:109728000BFDB0FBF7F407FB1404A0EB040B314668
:109738005B4652461298D9F804C0E0475E442CB103
:10974800224668460AEB0B012CF086FD3D2204F107
:1097580020036B4403F8202C04F1010ABAF11F0F0F
:1097680001D900240EE0E5B9BAFBF7F407FB14A40D
:109778003CB13C1B0DEB0A00224629462CF077FD34
:10978800A244012453466A4631461298D9F804C0C7
:10979800E047A8B9B4B956440124AA46002DF1D02F
:1097A8008246CAF12004AC4228BF2C4641460DEB44
:1097B8000A0022462CF050FDA0442D1BA244CDE700
:1097C8006FF0040009B0BDE8F08F00BFB43A002084
:1097D80010B50C462CF0B0FC0134204410BD13B574
:1097E800049C019400240094FFF732FF02B010BDDE
:1097F8001FB503680093406803ABFFF7F0FF18B983
:10980800039805B05DF804FB4FF0FF30F9E730B47A
:109818000C46114620441A46DDE90235029530BC53
:10982800FFF7DDBF10B5034B04469B680846984711
:10983800001B10BDB43A00201FB53D2401930DF163
:109848000F03009313460A46014600208DF80F4087
:10985800FFF7FEFE04B010BD2DE9F04380460C462C
:1098680091461D466FF0150087B00E9E144F16B92D
:1098780007B0BDE8F083102E334628BF10232946D1
:1098880001934846D7F800C001AB02AAE047002878
:10989800EED1019B397BB3FBF1F201FB12320AB125
:1098A8000B449B1A21464046D7F804C002AAE04759
:1098B8000028DDD1019B1D441C44F61AD7E700BFE0
:1098C800B43A002010B5034CC4E90001A260237328
:1098D80010BD00BFB43A00202DE9F047884688B093
:1098E800196891461E462CF02EFC074648B9414699
:1098F8004846FFF797FFB3680546834205D0002323
:10990800F360002008B0BDE8F08708B90123F7E745
:10991800D6F804A0102D2C4628BF1024CDF80080BE
:10992800224603AB04A909EB07000394FFF757FF8E
:109938000028E4D1039B9C42E1D12246504604A969
:109948002CF063FC0028DAD12D1BA2442744E1D176
:10995800DCE730B5044685B010461D46CDE9021255
:10996800FFF760FF044A01460095204602ABFFF767
:10997800C7FD05B030BD00BFF9970000808970476A
:109988000830704730B40468856824682944214445
:10999800006930BCFFF760BB30B484898C420FDDAE
:1099A8001D680D44A54284BF641A1C60046885685C
:1099B8002468294421441B68006930BCFFF737BB81
:1099C8000020186030BC70477FB50BAB059303933C
:1099D8000A9B082202930023CDE90032184601228F
:1099E800FEF7A7FF07B05DF804FB2DE9F04F054629
:1099F800B9B00E4691460021102208A81F462CF047
:109A080036FCAB6CDFF8D0A00C9305F10808404693
:109A180008A92BF0F9FB044618B1002039B0BDE8BD
:109A2800F08F4A2108AB06AA12A8FFF705FF70B10C
:109A38002A4B049003932A4B0122029308232046C1
:109A4800CDE9004327492346FFF7BEFFDDE7069B24
:109A580003F1E0026A4402F8980CAFB1BDF82C207B
:109A680001339342D1DA0DAC0DF1200CBCE80F00A4
:109A78000FC4DCF80030DFF86CB0236040460DA955
:109A88002BF0C2FB044630B1069A4B46013208A9B6
:109A980012A8B047B9E74A210DAB07AA25A8FFF7D6
:109AA800CBFE60B1104B0122CDE902A30823594631
:109AB800CDE9004320462346FFF786FFDEE7079BF4
:109AC80025A9E0336B4403F84C0C12A82CF03BFB9F
:109AD8000028D3D199E700BFF4F5030078CA030042
:109AE800D3F503006CC803008FCA03000A4601239C
:109AF80000497AE75B9900002DE9F04F05460F46CB
:109B080091469846C3B003B17AB10024284623464B
:109B1800644909AACDE90979CDE90B84FFF765FF06
:109B28000C9B012B00F0B98017B96FF01504B4E055
:109B380041463846FFF74CFE83466B7B9C42F4DA7D
:109B480005F108060DF1340A524630461FFA8BF12A
:109B58002AF0E4FF10F11C0F034640F088806B7B6D
:109B6800013BA34222DD30462AF0B6FF8246E8B91F
:109B7800A86CFFF79AFAAB6CCDE912AA1693304697
:109B880012A92BF041FB98B130462BF057FB68B176
:109B9800454B08220393454B049002930023444904
:109BA800CDE9003218460122FFF70EFF0134C4E761
:109BB8002B6B129A9A42E7D1492112AB07AA1CA82B
:109BC800FFF73AFE0028DAD1079BBDF8542001338D
:109BD8009342D4D00DF15C0C0DF1480EBEE80F0095
:109BE800ACE80F00DEF80030CCF80030304617A99A
:109BF8002BF00AFB40B33046BDF8541017AA2AF0E0
:109C08008DFF03460028BAD1BDF8542001460092C2
:109C180017A812AAFFF720FE82460028AFD13046C7
:109C280017A92BF01DF80028A9D01F4B0490039307
:109C3800204B0122029308235046CDE900A31C497A
:109C48005346FFF7C1FE9AE7492117AB08AA2FA888
:109C5800FFF7F2FD0028C9D1DDE907239A42C5D1F3
:109C68002FA91CA82CF0D1FA0028BFD187E700281B
:109C78007FF45BAFAA6C4946119238464246CDF84C
:109C880000A0FFF741FD431D044606D0514630466B
:109C98002AF0E6FF002C08BF0446204643B0BDE882
:109CA800F08F00BFE1980000ACCA030031F6030052
:109CB8006CC803000CF6030001207047012370B53F
:109CC80004460373837300F10806FFF7F5FF314676
:109CD8002BF0DDF80546B0B930462BF034F80028F3
:109CE8000ADC636BA06CD3E90012FFF7CAF90028FD
:109CF800EBD06FF0040504E0044B20466360FFF7E7
:109D080067FA284670BD6FF01505FAE7C4CA030064
:109D180008B5034B4360FFF769FA002008BD00BF90
:109D2800C4CA030090F84630024A03490348FFF7C3
:109D3800C9BD00BF859900008D990000A199000058
:109D4800092337B50093FFF7B7FF69461A4AFFF7AB
:109D5800E9F9044610B110F10C0F0FD1174D009B13
:109D680028466B73FFF7AAFF58B9154B13486B6069
:109D7800FFF73CFA1148FFF7D5FF0024204603B04F
:109D880030BDFFF799FF01A9C0B2FFF727F90446D4
:109D98000028F3D1019821468268FFF772F904463A
:109DA8000198FFF743F9002CE8D12846FFF786FF12
:109DB80004460028D9D0E1E7C43A0020200A002050
:109DC800C4CA0300CB780278534003704B884278AA
:109DD800534043700A68837883EA122383700A68C1
:109DE800C3785340C370CB79027953400371CB8851
:109DF8004279534043714A68837983EA1223837115
:109E08004A68C3795340C371CB7A027A53400372CC
:109E1800427A4B89534043728A68837A83EA1223D1
:109E280083728A68C37A5340C372CB7B027B5340E8
:109E38000373CB89427B53404373CA68837B83EAAD
:109E480012238373CA68C37B5340C37370470549A1
:109E5800431E0F3013F8012F8A5C83421A70F9D120
:109E6800704700BFEBE703001FB50278C3788DF891
:109E78000020427B8DF80120827A8DF80220C27979
:109E88008DF8032002798DF8042042788DF805209A
:109E9800827B8DF80620C27A8DF80720027A8DF829
:109EA800082042798DF8092082788DF80A20C27B33
:109EB8008DF80B20027B8DF80C20427A8DF80D204E
:109EC80082798DF80E208DF80F3010236A461946D6
:109ED8002BF0BAFA05B05DF804FB2DE9F74F0546FB
:109EE80008780C462BF0BFFA2BF0BDFA2BF0BBFA22
:109EF800019020782BF0B7FA2BF0B5FA0090207873
:109F08002BF0B1FA834660782BF0ADFA2BF0ABFA60
:109F18002BF0A9FA824660782BF0A5FA8146A07842
:109F280066782BF0A0FA2BF09EFA2BF09CFA80466C
:109F3800A0782BF098FA2BF096FAA1780746E078EB
:109F48004E402BF090FA2BF08EFA2BF08CFAE17839
:109F5800019A4E40009B724053408BEA030B8AEAF9
:109F68000B0A89EA0A0988EA090887EA0807784093
:109F7800287020782BF077FA2BF075FA2BF073FA0B
:109F88000190607826782BF06EFA2BF06CFA2BF0A3
:109F98006AFA009060782BF066FA2BF064FA834630
:109FA80060782BF060FA8246A0782BF05CFA2BF0F0
:109FB8005AFA2BF058FA8146A0782BF054FAA17877
:109FC8008046E0784E402BF04EFA2BF04CFA2BF0FE
:109FD8004AFA0746E0782BF046FA2BF044FAE17883
:109FE800019A4E40009B724053408BEA030B8AEA69
:109FF8000B0A89EA0A0988EA090887EA0807784003
:10A00800687020782BF02FFA2BF02DFA2BF02BFA12
:10A01800019020782BF027FA2BF025FA0090607831
:10A0280026782BF020FA2BF01EFA2BF01CFA617818
:10A038008346A0784E402BF016FA2BF014FA2BF03A
:10A0480012FA8246A0782BF00EFA2BF00CFA814611
:10A05800A0782BF008FA8046E0782BF004FA2BF071
:10A0680002FA2BF000FA0746E0782BF0FCF9E178C9
:10A07800019A4E40009B724053408BEA030B8AEAD8
:10A088000B0A89EA0A0988EA090887EA0807784072
:10A09800A87020782BF0E7F92BF0E5F92BF0E3F91D
:10A0A800814620782BF0DFF98046607894F800A08C
:10A0B8002BF0D9F92BF0D7F92BF0D5F907466078B2
:10A0C8002BF0D1F92BF0CFF963780646A0788AEA0D
:10A0D800030A2BF0C8F92BF0C6F92BF0C4F9A378C2
:10A0E8008AEA030A89EA0A0988EA090887EA08075E
:10A0F8007E4080EA0608E0782BF0B5F92BF0B3F93A
:10A108002BF0B1F90746E0782BF0ADF92BF0ABF95D
:10A118000646E0782BF0A7F95FFA88F887EA08077F
:10A128007E407040E87003B0BDE8F08F00F024B9BD
:10A1380070B51446054688B000284AD000294AD090
:10A14800002A4AD010230A46684619462BF07CF9A3
:10A15800684604F1A001FFF735FE04F19006684651
:10A16800FFF782FE6846FFF772FE31466846FFF742
:10A1780029FE694604A8FFF7B0FE01A905A8FFF764
:10A18800ACFE02A906A8FFF7A8FE03A907A8FFF7D7
:10A19800A4FE1023684619460DEB0302103E2BF06F
:10A1A80053F9A642DBD16846FFF75EFE6846FFF723
:10A1B8004EFE31466846FFF705FE10236A461946EB
:10A1C80028462BF041F96846102200212BF049F966
:10A1D800012008B070BD0846FBE71046F9E700BF4C
:10A1E800CB780278534003704B88427853404370D1
:10A1F8000A68837883EA122383700A68C378534015
:10A20800C370CB79027953400371CB8842795340AC
:10A2180043714A68837983EA122383714A68C37950
:10A228005340C371CB7A027A53400372427A4B8906
:10A23800534043728A68837A83EA122383728A6856
:10A24800C37A5340C372CB7B027B53400373CB89E1
:10A25800427B53404373CA68837B83EA1223837328
:10A26800CA68C37B5340C37370470549431E0F3008
:10A2780013F8012F8A5C83421A70F9D1704700BF26
:10A288000CCB03001FB50278C37A8DF80020427901
:10A298008DF80120827A8DF80220C27B8DF8032088
:10A2A80002798DF80420427A8DF80520827B8DF89A
:10A2B8000620C2788DF80720027A8DF80820427BA4
:10A2C8008DF8092082788DF80A20C2798DF80B2044
:10A2D800027B8DF80C2042788DF80D2082798DF85C
:10A2E8000E208DF80F3010236A4619462BF0ACF873
:10A2F80005B05DF804FBF8B5064608780C462BF067
:10A30800B2F8054660782BF0AEF8A278637853402F
:10A31800E27853405D4068403070607827782BF0D1
:10A32800A2F80546A0782BF09EF8A3785F40E37862
:10A338005F407D406840707063782778A0785F4000
:10A348002BF091F80546E0782BF08DF8E3785F4024
:10A358007D406840B07020782BF085F862782378CB
:10A368005340A278534080EA0305E0782BF07BF84D
:10A37800EDB24540F570F8BDF0B50746264E8DB0F4
:10A3880001AD0C460FCE0FC50FCE0FC596E80700DE
:10A3980085E807003846002F39D0002C39D0381FFF
:10A3A8000246214610344B780D781B0443EA0563B6
:10A3B800CD7804312B4311F8025C8C4243EA052323
:10A3C80042F8043FEFD10421144C8A07036916D1DF
:10A3D800C3F30742A55C1A0EA25C42EA0562C3F306
:10A3E8000725655DDBB2E35C42EA054242EA0322E7
:10A3F80021F0030330336B4453F82C3C534050F89E
:10A40800042F013153402C290361DED101200DB006
:10A41800F0BD2046FBE700BF0CCC03000CCB0300CB
:10A4280070B51446054688B0002849D0002949D09F
:10A43800002A49D010230A46684619462BF004F82A
:10A4480021466846FFF7CCFE103401F1A0066846A5
:10A45800FFF70BFF6846FFF715FF694604A8FFF7EB
:10A468004AFF01A905A8FFF746FF02A906A8FFF7BA
:10A4780042FF03A907A8FFF73EFF102368461946C5
:10A488000DEB03022AF0E0FF214668461034FFF77F
:10A49800A7FEB442DBD1FFF7E8FE6846FFF7F2FEFD
:10A4A80021466846FFF79CFE10236A46194628464F
:10A4B8002AF0CAFF6846102200212AF0D2FF0120A4
:10A4C80008B070BD0846FBE71046F9E72DE9F04FE4
:10A4D800002703689DB002934368DFF8BCA103938B
:10A4E8008368DDE902460493C36805930369DDE9DF
:10A4F80004BE0693436907938369DDE9062C089334
:10A50800C36998460993089B0093CD590CAB2DBAA3
:10A518005AF8049BDD514FEAF223A94483EAB213A7
:10A52800009D83EA72634B4425EA020502EA0C099E
:10A5380085EA09052B44434486EA0B054FEA74383B
:10A5480088EAB408254006EA0B0985EA090588EA7D
:10A55800B4580437A844402F03EB0E054344DE46A5
:10A56800DDF8008040F088804FF0100A4B490A91CE
:10A5780051460AF1010A0DF1700E0AF00F070EEBB1
:10A58800870757F8407C01F00F094FEAB748019751
:10A5980088EAF71801F10E0707F00F070EEB870797
:10A5A80057F8407C09314FEAF74E8EEA774ECDF8DE
:10A5B8002CE001F00F010DF1700E0EEB81010EEB96
:10A5C800890959F840EC51F8401CBAF1400F714420
:10A5D800DDF804E088EADE08DDF82CE041448EEA84
:10A5E800972E714405EA02084FEAF52E2CEA050772
:10A5F80087EA08078EEAB51EDDF828808EEA756EB0
:10A60800774458F804EF49F8401C77440F44009900
:10A618004FEA733E394484EA0607CDF828808EEA6B
:10A62800B30E07EA030704EA06088EEAB35E87EA70
:10A63800080777440F4401EB0B0ECDF800C0B34672
:10A6480022D102993944016003991944049B41605D
:10A6580023448360059B3344C360069B73440361B2
:10A66800079B2B444361089B13448361099B634404
:10A67800C3611DB0BDE8F08FB346CDF800C02646D3
:10A6880094461C462A4640E7944626462A461C46D7
:10A6980075463B466CE700BF38CC030074CC03001A
:10A6A80010B50446C8B1702200212AF0DAFE0B4B1F
:10A6B8000B4A0C49C4E900230B4B0C48C4E90213AC
:10A6C8000B4BC4E9040301200A4BA36103F1745343
:10A6D800A3F52303A3F69243E36110BD85AE67BBE0
:10A6E80067E6096A72F36E3C3AF54FA57F520E5140
:10A6F8008C68059BABD9831FF8B50C4610B1F9B12E
:10A708000AB90120F8BD00278D1800F12806836ECC
:10A718005A1C826614F8011B03443F2A83F8281048
:10A728000BD93146FFF7D2FED0E9083213F5007392
:10A7380042F10002C0E908328766A542E7D1E0E7A6
:10A748000846DFE7F8B50C460546002854D000292E
:10A7580053D08B6ED1E90821D800121841F10001BD
:10A76800C4E908218022581C38282344A0664FF0E9
:10A77800000783F8282004F128060AD9C0F140020E
:10A78800394630442AF06DFE31462046FFF79EFEDA
:10A79800A766A06E0021C0F1380230442AF061FE9D
:10A7A800236A31461ABA636A62661A0A84F8633001
:10A7B80084F862201A0C1B0E84F86030204684F856
:10A7C8006120FFF783FE2B1D211F243551F8042F2C
:10A7D8000433100E03F8080C100C03F8070C100AC9
:10A7E80003F8060C03F8052CAB42EFD12046702283
:10A7F80000212AF036FE0120F8BD0846FCE700BF1C
:10A80800002008B5FBF726FD01482DF0DBB900BF95
:10A8180038CD030038B5044618B90F4B0F485B68AC
:10A8280098476168B1F5683F10D0B1F5680F0DD051
:10A838000B4DA9420AD011F46861206807D001467F
:10A84800084823F009FF00232360656038BD1C22F7
:10A858002BF00DFDF9E700BFBC1400204FF60300F4
:10A868002C5F5CA90C3B002008B560B34368B3F5C6
:10A87800683F0ED0B3F5680F18D0144A934220D021
:10A8880000684FF0FF324FF0FF3324F0DFFA58B181
:10A8980015E001220368D3E8EF1F002903D1C3E8BC
:10A8A800E02F0028F7D10AD1002008BD0368084A24
:10A8B8001B7803F5807352F82330002BF4D0054839
:10A8C800F3E70548F1E76FF4E040EEE72C5F5CA999
:10A8D80000000350E98FFFFFEA8FFFFF08B520B3A0
:10A8E8004368B3F5683F09D0B3F5680F13D0114A30
:10A8F80093421DD0006824F025FB14E00022036871
:10A90800D3E8EF1F012903D1C3E8E02F0028F7D1CE
:10A9180009D0094808BD00210368084A1B7803F5D7
:10A92800807342F823100020F4E76FF4E040F1E769
:10A938000348EFE72C5F5CA9E98FFFFF0000035095
:10A94800EA8FFFFF10B5044618B91D4B1D485B6818
:10A9580098476368B3F5683F2FD0B3F5680F2CD0DC
:10A96800194A934219D1236803BB4FF0FF324FF0C5
:10A97800FF332146154823F041FE08B923681BB967
:10A988000F4B13485B6898471C22002120682BF066
:10A998006EFC4FF46863636008E0B3F5683F0DD858
:10A9A8003A2B03D040F6BA629342DED1206824F0F5
:10A9B8003DFA636843F03A03636010BD054AF3E764
:10A9C800BC1400204FF603002C5F5CA90C3B002050
:10A9D80075F603003A00003A08B50748402300F12D
:10A9E80024011C2223F0F4FDBDE80840034901F1CD
:10A9F80014002DF035BA00BF0C3B002040CD0300F9
:10AA08007FB50BAB059303930A9B0822029300239F
:10AA1800CDE9003218460122FDF78BFF07B05DF83B
:10AA280004FB2DE9F04180460C4688B000293ED051
:10AA3800002508268B68214F06934B680122059351
:10AA48000B68284604931E4B1E490293CDE9005615
:10AA58002B460397FFF7D4FF636901220693236906
:10AA680028460593E3681749CDE90373164B00950B
:10AA7800CDE901632B46FFF7C3FFE3690122CDE966
:10AA88000373124B2846CDE901630E492B46009506
:10AA9800FFF7B6FFA3690122CDE903730C4B2846E3
:10AAA800CDE9016307492B460095FFF7A9FF214629
:10AAB800404608B0BDE8F04123F02BBBECE80300AA
:10AAC800A2F6030054C80300D5F6030008F70300F4
:10AAD8001BF7030001460068FFF7A3BF044600B553
:10AAE80089B00021202268462BF0C1FBE368694643
:10AAF80003200693FFF795FF40B2002807DB0123E8
:10AB08004109034A00F01F00834042F82130704792
:10AB180000E100E040B200280CDB012206494309AD
:10AB280000F01F008240203341F82320BFF34F8FED
:10AB3800BFF36F8F704700BF00E100E0054B42098B
:10AB480053F82220012300F01F0003FA00F0104000
:10AB5800704700BF00E100E040B2002801F10101A8
:10AB6800ACBF00F16040064B4FEA4111C9B2ABBF20
:10AB780000F5614000F00F0080F800131954704789
:10AB880014ED00E000210120FFF74BBF014B1860D6
:10AB9800704700BF9C0A002008B5034B1B68984704
:10ABA800BDE808402CF0E2BE9C0A00200B4A08B51C
:10ABB8000B4B22F07F029A60BFF34F8FBFF36F8F6A
:10ABC800D3F8882022F47002C3F8882023F052FBBF
:10ABD80025F02EFF00F09CFB23F0CEFB00000000C8
:10ABE80000ED00E00A4A0B4993680968C3F8D800E9
:10ABF800C3F8DC1008494B6843F080534B600023CE
:10AC080083F31188BFF36F8F9368D3F8DC00704724
:10AC18008838002074E4030000ED00E042F8203C8E
:10AC2800009B0B4942F81C3C019B21F0010142F8B2
:10AC3800183C029B42F8081C42F8143C4FF0807301
:10AC480042F8043C0023203A0265C0F8D830704727
:10AC58003F3B0300D0F8B43083F30B887047094BAF
:10AC68009860D0F8B43083F30B88104681F30988D4
:10AC7800002163B681F31188BFF36F8F0022002390
:10AC880028F059FF883800207FB50BAB0593039354
:10AC98000A9B082202930023CDE9003218460122BC
:10ACA800FDF747FE07B05DF804FB2DE9F0430025EA
:10ACB8000826494B494C87B0029380462B460F46DD
:10ACC80001222846CDE9005645490394FFF7DCFFE9
:10ACD800444B9B6ADB067DD5434B2846CDE901638F
:10ACE80001222B463E4903940095FFF7CDFF112022
:10ACF8003C4B9B6A1D070CD53C4B08200293002354
:10AD08000122CDE90030364918460394FFF7BCFF0D
:10AD18001220344DAB6A990725D500264FF0080953
:10AD2800334B0122029330463346CDE900692C4962
:10AD38000394FFF7A9FF6B6BAA6A120612D5CDE937
:10AD480003432C4B0122CDE9019330463346244975
:10AD58000096FFF799FFB8F1000F03D0AB6A23F014
:10AD68008003AB6213201F4B9B6ADB070CD5224B79
:10AD780008260293002301221846CDE90036184917
:10AD88000394FFF781FF1420164B9B6A9D060CD590
:10AD98001A4B0820029300230122CDE90030104904
:10ADA80018460394FFF770FF15200E4B9A6AD106D8
:10ADB80058BF9A6A9A6A920642BF5A6A22F40052A7
:10ADC8005A629A6A42F0FF029A6200233B7007B007
:10ADD800BDE8F08310208BE74DF70300F5E803008A
:10ADE80054C8030000ED00E067F703009EF7030076
:10ADF800B5F70300D1F70300EBF703000EF80300E3
:10AE08002DE9F043002508264C4B4D4C87B00293A2
:10AE180080462B460F4601222846CDE9005649496F
:10AE28000394FFF731FF484B9B6ADB0473D5474B0C
:10AE38002846CDE9016301222B4642490394009537
:10AE4800FFF722FF1720404B9B6A1D050CD5404B8E
:10AE58000820029300230122CDE900303949184621
:10AE68000394FFF711FF1820374DAB6A990525D5D4
:10AE780000264FF00809374B01220293304633462B
:10AE8800CDE900692F490394FFF7FEFEAB6BAA6A70
:10AE9800120412D5CDE903432F4B0122CDE90193CA
:10AEA8003046334627490096FFF7EEFEB8F1000F0B
:10AEB80003D0AB6A23F40043AB621920224B9B6A90
:10AEC8005D050CD5254B0820029300230122CDE90E
:10AED80000301C4918460394FFF7D6FE1A201A4A78
:10AEE800936A13F4807318D01D4B08210293002332
:10AEF80001221846CDE9003103941249FFF7C4FE38
:10AF08001B20114A936A43F47F43936200233B70EA
:10AF180007B0BDE8F083162095E7926A9204F0D551
:10AF2800104A1846029208220649CDE900320394D5
:10AF38000122FFF7A9FE1C20E3E700BF41F8030048
:10AF480006E9030054C8030000ED00E05BF80300C5
:10AF58009EF7030070F803008DF80300A6F80300BD
:10AF6800C5F803000EF803007FB500250826464BF8
:10AF7800464C0122029328462B46CDE90056444907
:10AF88000394FFF781FE434B9B6A9A017AD5424BA3
:10AF98002846CDE9016301222B463D4903940095DB
:10AFA800FFF772FE1E203B4B9B6ADB010CD53B4B27
:10AFB80008260293002301221846CDE900363449B9
:10AFC8000394FFF761FE1F20324B9B6ADD020CD50C
:10AFD800334B0820029300230122CDE900302C498D
:10AFE80018460394FFF750FE02202A4B9B6A190368
:10AFF8000CD52C4B08220293002325491846CDE98D
:10B00800003203940122FFF73FFE2120214B9B6A67
:10B018005B030CD5244B0826029300230122184613
:10B02800CDE900361A490394FFF72EFE2220194B6A
:10B038009B6A9D030CD51D4B082002930023012217
:10B04800CDE90030124918460394FFF71DFE23206E
:10B05800104B9B6AD9030CD5154B08220293002389
:10B068000B491846CDE9003203940122FFF70CFE84
:10B078002420084A936A6FEA03436FEA13439362F2
:10B0880004B070BD1D208EE7E1F8030010E903004D
:10B0980054C8030000ED00E0FDF8030014F90300B4
:10B0A80032F9030060F9030082F90300ABF90300E9
:10B0B800C9F903002DE9F0477F4B05465F6890B05A
:10B0C8000023C7F3080483F31188BFF36F8F02F0DE
:10B0D8007F40B0F17F4F0ED102F00C0008281AD142
:10B0E800764A77490392774A0093CDE90102012213
:10B0F8001846FFF7C9FD0026354600238DF81F3096
:10B10800E31E092B00F2BB80DFE803F00BA8ACA418
:10B11800B9B9B9B9B9B0160746BF0D461E460126DA
:10B12800EBE74FF000084FF00809674BDFF89CA1E8
:10B138000293012243464046CDE9008960495E4CAE
:10B14800CDF80CA0FFF7A0FD8DF81F80E76A17F077
:10B1580002070ED05E4BCDF80CA0CDE90193434613
:10B16800CDF80080012218465549FFF78DFD0024CF
:10B1780047E0E36A002B07DA564BCDF80CA0CDE97F
:10B18800019300973B46EDE7E36A5800EFD5524B31
:10B198000122CDE9019338463B464949CDF80CA038
:10B1A8000097FFF771FD6369AA6943F480736361CF
:10B1B800BFF34F8FBFF36F8F636932F8022C23F40C
:10B1C80080736361BFF34F8FBFF36F8F4DF60273C8
:10B1D8009A4208D0A36ADBB273B301200DF11F01B4
:10B1E800FFF763FD38E02B680122CDE903A33B4B51
:10B1F8003846CDE9019332493B460097FFF744FDB5
:10B208002C689DF81F30A3B9202229460DEB0200B7
:10B218002BF022F80F9B002E48D0C3F3080222B966
:10B228006FEA53236FEA43230F93204608A9FFF7D9
:10B23800F8FB10B0BDE8F087A36A13F47F4F05D080
:10B2480001200DF11F01FFF7DBFD05E0A36AB3F54F
:10B25800803F8CD3FFF788FE0446D2E700200DF12B
:10B268001F01BDE700200DF11F01ECE71C4B082171
:10B2780003931C4B02930023CDE9003172E71A4A6D
:10B2880017F4F87F194B18BF1346103CCDE9043466
:10B29800174B08220393174B094902930023CDE962
:10B2A800003218460122FFF7EFFC60E723F4FF7332
:10B2B80023F00103B8E700BF00ED00E01CE903003C
:10B2C80054C8030026FA030055FA030024E90300D2
:10B2D80070FA030095FA0300A7FA0300CAFA0300FC
:10B2E8002FE90300EAFA03000DFA0300F8F9030056
:10B2F8003DE9030012FB0300044B5A6942F01002B7
:10B308005A615A6942F480625A61704700ED00E060
:10B31800002320210348C2180133452B82F800136B
:10B32800F9D1704700E100E0BFF34F8F0549064BA4
:10B33800CA6802F4E0621343CB60BFF34F8F00BFCB
:10B34800FDE700BF00ED00E00400FA050023184601
:10B358000649D1F89020C2F30722934200DB7047D8
:10B36800C1F89830C1F8A0000133F6E700ED00E01D
:10B3780010B572B6002484F31388FFF7E7FF23465D
:10B388004FF0FF300C4A03F120010133102B42F833
:10B398002100F8D100234FF0FF30074A03F1600184
:10B3A8000133102B42F82100F8D162B6BFF34F8F5A
:10B3B800BFF36F8F10BD00BF00E100E0084B9B6832
:10B3C80083420BD1EFF3058343B1064B5A6842F031
:10B3D80080525A605A6A22F400425A6225F098B99B
:10B3E8008838002000ED00E01FB5094C094A2346C3
:10B3F8000121094800F054F900230393074B012168
:10B40800E41A01A80193029400F054F904B010BDA5
:10B41800000007200000002064CD0300001B00206E
:10B428000021014800F0A2B93042002010B50C7A82
:10B438000B6804F01F0223F01F031A43CB6864094A
:10B4480023F01F03054943EA440343F00103C1F80D
:10B458009800C1F89C20C1F8A03010BD00ED00E0B4
:10B468007FB50BAB059303930A9B08220293002335
:10B47800CDE9003218460122FDF75BFA07B05DF806
:10B4880004FB10B50728044686B012D90A4B0822D7
:10B4980003930A4B0490029300230949CDE9003233
:10B4A80018460122FFF7DCFF6FF01504204606B0AE
:10B4B80010BDFFF7BBFFF9E750E903002DFB0300C0
:10B4C800CCC7030030B50C684B6885B00A894D8934
:10B4D8000094013B24F01F04234402F01F0242EAB7
:10B4E800451223F01F0369468DF808200393FFF7E0
:10B4F800C8FF05B030BD2DE9F04F89461446064611
:10B508004FF00008564D8BB0C84532DAD6F804A083
:10B51800BAF1000F4FD0BAF11F0F19D91AF01F0F47
:10B5280016D1D6F800B01BF01F0F11D158462AF0DB
:10B538004DFA07460AEB0B0001382AF047FA874212
:10B548001BD06FF01507474B04970393464B04E055
:10B55800444BCDF810800393444B082202930023F8
:10B568004349CDE9003218460122FFF779FF6FF011
:10B57800150420460BB0BDE8F08F17F1160FE2D086
:10B58800BC42E0DDC5F89870D5F89C10C5F89870F5
:10B59800D5F8A03021F01F0143F01F0BD6E9003287
:10B5A8001A44994202F1FF3A1DD1D34507D13146D9
:10B5B800F8B2FFF787FF08F101080C36A4E7314617
:10B5C800C5F89870D5F89C3022F01F0203F01F03CD
:10B5D8001343C5F89C30E0B2FFF774FF10F1160F63
:10B5E800C5D0441CE7E7C5F89870D5F8A020013B02
:10B5F80023F01F0302F01F021343D3453146E0B284
:10B60800C5F8A030E8D0FFF75DFF10F1160FAED0F7
:10B61800C5F89870D5F89C209DF820300BF1FF3BB9
:10B6280062F304038DF82030D5F8A0309DF820206F
:10B638005B0863F347128DF82020D6E900321344E3
:10B64800069323F01F035B44A3EB0A03013023F0A6
:10B658001F0306A9C0B20993FFF713FFBEE700BF97
:10B6680000ED00E069E903007EFB030057FB0300DF
:10B67800CCC703000522044BC3F89420BFF34F8FB7
:10B68800BFF36F8F704700BF00ED00E0BFF35F8F1F
:10B698000022024BC3F89420704700BF00ED00E081
:10B6A80010B5034C2278FFF726FF207010BD00BFAD
:10B6B800304200202DE9F74F8A4606464FF0000831
:10B6C800274D284FA5F1040BD0451ADAD6F8049077
:10B6D800B9F1000F3FD03368184601932AF076F984
:10B6E800019B044609EB030001382AF06FF98442F4
:10B6F8004FF0140208D01C4B02FB08336FF0150200
:10B708005A6003B0BDE8F08F14F1160F2C60F8D022
:10B718009BF80030A342F4DD02FB08B1C7F898405B
:10B72800C7F89840D7F89C0001F10C03097C60F336
:10B7380004011971D7F8A0101879490861F3471066
:10B748001871D7F89C3023F01F036B60D7F8A0302E
:10B7580023F01F032B6108F1010814350C36B3E7F9
:10B768003442002000ED00E03042002070B50C4A61
:10B7780004461678002033460D460A49072B09DD92
:10B7880050680949FFF752FE324629462046BDE86F
:10B798007040B0E6C1F89830C1F8A0000133EDE779
:10B7A8003042002000ED00E03842002038B50E4D50
:10B7B8002C68082C15D80020FFF768FF0B4B0C4AA3
:10B7C800C3F8C020844205D10A4B00201C70FFF743
:10B7D80051FF38BD696801EB0011FFF727FE013002
:10B7E800F0E74FF0FF30F4E720CE030000ED00E073
:10B7F800AAFF44003042002008B50248F8F71EFDB1
:10B80800FEE700BFA5FB0300004870474EF00300A9
:10B8180008B503468C2B084606D83AB101220449DC
:10B828002AF05BFC002008BD1620FCE72220FAE77E
:10B838004EF003004FF0FF307047014B186070471F
:10B84800A00A00200239012902D8034B1B681847B7
:10B858004FF0FF30704700BFA00A0020FFF7F2BF8B
:10B86800FFF7F0BF0221FFF7EDBF2DE9F843023BD8
:10B87800012B06460C46154615D8B2B181B11746BC
:10B88800DFF82C8006EB0409D8F8003016F8010B15
:10B898009847013003D0B145F6D1013FF2D1EC1BF6
:10B8A8002046BDE8F8830024FAE71446F8E700BF0D
:10B8B800A00A002070B505460E462AF03DFC044655
:10B8C8000121024633462846FFF7CFFF201A18BF4A
:10B8D8004FF0FF3070BDFFF7C8BF08B50221FFF772
:10B8E800E9FF431C08D002210A20FFF7ABFF013013
:10B8F8004FF0FF3018BF002008BD00BF4B68012B78
:10B9080007DD0B6818700B6801330B604B68013B4F
:10B918004B60002070470CB410B586B009B90DF122
:10B928000B000024CDE9040109AB089A009404A98E
:10B9380005480393F9F7CFFA049B1C7006B0BDE8DD
:10B94800104002B0704700BF05B900000EB46FF098
:10B95800004110B5002487B009AB53F8042B0490BC
:10B968000591009404A905480393F9F7B4FA049BD8
:10B978001C7007B0BDE8104003B0704705B900005F
:10B9880010B586B009B90DF10F000024CDE9040106
:10B99800009404A90348F9F79EFA049B1C7006B0AA
:10B9A80010BD00BF05B900001FB5134600246FF095
:10B9B80000420290039200940A46044802A9F9F74B
:10B9C8008AFA029B1C7004B010BD00BF05B90000C4
:10B9D8000EB40FB50146002005AB53F8042B0090B8
:10B9E80004480393F9F777FA04B05DF804EB03B061
:10B9F800704700BF65B8000007B5134600220092E3
:10BA08000A4601460248F9F766FA03B05DF804FBF6
:10BA180065B800000FB41FB5002106AB53F8042B1E
:10BA28000548009102210393F9F755FA05B05DF82E
:10BA380004EB04B0704700BF65B8000007B50B46BB
:10BA480000210246009103480221F9F744FA03B0A5
:10BA58005DF804FB65B800002DE9F04700220023DB
:10BA680004460D4626F0FAFF002854D10022002390
:10BA78002046294626F0FCFF58B122462B46204690
:10BA8800294626F0CBFB02460B4626F0A9FEBDE868
:10BA9800F0872248C5F30A52101863EB0303A2F299
:10BAA800FF721A43294605D122462B46204626F026
:10BAB800B7FBECE7DB0F1B184FF0080A20464FF0E6
:10BAC80000085B081B0503F17F5325F0FF4203F5CF
:10BAD800401322F4E002DFF8489043EA02010646E8
:10BAE8000F4602460B462046294626F079FE324686
:10BAF8003B4626F095FB42464B4626F047FD80EA3A
:10BB0800060281EA0703052A73F10003BFDBBAF1D5
:10BB1800010AE4D1BBE720462946B8E701FCFFFF4C
:10BB28000000E03F2DE9F74FD0E9008BBBF1000F93
:10BB38000E4631DA6448002318EB00006BF100016F
:10BB4800624A27F0E1FA05468A46614C614F894608
:10BB58002422002104FB008430462AF088FBEF19D8
:10BB68004AF1000301935C4B98454FF0FF337BEBA0
:10BB7800030322DB281D49F100010722002327F0D7
:10BB8800C3FA544FB261EF1949F10003019300233E
:10BB98003846524A019924E00023404659464B4A08
:10BBA80027F0B2FA4A4C0546894604FB0084242251
:10BBB800002130462AF05BFBDCE7681D4AF10001F2
:10BBC8000722002327F0A0FA454B063298455BF17F
:10BBD8000E0BB261DBDA00234248404A28184AF1CA
:10BBE800000127F091FA48F6AC6240F2B4533E499E
:10BBF8004FF0640801FB0071B1FBF2F2B1FBF3F501
:10BC08000A44521B394D4FF4C87CB1FBF5F5521B61
:10BC180040F26D15B2FBF5F7B2FBF3F3B7FBF8FE94
:10BC2800AEEB03030B44992105FB173300FB0C70A3
:10BC380003EB830C0CF1020CBCFBF1F54FF0050A89
:10BC480069430231B1FBFAF103F10109A9EB0101E2
:10BC580040F2F959CC458CBF6FF0080C4FF0030C3B
:10BC6800A0F26C706544022D98BF0130B3F5997F3E
:10BC780005F1FF3517D3A3F599734FF46162F361AA
:10BC8800B4FBF2F302FB13443C22B360B4FBF2F3BF
:10BC9800C6E90450304602FB1344F1607360346017
:10BCA80003B0BDE8F08F17F0030F02D108FB1E7731
:10BCB8003FB9B2F5B67F8CBF002201223B33134453
:10BCC800DBE70122FAE700BF81AEFEFF80510100E9
:10BCD80080AEFEFF6CFA0A0000BAFAFFB13A020021
:10BCE800009EDA86BCBF08004FC5FDFFB03A0200CF
:10BCF8000149FFF717BF00BF4842002008B50448B4
:10BD0800F8F79CFA404080F311884FF0040002DFF6
:10BD1800ABFB03007FB50BAB05930393064B0822DF
:10BD280002930023CDE9003218460122FCF701FEF8
:10BD380007B05DF804FB00BFB4FB03001FB50A4B56
:10BD480000240393094B0122029308232046CDE9DE
:10BD5800004307492346FFF7DDFF22F093F90C2340
:10BD68000360204604B010BD8DE90300B4FB030056
:10BD780054C8030070470846FFF7E0BF70B5A0FB42
:10BD880001543CB92846FFF7D9FF064638B90026C2
:10BD9800304670BD22F076F90C230360F7E72A4697
:10BDA80021462AF064FAF3E7A1FB020208B51AB9A2
:10BDB800BDE80840FFF7C2BF22F064F90C23036016
:10BDC800002008BD22F05EB9F8B54FF02003EFF36C
:10BDD800118483F31288BFF36F8F836ADD0706D45B
:10BDE800FFF7F0FF092303604FF0FF3035E0B1F5AE
:10BDF800817F44D007D803292CD0042932D0FFF7FB
:10BE0800E1FF5F23EFE740F203139942F7D1D2E94C
:10BE180000329988CD070AD5D0E908152943D98871
:10BE280018BF41F00101D980116814311160998857
:10BE3800490722D5D0E90851023571F1FF3134BFE5
:10BE480001200020D98841EA8001D9801368143381
:10BE5800136012E044F20200184084F31188BFF323
:10BE68006F8FF8BD126822F4804323F002031BB1E0
:10BE7800FFF7A8FF1623B6E782620020EDE7916876
:10BE8800D2E90053AA88D7071AD51A68914203D174
:10BE9800FFF798FF0C23A6E7012710611A68567B65
:10BEA80067F3050656731A68967B6FF34516967303
:10BEB8001A68D6686FF39436D6601A6814321A6016
:10BEC800AA885607D9D51A689142E1D01030106176
:10BED80001201A68517B60F3050151731A68917B40
:10BEE8006FF3451191731A68D1686FF39431D1607B
:10BEF8001A6814321A60C0E738B5836A0446DB074B
:10BF080028D5D1E90032B2F1FF3F08BFB3F1FF3FB6
:10BF180023D0D0E908505B1942414FF0000128BFF7
:10BF28000121E9B9B2F1FF3F08BFB3F1FF3F17D0D4
:10BF3800B2F1FF3F08BF13F1020FC4E9083203D181
:10BF480004F1100025F07CFA0021204625F080FA43
:10BF5800002038BD6FF00800FBE76FF01500F8E728
:10BF68006FF00A00F5E72DE9F3411F460023072A81
:10BF780005460E46CDE9003309D8FFF723FF1623FF
:10BF88004FF0FF340360204602B0BDE8F08119B9D4
:10BF9800FFF718FF0E23F3E74FF02003EFF31188A4
:10BFA80083F31288BFF36F8F836A5B040DD5B8479C
:10BFB800041E53DAFFF706FF644204604FF0FF34B3
:10BFC80088F31188BFF36F8FDDE722F0CFFB20B134
:10BFD800FFF7F8FE0B230360F0E76A46284620497E
:10BFE80001ABF7F761FF88F31188BFF36F8F0098F3
:10BFF8004FF0FF324FF0FF3322F028FF4FF02003BD
:10C00800EFF3118883F31288BFF36F8F3146284608
:10C01800B84710F10B0F044611D0E8B1FFF7D2FE74
:10C02800644204604FF0FF3488F31188BFF36F8FC8
:10C03800019824F099FC009822F084FFA3E788F384
:10C048001188BFF36F8FDDE900104FF0FF324FF01A
:10C05800FF3324F0C7FCD1E70824E5E70824AFE75D
:10C0680070CD0300004B7EE701BF0000004B7AE76C
:10C0780021C10000002373B50546CDE9003322F045
:10C0880075FB044640B1FFF79DFE0B234FF0FF34CC
:10C098000360204602B070BD6A4628461A4901ABC3
:10C0A800F7F702FF00984FF0FF324FF0FF3322F00E
:10C0B800CDFE4FF02003EFF3118683F31288BFF310
:10C0C8006F8FAB6ADB0710D4FFF77CFE09234FF0B4
:10C0D800FF34036086F31188BFF36F8F019824F053
:10C0E80061FC009822F02EFFD3E7084B084AEB1AB0
:10C0F8001B115A430121074828F074FA0022002333
:10C10800AC62C5E90823E5E770CD0300A023002051
:10C11800ABAAAAAAA40A002038B50446806AC507B3
:10C1280024D5D4E9082352EA030522D0800716D57E
:10C1380001220023C1E90023D4E90832013B42F17E
:10C14800FF32C4E90832134302D1204625F078F9BA
:10C15800002104F1100025F07BF9002038BDC1E969
:10C16800002300220023C4E90823EEE76FF008004B
:10C17800F4E76FF00A00F1E72DE9F34721F480486E
:10C1880028F0020881460F46B8F1000F09D0FFF7E2
:10C1980019FE162303604FF0FF34204602B0BDE8B5
:10C1A800F08701211C4801AA28F0C9F9002803DA00
:10C1B800FFF708FE0C23EDE73023019EDFF85CA0B3
:10C1C8005E43F7F7BBFE041E0AEB060505DA0121FC
:10C1D800019A114828F006FADDE747F00107103602
:10C1E800C5E90898AF625644304625F024F9284638
:10C1F80025F021F9B9F1000F03D04146284625F072
:10C2080027F90021304625F023F929462046044A1B
:10C21800F7F7D0FEC1E700BFA40A0020A023002042
:10C2280070CD030010B509220C460749F7F720FE28
:10C2380030B108222146054BFFF795FEC01710BD07
:10C248004FF0FF30FBE700BF70CD030021C10000B5
:10C2580007B50949CDE900230922F7F709FE40B1DE
:10C2680008226946054BFFF77EFEC01703B05DF84C
:10C2780004FB4FF0FF30F9E770CD030001BF000069
:10C2880037B5044678B9094C254621F0FBFE00680D
:10C29800FFF7BAFA2B460090224605490320FFF71C
:10C2A80097FB03B030BD034DEFE700BF4EF003002E
:10C2B800E2FB030059F5030070B54FF47A754FF4AB
:10C2C800004605FB00F4002140F2E7304FF47A7293
:10C2D8000023E4FB060126F067FF24F0B5F9B0FB64
:10C2E800F5F070BD08B50A4B984206D921F0CAFE90
:10C2F800162303604FF0FF3008BD24F0BFF9002873
:10C3080003DD21F0BFFE0423F3E70020F4E700BFBC
:10C318003F420F00836D03B9C365D0E91030184759
:10C32800042873B50D46164604D119B10B68013BB4
:10C33800012B08D921F0A6FE16234FF0FF34036025
:10C34800204602B070BD40F6CD420023134801A933
:10C3580022F054F90446D0B960220146019829F028
:10C3680086FFEB68019800220364AB68C0E91644B5
:10C3780043640023C0E9122304652B68012B0AD10A
:10C388002246214624F0D8FD019B3360D8E721F0EE
:10C3980079FE0C23D1E722460149F3E7F415002082
:10C3A8001DC3000038B50C46054630B921F06AFEB9
:10C3B800162303604FF0FF3038BDC36D012B1BD12E
:10C3C80024F046FC4FF47A72A0FB0231DB0B43EAFF
:10C3D8004143B3FBF2F20020094901FB023309494A
:10C3E80083FB0131C4E90420A36105F148000FC8AB
:10C3F80084E80F000020DFE7002210461346F1E72B
:10C4080018FCFFFF40420F002DE9F3470F46154681
:10C418001946044630B1394B92689A4202D8AA6943
:10C428009A4208D921F02EFE162303604FF0FF3000
:10C4380002B0BDE8F08709B1FFF7B4FFD5E90432CF
:10C4480013430BD1AB694BB9E36D012B02D12046E5
:10C4580024F0B6FD0023E3650020E9E7AB6828492E
:10C468004FF47A76B3FBF1F32A6806FB0233A3652F
:10C47800D5E90023C4E91223AB6823652B69AD69AC
:10C48800B5FBF1F506FB03557B070BD5204624F0D9
:10C49800DFFBA0FB0606C30B43EA46439D4294BF5D
:10C4A8000025ED1AE36D012B02D1204624F088FD0A
:10C4B80040F2E73700264FF40048BC4631460123D6
:10C4C800A06DE365E0FB08C14FF47A726046002373
:10C4D80026F06AFE82468946384631464FF47A721B
:10C4E8000023E5FB080126F05FFE02460B462046C6
:10C4F800CDE900A924F034FDAEE700BFFFC99A3B9F
:10C5080040420F0008B530B921F0BCFD1623036086
:10C518004FF0FF3008BD24F070FD01381428A8BF83
:10C528001420F7E710B5044630B921F0ABFD162307
:10C5380003604FF0FF3010BDC36D012B03D1002302
:10C54800C36524F03DFD0348214622F085F800200C
:10C55800F1E700BFF415002038B50546064B1C6806
:10C568000CB9204638BD2946A06C29F0ECFD0028FE
:10C57800F7D02468F4E700BF6C42002021F082BDA8
:10C5880038B5DDE9045430B9FFF7F8FF0923036033
:10C598004FF0FF3038BD836840685B0448BF002512
:10C5A800C36948BF2C46934203D2FFF7E7FF7A23BB
:10C5B800EDE72A4623460C3022F015FB0028E9D087
:10C5C8002C430CBF0B247424FFF7D8FF0460DFE76B
:10C5D80070B50446DDE9046530B9FFF7CFFF0923DC
:10C5E80003604FF0FF3070BD4068C369934203D9C0
:10C5F800FFF7C4FF7A23F3E7A3685B0444BF002670
:10C60800354632462B460C3022F04DFB38B13543C7
:10C618000CBF0B247424FFF7B1FF0460E1E76368E3
:10C62800D869E0E7014822F079BE00BF3018002041
:10C6380002460B46014822F097BE00BF3018002082
:10C6480038B50446002500F14403D3E8EF2FAA4289
:10C6580003D1C3E8E15F0029F7D126D14FF0FF31BC
:10C668004FF0FF30FFF7E4FF104A116851B18C42D8
:10C6780018D1216885B9536811609C4200D1516076
:10C6880000232360FFF7CEFF606825F03AFBA0681F
:10C69800BDE8384025F035BB296051688C4208BF99
:10C6A8005560EDE70D460968E0E738BD6C420020AB
:10C6B8000EB42DE9F34F0BAB53F8048B064618F470
:10C6C800007501930CD110BBFFF758FF16234FF0EC
:10C6D800FF350360284602B0BDE8F04F03B070474D
:10C6E8005F68002FF0D0D7E901A90028ECD0B9F194
:10C6F800000FE9DDBAF1000FE6DD304629F01CFD38
:10C708000130102807D9FFF739FF5B23DFE7AA4676
:10C71800A9462F46F1E74FF0FF304FF0FF31FFF702
:10C7280087FF3046FFF718FF0446FFF77BFF44B149
:10C7380008F42063B3F5206F08D1FFF71FFF11231A
:10C74800C5E71DB9FFF71AFF0223C0E70C2025F043
:10C75800E5FA0546002869D00C22002129F087FD5A
:10C768002D60002C66D1BB68102B02DD7B68102B76
:10C778005CDC4C2025F0D2FA0446002853D04C2229
:10C78800002129F074FD3046A46029F0D5FC013061
:10C7980025F0C4FA0746002842D0304629F0CCFCE0
:10C7A8000AFB09FB421C0021384629F060FD31468E
:10C7B8003846A76429F087FC584625F0AFFA0646A4
:10C7C80058B35A46002129F052FD0122666004F14F
:10C7D8004403D3E8EF1FC3E8E02F0028F9D15346FC
:10C7E8004A46616804F10C0022F0AEF94FF0FF30C0
:10C7F8004FF0FF31FFF71CFF00232360124B5A68EC
:10C8080042B9C3E90044FFF70DFF08F480436C60A8
:10C81800AB605FE714605C60F5E7384625F071FAB5
:10C82800204625F06EFA284625F06BFAFFF7A6FE9B
:10C838001C234CE704F14403D3E8EF1F0131C3E89C
:10C84800E21F002AE1D0F7E76C42002010B5044649
:10C8580030B9FFF793FE092303604FF0FF3010BD96
:10C8680043684433D3E8EF1F0139C3E8E21F002AC5
:10C87800F8D16068836C0BB9FFF7E2FE206825F0F9
:10C8880040FA0020EBE738B504464FF0FF314FF08F
:10C89800FF30FFF7CDFE2046FFF75EFE044640B9A5
:10C8A800FFF7C0FEFFF76AFE092303604FF0FF3071
:10C8B80038BD0025806C25F024FAA564FFF7B2FE88
:10C8C8002046FFF7BDFE2846F2E737B54FF0FF34A4
:10C8D8004FF0FF35CDE90045FFF752FE03B030BDFC
:10C8E800F7B50546089817460E4600F007F94FF4C5
:10C8F800004C20EAE074002140F2E7300023C4FB3A
:10C908000C014FF47A7226F04FFC3A46CDE900014B
:10C9180031462846FFF734FE03B0F0BD37B54FF077
:10C92800FF344FF0FF35CDE90045FFF751FE03B066
:10C9380030BDF7B50546089817460E4600F0DEF8F4
:10C948004FF4004C20EAE074002140F2E730002365
:10C95800C4FB0C014FF47A7226F026FC3A46CDE966
:10C96800000131462846FFF733FE03B0F0BD30B56D
:10C978000C46054685B038B9FFF700FE0923036069
:10C988004FF0FF3005B030BD4FF0FF304FF0FF31B2
:10C99800FFF74EFE68680C3001A922F07DF9AB68FC
:10C9A8002360029B6360019BA360039BE360FFF726
:10C9B80039FE0020E6E770B50E460546114638B93F
:10C9C800FFF7DCFD09234FF0FF340360204670BDFC
:10C9D800336833F4804403D0FFF7D0FD1623F2E721
:10C9E8000AB1FFF7C4FF4FF0FF304FF0FF31FFF7F8
:10C9F8001FFE3368AB60FFF715FEE7E7034600202C
:10CA0800C3E9000070474FF0FF33C0E9003300204E
:10CA180070474B1E3E2B10B506D921F033FB162369
:10CA280003604FF0FF3010BD01224C1150F8243044
:10CA380001F01F018A40134340F824300020F2E738
:10CA48004B1E3E2B10B506D921F01CFB16230360A4
:10CA58004FF0FF3010BD01224C1150F8243001F086
:10CA68001F018A4023EA020340F824300020F1E73E
:10CA780008B54B1E3E2B06D921F004FB1623036094
:10CA88004FF0FF3008BD4B1150F8230001F01F0193
:10CA9800C84000F00100F5E7421E3E2A08B50346EB
:10CAA80005D921F0EFFA162303600A4808BDA0F162
:10CAB80020021F2A07D81346074A16210748FEF7FF
:10CAC8002AFF0648F2E7064A52F820000028EDD16E
:10CAD800044AF2E7EAFB0300F9FB03001D500020BB
:10CAE80080CD030006FC030008B55822024929F04E
:10CAF800B3FB002008BD00BF94E903007FB50446DE
:10CB080004206946F3F704FDD4E90031009AA068CF
:10CB18009D1A019A61EB02010029029A1CDB801A16
:10CB280055EA01024FEAE07605D10D4A82424FF0FC
:10CB38000002B2410DDA4FF47A72A5FB02540023C9
:10CB480002FB01443146074A26F0DEFA2D1844EB71
:10CB58000101284604B070BD00252946F9E700BF49
:10CB68003F420F0040420F0038B50025074C2046D1
:10CB780022F05CF904F11C00013523F0E9FE052DD3
:10CB880004F13404F3D1002038BD00BF7442002002
:10CB980013B5002802DB002002B010BD20F00044CD
:10CBA8002146074801AA27F059FC0028F3DB019B1E
:10CBB800002BF0D03423034803FB0400ECE700BF4C
:10CBC800B00A00207442002070B50068FFF7E0FF4B
:10CBD800044620B34FF0FF324FF0FF3322F036F90E
:10CBE800236BE26A01339342236304F11C0612D1DA
:10CBF800002301252363304623F0B6FE204622F0A9
:10CC0800A1F9284670BD4FF0FF324FF0FF3321469F
:10CC1800304623F0E7FE256B002DF4D1EBE716250F
:10CC2800EFE737B5054614469AB101210B4801AA2A
:10CC380027F085FC00280EDB34220020019B0849E0
:10CC480002FB031143F00043CC6208632B6003B07E
:10CC580030BD1620FBE70C20F9E700BFB00A002022
:10CC68007442002038B50068FFF792FF0546F0B11E
:10CC78004FF0FF324FF0FF3322F0E8F8002801DAD6
:10CC8800404238BD00240B4B0B4AEB1A9B10012184
:10CC98005A43C5E90B44094827F0A4FC05F11C00D8
:10CCA80023F080FE284622F04DF92046E9E71620B9
:10CCB800E7E700BF74420020C54EECC4B00A00206C
:10CCC800034600201860704701299ABF01600020C0
:10CCD8006FF015007047036800200B607047002054
:10CCE800704700BF13B5002802DB002002B010BD5A
:10CCF80020F000442146064801AA27F0AFFB00288F
:10CD0800F3DB019B002BF0D0024800EB0410EDE7A9
:10CD1800BC0A00207C43002013B5044601AA012167
:10CD2800074827F00CFC0028B1BF0020019B0548EC
:10CD380043F00042A4BF00EB0310226002B010BD14
:10CD4800BC0A00207C430020F8B5054608461E466C
:10CD5800174600F0E3F904462868431C0FD0FFF794
:10CD6800C1FF80B17CB13A463346214623F03AFEF2
:10CD780010F10B0F09D00028B8BF4042F8BD284673
:10CD8800FFF7CAFFEDE71620F8E77420F6E738B595
:10CD98000024054D2846013423F0DAFD052C05F161
:10CDA8001005F7D1002038BD7C43002008B5036882
:10CDB8005A1C09D01846FFF795FF40B123F0D4FD5F
:10CDC800002806DA404208BDFFF7A6FFF5E716205F
:10CDD800F9E70020F7E708B50068FFF783FF28B1F7
:10CDE80023F0E0FD002803DA404208BD1620FCE7E6
:10CDF8000020FAE74FF0FF324FF0FF33A4E770B599
:10CE0800054610460E461446FFF778FE002819DD41
:10CE18002046FFF773FE0346C41740F2E732E403E7
:10CE280044EA5344DB03981844F100014FF47A7242
:10CE3800002326F0B9F902460B4628463146BDE8DC
:10CE4800704081E700231C46E7E708B54FF0FF3341
:10CE58000360FFF761FF00280CBF0C20002008BD0D
:10CE680010B504460068FFF73DFF58B1064A012196
:10CE7800821A1211054827F0B5FB4FF0FF33002046
:10CE8800236010BD1620FCE77C430020BC0A00206C
:10CE980004230360002070470020704703680020C7
:10CEA8000B607047012901D0042902D101600020DC
:10CEB80070476FF01500704713B5002802DB00209B
:10CEC80002B010BD20F000442146074801AA27F00F
:10CED800C5FA0028F3DB019B002BF0D00C23034894
:10CEE80003FB0400ECE700BFC80A0020D043002081
:10CEF8004FF0FF33F7B5036005460E460D48012194
:10CF080001AA27F01CFB002811DB0C22019C0A4F08
:10CF180044F0004354432B603D190021284629F072
:10CF2800A6F900203851C5E9010603B0F0BD0C2070
:10CF3800FBE700BFC80A0020D043002070B54FF0BF
:10CF48002003EFF3118683F31288BFF36F8FFFF787
:10CF5800B3FF044628B986F31188BFF36F8F1620F4
:10CF680070BD03680BB11D6853B9002201210D483B
:10CF780027F038FB86F31188BFF36F8F0020EFE7A7
:10CF8800206828B1626803689042236008BF636024
:10CF980024F0B7FE1DB12A682B461546E4E72A4659
:10CFA800FAE700BFC80A00202DE9F0410F46044601
:10CFB80000F080FA00F057FA05464FF02003EFF32F
:10CFC800118883F31288BFF36F8F2046FFF774FF31
:10CFD800044630B988F31188BFF36F8F1620BDE877
:10CFE800F081D5F8E8609EB9102024F097FE10B3C0
:10CFF800C0E902474660D5F8EC20031DA2B9C5E98F
:10D008003A3300230360636893B9C4E9000003E07E
:10D018007368A34206D1B760002088F31188BFF374
:10D028006F8FDCE73668DEE71360C5F8EC30E8E7B9
:10D0380018606060F0E70C20EFE770B5054600F077
:10D0480039FA00F010FA04464FF02003EFF3118686
:10D0580083F31288BFF36F8F2846FFF72DFF20B99F
:10D0680086F31188BFF36F8F70BDD4F8E8301BB119
:10D078005A68824206D19B6886F31188BFF36F8F86
:10D088001846F1E71B68F2E713B5002802DB002019
:10D0980002B010BD20F000442146074801AA27F03D
:10D0A800DDF90028F3DB019B002BF0D01C2303489B
:10D0B80003FB0400ECE700BFD40A00201044002062
:10D0C80013B5044601210B4801AA27F038FA0028B5
:10D0D8000DDB019B43F0004222601C22064C02FB40
:10D0E8000344204621F0A2FE204602B010BD0024D1
:10D0F800FAE700BFD40A00201044002038B5002405
:10D10800054D2846013421F091FE052C05F11C053A
:10D11800F7D1002038BD00BF1044002003685A1C16
:10D1280001D01846B0E7CBE72DE9F84317461E466D
:10D13800FFF7F4FF044610B91620BDE8F8832D4B1D
:10D148002D49C21A921001FB023393F88C804FF0DC
:10D158002003EFF3118583F31288BFF36F8FD0F8A4
:10D16800109023F0BFFA81450ED085F31188BFF3E4
:10D178006F8F3A463346204621F068FE10F10B0FB8
:10D1880034D16FF0730033E0B8F1010F12D0B8F169
:10D19800020F1FD0B8F1000F17D13E4320D085F3FE
:10D1A8001188BFF36F8F4FF0FF314FF0FF3023F03E
:10D1B8004BFAF8E747F6FE7362699A42D5D985F3C8
:10D1C8001188BFF36F8F0B20B7E785F31188BFF382
:10D1D8006F8FB1E785F31188BFF36F8F2D20ACE710
:10D1E80085F31188BFF36F8F1020A6E70028A4DA13
:10D1F8004042A2E710440020B76DDBB600220023AE
:10D2080092E770B505460846FFF778FC4FF40046EC
:10D2180020EAE074002140F2E7304FF47A720023EC
:10D22800C4FB060125F0C0FF02460B462846BDE8B0
:10D23800704079E74FF0FF3310B503600C46FFF7F5
:10D248003FFF60B14CB9074B074AC01A801002FB78
:10D258000033002083F88C4010BD2478F3E70C20BD
:10D26800FAE700BF10440020B76DDBB64FF0FF327D
:10D278004FF0FF3358E708B50068FFF705FF28B1FE
:10D2880021F060FE002803DA404208BD1620FCE7C2
:10D298000020FAE710B504460068FFF7F5FE40B134
:10D2A80022680121044822F0004227F09BF900205F
:10D2B80010BD1620FCE700BFD40A0020002008603B
:10D2C8007047036800200B60704702299ABF01600D
:10D2D80000201620704700BF052010B5064B074AEE
:10D2E800546803F1E0010138C3E93824216003F5EB
:10D2F80080735160F4D110BDE8230020080000209D
:10D3080070B504460E46D0F8E8504DBB4FF02003E8
:10D31800EFF3118583F31288BFF36F8FD4E93821B7
:10D3280013480A605160C26804F1E00300F1080183
:10D33800C4E938121360C3600223C4F8F46084F8A7
:10D34800FB3085F31188BFF36F8F40F6CD42002381
:10D35800103022F053FC2046BDE87040FEF72EB88E
:10D368006B689B680BB1A86898472D68CDE700BF2C
:10D378000800002006460D4608B523F0B3F9044618
:10D388003046A84701462046FFF7BAFFF7B568467A
:10D39800CDE900004FF02003EFF3118683F31288E4
:10D3A800BFF36F8F2E490B4653F8082F9A421ED0B1
:10D3B800EAB1CB68A2F1E00493424ED0136803B1FE
:10D3C800E03B927E012A11D01A46234602E0012C46
:10D3D8000DD00022D3E938573D606F60019D03F1FD
:10D3E800E004C3E9380513462C600194CBB986F3F1
:10D3F8001188BFF36F8F009B83420FD04FF020033B
:10D40800EFF3118683F31288BFF36F8F0022009B1E
:10D41800834216D186F31188BFF36F8F03B0F0BD36
:10D428001346CC6803F1E002944293F8FA40CED058
:10D43800D3F8E020002ACAD0012CA2F1E002C9D119
:10D44800EEE7D3E900452C606560C3E900224C682B
:10D45800C3E9001423604B60D9E70023B1E700BF9C
:10D468000800002092E7002820F000421DDA042A74
:10D478001BD84FF02001EFF3118381F31288BFF31B
:10D488006F8F0B4800EB022090F8FB204AB1B0F8F0
:10D49800FA20B2F5007F04D083F31188BFF36F8FB1
:10D4A800704783F31188BFF36F8F0020704700BF68
:10D4B800E823002008B523F015F9034BC01A001221
:10D4C80040F0004008BD00BFE823002070B50446C6
:10D4D8000D6808B9162070BDC369002BFAD04669DB
:10D4E800304629F088F88542F4D3304629F08FF881
:10D4F8008542EFD800202560EDE719B1C0E9011297
:10D50800002070470D2070472DE9F04F0C46524E11
:10D5180093B00AAD814690461F460FCE0FC596E8D8
:10D528000F0085E80F006CB3E369002B00F09180D1
:10D538006368002B00F08D80A368002B00F08980C1
:10D548006369022B00F28580A369012B00F28180B8
:10D55800E368D9077DD4A246FFF718FF4FF02003F0
:10D56800EFF3118683F31288BFF36F8F3B490B6883
:10D578008B4211D186F31188BFF36F8F0B2013B044
:10D58800BDE8F08F2146204629F0F2FF0B900028D5
:10D59800F4D00DF1280ADFE7D3E9000528604560DB
:10D5A80000201D46C3E900004A6C01F1400E45F811
:10D5B800E0E95A6013604B640121D976DAF8181053
:10D5C8009976DAF80C10C3E90200CA0748BF187642
:10D5D8005876002C3BD1DAF80410196186F31188CB
:10D5E800BFF36F8F0024DAE903BE4FF4004C2146E5
:10D5F80040F2E730DAF80430DAF800600893DAF835
:10D6080008304FF47A720993DAF81430EEFB0C0103
:10D61800012B4FF000030CBFF643C6F10E0625F0B0
:10D62800C3FD0F4BCDE90601DDE908122846CDE917
:10D63800036BCDE90184009721F0B2F9094B20462C
:10D64800ED1A2D1245F00045C9F8005097E7002162
:10D65800C3E7162093E700BF00CE030008000020B0
:10D668007DD30000E8230020012838B504460D4684
:10D6780001D9162038BD23F035F8124BC01A001214
:10D6880040F00040FFF7EFFE0028F2D04FF02001F5
:10D69800EFF3118281F31288BFF36F8F90F8F810BF
:10D6A800296090F8F93080F8F84082F31188BFF3C8
:10D6B8006F8F24B91BB14FF0FF31FFF721FE002017
:10D6C800D8E700BFE823002008B5FFF7CCFEC0B1BB
:10D6D8004FF02001EFF3118281F31288BFF36F8FAF
:10D6E800012190F8F83080F8F91082F31188BFF31F
:10D6F8006F8F0BB1002008BD4FF0FF31FFF700FE20
:10D70800F8E70320F7E7F8B50C461646FFF7ABFE37
:10D718000546C8B1022C01D91620F8BD2046376845
:10D7280028F069FF8742F7D3204628F070FF874228
:10D73800F2D83168012C0CBFC943C1F10E0128464B
:10D7480022F0FFFE0020E8E70320E6E708B528B14D
:10D758002022034928F080FD002008BD0C20FCE7AA
:10D7680000CE030038B50D461446FFF77CFE60B1C5
:10D7780022F0E4FE0028B9BFC04301230223C0F110
:10D788000E002B602060002038BD0320FCE738B570
:10D7980004460D464FF0FF334FF0FF32074821F0A3
:10D7A80055FB236823B1636813B9A8470123636055
:10D7B800024821F0C7FB002038BD00BF80170020B9
:10D7C800064608B522F08EFF0F4B0546C31A1B12FA
:10D7D80043F00040FFF747FE044610B92846FDF71E
:10D7E800EDFD4FF02002EFF3118382F31288BFF3AF
:10D7F8006F8F002284F8F82083F31188BFF36F8FAE
:10D8080031462046FFF77CFDE823002038B5044662
:10D818000D4622F067FF204BC31A1B1243F000434A
:10D828009C4236D02046FFF71EFE044608B9032066
:10D8380038BD4FF02002EFF3118382F31288BFF353
:10D848006F8F90F8FA20012A05D083F31188BFF36F
:10D858006F8F1620ECE790F8FB208AB1002280F841
:10D86800FA2083F31188BFF36F8F4FF0FF324FF028
:10D87800FF3322F0B5FF45B9FFF788FD0020D7E751
:10D8880083F31188BFF36F8FD1E7D4F8F4302B609E
:10D89800F2E72D20CCE700BFE823002008B5FFF70A
:10D8A800E2FD0346C0B14FF02001EFF3118281F38E
:10D8B8001288BFF36F8F90F8FB1059B190F8FA10E7
:10D8C800012907D1002083F8FA0082F31188BFF3F9
:10D8D8006F8F08BD1620F8E70320FAE728B1C3695F
:10D8E8001BB1836900200B6070471620704730B168
:10D8F800C36923B1012902D881610020704716202D
:10D90800704728B1C3691BB1436900200B60704799
:10D918001620704730B1C36923B1022902D841618A
:10D92800002070471620704728B1C3691BB183686F
:10D9380000200B6070471620704720B1C36913B1EF
:10D948008160002070471620704738B1C3692BB139
:10D9580043680B6083680020136070471620704787
:10D9680028B1C3691BB1036800200B6070471620FB
:10D978007047034620B1C26912B10020D8617047D0
:10D988001620704720F00040042805D8044B03EB0C
:10D99800002019B120F02EBF0320704716207047D1
:10D9A800E823002070B520F00045042D0C461646EB
:10D9B8000DD871B10021204628F059FC06482146AF
:10D9C800721E00EB0520BDE8704020F025BF032043
:10D9D80070BD1620FCE700BFE8230020431A584218
:10D9E800584170472DE9F84306460D4623F0E8F9FB
:10D9F8006A1C0446884619D04FF4004C40F2E730C0
:10DA0800002125EAE5774FF47A720023C7FB0C0161
:10DA180025F0CAFB02460B4606F12007384621F0DE
:10DA2800A3FC814630B11020BDE8F8834FF0FF32E7
:10DA38001346F1E76B1C0DD14FF0FF32134606F188
:10DA4800400021F091FC0446B0BB22F04BFE70660A
:10DA58002046E9E723F0B4F903464FF47A70A3FBB4
:10DA6800003200FB0121A4FB004200FB0822DB0B73
:10DA7800E40B43EA414344EA42441B1B4FEAD131D9
:10DA880061EBD231EA17AB42914104DAA5EB030905
:10DA9800B9F1FF3FD0D04FF4004440F2E730002105
:10DAA80029EAE9794FF47A720023C9FB040125F0C9
:10DAB8007BFB02460B46C2E7384621F02FFCB2E753
:10DAC800F8B54B1C054600F1200624D021EAE17484
:10DAD8004FF4004740F2E73000214FF47A720023F8
:10DAE800C4FB070125F060FB02460B46304621F0D7
:10DAF8003BFC044698B90022002305F1400021F0C0
:10DB080033FC00220023284621F02EFC304621F069
:10DB180005FC2046F8BD4FF0FF321346E6E710201B
:10DB2800F8E710B504460622114621F0DFFB012272
:10DB380004F12000114621F0D9FB012204F1400034
:10DB4800114621F0D3FB01230020C4E9183010BD91
:10DB5800026E03463AB1406E18B9012A03D118661D
:10DB680070471020704716207047036E13B14FF0AE
:10DB7800FF31A5E71620704710B50446236E084606
:10DB88006BB18A68074B9A4209D8FEF7B7FF01467E
:10DB98002046FFF795FF002818BF742010BD1620F7
:10DBA800FCE700BF00CA9A3B036E0BB1002187E770
:10DBB80016207047036E13B14FF0FF3112E716209D
:10DBC800704710B50446236E08466BB18A68074B48
:10DBD8009A4209D8FEF792FF01462046FFF702FF56
:10DBE800002818BF742010BD1620FCE700CA9A3B15
:10DBF800036E0BB10021F5E61620704710B5036ED1
:10DC08000446CBB122F06EFD636E83420BD1002334
:10DC1800636604F1400021F081FB04F1200021F04B
:10DC28007DFB002010BD204621F078FB2369062BE0
:10DC3800F7D104F14000F2E71620F3E720F022BA0A
:10DC480010B530B9FFF7FAFF162303604FF0FF3025
:10DC580010BD04691CB1FFF7F1FF1023F5E721F0AF
:10DC6800ABFB2046F4E708B530B9FFF7E7FF16230A
:10DC780003604FF0FF3008BD036900200B60FAE72E
:10DC8800B2F5004F114608B506D3FFF7D7FF1623A4
:10DC980003604FF0FF3008BD47F6FF7221F026FB06
:10DCA8000020F8E708B530B9FFF7C8FF162303606E
:10DCB8004FF0FF3008BD21F031FB0020FAE77FB5B7
:10DCC8004B680546002B0C4603DB8A681F4B9A42BB
:10DCD80004D9FFF7B3FF1623036005E00120694666
:10DCE800F2F716FC002803DA4FF0FF3004B070BDDD
:10DCF80023681749A4684FF47A72B4FBF1F402FB65
:10DD08000344029B4FF40046B3FBF1F3009940F241
:10DD1800E73002FB0133A342A8BF00244FF0000103
:10DD2800B8BFE41A24EAE4744FF47A720023C4FBFF
:10DD3800060125F039FA02460B46284621F014FB65
:10DD48000028D3D0FFF77AFF7423C5E7FFC99A3BB1
:10DD580040420F0008B50022002321F005FB1030D7
:10DD680006D1FFF76BFF0B2303604FF0FF3008BDB0
:10DD78000020FCE708B54FF0FF324FF0FF3321F0E9
:10DD8800F3FA002008BD00BF13B510B9002002B097
:10DD980010BD0468002CF9DA24F000442146064836
:10DDA80001AA26F05BFB0028F0DB019B002BEDD0DD
:10DDB80002482044EBE700BFE00A0020A844002006
:10DDC80013B5044678B101290DD80121084801AAE4
:10DDD80026F0B5FB002808DB0020019B43F0004338
:10DDE800236002B010BD1620FBE70C20F9E700BF46
:10DDF800E00A002008B5FFF7C7FF38B1044A01213F
:10DE0800821A044826F0EEFB002008BD1620FCE725
:10DE1800A8440020E00A002008B5FFF7B5FF70B15C
:10DE28004FF02003EFF3118283F31288BFF36F8F53
:10DE3800044BC01A03EB800300209A6008BD16202B
:10DE4800FCE700BFA844002008B5FFF79DFF70B1AC
:10DE58004FF02003EFF3118283F31288BFF36F8F23
:10DE6800044BC01A03EB800300209A6008BD1620FB
:10DE7800FCE700BFA844002008B5FFF785FF50B1B4
:10DE8800064BC01A03EB80039B6883F31188BFF32A
:10DE98006F8F002008BD1620FCE700BFA8440020B3
:10DEA8001022174B70B5C3F840244FF47F03D3F802
:10DEB8003021D3F83431072A1BD1023B032B02D877
:10DEC800104AD35CABB14FF0502401260025052041
:10DED800C4F81866C4F8145619F065FB3046C4F83F
:10DEE800146619F060FBC4F81456C4F818560020DC
:10DEF80070BD4FF050230022C3F81426F7E700BF87
:10DF080000300050ECE9030070B50C4B1968D86874
:10DF1800D3E901524A4080EA050485EA02065E60B8
:10DF280082EA452281EA04064FEA745408441E60D6
:10DF38009A60DC6001EB706070BD00BFC8440020CF
:10DF480010B50F480F4C8368102221461B6898476C
:10DF580010B90123237410BD19F00EF9206019F0CF
:10DF68000BF9094B4340636019F006F9074B43402E
:10DF7800A36019F001F9064B4340E360EBE700BFEB
:10DF88006CC30300C8440020B0C2649BD4D2D386BB
:10DF980078E20AA008B5044820F03EF800280CBF33
:10DFA8006FF01200002008BD6CC3030008B5044BD5
:10DFB8001B7C0BB9FFF7C4FFBDE80840A4E700BF0E
:10DFC800C844002073B50E4B04461B7C8E0801F034
:10DFD80003050BB9FFF7B4FF04EB8606B4420AD178
:10DFE8003DB1FFF791FF2A46019001A9204628F08C
:10DFF80033F902B070BDFFF787FF44F8040BEDE773
:10E00800C844002010B503460548826814688AB2DF
:10E018001946A0470028B4BF6FF00400002010BDC7
:10E028006CC303000E4B402928BF402170B51D4624
:10E038000C4C4618B04203F1020304D1002305F842
:10E048001130074870BD02781209A25C03F8022C4F
:10E0580010F8012B02F00F02A25C03F8012CE9E78B
:10E06800335000200AEA030010B5037886B0049301
:10E078004378084C0393837812210293C378064AA5
:10E0880001930379009343792046F6F7F9F820467F
:10E0980006B010BDB4500020D3FD030030B503789E
:10E0A8008BB0044607AD032B21D8DFE803F0021A32
:10E0B8001C1E1249284628F006F8059563781E218B
:10E0C8000493A3780E4A0393E3780E4802932379C6
:10E0D800019363790093A379F6F7D2F809480BB056
:10E0E80030BD0949E6E70949E4E70949E2E70A21B9
:10E0F8002846084AF6F7C4F8DFE700BFF1FD030039
:10E1080013FE0300C6500020F8FD0300FFFD0300C6
:10E1180009FE0300421B040010B5034C25222146CA
:10E1280000F0B1F8204610BDE450002030B50024BE
:10E13800094D0A4B85B028460293039421F080FCD0
:10E1480002AB284600934FF4A3620A23044921F046
:10E158007EFC204605B030BDE82800203DFE0300C7
:10E16800306D00200146014821F01EBDE82800203E
:10E178000146014821F048BDE82800200146014831
:10E1880021F0ECBBE8280020034630B41A78084692
:10E19800012A13D0022A26D072B9154A02F11004B6
:10E1A80052F8045BA24241F8045BF9D112780A7074
:10E1B8005B8843731B0A837330BC70470C4A02F1B7
:10E1C800100452F8045BA24241F8045BF9D11278BA
:10E1D8000A705B68C3F3072243731B0CC3731B0AE3
:10E1E80082730374E8E7112230BC194628F034B86A
:10E1F8001BEA030010B50C46017822788AB08A42DF
:10E208000FD06946FFF7C0FF204605A9FFF7BCFFFE
:10E2180010220DF115010DF1010027F0F6FF0AB0EB
:10E2280010BD012A06D0022A07D072B94088638837
:10E23800C01AF4E740686368FAE71022611C0130ED
:10E248000AB0BDE8104027F0E0BF6FF01500E6E720
:10E25800042A10B50AD0102A0DD0022A4FF0000364
:10E268000FD103700B884380012010BD0123037078
:10E278000B684360F8E7022300F8013B27F0ECFF46
:10E28800F2E71846F1E7F0B505780446012D0E4689
:10E2980017468BB00CD0022D0DD0002D44D14388E9
:10E2A800254A394630460BB0BDE8F040F5F7E8BFDF
:10E2B8004368224AF5E72A46411C06A827F0CCFF06
:10E2C800E11C042208A827F0C7FF2A46E11D0DF12A
:10E2D8001A0027F0C1FF2A4604F1090107A827F010
:10E2E800BBFF2A4604F10B010DF11E0027F0B4FF15
:10E2F80004F10D01042209A827F0AEFFBDF818307B
:10E3080039460493089B30460393BDF81A300C4AEB
:10E318000293BDF81C300193BDF81E300093099B91
:10E32800F5F7AEFF0BB0F0BD002130460BB0BDE8ED
:10E33800F04027F09CBF00BF551104004C2A040090
:10E3480046FE0300012310B50621044600F8013BF0
:10E3580002F0C8F918B9A37903F03F03A37110BDFF
:10E36800012310B50621044600F8013B02F0BAF972
:10E3780018B9A37963F03F03A37110BD70B50446C3
:10E388000D4627F0D9FE112817D10223E25C3A2A5C
:10E3980013D10333112BF9D1053504F112060123EA
:10E3A8002A460221204625F035F830B10334B4421C
:10E3B80005F1FF35F3D1002070BD6FF01500FBE7C4
:10E3C80038B50C46511C1546FFF7D8FF002807DB67
:10E3D80020461C4927F0B7FE18B9002300202B70EF
:10E3E80038BD2046184927F0AEFE0028F5D0204653
:10E3F800164927F0A8FE08B90123EFE7204614497B
:10E4080027F0A1FE0028F7D02046124927F09BFEEE
:10E4180008B90223E2E720460F4927F094FE0028B6
:10E42800F7D020460D4927F08EFE08B90323D5E71B
:10E4380020460B4927F087FE0028F7D06FF015001B
:10E44800CEE700BFF1FD030063FE0300F8FD030003
:10E458006CFE0300FFFD030075FE030009FE0300C8
:10E4680081FE030010B50446072227F0F5FE237845
:10E4780023F00203237010BD0078C0F340007047FA
:10E48800012838B505460CBF064807480CF0E6FADF
:10E49800044620B101210C3028F042F925762046A7
:10E4A80038BD00BFB4190020B01800200246002073
:10E4B80070B50B460A49D1E8EF4FC1E8E50F002DCA
:10E4C800F9D124B9BDE870400120FFF7D9BF012177
:10E4D8002082217604F10C0028F022F9204670BD34
:10E4E800A801002070B504460F2C0D4610461946A9
:10E4F80005D80D2C0DD9BDE87040FFF7D7BF132CF8
:10E5080007D10C480CF0AAFA044638B90024204672
:10E5180070BD02460B4645B10748F3E701210C30B0
:10E5280028F0FEF801232376F1E70120BDE87040CA
:10E53800FFF7A6BF501A0020181900207FB50BABB3
:10E5480005930393064B082202930023CDE900327A
:10E5580018460222FAF7EDF907B05DF804FB00BF90
:10E568008DFE0300F0B505460E46174689B0AB8808
:10E57800012B16D9284628F0B2FA044688B1AB8890
:10E58800984210D9CDE90403114B08220393114B8B
:10E59800114902930023CDE9003218460222FFF701
:10E5A800CDFF09B0F0BD284628F099FA2B688DF800
:10E5B8001800013C394606A88DF819400793B04762
:10E5C8000028EED02146284628F079FACFE700BF88
:10E5D8002CEA03008DFE030004C7030000231A463B
:10E5E80010B501308B4201D1104610BD10F83340F0
:10E5F800013302342244F5E70B4610B558B159B13E
:10E608004278541CE4B20C70017859704168981C27
:10E6180027F022FE601C10BD0846FCE7072208B55B
:10E6280027F0F3FDB0FA80F0400908BDF8B50646BA
:10E638000025094FFB79ECB2A34202D86FF0010024
:10E6480009E0C4EBC40130463944FFF7E7FF013560
:10E658000028EFD02046F8BD50000020072227F000
:10E66800FBBDD0E8AF0F70472DE9F041884617464B
:10E67800054608BB272142F22700F2F709FE0446A7
:10E68800F0B127210C3028F055F806464146FFF72F
:10E69800E5FF39461022F01D27F0DEFD294610223D
:10E6A80006F1170027F0E3FD2A462146BDE8F041B0
:10E6B80042F22700F2F728BE6FF01500BDE8F0819E
:10E6C8006FF06800FAE7037A02465B0704D5014653
:10E6D8002A3211F8010BC7E7704737B504460D46D3
:10E6E80071B128461249FFF799FF48B929461148E0
:10E6F800C4EBC4042044FFF7B1FF002003B030BDD1
:10E708006846FFF72DFE0028F8D16846FFF78EFF10
:10E718000028F5DA074BC4EBC4041C4469462046BC
:10E72800FFF79CFF002DE8D021462846E3E700BF0D
:10E73800F7E90300500000207FB50BAB0593039366
:10E748000A9B082002930023CDE900301846FAF707
:10E75800F0F807B05DF804FB38B50121054642F230
:10E768002D00F2F795FD044658B129460C3027F0E4
:10E77800F0FF2146BDE83840002242F22D00F2F7B2
:10E78800C3BD6FF0680038BD38B50622124905468A
:10E7980027F03BFDD8B1062142F20500F2F778FDDB
:10E7A8000446B0B1062229460C3027F0C9FF0022E2
:10E7B800214642F20500F2F7A7FD48B9062229468C
:10E7C800054827F049FD0122044B83F86820002002
:10E7D80038BD6FF06800FBE7B9000020500000204A
:10E7E80010B400F11003D3E8EF2F22F40041C3E87E
:10E7F800E41F002CF7D1130403D5012110BC01F04C
:10E8080050B810BC70472DE9F0414F6805460C46DA
:10E8180086B0C7B9037A5B0715D50868691C01304B
:10E82800FFF7FCFED4F800801622394606466846F3
:10E8380027F01DFD1022694608F12A0027F0E5FCA3
:10E8480020B906B1656006B0BDE8F08120681022E5
:10E8580005F12A012A3027F0D8FC0028F2D0F0E789
:10E8680008B50A7803789A4206D11030FFF7F9FE06
:10E87800030644BF01234B7008BD08B500F0A5FF8F
:10E8880020B11030FFF7EDFEC0F3C01008BD00F155
:10E89800100208B503461046FFF7E3FE01060DD542
:10E8A800D2E8EF0F40F40040C2E8E10F0029F7D1A9
:10E8B8001846BDE80840002100F0F3BF08BD10B5B8
:10E8C8000C4630B919B10BF0BDFD00B1441C20460F
:10E8D80010BD0024FBE710B109B1084654E76FF0FA
:10E8E8001500704707B580B90621684601F0FAFEA1
:10E8F80040B99DF80530684603F03F038DF80530B0
:10E90800FFF742FF03B05DF804FB6FF01500F9E76D
:10E9180013B5044680B10621684601F0E3FE48B904
:10E928009DF80530694603F03F0320468DF8053011
:10E93800FFF7D1FF02B010BD6FF01500FAE708B578
:10E9480000F043FF10B11030FFF78BFE012008BD27
:10E9580008B528B10548FFF784FEC30401D5012096
:10E9680008BD0248FFF77DFEF9E700BF240100203B
:10E978001030D0E8EF3F23F01003C0E8E23F002A50
:10E98800F7D17047084BD3E8EF2F22F40041C3E8D2
:10E99800E01F0028F7D1130404D500220220034900
:10E9A8000BF00EBD704700BF2401002039ED0000B8
:10E9B800002307B50549CDE900036A4602200BF09C
:10E9C800FFFC019803B05DF804FB00BF0FE80000EE
:10E9D8002DE9F043044687B070B16B4D95F83021AE
:10E9E80095F831310AB19A4209D2013385F83131AB
:10E9F800237A43F00403237207B0BDE8F0830021B3
:10EA08000622084603F016F805F1D403064680B13D
:10EA1800D3E8EF1F41F40041C3E8E21F002AF7D111
:10EA2800237A43F00103237207B0BDE8F04302F0F4
:10EA3800E6BB1846FFF715FE3146C0F3801753486A
:10EA480000F0B4FE17B1304601F0DEFB95F8313125
:10EA58007BB10020FFF780FE58B14D4B082103938E
:10EA68004C4B022202930023CDE9003118464A4953
:10EA780067E095F8312195F830319A4237D1002670
:10EA88004FF00808454BDFF808910222304642490A
:10EA98000293CDE900683346CDF80C90FFF74CFEA1
:10EAA8003246314642F22900F2F72EFC40B13C4B87
:10EAB800CDF80C90CDE90183334600960122D5E7C5
:10EAC80095F83131013385F83131237A43F0040365
:10EAD80023720120FFF740FE17B1012001F094FBDB
:10EAE8000021304807B0BDE8F04300F05FBE224681
:10EAF80004F10108414612F82A0BFFF7B5FD064656
:10EB080040B1234B0393284B082202930023CDE9FD
:10EB18000032D3E795F83131013385F83131237A62
:10EB280043F00403237295F8A73013F004030BD1C4
:10EB38001E4A194903921E4A02920822CDE9003260
:10EB48000222FFF7F9FDC4E7414604A8FFF786FD56
:10EB58000123082142F24E008DF81730F2F798FB96
:10EB6800044660B1082204A90C3027F0E9FD3246BA
:10EB7800214642F24E00F2F7C7FB0028A9D0044B09
:10EB880003930C4BC0E700BF5000002097E800003B
:10EB98003AEA03005208040034C703007B08040063
:10EBA800B0080400E9E70000D408040044EA0300C0
:10EBB800F8080400260904002DE9F043044687B04C
:10EBC80050B3534D95F8302195F83131E2B1013207
:10EBD80093421ADC00210622084602F02BFF05F1B9
:10EBE800D4030646D8B1D3E8EF1F41F40041C3E887
:10EBF800E21F002AF7D1237A43F00203237207B0F9
:10EC0800BDE8F04302F0FBBA13B1013B85F831319E
:10EC1800237A23F00403237207B0BDE8F083184673
:10EC2800FFF71FFD3146C0F380183A4800F0BEFDDB
:10EC3800B8F1000F02D0304601F0E6FA0020FFF7E5
:10EC48008BFD064600B3344B08210393334B0490E5
:10EC5800029300230122CDE9003118463049FFF71D
:10EC68006BFD95F8313113B10120FFF775FDB8F14F
:10EC7800000F02D0012001F0C7FA0021294807B08F
:10EC8800BDE8F04300F092BD95F8313195F8302198
:10EC98009A420CD2013B85F83131237A024623F09F
:10ECA80004030220204923720BF08AFBD9E70721CD
:10ECB80042F22800F2F7ECFA04F10109074668B9B4
:10ECC800154B08220393194B154902930023CDE9EC
:10ECD800003218460122FFF72FFDC2E707210C304A
:10ECE80027F028FD4946FFF7B9FC3246394642F27B
:10ECF8002800F2F709FB0028E2D195F83131013BF1
:10ED080085F83131237A23F004032372A9E700BF81
:10ED18005000002097E8000058EA03004509040065
:10ED280034C70300E9E70000CFE6000076090400D5
:10ED3800037AD90704D523F001030372FFF748BE0D
:10ED4800990704D523F002030372FFF735BF704714
:10ED580038B50D460649CC7938B12B689C4228BF96
:10ED68001C46C4EBC40227F077FA2C6038BD00BFFC
:10ED7800500000207FB50D46044620B935B36FF02A
:10ED8800150004B070BD2349FFF748FC0028F5D1F1
:10ED98002378012B04D1A37903F0C003C02B0DD035
:10EDA8001D4B082203931D4B1D4902930023CDE9F7
:10EDB800003218460122FFF7BFFCE0E72046FFF7C4
:10EDC80035FC0028DADB6FF07700DAE7154DEB79D0
:10EDD800012B1CD005F1D400FFF743FCC3070BD56A
:10EDE800EE792146731C3046EB71FFF776FC60B173
:10EDF800EB79013BEB71C4E7002CC0D020460549F4
:10EE0800FFF70CFC0028EBD0B9E73046B9E76FF004
:10EE18000B00B6E7F7E9030062EA03009F09040064
:10EE280034C7030050000020F0B5044616460D46CE
:10EE380087B021B93EB36FF0150007B0F0BD284682
:10EE48002649FFF7EBFB0028F4D12B78012B04D1DE
:10EE5800AB7903F0C003C02B0DD0214B08220393DC
:10EE6800204B214902930023CDE9003218460122A4
:10EE7800FFF762FCDFE72846FFF7D8FB0028D9DB5D
:10EE88006FF07700D9E7002CD5D0184FFB79A34253
:10EE9800D1D9174805A98DF814408DF8156000F0F0
:10EEA80085FC9DF8153013B16FF00F00C5E7C4EB72
:10EEB800C4000A493844FFF7B1FB38B12946204657
:10EEC800FFF70BFC002808BF2046B6E7314620466E
:10EED800F2F715FF0028F1D0AFE700BFF7E903000C
:10EEE8006FEA03009F09040034C7030050000020A4
:10EEF80069E80000F7B5044658B3194EF379834220
:10EF080027D9C0EBC007374438461649FFF786FBB8
:10EF180010BB8DF8050001A913488DF8044000F0D6
:10EF280045FC9DF8051021B16FF00F05284603B088
:10EF3800F0BD2046F2F7E3FE05460028F6D1384634
:10EF48000849FFF78BFBF379013B9C42EED1F47142
:10EF5800ECE76FF01505E9E76FF07705E6E700BF26
:10EF680050000020F7E9030069E8000070B5044686
:10EF780086B070B9204B02220393204B204902939C
:10EF88000823CDE900030346FFF7D6FB002006B0AF
:10EF980070BD002141F2090005AAF2F7B5F906464D
:10EFA80058B1154B08220393164B154902930023B9
:10EFB800CDE9003218460222E6E7059B0622DD6805
:10EFC80011490135284627F020F918B905980BF0A2
:10EFD8008EFDDBE7062228460C4927F016F90028A3
:10EFE800F4D006222946601C27F036F905982670C9
:10EFF8000BF07DFD0120CAE77BEA0300D10904007C
:10F0080034C70300EE09040004EA0300FEE9030024
:10F0180007B56846FFF7AAFF044BD87118B16946CF
:10F028000020FFF75AFB03B05DF804FB50000020F6
:10F038002DE9F041284B074693F8C230884613F073
:10F04800010386B010D1254A0392254A029208226C
:10F0580001920222184623490093FFF76DFB002412
:10F06800204606B0BDE8F08100214FF6094005AA08
:10F07800F2F74AF9054638B1184B03931A4B029335
:10F08800082301930023E4E7059BDE6874780236C1
:10F09800444528BF44464FF01608AC4212DC059898
:10F0A8000BF025FD002CDBD10C4B022203930F4BF8
:10F0B8002046029308230B49CDE900432346FFF776
:10F0C8003BFBCDE7314608FB0570162227F0C4F854
:10F0D80001351636E1E700BF5000002092EA030030
:10F0E800100A040034C70300400A0400640A04003C
:10F0F800F0B5154E89B0F4792CB9012102A8FFF7B3
:10F1080097FFF071C8B90021084609B0BDE8F04082
:10F11800FFF730BE02AB07FB053106220DF10100F7
:10F1280027F09AF80123694628468DF80030FFF742
:10F13800D4FA013410B109B0F0BD1627F379E5B25D
:10F14800AB42E7D80020F6E75000002038B50C465F
:10F1580069B1084D2B78012B03D000202B78237040
:10F1680038BD681CFFF710FB0028F6D0F8E76FF0F1
:10F178001500F5E75000002070B506460D4686B02C
:10F1880021B3144B1B780B70FFF777FB18B10024E1
:10F19800204606B070BDFFF7A5FB044698B1002EC7
:10F1A800F6D1FFF76AFB0028F2D00B4B022203933B
:10F1B8000A4B3046029308230949CDE900630494B9
:10F1C8003346FFF7B9FA01232B70E0E76FF0150417
:10F1D800DEE700BF50000020A6EA0300910A040001
:10F1E80034C703002DE9F0430F4691461E460446F6
:10F1F80085B090B18BB10B0305781CD5790712D572
:10F208003D4B082203933D4B3D4902930023CDE932
:10F21800003218460122FFF78FFA6FF015042046D6
:10F2280005B0BDE8F083FFF773FB04460028F6D16C
:10F238000123337031E0CB0731D5DFF8C880A2B1A4
:10F2480088060BD4C5EBC50318F80330012B12D080
:10F258003370BA0621D543F00203EAE798F8D830AC
:10F268005906EFD46FF08504D9E7C5EBC50318F844
:10F278000330012BDDD1072101FB05812046013137
:10F28800FFF729FB04460028C9D1C5EBC50518F8C6
:10F2980005303370B9F1000FDBD10024BFE711F05E
:10F2A800040711D0174FC5EBC50817F80830012B14
:10F2B800BFD1072111FB05313944FFF70CFB044688
:10F2C80017F808303370AAE70F48FFF7CAF9430662
:10F2D8000BD5384600F098FF2046FFF719FB044687
:10F2E8000120307000F090FF99E72046FFF710FBEF
:10F2F80001230446E6E700BFBEEA0300CB0A040088
:10F3080034C70300500000202401002010B5034634
:10F318000C4611B96FF0150010BD0D48FFF7A1F9A3
:10F32800420711D5002BF5D100F04FFA20460949C4
:10F33800FFF794F9E01D0AF01DF80028ECD010F151
:10F34800860F08BF0020E7E76FF00A00E4E700BF78
:10F35800240100205000002010B109B10AF05FBA62
:10F368006FF01500704708B5034648B10748FFF726
:10F3780078F9400707D51846BDE808400AF0E0BA12
:10F388006FF0150008BD6FF00A00FBE724010020AC
:10F3980008B5034648B10848FFF763F9400707D5A1
:10F3A8001846BDE808400AF017B86FF0150008BD08
:10F3B8006FF00A00FBE700BF240100207FB5154E5F
:10F3C800F5791DB10024204604B070BDFFF720FE7A
:10F3D800044668B1104B0393104B02930823012293
:10F3E800CDE9005328462B460D49FFF7A5F9EAE772
:10F3F800F579002DE6D1FFF77BFE04460028E9D118
:10F40800701CFFF7C1F904460028DBD0024B0393B8
:10F41800044BE2E750000020D5EA0300EE0A04009E
:10F4280034C70300110B0400034610F4004F0CBF4F
:10F4380007200620DA0348BF00F005009B0348BFF9
:10F4480000F0FB007047D0E8AF0F7047034610B5D7
:10F45800D3E8EF0F00EA0102C3E8E42F002CF7D14C
:10F4680010BD7FB50BAB059303930A9B082002934D
:10F478000023CDE900301846F9F75BFA07B05DF8CC
:10F4880004FB2DE9F04F0C4687B0202192460490EA
:10F49800F1F7FEFE054600285DD020210C3027F04C
:10F4A80049F920228146002126F0E1FE002609F1D3
:10F4B800010B04EBCA0A0023D4F800806268934267
:10F4C8000CD30834A245F6D100222946049889F8BD
:10F4D800006007B0BDE8F04FF1F716BF98F80120BB
:10F4E800B01C11181F2998F800C01DD9BCF1090FCC
:10F4F800C0F11F0201D1002A14DC184B0822039323
:10F50800174B1849029300231846CDE9003201220F
:10F51800FFF7A7FF28460BF0EAFA6FF0150007B0CF
:10F52800BDE8F08F4FF0080CD7B2791C0BF8061025
:10F53800711CC9B20BF801C0D8F804105BFA80F04E
:10F548000593023726F088FE059B3744FEB2013347
:10F5580008F10808B2E76FF06800E0E7E0EA0300A6
:10F56800380B0400E4C60300012310B403FA01F1C8
:10F57800044642B1D4E8EF3F0B43C4E8E23F002A17
:10F58800F8D110BC7047C94310BC5FE7072208B523
:10F598000349093026F039FE003818BF012008BD9C
:10F5A800F7E9030070B5154B0278044683F86F201D
:10F5B8000D46FFF7EBFF034620786BB9104902F0C0
:10F5C80063F9044610B96FF00B0070BD042101F017
:10F5D8004FFE00202C60F8E704F10906314602F0DE
:10F5E800CFF940B92078314602F04EF90446002898
:10F5F800E9D00521EBE76FF01500E6E750000020A1
:10F60800F0E9030038B543680446580501D50020E1
:10F6180038BD22690AB1D907F9D5194D2078EB7997
:10F628008342F4D9C0EBC00007221649284426F0CB
:10F63800ECFD0028EBD06068C20706D495F870305E
:10F64800082B02D8A3689F2BE1D910F0300F02D005
:10F658002369002BDBD0C30601D4236943B9D4E95D
:10F6680002239A42D3D81F2AD1D9B3F5804FCED8D6
:10F6780000F46030B0F5603018BF0120C8E700BF63
:10F6880050000020F7E903002DE9F04F87B09DF8FE
:10F69800486005460C4690460021102202A81F46E5
:10F6A800DDF840909DF844A026F0E1FDCEB9CDE903
:10F6B8000248012242F2080002A9FFF7E2FE0446CE
:10F6C80058B9BAF1000F3AD11035D5E8EF3F43F0F9
:10F6D8000403C5E8E23F002AF7D1204607B0BDE899
:10F6E800F08FF3F7F2FB8346E4B937BB584626F0B0
:10F6F80023FD0923012ECDE901B48DF800308DF8E2
:10F708000100CDF80C80D4D10222CDF810D0059696
:10F71800D0E714F83320083A012A24D90133984550
:10F72800F7D1E2E70023FAE717F83320083A012A6D
:10F7380019D901339945F7D1D8E70023FAE701220F
:10F74800022E08BF059242F2090008BF324602A9FC
:10F7580008BFCDF810D0CDE90279FFF792FE002856
:10F76800B2D00446B9E76FF01504B6E708B500F162
:10F7780010031846FFF767FE820505D41846FFF701
:10F7880062FEC0F3002008BD0220FCE7436813F0C6
:10F7980008000AD05A0307D403F4C063B3F5806F96
:10F7A80014BF02200120704701207047034601481A
:10F7B800184700BF6800002050220021014826F0A9
:10F7C80056BD00BF6800002070470148704700BF61
:10F7D8006800002070B506460D4642F20A00012175
:10F7E80086B0F1F755FD0446B0B10C3095B1012152
:10F7F80026F0AFFF204606F1100203A90723009563
:10F80800F1F734FD0022214642F20A00F1F77CFDAF
:10F8180006B070BD2946EBE76FF06800F8E72DE900
:10F82800F04180460F4642F23900062186B0144660
:10F83800F1F72EFD064688B300F10C0537B3012118
:10F84800284626F086FF0121284626F082FF284612
:10F8580098F8011026F07DFFD4B12188284626F0BB
:10F8680080FFA178284626F074FF304608F1100280
:10F8780003A907230097F1F7F9FC0022314642F269
:10F888003900F1F741FD06B0BDE8F0813946D7E708
:10F898002146284626F065FF2146E3E76FF0680019
:10F8A800F1E7FFF797BFF0B5054685B00E48FFF7BB
:10F8B800CAFD1F460306164613D50B48FFF7C3FDBE
:10F8C80004460A48FFF752FFC4F3C0240A460290D0
:10F8D80033462946CDE900740448FFF7D5FE05B044
:10F8E800F0BD6FF00A00FAE77800002068000020F9
:10F8F8002DE9F04F8DB005930023D1F810A00746ED
:10F90800BAEB0304924818BF01240793FFF79BFD45
:10F9180046070D46934640F111810846FFF772FEEF
:10F9280028B96FF0150420460DB0BDE8F08F2846C1
:10F93800FFF70EF881460028F3D007F1100840467B
:10F94800FFF781FDC0F3C016000600F1FA800F2210
:10F95800314608A826F08BFCAB686868ADF8203003
:10F96800EB686FF40051ADF82230FFF75DFD8DF8BC
:10F978002D0077488DF82E60FFF768FD2B78754AC3
:10F988003B7082F86F303846224669680DF12503CE
:10F99800FFF728FC04460028C5D1072207F1090013
:10F9A800BAF1000F13D0296926F056FC2846FFF754
:10F9B800EDFE6B680646D90716D49B0503D4169B43
:10F9C8000BB9022E5DD102238DF824301AE062496A
:10F9D80026F042FC2846FFF7D9FE6B680646DA0790
:10F9E800EBD58DF824A00DE013F0100F0CBF012308
:10F9F8000423072229690DF126008DF82430A14639
:10FA080026F02AFC0F2142F20600F1F741FC0446D9
:10FA1800002800F099800F2208A90C3026F090FEEB
:10FA28002146002242F20600F1F76EFC0446002847
:10FA38007FF479AFBAF1000F29D06B68DC0734D4B2
:10FA480038460121FFF7C6FE079F044600286DD0FF
:10FA5800424B00250393424B012202930823284678
:10FA6800CDE900533F492B46FFF7FBFC002F3FF43D
:10FA78005AAF3846294601F0FBFB384601F0BFFB78
:10FA880051E70323DDF858908DF82430BAE7179B27
:10FA9800594600933846CDE90196169B059AFFF71B
:10FAA800F3FD04460028C8D03DE7384607A9FFF70C
:10FAB80079FD04460028C3D010F10C0F7FF433AF52
:10FAC800BAF1000F7FF42FAF6B6898073FF52BAFA3
:10FAD8006C6884F00204C4F3400404F001020E21AF
:10FAE8004046FFF741FD731E5A425A4108214046DD
:10FAF800FFF73AFDB11E4A424A4140460921FFF745
:10FB080033FD6A680A21404602F00102FFF72CFD26
:10FB18004A460B214046FFF727FD6A680D214046FB
:10FB2800C2F38002FFF720FD0024FCE617B1384637
:10FB380001F065FBBAF1000FCFD1C9E76FF00A04F5
:10FB4800F1E66FF07704EEE66FF06804EBE600BFCD
:10FB58002401002050000020F7E90300F6EA030022
:10FB6800550B0400E4C6030000232DE9F04F0A6991
:10FB78008BB08046BC48ADF81C308DF81E3004921E
:10FB88000893FFF760FC47070D4640F16981084676
:10FB9800FFF738FD002800F0718108F1100738469A
:10FBA800FFF751FC0606C0F3C01400F16A812B78F8
:10FBB800192188F80030D5F810B042F23600BBF1B0
:10FBC800000918BF4FF00109F1F762FB824628B916
:10FBD8006FF0680420460BB0BDE8F08F19210C3097
:10FBE80026F0A8FD06462146192226F040FB696842
:10FBF8004A464046C8F8481006F10A03FFF7F2FAE9
:10FC080004460028E6D1072208F10900BBF1000FDD
:10FC180000F0E180296926F01FFB2846FFF7B6FDB2
:10FC280098F8013081463370AB68F370C3F307224C
:10FC38001B0C32717371EB68C3F30722B3711B0C91
:10FC4800F27133726868FFF7EFFB0023B3747F2308
:10FC5800F3740123707233756B6803F44063B3F572
:10FC6800806F14BF01230223B3756B68DC0442BFA5
:10FC780003233375B3756A6882F48063C3F3802302
:10FC880050044FEA031348BF43F04003910448BFB0
:10FC980043F02003D20544BF012232766A68D407B4
:10FCA80040F19B8043F00104BBF1000F03D15005E4
:10FCB80001D443F00304910504D4149B13B9B9F19A
:10FCC800020F02D144F00204A4B2C4F34003059326
:10FCD800BBF1000F0CD0D3064CBF44F0040444F031
:10FCE8000C040722296906F10B00A4B226F0B4FA25
:10FCF8006B785146A6F8014042F23600F37509AA1E
:10FD0800F1F702FB044600287FF464AF09980AF073
:10FD1800EEFED7E8EF3F43F00203C7E8E23F002AD0
:10FD2800F7D16FF008013846FFF790FB060756D465
:10FD38006FF480413846FFF789FB09F1FF304242F2
:10FD4800424108213846A9F10204FFF70DFC62423E
:10FD5800624109213846FFF707FC6A680A213846DC
:10FD680002F00102FFF700FC0B213846059AFFF765
:10FD7800FBFB6A680D213846C2F38002FFF7F4FBEB
:10FD88006A680C213846C2F38022FFF7EDFB049B1A
:10FD980073BB6B68DA073AD5404608A9FFF702FC3F
:10FDA8000446A0B310F10C0F7FF414AF049B002B92
:10FDB8007FF410AF6B689B073FF50CAF6C6884F05D
:10FDC8000204C4F3400404F001020E213846FFF790
:10FDD800CBFB0024FEE625491DE71C466BE74046A1
:10FDE80008F10301FEF777FD04460028A0D0F1E6EC
:10FDF8006B68D906CDD48023ADF81C30D7E8EF3F27
:10FE080043F04003C7E8E23F002AC2D0F6E70121E9
:10FE1800404607AAFFF703FD089E0446C0B1144BED
:10FE280000250393134B0122029308232846CDE9AA
:10FE3800005311492B46FFF714FB002E3FF4CAAEBE
:10FE48003046294601F014FA304601F0D8F9C1E6E7
:10FE580016B1304601F0D3F9049B002BB3D1ADE7BE
:10FE68006FF00A04B6E600BF24010020F7E903009A
:10FE78000DEB0300550B0400E4C603006FF01504F6
:10FE8800A8E66FF07704A5E618301FF0F1BE73B549
:10FE98001546069A0C46CDE900322B460A4601461D
:10FEA8001148FFF725FD21460646002340F20110C0
:10FEB8009D4202D1304602B070BD0A88824204D108
:10FEC8004A6812B11278D20702D401330831EFE739
:10FED800064907481FF05AFE4FF4702200230448D1
:10FEE8001FF0C0FEE6E700BF6800002095FF000095
:10FEF8008000002010B52048FFF7C6FF6FF480414E
:10FF08001E48FFF7A3FA1D48FFF79DFA01062BD5F7
:10FF18001A48FFF798FA420512D51748FFF736FB3B
:10FF2800174B20BB04221749187E01F083FD0446B5
:10FF380030B10021017301F09BF9204601F05FF90F
:10FF480000210D48FFF746FC044670B90E48FFF73C
:10FF58007AFA430608D5204600F056F92046FEF7FF
:10FF6800C1FC012000F050F90024204610BD0522F4
:10FF780003F12101D8E700BF6800002078000020C5
:10FF880050000020F0E90300240100207FB5FFF7AE
:10FF9800B1FF68B1084B08220393084B0490029301
:10FFA80000230749CDE9003218460222FFF759FA23
:10FFB80007B05DF804FB00BF21EB0300740B0400DD
:10FFC800E4C6030070B5374888B0FFF73CFA10F470
:10FFD800804F344C40D02046FFF735FA03063BD417
:10FFE8002046FFF730FA460536D507A9A4F11000D8
:08FFF800FFF7D8FA80BBA4F169
:020000021000EC
:100000001000FFF7C7FA02462046FFF720FAC0F3B8
:1000100080312046FFF71BFA81F0010145054FEAC8
:100020004101224848BF41F00101FFF710FA800466
:1000300048BF41F004011E480DF11B03FFF7D6F83D
:10004000054678B11B4B082203931B4B0490029387
:1000500000231A49CDE9003218460122FFF705FABC
:1000600008B070BD01211248FFF7B8FB079E28B900
:10007000304608B0BDE8704001F0C5B829463046AA
:1000800001F0FAF86FF480410848FFF7E3F90546FC
:10009000304601F0B8F86B04E2D5D4E8EF3F43F402
:1000A0008043C4E8E23F002ADAD0F6E77800002077
:1000B000680000202DEB0300970B0400E4C603004A
:1000C000034610B5D3E8EF0F00EA0102C3E8E42FBE
:1000D000002CF7D110BD7FB50BAB05930393064BF6
:1000E000082202930023CDE9003218460122F8F7D6
:1000F00024FC07B05DF804FBD80B0400014BD3E8E7
:10010000AF0F70472401002030B50221044687B0AC
:1001100042F20C00F1F7C0F8054600B302210C30A2
:1001200026F00CFB012C024617D1FFF7E7FFC0F3C6
:100130004020631E14705C425C41507003A9284645
:10014000084A06230094F1F795F80022294642F266
:100150000C00F1F7DDF807B030BD0020E9E76FF0E3
:100160006800F8E72401002073B5054614460E46E2
:1001700007220021684626F07EF800238DF806301D
:100180006B1E58420DF105015841ADF803408DF842
:100190000050ADF80160FEF7F3FF044618BB0721DD
:1001A00042F20B00F1F778F8064628B307226946B9
:1001B0000C3026F0C9FA2246314642F20B00F1F724
:1001C000A7F8044678B90120FFF79EFF044650B90E
:1001D000012D0BD10A4BD3E8EF1F41F48071C3E826
:1001E000E21F002AF7D1204602B070BD6FF4807183
:1001F0000348FFF765FFF6E76FF06804F3E700BF19
:10020000240100200022014B1A607047DC440020CA
:100210007AE738B50546FFF771FF0106C0F3C01253
:100220002DD4FFF76BFF430621D400210622084698
:1002300001F004FC044600BB0222014601F0FEFB73
:10024000E8B1104BD3E8EF1F41F40071C3E8E21F9F
:10025000002AF7D100F0D7FF002D2046BDE8384036
:100260000BBF122230224FF4006160217CE7104660
:10027000FFF74AFF0028D8D038BD00F0C4FF0020A7
:10028000FAE700BF240100202DE9F04F00F10C0631
:100290008FB00446304626F026FCDFF8E4B1049027
:1002A000049B83B1238A082B10D8764B4FF0080C9F
:1002B0000393754B01220293002374491846CDE93C
:1002C000003CFFF708FF0FB0BDE8F08F0921304672
:1002D00026F001FC037A228A01339A420546E4D3D0
:1002E0000123ADF834307F238DF82E30037A00F1EE
:1002F000010A03445B7A8DF82D30FF238DF82C30F2
:100300000023ADF832300278042A98BF5D4B8DF897
:100310002F209CBFD218537DADF83030037A05935F
:10032000FFF7ECFE07060DD5BDF83030580709D5AC
:10033000297A3046013126F0C6FB049B013BDBB233
:100340000493ADE75046FEF79BF80DF12008002816
:1003500048D051464046FEF789F8DBF80030A3B19B
:10036000304626F04DFC8146059B278A4046238275
:100370009DF82F2033469DF92D10DBF800C0E04793
:100380006369278213FA89F3E360DBF80430CDF860
:100390002880002B37D01A6802B1083A53F8081C9D
:1003A000B9B11746A3F108023046079226F028FC9F
:1003B0008146238A079A0693059B31462382126859
:1003C0000AA890476269069B12FA89F2E2603A46EF
:1003D0002382C2B1976813689FB1083F002BE3D115
:1003E0003A46F7E76B78FF2B05D1072228494046AC
:1003F00025F036FFB1E75146FEF765FA07220146C0
:10040000F5E7002BD0D10023BDF830200A93FFF789
:1004100075FE0106C0F3C0178AD4D20788D54146BD
:100420000222384601F00AFB8046002880D0FFF700
:1004300065FE430611D40722514608F19E0025F0BF
:100440000FFF4046F1F760F960B94046062100F021
:1004500013FF404600F0D7FE6AE73846FFF754FE28
:100460000028E8D01F230021404688F80C3000F017
:1004700003FF404600F0C7FE0020FFF7CAFE57E723
:10048000DC4400203EEB0300D80B040054C70300FB
:10049000F7E90300F8B50546FFF730FE40070F46C1
:1004A00064D52A78012A03D96FF015042046F8BDD7
:1004B0006B680F2BF8D843F6FC742889031F9BB296
:1004C000A342F1D869890B1F9BB2A342ECD88842A2
:1004D000EAD372B9274ED6E8EF0F40F08003C6E8A2
:1004E000E23F002AF7D110F0800207D06FF07704C6
:1004F000DCE7FEF728FA0028ECD1D5E7FFF7FEFD90
:1005000041060AD51046FFF7FFFD044628B16FF0FB
:1005100080013046FFF7D4FDC8E76B68DB0711D5D3
:10052000D6E8EF3F43F40073C6E8E23F002AF7D174
:10053000AB896BB16FF080010E48FFF7C1FD6FF022
:100540008504B3E76FF400710A48FFF7B9FDEFE7E0
:100550006A8929892878FFF707FE044618B16FF0E9
:1005600080010448D6E7044B1F609FE76FF00A0440
:100570009CE700BF24010020DC44002008B56FF098
:1005800080010748FFF79CFD030606D50020054BB8
:100590001860BDE80840FFF73CBE6FF0770008BD6B
:1005A00024010020DC44002000238360054B00F17F
:1005B0000802996811B9C3E9012270470A609A607C
:1005C000704700BFDC440020002110B50C4B00F147
:1005D00008045A6852B194420FD1826839B99968B7
:1005E0005A608C4200D19A600023836010BD0A607B
:1005F0009A68944208BF9960F6E711461268E9E7E5
:10060000DC4400207FB50BAB059303930A9B0822C3
:1006100002930023CDE9003218460122F8F78DF944
:1006200007B05DF804FB30B58FB0202106A8F0F7C5
:1006300021FF044618BB20F0C7FB4FF47A75A0FBDE
:10064000052305FB01310825D20B42EA4142C90BC3
:10065000CDE904210B482022009504AB06A925F022
:1006600057F960B9084B00940393084B0122CDE978
:10067000015307492346FFF7C5FF6FF004042046E6
:100680000FB030BD782C002058EB0300FD0B0400A8
:100690002CC7030010B586B0082104A8F0F7EAFEC5
:1006A000044698B908220D4804A925F011F980B92B
:1006B0000B4B012203930B4B0B4902930823CDE90B
:1006C00000432346FFF79EFF6FF00404204606B068
:1006D00010BDFFF7A8FF0446F8E700BF782C002004
:1006E00064EB0300180C04002CC7030038B50D465A
:1006F000044698B191B10B4A25F023F9431C07D168
:10070000FFF791FF48B929462046064A25F019F916
:1007100001280CBF00206FF0040038BD6FF01500F9
:10072000FBE700BF782C0020F0B50D461446B1B0B1
:1007300070B369B362B36E463246374600F11003B8
:1007400013F8011D834202F8011BF9D1314604A8B8
:10075000F9F716FEE0B105F1100313F8012DAB42D5
:1007600006F8012BF9D13946204604AAF9F75CFEB8
:1007700070B1631E04F11002073413F8011F12F860
:10078000010D9C4218701170F7D1002031B0F0BDFE
:100790006FF01500FAE730B50D4614460146ADB0CE
:1007A00008B105B11AB96FF015002DB030BD68461B
:1007B000F9F7E6FD0028F6D06A4629462046F9F703
:1007C00033FE0028EFD00020EFE700BF7FB50BAB72
:1007D000059303930A9B082002930023CDE9003080
:1007E0001846F8F7AAF807B05DF804FB402208B5F0
:1007F000034925F00EFDB0FA80F0400908BD00BFA6
:100800006EEB0300F0B5404B85B093F8A23003F0D7
:100810000603062B11D03D4B082103933C4B0222CB
:1008200002930023CDE9003118463A49FFF7CEFF85
:100830006FF08505284605B0F0BD002861D0364E22
:100840003268B2B1131F83420FD1304B0822039399
:10085000324B304902930023CDE900321846022280
:10086000FFF7B4FF6FF07705E4E75B680BB1043B7B
:10087000E9E742607268031D336002B97360284C77
:10088000D4E8EF7F47F02003C4E8E23F002AF7D125
:1008900017F0200701D00025CCE7D4E8EF3F23F084
:1008A0001003C4E8E23F002AF7D13A46394642F243
:1008B0002500F0F72DFD05460028ECD0134B012252
:1008C0000393184B3846029308231249CDE900736D
:1008D0003B46FFF77BFFD4E8EF3F23F02003C4E85B
:1008E000E23F002AF7D134683CB154F8043C043CA0
:1008F0000BB1002098476468F6E70023C6E900338F
:1009000098E76FF0150595E750000020AEEB030067
:10091000450C04000CC70300E8440020680C0400E8
:1009200024010020880C040038B50C4BD3E8EF1FDD
:1009300021F02001C3E8E21F002AF7D1084D2C68FE
:100940003CB154F8043C043C0BB100209847646867
:10095000F6E70023C5E9003338BD00BF24010020BD
:10096000E8440020044BD3E8AF3F13F0100F0348D6
:1009700008BF0020704700BF24010020F044002081
:10098000F0B5244D0646AB6C87B08B423CD023B10A
:100990006FF00F04204607B0F0BD1F4BD3E8AF2F18
:1009A000C2F340179206F3D4D3E8AF3FDB062ED54F
:1009B000A96442F226004021F0F76EFC044600B321
:1009C00040210C3025F0BAFE4022314625F048FC8B
:1009D00021463A4642F22600F0F79AFC04460028E7
:1009E000D8D000230D4AAB6403920D4A18460292F8
:1009F00008220C49CDE9003204940222FFF7E6FEFA
:100A0000C8E76FF06804ECE76FF07704C2E76FF0B7
:100A10007C04BFE7E844002024010020BDEB030074
:100A2000B60C04000CC70300F8B5174CC668D4E830
:100A3000EF3F23F02003C4E8E23F002AF7D13378E8
:100A400063B940221148711C25F00AFCD4E8EF3F3D
:100A500043F01003C4E8E23F002AF7D10C4D2C68A4
:100A600074B1043C05F1080723682BB13278002AE1
:100A70000CBF38460020984764680CB1043CF3E78B
:100A80000023C5E90033F8BD24010020F044002014
:100A9000E844002005498B6C33B1C26800208864AB
:100AA000117801B9501C1847704700BFE844002076
:100AB000002203680BB9184670478B4210D10B68AF
:100AC00042B942680360914200D143600023012093
:100AD0000B60704713604368994208BF4260F5E7B6
:100AE0001A461B68E6E770B504460B4B1D6825B92E
:100AF0000A4D0B4EB54207D370BD2B6813B120468B
:100B0000217B9847AD69F2E72B6813B12046217B22
:100B100098471C35EEE700BFB02D002094C60300B7
:100B200094C60300034610B5D3E8EF0F00EA0102B4
:100B3000C3E8E42F002CF7D110BDD0E8AF0F704709
:100B4000034610B5D3E8EF0F40EA0102C3E8E42FF3
:100B5000002CF7D110BDF7B506460F4640F62D40E4
:100B600003211546F0F798FB0446C0B103210C3071
:100B700025F0E4FD877033882146038001AA40F602
:100B80002D40F0F7C5FB044630B90198C36893F9CE
:100B900003302B7009F0AFFF204603B0F0BD6FF0BB
:100BA0006804F9E77FB50BAB059303930A9B082014
:100BB00002930023CDE900301846F7F7BEFE07B0D8
:100BC0005DF804FB2DE9F04104464FF00008144F96
:100BD0004FF02002EFF3118382F31288BFF36F8F7F
:100BE000216A29B983F31188BFF36F8FBDE8F081C3
:100BF000606A0A68814208BF6262226283F31188D8
:100C0000BFF36F8FD1E901563846C1E90188C1F8B9
:100C10000C801EF088FA002231462046A847D7E70C
:100C2000901800202838CDE7002270B50446D1E99D
:100C30000156CA60C1E9012205481EF074FA314626
:100C400020462B46BDE870406FF06D02184700BF8C
:100C5000901800202DE9F04FDFF878811F46B8F892
:100C60000C310446002B87B008F588700E4608BF8B
:100C700000201546002200231EF07AFB002840F0D9
:100C8000A580002D00F0818005F10C0A5046B8F8CF
:100C90000CB125F0B9FF834571D2B8F80CB156F804
:100CA0000C1F5A46504625F04FFD5946304625F058
:100CB0000AFF637BAE69072B40F085804FF020036D
:100CC000EFF3118283F31288BFF36F8F002E67D08A
:100CD00000233360A369002B5FD1C4E9056682F36A
:100CE0001188BFF36F8F042105F10C0025F03EFE43
:100CF000238807F0FD0743EA073707802B8A043B68
:100D00004380022328462B76F1F7EDF807460028AA
:100D100031D0314B08220393304B049002930023CF
:100D20002F49CDE9003218460122FFF73BFF4FF073
:100D30002003EFF3118783F31288BFF36F8F002E28
:100D40003BD0314604F11400FFF7B2FE87F311885F
:100D5000BFF36F8F6FF00407B8F80C312148002BF8
:100D600008BF00201EF0DEFA2EB1002331462046D7
:100D7000AB61FFF759FF384607B0BDE8F08F50462A
:100D800025F042FF1FFA80FB89E70022002304F1CF
:100D9000380009F07FFE05468BE71E60A6619EE7DE
:100DA000A36933B103F10C09DB680133C9F80030E2
:100DB00095E7E36904F11C09F7E7D9F80030013B36
:100DC000C9F80030C2E76FF07F07C5E76FF068072A
:100DD000D1E700BF50000020BCD203003303040061
:100DE000F4C60300600100200448B0F80C3100F59F
:100DF0008870002B08BF0020704700BF5000002003
:100E000038B5002204468A4202D10024204638BD6B
:100E1000012004F1C403D3E8EF5F002D04D1C3E83F
:100E2000EC0FBCF1000FF6D102D0C8340244EAE75F
:100E3000002CEAD0C4220021204625F01CFA04F13F
:100E4000600004491EF0A6FE034904F128001EF0CC
:100E50001AFDDBE7D51E0100250C010010B5044684
:100E6000006918B109F047FE0023236110BD2DE988
:100E7000F0410446002704F13806002300223046E2
:100E800009F008FE034650B92046FFF7E7FF04F1DA
:100E900060000022BDE8F04100231EF0E7BE9D691E
:100EA0009F6109F028FE002DE7D029462046FFF774
:100EB000BBFEE0E7F0B5164687B004460D46FFF7E7
:100EC00081FE012E34D0022E71D123697BB1454BB6
:100ED00008200393444B0122029300234349CDE9A8
:100EE00000301846FFF75EFE2046FFF7B7FF25618A
:100EF00021690A8A012A72D9CB681B8804339BB204
:100F00009A426CD362D9CDE90423364B082203936D
:100F1000374B3649029300231846CDE900320122AF
:100F2000FFF740FE204607B0BDE8F040FFF796BF50
:100F300023697BB92B4A184603922E4A2B49029209
:100F40000822CDE900323246FFF72CFE2046FFF79B
:100F500085FF01E02F8A2FB9284607B0BDE8F04091
:100F600009F0C9BD03F10C0025F04EFE874214D9EB
:100F70001C4B00270393204B32460293082338462C
:100F8000CDE9007319493B46FFF70CFE3A4620466F
:100F9000216901F0F3FB2761DEE720692A8AE9680D
:100FA0000C3025F0D1FB284609F0A5FDA0E70D4B3C
:100FB00008210393114B0122029300230496CDE9EB
:100FC000003118460949FFF7EDFDBFE70023012274
:100FD0002046236107B0BDE8F04001F0CFBB07B069
:100FE000F0BD00BFC9D20300E30C0400F4C6030047
:100FF000730D0400040D0400260D0400510D0400BF
:101000002DE9F0411746CA7A0646072A0D4698464A
:1010100086B013D80823CDE90423314A314903921D
:10102000314ACDE901320023012218460093FFF72F
:10103000B9FD6FF0150006B0BDE8F081437B072BCA
:101040000FD0274B08220393284B264902930023F5
:10105000CDE9003218460122FFF7A4FD6FF07F00B2
:10106000E9E7002F36D01FF041FB214B8342214896
:1010700007BF002200234FF0FF324FF0FF331EF076
:10108000C8F8044640B3737B072B15D0144B0025DA
:101090000393194B2846029308230222CDE90053FB
:1010A00010492B46FFF77EFD2146C4E90155114842
:1010B000E5601EF038F8D1E70023C0E90178C3608D
:1010C000AC61002406F1380029462C7709F011FDA7
:1010D0002046B0E73C46F3E76FF06800ABE700BF9F
:1010E000D5D20300F4C60300920D0400BB0D04002A
:1010F000B838002090180020CE0D040030B5CD7A0D
:1011000087B0072D06D94B77002307B0BDE83040E4
:10111000FFF776BF0823094ACDE904530392084A32
:101120000849CDE901320023012218460093FFF758
:1011300039FD6FF0150007B030BD00BFE5D20300E8
:10114000920D0400F4C6030070B505461E481F4CFE
:1011500020F075F92846002201211B4B20F0F8F8F9
:1011600004F1CC0005F11406FFF7E7FC08B90120F3
:1011700070BD637D63B96FF0400104F10C00FFF7AF
:10118000D1FC430604D504F10800FFF770FEEEE73A
:10119000637D072BEBD10E4BB3F80C21002AE6D070
:1011A000D3F82021216C59B152B9022103F588737B
:1011B000304620F0CDF80123022085F82030D7E713
:1011C00000220421034BF3E7EC0A0020B02D00209D
:1011D00050000020F02D0020034610B500F1C4029D
:1011E0001046FFF7AAFC60B1411CD2E8EF4F8442E1
:1011F00004D1C2E8EC1FBCF1000FF6D1F0D11846C3
:1012000010BD0346FBE708B50346C430D0E8EF2F16
:10121000013AC0E8E12F0029F8D15A8840F20113C1
:101220009A4206D1FFF789FC18B9BDE80840FEF7DD
:10123000CDBE08BD2DE9F84307460E469046002472
:101240004FF0C809B44203D100231846BDE8F88323
:1012500009FB0470FFF7C0FF034658B1457B012D21
:1012600002D0073D012D03D81A884245EDD018461B
:10127000FFF7C9FF0134E5E7F0B5457B04468D4231
:101280000E4687B015D1082D97BF7D4B7D4B03EBE4
:1012900085031B6C04937C4B03937C4B08220293C5
:1012A00000237B49CDE9003218460222FFF77AFC81
:1012B000C1E0417365B1062D10D0637B082B00F2AD
:1012C000D980DFE803F05312B8B8B8B89B31B80042
:1012D0008378082BF1D0FFF77FFFEEE78378012BAF
:1012E000EBD160301EF0C8FCE7E70027694D05F53B
:1012F00088764FF02002EFF3118382F31288BFF358
:101300006F8FE269002A00F09080013AE26183F376
:101310001188BFF36F8FB5F80C31002B14BF304626
:1013200000201DF0FFFFE4E7A378042B00F083808A
:1013300004F138001DF0BBFE0021574820F08CF866
:101340000023C4E91633E378012B74D1A3784FF45A
:101350002032012B04BF032384F8B430002304F1AE
:10136000600007B0BDE8F0401EF04CBCA378042B31
:1013700005D1204607B0BDE8F040FFF744BF082D77
:1013800059D801A353F825F0F3130100AD13010060
:10139000E51301007313010073130100E51301004D
:1013A000E5130100F3130100F31301002046FFF7DA
:1013B00009FCA378012B0AD104F1600528461EF030
:1013C000F5FB10F00C0F02D028461EF055FC402112
:1013D000201DFFF7B5FB00212F4807B0BDE8F04006
:1013E00020F03AB8237B002BC3D02046FFF77BFBCD
:1013F000BFE7254B04960393284B4FE7A378012BB7
:1014000019D1244B9D8AB5B10A234FF4004640F20E
:10141000E73000215D434FF47A720023C5FB0601DB
:1014200021F0C6FE02460B4699E7616929B983F3AC
:101430001188BFF36F8F07B0F0BDA0690A688142C1
:1014400008BFA261626183F31188BFF36F8F4FF011
:101450002002EFF3118382F31288BFF36F8FCA6803
:10146000E261CF6083F31188BFF36F8F2046FFF7EF
:10147000DBFB50E7044B04960393094B0EE700BFD8
:10148000BCD20300F80D040020D30300020E0400B8
:10149000F4C6030050000020EC0A0020170E0400E0
:1014A000320E040010B5437B0446073B012B02D8E3
:1014B0000121FFF7E1FE2046BDE810400021FFF7C3
:1014C000DBBE70B5024606460D460F48012186B0C8
:1014D000FFF7B0FE044618B90024204606B070BDE0
:1014E00083782B40F9D1094A18460392084A0949E2
:1014F000029208220496CDE900320222FFF752FB45
:101500002046FFF780FEE7E7B82D002032D3030026
:10151000520E0400F4C60300F8B5074609480D460C
:101520001646FFF759FE044650B183781F4203D197
:10153000BDE8F840FFF767BE3146A8472046F7E709
:10154000F8BD00BFB82D002000220F200149FFF791
:10155000E3BF00BFA5140100034BC01A034BC0102A
:101560005843C0B2704700BFB82D0020295C8FC21D
:1015700030B50D460E4985B0002808BF084609F071
:1015800071FA044670B90B4B022203930A4B0B49C4
:1015900002930823CDE900030346FFF703FB20462F
:1015A00005B030BD691D0C3025F0BEF8F7E700BF6F
:1015B000E418002048D303006D0E0400F4C60300B5
:1015C00010B5044600F054FF2046BDE81040FFF778
:1015D0008ABAF8B5031D04461846FFF7AEFA82052D
:1015E00012D5B4F8A620B4F8A81091420CD8B4F8DB
:1015F000AA10914208D3D4E92B12914204D16FF47E
:1016000000711846FFF78EFA0F4B1D6825B90F4D74
:101610000F4FBD420CD3F8BDEE683EB12046B4F882
:10162000AE30B4F8AC20B4F8A610B047AD69EDE721
:10163000EE683EB12046B4F8AE30B4F8AC20B4F851
:10164000A610B0471C35E4E7B02D002094C6030077
:1016500094C603002DE9F041074608460C46F0F712
:1016600031FB054618B900252846BDE8F081134B2B
:101670001E6846B9124EDFF84C804645F4D2B36876
:1016800083B91C36F9E7B3680BB9B669F1E72146AF
:10169000384698470028E6D02046F0F713FB00288C
:1016A000F3D1E0E72146384698470028DBD02046B2
:1016B000F0F708FB0028E4D1D5E700BFB02D0020EB
:1016C00094C6030094C6030010B50446D0F8C000C9
:1016D00028B9207A04F1900108F0FCFE38B1E278D4
:1016E000C3892AB913F0210F14BF0120002010BDB7
:1016F00013F0240FF8E72DE9F041C378044673B9DD
:1017000000F19E060F4B04F190071D6855B90E4D70
:101710000E4F04F19008BD420CD3BDE8F08100F1FA
:101720009706EFE72B691BB13A46314620469847AA
:10173000AD69EBE72B691BB142463146204698471D
:101740001C35E8E7B02D002094C6030094C60300C2
:101750002DE9F047089E8246102E894690461F4686
:101760002FD81C2142F21900EFF796FD054660B311
:101770001C210C3024F0E2FF0446BAF800300822A5
:1017800020F8023B494624F06BFD0222414604F159
:101790000A000C3424F064FD32463946204624F019
:1017A0005FFD102E05D00021C6F11002A01924F013
:1017B00062FD2946BDE8F047002242F21900EFF72A
:1017C000A7BD6FF01500BDE8F0876FF06800FAE77D
:1017D0000346C07A18B1D3F8C00000B1007B70474F
:1017E000F8B5437A04468372164600F09FFE0C4B10
:1017F0001D6825B90B4D0C4FBD4208D3F8BD6B6970
:101800001BB132462046617A9847AD69F1E76B69B2
:101810001BB132462046617A98471C35ECE700BF81
:10182000B02D002094C6030094C6030038B5437B56
:101830000446072B0D461ED1437A8B4211D2837A80
:101840008B420ED20B0600F104000CD54FF4006160
:10185000FFF776F905F07F052046A57207F022FE16
:1018600030B9002038BD6FF40061FFF75BF9F1E794
:10187000637AA372F6E76FF07F00F3E7407A704770
:10188000024B1A6818608261704700BFB02D0020BB
:1018900070B506460D460A480121FFF7B1FA044625
:1018A00060B1067207222946903024F0D9FC01234A
:1018B0006372A372A370034BC4F8A830204670BDB6
:1018C000B82D00201800280037B505460C46FCF757
:1018D000D7FD2946A8B16846FCF7C8FD6946002037
:1018E000FFF7D6FF58B12388A0F8A8306388A0F886
:1018F000AA30A388A0F8AC30E388A0F8AE3003B0DB
:1019000030BDFCF7E0FF07220146684624F0A8FC42
:10191000E4E738B5037A04468B42154615D100F149
:1019200090010722284624F074FC80B1E378072256
:1019300043B904F19E01284624F06BFCB0FA80F014
:10194000400938BD04F19701F5E70020F9E70120CF
:10195000F7E770B505460B480E46FFF73DFC044619
:1019600020B18378012B04D0FFF74DFC00242046E2
:1019700070BD32462946FFF7CCFF0028F7D120463C
:10198000F2E700BFB82D002010B586B0FFF7E1FFE9
:101990000446C8B1427B0D49082A97BF0C4B0D4B3A
:1019A00003EB82031B6C082204930B4B03930B4B3A
:1019B000029300231846CDE900320222FFF7F2F825
:1019C0002046FFF720FC012006B010BDF4C603003E
:1019D000BCD20300F80D040063D303009A0E040088
:1019E00038B504461448FFF7A8F8400702D46FF052
:1019F0000A0038BD0846F0F765F910B96FF0150018
:101A0000F7E70D48FFF799F80206F0D40A48FFF708
:101A100094F8C304C0F300350AD4FCF794FF0028FF
:101A2000ECD021462846FFF7AFFF0028E1D0E5E7DC
:101A30006FF07700DDE700BF24010020F8B5054610
:101A40000E480E461746FFF7C7FB044620B18378C1
:101A5000012B03D0FFF7D7FB00240DE036B132464F
:101A60002946FFF756FF08B92046F3E7637BBB42E0
:101A7000FAD1237AAB42F7D12046F8BDB82D002029
:101A80009030704710B5837802460B70C3784B7066
:101A9000037A8B70437B023BDBB2062B8FBF0023A4
:101AA00022481B1893F8B93010460B770023CB77E8
:101AB000537A4B77FFF78CFE88779378012B31D1DF
:101AC00002F190038B60137A1948C3EBC3030344FC
:101AD0004B60D47802F19E0302F1970014B11C46CA
:101AE00003462046C1E90303B2F8A6308B82B2F860
:101AF000AC30CB82B2F8AE300B83D2F8C03023B119
:101B00005B7BD80644BF0123CB77D2F8C03013B13A
:101B10005B7B9B0601D4002010BDCB7F43F002030A
:101B2000CB77F8E76FF01500F6E700BFBCD20300F3
:101B30005000002008B503460430FEF7FEFF820483
:101B40000BD500209A7848700A70488088809A786F
:101B5000012A05D1B5338B6008BD6FF00F00FBE79C
:101B60006FF01500F8E738B50C460978054651B90D
:101B7000621CFEF7F0FF40B92846A21C0121BDE817
:101B80003840FEF7E8BF6FF0850038BD2DE9F04121
:101B90000F461146054614469846FFF721FF0646B4
:101BA000002835D121462846FFF78EFE044600283E
:101BB00048D097E80F00254D05F1080C8CE80F0080
:101BC000AB8A002B08BF4FF49673AB822B8A03B904
:101BD000AB892B826B8A03B9EB8995F831216B8233
:101BE00095F830319A4216D902212046FFF744FB7E
:101BF0000120FEF70EFB054640B120460021FFF70D
:101C00003BFB2046FFF7FFFA2E4601E0C8F80040F4
:101C10003046BDE8F08106212046FFF72DFB204627
:101C2000EFF772FD05460028F0D000262046314629
:101C30002673FFF721FB2046FFF7E5FA3046FEF753
:101C4000E8FAE1E76FF00B06E2E700BF5000002082
:101C50002DE9F0470F4681461146386815469846EB
:101C6000FFF7BEFE044650BB09F11000FEF765FF0A
:101C7000C2032DD5DFF864A09AF8DD301B0724D508
:101C800097F90430002B23DB29463868FFF71CFE48
:101C9000054600B30621AAF81440FFF7EDFA4946BD
:101CA00028463A79EFF7BEFC2646044650B128464E
:101CB00000212E73FFF7E0FA2846FFF7A4FA20462A
:101CC000BDE8F087C8F80050F9E76FF08504F6E743
:101CD0006FF01504F3E76FF00B04F0E750000020FD
:101CE00070B506462F48FEF728FF40070D4653D52E
:101CF00029B9FCF728FE40B96FF0150070BD084601
:101D0000EFF7E0FF0028F4D1F6E731460020FFF7B7
:101D100020FE044628B93146FFF7BAFD04460028E4
:101D20003DD0201D3DB32B880121A4F8A8306B883D
:101D3000A4F8AA30AB88A4F8AC30EB88A4F8AE3095
:101D4000FEF7FEFEC10702D42046FFF745FA637B8B
:101D500063B91448FEF7F1FE430707D51DB1022110
:101D60002046FFF789FA0020FEF753FA2046FFF7D6
:101D70004AFA0020C2E76FF00101FEF7D3FEC20766
:101D8000E5D52046FFF73FFA637B022BDFD12946DA
:101D90002046FFF771FADAE76FF00A00AEE76FF05E
:101DA0000B00ABE72401002038B583780446012BF3
:101DB0000D4603D100219030FFF792FF637B023B79
:101DC000062B28D8DFE803F0042727270E190C007C
:101DD000204600212573FFF74FFA0020FEF719FA7D
:101DE000002038BDA378012BFAD104F160001DF06A
:101DF00043FFBDE83840EFF7E9BC29462088EFF7FC
:101E0000FFFC0028EDD1637B072BE9D10821204698
:101E1000FFF732FAE4E76FF07F00E2E7F8B5074634
:101E20000D4642F213000E21EFF736FA0646D0B106
:101E30000E210C3024F082FC04460E22002124F0F6
:101E40001AFA3B88314623802B88002263806B88F6
:101E500042F21300A380AB88E380EB882381BDE8C6
:101E6000F840EFF755BA6FF06800F8BD38B5044692
:101E700008460D46EFF726FF38B3154B93F8D830D8
:101E8000990707D4E37873B129462046BDE8384066
:101E900000F0B4BC94F8B5309A07F3D5201DFEF7D6
:101EA0004CFE4305EED429462046FFF7B7FF58B94C
:101EB0002B88A4F8A8306B88A4F8AA30AB88A4F8C3
:101EC000B030EB88A4F8B23038BD6FF01500FBE7F6
:101ED00050000020F0B510F8533C044689B0A0F142
:101EE0006005FBB9284600F009FB3A4B1E684EB965
:101EF000394E3A4FBE420DD3284609B0BDE8F040F6
:101F0000FFF781B973681BB1284614F8541C984731
:101F1000B669ECE773681BB1284614F8541C98475F
:101F20001C36E7E710F85E3C012B51D110F85D3C00
:101F300023B909B0BDE8F040EFF748BCA0F15C0759
:101F40006FF400713846FEF7EDFD10F4007623D0F3
:101F5000A36C28460693236D06A90793FFF786FF17
:101F600058B96FF480713846FEF7DCFD80213846A1
:101F700009B0BDE8F040FEF7E3BD194B082203931A
:101F8000184B049002930023CDE900320222184638
:101F90001549FEF707FEE9E7144C06ABD4F8CE006E
:101FA000D4F8D21003C3284606A9FFF75FFF28B96B
:101FB0004FF480713846FEF7C3FDD7E70C4BC034B1
:101FC000029308230490CDE9006303943346DDE7D0
:101FD00009B0F0BDB02D002094C6030094C60300E4
:101FE0007CD30300C10E0400F4C60300BCD203007E
:101FF000EA0E040010B50346B0F8A6200888904207
:1020000014D84888904211D3B3F8AC008A88904223
:102010000CD1B3F8AE00CA88904207D16FF40071BA
:10202000181DFEF77FFD6FF0770010BDDA781AB942
:10203000BDE81040184619E71A1D1046FEF77DFD51
:10204000C0F3C0140006F3D40888A3F8A800488899
:10205000A3F8AA008888A3F8B000C9881046A3F89E
:10206000B2104FF40071FEF76BFD2046DDE701462C
:102070000148FFF77DBA00BFE81900202DE9F047BD
:10208000437B05465BB96FF040010430FEF74AFD23
:10209000430604D52846BDE8F047FEF7E8BE05F143
:1020A00038001DF01EF9044660B940F29733344AF7
:1020B0003449354822F0FAFC404080F311884FF053
:1020C000030002DF204608F049FDDFF8C090028AD5
:1020D000B9F80C3104469A42027F07D832B902237C
:1020E00021462846FEF7B6FD064632E017464FF079
:1020F000000A228AB9F80C319A4204D8012300223E
:1021000023770323ECE74FF0FF334FF0FF3200203B
:10211000FFF7ADFF6B7B8046072B06D008F0EBFC8A
:102120002046BDE8F04708F0E6BCC0F818A080F8EB
:102130001CA0637F0246437721463B462846FEF7B4
:1021400089FD0646B8B107F001074046277708F039
:10215000D2FC204608F0CFFC05360ED10023A6693C
:102160002046A36108F0C7FC3EB131462846BDE8D1
:10217000F047FEF759BD0127BBE7BDE8F08700BF78
:10218000180F04003B1C04007EFF030050000020D9
:102190000C4B60B1D3F8D0206AB902693AB9026831
:1021A00062B9426852B9826842B9426932B9C3F829
:1021B000D000002070476FF0770070476FF0150077
:1021C000704700BFB02D002078B149B10B693BB911
:1021D0000B6853B94B6843B98B6833B94B6923B962
:1021E0008378012B04D107F0AEB86FF0150070476B
:1021F0006FF08500704778B10023C360084B00F191
:102200000C02D3F8D81019B9C3E935220020704761
:102210000A60C3F8D820F9E76FF01500704700BFD7
:10222000B02D002008B550B100F10C010548FEF7B3
:102230003FFC00280CBF6FF07700002008BD6FF056
:102240001500FBE7842E00208378012B01D107F0D5
:1022500006BB6FF0150070478378012B01D107F0A2
:102260003CBB6FF0150070478378012B01D107F05C
:10227000C7BB6FF0150070478378012B01D107F0C1
:10228000CAB86FF01500704710B90248FEF7A4BF36
:1022900000207047B82D002038B515481CF007FF06
:1022A000144913481CF03FFF134911481CF03BFF31
:1022B00012490F481CF037FF01F0EAFE08F02AF837
:1022C000054698B900F0CEFA0D48FEF785FF0446A2
:1022D00060B10430FEF731FCC30704D5022120466B
:1022E0002572FEF7C9FF2046FEF78DFF284638BD50
:1022F000901800208C2E00209C2E0020AC2E002058
:10230000B82D002070477FB50BAB059303930A9B54
:10231000082002930023CDE900301846F6F70DFBA4
:1023200007B05DF804FBF0B5002305460F461646DE
:1023300004214FF48032002087B0FFF719F90446DA
:1023400078B90C4B012203930B4B0C4902930823E1
:102350000495CDE900030346FFF7D5FF204607B0FB
:10236000F0BD04210C3024F0E9F905704770468077
:10237000F4E700BFB4D30300C10F040044C7030057
:102380007FB50D4A0346106828B90C4B53600A60AC
:1023900007B05DF804FB0493094B08220393094B33
:1023A0000949029300231846CDE900320122FFF7C4
:1023B000AAFF6FF00B00EBE734450020CCD30300FD
:1023C000F4D30300ED0F040044C7030070477047C7
:1023D000836D30B573B10025083B1A46994252F817
:1023E000084F0ED13DB9C16D84658A4200D1C465E4
:1023F00000229A6030BD2C60C16D8A4208BFC5655D
:10240000F6E7002CF6D01546A4F10803E5E704280A
:102410009DBF034B03EB8003186D0248704700BF5C
:10242000B4D30300BCFE030070B50446D0E9003508
:1024300023B16B6803B1984700232360E3680BB1B5
:10244000204698472B6A1BB12046BDE870401847CC
:1024500070BD10B500248C60C46D01F1080324B96F
:10246000C0E916330860CA6010BD2360C365F9E790
:10247000F7B5044600261F4D1F4FBD4201D303B0E0
:10248000F0BD20466B6801A9984700282CDB019B12
:102490002A889A829A84A86803F11002D2E8EF1F72
:1024A000C2E8EC6FBCF1000FF8D19E60E16D03F162
:1024B0000802D9B9C4E916221C60D86001984368A3
:1024C0001B6803B19847019B1033D3E8EF1F41F01D
:1024D0000101C3E8E21F002AF7D101984368DB69D4
:1024E00013B100F1100198470C35C6E70A60E265A8
:1024F000E2E700BF70C6030094C6030038B5806DE4
:1025000030B150F8084904B1083CFFF78DFF04B919
:1025100038BDA5682DB12046083DFFF785FF2C4644
:10252000F7E72046BDE83840FFF77EBF38B5836D3A
:102530000D46BBB1184650F8084904B1083C53F8A1
:10254000043C9B680BB1294698475CB12046A468BF
:10255000436824B19B68083C002BF4D1F6E79B68E4
:10256000002BF0D138BD0431FFF702B82DE9F0415E
:10257000144605460F4602F10C0004211E46DDF804
:10258000188024F0F3F9228A4780043A02804346F7
:10259000324621462846BDE8F041FEF731BD37B549
:1025A000054602220120FFF7BEFE044698B1022133
:1025B0000C3024F0C3F80023224603704370052139
:1025C00028460093FFF7D2FF28B1204603B0BDE8AC
:1025D000304008F090BA03B030BDF0B50B8A064623
:1025E000032B0D4689B008D8504B0393504B08205D
:1025F00002930023CDE9003025E0042105F10C0011
:1026000024F069FA2B8A04464088984211D0CDE91B
:102610000430464B08240393464B012202930023C7
:1026200045491846CDE90034FFF76DFE002009B09A
:10263000F0BD617869B93D4B0393404B0293082389
:10264000CDE900130B46012218463B49FFF75BFE1C
:10265000ECE72378122B1AD0132B12D0012BE5D0E4
:102660000493324B08220393354B334902930023E2
:102670001846CDE900320222FFF745FE6178306846
:102680001DE00128D2D82F4B03932F4BAFE707282B
:102690003468EA6803D82D4B03932D4BA7E7637B7F
:1026A000072B09D0294B082103932A4B02220293BE
:1026B0000023CDE90031C7E7E7781FB12046FFF7D7
:1026C0006EFFB3E713881320ADF818305388ADF8C8
:1026D0001A309388ADF81C30D3880222ADF81E3032
:1026E000FFF721FE05460028A0D006A92046FEF7E8
:1026F000B1FF0646022105F10C0024F01FF886F018
:102700000103DBB203802A463B46052120460097A1
:10271000FFF72CFF10B1284608F0EDF9002E85D008
:10272000204606A9FFF77AFB80E700BF18D4030014
:10273000181004003A10040044C703005F1004009E
:10274000DD10040023D403008410040035D40300FA
:10275000A4100400CB100400806D28B1838B0838CE
:102760008B4201D08068F8E77047806D28B183897B
:1027700008388B4201D08068F8E7704730B50B8A83
:102780000546032B0C4687B012D8184B082203933A
:10279000174B184902930023CDE900321846012255
:1027A000FFF7B1FD204607B0BDE8304008F0A3B9FF
:1027B000042104F10C0024F08EF941882846FFF72B
:1027C000D4FF034660B9094A049103920A4A0949B1
:1027D00002920822CDE900020222FFF794FDE1E710
:1027E000436821465B699847DCE700BF4ED403008D
:1027F0000911040044C703002A11040073B5184BE3
:102800000E4693F8301005460131C9B2012938BF90
:1028100001210822122083F83010FFF784FD0446BE
:10282000D0B108210C3023F089FF33882246038081
:10283000738805214380B3888380F388C380002395
:1028400028460093FFF792FE054610B1204608F097
:1028500052F9284602B070BD6FF00B05F9E700BFD2
:1028600034450020704700BF0346006828B159680E
:10287000026888421A6008BF5A6070470346002009
:1028800003B970471A8A5B681044F9E710B5D46839
:102890000231237813B92170012010BD8B42FBD087
:1028A000038A023B038200201061F6E7062070478E
:1028B00023281FD81A2804D8431E182B0ED9062007
:1028C0007047A0F11B03082B1ED8DFE803F0051D9D
:1028D0001B231D19251D05000320704701230F4AE6
:1028E00083401A40C2B90E4A1A40002A14BF012080
:1028F0000620704700F07F03522B05D1002070475F
:10290000012070470520704710F0400F0CBF0620D3
:10291000002070470420704702207047AAAA8A024C
:1029200054554501011F01481BF09ABED0150020E7
:1029300008B503680A8A1868C96804F080FB00209B
:1029400008BD38B5054601F10C000C4624F0D3F85B
:102950002D680146238A2868E26804F03DFB0020C8
:1029600038BD70B40568EA6A52B3136803B1A83B76
:10297000A2F1A8040022114600E0A83B844207D03F
:10298000668D648BB14238BF3146A24238BF2246C1
:102990001C462BB1D3F8A830002BEED18442EFD1E6
:1029A000438D408B8B4201D890420BD9824238BF75
:1029B00002469942286838BF194670BC04F0D6BB5D
:1029C0001146EDE770BC704773B5144601460546E5
:1029D0004FF49572206802F073FF207500BB237AD4
:1029E000B3B1A3F11802534253419B000193638A90
:1029F00029460093AE68238AE2682068B047002821
:102A000008DB238A83420ED100230120237508E0CE
:102A10000223EBE710F1FF0F05D34042C0B220754F
:102A2000002002B070BD0E20F9E71FB5CDE90123EB
:102A300000231A46009302F085FD05B05DF804FB03
:102A4000F8B5936805460F461446166863B9506892
:102A500001210C3023F072FEA0602B681B78002B44
:102A600014BF022301230370A3681B78012B03D03A
:102A7000022B1FD000201CE02B681B78002BF9D103
:102A8000606804210C3023F059FEE06007802A685A
:102A9000E36852885A806168728D738B088A9A4203
:102AA00094BFC0EB0200C0EB0300042894BF0020D9
:102AB0000120F8BD2B681B78022BDBD16068122146
:102AC0000C3023F03BFEE06007802968E0681022AC
:102AD0000131023023F0C4FB6168728D738B088A68
:102AE0009A4294BFC0EB0200C0EB03001228DDE75E
:102AF000D0680431037813B90170012070478B420C
:102B0000FBD0002091680B8A043B0B821061704758
:102B100010B5044678B10B4B83420CD83C33984235
:102B200009D20021142223F0A6FB2146BDE8104063
:102B300005481CF0F8BA2046BDE8104014220021D8
:102B400023F099BB68450020701800207FB50BABBF
:102B5000059303930A9B082002930023CDE90030DC
:102B60001846F5F7EAFE07B05DF804FB2DE9F04FD3
:102B700042F60103002595B0166880460F460068AE
:102B80000FA9D6F8049014468DF83C50ADF83E30AD
:102B9000FBF734FB002878D04FF42053D8F800001E
:102BA0000FA98DF83C50ADF83E30FBF727FB38B14C
:102BB000A3681BB15A88BA4200D25F8001200EE0A0
:102BC00061680846FFF75AFE728D738B9A4294BF74
:102BD000C0EB0200C0EB0300032803D8002015B0AF
:102BE000BDE8F08F084608F027F805466068FFF753
:102BF00045FE728B738D05F10C0B9A4294BFC0EBAE
:102C0000020AC0EB030A584623F0FEFF82453FD27A
:102C10006068FFF733FE728D738B9A4294BFC0EBEE
:102C20000200C0EB030070B96368987A07F065FE94
:102C30000022002307F016FF05460028CED00146EB
:102C4000606808F00AF800230093D8F804601023A5
:102C50004146484606AAB047061E16DB227CE068BD
:102C6000B24236D001460FA8FBF7F6FA034698B9F0
:102C7000227C0492194A0392194A029208221949A5
:102C8000CDE900320222FFF761FF0023A36095E740
:102C9000584623F0B9FFC6E7F2B206A90AA8FBF727
:102CA000DBFA034620B90D4A049603920E4AE4E784
:102CB0000AA90FA8FBF7A2FA0028E6D100230421F5
:102CC000637405F10C0023F039FDA0600780A36850
:102CD00073E706A923F09DFAEEE700BF5CD403007A
:102CE0006A110400ECC603008D1104001FB5437B7C
:102CF000072B0BD01A4B082003931A4B0222029386
:102D00000023CDE90030184617490DE00421FFF7F4
:102D10002CFD034670B9124A13490392134A0292DA
:102D20000822CDE900020122FFF710FF002005B0C4
:102D30005DF804FB00F13002D2E8AF1FC1F380025E
:102D4000490709D4064B0393094B02930823CDE9A5
:102D5000002313460122D6E750F8040CE7E700BF32
:102D600069D40300CB100400ECC60300B0110400CA
:102D7000CF1104002DE9F04F044685B0104690466F
:102D80009946FFF77BFD638B628D8B46934228BF8C
:102D90001346834240F2938063684046039307F0F2
:102DA0004BFF4FF0000A06464046FFF767FD628B77
:102DB000638D06F10C079A4294BFC0EB0205C0EB8D
:102DC0000305384623F020FF854217D24046FFF71F
:102DD00055FD628B638D9A4294BFC0EB0205C0EB38
:102DE00003058DBB98F80A0007F087FD0022002339
:102DF00007F038FE064630B9574636E0384623F02D
:102E000003FF0546EDE70146404607F026FF404632
:102E1000FFF734FD628D638B06F10C079A4294BF75
:102E2000C0EB0205C0EB0305384623F0EDFE8542FA
:102E30001FD24046FFF722FD628D638B9A4294BFFA
:102E4000C0EB0205C0EB0305F168328ACDF80090B3
:102E5000DBF804700A4403985946ABB2B847071E22
:102E60000CDABAF1000F18BF5746384605B0BDE876
:102E7000F08F384623F0C8FE0546E5E70E9BB3B950
:102E8000394606F10C0023F059FC4046FFF7F6FCEA
:102E9000638D628BB944934228BF13468342BA4480
:102EA0001FFA89F9A8D9AF423FF47EAFA4E73946AB
:102EB00030460F9A0E9B98470028E1D19CE70027E7
:102EC000D3E72DE9FF414FF000084FF420530546AA
:102ED0000E46006802A9144617688DF80880ADF800
:102EE0000A30FBF78BF9A0B142F60103286803A969
:102EF0008DF80C80ADF80E30FBF780F948B12369EE
:102F00001BB15A88B24200D25E80012004B0BDE8F5
:102F1000F08161682868FBF771F910B10023236123
:102F2000F3E7E368A0681A786AB1B7F82AC0798B2A
:102F3000038A8C4594BFC3EB0C03C3EB010393429C
:102F400001DA0020E2E704210C3023F0F7FB2061D6
:102F50000680236929465E80074B0194009338461A
:102F60000023A268FFF706FF0028EADB206900388B
:102F700018BF0120CAE700BFF12A01000022036840
:102F800003B970478B420FD10B683AB942680360AE
:102F9000914200D1436000230B6070471360436887
:102FA000994208BF4260F6E71A461B68E8E701232A
:102FB0008B40DB43D0E8EF2F1A40C0E8E12F002917
:102FC000F8D17047062070472DE9F0430F46438B38
:102FD000418D01328B4228BF0B469A42064687B08C
:102FE00013D9CDE90432404B082103933F4B022211
:102FF00002930023CDE9003118463D49FFF7A6FDB5
:103000000024204607B0BDE8F0833846FFF750FCA7
:1030100002281AD0042843D04FF0FF384FF0FF3970
:10302000002142464B460846FFF79DFA0446002819
:103030003BD12D4B012203932E4B2D4902930823A4
:103040000497CDE90003034611E00F2F28D0212F6C
:1030500026D0336E73B1244B08220393264B2449A8
:1030600002930023CDE90032184601220496FFF7AF
:103070006DFDC5E7F06D07F071FD044607F06EFCCD
:10308000092104F10C0006F1600523F04DFB2E60D0
:103090000121A56104F10C0023F050FB0770B0E79B
:1030A0004FF470284FF00009BAE71DF01FFB134BD7
:1030B0008342134807BF0022002342464B461CF0C0
:1030C000A8F805460028E2D1074B022203930D4BD6
:1030D000074902930823CDE900030346FFF736FDB5
:1030E000204607F008FD8BE771D40300ED110400C2
:1030F000ECC60300C10F040016120400B83800200B
:1031000070180020421204002DE9F74317680546A5
:1031100088460068516814467E68FBF76FF8814660
:10312000002842D130469522294602F0C9FB0646C6
:10313000207540B1E3681B780BB184F8149000202F
:1031400003B0BDE8F083A06807F076FD02210C30E3
:1031500023F0F4FA164B2061A0F80080009301944C
:10316000334629463846A268FFF704FE002807DAEE
:1031700010F1FF0F32BF0E204042C0B22075DEE7D3
:103180002369002BDBD0A068FFF778FB7B8B7A8D5F
:103190009A4294BFC0EB0200C0EB0300E3681B78C7
:1031A000984294BF00200120CAE70120C8E700BF71
:1031B0008D28010073B50023054616681446706813
:1031C00029461373952202F07BFB207380B9CDE969
:1031D000000029463046A388A268FFF7CBFD0028EF
:1031E00009DA10F1FF0F32BF0E204042C0B2207347
:1031F000002002B070BD0120FBE72DE9F341002360
:10320000074616681446706839461373952202F013
:1032100057FB0546207308BBA068718B728D038A2B
:10322000914294BFC3EB0103C3EB0203012B15DDF5
:1032300002210C3023F082FACDE900558046A388A4
:1032400039463046A268FFF795FD031E0ADA13F1EE
:10325000FF0F32BF0E235B42DBB22373002002B0AC
:10326000BDE8F0810120A8F80030F8E7F0B589B09A
:1032700004460F4600220023344806A91BF0C2F979
:10328000054690B1324B08220393324B04940293CB
:103290000023CDE90032012218462F49FFF756FCE2
:1032A0006FF00B06304609B0F0BD1DF01FFA2B4B36
:1032B0003422D8632946069822F0DDFF069B0022BF
:1032C0001C60069C0023C4E90155C4E90B55244841
:1032D00007A907951BF096F9064658B12368022204
:1032E0000493204B0393204B02930823CDE9005312
:1032F0002B46D1E70146B022079822F0BCFF079881
:103300001A4B83603C301BF0D2FE079B3433D3E86A
:10331000EF2FC3E8E16F0029F9D1079B1C60E36A36
:10332000079D1BB904F10C001BF0C1FEE26A05F118
:10333000A803C5F8A820226BE36202B92363172211
:10334000079B5A855A8304333B60ABE7AC150020DA
:1033500088D4030065120400ECC603006845002011
:10336000D015002096D403008E120400FC0A002021
:103370002DE9FF47D1F8188006460C46D8F8009092
:10338000C86806F13403D3E8AF2F5507C2F38003B2
:1033900011D4354A18460392344A3549029208221C
:1033A000CDE900320122FFF7D1FB6FF01505284669
:1033B00004B0BDE8F0870378D22B19D133681868C0
:1033C00005F09DFF054698B1274B08210393294B33
:1033D0000122029300231846CDE900312449FFF76A
:1033E000B5FBA069FFF794FB204607F084FBDEE7FE
:1033F00004F10C0023F004FCB4F810A0C8F800603D
:10340000336807461D68E36804211878FFF750FA0F
:10341000052898BF184B22469CBF03EB80035B6DC9
:10342000284688BF154BCDF80080FFF79FF805466A
:103430000028BCD010F1690F0CD10B4B082203936C
:103440000F4B0B4902930023CDE9003218460122AD
:10345000FFF77CFB6369A4F810A013FA87F7E76015
:10346000C8F80090A3E700BFA3D40300CF11040065
:10347000ECC60300B71204005CD403007F390100DE
:10348000CE120400F8B504468868FFF7F7F9638D9B
:10349000628B0D46934228BF134683420BD300260E
:1034A000A1638F6820468E603946FFF761FF08B13F
:1034B000AF60A663F8BD6FF07900FBE738B505464D
:1034C000D1E8AF3FDB0717D550F8040CA0B16B6B08
:1034D00093B90430FFF7C8F9044668B10146281FC4
:1034E000FFF7D0FF002807DA55F8043C5A6822603D
:1034F0009A685C6002B99C6038BD2DE9F041C46AED
:1035000007463CB354F8A86906B1A83E002307F16A
:1035100004081D4601E034461646A26B9AB905B967
:103520008BB94046FFF7A0F9054658B10146204641
:10353000FFF7A8FF00280DDA7B682B60BB687D6071
:1035400003B9BD6023462EB1D6F8A820002AE2D0E8
:10355000A83AE0E7BDE8F08170B5002204460023F8
:1035600008460E4607F096FA054658B10146204631
:10357000FFF7FEFE044618B1294630461BF0DEFD7B
:10358000204670BD6FF00104FAE7F8B550F8044C1E
:103590000546071F04213030FFF709FDFCB16B6BB6
:1035A0008BB963687BB1201DFFF75EF901460646C3
:1035B0003846FFF767FF002811DA63683360A368B5
:1035C000666003B9A660384605F13801FFF7C4FF0D
:1035D00028B1384604F10C01BDE8F840BCE7F8BD5D
:1035E00038B504460D46FFF7C3FE30B1294604F155
:1035F0003C00BDE8384007F07CBA38BD70B50446E1
:1036000001F10C000D4623F076FA266801462B8A5C
:10361000EA68306803F0E0FC1E2100222046FFF734
:10362000D3FC014610B12046FFF7DAFF002070BD41
:103630002DE9FF41064690461F460D4689B10422FA
:103640000121FFF7C1FC044670B90E4B0122039320
:103650000D4B0E4902930823CDE900030346FFF703
:1036600075FA04B0BDE8F08104210C3023F066F84F
:1036700021460570A0F80180C770304604B0BDE84F
:10368000F041ADE7C8D40300F5120400ECC6030016
:1036900010B5044600F13003D3E8EF1F41F00401F8
:1036A000C3E8E21F002AF7D1201FFFF75AF904F1FF
:1036B000740004491CF06EFA2068BDE8104003F065
:1036C00025BD00BF21440100012310B503FA01F11B
:1036D000D0E8EF3F43EA0102C0E8E42F002CF7D125
:1036E000194214BF0120002010BD2DE9F0470B8ABC
:1036F00004460D4686B07BB9514A18460392514A9A
:10370000514902920822CDE900320122FFF71EFA48
:10371000002006B0BDE8F087012105F10C0023F080
:10372000DAF954F8043C0746002BF1D00026DFF804
:103730001C810378A4F1040908F1880212F83610FC
:10374000994225D1284607F009FA4FEAC60A08EB44
:10375000C60696F88A60A065012E3ED1002104F1CC
:103760003000FFF7B1FF002843D0354B0393384BAF
:103770000821029300230222CDE900311846324984
:10378000FFF7E4F9A06D07F0B6F90023A365BFE7E2
:1037900001361E2ED2D1284607F0E0F9A0653B780D
:1037A00000250493264B284603932A4B264902936F
:1037B00008230222CDE900532B46FFF7C7F93978D9
:1037C0000846FFF775F80028DCD00528DAD0062374
:1037D0002A464846FFF72CFFD4E7052E09D10121E0
:1037E00004F13000FFF770FF18B1154B03931A4B2B
:1037F000BEE7D0442B8A98F889209A4213D93A78A8
:103800001149CDE904320E4B08220393134B029366
:103810000023CDE9003218460122FFF797F9012E67
:10382000B0D1042309E0D8F88C302946484698479F
:10383000012E0346A6D10028A4D000223978C8E77B
:10384000D5D4030023130400ECC603005CD40300AA
:10385000601304004213040080130400A313040047
:10386000F0B51D4603680E460039044618BF012115
:1038700087B01868174603F0C1FC48B9052104F168
:103880003400FFF721FF002846D0002007B0F0BD2C
:10389000002D43D018220021684622F0ECFC57BBD3
:1038A000236829461B68284600930023ADF8123090
:1038B0000C9B1B4A0393BDF834308DF80860ADF8BB
:1038C000103001238DF814306B46FFF7AEF89DF8E9
:1038D0001430D3B1002FD8D0019B9869FFF718F9A5
:1038E000019807F008F92A46314620469DF8143021
:1038F000FFF79EFEC9E7002239462046FFF764FB2A
:1039000001900028CCD11120C0E701990029BCD03A
:103910002046FFF765FEB8E71220B7E70120B5E7BC
:10392000C929010037B50C46054601F10C0023F00A
:10393000E2F8228A03460192E268122100922846A8
:103940001322FFF78DFF03B030BD37B50C46054697
:1039500001F10C0023F0CFF8228A03460192E268BD
:103960002846009200221146FFF77AFF03B030BDCF
:10397000086883689B690BB104301847704710B51D
:103980000C460AB9FFF7F4FF2046BDE81040FFF7E8
:10399000BFB82DE9F84306460D46144622B1BDE8EE
:1039A000F8430846FFF7B4B8FFF7E2FFAF682846D0
:1039B000B5F80480D5F80C90FFF7AAF82FB9BDE848
:1039C000F88349463046B8470134A3B24345F8D39B
:1039D000F5E710B50C460AB9FFF7CAFF2068836BFC
:1039E0002BB14FF47022002378301CF03FF92046B1
:1039F000BDE81040FFF78CB810B50C460AB9FFF7C8
:103A0000B7FF206801213430FFF7D1FA2046BDE826
:103A10001040FFF77DB810B50C460AB9FFF7A8FFB4
:103A2000206800213430FFF7C2FA2046BDE810407C
:103A3000FFF76EB8F0B587B00F461646FFF756F998
:103A4000F8B1C36A18461BB150F8A83903B1A83BB6
:103A5000741C214638B1428B458DAA4228BF2A46A4
:103A6000A24211D2BBB9104B082203930F4B10494D
:103A7000029300230494CDE9003218460222FFF796
:103A800065F8002007B0F0BD3246394607B0BDE802
:103A9000F040FFF799BAD3F8A85005B1A83D1846F1
:103AA0000C462B46D7E700BFD4D50300C61304004D
:103AB000ECC6030070B5448B468D551CB44228BF3C
:103AC0003446A54288B004D808B0BDE87040FFF77E
:103AD0007BBA0A4BCDE905450393094B00240293B9
:103AE00008230490CDE900432046234602220549DD
:103AF000FFF72CF8204608B070BD00BFE6D50300E4
:103B0000E5130400ECC603002DE9F0410E8A0446DB
:103B1000043EF6B2022E08468CB001D0102E6BD1B6
:103B200004210C3022F0D7FF0DF1080805884788E2
:103B3000011D32464046FAF78FFB00285ED0002D6B
:103B400039D00026002F35D0BD4234D84FF4205351
:103B5000404601A98DF80460ADF80630FAF74EFB37
:103B600068BB1422002107A822F085FB0122112145
:103B70002046FFF79FFF099000283BD001210C3021
:103B8000CDE9074822F0DAFD00230A903946037098
:103B90001B4A0B93284607ABFEF747FF0A9B1B788F
:103BA0001BBB099B9869FEF7B3FF099806F0A3FFBA
:103BB0000A2301E03D4601232A4610210EE042F689
:103BC0000103404607A98DF81C60ADF81E30FAF7D6
:103BD00015FB0028C5D010232A4619462046FFF7BA
:103BE00027FD00200CB0BDE8F08120460999FFF7C1
:103BF000F7FCF6E71120F5E70420F3E70E20F1E7E4
:103C0000C32E01002DE9F043036804460D4685B03C
:103C10000121186803F0F2FA50B9052104F13400CB
:103C2000FFF752FD00283BD1122005B0BDE8F0831C
:103C300010220021684622F01EFB0022212120468E
:103C4000FFF738FF029068B34FF00108DFF8589093
:103C5000009405F10C072B8A012B04D82046029909
:103C6000FFF7BEFC1CE0384622F045FF6B464A4693
:103C7000014606468DF80C80FEF7D7FE9DF80C3005
:103C8000002BE8D0029B9869FEF742FF029806F0ED
:103C900032FF3246202120469DF80C30FFF7C8FC49
:103CA0000020C2E71120C0E7FB3101002DE9F043FD
:103CB000036804460D4685B00121186803F09EFA9A
:103CC00050B9052104F13400FFF7FEFC00283BD178
:103CD000122005B0BDE8F08310220021684622F0D2
:103CE000CAFA00220F212046FFF7E4FE029068B3D3
:103CF0004FF00108DFF85890009405F10C072B8A6B
:103D0000012B04D820460299FFF76AFC1CE03846D4
:103D100022F0F1FE6B464A46014606468DF80C80BD
:103D2000FEF783FE9DF80C30002BE8D0029B9869CB
:103D3000FEF7EEFE029806F0DEFE32460E21204629
:103D40009DF80C30FFF774FC0020C2E71120C0E79B
:103D5000B5310100F0B51D46036804460E4685B036
:103D600001211868174603F049FA40B9052104F10A
:103D70003400FFF7A9FC70BB122005B0F0BD8DB375
:103D800010220021684622F076FA002239462046A9
:103D9000FFF790FE029038B3BDF828302946ADF801
:103DA0000430012328468DF80C30104A6B460094ED
:103DB000FEF73BFE9DF80C307BB1029B9869FEF745
:103DC000A7FE029806F097FE2A46314620469DF847
:103DD0000C30FFF72DFC0020CFE720460299FFF7BB
:103DE000FFFBF8E70120C8E71120C6E7B531010065
:103DF00007B5CA680C211388528800920D22FFF77C
:103E0000A9FF03B05DF804FB07B50022CB680A21C7
:103E10001B8800920B22FFF79DFF03B05DF804FBA7
:103E20002DE9F0410D8A0446043DEDB2022D08460D
:103E30008CB001D0102D50D104210C3022F04BFE5B
:103E40000DF1040806884788011D2A464046FAF706
:103E500003FA002843D096B187B1BE420FD818228A
:103E600000210DEB020022F006FA01220921204672
:103E7000FFF720FE089060B9112007E03E460123BD
:103E8000324608212046FFF7D3FB00200CB0BDE8E6
:103E9000F08101210C30CDE9064822F04FFC0023CF
:103EA000099003700A2339468DF82C30304606AB52
:103EB0000C4AFEF7BAFD9DF82C304BB1089B98696F
:103EC000FEF726FE089806F016FE9DF82C30D7E780
:103ED00020460899FFF784FBD7E70420D6E70E2099
:103EE000D4E700BF093101002DE9F0430F46044635
:103EF000062187B007F10C0022F0EDFD0588B0F82F
:103F000002808288D7F80C90C5B10023B8F1000F69
:103F100013D0454512D88DF800308DF804304FF499
:103F20002053684601A9ADF80220ADF80630FAF733
:103F300065F9064660B10A2301E0454601232A4699
:103F400006212046FFF774FB002007B0BDE8F08390
:103F50000146142201A83F7C22F08DF93246072148
:103F60002046FFF7A7FD0290F8B10A2341468DF8DD
:103F70001530284601AB0E4ACDE9036901948DF84E
:103F80001470FEF752FD9DF815304BB1029B9869F5
:103F9000FEF7BEFD029806F0AEFD9DF81530CEE7A7
:103FA00020460299FFF71CFBCEE71120CDE700BFAA
:103FB0006D2B01007FB5CB6804461D885E888DB1EE
:103FC0007EB1AE420ED310220021684622F053F992
:103FD000002205212046FFF76DFD019058B9112000
:103FE00007E0354601232A4604212046FFF720FB3F
:103FF000002004B070BD6B4631462846094A009443
:10400000FEF713FD029B43B9019B9869FEF780FD03
:10401000019806F070FD0A23E5E720460199FFF7B5
:10402000DFFAE5E7412A01002DE9F041CB680446BB
:104030001F88BBB2162B27D902220321FFF73AFDB6
:10404000064618B302210C3022F078FB4FF04108ED
:10405000002580F80080457031462046FFF7C0FA01
:104060002368A4F81A8067851B680433D3E8EF1F20
:1040700041F48051C3E8E21F002AF7D12046FEF741
:1040800070FC2846BDE8F0810420FBE70E20F9E72C
:1040900038B50B4C0B4D20461BF009F8294620463D
:1040A0001BF041F8204605F114011BF03CF82046B6
:1040B00005F128011BF037F8BDE8384001F05AB986
:1040C000701800206845002008B5FEF70FFE08B301
:1040D000C26A02B3136803B1A83B32F88E0C32F8FF
:1040E0007E2C904228BF104643B913E0934228BF6C
:1040F0001346984238BF1846A1F1A803D3F8A81078
:104100005A8B5B8D0029F1D19A4228BF1A46904202
:1041100038BF104608BD1046FCE7002337B50546FA
:104120000C4601931CF0E2FA0B4B01A9DB6B8342B6
:1041300004BF00252C462A46234608481AF062FA96
:10414000014630B91C22019822F095F8019803B07D
:1041500030BD0020FBE700BF684500201816002096
:1041600010B5836804463BB19869FEF7D1FCA0689E
:1041700006F0C1FC0023A3602146BDE810400148C1
:104180001AF06EBA181600202DE9FF470446783061
:104190001D460E4617461BF06FFDA36B93B91A4AD6
:1041A00018460392194A1A4902920822CDE90032B0
:1041B0000222FEF7CBFC2068FFF79FF9002004B035
:1041C000BDE8F087134A4FF00008934202D1C4F8CB
:1041D0003880F0E7D3F80490C3F80480A06BD0F8DF
:1041E00018A0FFF7BDFF2068C4F83880FFF785F9F5
:1041F000B9F1000FE2D02068CDF800A03B4632466E
:1042000029460068C847D9E7FCD503001814040004
:10421000ECC60300A84500200A8A0023C968B3E75A
:10422000FAE7F9E7F8E7F7E7F6E7F5E7F4E7F3E7A2
:10423000F2E7F1E7F0E770B5CE68044633880D4643
:104240009AB2162A05D8002204231146BDE8704010
:104250009AE7412243854283FEF783FB00233146E0
:1042600020462A8AF2E770B5836B0446CA683BB3DE
:1042700017498B4224D0D57815B3052D406806D058
:104280000F2D1ED1437A012B1BD8022107E0437A60
:10429000012BFAD9022B11D0032B12D10421FDF7E7
:1042A000C5FA064668B904F178001BF0E5FCA26B7C
:1042B0003046137C43F00103137470BD0321EEE715
:1042C0000E2500222B462046BDE8704011465BE7D4
:1042D000A845002070B5064650F8043C044656F840
:1042E0000459002B35D039B1436B002B31D01B7CE6
:1042F000DA072ED5052320E0284602F04DFF6B7A21
:10430000012B26D0656B25B32B7CDB0721D5EB6811
:10431000002BEFD030466A69697CFEF755FE0446F3
:1043200050B1D5E90512EB68984760B1A069FEF776
:10433000EFFB204606F0DFFB0E2300223046BDE8EF
:104340007040114620E721463046FFF711F800285B
:10435000ECD170BD2DE9F34150F8044C0546002C1A
:1043600059D000F1A40104F12C00FEF707FE2F1F25
:1043700005F1380800220023404606F08BFB064674
:1043800040BB6B6B2BB1024601460E233846FFF74C
:10439000FBFE0023022145F8043C05F13000FEF746
:1043A00006FEE36A002B36D104F10C07002200233D
:1043B000384606F06FFB064698B96668C6B92146CE
:1043C000164826601AF04CF9286802B0BDE8F041A2
:1043D00002F0C8BFB069FEF79BFB304606F08BFBCE
:1043E000C8E7B069FEF794FB304606F084FBDDE7D2
:1043F000A26833689642636008BFA360776837B1EC
:10440000B3690E210093002320681A46B84730464E
:10441000FFF7A6FED1E702B0BDE8F081AC150020A1
:10442000F0B550F8783C93B006461868FDF728FBC5
:104430000378044607AD032B33D8DFE803F0022CE2
:104440002E301B49284621F042FEA379059562785B
:104450000AAF0492A2781E210392E27838460292B3
:104460002279019262790092124AEFF70DFF124B06
:1044700008220393114B1249029300230497184614
:10448000CDE900320122FEF761FBA6F17400FFF7CF
:1044900061FF13B0F0BD0B49D4E70B49D2E70B49DC
:1044A000D0E70A2128460A4AEFF7EEFECDE700BF23
:1044B000F1FD030013FE03000BD6030033140400C8
:1044C000ECC60300F8FD0300FFFD030009FE030036
:1044D000421B040070B50E46FEF708FC044640B9C6
:1044E000B069FEF715FB304606F005FB6FF07F0064
:1044F00070BD00F10C052846314606F0FAFAE06A74
:1045000038B150F8A84904B1A83C2946FFF724F86F
:1045100020B90020ECE71C466FF00100002CF8D019
:10452000D4F8A83023B90230F5D020461C46ECE779
:10453000A83BF8E710B50C46FEF7D8FB60B10023A6
:10454000236083682BB9C0E90144FEF7D6FF002041
:1045500010BD1C608460F8E76FF07F00F8E710B5CD
:104560000C4618B311B3FEF7C1FBF8B1C36ABBB177
:1045700053F8A82902B1A83A996B8C4209D07AB1B4
:104580001346D2F8A820002AF6D0996BA83A8C429C
:10459000F6D12046064A9A63BDE81040FFF7E0BD19
:1045A00004302146FEF7EAFC2046F5E710BD00BFC7
:1045B000A845002010B50C46FEF798FB90B1C36AE1
:1045C00043B153F8702CA83B9169A14209D0D3F8AC
:1045D000A830F5E7406828B18369A34202D000689B
:1045E000F9E7104610BD0120704710B5FEF77EFBBD
:1045F00050B1C46A44B1A83C04F134000521FEF76F
:10460000D6FCD4F8A840F5E710BD08B50421FEF7A4
:10461000ACF820B13030D0E8AF0FC0F3401008BD87
:104620008069C0E9021201220374828070478369A5
:104630009A8811449980704710B5806984688C42CB
:1046400007D1C168914204D1007CC31A5842584135
:1046500010BD0020FCE708B501F00303032B03D0D5
:104660008B0703D5FDF70AF9002008BD0120FCE700
:104670001060002070470B4609895A8A914238BF62
:1046800011469A8A8A4203D099829B6903B11847DE
:10469000704710B5029C0A46A3680BB121469847A3
:1046A000A37DE268013BDBB2A37522B11BB92046B2
:1046B000BDE81040104710BD106091800020704789
:1046C000009A13681847009A13681847002070472B
:1046D000F0B5076806463D78144689B0DDB97B8899
:1046E000B3F5245F04D010D8A3F52053032B12D8C0
:1046F000ADF80A10022220460DF10A0120F02BFF2E
:1047000068B96FF01502A26506E003F55643FF3362
:104710009BB2042B1ED90125284609B0F0BD7B8829
:10472000022220460DF10A01ADF80A3020F013FFF5
:104730000028E6D00020009003AA132331467768B2
:10474000B847021EDFDB03A9204620F004FF002843
:10475000E1D1D6E7ADF80A10022220460DF10A0198
:1047600020F0F9FE0028CCD07B880222ADF80A3078
:104770000DF10A01E8E7072208B521F04AFDB0FA79
:1047800080F0400908BD38B50546104C38B12246C6
:1047900012F8011BFDF7BDF888B1204638BD0C4961
:1047A000601CFFF7E8FF0028F7D1094904F1110068
:1047B000FFF7E1FF08B11034EFE70024EDE72846EA
:1047C000217C04F11102FDF7A4F8F3E7C02E0020CC
:1047D000F7E9030070B5104E044696F820300D46F8
:1047E00083420ED096F82C30A34212D129460B48B2
:1047F000FFF7C1FF68B101230C22094802FB030047
:1048000008E006F12100FFF7B6FF0028EAD00023F8
:10481000F2E7002070BD00BFC02E0020ED2E00206A
:10482000E02E002038B54A1C0C46054668B91046F3
:104830000D49FFF7A0FF30B90B4904F10B00FFF75A
:104840009AFF70B10A3420460CE00978FDF761F850
:104850000028F8D12846A17A04F10B02FDF759F897
:10486000EFE7002038BD00BFF7E9030038B5054683
:10487000124C48B194F8381004F13902FDF749F8A8
:10488000A0B104F1380010E00D4904F13900FFF740
:1048900072FF0028F5D10A4904F14900FFF76BFFC8
:1048A00010B104F1480000E0002038BD284694F81B
:1048B000481004F14902FDF72CF8F1E7C02E002062
:1048C000F7E90300D0E8AF0F7047034610B5D3E80F
:1048D000EF0F40EA0102C3E8E42F002CF7D110BD2E
:1048E000072221F0BDBC38B50C4619466BB103F167
:1048F00018059B6982B9E268A360954200D1E36024
:1049000000230D681A468B61A847A36853B9601C41
:104910000549BDE83840E3E71360E3689D4208BFFE
:10492000E260EDE738BD00BFF7E90300034610B5CC
:10493000D3E8EF0F00EA0102C3E8E42F002CF7D11F
:1049400010BDF7B54FF42053002704460E4600680B
:10495000694615468DF80070ADF80230F9F74EFC47
:1049600010B9002003B0F0BD42F60103206801A990
:104970008DF80470ADF80630F9F740FC0028F0D04F
:1049800001206E80EEE708B502210C3021F0D6FE42
:104990004122034600201A70587008BD10B5144615
:1049A00002210C3021F0CAFE63890380002010BD73
:1049B00010B5144604210C3021F0C0FE2389038079
:1049C000E3894380002010BD10B5144602210C304D
:1049D00021F0B4FE23890380002010BD10B51446D9
:1049E00004210C3021F0AAFE2389038063894380CF
:1049F000002010BD08B501210C3021F09FFE0346B8
:104A00000020187008BD08B501210C3021F096FE79
:104A100001230370002008BD38B5154600F10C04D1
:104A20000421204621F08AFE2B890380EB894380F4
:104A30002B7C33B94FF42051204621F096FE002004
:104A400038BD42F60101F7E738B5154600F10C0410
:104A50000421204621F072FE2B890380EB894380DC
:104A60002B7C022B04D0032B09D02B68598801E042
:104A700042F60201204621F078FE002038BD42F6C1
:104A80000301F7E770B51446002500F10C066268D3
:104A9000EBB29A4205F1010501D8002070BDA26871
:104AA000304632F8131021F060FEF0E7EAE730B547
:104AB000144685B0054602210C3021F03FFEA38844
:104AC000002203800023CDE902330023CDE9002337
:104AD0002846A268A18906F008F9A389834214BF79
:104AE0006FF00B00002005B030BD7FB515460646BF
:104AF0000C460C30042121F021FEAB8800220380FB
:104B0000EB88043C43800023CDE902330023CDE948
:104B1000002321463046AA6806F0E7F8844214BF15
:104B20006FF00B00002004B070BDF7B5089D06467D
:104B30000C462F6801B94BB900232A462146089339
:104B40003046BC4603B0BDE8F040604700931346D2
:104B50002A46B847089423462A4621462F68EFE79D
:104B6000F0B587B005460C9C10461A4601B94BB902
:104B700000230C93266822462846B44607B0BDE8B9
:104B8000F0406047014603A821F0C8FDBDF8103091
:104B9000012B08D800230093224619462846266890
:104BA000B04707B0F0BD022103A821F094FF0346EF
:104BB000BDF8102033F8027B0021974228BF17462A
:104BC0000097224628462668B047394603A821F0B8
:104BD00082FFDBE77FB50BAB059303930A9B0820AD
:104BE00002930023CDE900301846F3F7A6FE07B084
:104BF0005DF804FBF0B50E4685B00A9C05466FF0E3
:104C0000040104F11400FFF791FE16B32846FFF7E4
:104C10002DFE014600283AD083684BB11A6804F192
:104C200018072BB1BB420DD123462846FFF75BFE88
:104C30006768C7B12246314628463B4605B0BDE805
:104C4000F04018471AB1106813460246E9E71046CB
:104C5000FAE7238A002BEBD1334632462146284619
:104C60002768B847E4E7A3688BB10A4B0222039395
:104C7000094B3846029308230849CDE900733B46A7
:104C8000FFF7A8FF3A4631462846A368D6E705B0A5
:104C9000F0BD00BF18D603005814040014C7030069
:104CA0002DE9F04385B01E46BDF8303081460F46F1
:104CB000D1F80C80002B4DD1731E012B4DD8012E45
:104CC0004146157818BF1588FFF7ACFD044600BBB8
:104CD0001DB9304605B0BDE8F0834146FFF7A2FD9F
:104CE000044670B91E4B022203931E4B1E490293C9
:104CF0000823CDE900030346FFF76CFF6FF01000B7
:104D0000E8E709F190010130FFF7EAFD99F8083072
:104D10002370D8F81C308BB92581B8F81430AB4219
:104D200003D041463846FFF7A6FC002DD1D10F49EC
:104D3000601CFFF7D5FD25702581CAE72A46394654
:104D4000484698470028C5DB01380128E4D96FF0B0
:104D50000D00BFE76FF00600BCE76FF00C00B9E78D
:104D60002BD603009314040014C70300F7E90300D3
:104D700010B5044609490130FFF7B2FD04F10800FF
:104D80000122002121F077FA00230C34D4E8EF2F20
:104D9000C4E8E13F0029F9D110BD00BFF7E90300E5
:104DA00038B5144600F10C050621284621F0C6FC52
:104DB00023890380E3894380237C002B42F601038F
:104DC00008BF4FF42053838021680B781BB1022B5E
:104DD00006D0002038BD2846498821F0C6FCF8E7F7
:104DE00010222846013121F0AFFCF2E770B5124BDA
:104DF0008168994215D1C468167923781568B34241
:104E000011D0A37AB3420CD1294604F10B00FFF76D
:104E1000B2FC30B101200A22002102FB004021F047
:104E20002AFA012070BD2946601CFFF7A4FC002867
:104E3000E7D00020EFE700BFA14C01002DE9FF41C2
:104E400080460F4616461D46FFF7C4FC0446C0B90F
:104E50001249FFF7BFFC044670B9114B01220393BE
:104E6000104B114902930823CDE900030346FFF7D5
:104E7000B1FE04B0BDE8F081394600F8018BFFF7C0
:104E80002FFD228963891AB92BB926816581F0E744
:104E9000B24288BF2681AB42EBD2F7E7F7E90300C5
:104EA00042D60300B114040014C7030038B51546F8
:104EB00000F10C040421204621F040FC2B890380E2
:104EC0006B894380E9680B782BB92046498821F02B
:104ED0004CFC002038BD10222046013121F034FC6A
:104EE000F7E770B5044600F190063146007AEDF719
:104EF000F7FF3146207AFFF76DFC28B1BDE870401E
:104F00000C22002121F0B7B970BD022A10B508D1DA
:104F1000002300F190011A46007AFFF78FFF02206C
:104F200010BDFFF7DEFFFAE72DE9F047284B1646E4
:104F3000826807469A422BD1C568AB8A43B34FF0CB
:104F400000086C1C05F11509B4F807309BB1224626
:104F5000304614F8011CFCF7DCFCE0B9214614F8DB
:104F6000010CFCF7F6FC30B1437B072B08BF4FF078
:104F70000108FCF748F90A344C45E5D1B8F1000FB7
:104F800006D1AB69A5F8148013B14146384698475D
:104F90000120BDE8F08706F1900A5146307AEDF71E
:104FA0009FFF78B90B4B9D4202D13046FFF799FF26
:104FB00020460949FFF794FC002304F8013CA4F8BB
:104FC0000730D8E751462046FFF78AFCD3E700BFF9
:104FD000A14C0100240B0020F7E9030013B5104693
:104FE0004FF42812BDF81010094C0829CDE90042F1
:104FF0000BD8C1F108049C42A8BF1C466944224654
:1050000021F02EF9204602B010BD6FF00604F9E73A
:1050100018002800F7B51546BDF820601F46EDF7CB
:105020005DFF022EADF806000ED8C6F10204BC42A8
:10503000A8BF3C460DF1060322462846991921F0E7
:105040000FF9204603B0F0BD6FF00604F9E72DE933
:10505000F04198461546BDF81860EDF73AFF07464F
:1050600021F06EF883B2B3420CD39C1B4445A8BF19
:105070004446A4B222462846B91921F0F1F8204648
:10508000BDE8F0816FF00604F9E7F7B51F4600238D
:105090001546BDF820608DF80430FFF774FB28B189
:1050A00000F10801012201A821F0DAF8012E0DD843
:1050B000C6F10104BC42A8BF3C4601AB22462846CB
:1050C000991921F0CDF8204603B0F0BD6FF0060429
:1050D000F9E713B5C96810460A781C46BDF81030C8
:1050E00092B94A88022BADF8062018D8C3F1020203
:1050F0009442A8BF144622460DF10601194421F03E
:10510000AFF8204602B010BD102B01F1010106D806
:10511000C3F110029442A8BF14462246EEE76FF096
:105120000604EEE7F7B5C96815461F46BDF82060CE
:10513000FFF778FB00B10089022EADF806000ED80B
:10514000C6F10204BC42A8BF3C460DF1060322464C
:105150002846991921F084F8204603B0F0BD6FF07D
:105160000604F9E72DE9F04706460D464FF4702096
:10517000002190461F469DF820A0DDF82490FEF700
:10518000CCFF044688B1456080F811A0C0F81490A7
:10519000C760C0F818804A4651463046FEF74AFCC0
:1051A000054638B92046FEF7DBFF6FF00B052846B1
:1051B000BDE8F087002201231146FFF731FA2846A7
:1051C000A56042464946B847054618B12046FEF755
:1051D000C7FFECE721463046FFF7ACF9054600284B
:1051E000E5D0F3E737B50C460546082104F1140075
:1051F000FFF76BFB122304222846CDE90032034956
:105200002246034BFFF7AEFF03B030BDF54B010064
:105210001552010038B5144600F10C05022128464C
:1052200021F08CFAE3890380218A284621F09DFA37
:10523000042104F11400FFF748FB002038BD0121D0
:105240000C30FFF742BB2DE9FF411F46BDF8283067
:105250000646012B90463CD83B44012B3D463BDCA7
:10526000FFF791FA0446A8B9FFF78DFA044688B90A
:105270001C4B022203931C4B1C4902930823CDE9CB
:1052800000030346FFF7A6FC6FF01005284604B0A4
:10529000BDE8F08197B10023217A98F8002021FA27
:1052A00003F0C70703D522FA03F0C00717D501336F
:1052B000032BF4D102F0070211432172601C06F1A6
:1052C0009001FFF70DFB337A20462370FFF7B7FFFD
:1052D000DCE76FF00605D9E76FF00C05D6E76FF055
:1052E0001205D3E74AD60300D414040014C7030000
:1052F00038B504461546FFF776F940B12046FFF76A
:1053000042FA20B1037ADB0701D5FFF798FF65B9B0
:10531000207A04F19001FFF75DFA30B12946BDE82B
:1053200038400422083020F0A6BF38BD10B56FF019
:10533000020104460D48FFF7F9FA0C48FFF7C2FADC
:10534000C20704D50022002309481AF08FFC20462A
:10535000FFF749F948B12046FFF715FA28B1037A5B
:10536000DB0702D5BDE8104069E710BD682F0020BB
:10537000382F002010B5194C012104F1B000FFF7BF
:10538000A4FAC30728D4022104F1B000FFF79DFA64
:10539000084008D1B4F8B430114A12498A4215D3F2
:1053A00008B1A4F8B43000230F491048C4E92E33E3
:1053B0001AF0F0FB4FF4A47200230C48F8F7D6FE65
:1053C000BDE810400A490B481AF0E4BB50680832A7
:1053D00003449BB20120E1E710BD00BFC02E0020B6
:1053E00094C60300A4C603001D570100902F00209F
:1053F000555C0100382F002000234360054B021D3F
:10540000D3F8BC1011B9C3E92E2270470A60C3F863
:10541000BC207047C02E002010B5BDF80810BDF8A4
:1054200010401046A1420BD8641A9C42A8BF1C46EB
:10543000039BA4B22246194420F012FF204610BD5F
:105440006FF00604FAE703462DE9F04148B1008AFF
:1054500038B901244FF0140C1149DFF848E07145C8
:1054600001D3BDE8F081D1E90076BB4204D30CFB47
:105470000672143A93420ED93444A2B2144608314B
:10548000EDE70CFB0578434507D001356219B542BD
:1054900092B2F6D1F2E70025F8E71046E1E700BF47
:1054A00094C60300A4C6030013B5044610B9002037
:1054B00002B010BD00238DF8043042F603030068EB
:1054C00001A9ADF80630F8F799FE0028EFD1E3689E
:1054D00098880028ECD12046FFF7B5FF013080B254
:1054E000E6E7F0B5CC681F46A37987B008468DF88B
:1054F00004301546BDF83060FFF7D6FFADF8050063
:1055000021680B789BB905244B88ADF80730B4426D
:1055100015D3A41BBC42A8BF3C4601ABA4B2224693
:105520002846991920F09CFE204607B0F0BD1022B5
:1055300001310DF1070020F093FE1324E7E76FF02F
:105540000604F1E72DE9F74F99464FF6FF73BDF8D2
:1055500030500746002D08BF1D46244B9046B3F837
:10556000B430009183423CD203B0BDE8F08F736841
:105570002344BB4232D29CB208361D4B9E42F6D326
:10558000F2E7404689580193F8F738FE019B90B145
:1055900001340AF1010AA4B273685345ECD9009BA7
:1055A0009C42E1D8BC423168F2D30BFB0AF28B1863
:1055B000B8F1000FE5D1B9F1000F0BD1013D18464C
:1055C000ADB221460E9A0D9B9847002DCCD00028F5
:1055D000DED1C9E7DA689145DAD1EFE74FF0000A8A
:1055E000DAE701244FF0140B024EC6E7C02E00206C
:1055F000A4C6030094C603001FB5CDE90123002310
:105600001A460093FFF79EFF05B05DF804FB10B546
:105610000024CCB020AA04A908A8CDE90444CDE90F
:1056200006441FF06DFF034660B9174A0392174AFC
:10563000029208221649CDE900320122FFF7CAFA88
:105640004CB010BD08AB4FF6FF710120114AFFF7B7
:10565000D3FF114808A91FF0E8FF034618B90A4A0A
:1056600003920E4AE4E721460B4B03F1100218782F
:1056700012F8014D0131082903F8014B1070F6D1E1
:105680000748FFF722F9DBE753D6030004150400AF
:1056900014C70300D1460100802F0020211504000B
:1056A000682F0020F8B51A490446A1F130001546CC
:1056B0001F46BDF818601AF0F3FA1648FFF702F912
:1056C000010701D4FFF7A3FF2046FFF75CF868B19C
:1056D000037ADA070AD500F10C042046FFF7F2F846
:1056E000C30703D402212046FFF7EFF8102E0CD891
:1056F000C6F11004BC42A8BF3C46074922462846D2
:10570000314420F0ADFD2046F8BD6FF00604FAE705
:10571000C02F0020682F0020802F002008B50448EB
:10572000FFF7D0F8030702D4BDE808406FE708BDD3
:10573000682F0020F7B5CC68154620461F46FFF7B6
:1057400082FEE368ADF800001A78BDF82060DAB98F
:1057500006245B88ADF8043001306B464FF6FF71CC
:105760000C4A80B2FFF748FFB4420FD3A41BBC42DF
:10577000A8BF3C46A4B2224628460DEB060120F005
:105780006FFD204603B0F0BD0424E5E76FF006048A
:10579000F7E700BF43490100002307B50193FFF776
:1057A00052FE411C89B20846034A01ABFFF724FFB1
:1057B000019803B05DF804FB7146010037B510464F
:1057C000CA68BDF818501288022DADF806200DD811
:1057D000C5F102049C42A8BF1C460DF106032246F7
:1057E000591920F03DFD204603B030BD6FF006048E
:1057F000F9E72DE9F041D1F80C801F464046BDF88D
:105800001860154620F09CFC83B2B3420DD39C1B5C
:10581000BC42A8BF3C46A4B22246284608EB06017B
:1058200020F01EFD2046BDE8F0816FF00604F9E788
:1058300037B5CC6810462278BDF818508DF8002096
:1058400094F90120072D8DF801206288ADF802201F
:1058500022798DF80420E288ADF805200CD8C5F136
:1058600007049C42A8BF1C460DEB0501224620F010
:10587000F7FC204603B030BD6FF00604F9E70023C3
:1058800030B587B00C4615460593FFF70DFE78B18D
:1058900074B1011989B205AB0293074B2A460193F3
:1058A000012300930023FFF74DFE059807B030BD9C
:1058B0004FF6FF71EFE700BF71460100FEF704BC31
:1058C00038B5D40705464B8A04D513F0950F2BD075
:1058D000486848B3900704D513F4957F26D08968AB
:1058E00021B302EA030414F03C0F0DD0EB7A2BB97C
:1058F0002846FBF7E9FED8B9052038BD14F0300F73
:1059000004D114F4C07F07D10020F6E72846FBF746
:10591000B5FF0228F5D8EFE7D5F8C030002BEBD063
:105920005B7BDB06E8D5EFE70220E6E70320E4E750
:105930000F20E2E72DE9FF41437B0546072B0C468C
:10594000164610D100238DF80C3042F60303206870
:1059500003A9ADF80E30F8F751FC60B9E3689B7904
:1059600013F0300F03D1002004B0BDE8F0812046D1
:10597000FFF712FF0446002320688DF80C3042F632
:10598000021303A9ADF80E30F8F738FC18B1204621
:10599000FFF702FF0446002742F602182068694616
:1059A0008DF80070ADF80280F8F728FC20BB0023CA
:1059B00020688DF80C3042F6021303A9ADF80E30C2
:1059C000F8F71CFC0028CED1E4682846224612F8DD
:1059D000011BFBF79EFF10B123891E420AD1284606
:1059E000A17A04F10B02FBF794FF0028BBD0638A75
:1059F0001E42B8D00120B7E742F60303206801A990
:105A00008DF80470ADF80630F8F7F8FB0028CED01A
:105A10004FF42053206802A98DF80870ADF80A30C1
:105A2000F8F7ECFB0028C2D042F60103206803A976
:105A30008DF80C70ADF80E30F8F7E0FB0028B6D00A
:105A40002046FFF7A9FE04460028A7D18BE72DE9E1
:105A5000FF4715468946942269680746FFF730FFDD
:105A6000804690B1394B08220393394B3949029350
:105A70000023CDE9003218460222FFF7ABF84FF0C1
:105A8000FF35284604B0BDE8F08702223846696831
:105A9000FFF750FF034668B92C4A2E4903922E4A5D
:105AA0006FF0150502920822CDE900020222FFF7ED
:105AB00091F8E6E74FF470200021AE8AFEF72DFB47
:105AC00002360446E0B11D21244B46613246417442
:105AD000C0F80C80436085613846FDF7ABFF064691
:105AE00088B91A4B022203931D4B1A4902930823CB
:105AF000CDE900030346FFF76DF82046FEF730FBC3
:105B00006FF00B05BDE701234246414606F10C0A42
:105B1000FEF786FD0221504620F010FE804628F850
:105B2000029BA98A504620F009FEAA8A29694046AC
:105B300020F096FB21463846A660FEF7FBFC0546A2
:105B400000289ED02046FEF70BFB9AE75FD60300A5
:105B50003E15040014C703005815040093460100C5
:105B60008715040030B504468BB03748FEF7AAFE0F
:105B700042070D4661D514B1637B072B60D168687D
:105B80000590FFF760FC2A68ADF818003AB305A944
:105B900002912E4900230191012100914FF6FF71DE
:105BA0000593FFF7CFFC059B1BB96FF001000BB00D
:105BB00030BD6B60059B04A9186800238DF8103078
:105BC00042F60303ADF81230F8F718FB70B90598E8
:105BD000C3689B799B0605D46FF01500E7E70028A2
:105BE000E8D1E2E7FFF760FCADF81800BDF8180057
:105BF0003CB1012301462A462046AB75FFF727FF3B
:105C0000D5E76FF07F0307930223ADF8203042F60B
:105C10000213ADF8123005ABAC7502930C4B4FF686
:105C2000FF710193012304AA0093234609958DF87F
:105C30001040FFF787FC0798B9E76FF00A00B6E756
:105C40006FF07F00B3E700BF24010020B9460100D8
:105C5000C95F010073B5044650F8083C00F13005F7
:105C60006FF00101A0F1200628460193FEF75EFEC9
:105C70000D4B002044F81C3C0C4B314644F8183CBA
:105C800001AB44F8103C042324F8080C24F8060C5B
:105C900024F80C3CFFF766FF18B902212846FEF7EE
:105CA00014FE02B070BD00BF98D603002D53010052
:105CB0002DE9F047484B17461468826805469A421A
:105CC00086B040F08580D0F80C8008F1010608F11C
:105CD0001509B6F80730EBB13246204616F8011C1C
:105CE000FBF717FEB0B14FF4957229462046FFF737
:105CF000E7FD20B3032811D1384B08210393384B1B
:105D00000222029300230495CDE90031184635495B
:105D1000FEF760FF0A364E45DBD159E005282046E4
:105D20000CBF4FF0030A4FF0020AFBF7A7FD8245B4
:105D300005D93B795345EDD287F804A0EAE74146FF
:105D40002846FEF798FC284B984541D1207A04F16B
:105D50009001FEF73FFD0546002839D003890BB9B5
:105D60004389ABB32046FBF7F7FB20492A8901EBB7
:105D70008003A3F830216A891D4DA3F8322118232E
:105D800003FB00131B4A00B2C3F83C2101F59872D3
:105D900002EB8002C3F84421042200EB400001F52D
:105DA0009A7101EBC0012046C3F83851A3F848218D
:105DB000FFF7D8FE60B1104B082202930023833511
:105DC000CDE900321846012206490395FEF702FF8D
:105DD000012006B0BDE8F087A14C010010D70300F8
:105DE000B215040014C70300240B0020C02E0020AD
:105DF00098D60300F1520100CA1504002DE9F043C2
:105E00001446884685B0942261680646FFF758FD1F
:105E100088B12E4B082203932D4B2E490293002369
:105E20001846CDE900320222FEF7D4FE4FF0FF30D3
:105E300005B0BDE8F083012230466168FFF77AFDC6
:105E4000034668B9214A23490392234A0292082251
:105E5000CDE900020222FEF7BDFE6FF01500E7E774
:105E6000A2891B2130460232FDF7E4FD054670B9D8
:105E7000164B02220393194B164902930823CDE9CE
:105E800000030346FEF7A6FE6FF00B00D0E700F11B
:105E90000C090221484620F051FC074627F8028BE6
:105EA000A189484620F04AFCA289A168384620F022
:105EB000D7F9D4E9041228460123FEF7B1FB29469D
:105EC000304605B0BDE8F043FEF704BB26D703001B
:105ED0003E15040014C7030058150400EB15040018
:105EE00030B504468BB03548FEF7ECFC42070D4652
:105EF0005DD514B1637B072B5CD168680590FFF713
:105F0000A2FA2A68ADF818003AB305A902912C4903
:105F100000230191012100914FF6FF710593FFF7D6
:105F200011FB059B1BB96FF001000BB030BD6B601E
:105F3000059B04A9186800238DF8103042F603036E
:105F4000ADF81230F8F75AF970B90598C3689B7923
:105F5000DB0605D46FF01500E7E70028E8D1E2E79B
:105F6000FFF7A2FAADF81800BDF818002CB10146F1
:105F70002A462046FFF742FFD7E76FF07F0342F63D
:105F8000021207930123ADF8122005AA02920D4ACE
:105F9000ADF82030CDE900324FF6FF71234604AA58
:105FA00009958DF81040FFF7CDFA0798BDE76FF01F
:105FB0000A00BAE76FF07F00B7E700BF24010020B6
:105FC000B9460100C95F01002DE9F04F4C4B144662
:105FD000826881469A4285B036D1D0F80CA0494BF0
:105FE0009A4519D10026484D484F39462846FEF7B4
:105FF000C2FB78B90722294615F8010CFBF71EFDF4
:1060000038BB236929461A6915F8010C5388128890
:10601000FEF714FF0C35D6B10AF101070AF1150B92
:10602000B7F80720A3899A420BD1394617F8010C1B
:10603000FBF78FFC054620B1437B072B0CD0FBF709
:10604000E2F80A37BB45EBD14FF0010853E00126D7
:10605000CBE7FBF7D8F8DDE7DAF8203023B1494683
:10606000984708B92846EAE7942249462846FFF7A8
:1060700027FC804668B1264B08220393254B26490E
:1060800002930023CDE9003218460222FEF7A2FD5A
:10609000E8E7A389022B15D1B7F8073013F0020601
:1060A00004D12846FBF7AFF8A660CAE72846226964
:1060B000A188FFF7CCFC0646B8B92269937D01336D
:1060C0009375EEE7012B05D02846FBF79CF8C4F842
:1060D0000880B6E7B7F8073013F00106E1D028468C
:1060E0002269A188FFF78AFE06462846FBF78BF84F
:1060F000002EA660A5DA404605B0BDE8F08F00BFCF
:10610000A14C0100240B0020E12E0020F7E9030040
:1061100032D703003E15040014C7030073B5437B58
:106120000446072B0D461AD1061D4FF48051304608
:10613000FEF7CBFBC30415D402232046CDE9003380
:106140002A460A4B0A49FFF70DF8044620B16FF4BE
:1061500080513046FEF7EAFB204602B070BD6FF07A
:106160007F04F9E76FF07704F6E700BF8749010085
:10617000C146010070B5437B0546072B0C468AB02B
:1061800040F0AE800B7C062B00F2A580DFE803F028
:1061900004046060689C2F000B6803B31B7883B114
:1061A000022B1AD00493504B0393504B08220293B6
:1061B00000234F49CDE9003218460122FEF70AFDBF
:1061C0005BE00823019306232246009349494A4B8A
:1061D0002846FEF7C7FF0AB070BD1623F2E710236A
:1061E00004200A46CDE900304449454BF0E70868F1
:1061F000002842D00678002E3FD14FF4245306A940
:106200008DF81860ADF81A30F7F7F8FF00B342F6D2
:106210000213206807A98DF81C60ADF81E30F7F74F
:10622000EDFFA8B142F60313206808A98DF820609D
:10623000ADF82230F7F7E2FF50B142F604132068C0
:1062400009A98DF82460ADF82630F7F7D7FFA0B97B
:10625000082304212246CDE900312A4B2A49B7E719
:10626000086888B300264FF4205306A98DF81860FB
:10627000ADF81A30F7F7C2FF10B96FF01500AAE7B2
:1062800042F60103206807A98DF81C60ADF81E30A6
:10629000F7F7B4FF0028F0D042F60203206808A9FF
:1062A0008DF82060ADF82230F7F7A8FF0028E4D081
:1062B00042F60303206809A98DF82460ADF8263062
:1062C000F7F79CFF0028D8D004232246CDE90033FD
:1062D0000E490F4B7CE704930E4B03930E4B65E77F
:1062E0006FF07F0077E700BF3CD70300181604006B
:1062F00014C7030059630100A14D0100F1630100BF
:10630000194A0100494A010011650100A96801000C
:10631000B14901004BD703003116040070B50B469C
:106320000546144629B921462846FFF723FF28B918
:1063300070BD4FF6FF72914207D121812246284657
:1063400063680021BDE870401847E28901339BB2C1
:106350009A422381E7D2F1E72DE9F04F89B0064652
:106360001446129F11B913F0030807D03A460021D2
:1063700030467B6809B0BDE8F04F1847C14642F689
:10638000010AC3F3870302EB8305AC4206D13A4608
:106390004146304609B0BDE8F04FBFE73A7C63881C
:1063A000002A14BF52464FF42052ADF802201022AA
:1063B000ADF808301FFA83F83B68B4F800B000214C
:1063C0000DEB020001938DF800901FF054FF01AB1C
:1063D00006933A4630467B68CDF80CD0ADF81CB039
:1063E00003A9984704340028CFD109B0BDE8F08F45
:1063F0002DE9F04F95B01C46814617460B461E9D71
:1064000031B12A4600216B6815B0BDE8F04F18473E
:106410001278062A17D0142A14D00492394A184642
:106420000392394A02920822CDE90012012237492B
:10643000FEF7D0FB2A46002148466B68984715B006
:10644000BDE8F08F02230026013C8DF82830A4B26D
:1064500007F101083B78A3420AD9002CEAD1002EAB
:10646000E8D02A463146484615B0BDE8F04F55E71A
:10647000142200210FA81FF0FEFEB8F800A01FFA9A
:106480008AF3002BD6D0B8F802B01FFA8BF6002E94
:10649000D0D0B342CED89DF8283023B3022B2AD0D7
:1064A0004FF000038DF81C302B7C2A46002B42F65F
:1064B000010308BF4FF42053ADF81E300AAB089318
:1064C00007AB0F9308AB129348466B68ADF824B046
:1064D000ADF84CA00FA998470028B0D03B78E41A3B
:1064E000A4B29844B6E7022208F104010DF12A0093
:1064F0001FF0B6FED4E7102208F104010DF12900C7
:10650000F6E700BF5CD703005016040014C7030071
:106510002DE9F04F97B01C46804617460B46209D4C
:1065200031B12A4600216B6817B0BDE8F04F18471B
:106530002A7C022A40F085803978062914D008295F
:1065400013D0A54A04910392A44A18460292082245
:10655000A349CDE900320122FEF73CFB2A46002187
:1065600040466B68984750E01346002642F6020A00
:10657000013C8DF83030A4B207F1010B3B78A34207
:106580000AD9002CEAD1002EE8D02A4631464046EE
:1065900017B0BDE8F04FC1E6BBF800901FFA89F6CE
:1065A000002EDBD0BBF802009DF83020ADF82C00A7
:1065B000BBF80410ADF82E1062B1022A15D029687C
:1065C00031B30CA8F7F71AFE10B33B78E41AA4B263
:1065D0009B44D3E70CAA0A929BF806209BF807106D
:1065E00042EA0122ADF83220E9E70A236881A98155
:1065F000A5F808904046019200932A46794B7A49C3
:10660000FEF7B0FD86B2002EBFD117B0BDE8F08F07
:106610004FF000031022002112A88DF82430ADF8AD
:1066200026A01FF028FE09AA11920AAA1492404639
:106630002A466B68ADF8549011A998470028C4D138
:10664000E3E7032A5FD13A78072A05D0152A02D05A
:106650000492664A77E702230026013C8DF8303029
:10666000A4B207F101090DF1300A3B78A34288D8A2
:10667000B9F800B01FFA8BF6002E3FF46FAF9DF80B
:10668000303063B1022B13D02968C9B15046F7F7F7
:10669000B5FDA8B13B78E41AA4B29944E5E799F8AE
:1066A000053099F8062043EA0223ADF83230EBE7D3
:1066B000102209F105010DF131001FF0D1FDE3E7D2
:1066C00099F8023000218DF82E3042F60303B9F814
:1066D000032012A8ADF82C2010228DF82410ADF85C
:1066E0002630CDF828A01FF0C6FD09AB11930AABE8
:1066F00014932A4640466B68ADF854B011A99847E8
:106700000028C7D181E72B681E7876B9B3F802A0BC
:10671000013CA4B207F10109AAF5245A3B78A3422F
:1067200008D914B9002E7FF430AF2A460021404624
:106730006B68F9E6B9F800B01FFA8BF6002EF4D0BA
:10674000BAF1040FF1D801A353F82AF061670100F0
:106750002B67010061670100616701009D6701000F
:10676000B9F80230ADF830302B681022002112A8A1
:1067700007931FF080FD079B2A4611930CAB1493DF
:1067800040466B68ADF854B011A9984700283FF413
:106790003CAF3B78E41AA4B29944BFE799F80230C1
:1067A0008DF8303099F803308DF8313099F80520A4
:1067B00099F8043043EA0223ADF8323099F80630F4
:1067C0008DF8343099F8073099F8082043EA02230D
:1067D000ADF83630C8E700BF6AD703005016040092
:1067E00014C703009D490100F167010078D7030039
:1067F000F0B5102B95B0114605461A461A9C16D0D6
:106800000493264B00260393254B3046029308231E
:106810000122CDE9006323493346FEF7DBF9224626
:1068200031462846636815B0BDE8F04018476389D3
:106830000AAEADF82430A3890DF12900ADF8263059
:106840000223278908968DF828301FF009FD21685A
:10685000C1B9002142F60203102210A88DF81C10C5
:10686000ADF81E301FF007FD07AB0F9308AB129376
:10687000224628466368ADF84C700FA9984730B996
:1068800015B0F0BD3046F7F7B9FC0028E1D022463C
:1068900028462189FFF742FDF2E700BF8DD70300AC
:1068A0005016040014C703002DE9F04F95B01C46A4
:1068B00080460B461E9E89B91178012914D0022901
:1068C0002AD04E4A049103924D4A18460292082259
:1068D0004C49CDE900320122FEF77CF93246002115
:1068E00040467368984786E04FF0040A013CA4B222
:1068F000A2458DF82830F1D84FF00009B4FBFAF426
:10690000CB46551CCDF818900AAF4CB932464046DC
:106910000699FFF703FD6EE00B464FF0120AE5E71C
:106920002B880793BDF81C300693B9F1000F4CD1AA
:106930009DF82830B3B3022B3BD0316800293FD1FA
:10694000337C042B46D14FF42053384608A98DF8E8
:1069500020B0ADF82230F7F751FCB0B342F6010396
:10696000384609A98DF824B0ADF82630F7F746FC73
:1069700058B342F6020338460FA98DF83CB0ADF883
:106980003E30F7F73BFC00B342F6030338460FA94D
:106990008DF83CB0ADF83E30F7F730FCD0B94FF091
:1069A000010914E0AB78EA7843EA0223ADF82A3013
:1069B000C3E71022A91C0DF129001FF051FCBCE710
:1069C0003846F7F71BFC0028BAD04FF00009013C0D
:1069D00055449AE71022002110A81FF04CFCBDF886
:1069E0001C303246ADF84C30404673680F970FA903
:1069F00098470028EBD115B0BDE8F08FA3D703006E
:106A00006816040014C7030007B5437B0A46072B2A
:106A10002CD14B683BB908234FF0040ECDE9003E62
:106A2000144B154909E0012B11D0097B5B00019340
:106A300041B1202311490093114BFEF793FB03B0A2
:106A40005DF804FB0E230F4900930F4BF5E74B89CC
:106A500033B10C234FF0040CCDE9003C0B4BE0E7C5
:106A60000A230221CDE90031094BDAE76FF07F00FC
:106A7000E5E700BFAD4E0100956A0100614B0100E2
:106A8000AD4A01002B4B0100854A0100DD490100A0
:106A9000C94901002DE9F04385B0064690461D46E0
:106AA0000F460C9C01B953B90023224639460C937A
:106AB00025683046AC4605B0BDE8F04360476368E2
:106AC000002B4BD1013DADB202F1010945B3B9F83C
:106AD000002093B273B9314A18460392304A3149C3
:106AE00002920822CDE900320122FEF773F805B0C8
:106AF000BDE8F08398F800102281A9428CBFA91E3E
:106B0000023989B20091224600213046276809F1F6
:106B10000203B8470028EAD098F80030AB420BD9FE
:106B200021463046FFF770FF0028E0DA00230C937F
:106B3000256822460E21BCE7238962899A4205D145
:106B400000230C93256822461946B2E701332381BE
:106B500098F80030ED1AADB29944B7E700951346A6
:106B6000D4F800C02246E0470028C0D03046FDF7E8
:106B7000ABFA0138854203DA0C973B462568E2E719
:106B8000638921461D4430466581FFF73DFF00289B
:106B9000ADDA0C973B462568CBE700BFB6D70300BC
:106BA0007E16040014C703002DE9F0479246427B8D
:106BB00086B0072A1D46DDE90F8906460F469DF877
:106BC000383044D1C27A8ABB83B3D22105F10E0298
:106BD000FCF730FF044620B302210C301FF0AEFD5D
:106BE0000022078000230027CDE9002329465246D2
:106BF0002046CDE9027704F078F8A8421AD0154B68
:106C0000CDE904500393144B384602930823022223
:106C1000CDE9007311493B46FDF7DCFF204603F048
:106C20006AFF6FF00B0006B0BDE8F08752213046D6
:106C3000AA1CCDE7414620463B464A46FDF7F0FCFC
:106C40002146304606B0BDE8F047FDF743BC6FF083
:106C50007F00E8E7C9D703009116040014C70300BA
:106C600073B5437B0546072B0C4625D1CB888E890F
:106C7000ABB12846FDF728FAA389053880B28342D4
:106C800028BF034604339BB2019316232246009388
:106C90000B490C4B2846FEF765FA02B070BDFDF7B4
:106CA00013FA02360138B042E3D31223224600938E
:106CB0000549064B0196EDE76FF07F00EDE700BF59
:106CC000D16C0100EB4A0100C7460100AF4A010048
:106CD000F0B585B01D46064617460B460A9C29B1FD
:106CE0002246236805B0BDE8F0401847A289043D5C
:106CF00095421BD9224A0392224A0292082201920B
:106D00001846214900930122FDF764FF1823012151
:106D1000CDE900311D4B224630461D49FEF722FACF
:106D200060B322460E2130462368DBE72A46A0687E
:106D3000391D1FF06EFAE2887B88934200D138B18A
:106D40000F4B0393134B0293082301930023D7E7C0
:106D500013FA85F3E380A3682B44A360A3895B1B2C
:106D60009BB2A3812BB918230122CDE900320A4B33
:106D7000D1E721463046FFF773FFD1E705B0F0BDFC
:106D8000EBD70300C416040014C70300F549010043
:106D9000C7460100EA160400074A010070B5437BAC
:106DA0000546072B0E463BD1FDF760FD044658B95A
:106DB000FDF75CFD0446002835D005F19001013057
:106DC000FDF78EFD2B7A2370A3687BB10022183B60
:106DD0009E422BD09889B189884204D1188A318A81
:106DE000884228BF01229B6973B97AB92846314687
:106DF000FEF7F8F9054648B1A3681BB90D49601CB8
:106E0000FDF76EFD284670BD183BE1E7A26806F16C
:106E10001803B261E268A36002B9E3600025F1E7FC
:106E20006FF07F05EEE76FF00B05EBE76FF077058E
:106E3000E8E700BFF7E90300F8B51F4C064694F8F1
:106E400038300F46834215460AD094F84830B34292
:106E50000ED139461948FDF78EFC48B1184C14E0A4
:106E600004F13900FDF787FC0028EED038340CE03F
:106E70000020FDF7FBFC044610B96FF00B00F8BDD5
:106E800039460130FDF72CFD2670A2683AB1A2F117
:106E900018039D420CD09B690BB1183BF9E7AA611E
:106EA000E26805F11803A36002B9E3600020E6E799
:106EB0006FF07700E3E700BFC02E0020092F00200D
:106EC000082F002073B504460D4619F03FF82946F7
:106ED0002046FDF76FFB014620B902B0BDE87040C7
:106EE00019F048B846682046FDF739FB19F042F81A
:106EF0002EB100230E211A4620460095B04702B05D
:106F000070BD2DE9F041437B0746072B0D465BD151
:106F1000FDF7ACFC0646002859D08468002C56D0FA
:106F200000239846183CA54209D0A189AA8991421C
:106F300008BF4FF00108A4691CB1183CF3E7012316
:106F4000F9E7002B43D005F11400FDF7BBFC430724
:106F500003D529463846FFF7B5FFB8F1000F19D021
:106F6000B36805F1180253B19A4223D1AB69DCB979
:106F7000F168B3608A4200D1F3600023AB61B3686B
:106F80001BB91449701CFDF7ABFCB8F1000F14D10C
:106F9000002007E029463846A5F81080FEF722F9C0
:106FA0000028DDD0BDE8F0812360F3689A4208BF75
:106FB000F460E2E71C461B68D5E7002329461A4621
:106FC00038462C68A047E3E76FF07F00EAE76FF0F0
:106FD0001500E7E7F7E903002DE9F0470646884684
:106FE00091469A46FDF742FC20B3846814B32568A5
:106FF00005B1183D34F80C3C434518D1183C07E066
:107000002C46AD69A389BDB14345A5F11805F7D15B
:10701000727AA37C9A420AD353464A4621463046A6
:107020002768B84718B921463046FFF76AFF2C4653
:10703000002DE6D1BDE8F0874345E9D0FAE72DE918
:10704000F04F8BB080460C469246FDF70FFC07468A
:1070500020B35246214607A81FF060FBBDF8203040
:10706000042B1BD9042107A81FF035FDBDF82020F3
:10707000B0F8029006464A45B0F800B011D2204B55
:10708000082203931F4BCDE9049A029300231E4963
:10709000CDE9003218460122FDF79CFD0BB0BDE89A
:1070A000F08FBC6824B3256805B1183D34F80C2C6A
:1070B0005A451AD1183C07E02C46AD69A289E5B1C2
:1070C0005A45A5F11805F7D198F80910A27C91420C
:1070D0000BD34B4621464046D4F800C0321DE04752
:1070E00018B921464046FFF70CFF2C46002DE4D18D
:1070F000494607A81FF0EFFCB0E75A45E4D0F7E790
:1071000002D803002417040014C7030010B588B088
:107110000446069001204FF6FF71104A06AB8DF829
:107120001C00FEF769FA2046FAF7A8FB9DF81C1030
:10713000884211D22046FAF779FB68B1084B082241
:107140000393084B0490029300230749CDE90032D2
:1071500018460222FDF73EFD08B010BDB15C0100EB
:107160001CD803004117040014C70300F8B50546F6
:107170000E461746074BD3F8B8404CB154F8043CC0
:10718000043C1BB13A463146284698476468F4E708
:10719000F8BD00BFC02E0020012337B50546009082
:1071A00000F19001007A8DF80430EBF799FE40B9B8
:1071B0006B464FF6FF7101200F4AFEF71DFA03B030
:1071C00030BD2846FDF752FB0028F1D08468002C22
:1071D000EED0183C04F114031846FDF773FB0207C8
:1071E00008D41846FDF76EFB830703D421462846D2
:1071F000FDF7F8FFA469EAE7B15C01002DE9F04171
:1072000005468846FDF7BFFA0446D8B1037ADB0786
:1072100018D500F10C073846FDF754FB10F00106B5
:1072200010D1B8F1000F0ED06FF002013846FDF713
:107230007DFB10F0020F284608D0FDF7D6F9204656
:10724000FDF7FDFF01263046BDE8F081FDF7CBF9E3
:107250000028F8D02846FDF7D8F90028F3D06FF0C1
:1072600002013846FDF762FB2846E6E7F7B505461A
:107270000C4600918DF804004FF6FF7101206B461B
:10728000314AFEF7B9F921462846FDF7A3FA18B1AD
:107290000C2200211EF0EFFF2C4E3378AB422CD095
:1072A000337CAB4209D120462949FDF764FA20B16D
:1072B000012006EB0010FDF75BFD96F83830AB427D
:1072C00023D096F84830AB423AD120462149FDF709
:1072D00052FA002834D0204EB2688AB3134653F8CD
:1072E000184904B1183C0027314622F8087C38467A
:1072F0003A46FDF7F8FAD4B922E02046711CFDF7B2
:107300003AFA0028CCD00020D3E720461349FDF7F5
:1073100032FA0028D5D0124EDEE7A2F1180500227D
:107320002346278231461046FDF7DDFA2C46A26936
:10733000002AF2D12346314610462282FDF7D3FAC5
:10734000002003B0F0BD00BFED4D0100C02E0020B5
:10735000D12E0020092F0020082F0020F92E002018
:10736000F82E00202DE9F84F044603464FF6FF7132
:1073700001202D4AFEF740F92046FDF777FA064630
:1073800038B92046FDF7FFF90546002839D1BDE898
:10739000F88F8568002DF4D055F8187907B1183F9B
:1073A0004FF0000804F19009C24601E03D461F4637
:1073B00005F1140B6FF008015846FDF7B7FA49467E
:1073C000207AEBF78DFD70B92B46424631462046B8
:1073D000A5F810A0FDF787FA002FD2D0BB69002BCB
:1073E000E4D0183BE2E75846FDF76CFAC307EBD44C
:1073F00073781BB14946701CFDF772FA05F1180845
:10740000EAE704F190063146207AEBF769FD20B9EE
:107410002846BDE8F84FFDF7ABBC3146681CBDE817
:10742000F84FFDF75DBA00BF294F0100C27A837C97
:10743000D0F8EC0002F00102C07803F0010340B97B
:1074400012B101334B707047002B0CBF0323002394
:10745000F8E722B9002B0CBF03230123F2E75B00FE
:10746000F0E707207047D0E8AF0F084100F00100B7
:10747000704738B50B2104460430FFF7F4FF08B11C
:10748000002038BDD4F8C03083B904F190052A46F5
:107490002020217A02F0A6FFC4F8C00030B92A46A5
:1074A0000420217A02F09EFFC4F8C000D4F8C03056
:1074B000002BE5D0DA8912F0240FE1D0A17A02295D
:1074C0000CD9587BC007DBD5032907D09206D7D546
:1074D000187BA0F1100358425841D2E70120D0E7B1
:1074E000014608B50348FFF7BEFF0028024808BF61
:1074F000002008BD1430002010300020034610B5D5
:10750000D9B1C88910F0240F17D01A7D5C7B097B94
:10751000A24228BF2246914201D9002010BD820616
:1075200004D4187A003818BF0120F7E70521181D88
:10753000FFF799FF0028F4D1EFE70120EEE708B547
:10754000D0F8EC200346927A032A15D004D8013AE9
:10755000012A14D908200EE0042AFBD1027D417BC8
:107560008A4228BF0A46102A0BD105210430FFF7B2
:107570007AFF08B9032008BD1B7A002BFAD000203F
:10758000F9E70620F7E7084B00F5A8701A68074BE3
:10759000D0E8EF1F994204D1C0E8EC2FBCF1000FF6
:1075A000F6D1D0E8AF0F7047802E002010300020B9
:1075B00008B5FFF7E8FF0346D8B1D0E9001221B9BA
:1075C000002A0CBF0320022012E03AB183681BB9E5
:1075D0000A4B93F858313BB9042009E0074991F868
:1075E000580128B19B6833B9003A18BF01225000F6
:1075F00008BD0320FCE70120FAE700BF103000209F
:1076000070B504460D4604300521FFF72CFFF0B994
:10761000042D1BD8E37AA27C1340DB0732D4237BF2
:10762000E27C134313F0040010D02046FFF7C0FFA4
:10763000174B05EB85051D44285C042806D1D4F8BA
:10764000EC30DB78002B14BF0120022070BD237BBF
:10765000E07C03EA0002160704D5E27AA67C3243F6
:10766000D20711D4042D11D8034313F00400EDD038
:107670002046FFF79DFF064B05EB85052B44034491
:10768000587EE3E70620E1E70846DFE70020DDE774
:10769000BCD8030038B50546FFF775FFD5F8EC30C8
:1076A00004469B7A032B0AD005D8013B012B8CBFE3
:1076B0000020012038BD042B0FD00020FAE7284617
:1076C000FFF776FF032806D1002CF6D0E0680038DB
:1076D00018BF0120EEE70120ECE72846FFF768FF1E
:1076E000032802D124B1E46814B1034B93F8584144
:1076F00004F00100DEE700BF1030002001238B40C2
:10770000DB43D0E8EF2F1A40C0E8E12F0029F8D181
:1077100070477FB50BAB059303930A9B0820029338
:107720000023CDE900301846F1F707F907B05DF8FE
:1077300004FB7FB50026009604460D461346D0F89C
:10774000EC000A460621FAF711FFA0B169300CD10E
:107750000E4B012203930E4B3046029308230D4932
:10776000CDE900633346FFF7D4FF284604B0BDE8F7
:10777000704003F0C0B94FF47022002304F59070FC
:1077800004B0BDE8704018F071BA00BFEED8030035
:10779000CE1204005CC703007FB50E4B0246D3F83F
:1077A000EC0030B90C4AEC335A600B6007B05DF85E
:1077B00004FB0A4B04920393094B08220293002313
:1077C00008491846CDE900320122FFF7A2FF6FF009
:1077D0000B00EBE710300020F8D8030020D903009D
:1077E000801704005CC7030030B5037A04468BB0F1
:1077F000052B27D8DFE803F037030337264490F83A
:10780000DC20D0F8D830D34003F0010343F08003EC
:107810001C4906AD0095D1F85C1104F1370204F162
:10782000570002F0AFFE00B3174B08220393174B2B
:10783000174902930023CDE9003218460122FFF7D1
:1078400068FF0DE00493104B08210393114B0122B4
:1078500002930023CDE9003118460D49FFF759FF87
:1078600008200BB030BD0023D2E71022294604F1D6
:1078700017001EF0CEFC003818BF01208000F0E792
:107880000020EEE7103000202ED90300C9170400B5
:107890005CC70300A91704001FB50621FAF765FFAE
:1078A000044670B9084B01220393084B0849029320
:1078B0000823CDE900030346FFF72BFF204604B061
:1078C00010BDA0F1EC04F9E743D90300E61704006A
:1078D0005CC70300012303FA01F1CA4330B5D0E8C5
:1078E000EF3F03EA0204C0E8E54F002DF7D119424B
:1078F00014BF0120002030BD01238B40D0E8EF2FC2
:107900001A43C0E8E12F0029F8D1704708B50E21CD
:10791000FFF7F2FF002008BD70B50446D0F8EC6018
:10792000FFF731FE0421054604F1D800F8F7DEFE2A
:10793000C0B9D4F8D8300C4A84F8DC00B3FBF2F1BB
:1079400002FB1133C4F8D83055B12B6843B10B2179
:10795000201DFFF7D1FF30462B68D4F8D810984788
:10796000002070BD0820FCE740420F0038B50546F6
:10797000EC2200211EF07FFC102105F12700F8F712
:10798000B5FE044650B905212846FFF7B5FFF8F7C4
:10799000E9FF034BC3F85C01204638BD0824FBE730
:1079A0001030002030B50446051D0821284685B05A
:1079B000FFF7A2FF0C4904F15700F8F7E1FF88B187
:1079C00008212846FFF79AFE084B08240393084B2A
:1079D00001220293002307491846CDE90034FFF73E
:1079E00098FE204605B030BDD99B010050D9030058
:1079F000051804005CC7030010B5072104460430D5
:107A0000FFF77AFF0820FFF76BFD18B92046BDE8A5
:107A10001040C7E7002010BD70B588B0D0F8EC600A
:107A20000446FFF7B0FD06F190010546307A02F0FA
:107A300051FD237A88B1427BD1070ED56BB9344A08
:107A400018460392334A344902920822CDE90032A3
:107A50000122FFF75EFE082019E0062B47D8DFE879
:107A600003F0153E184646460400002D4ED0EB6844
:107A7000002B4BD000230A21201DADF81C30FFF74E
:107A80003BFFEB68D4F8EC0007A99847002008B04A
:107A900070BD042107A8F8F729FE0028DBD1079B59
:107AA0001E4AB3FBF2F102FB113307934DB12B6871
:107AB0003BB10B21201DFFF71FFF30462B680799B4
:107AC0009847079BC3F3072284F847301B0C84F8C0
:107AD00049301B0A84F8482084F84A30D6E7201D34
:107AE0000A21FFF709FF30466B689847CEE70493F9
:107AF000074B082203930A4B074902930023CDE961
:107B0000003218460122FFF704FEA4E70220BEE778
:107B100063D90300221804005CC7030040420F0031
:107B2000A9170400F0B50B46054687B00D210430B7
:107B3000FFF799FC20B3DF68D5F8EC30022003F1A1
:107B400090063246197A02F071FC044698B9304624
:107B5000F6F7A8FA08250D4B049003930C4B20462A
:107B6000029301222346CDE900450A49FFF7D1FDE2
:107B7000284607B0F0BD102239462A301EF070FBAF
:107B800028460921FFF7B8FE0020F2E775D9030067
:107B9000531804005CC70300F0B50B46054687B0D8
:107BA0000D210430FFF75FFC20B3DF68D5F8EC301F
:107BB000042003F190063246197A02F037FC04469D
:107BC00098B93046F6F76EFA08250D4B04900393EA
:107BD0000C4B2046029301222346CDE900450A4979
:107BE000FFF797FD284607B0F0BD102239461A303E
:107BF0001EF036FB28460721FFF77EFE0020F2E745
:107C000084D90300531804005CC7030070B5051D38
:107C10000E4628460421FFF726FC68B10022002109
:107C200000230846FAF79FFC044640B90421284681
:107C3000FFF762FE204670BD4FF47022EFE701218E
:107C40000C301EF07BFD0670F4E72DE9F04304468E
:107C5000D0F8EC008FB0D0F8C050A5B99030F6F74E
:107C600021FA08244C4B049003934C4B2846029372
:107C700001222B46CDE900544949FFF74AFD204631
:107C80000FB0BDE8F08304F1040805214046FFF77A
:107C9000EAFB054618B994F8E830DB0701D4002068
:107CA000EEE7D4F8EC301A2107A8D3F8C060F8F753
:107CB0001DFD074668B13B4B012203933A4B284612
:107CC00002930823CDE900532B463549FFF721FDE8
:107CD000E5E706212046FFF799FF054650B9314BED
:107CE0000393324B029308230122CDE900532C4920
:107CF0002B46EBE710210C301EF020FD327B07A94C
:107D000081461EF0ADFA307B0F2805D8C0F1100275
:107D1000394648441EF0AFFA294600222046FFF7B4
:107D200008FD07212046FFF771FF054618B91D4BD6
:107D300003931F4BD6E70A210C301EF0FFFC0746C9
:107D400008220BA902301EF08BFA02220DA9384638
:107D50001EF086FA29462046164AFFF7EAFC0D2156
:107D60004046FFF780FB002899D03046012102F001
:107D7000C1FB07A9102206F14A001EF071FA0BA9F7
:107D8000082206F140001EF06BFA02220DA906F14E
:107D900048001EF065FA82E795D9030071180400C7
:107DA0005CC70300ACD903008A180400A9180400BA
:107DB000D41804009DA1010070B5047A0546022C78
:107DC00086B024D844B190F8DC30D0F8D840DC40FC
:107DD00004F0010444F0800403212846FFF716FF55
:107DE000064620B310210C301EF0A8FC0090184865
:107DF0002346D0F85C0105F1270205F1570102F096
:107E0000C1FB0446C0B1304602F075FE0FE0032C02
:107E100010D0104B082203930F4B104902930023FC
:107E20000494CDE9003218460122FFF772FC0820C5
:107E300006B070BD0024CFE7024631462846FFF762
:107E400078FC281D2146FFF759FC2046F0E700BFCB
:107E500010300020C3D90300A91704005CC7030039
:107E600038B502210546FFF7D1FE044678B1062158
:107E70000C301EF063FC062205F111011EF0F0F932
:107E8000284600222146FFF754FC002038BD082078
:107E9000FCE7F8B50C210546FFF7B8FE0446C0B173
:107EA00040210C301EF04AFC0B4F2022D7F85C1109
:107EB00006461EF0D5F92022D7F85C11B0181144FF
:107EC0001EF0CEF9284600222146FFF732FC0020A2
:107ED000F8BD0820FCE700BF1030002070B5044654
:107EE00086B0FFF750FB261D05460E213046FFF7F2
:107EF000BAFAB0B92F4B2022D3F85C1104F1570025
:107F00001EF087F9034660B92B4A2C4903922C4A8C
:107F100002920822CDE900020222FFF7FAFB0820B4
:107F200012E02046FFF7B5FF70B9237A052B31D850
:107F3000DFE803F003190C03302D04212046FFF77E
:107F4000DBFCFFF739FFE8B106B070BD2046FFF754
:107F5000E3FC0028F8D103212046FFF7CDFC0E21D9
:107F6000FFF7CAFC0EE020460321FFF7C5FC0E21F7
:107F7000FFF7C2FC30460A21FFF7BEFC6B68D4F85D
:107F8000EC009847204606B0BDE8704034E5042177
:107F90002046E5E70493084B08220393094B074961
:107FA00002930023CDE9003218460122FFF7B1FB0E
:107FB000B5E700BF10300020DCD903005CC7030028
:107FC00000190400A91704002DE9F0410E4688B0FD
:107FD0000446FFF7D8FAF66804F157082022314624
:107FE000054640461EF03CF9202204F17700B11806
:107FF0001EF036F94046F8F7F9FB18BBD4F8EC3020
:10800000DB78002B40F0A880271D0E213846FFF7B3
:108010002AFA002843D1594B2022D3F85C1140465C
:108020001EF0F7F80346002839D1554A5549039206
:10803000554A02920822CDE900020222FFF769FBAD
:10804000082029E04E4B08200393504B0322029353
:1080500000234C49CDE900301846FFF75AFB0E21AA
:10806000201DFFF749FCD4F8EC60D6F8C03033B9D6
:10807000307A06F1900102F065F9C6F8C000D6F832
:10808000C030002BBAD0DA8902F02402002AB5D021
:108090005B7B9907B2D4032008B0BDE8F081237A56
:1080A000052B4AD8DFE803F0031D08034927032105
:1080B0002046FFF721FC0FE02046FFF72DFC0028AB
:1080C000EAD103212046FFF717FC0E21FFF714FC2D
:1080D000FFF772FE0028DFD1204608B0BDE8F0416E
:1080E0008AE40A213846FFF707FC6B68D4F8EC00F5
:1080F00098470E21DCE7102104F12700F8F7F6FA83
:10810000064600289CD1002D35D0EB68002B32D0DC
:108110001F4B2046B3F8453107A9ADF81C30FFF7D7
:1081200085F938460C21C4E93866FFF7E5FBEB68B2
:10813000D4F8EC0007A99847CEE70493104B082227
:108140000393144B0F4902930023CDE900321846E4
:108150000122FFF7DEFA73E7084BD3F85C512DB923
:10816000201D0621FFF7C8FB284695E7204608B0EA
:10817000BDE8F041B2E602208EE700BF10300020DB
:10818000F2D903005CC70300001904001F190400A2
:10819000BCD80300A917040038B504210546FFF731
:1081A00035FD044678B110210C301EF0C7FA1022BC
:1081B00005F127011EF054F8284600222146FFF75A
:1081C000B8FA002038BD0820FCE770B50E460D2136
:1081D0000546FFF71BFD044670B110210C301EF060
:1081E000ADFA102231461EF03BF828460022214607
:1081F000FFF79FFA002070BD0820FCE72DE9F0434F
:1082000004468FB0102200210AA81EF034F8237A09
:10821000052B36D8DFE803F009030309352F0422C4
:1082200004F1D8010AA81EF01BF8D4F8EC3004F1D0
:10823000470204F1C707CDE9017204F1270803F1F1
:108240009E0204F13709009241464A46973304F1F1
:10825000970002F0BCF9054628B3254B082203938A
:10826000244B02930023CDE9003201221846224913
:10827000FFF74FFA13E0D4F8E4100029D5D010220C
:10828000D0E704931A4B082103931C4B012202935D
:108290000023CDE9003118461749FFF73AFA0820C4
:1082A0000FB0BDE8F083D4F8EC3006AE03F19E02C7
:1082B0009733019304F10A03029200934A46414620
:1082C000384603960AAB02F0EBF940B1084B039332
:1082D0000B4B02930823CDE900532B46C5E70D2134
:1082E0002046FFF709FB3146FFF76FFFD8E700BFD5
:1082F00003DA0300441904005CC70300A917040053
:108300005D1904002DE9F043044693B010220021CA
:108310000EA81DF0B0FF237A052B36D8DFE803F056
:1083200009030309352F042204F1D8010EA81DF01A
:1083300097FFD4F8EC3004F1470204F1C706CDE909
:10834000016204F1370703F19E0204F1270800924D
:1083500039464246973304F1970002F038F9054652
:1083600030B33F4B03933F4B082202930023CDE9E8
:108370000032012218463C49FFF7CBF913E0D4F84C
:10838000E4100029D5D01022D0E70493344B082103
:108390000393364B012202930023CDE900311846A6
:1083A0003149FFF7B6F90825284613B0BDE8F08338
:1083B000D4F8EC300DF1280903F197029E330193B4
:1083C00004F11103029200933A4641463046CDF83B
:1083D0000C900EAB02F064F940B1214B0393244B97
:1083E00002930823CDE900532B46C2E7237A052BDD
:1083F00006D1D4F8E01010220EA8C1B11DF030FF54
:10840000D4F8EC3006AD03F19E029733019304F1EA
:108410000A030292009342463946304603950EAB5A
:1084200002F03EF930B10E4B0393124B9CE71DF066
:1084300022FFE5E71022294604F1B7001DF0E9FE0E
:1084400058B949462046FFF7C0FE05460028ABD183
:108450000121201DFFF750FAA6E70B25A4E700BF76
:1084600024DA0300441904005CC70300A9170400C0
:108470005D19040084190400F0B5D0F8EC3004460E
:10848000DD78CE6893B0002D78D1102229460EA851
:108490001DF0F1FE237A052B57D8DFE803F009031E
:1084A00003095650042204F1D8010EA81DF0D8FE8D
:1084B000D4F8EC300AAF03F197029E33019304F134
:1084C00011030292009303970EAB04F1270204F10B
:1084D000370104F1C70002F0E3F8002843D1314628
:1084E000102238461DF095FE0646002844D1237D13
:1084F000677B01469F4228BF1F46022207A81DF046
:10850000BAFE0822314608A81DF0B5FE0097D4F83F
:10851000EC0004F1470307AA08A9F9F719F90028A4
:1085200025DA284B01220393274B30460293082378
:108530002649CDE900633346FFF7EBF813E0D4F8A2
:10854000E0100029B4D01022AFE704931D4B08229D
:1085500003931F4B1D4902930023CDE900321846B7
:108560000122FFF7D6F80825284613B0F0BD0121F7
:10857000201DFFF7C1F9F7E70B25F5E7012D13D112
:10858000051D10212846FFF7B9F83146102204F1E5
:10859000B7001DF065FE07212846FEF764FF28B1ED
:1085A00009212846FFF7A8F90025DDE70A2128461A
:1085B000FEF759FF0028F3D1204613B0BDE8F04084
:1085C000A0E600BF4EDA0300AC1904005CC703004C
:1085D000A917040038B500F190040D460722204683
:1085E00009681DF016FE30B9204669680722BDE80B
:1085F00038401DF035BE38BD70B504460025D0F8B2
:10860000EC60031DD3E8EF2FC3E8E15F0029F9D147
:1086100004F5907017F030FB2572D4E8EF3FC4E802
:10862000E25F002AF9D1F3782BB90B212046BDE88F
:108630007040FFF761B90121F8E738B504460E49EB
:10864000A0F1EC05343017F0A5FA2846FFF7D4FF67
:108650000A4A04F16403D3E8EF1FC3E8E02F0028BF
:10866000F9D14FF0FF336834D4E8EF2FC4E8E13F8D
:108670000029F9D138BD00BF55A1010010300020FC
:108680002DE9F043994689B0DDE910783B780C4636
:108690008DF8003098F800301146129D07220646EA
:1086A0000DF102008DF801301DF0DAFD0722494678
:1086B0000DF109001DF0D4FD2A46694604F11000B1
:1086C00014F8013B11F801CB844283EA0C0302F851
:1086D000013BF5D12A4629463046F8F725F80446ED
:1086E00020BB062208F1010104A81DF0B9FD0622F5
:1086F000791C0DF116001DF0B3FD0422214607A8D8
:108700001DF0B9FD2A4605F1100004AB12F8011B5B
:1087100013F8014B824281EA040102F8011CF5D1F1
:108720002A4629463046F7F7FFFF0446204609B09F
:10873000BDE8F0837FB503210546D0F8EC40FFF794
:1087400065FA0646C0B110210C301DF0F7FF04F1A8
:108750009E03973402900193009405F1100305F1F4
:10876000090205F1270105F14700FFF789FF0446DB
:1087700028B1304602F0BFF9082004B070BD0246AF
:1087800031462846FEF7D5FF281D2146FEF7B6FFE5
:108790002046F2E708B5D0F8EC200346D2782AB993
:1087A0000321FFF7A9F8BDE80840C3E7021D0A212D
:1087B0001046FEF758FE10B904211846F1E710469E
:1087C0000021FFF799F8002008BD70B50446CE6877
:1087D000051D0B21284686B0FEF790FF102231467A
:1087E00004F117001DF03CFDD4F8EC30DB783BB908
:1087F00004212046FFF780F806B0BDE87040CBE4C6
:1088000005212846FEF72FFE20B9204606B0BDE818
:108810007040BFE7237A012B0AD0022B15D1042127
:108820002046FFF769F806B0BDE87040FFF7C4BA0C
:108830000A212846FEF717FE0028F0D0284600211E
:10884000FFF75AF8002006B070BD0493074B0824C8
:108850000393074B01220293002306491846CDE9F2
:108860000034FEF756FF2046EDE700BF5EDA030056
:10887000A91704005CC703002DE9F0410D4604462A
:10888000D0F8EC80FEF77FFEED680746EB78073BFB
:10889000092B00F2A9802A7994F8E8302946134080
:1088A00084F8E8306A7994F8E93004F11100134053
:1088B00084F8E9300223062223741DF0D1FCAB7842
:1088C0001B0706D5237B1E0703D50521201DFFF7B7
:1088D00013F8AB78980606D5237B990603D51421A7
:1088E000201DFFF709F8AB78DA073BD5237BDB07C0
:1088F00038D50D21201DFEF7FFFF29782046FEF711
:108900007FFE2072D8F8C0102046FEF7F7FD002841
:108910006CD02046FEF713FE054600BB261D052140
:108920003046FEF7A0FDA8BB2046FEF72CFE07460A
:108930002046FFF771F800285AD1237AB3B90F21E6
:108940003046FEF790FD88B187B17B6973B1304640
:108950000A21FEF7D1FF7B69D4F8EC00984728463E
:10896000BDE8F0810023A4F8E830C6E70A213046CC
:10897000FEF779FD48B920460321FEF7BDFF0E2121
:10898000FEF7BAFFBDE8F041D4E600213046FEF71D
:10899000B3FFE4E794F8E93084F8E85003F0020309
:1089A00084F8E930237A73B90F213046FEF75BFD76
:1089B00048B147B17B6933B130460A21FEF79CFFCD
:1089C00040467B69CAE70B4BD3F85C310BB90621F3
:1089D000DCE720460C21FEF78FFF0B21FEF78EFE11
:1089E000BDE8F041FFF755BA0625B8E70325B6E71D
:1089F0000546B4E7103000202DE9F04F044691B051
:108A00000D46FEF7C0FD04F13708E968074610225D
:108A10004046261D1DF024FC05213046FEF723FDAF
:108A2000D4F8EC90002840F08D8009F19E0304F109
:108A3000470B0CAF019309F1970300934146584649
:108A4000029704F1100304F10902FFF719FE002850
:108A500043D11022394604F117001DF0DAFB82469B
:108A600000286DD199F8035004F12703002D3ED161
:108A70001946082238461DF0F3FB414608220EA88D
:108A80001DF0EEFB3A4639465846F7F74DFE804654
:108A900018BB0146022209A81DF0EDFB0822414641
:108AA0000AA81DF0E8FB227D637B48469A4294BFEA
:108AB000009200930AA93B4609AAF8F749FE70B153
:108AC000904B0393904B02930823CDE900834346D8
:108AD000012218468D49FEF71CFE082503E00121FE
:108AE0003046FEF709FF284611B0BDE8F08F082296
:108AF0004146384607931DF0B3FB079B08221946F1
:108B00000EA81DF0ADFB3A4639465846F7F70CFE65
:108B100040B17C4B03937E4B02930823CDE900A325
:108B20005346D5E73946102258461DF099FB0121DE
:108B30003046FEF7E1FE2046FFF72EFB0546D2E762
:108B40000425D0E799F80330002B60D12046FEF7CA
:108B50004BFE05460028C6D1237A052B37D8DFE81F
:108B600003F0451E1E0336450CAB6A480093D0F84F
:108B70005C01434604F1270204F1570101F0DCFDDA
:108B80000028AAD10A213046FEF7B6FE0921FEF7D9
:108B9000B3FEBB680C99D4F8EC0098472FE094F82A
:108BA000DC300133DBB2142B84F8DC301ED0102112
:108BB00004F12700F7F79AFD00288ED10321204603
:108BC000FEF79AFE11B0BDE8F04FFFF7F5B8049339
:108BD000514B08220393514B4C4902930023CDE99A
:108BE000003218460122FEF794FD76E70721304651
:108BF000FEF739FC28B109213046FEF77DFE00253D
:108C000071E7204611B0BDE8F04FFFF7F7BA237ABD
:108C1000052BDCD801A252F823F000BF658C0100BF
:108C2000718C0100718C0100358C0100CF8B01002B
:108C3000C38C01000CAB374900934246D1F85C115C
:108C400004F1270304F1570001F076FD00287FF4BA
:108C500044AF0A213046FEF74FFEBB680C99D4F8AA
:108C6000EC0098470D212046FEF746FE10215FE7F5
:108C70002046FEF7B9FD054600287FF434AF0321F6
:108C80002046FEF739FEFFF787FA054600287FF4F5
:108C90002AAF94F8DC300133DBB2142B84F8DC30DB
:108CA00005D10D212046FEF727FE1021A4E7102153
:108CB00004F12700F7F71AFD051E18BF0125ED0086
:108CC00011E7102104F12700F7F710FD05460028F1
:108CD0007FF403AF9FB1FB688BB1114B2046B3F813
:108CE00045310CA9ADF83030FEF7A0FB0C21304621
:108CF000C4E93855FEF700FEFB680CA94BE70225D6
:108D0000F1E600BF72DA0300AC1904005CC703008F
:108D1000CB1904001030002088DA0300A9170400E2
:108D2000BCD8030038B5144B054693F85831E3B16D
:108D300001F00F042846FEF73BFC104B03281B787C
:108D40000CBF04F00B0444F0040405F5AA70D0E84D
:108D5000EF2F013203D1C0E8E13F0029F7D1D0E87D
:108D6000AF3F2BB144F0010038BD01F00704E1E74B
:108D700004F0FE00F8E700BF10300020D40B002004
:108D8000F8B50546FEF788FD044600287CD0061D90
:108D900004213046FEF767FB002878D102213046D7
:108DA000FEF761FB00286BD103213046FEF75BFB29
:108DB00010B16FF00F00F8BD01213046FEF753FBF4
:108DC0000028F6D12046FEF765FC002862D0D5F8D1
:108DD000C03033B12046FEF7C9FD70B16FF06800B6
:108DE000E9E7287A05F1900101F0ACFAC5F8C00076
:108DF0000028EFD16FF00B00DDE701212046FEF7E0
:108E000005FF07460028E9D006210C301DF096FC2E
:108E1000092105462046FFF785FFA8702046FEF78A
:108E2000C7FB1E4B287093F860215ABB93F8613141
:108E30006B701023EB70AB78294613F0010314BF5D
:108E4000032200222B716A7184F8E8306B790622C4
:108E500084F8E930012304F10A0063721DF000FA7E
:108E6000002239462046FEF764FC20460221FEF728
:108E700043FD0B21FEF740FD03213046FEF73CFD8C
:108E8000002098E70123D3E76FF07F0093E76FF0AE
:108E9000040090E76FF015008DE700BF1030002050
:108EA0002DE9F041071D8046D0F8EC40CB6886B034
:108EB00002213846FEF7D7FA002840F08C800321C3
:108EC0003846FEF7D0FA002840F085800121384668
:108ED000FEF7C9FA00287ED11D78404B93F858312F
:108EE0007BB105F00F05D4F8C0306BB1DB8903F01E
:108EF0002403D3B92046FFF743FF002863DB0F218B
:108F000066E005F00705EEE704F190063246202002
:108F1000217A01F067FAC4F8C00030B93246042063
:108F2000217A01F05FFAC4F8C000D4F8C01000291B
:108F3000E0D06E071FD54E7B16F001061BD14046D0
:108F4000FEF736FB264B03280495039307D0254BE9
:108F500002930823CDE900633346032206E0224B47
:108F6000022202930823CDE90063334618461F49C5
:108F7000FEF7CFFBBEE728070CD5CB8913F0200303
:108F800008D1174A04950392164A02920822CDE9A5
:108F90000032E2E70B7B01F118020093204601F159
:108FA0001A031031F8F7D4FB002810DA0C4B082212
:108FB00003930F4B0D4902930023CDE9003218466D
:108FC0000122FEF7A6FB082006B0BDE8F0810121D2
:108FD0003846FEF791FC0020F6E700BF1030002075
:108FE0009BDA0300E41904000F1A04005CC70300B5
:108FF000AC1904002DE9F0410D460446D0F8EC60B0
:10900000FEF7C1FAED688046EB78073B092B00F2CA
:10901000CE80D6F8C0306BB1271D0F213846FEF741
:1090200022FA90B92046FEF7A1FC70B1C5B22846DD
:10903000BDE8F081307A06F1900101F083F9C6F8BD
:10904000C0000028E8D10825F1E7012306222946BF
:10905000637204F10A001DF003F902232374A97856
:109060002046FFF75FFEE0742046FEF7A1FA1023CA
:10907000607423752B7903F0030363756B7903F038
:109080000103A375E37C1A070CD5AB781B0709D540
:1090900005213846FEF730FC637D03F0020363755B
:1090A0000023A37505213846FEF7DDF9434B002860
:1090B00053D093F86131A374E37C980606D5AB785E
:1090C000990603D514213846FEF716FCE37CDA072F
:1090D00046D5AB78DB0743D50D213846FEF70CFCAF
:1090E000A37D032184F8E830637D384684F8E930B5
:1090F000FEF702FC29782046FEF782FA2072D6F8A5
:10910000C0102046FEF7FAF9002852D02046FEF79C
:1091100016FA054600288AD105213846FEF7A3F93C
:1091200068BB2046FEF72FFA06462046FEF774FC81
:10913000002840D1237ABBB90F213846FEF793F9B6
:1091400090B98EB173697BB138460A21FEF7D4FB22
:109150007369D4F8EC00984769E793F86031AAE79F
:1091600000236375A375BBE703212046FEF7C4FB0C
:109170000E21FEF7C1FBBDE8F041FEF771BE237A78
:1091800093B90F213846FEF76EF968B9B8F1000FB0
:109190000AD0D8F814303BB138460A21FEF7ACFBB0
:1091A0003046D8F81430D6E70C212046E1E70625F2
:1091B0003DE703253BE7054639E700BF10300020B7
:1091C000014B1870704700BFD40B0020014B83F88F
:1091D0006101704710300020014B83F86001704737
:1091E000103000202DE9F341099F0446CDE900230A
:1091F000FEF752FB054600287CD0BDF82080061DF6
:10920000B8F1000F28D1DDE90032134324D1032146
:109210003046FEF728F9F8B101213046FEF723F970
:10922000D0B12C7D6B7B05F147019C4228BF1C46C9
:10923000224638461DF014F80F2C05D84146C4F1DB
:10924000100238191DF017F830460121FEF754FBC3
:10925000012002B0BDE8F081D4F8C03083B904F138
:10926000900842462020217A01F0BCF8C4F8C000E2
:1092700030B942460120217A01F0B4F8C4F8C000A8
:10928000BDF82080D4F8C000B8F1000F0CD1DDE9A2
:109290000032134308D100B3C3899A0605D5047B75
:1092A00000F11A012246C4E7B8B1C389DB0714D51F
:1092B0000822694640301CF0ACFF70B9D4F8C000F9
:1092C000022208A948301CF0A4FF804628B9D4F82F
:1092D000C0100C7B4A312246ABE70F213046FEF727
:1092E000C2F820B1022206212046F8F779FA284672
:1092F000FFF782F90020ACE76FF0850070476FF050
:10930000850070477FB500250C4610226946064649
:10931000CDE90055CDE902551CF07BFF80B101235A
:109320000C22294623706570A570E570201D1CF085
:10933000A2FF224621463046F7F7F6F904B070BD89
:109340006FF01500FAE710B50C46FEF7A5FA78B1F4
:10935000094B00F5A870D0E8EF2F9A4203D1C0E87E
:10936000E14F0029F7D114BF6FF07700002010BD46
:109370006FF01500FBE700BF1030002037B5154B2C
:10938000044693F8A23003F00603062B1ED1124DBB
:10939000D5F85C317BB110212046F7F7A7F998B9D1
:1093A000D5F85C1104F110030093224603460846E9
:1093B00001F0E8F808E04FF0FF324FF0FF330748C4
:1093C00015F0D6FF0028E6D003B030BD6FF0850061
:1093D000FAE700BF50000020103000205018002095
:1093E00038B50D461446FEF757FA70B1D0F8E030A4
:1093F00013B9D0F8E4205AB105B12B600CB90020A4
:1094000038BDD0F8E4302360F9E76FF01500F7E7D6
:109410006FF00200F4E770B50646FEF73DFA044629
:1094200010B96FF0150070BD051D0A212846FEF722
:1094300051FA0028F5D0F37805212846D3B9FEF774
:1094400012F830B903212046FEF756FAFFF772F9F9
:10945000E9E7134BD3F85C312BB906212846FEF718
:109460004BFA0020DFE70C212046FEF745FAFEF715
:1094700010FDD8E7FDF7F7FF30B903212046FEF7CE
:109480003BFAFEF7EDFCCEE70C212046FEF734FA5E
:10949000FEF7E6FC0028E4D06FF00400C3E700BF4D
:1094A000103000202DE9F743C67804463EB1012E66
:1094B0003DD06FF01504204603B0BDE8F083FEF701
:1094C000EBF9054610B96FF07F04F4E7061D0321A0
:1094D0003046FDF7C8FF10B16FF00F04EBE7012134
:1094E0003046FDF7C0FF0028F6D12046FDF7C1FF4A
:1094F00020B9204603B0BDE8F04341E4D4F8C010E1
:1095000020460B7B01F11802009301F11A03103180
:10951000F8F71EF904460028CDD10B212846FEF7A6
:10952000EBF901213046FEF7E7F90024C3E7FEF727
:10953000B3F905460028C6D000F1040804214046CE
:10954000FDF791FF002851D103214046FDF78BFF25
:109550000028C1D131464046FDF785FF0028BBD128
:109560002846FEF797F868B1D4F8C03083B9207A5E
:1095700004F1900100F0E6FEC4F8C00040B96FF0BD
:109580000B0498E72046FDF774FF0028ECD190E724
:109590002846FEF7EBF9074610B16FF068048AE73A
:1095A0000B212846FEF732FB06460028F5D00121A4
:1095B0000C301DF0C3F8092181462846FFF7B2FBA5
:1095C0003B4689F800003246204606210097F8F70E
:1095D000CDFF044618B1304601F08DFA6BE70F213C
:1095E0004046FEF789F9012128469CE76FF0040404
:1095F00061E7F0B5D0F8EC400646637B85B0072BF9
:1096000000F104053FD0454B08220393444B4549E4
:1096100002930023CDE9003218460222FEF779F8C2
:109620000721414B0B4493F80972D4F8C0304BB179
:109630001B7B002B5AD1D4F8C00000F05FFF002341
:10964000C4F8C03002212846FDF70DFF58B9072F96
:1096500096BF354B1F21DB193A46204698BF93F839
:109660001812F8F7BDF803212846FDF7FCFE38B3C1
:109670002E4B1B6823B31D6805B10C3D53F8083C05
:10968000002B3CD13EE059BB0D212846FDF7EBFEF7
:10969000264B07461B689BB11D6805B10C3D53F86E
:1096A0000C3C13B13946204698474DB12B46ED6826
:1096B0001B681DB10C3D002BF4D1F7E7002BF1D155
:1096C0003046FEF799FF637B072B25D1627AA37A98
:1096D0009A4221D0204605B0BDE8F040FFF7E2BE37
:1096E0000139C9B20E299CD909279EE702212846D3
:1096F000FDF7B9FE00289ED1A4E70C3D23B1394601
:1097000020469847002DDBD02B46ED685B68002D86
:10971000F3D1002BF3D1D3E705B0F0BDB0DA0300ED
:10972000421A04005CC70300BCD80300842E00204A
:10973000F0B5031D06460F461846022185B0FDF719
:1097400092FE044620B1B6F8E840B4FA84F4640905
:1097500003211846FDF787FEC8B139463046FFF7AA
:1097600048FF0CB31E4B082203931E4B1E49029365
:1097700000231846CDE900320222FDF7CAFF052179
:10978000D6F8EC00F8F710FB002005B0F0BD012181
:109790001846FDF768FE0028DFD10F211846FDF7B7
:1097A00062FE0028D9D1DCE705213046FEF72EFA0B
:1097B000054690B101210C301CF0C0FF07700094E9
:1097C00023462A460621D6F8EC00F8F7CFFE0028FB
:1097D000DAD0284601F08FF9D6E76FF06800D4E7B9
:1097E000DCDA0300551A04005CC7030010B5002141
:1097F00004460430FEF76EF8A0B12046FEF7CAFF1B
:1098000020B12046BDE81040012191E7D4F8EC30AA
:10981000DB782BB903212046BDE81040FEF76CB879
:109820000421F8E710BD38B50D46FEF735F80446BB
:1098300010B96FF0150038BD002DFAD00A210430A0
:10984000FEF748F80028F4D01022294604F147001A
:109850001CF006FD2046FFF7C9FF0020EBE773B5BB
:109860000D46FEF719F8044618B96FF0150002B05E
:1098700070BD061D0A213046FEF72CF80028F4D0F2
:1098800005213046FDF7EFFD60B9042204F14700E1
:109890000DEB020101951CF0E3FC2046FFF7A6FF4B
:1098A0000020E4E7D4F8EC30C4F8D850DB7863B992
:1098B00003212046FEF720F8FEF77EFA0028EFD0BD
:1098C00001212046FFF734FFEAE700213046FDF78B
:1098D000CAFD0028E4D00421EBE738B5FDF7DCFF32
:1098E000044610B96FF0150038BD051D0A21284641
:1098F000FDF7F0FF0028F5D007212846FDF7B3FD5E
:1099000028B109212846FDF7F7FF0020ECE71021D8
:109910002846FDF7A8FD09210028F3D12846FDF7C8
:10992000A2FD0028F1D0D4F8EC302046DB7843B912
:10993000FEF764FC01460028E7D02046FFF7F8FE5A
:10994000E3E7FEF7DFFCF5E7F0B587B00E46154616
:10995000FDF7A2FF044620B96FF01505284607B0B1
:10996000F0BDD4F8EC70301EE27AA37CFF7818BF0B
:109970000120291E18BF012102F0010203F001039A
:1099800037BB914201D09842E6D1271D0C213846C1
:10999000FDF7A0FF0028DFD0C4E93865E5B104F188
:1099A000570102AE2A4600230846009600F0EAFD61
:1099B00005460028D2D11022D4F8E41030461144D4
:1099C0001CF027FC40B104212046FFF7B1FEC5E79B
:1099D0009042DAD09942D7E7D4F8EC30DB7843B93B
:1099E00004212046FDF788FF2046FEF7D5FB0546FB
:1099F000B4E70D212046FDF77FFF10213846F1E73F
:109A000010B586B0FDF748FF044618B96FF0150091
:109A100006B010BD0A210430FDF75CFF0028F5D028
:109A2000237A062B11D8DFE803F00E04040A100C89
:109A30000C000121204606B0BDE8104078E6042164
:109A4000F8E70221F6E70821F4E70493074B002426
:109A50000393074B2046029308230122CDE90043DC
:109A600004492346FDF755FE2046D1E7E6DA030018
:109A7000A91704005CC703002DE9F0430B8A0646D2
:109A8000884687B07BB94B4A184603924A4A4B49ED
:109A900002920822CDE900320122FDF73AFE0020B1
:109AA00007B0BDE8F083012108F10C001DF013F8A8
:109AB000A6F1EC07E83E814604213046FDF7D3FCD1
:109AC00099F80010054670B13A4B082203933C4BBD
:109AD000049102930023CDE900321846022237494F
:109AE000FDF717FEDBE70E290BD9324B04910393E8
:109AF000344B0222029308233049CDE90003034688
:109B0000EEE7314C04EBC103D3F84C328BB92F4A4A
:109B100004F23D24029208220491CDE90032274943
:109B200002220394FDF7F5FD07213846FFF700FEFA
:109B3000B5E73846FDF7CEFE99F800200346A0B9F8
:109B400004F23D24039408240492214ACDE9000440
:109B50001A4902920222FDF7DCFD03213046FDF78F
:109B600082FC00289BD02146DFE704EBC203B8F853
:109B7000101093F85002884211D0164B04F23D2485
:109B800002930823CDE90412CDE900530B492B467B
:109B9000012228460394FDF7BCFD0A21C5E7414692
:109BA0003846D3F84C329847014600283FF477AF47
:109BB000BBE700BFF9DA0300B11A04005CC7030079
:109BC000D01A0400051B0400BCD803002B1B0400A2
:109BD000491B0400A313040070B506460820FDF7D6
:109BE0007FFC0446B8B1051D08212846FDF786FD17
:109BF000C6B30721FDF782FD3146202204F197000C
:109C00001CF02EFB0A212846FDF72DFC68B1092126
:109C10002846FDF771FE0720FDF762FC044618B1E7
:109C2000FDF7C0FE0146B0B970BD10212846FDF712
:109C30001AFC09210028EBD12846FDF714FC002866
:109C4000E9D0D4F8EC302046DB7843B9FEF7D6FAF9
:109C500001460028DFD02046FFF76AFDDBE7FEF76C
:109C600051FBF5E70B21F6E71FB51C4C0346C4F882
:109C70005C0160B91A4A1B4903921B4A02920822EE
:109C8000CDE900020222FDF744FD04B010BD1748E3
:109C900015F048FB231DD3E8AF3F5B06F5D5D4F89C
:109CA000EC302046DB787BB9FEF7F3F8014610B1C3
:109CB0002046FFF73DFDD4E8EF3F43F48053C4E86E
:109CC000E23F002AE1D0F6E7FEF708F90146002856
:109CD000DBD0204604B0BDE8104029E5103000205C
:109CE00080DB03005CC70300681B040050180020E1
:109CF0002DE9F04390F8E930CF6823F0020380F8B3
:109D0000E930D0F8EC503B78044689B005F1900872
:109D10004BB3BB7903F0C003C02B24D03846F4F713
:109D2000C1F9002408255B4E5B4B01225B4904907E
:109D3000029320462346CDE900450396FDF7E9FC52
:109D40004046F4F7AFF9564BCDE90360CDE9015336
:109D500020462346012251490094FDF7DAFC0A20EF
:109D600009B0BDE8F0830722394640461CF051FA9D
:109D700068B13946287A00F0ADFB064638B1014695
:109D80002046FDF7BBFB00B3304600F0B7FB0D21CA
:109D9000201DFDF768FB00285FD042460220297A8B
:109DA00000F044FB064690B94046F4F77BF9394B86
:109DB000049003933B4B0122029308233046CDE9E4
:109DC000006336493346FDF7A4FC0820C8E7EB786A
:109DD000002B3CD105F19E0191F80090B9F1010FE3
:109DE00022D18B7903F0C003402B1DD10622013113
:109DF00006F13A001CF034FA95F89030A3B195F8CA
:109E0000963003F0C003C02B0ED04846264906AA60
:109E1000CDE90687F7F780FB07223946701C1CF056
:109E20001FFA2846F7F767FC3046F4F7C5FD88B1FE
:109E30001E4B082203931E4B184902930023184619
:109E4000CDE900320222FDF764FC032088E705F12A
:109E50009701C1E73046F4F7BFFD94F8E9305B079E
:109E600003D50A212046FDF747FDEB7823B1B4F86E
:109E7000E81059B1002073E794F8E930002BF6D1CF
:109E80002046FDF7E2FE0028F1D069E72046FFF703
:109E9000B0FBEFE792DB0300851B04005CC7030007
:109EA0009D1B040053180400D5850100A6DB0300A8
:109EB000A91B04002DE9F0410B460446D0F8EC60E4
:109EC00086B00D210430FDF7CEFA48B306F19008B4
:109ED00042460420317ADF6800F0A8FA0546A0B9AE
:109EE0004046F4F7DFF80824204B04900393204BFE
:109EF0002846029301222B46CDE900541D49FDF767
:109F000008FC204606B0BDE8F08102223946183030
:109F10001CF0A6F90822B91C05F110001CF0A0F9EC
:109F200094F8E93023F0010284F8E9209A070AD571
:109F300008212046FDF7E0FCF37843B1B4F8E810BF
:109F400079B10020DEE75B07F6D50A21F1E794F846
:109F5000E930002BF2D12046FDF777FE0028EDD046
:109F6000D0E72046FFF745FBEBE700BFB9DB030076
:109F7000531804005CC703002DE9F0410E4686B07B
:109F80000446D0F8EC80FDF7FEFAF6680822337834
:109F900014490493144B05460393144B271D029355
:109FA00000231846CDE900320122FDF7B2FB0A2159
:109FB0003846FDF78FFC40B175B920463178FFF780
:109FC00018FB002006B0BDE8F0810B213846FDF7F4
:109FD00081FC0028F0D1F0E72B69002BEDD0404642
:109FE0009847EAE75CC70300CBDB0300E81B0400EB
:109FF0002DE9F0410546A0F1E80604460F4630463B
:10A00000012155F8EC89FDF765FC002863D0EFB11C
:10A0100003213046FDF727FA00285CD03846E7F7E1
:10A0200097FE0138C0B208288CBF00242F4B4FF098
:10A0300002019CBF1B1893F822433046FDF75CFCDD
:10A0400021462846BDE8F041FFF7D3BA98F80B3017
:10A05000002B40D003213046FDF705FA20B92846F1
:10A06000BDE8F041FEF7C8BA05213046FDF7FBF91F
:10A07000B8B114F8043C1F0707D514F8033C1807BF
:10A0800003D511213046FDF737FC14F8043C23F0CA
:10A09000080304F8043C14F8033C23F0080304F814
:10A0A000033C14F8033CD90717D506212846FDF7D1
:10A0B00023FC02213046FDF71FFC98F8033013B94A
:10A0C00014F8033C3BB92846FDF7BFFD18B934F836
:10A0D000041C0029B5D0BDE8F0819A0701D50821FC
:10A0E000E4E75B07E5D50A21E0E700BFBCD8030041
:10A0F00070B50446A0F1EC0650F8343BE83CD3F8C8
:10A10000C05015F0B9FD03212046FDF7ACF9A0B110
:10A1100008213046FFF76DFA3DB1EB8913B16B7B37
:10A120009B0702D5284600F0E9F93046BDE87040AB
:10A130004FF4AC7200211CF09EB801212046FDF7BF
:10A1400092F90028E4D10F212046FDF78CF9002870
:10A15000DED1E1E730B50E4B85B003930D4B0825FA
:10A1600002930023044601221846CDE900350A492E
:10A17000FDF7CFFA2946A4F59070FFF73AFA0421CB
:10A18000A4F58E7005B0BDE83040FDF7B5BB00BF4B
:10A19000E7DB03000E1C04005CC7030008B59AB996
:10A1A0008378012B10D10621F8F7D6FA10F8043C79
:10A1B00023F0010300F8043C30F8041C21B9BDE889
:10A1C0000840EC38FFF715BA08BD2DE9F04186B01C
:10A1D0000446FDF761FB0546002800F09180071D4D
:10A1E00003213846FDF73FF9002800F08980D4F8B4
:10A1F000C00008B100F082F904F190084146207ACD
:10A2000000F0A0F80646C4F8C000B8B94046F3F71D
:10A2100049FF08243C4B049003933C4B3046029387
:10A2200001223346CDE900643949FDF772FA21462F
:10A23000284606B0BDE8F041FFF77ABA0E2138464D
:10A24000FDF711F928B1D4F8C020537B43F0020385
:10A2500053732A7AD4F8C010032A4B7B3DD8002AC6
:10A2600042D0D4F8C020537B43F0010353732B7DBD
:10A27000697BD4F8C0208B4228BF0B463846137345
:10A280000521FDF7F0F8D4F8C0305A7BA8B342F0AE
:10A2900010020D2138465A73FDF7E5F880B3D4F863
:10A2A000C000202100F026F9D4F8C00005F14701D4
:10A2B00010221A301BF0D4FFD4F8C000082200216D
:10A2C00010301BF0D8FF02220021D4F8C000183053
:10A2D00006B0BDE8F0411BF0CEBF053A012A03D815
:10A2E00043F020034B73BCE723F020034B73D4F8F7
:10A2F000C020537B23F00103B8E722F010025A7309
:10A3000006B0BDE8F08100BFF3DB03005318040082
:10A310005CC7030008B5084B084893F8A23003F067
:10A3200006039A1F53425341054A82F85831F6F703
:10A3300069FA002008BD00BF50000020D80B0020A3
:10A340001030002070B50E4E044633780D4683421F
:10A3500007D007220B490C481BF05BFF48B10020D7
:10A3600070BD0722701C1BF054FF0028F1D1044877
:10A37000F6E707222946044834701BF071FFF6E720
:10A38000C4450020F7E90300C5450020F7B50023C8
:10A3900004460D4616460A4FF9893A780BB103B0C8
:10A3A000F0BD0029FBD0A242F9D107220549684639
:10A3B0001BF056FF31466846A8470123ECE700BF73
:10A3C000C4450020C545002010B40B461146044A80
:10A3D000D489044202D0104610BC184710BC704704
:10A3E000C44500202DE9F041002305460E461746DE
:10A3F000DFF83080B8F80E4098F800202C4013B1F8
:10A400000020BDE8F081002CFAD09642F8D1072256
:10A41000394605481BF0FDFE01230028EAD101481A
:10A42000EFE700BFC4450020C545002070B50446D5
:10A430000D461646FFF7D6FF38B931462846FFF7D6
:10A4400081FF10B1C3891C43C48170BDF8B50B787E
:10A450000646012B0C4601D00020F8BD8B7903F095
:10A46000C003402BF8D10023174D05F13A07EA89C4
:10A47000287802F00202C3B10023EA89297802F0A9
:10A480000202002BE8D1002AE6D0B142E4D1671CD9
:10A4900039460E481CF0D0F801230028EDD00622E2
:10A4A00039460B481BF0DCFE0BE0002AE5D0B04239
:10A4B000E3D106223946601C1BF0ABFE01230028C5
:10A4C000D5D10148C9E700BFC4450020EE450020B2
:10A4D000FE45002010B5064C2378834204D10722A4
:10A4E000601C1BF096FE08B1002010BD2046FCE762
:10A4F000C4450020C3891943C181704710B5037A50
:10A5000004465B0701D5F4F75BFB2046BDE810402D
:10A510005C2200211BF0AFBE531E1944024411F807
:10A52000013900F8013B9042F9D1704710B5431E44
:10A5300000F11002073013F8011F12F8014D834299
:10A540001C701170F7D110BD70B5C2B00D46164623
:10A55000014616AA68461C461AF0D2FF18B96FF0D9
:10A56000040042B070BD3246294668461AF0F3FF37
:10A570000028F4D0694620461BF057F80028EED09A
:10A580000020EEE7F0B50E4614461D4697B0014692
:10A59000202205A81C9FFFF7BFFF202231460DA8EF
:10A5A000FFF7BAFF2146102201A88DF85450FFF79B
:10A5B000B3FF3B46412205A901A8FFF7C5FF0446AA
:10A5C00010B93846FFF7B2FF204617B0F0BD2DE9AD
:10A5D000F0479AB01646DDE923970CAA84468A46CE
:10A5E00090461D462C4B03F1300E144618685968EE
:10A5F000083303C473452246F7D118681B796146B6
:10A6000020602371202204A8FFF786FF6B462022DA
:10A61000224804A9FFF798FF0446C0BB1022514608
:10A620000DF13500FFF778FF102231460DF145009E
:10A63000FFF772FF294611F8013B06220DF1560083
:10A640008DF85530FFF768FF2299062211F8013B7B
:10A650000DF15D008DF85C30FFF75EFF4B46352253
:10A6600041466846FFF770FF044680B94846FFF749
:10A670005DFF012335228DF8303041463B46684668
:10A68000FFF762FF044610B93846FFF74FFF204638
:10A690001AB0BDE8F08700BFCBEB030000EC03006D
:10A6A000F0B516461C46054697B0102205A81F9F18
:10A6B000FFF732FF1022314609A8FFF72DFF214690
:10A6C00010220DA8FFF728FF03221C9911A8FFF7FD
:10A6D00023FF1D9C062214F8013B12A821468DF889
:10A6E00047301BF0BDFD2146062212A8FFF714FFDC
:10A6F0001E9C062214F8013B0DF14F0021468DF8F7
:10A700004E301BF0ADFD214606220DF14F00FFF744
:10A7100003FF1022294601A8FFF7FEFE3B46412217
:10A7200005A901A8FFF710FF044610B93846FFF746
:10A73000FDFE204617B0F0BDF0B50F461E4614468C
:10A7400099B00146202204A81E9DFFF7E5FE2022B5
:10A7500039460CA8FFF7E0FE1022314614A8FFF797
:10A76000DBFE214610226846FFF7D6FE6B465022DC
:10A77000184604A9FFF7E8FE044660B9042203A9BD
:10A7800028461BF06DFD2B68044A1BBAB3FBF2F19F
:10A7900002FB11332B60204619B0F0BD40420F0080
:10A7A00030B587B00C4615460146102202A8FFF7C7
:10A7B000B3FE042221460DEB0200FFF7ADFE04229A
:10A7C0002B460DEB020102A8FFF7BEFE044610B9AE
:10A7D0002846FFF7ABFE204607B030BD30B589B044
:10A7E0000446154668461022FFF796FE10222146C1
:10A7F0000DEB0200FFF790FE10222B4669460DEB91
:10A800000200FFF7A1FE044610B92846FFF78EFEAE
:10A81000204609B030BD70B50C468EB001461646D4
:10A8200006A810221D46FFF777FE214610220AA82F
:10A83000FFF772FE102202AB06A90AA8FFF784FEFA
:10A84000044688B9042231460DEB0200FFF764FE8E
:10A8500004222B460DEB020102A8FFF775FE044609
:10A8600010B92846FFF762FE20460EB070BD00BF4B
:10A8700011F8043C0846013301F8043C7047704766
:10A88000827A3420074B00FB0233DB6A586811F8E8
:10A89000043C013BDBB201F8043C13B9043913F06A
:10A8A00056BE7047B018002038B53425847A074862
:10A8B000096805FB0400C06A0431406813F03DFEDE
:10A8C00010B1012300F8043B38BD00BFB0180020D0
:10A8D00011F8043C013BDBB201F8043C13B9081F3A
:10A8E00017F013BA7047086808B5043017F01AFA61
:10A8F00010B1012300F8043B08BD3422014B02FBD8
:10A9000000307047B01800203421827A064B01FBDA
:10A9100002331A6B93F82430801A1B3323F003039D
:10A92000B0FBF3F0704700BFB018002038B53424F6
:10A93000827A094B04FB0233DB6A0C685B681A6895
:10A94000944294BF0C600A60D3E90054FFF7DCFF27
:10A9500005FB004038BD00BFB01800200023038273
:10A960004369C36070472DE9F04385B005466846EA
:10A9700090461C46039116F029FADDE900674FF076
:10A980002003EFF3118983F31288BFF36F8F6B8C71
:10A99000002B47D02A8C9A4229D90022002328462E
:10A9A00014F037FC044610B389F31188BFF36F8F9E
:10A9B000039B002B47D0324634263B46684616F0B0
:10A9C00029FA264DA37A204606FB0353DB6A03A926
:10A9D0001B681F68DDE90023B8476061002833D198
:10A9E000A07A214600FB065014F0A8FB26E0698CF3
:10A9F0004B1E6B8489F31188BFF36F8F95F8243059
:10AA00002A8C2C6B1B3323F00303521A02FB0344E2
:10AA1000124B134AEB1A9B105343A37295F8243040
:10AA2000E372C5E789F31188BFF36F8F234642466F
:10AA3000284614F0EEFB04460028B9D10024204635
:10AA400005B0BDE8F08363610023012263602281C9
:10AA50002382039A63696282E360F0E7B018002002
:10AA6000C54EECC4C16A49680968FFF77CBF70B580
:10AA70000D461646DDE904230021FFF774FF044666
:10AA800030B1324629460C301BF048FE0123637278
:10AA9000204670BD14F0BDBB4FF02003EFF31182D0
:10AAA00083F31288BFF36F8F00230B60436833B9C1
:10AAB000C0E9001182F31188BFF36F8F70471960EE
:10AAC0004160F7E7034610B54FF02002EFF3118124
:10AAD00082F31288BFF36F8F006828B15C68026848
:10AAE000A0421A6008BF5A6081F31188BFF36F8FCC
:10AAF00010BD14F018BB2DE9F041044600263427A0
:10AB0000154D0CB9BDE8F081237AD4F80480013BDF
:10AB1000DBB22372002BF5D1616959B1637ADB078F
:10AB200007D4A37A204607FB0353DB6A1B689B68A4
:10AB300098476661A07AE66007FB005366609B6AEF
:10AB40001BB1204698474446DBE7214600FB0750EF
:10AB500014F0F4FAF7E700BFB0180020027A0132CF
:10AB6000027270472DE9F04F05461C4693464FF0A0
:10AB7000340A85B0684616F029F9DDE90089AE7A15
:10AB80002C4F23465A46002106FB0A70FFF7EBFEC6
:10AB9000044600283DD00AFB0676F36A1B685B6812
:10ABA000B3B16B7ADB0713D4AB7A28460AFB037385
:10ABB000DB6A69691B685B6898476061EB68E36002
:10ABC0002B8A23826B8A6382204605B0BDE8F08F12
:10ABD0006B8A4246684603934B4616F01BF93422B3
:10ABE000A37A204602FB0373DB6A03A91B681E6875
:10ABF000DDE90023B0470646606118B1039B6A8A0D
:10AC00009A4208D93423A07A214600FB037014F03D
:10AC100095FA0024D8E7638205F10C001BF0F0FFE1
:10AC20000644204640F80C6F2A8AE9681BF08CFD28
:10AC3000CAE700BFB0180020034618465B68002B27
:10AC4000FBD17047426810B52AB10B461C465B68C1
:10AC5000002BFBD16260416010BD10B5044620B9E5
:10AC600008460B7A01330B7210BD034618465B6829
:10AC7000002BFBD1FFF7E6FF2046F5E710B508B142
:10AC80004B68436000234C6808464B60FFF733FF76
:10AC9000204610BD2DE9F04107460D46144634B953
:10ACA000A0464046BDE8F08164689B1AF7E7228A17
:10ACB0009A42F9D9069A4FF00008954228BF1546E6
:10ACC000002CEED0002DECD0268AE168F61AAE42B8
:10ACD00028BF2E46194407EB080032461BF0C0FA85
:10ACE000B04400236468AD1BEAE72DE9F84F07463E
:10ACF0000E469046054629466D68002DFBD14FF063
:10AD0000340ADFF864B001F10C0420461BF07CFF2C
:10AD100086421AD320461BF077FF1FFA80F941467E
:10AD20004A4620461BF010FDB6EB09064D44C844C8
:10AD300017D00C9B63B1DDE90A010D9A98470146D3
:10AD400078B13846FFF789FFDDE71FFA86F9E6E7B5
:10AD5000B87A3146DDE90A2300FB0AB0FFF703FEAB
:10AD6000EDE72846BDE8F88FB018002000230B60FF
:10AD7000436813B9C0E9001170471960416070471A
:10AD8000002203680BB9184670478B4210D10B683C
:10AD900042B942680360914200D143600023012020
:10ADA0000B60704713604368994208BF4260F5E743
:10ADB0001A461B68E6E7026803464AB9406848B984
:10ADC0009A6842B9D86800F17F43584258417047A9
:10ADD000002070471046704740F2FF230B600023AD
:10ADE0008B80CB800B814FF480734B81FF230B73DF
:10ADF000437B4B73C389CB81704710B1006800B1AE
:10AE00004068704710B428B1446D1CB123464268B5
:10AE100010BC184710BC704710B50346FFF7EDFF94
:10AE200028B1C2681AB1BDE810401846104700208A
:10AE300010BD802AF8B507460E46144601D90020F9
:10AE4000F8BDD5082A461BF0E4F90028F7D1644282
:10AE500014F007040ED07B5D725DC4F108015A4006
:10AE6000FF238B4083F0FF03A3401A420CBF012055
:10AE70000020E5E70120E3E7102208B51BF0C9F93F
:10AE8000B0FA80F0400908BD08B515F09DFF4FF4F9
:10AE90007A72A0FB020302FB0133C00B40EA43407D
:10AEA00008BD01234A0901F01F018B40DB4300EB81
:10AEB0008200D0E8EF2F1A40C0E8E12F0029F8D136
:10AEC000704713F0C7BF4FF0FF324FF0FF3314301D
:10AED000F7E730B103680C33D3E8AF0F084100F057
:10AEE0000100704701230C308B40D0E8EF2F1A434C
:10AEF000C0E8E12F0029F8D1704714F027B82DE9F8
:10AF0000F84FFFF7C1FF4FF0FF3380464FF0FF329D
:10AF10002448FFF7D6FF244B1C68002C3DD054F882
:10AF2000145905B1143D4FF0FF364FF0020BDFF816
:10AF300078A001E02C461D4604F11409414648461C
:10AF40001BF0B9FF074680B94946504684F82DB03A
:10AF5000FFF716FF3A46394648461BF061FF4DB1F0
:10AF60006B69002BE6D0143BE4E7864228BF064617
:10AF7000AC42F4D1731C10D04FF4004440F2E730DF
:10AF800000214FF47A720023E6FB040118F010F957
:10AF900002460B46054814F069FEBDE8F84F01482B
:10AFA000ABE700BF2C170020783100208031002053
:10AFB00038B54FF0FF324FF0FF3305461D48FFF71D
:10AFC00080FF1D4B9B6B73B11A684FF0FF344FF439
:10AFD0007A7053B9631C1AD1184814F04DFEBDE8BD
:10AFE0003840144889E71A46EFE7D9691B8C491B9A
:10AFF00000FB0313002B09DD9C4228BF1C461AB13D
:10B00000116813460A46E4E71146FAE700244FF4B4
:10B01000004540F2E73000214FF47A720023E4FB50
:10B02000050118F0C5F802460B46044814F01EFE50
:10B03000D5E700BF2C17002078310020B831002060
:10B0400010B50C46002184F82D100246FFF741FF91
:10B0500058B308211046FFF73CFF30B301232146C7
:10B06000104684F82E3006F0C3FAF0B9FFF70CFF53
:10B070004FF0FF334FF0FF32A0620C48FFF721FF83
:10B0800004F124010A48FFF771FE0848FFF735FF75
:10B09000084815F0E1FD084307D1BDE8104040F62F
:10B0A000CD420023044814F0E1BD10BD2C17002050
:10B0B000E831002000320020F03100202DE9F84F67
:10B0C000814688469246FFF7FEFED9F80460002EBE
:10B0D00058D000274FF0300CBB46DFF8ACE0351DF0
:10B0E0000CFB0763DB6A23F07D4303F0FF2373450A
:10B0F0002ED135F8043C022B2AD148F2FE032A88CF
:10B100009A4225D0002308F1FF31681E11F8012F63
:10B1100010F8014FA24226D10833DBB2802BF5D1C3
:10B120009AF800209A4213D8302202FB076292F864
:10B130002F20520709D53F2B07D898F80020FF2A67
:10B1400006D198F80120032A02D1AB468AF80030D4
:10B15000303537B109F11400FFF7CFFE5846BDE88E
:10B16000F88F0127BCE754402006D9D403F1080228
:10B17000D2B20133DBB264009A42E4B2D0D02106ED
:10B18000CED4F6E7B346E5E700010002012310B58F
:10B1900001F01F024909934000EB8100D0E8EF2F36
:10B1A00042EA0301C0E8E41F002CF7D1134214BFA8
:10B1B0000120002010BD012301F01F02934030B593
:10B1C000DC43490900EB8100D0E8EF2F02EA0401DB
:10B1D000C0E8E51F002DF7D1134214BF0120002065
:10B1E00030BDF8B5FFF750FE4FF0FF3306464FF085
:10B1F000FF321C48FFF765FE1B498B6B2BB1002209
:10B200004FF47A7E17461C6833B93046FFF7D0FEFC
:10B21000BDE8F840134870E6DD69188CAD1B0EFBE5
:10B220000055002D9C460EDC186892B9CD6B8863E2
:10B23000AB4200D1C863944693F822001F6067F3C5
:10B24000000083F8220054B1206823466246044679
:10B25000DAE71060C86B834208BFCA63EBE7204699
:10B26000F3E700BF2C17002078310020002809DD0B
:10B270003022431E044802FB0300044B984228BFBF
:10B280000020704700207047FC1A0020FC1A0020A4
:10B29000704770472DE9F041054688461E4617461F
:10B2A000FFF711FE08212846FFF713FE044668B990
:10B2B0002B68C3F810802B681F752B685E7505F12D
:10B2C0001400FFF71AFE2046BDE8F0814FF0FF346E
:10B2D000F5E7F8B505460E4C0E4FBC4201D30024ED
:10B2E0000EE026462046FFF7EEFD56F8143B2A797D
:10B2F000296818691AF08DFF20B93046FFF7FDFD67
:10B300002046F8BD3046FFF7F8FD3034E5E700BFD2
:10B31000FC1A0020FC1A00200346064A0648904208
:10B3200001D300207047016809688B42FAD03030A1
:10B33000F5E700BFFC1A0020FC1A0020014BC3F8FF
:10B34000A800704778310020064B074A934206D088
:10B35000064AD2F8A800002808BF18467047002007
:10B36000704700BFFC1A0020FC1A00207831002032
:10B37000024608B50649074B8B4202D30023184604
:10B3800008BD1846FFF739FD8242F8D03033F3E7A5
:10B39000FC1A0020FC1A002010B5074A074CA242F4
:10B3A00002D30022104610BD00211046FFF791FD88
:10B3B0000028F7D13032F2E7FC1A0020FC1A0020F6
:10B3C00038B50446084D4FF0FF3328464FF0FF32A2
:10B3D000FFF777FD94F8223028466FF3000384F8D6
:10B3E0002230BDE8384088E52C170020F8B5044627
:10B3F0000F4D4FF0FF330F4816464FF0FF320F4608
:10B40000FFF75FFD214605F1AC00FFF7B9FCD5F869
:10B41000AC302360D5F8B030C5F8AC400BB9C5F8F6
:10B42000B040C4E901760348BDE8F84065E500BFD7
:10B43000783100202C17002038B50446074D4FF016
:10B44000FF3328464FF0FF32FFF73BFD214604480B
:10B45000FFF796FC2846BDE838404EE52C17002043
:10B4600024320020F8B54FF0FF33054617460F4849
:10B470004FF0FF320E46FFF724FD0D4BD3F8AC30F2
:10B480000BB11C681BB90948BDE8F84035E55A689E
:10B49000AA4204D13A46314628469B6898471CB1D7
:10B4A000226823461446EDE72246FAE72C170020CF
:10B4B0007831002038B504460D46FFF704FD07211A
:10B4C0002046FFF706FD30B3636843B105B12B603A
:10B4D000002504F11400FFF710FD284638BD4FF099
:10B4E000FF324FF0FF330D48FFF7EBFC0C4BD3F866
:10B4F000C42152B903F1B4026260C3F8C44105B17A
:10B500002A600648FFF7F9FCE2E70448FFF7F5FC7C
:10B510006FF00205DDE76FF08505DAE72C170020F4
:10B520007831002038B50546FFF7CDFC07212846C5
:10B53000FFF7CFFC00B36B680BB34FF0FF324FF057
:10B54000FF331048FFF7BDFC0F4BD3F8C4219542E1
:10B550000CD100240B486C60C3F8C441FFF7CDFC4C
:10B5600005F11400FFF7C9FC204638BD0548FFF778
:10B57000C4FC6FF00204F3E76FF08504F0E76FF0AE
:10B580007704EDE72C1700207831002038B5044609
:10B59000FFF799FC0B212046FFF79BFC18BB656861
:10B5A0000DB3204606F0A4F9E8B9FFF76DFC4FF0A3
:10B5B000FF334FF0FF32C5F808010D48FFF781FC5B
:10B5C00005F582710B48FFF7D1FB0948FFF795FCA1
:10B5D000094815F041FB084305D14FF40042002310
:10B5E000064814F043FB04F11400BDE8384084E43D
:10B5F0002C1700204033002058330020483300200F
:10B6000073B5FFF741FC0023344E4FF0FF32CDE914
:10B61000003304464FF0FF333148FFF752FCD6F8B1
:10B62000C821002A41D0A2F5827312680AB1A2F59E
:10B630008272C4F57A7401E013460A46D3F80851C1
:10B640002544002D20DCD6F8CC0103F58271D3F817
:10B6500004318142684608BFC6F8CC31C6F8C8310B
:10B66000FFF784FB0AB3D2F804110029E4D0A1F556
:10B670008271E1E74268A24201D0303024E0022B1F
:10B6800024D8FFF783FF21E04FF4004440F2E73075
:10B6900000214FF47A720023E5FB040117F088FDC6
:10B6A00002460B460F4814F0E1FA0D48FFF725FC5F
:10B6B000009C8CB10C4DA4F5827494F80C310B48AD
:10B6C0000133DBB284F80C31A842D3D3D4F804415F
:10B6D00014B1A4F58274F0E702B070BD7831002097
:10B6E0002C17002048330020FC1A0020FC1A0020F0
:10B6F00038B50446FFF7E7FB656875B14FF0FF32D8
:10B700004FF0FF330848FFF7DCFB084805F582716E
:10B71000FFF736FB0448FFF7F0FB04F11400BDE827
:10B720003840FFF7EABB00BF2C1700204033002051
:10B730002DE9F84306460F461D4DDFF878904D453C
:10B7400001D300242EE02846FFF7BDFB6C6805F10D
:10B75000140824B94046FFF7D0FB3035EFE794F8E2
:10B760002F309A0708D52388022B05D18022304636
:10B77000211DFFF75EFBC0B994F85F309B07E9D548
:10B78000238E022BE6D18022304604F13401FFF7EC
:10B7900050FB0028DED0302307B13D6040461C44FA
:10B7A000FFF7ABFB2046BDE8F8830023F4E700BFBA
:10B7B000FC1A0020FC1A0020F0B585B0FFF764FBEE
:10B7C00000232C4ECDE9023304464FF0FF334FF0F7
:10B7D000FF322948FFF775FB336F73B353F8242901
:10B7E00002B1243AC4F1640401E013460A469D6A9A
:10B7F0002544002D10DC706F03F124015B6A814247
:10B8000002A808BF73673367FFF7B0FAAAB1516A9D
:10B810000029EAD02439E8E74FF4004440F2E73049
:10B8200000214FF47A720023C5FB040117F0C0FC1D
:10B8300002460B46114814F019FA0F48FFF75DFB5A
:10B84000029CA4B101260027243C251D284684F82B
:10B850002D6001A90197FFF76BFF844203D12946B0
:10B86000019804F097FF646A0CB1243CEDE705B041
:10B87000F0BD00BF783100202C170020F0310020EF
:10B8800070B505460E46FFF71EFB6C6834B9002400
:10B8900005F11400FFF731FB204670BD94F82F30FE
:10B8A0009A0708D52388022B05D180223046211D16
:10B8B000FFF7BFFA88B994F85F309B07E7D5238E6E
:10B8C000022BE4D18022304604F13401FFF7B1FAB3
:10B8D0000028DCD030231C44DAE70023FBE7F8B56E
:10B8E000124E04464FF0FF3230464FF0FF330D4604
:10B8F000FFF7E7FA01230E4F84F82D301434214668
:10B900003846FFF733FAFFF7BFFA294602462046CA
:10B910001BF086FA002307F10800002214F0A6F9B4
:10B920003046BDE8F840FFF7E8BA00BF2C1700200A
:10B93000783100202DE9F04F05468BB00F46924636
:10B940009B46FFF7C0FA284601A9FFF7B3FD002880
:10B9500008DA002405F11400FFF7CFFA20460BB0F7
:10B96000BDE8F08F6C6894F82F309E0700F192804C
:10B9700094F85F30980700F19680019E96F82F307A
:10B980009907C3F3400805D596F85F309A07E0D4CD
:10B990004FF001084FF0300909FB08F906EB0904E4
:10B9A00094F82F300DF1080C43F0020384F82F3087
:10B9B0000223624626F809303B4684F82CA007F1A2
:10B9C000100AE646186859680833AEE80300534584
:10B9D000F446F6D104F1040C0DF1180A134603CB1A
:10B9E0005345CCF80000CCF804101A460CF1080CB2
:10B9F000F4D1302303FB086393F82F20BBF1000F31
:10BA00005ED06FF300025946204683F82F20FFF7DF
:10BA100066FF2846FFF700FA030756D43846FFF7BB
:10BA2000CAF9002851D10B212846FFF752FA0746E0
:10BA300000284AD12846FFF7EFF910F0010F8046A1
:10BA400023D040F2FF23ADF81830ADF81A70ADF8EE
:10BA50001C70ADF81E70ADF82070ADF82270ADF816
:10BA600024704FF48073ADF826305146284606F016
:10BA7000E9F818F0020F08D109F1040030445146EA
:10BA8000FFF7AAF9284606F0DDF821462846FFF719
:10BA9000D7FA5FE73846211DFFF7EEF900283FF49B
:10BAA00067AF002308E0384604F13401FFF7E4F9FA
:10BAB00000283FF462AF0123302202FB034449E730
:10BAC00042F0010283F82F20A3E7302303FB08662E
:10BAD000012386F82D303DE770B5054686B010226B
:10BAE000002102A81AF0C7FB2846FFF7ECF9284608
:10BAF00001A9FFF7DFFC002805DA05F11400FFF7C4
:10BB0000FCF906B070BD019C002CF6D048F2FE0393
:10BB10002E68029300230393327D062A41D0082A1F
:10BB20005BD0022A10D1727D012A0DD10493FF232C
:10BB30008DF81330FE23ADF8143033691A788DF880
:10BB400016205B788DF8173000230122284602A9C1
:10BB5000FFF7F0FE94F82F3006469A070CD523889D
:10BB6000022B09D1A04207D0201DFFF724F918B9F4
:10BB700021462846FFF764FA94F85F309B07BCD54E
:10BB8000238E022BB9D104F130018E42B5D004F1DD
:10BB90003400FFF710F90028AFD12846FFF750FA1C
:10BBA000ABE70322316904A81AF05AFBFF230322F2
:10BBB0008DF81330FE2331690DF1150011448DF815
:10BBC00014301AF04DFB737D032BBDD19DF810305E
:10BBD00083F002038DF81030B6E7316904A81AF03B
:10BBE0003FFBF3E710B50368002104469A7EFFF798
:10BBF00070F988B90221236899762068837E8B4288
:10BC00003BD1062A39D10C300821FFF74AF92046EA
:10BC1000BDE81040FFF700B909212046FFF759F9A8
:10BC20000028E7D00A212046FFF753F92168C0F128
:10BC30000603DBB28B762068817E99421DD10629EE
:10BC4000DFD1062A19D00821FFF74CF92046FFF76B
:10BC5000E3F8030711D407212046FFF73AF960B152
:10BC60000B212046FFF735F938B92046FFF734FF9E
:10BC70002046BDE81040FFF789BC10BD70B51546E1
:10BC80001E46FFF7F3FA30B133462A46FFF752FE5D
:10BC9000003818BF012070BDF8B50E46174604469F
:10BCA000D0B1FFF710F9656885B195F82F309A0784
:10BCB00003D53A4629462046B04795F85F309B07A2
:10BCC00004D53A46204605F13001B04704F114008E
:10BCD000BDE8F840FFF711B9F8BD2DE9F84F05466A
:10BCE0008946FFF7F0F8D5F80480B8F1000F24D0AA
:10BCF00000264FF0180B08F164070BFB068303F1D5
:10BD0000700A93F87430DB0712D549463846FFF7BE
:10BD1000B3F8044660B19AF804306FF300038AF870
:10BD2000043005F11400FFF7E8F82046BDE8F88F6D
:10BD30000136032E07F11807DFD10024F1E72DE9C2
:10BD4000F043074689B08846FFF7BDF87C6844B9E0
:10BD5000002407F11400FFF7D0F8204609B0BDE831
:10BD6000F08340466946FFF737F894F82F3098077C
:10BD7000C3F3400619D494F85F309907E8D54FF023
:10BD8000FF3904F13405284604A9FFF725F8684671
:10BD9000FFF772F800B1013628464146FFF76CF80C
:10BDA000054600285FD0012514E0251D04A928467A
:10BDB000FFF712F86846FFF75FF841460646284647
:10BDC000FFF75AF80028D6D094F85F309A07C3F3EB
:10BDD000400545D44FF0300808FB05F804EB080394
:10BDE00093F82F30DB0718D44FF0FF334FF0FF32BA
:10BDF0002248FFF766F808F11401DFF88480214437
:10BE00004046FEF7BDFFD8F800301BB908F1080026
:10BE100013F032FF1948FFF770F80B213846FFF78F
:10BE200058F880B94FF0FF324FF0FF331348FFF757
:10BE300048F8302101FB054112482431FEF7A0FFEC
:10BE40000E48FFF75AF8302303FB054494F82F30CF
:10BE5000012E6FF3410384F82F3009D0012478E7D5
:10BE60004FF000098DE7B9F1000F7FF471AFB1E732
:10BE700069463846FFF731FFF0E700BF2C17002076
:10BE800078310020E831002013B50C460190FFF70F
:10BE90001AF8204601A9FFF74BFC18B1214601987A
:10BEA000FFF74DFF01981430FFF727F802B010BDDF
:10BEB00008B5FFF7DBF918B1BDE80840FFF73FBF51
:10BEC00008BD2DE9F0411F4691F82F3016469A071C
:10BED00005460C4612D50B88022B0FD191F82C3059
:10BEE000012B0BD101F104083A4641463046FEF7DA
:10BEF000A0FF18B141462846FFF721FF94F85F30B4
:10BF00009B0713D5238E022B10D194F85C30012BA4
:10BF10000CD134343A4621463046FEF78AFF28B128
:10BF200021462846BDE8F041FFF709BFBDE8F08192
:10BF30002DE9FF41FEF7A8FF00230746CDE90233B4
:10BF40004FF0FF324FF0FF332F48FEF7BAFF2F4B71
:10BF5000D3F80042B4B125684FF0FF36DFF8B08067
:10BF6000BCB1394620461AF0A6FF68B921464046C2
:10BF7000FEF706FF02A8FEF7F9FE2DB32B682C464C
:10BF80001D46EDE72546E7E7864228BF0646AC4258
:10BF9000F3D1731C10D04FF4004440F2E73000217D
:10BFA0004FF47A720023E6FB040117F001F9024610
:10BFB0000B46184813F05AFE1348FEF79EFF029CEA
:10BFC00024B904B0BDE8F0812B46D8E7206AFEF71B
:10BFD0007AFF94F82530206A6FF3410384F8253006
:10BFE00001A9FFF767FA00280BDB206A94F82430D8
:10BFF000019904F11002FFF764FF206A1430FEF784
:10C000007CFF2468DCE700BF2C170020783100207B
:10C0100078330020803300202DE9F74F80460D460D
:10C020004FF0180B204CDFF884A0544507D245B1DF
:10C030002B6833B1A34204D030345445F8D30024E4
:10C0400028E02046FEF73FFF676804F1140927B98E
:10C050004846FEF752FF3034E7E7002607F1640157
:10C060000BFB067393F87430DB0717D531F8043CEB
:10C07000022B13D1802240460191FEF7DAFE01998E
:10C0800060B105B12C60182404FB06744846603486
:10C09000FEF733FF204603B0BDE8F08F0136032ED4
:10C0A00001F11801DCD1D3E7FC1A0020FC1A0020B2
:10C0B0007FB504460E460190FEF705FF204603A912
:10C0C000FFF7F8F9002807DA002501981430FEF789
:10C0D00014FF284604B070BD3378FF2BF4D13046EE
:10C0E00001A9FFF799FF0028EED1039D95F8744050
:10C0F00014F0010408D095F88C30DA071AD595F8B9
:10C10000A430DB07E0D4022418235C432B1993F8F6
:10C11000742004F1640042F0010283F874200222CA
:10C120002844A3F860203146102260341AF098F8B1
:10C130002544CAE70124E7E738B50C460546FEF773
:10C14000C2FE237D05F114006FF341032375BDE8A2
:10C150003840FEF7D2BE38B50C460546FEF7B3FEB2
:10C16000237D05F1140043F002032375BDE8384038
:10C17000FEF7C3BE2DE9F043064687B00C46904655
:10C180001F46FEF7A0FE304601A9FFF793F90028ED
:10C1900009DA4FF0000906F11400FEF7AEFE48463A
:10C1A00007B0BDE8F0837568002D48D1019D002DD2
:10C1B000EFD095F8CD209107C2F3400304D595F850
:10C1C000F5309A07E5D401232821594301F1A80944
:10C1D000294491F8CD200DF1080C42F0020281F8BB
:10C1E000CD2081F8CC80224604F110086446A94491
:10C1F000C1F8C860E646106851680832AEE803002E
:10C200004245F446F6D109F1100C0DF1180E224604
:10C2100003CA7245CCF80000CCF8041014460CF1A7
:10C22000080CF4D1282202FB03557B1C5F425F41BE
:10C2300095F8CD3067F3000385F8CD30ABE795F87E
:10C24000CD309B0709D5204605F1B801FEF714FE55
:10C2500018B195F8CC30434513D095F8F5309807D0
:10C26000A4D5204605F1E001FEF706FE00289DD08A
:10C2700095F8F430434599D12823A83305EB0309F9
:10C2800089E70023F9E7F8B50F46054610B9FFF72F
:10C290005BF805462846FEF716FE6C68D4B194F8A4
:10C2A000CD309A071CD4002694F8F5309B0710D5A2
:10C2B000394694F8F42004F1E000FEF7BAFD40B1ED
:10C2C0002EB196F8242094F8F4309A4201D904F162
:10C2D000D006344605F11400FEF70FFE2046F8BDE7
:10C2E000394694F8CC2004F1B800FEF7A2FD0028EE
:10C2F000D9D004F1A806D7E7F8B505460E4617468B
:10C30000FEF7E1FD6C6834B9002405F11400FEF776
:10C31000F4FD2046F8BD94F8CD309A0711D494F876
:10C32000F5309B07F0D53A46314604F1E000FEF7C0
:10C3300080FD0028E8D00123282202FB0344A83412
:10C34000E3E73A46314604F1B800FEF772FD0028F3
:10C35000E5D00023F0E72DE9F84306460F461E4CD2
:10C36000DFF878904C4534D21EB133680BB1A3424C
:10C370002CD12046FEF7A7FD656804F114087DB1B5
:10C3800095F8CD309A0710D495F8F5309B0707D56E
:10C39000394695F8F42005F1E000FEF74AFD68B94A
:10C3A0004046FEF7AAFD3034DCE7394695F8CC204C
:10C3B00005F1B800FEF73DFD0028E5D006B1346078
:10C3C0004046FEF79AFD0120BDE8F88330344C4525
:10C3D000CBD30020F8E700BFFC1A0020FC1A002095
:10C3E00038B54B1C04460D461ED04FF0FF334FF0BE
:10C3F000FF320E48FEF765FD21460D48FEF7C0FCF2
:10C400000B48FEF7B3FCFEF73FFD294602462046E7
:10C410001AF006FD00230022064813F027FCBDE8B1
:10C4200038400248FEF769BD38BD00BF2C17002018
:10C43000783300208033002010B590F82530044672
:10C440009B0714D54FF0FF324FF0FF330848FEF73B
:10C4500038FD21460748FEF793FC0022204611468E
:10C460001AF0DEFCBDE810400148FEF746BD10BDE5
:10C470002C170020783300202DE9F04106460F46A6
:10C480009046FEF720FD74683CB9002406F11400C4
:10C49000FEF733FD2046BDE8F08194F8CD309A07D1
:10C4A00009D5394604F1B800FEF7E6FC18B194F856
:10C4B000CC30434525D094F8F5309B07E5D5394677
:10C4C00004F1E000FEF7D8FC0028DED094F8F43048
:10C4D0004345DAD101252820A8302044FFF7ACFFDE
:10C4E000282303FB054595F8CD3021466FF3410322
:10C4F00085F8CD303A4643463046FFF7E2FC01244A
:10C50000C4E700252846E7E770B5134C4FF0FF332A
:10C5100006464FF0FF3211480D46FEF7D2FC94F864
:10C520005A32DB0703D5B4F83C32022B05D0002485
:10C530000A48FEF7E2FC204670BDD4F850329E4215
:10C54000F5D1294604F51070FEF796FC0028EED0D0
:10C5500004F50E74ECE700BF783100202C170020A2
:10C5600038B54FF0FF324FF0FF3305460E48FEF767
:10C57000A8FC0E4B93F85A22B3F83C02C2F34004D5
:10C5800012F00102D3F8501205D02CB1022802D1CA
:10C590003DB18D4205D000240348FEF7AEFC204695
:10C5A00038BD03F50E74F7E72C1700207831002012
:10C5B00038B504460D46FEF767FC2584E061BDE80A
:10C5C0003840FEF7F5BCF8B5204C4FF0FF33074676
:10C5D00016461F484FF0FF320D46FEF772FC94F8E6
:10C5E0005A32DA0730D40222C4F85072A4F83C223E
:10C5F00043F00103FEB123F00603134384F85A32DB
:10C60000A4F85862FEF740FC04F50E71C4F8540219
:10C6100004F13800FEF7AAFBD4F85402FEF7C8FC78
:10C62000102229460B4819F01BFE0B4C0848FEF758
:10C6300064FC2046F8BD23F0060343F00403A4F88D
:10C64000586284F85A32EBE70024EFE77831002093
:10C650002C170020B8330020B033002038B5054631
:10C660004FF0FF324FF0FF330E48FEF72AFC95F8EB
:10C67000224014F001040FD029460B48FEF780FB3E
:10C6800018B1FEF701FCFEF793FC012495F8223067
:10C690006FF3000385F822300248FEF72EFC204697
:10C6A00038BD00BF2C170020B031002038B505463A
:10C6B000FEF709FC6C680CB194F80D4105F114000B
:10C6C000FEF71BFC204638BD38B504460D46FEF784
:10C6D000FAFB63680BB183F80D5104F11400BDE857
:10C6E0003840FEF70ABC70B506460D46FEF7EBFB78
:10C6F000746854B394F82F309A072CD56B1C08D16A
:10C700002388022B1BD094F85F30980729D400248B
:10C710001BE094F92D30AB4208D094F85F309907B4
:10C72000F5D594F95D30AB421BD0F0E72388022B9E
:10C73000F3D148F2FE03A2889A42EED104E048F217
:10C74000FE03A2889A42DED1043406F11400FEF7FB
:10C75000D4FB204670BD94F85F309A07D7D56B1C88
:10C76000DFD1238E022BD2D148F2FE03A28E9A4251
:10C77000CDD13434E9E72DE9F04107460E460E4CA1
:10C78000DFF83880444501D300250EE02046FEF74F
:10C790009AFB39462046FFF7A6FF054604F1140030
:10C7A00035B106B13460FEF7A8FB2846BDE8F0813C
:10C7B000FEF7A3FB3034E5E7FC1A0020FC1A00204A
:10C7C0002DE9F04104460E4648F2FE081F4D204F69
:10C7D000BD4207D246B1336833B1AB4204D03035E5
:10C7E000BD42F8D3002419E02846FEF76CFB6B68C5
:10C7F00005F1140033B393F82F20910711D593F965
:10C800002D20A2420DD11A88022A0AD19A884245C7
:10C8100007D01C1D06B13560FEF76FFB2046BDE852
:10C82000F08193F85F2092070CD593F95D20A24226
:10C8300008D11A8E022A05D19A8E424502D003F100
:10C840003404E7E7FEF759FB3035C1E7FC1A002056
:10C85000FC1A00200023F7B58DF8073048F2FE03DC
:10C860000A8804469A420D4621D00B78FF2B02D14C
:10C870004B78022B1BD0BCB1294620460DF1070294
:10C88000FEF71CFC04460BE0304629460DF107027A
:10C89000FEF714FC002818BF04463036BE42F3D31E
:10C8A000ACB1204603B0F0BD0D4E0E4FF6E79CB183
:10C8B00001212046FFF717FFE4E701212846FFF793
:10C8C00012FF04460028ECD13035B542F5D303B051
:10C8D000BDE8F04000F05CBF014D024EF5E700BF3F
:10C8E000FC1A0020FC1A002013B50146002001901C
:10C8F000FFF7B0FF044600F04BFF844205D1FEF77E
:10C9000023FD0190019802B010BD204601A9FEF759
:10C910000FFF019B002BF5D1F1E738B5D0F8F840B7
:10C920006508F1F747FB04EB4404C5EB5404B0FB86
:10C93000F4F303FB1400284438BD002070470020A6
:10C9400070470020704708B518B9BDE80840FEF7E9
:10C95000FBBC0388022BF8D10430FFF7C5FF002889
:10C96000F3D008BD10B50346FEF747FABDE8104006
:10C9700002681846104770B504460F4D4FF0FF335C
:10C980004FF0FF320D480E46FEF79BFA214605F5A3
:10C990001770FEF7F5F9D5F85C322360D5F86032F0
:10C9A000C5F85C420BB9C5F8604266600348BDE853
:10C9B0007040FEF7A2BA00BF783100202C1700208B
:10C9C00038B50446084D4FF0FF3328464FF0FF328C
:10C9D000FEF777FA21460548FEF7D2F92846BDE86A
:10C9E0003840FEF78ABA00BF2C170020D43300204D
:10C9F000F8B54FF0FF33054617460E484FF0FF32AB
:10CA00000E46FEF75EFA0C4BD3F85C320BB11C6895
:10CA100023B90848BDE8F840FEF76FBA3A463146F8
:10CA200028465B6898471CB1226823461446EFE706
:10CA30002246FAE72C170020783100200023F0B5B9
:10CA400085B005460C46CDE90033B9B31E4BD3F88B
:10CA50005C32ABB1896A94F82C2089B1062A0FD8D0
:10CA60000DF10A0630468DF8092019F0F9FB9DF802
:10CA7000093000968DF8043094F82D308DF805308B
:10CA8000092128466769FEF724FAC8B12846FEF74F
:10CA9000B4F92146436828469847061E02DA204624
:10CAA00001F0FFFD1FB131463846FEF7ABF9009BA0
:10CAB00023B1324669462846FFF79AFF05B0F0BD1C
:10CAC0006FF07206EBE700BF7831002010B50C461E
:10CAD00091F83D0002F0DAFA2146A069BDE8104065
:10CAE000ACE7F8B505460C464F69FEF7ECF90921AD
:10CAF0002846FEF7EEF950B96FF072061FB13146C5
:10CB00003846FEF77FF9A36A7BBB02261EE00421AC
:10CB10002846FEF7DEF90028EED101212846FEF76F
:10CB2000D8F948B9236A3BB9A3691A681269226225
:10CB30001B681B7D84F8243094F833305B09022B8A
:10CB40000AD021462846FFF7C1FF002605F1140050
:10CB5000FEF7D3F93046F8BD204604F056FD022812
:10CB6000064609D16FF00406C8E73246284604F1AC
:10CB70002801FFF73DFFC8E70028E7D1E1E70146BC
:10CB800080695BE70120704701207047074B98429E
:10CB900008D3074A904205D2C01A064B00115843E9
:10CBA000013070474FF0FF30704700BFFC1A002083
:10CBB000FC1A0020ABAAAAAA002307B501A9019379
:10CBC000FEF7B6FD28B1019803B05DF804EBFFF75E
:10CBD000DDBF03B05DF804FBF8B505460E46054C15
:10CBE000054FBC4200D3F8BD20463146A84730343B
:10CBF000F7E700BFFC1A0020FC1A002038B50546F4
:10CC0000FEF761F900212846FEF763F9C0B928460E
:10CC1000FEF7F3F8044630B1846824B101212846B8
:10CC2000A047041E06DB28680021FEF75BF92846B2
:10CC3000FEF7D8FF05F11400FEF75FF9204638BD76
:10CC40006FF07704F6E72DE9F0410546FEF73BF972
:10CC500000212846FEF73DF990B36F68AFB10C464E
:10CC60004FF0180807F1640608FB047393F874305A
:10CC7000DA0705D59B0703D53146284605F023F88A
:10CC80000134032C06F11806EED12846FEF7B5F85C
:10CC9000044630B1846824B100212846A047041E10
:10CCA00007DB286800210C30FEF7FBF82846FEF76A
:10CCB00099FF05F11400FEF720F92046BDE8F08148
:10CCC0006FF07704F5E710B50446FEF7FCF820682E
:10CCD00009210C30FEF75AFA10B92046FEF782FF00
:10CCE00004F11400BDE81040FEF707B910B5044682
:10CCF000FEF7E9F8206809210C30FEF75CFA10B164
:10CD00002046FEF76FFF04F11400BDE81040FEF767
:10CD1000F4B810B50446FEF7D6F820680A210C30A6
:10CD2000FEF734FA10B92046FEF75CFF04F1140058
:10CD3000BDE81040FEF7E1B810B50446FEF7C3F8B1
:10CD400020680A210C30FEF736FA10B12046FEF7B3
:10CD500049FF04F11400BDE81040FEF7CEB80020F2
:10CD6000704700207047F8B50E46174688B181B16C
:10CD7000002A0EDD00F10805284619F0E1F9874286
:10CD8000044609DD421C2946304619F069FA20465E
:10CD9000F8BD6FF01504FAE76FF02104F7E738B536
:10CDA0000C46054668B161B1084619F0C9F9082872
:10CDB0000AD8421C214605F1080019F051FA00205A
:10CDC00038BD6FF01500FBE76FF05A00F8E770B55B
:10CDD0000546B8B10D4C0E4EB44202D36FF00100BF
:10CDE00070BD284619F0ACF92946024604F1080046
:10CDF00019F0B9F920B92046BDE87040FFF7C6BE6A
:10CE00003034E9E76FF01500EAE700BFFC1A0020B4
:10CE1000FC1A00202DE9F0434FF0FF324FF0FF33B2
:10CE2000374885B0FEF74DF8002502F039F9354C4A
:10CE3000DFF8D480354FDFF8D890444534D36DB354
:10CE40000025324C334904F1780012F0A3FE324938
:10CE500004F5E870C4E91C5512F09CFE2F4904F15A
:10CE60000800C4E9725512F095FE2D4904F50270D0
:10CE700012F090FE402384F8C13147F2305304F1A0
:10CE8000B400C4F8AC31FFF748FD2649C4F8B0013E
:10CE900004F1400012F07EFEC4E90E55184805B0BA
:10CEA000BDE8F043FEF729B8206803689E685EB1CC
:10CEB00033684BB10721FEF715F804F1140011F0A7
:10CEC000B9FF2046336898470922002104F1080081
:10CED00019F0D1F90023CDE901338DF80C30D7F8E2
:10CEE000643208215A1CC7F8642201A84A46E7F7B1
:10CEF000CBF9204601A9FFF752FF013530349CE7FA
:10CF00002C170020FC1A0020FC1A00207831002089
:10CF1000571C0400B9B7010001B60100FFAE0100C3
:10CF200031BF0100E3B1010038B5074C074DAC42F9
:10CF300000D338BD03212046FDF7CBFF10B92046B2
:10CF4000FFF75CFE3034F2E7FC1A0020FC1A0020E8
:10CF5000431E012B10D8112916D007DC012915D04A
:10CF60000C4B0D48062918BF18467047094B0B4853
:10CF70003A2918BF18467047042809D1054B0848BC
:10CF8000012918BF18467047064870470648704781
:10CF900000487047821C04006B1C0400731C0400D2
:10CFA0007A1C04006F1C0400641C040010B50446C5
:10CFB0000809B3B1092812D9A2F10A031844C0B272
:10CFC00004F8010B002301F00F01092983BF0A3A7D
:10CFD0008918C9B2303121706370601C10BD3030C7
:10CFE000EEE70028E6D1EDE72DE9F04115460646CB
:10CFF00010B30229DCB202D0082918BF062114B9E7
:10D000000020BDE8F08128464FF03A087718012348
:10D0100016F8011B4122FFF7C9FF033CBE4203463D
:10D02000E4B200F8018B01D0002CF0D18542E7D0AA
:10D03000002228461A70E4E70048E2E78C1C04004E
:10D0400000232DE9F04F022889B005468846934613
:10D05000CDE906334DD106A8049101461A4606E0F3
:10D060000C78013201340C70D4B2082C03D038F89B
:10D070001240002CF4D00133082B01F10101EDD155
:10D080004FF0FF370126002310F8012BB24288BF72
:10D090005FB203F10103DBB288BF1646082BF3D160
:10D0A0009A46012E4FF03A0308BF4FF0FF37019325
:10D0B0000022584614461346BAF1040F58D118F806
:10D0C0000310034619BB302103F8021B019941707C
:10D0D00018460134E4B254452346EDDB58450AD0E6
:10D0E000012D4FF0000340F0898000F8013C5846C4
:10D0F00002E0012803D0002009B0BDE8F08F2E2304
:10D100004FF0040A4FF0FF3706460193D0E74FF087
:10D11000000E4FF0090CCDF808E0DFF8E4E0B1FBB9
:10D12000FEF90391CDF814900EFB1911DDF808906B
:10D13000CC4503DBDDF80C90F14507D3DDF8149006
:10D14000CDF808C009F1300903F8019B4FF00A0936
:10D150000CF1FF3CBCF1FF3FBEFBF9FEDFD100212B
:10D1600019701B1A50FA83F0019B00F8013BB0E7DD
:10D170009F420DD102B914B93A2300F8013B4FF098
:10D180003A0300F8013B731E23440022DCB2A0E7FF
:10D190001AB14FF03A0300F8013B049B33F8142016
:10D1A00052BA12F47F4FC2F307235FFA82F916D006
:10D1B0000F2BD9B20AD900236122FFF7F7FE012312
:10D1C00061224946FFF7F2FE012282E7092B04D8CB
:10D1D0003031C9B200F8011BF1E75731F9E7B9F175
:10D1E0000F0FEDD8B9F1090F94BF09F1300909F11A
:10D1F00057095FFA89F900F8019BE5E7037076E7C4
:10D2000000CA9A3B10B4084C2368013344F8043B2D
:10D21000032293FBF2F202EB42029A1A282303FB49
:10D22000024210BCFFF70CBF2046002001282DE968
:10D23000F7430C46164628D1084618F081FF2346CE
:10D240002044834214D130460422002119F013F8FF
:10D25000751E033620460A2201A918F013FC019C12
:10D2600005F8010FB54204F10104F3D1002009E0F3
:10D2700013F8012BA2F130010929E2D92E2AE0D0BE
:10D280006FF0150003B0BDE8F0830228F8D12E211D
:10D29000204618F03AFF237800280CBF08270627FD
:10D2A0003A2B08BF0134204618F04AFF00224349B8
:10D2B000824223DB0025A8462378002BE0D03A2BBE
:10D2C00041D010220021204618F0DCFB10228146BC
:10D2D0000021204618F0D6FBC9F3072949EA0029A6
:10D2E00026F815903A21204618F00FFFD8B1441CBB
:10D2F0000135AF42E0DC062FB8D13EE0A35CA3F1DC
:10D300003005092D09D9462B09D82D2BB8D92E3B2C
:10D31000DBB221FA03F3DB07B2D50132C8E7613B88
:10D32000052BFAD9ACE77B1EAB42A9DC0135AF4235
:10D33000A6DC062F9AD1A3E706EB450306F8158075
:10D3400083F801800135BD42F6DB3A21204618F012
:10D35000EAFEA04229D1062F0ED06378002B85D09B
:10D360007D1E013010F8013D3A2B01D1013D87D3DC
:10D370008442F7D10134BBE7013400250B36237812
:10D38000002B3FF47DAF00210A22204618F07AFBE3
:10D390002E2106F8010F204618F0B7FE50B10135D6
:10D3A000042D00F10104EAD160E7062F08BF00F167
:10D3B000FF30D5E7032D7FF463AF57E70110F80185
:10D3C0002DE9F04111F001064BD1334640BA80B24D
:10D3D0008C0708D5012A06D931F8024B023A2418E5
:10D3E000204643F100030D4694464FF0000EBCF179
:10D3F0000F0F05F1100540D86FF00F05140905FB5C
:10D40000042217464FEA041C01EB0414032F4AD8E8
:10D410006FF00305940805FB04242A406244012CA4
:10D4200001EB020506D98A5A023C1218104643F154
:10D4300000030235012C07D12A78E90748BF120200
:10D440001218104643F10003020C42EA0342190C81
:10D4500052EA134380B22ED10EB940BA80B2BDE871
:10D46000F0810023002ABED011F8014B013A2402BA
:10D470002418204643F10003AAE755E90447E419BC
:10D4800055F8087C4EEB0E08E41955F8047C48F179
:10D490000008E41948F1000724182046ACF1100CEC
:10D4A00043EB0703A3E754F8045B043F2D18284619
:10D4B00043F10003AAE7801841F10003C4E72DE916
:10D4C000F04790F8333005465B09022B72D10022F9
:10D4D0008368002B43D1D5E9038795F8323028467D
:10D4E000CC1AEB8EE41A144401F0E8F995F83330C5
:10D4F00095F8321003F0010643F0010385F833304C
:10D50000A4B22039284601F031FB202229692046A7
:10D51000FFF756FFE98E04462031284601F026FB2E
:10D52000EA6862B12B6953B1B2F81090D2689B1AC5
:10D53000A9EB0309D5F80CA0BAF1000F13D1002C08
:10D5400035D064BAA4B2E04395F83330C5E9038717
:10D5500066F3000385F8333080B2BDE8F087188A9F
:10D560005B680244B5E720464A462969FFF728FF71
:10D57000DAF804300446EB60002BE0D01A8A002A67
:10D58000DDD0DA6819F0010F2A610DD0117801326F
:10D590000C44A4B22A61A142B3F8109084BF0134B4
:10D5A000A4B209F1FF39C5E7B3F81090C2E74FF60E
:10D5B000FF74C8E70020D0E72DE9F0470C46174676
:10D5C00005468EB0002800F08D80002900F08A808A
:10D5D0000078002867D05B282CD02A460023481901
:10D5E00012F8011B21B13A2908BF01338242F7D159
:10D5F000012B77D02E2C28BF2E240026AB5D1BB12B
:10D600000136B442FADC264600243246294602A8F6
:10D6100018F026FE06F138030DEB030606F8304C31
:10D6200002203A1D02A9FFF701FEA0425ADB0223A5
:10D630003B8037E02E290B464FF0000628BF2E23F3
:10D64000AA5D1AB10136B342FADC1E4632465D21AC
:10D65000284618F019FE8046002843D0691CA0EB2C
:10D66000010AB245A8BFB24600260DF1080952468C
:10D67000484618F0F5FD0AF138036B4403F8306CA6
:10D68000022049463A1DFFF7D1FDB0422ADB0223B2
:10D6900025443B8008F10103AB4203D298F80120F6
:10D6A0003A2A03D001200EB0BDE8F087033CA4EB7A
:10D6B0000A0408F10201B44216DC26463246484606
:10D6C00018F0CEFD06F138030DEB030500230A2206
:10D6D00005F8303C484601A918F049FA019B4B4532
:10D6E00008D138B90020DEE713F8012F002AE5D071
:10D6F0000136E0E79DF80820002AF3D01B78002BC4
:10D70000F0D1B0F5803F83B2ECD25BBA7B80C9E741
:10D71000F7B504460E4615460027284618F010FDBA
:10D72000B8420AD832460021204618F0A4FD26440B
:10D73000B4420ED1002003B0F0BDEB5DA3F1300286
:10D740000A2A04D923F02003413B052B0CD80137CA
:10D75000E3E72846102201A918F094F9019D04F886
:10D76000010B01350195E3E76FF01500E3E70428AD
:10D770009ABF024B53F820000020704734DC0300AE
:10D780000048704748DC0300004870474CDC030049
:10D790000048704750DC03000268034642B9406805
:10D7A00040B99A683AB9D868B0FA80F04009704731
:10D7B00000207047104670472DE9F04106460F469D
:10D7C0001546114C04F54678B4F88030DB0705D4D3
:10D7D00084344445F8D10020BDE8F081B4F87E30AF
:10D7E000B342F5D1638DBB42F2D12B88022BEFD12E
:10D7F000E06A0028ECD01022291D18F00AFD00284C
:10D80000E6D16FF01000E7E79C460020F8B505462A
:10D810000E46084FF0F7CEFB40EA070464BAA4B204
:10D820003246214695F87E00FFF7C6FF1130F1D051
:10D830002046F8BD0080FFFF11F00CBB11F086BB45
:10D840002DE9F347294C0E46174698460025A24677
:10D85000B4F88030DB0721D5E36C98421ED18423D5
:10D860005D4305F10C0454444FF0FF334FF0FF3299
:10D870002046FFF7E1FFB069FFF788F90AEB0509D9
:10D8800089F88200C6F81490D9F85030CBB92046F8
:10D89000FFF7D4FF022002B0BDE8F0870135062D66
:10D8A00004F18404D4D14FF0FF324FF0FF330C2049
:10D8B000FFF7C2FFB069FFF769F9002383F88230F0
:10D8C000FFDE05F15C00504411F02CFD20460024E1
:10D8D000FFF7B4FF0A9B00940193484643463A463B
:10D8E0003146D9F85050A8472046D4E79C4600203E
:10D8F00049BA08B589B2FFF75FFF003818BF0120A9
:10D9000008BD02282DE9F84F8B469046994605D868
:10D9100060B96FF069042046BDE8F88F033801282C
:10D920008CBF6FF069046FF05F04F4E7012800F02A
:10D930008880012906D0062A00F08680022904D0BA
:10D94000032904D06FF06A04E5E7112A7CD1B9F10C
:10D95000000F7CD04FF0FF334FF0FF323D4811F005
:10D9600007FD3D4B4FF0000A1F46B3F8804014F00E
:10D9700001040CD00AF1010ABAF1060F03F1840385
:10D98000F3D16FF00104334811F0CCFCC3E78422DB
:10D9900002FB0AF57E192146304618F06CFCFDF7B3
:10D9A000D3FCFF23012186F88230A6F8804006F1DF
:10D9B0000803D3E8EF0FC3E8EC1FBCF1000FF8D168
:10D9C000842202FB0A7A0BF1FF33022BBAF8803073
:10D9D00098BF4FEA8B141C4344F01004AAF880400F
:10D9E00005F1340005F128043C4418220021384494
:10D9F000AAF87E8018F03FFC0C220021204618F087
:10DA00003AFC21463046FFF701FF6080B0B105F1D6
:10DA10005C004FF0FF320121384411F06BFC05F13E
:10DA20000C00384411F006FABAF88030002443F0B4
:10DA30000103AAF88030C9F80060A4E76FF06F0412
:10DA4000A1E76FF05F0466E76FF07A0463E76FF0B9
:10DA5000150460E7B44900209C46002000F108034B
:10DA6000D3E8EF0F0130C3E8E20F002AF8D1704786
:10DA700038B5044600F10803D3E8EF0F421EC3E8AF
:10DA8000E12F0029F8D1012801D0013838BD04F177
:10DA90000C0528464FF0FF324FF0FF33FFF7CCFE66
:10DAA000E06C18B101F064FC0023E364B4F880304A
:10DAB000284623F00703A4F88030FFF7BFFE0020BC
:10DAC000E4E770B50446D8B10F4B834218D803F58C
:10DAD0004673984214D2002500F10C064FF0FF3235
:10DAE0004FF0FF333046FFF7A7FE2046C4E9145538
:10DAF000A565FFF7BDFF3046FFF7A0FE284670BDC5
:10DB00006FF01500FBE700BF9C460020F7B5C46C22
:10DB100005460E46002C5BD10B88022B5BD1172AE1
:10DB2000019458D9B0F880301B0504D590F98200D3
:10DB3000FDF79CFB01903379371DFF2B0AD1384646
:10DB400001A9FEF769FA00283AD16FF001042046D6
:10DB500003B0F0BD3846FFF71FFE019B48B323B961
:10DB600005F13800FEF7C0FE0190FFF711FE0446F4
:10DB7000019B53B305F10C074FF0FF324FF0FF3319
:10DB80003846FFF759FE0198FFF700F885F8820044
:10DB90000220EC6228857188A1B13246FFF70CFEA5
:10DBA000044610B973886B8500243846FFF746FE9B
:10DBB000CDE703B901AC21463846FDF7B9FDC2E710
:10DBC000041DD5E76B8D7380EEE76FF07C04BEE734
:10DBD0006FF07E04BBE76FF01504B8E710B5B0F83E
:10DBE00080300446C3F3C203022B86B019D1C26A47
:10DBF000AAB9ADF80030FFF7CBFD1022014601A80D
:10DC000018F02EFB69462046FFF700FE1822ADF8FB
:10DC1000020069462046FFF779FF06B010BD0020DC
:10DC2000FBE76FF01500F8E710B5B0F88030DB07C0
:10DC30000ED500F10C044FF0FF324FF0FF332046B9
:10DC4000FFF7FAFD2046FFF7F9FD6FF05E0010BD0B
:10DC50006FF00800FBE770B50C4605461E461146FE
:10DC600002B9C16A0846FFF797FD10B90B78FF2B80
:10DC700004D13146A069FEF7EDFD014695F88330E9
:10DC800094F83C0084F8353095F87C3032469B0897
:10DC900063F3050084F83C0095F87C3063F387104B
:10DCA00084F83C0095F87C3020465B0984F83D30D0
:10DCB000BDE8704002F0DEB82DE9F74F8846B0F8B5
:10DCC00080100546C80717461C469DF83C200C9B53
:10DCD00040F1F6803AB133B95CB9B8F1000F0BD11D
:10DCE0006FF078046AE0002CFAD0C1F3C202022A75
:10DCF00051D06FF0150461E0C1F3C203022BF8D1DB
:10DD0000D8F800402CB1C146D8F80430172B03D8FE
:10DD1000EFE7C14605F1340404F1040A5046FFF769
:10DD20003BFD0028DCD105F13800FFF735FD40B19F
:10DD3000090506D45046FEF7D7FDFEF727FF85F804
:10DD40008200B9F1000F05D027B93B46D9F80C1075
:10DD5000994223D195F98200FDF788FA30BB0D9BDB
:10DD600095F982006B650E9B6B60FDF77FFA4FF4AF
:10DD7000004B4FF0000CB5F88020CDE900BC3946CF
:10DD800095F87E30C2F3C20200F09EFE064600BB4C
:10DD90006FF0680412E04FF00009B7E7D9F80820E7
:10DDA00002EBC302526801331744D1E703680C3316
:10DDB000D3E8AF3FDA0705D46FF07204204603B012
:10DDC000BDE8F08F03680C33D3E8AF3FDB05C6D462
:10DDD000F2E7456195F87E1000F018FD87422FD8D4
:10DDE000B5F87E30112B63D1B5F88030C3F3C20390
:10DDF000022B60D15346002231462846B4F802B0C7
:10DE0000FFF729FF041E17DB2846FFF7E7FE04464D
:10DE100080B95A463046698D19F07AF8044648B9F7
:10DE2000BA46B9F1000F27D13A464146304601F0D3
:10DE3000D5F80446002C23DA304600F032FCBDE76A
:10DE4000B5F88030C3F38113022B2ED00746C7E705
:10DE5000D9F80830304603EBC402526853F8341046
:10DE6000524528BF5246904601F0B8F8002825DBFD
:10DE7000BAEB080A04D00134D9F80C309C42E7D33D
:10DE8000304600F01BFDB5F88030C3F3C203022B0F
:10DE900004D1304695F87E1002F035F8304618F07F
:10DEA0001DFF041EC8DB3C4688E76FF00B04C3E788
:10DEB0006FF07A04C0E76FF01504BDE70446BBE7D6
:10DEC0006FF008047AE72DE9F041044600F10C07F1
:10DED00090461E464FF0FF324FF0FF3338460D4656
:10DEE000FFF7AAFCB4F88030C3F34101012949D0FF
:10DEF000DA074AD52A88C3F3C2039A424BD10329D1
:10DF000046D0022A47D1B8F1170F44D9B4F87E3071
:10DF1000062B03D194F83830FF2B3FD004F138089A
:10DF200010224046291D18F09BF96B884046E38675
:10DF30000223A386FFF730FCB4F88020F8B942F43E
:10DF4000807292B22046A4F88020FFF747FE054673
:10DF500078B902232385E36A002BFFD0B4F8803020
:10DF6000C3F38113022B1CD11EB100212046089A55
:10DF7000B0473846FFF762FC2846BDE8F08122F43E
:10DF80008072DEE76FF07705F3E76FF00805F0E7E2
:10DF90006FF05E05EDE76FF01505EAE76FF07C05C1
:10DFA000E7E76FF08505E4E738B5B0F88030044660
:10DFB000DB0721D500F10C054FF0FF324FF0FF33A6
:10DFC0002846FFF739FCB4F88030C3F34102032A36
:10DFD00003D0C3F38113012B0BD1B4F87E30062B91
:10DFE0000CBF6FF07A0400242846FFF727FC204678
:10DFF00038BD6FF01504F7E76FF00804F7E72DE977
:10E00000FF41044600F10C073846164698464FF08B
:10E01000FF324FF0FF330D46FFF70EFCB4F88000DF
:10E02000C3051CD5E38ED3B10022C0F3C200022881
:10E0300014BF0023182303920C9A2046CDE90182D5
:10E040000093324604F134032946FFF735FE0446B7
:10E050003846FFF7F3FB204604B0BDE8F0816FF0CF
:10E060007804F5E7F0B500F10C0785B004461E46CC
:10E0700038464FF0FF324FF0FF330D46FFF7DCFB21
:10E08000012303930C9B2946CDE90163002320461D
:10E090001A460093FFF710FE04463846FFF7CEFB02
:10E0A000204605B0F0BD2DE9FF4100F10C08044603
:10E0B00016461F4640464FF0FF324FF0FF330D46E5
:10E0C000FFF7BAFB012303930E9B324602930B9B8F
:10E0D000294601930A9B204600933B46FFF7ECFD3F
:10E0E00004464046FFF7AAFB204604B0BDE8F08195
:10E0F0002DE9F0431F46B0F880300446DB0789461F
:10E10000904691B040F18D8000F10C064FF0FF3346
:10E110004FF0FF323046FFF78FFBB4F87E30112B03
:10E120007CD1162200210DF12A0018F0A4F8B4F8D1
:10E130008030E06CC3F3C203ADF8283018B101F0B1
:10E1400017F90023E3642046FFF748FD0546002841
:10E150003FD1B4F88030C3F3C203022B5CD1E36A31
:10E160008BB106AD2A4603F1100EAC46186859680B
:10E170000833ACE8030073456546F6D10FCA0BAD12
:10E1800085E80F000AAB658DADF82A5004F14C0C00
:10E19000B4F88020B4F87E00C4F85090CDF814C0D4
:10E1A000DDF860C06DBACDF810C0DFF87CC0ADB24C
:10E1B000CDE9024C0195E58EC2F3C2016DBA12F4AD
:10E1C0008072ADB2009518BF04F1340200F0E0FF98
:10E1D0000546002D19DB58EA070316D05C342046AB
:10E1E00011F0EEF83046FFF729FB42463B46204649
:10E1F00011F0BEF84FF0FF320B304FF0FF333046D6
:10E2000008BF6FF07305FFF717FB3046FFF716FBEB
:10E21000284611B0BDE8F0830346B7E76FF06A0502
:10E22000F3E76FF00805F3E741D8010010B500F1FE
:10E230000C044FF0FF324FF0FF332046FFF7FCFA9B
:10E240002046FFF7FBFA6FF07A0010BD2DE9F04190
:10E250000D4617461E46044640B31649814225D84E
:10E2600001F54671884221D200F10C084FF0FF32CF
:10E270004FF0FF334046FFF7DFFA072D03D85DB1BB
:10E280006FF0850409E0082D06D1042E3B680AD101
:10E29000FF2B08D884F87C3000244046FFF7CEFAE4
:10E2A0002046BDE8F0816FF01504F6E76FF0150425
:10E2B000F6E700BF9C4600202DE9F0410D461746C9
:10E2C0001E46044620B3144B834221D803F54673FF
:10E2D00098421DD200F10C084FF0FF324FF0FF338F
:10E2E0004046FFF7A9FA072D03D855B16FF0850412
:10E2F00008E0082D05D194F87C303B600EB1042372
:10E30000336000244046FFF799FA2046BDE8F081CB
:10E310006FF01504F9E700BF9C4600202DE9F0419D
:10E32000074688464FF0FF324FF0FF33104811F098
:10E330001FF800260F4CB4F88030DB070ED504F12F
:10E340000C054FF0FF324FF0FF332846FFF774FA09
:10E3500020464146B8472846FFF770FA0136062E98
:10E3600004F18404E7D1BDE8F041014810F0DABFC0
:10E37000B44900209C460020B0F88030C3F341032C
:10E38000013BDBB2022B9ABF024A52F8230002483B
:10E39000704700BF70DC0300CC1C04004FF0FF325C
:10E3A0000121014810F0A6BFB449002038B5044649
:10E3B0000D46C3685868E06030B14DB10C3018F0BC
:10E3C0002BFCE3680028F5D0E3681BB9236138BD56
:10E3D000008AF6E7DB68F9E738B50446C0680D4601
:10E3E00080B169B10C3018F017FCD4E90323D2686E
:10E3F0009B1A834206D129462046BDE83840D5E71E
:10E40000008AF2E738BDF8B5044694F83330164672
:10E41000DA070F46C06814D49EB10C3018F0FCFB2C
:10E420000546D4E90303C2689B1A3B44AB4210D1B2
:10E4300094F83330DB0707D431462046BDE8F84076
:10E44000B4E70026058AECE70C3018F0E5FBA8429B
:10E45000F2D923693B442361F8BD2DE9F04F002434
:10E46000264685B0824602A80D4693461F4612F006
:10E47000ADFCDDE902895A463B4650460194FCF763
:10E48000F1FA0199044628B9CEB90026304605B004
:10E49000BDE8F08F06B981B14C60638A4246AB4259
:10E4A00088BF6582638A02A8ED1A4B4612F0B2FC5F
:10E4B000DDE902B7002DDED1E8E70646EDE730469C
:10E4C000FCF719FBE1E70346002003B970471A8AFD
:10E4D0005B681044F9E72DE9F84304460F461646F9
:10E4E00099469DF82080E368002B00F083800EB9E8
:10E4F000304684E094F83330204613F0010F0CBF0F
:10E5000041460021FFF768FFE068002875D0B8F1A8
:10E51000000F1ED094F83330DD071AD40C3018F0F9
:10E520007BFBD4E90323D2689B1AC51A002D64D063
:10E53000B54228BF3546B9F1000F2ED07FB9B8F1EA
:10E54000000F43D1424629462046FFF75CFF0027D3
:10E5500031E02369C268058A9B1AED1AE6E72A466C
:10E560002069B8F1000F0DD0394617F079FE94F804
:10E570003330D90730D5012229462046FFF743FF23
:10E580004FB9E4E70146384617F06AFE424629468D
:10E590002046FFF738FF2F440DE077B12A4639684F
:10E5A000206917F068FEB8F1000F09D142462946EC
:10E5B0002046FFF728FF761B95E7B8F1000FC1D082
:10E5C00094F83330DB0707D50122F0E794F83330B5
:10E5D000DA0701D50122B6E7E06829460C3018F0C9
:10E5E000ADF8424629462046FFF70DFFB9F1000F6E
:10E5F000C6D1E0E7002E3FF47BAF6FF06800BDE8C6
:10E60000F8832DE9F04106460F4615461C4610F0EA
:10E61000B1F808B100252C46802F06D82A4623469B
:10E620003046BDE8F041FCF71DBA0020BDE8F0819E
:10E6300001460148FFF7E5BF841A00200146014862
:10E64000FFF7DFBFB81A002010B40446084664681C
:10E6500004498C4202D110BCFFF7EABF10BCFFF79F
:10E66000EDBF00BF3C16002010B580B100F11C03C7
:10E67000D3E8AF2F5AB1511CD3E8EF4F944204D1E5
:10E68000C3E8EC1FBCF1000FF6D1F1D110BD0020A2
:10E69000FCE708B1FCF762BA704708B1FCF72BBA87
:10E6A000704710B50446D8B100F11C02D2E8AF3F64
:10E6B000B3B1591ED2E8EF0F984204D1C2E8EC1F63
:10E6C000BCF1000FF6D1F1D1012B09DCA06808B133
:10E6D000FFF7E3FF21466068BDE810400FF0C0BFC0
:10E6E00010BD10B504460846A168914200D120B182
:10E6F000BDE810401146FCF7C1BAFCF7BFFAA060B4
:10E7000010BD10B5034680680C4608B9996010BD6D
:10E71000FCF792FA2146BDE81040FCF793BA38B5F1
:10E72000044608460D46FCF787FAA3684360A560D7
:10E7300038BD2DE9F04106464FF0000884680CB959
:10E74000BDE8F081636863B304F10C0738461D8AA5
:10E7500018F05AFA854203D9384618F055FA05469A
:10E76000E3686168208A2A461844C96817F078FD72
:10E770002946384617F0E2FF6368D8681A8A4119BB
:10E78000521B17F056FD62683846138A5B1B1382D2
:10E7900018F03AFA70B1214630466268FFF7A1FFDF
:10E7A000D0E7238A33B9224641463046BDE8F041DE
:10E7B000FFF797BFA0466468C1E710B508B1064CE3
:10E7C000046009B1054808600AB1054911600BB140
:10E7D000044A1A6010BD00BF3C16002060160020DD
:10E7E000841A0020B81A002070B5044630B1002603
:10E7F000856825B9A068FFF766FE301A70BD05F17F
:10E800000C0018F009FA6D680644F2E738B50546C1
:10E8100050B190F833408068640906D1FFF753FE89
:10E820002846FFF7E1FF001B38BD022C0CBF28244F
:10E830000024112907D10834FFF745FEA0422CBF60
:10E840000024241AECE7012901D03A29F4D1043438
:10E85000F2E7F8B5044680680027054600B9F8BD20
:10E86000038A46683BB9A368834207D1A660476024
:10E87000FCF741F9284605463046EFE76B688342CE
:10E8800008BF6E60F3E710B584682046FFF71BFEF3
:10E89000884210D3411A4CB1238A60688B4207D357
:10E8A000218218B1FFF7F9FE00236360002010BD3C
:10E8B0000446C91AEFE76FF01500F8E78368C360F4
:10E8C00003B1DB680361704773B5044616461D4605
:10E8D0000FF050FF08B1002635462B463246204641
:10E8E00001A90FF08FFE0546D0B9402201460198DC
:10E8F00017F0C1FCFF220123019880F83B20094A50
:10E90000C3619442446005D180F83D30FFF7D6FFE3
:10E9100002B070BD044B9C4208BF80F83D50F5E743
:10E920000020F5E7601600203C16002002460B464A
:10E930000048C9E76016002000B1C5E770470246ED
:10E940000B460148C0E700BF3C16002010B50C463E
:10E95000FFF7BAFF38B184612CB123685B7D80F882
:10E96000253080F82D3010BD01460148EEE700BF8C
:10E970006016002001460148E8E700BF3C16002071
:10E9800010B582680C4622B98160BDE81040FFF7DF
:10E9900095BF1046FCF750F92146BDE81040FCF742
:10E9A00051B92DE9F041DDE906450746164688468E
:10E9B00021B91AB990F833305B0936D00FF0DAFE7E
:10E9C00008B1002400253846FFF70EFF97F83320E2
:10E9D000002833D1530933D0022B0CBF2823002346
:10E9E000112E25D1083308EB0301BB6952090BB185
:10E9F0001B681B8B022A25D1B3F5A06F38BF4FF4DB
:10EA0000A063181A814228BF014622462B467E6821
:10EA10000F4D1048104CAE4208BF2046FFF71DFDB9
:10EA2000014688B13846FFF7ABFF0020BDE8F08112
:10EA3000012E01D03A2ED6D10433D4E70023D2E7F9
:10EA40000346D0E70B46DCE76FF00B00EEE700BFB4
:10EA500060160020841A0020B81A00202DE9F04F1B
:10EA600004468B4685B0DDE9106702A815469A4634
:10EA700032463B4612F0AAF9DDE9028920463246C9
:10EA80003B465946FFF762FF0446C0B190F8333069
:10EA900042466AF3471380F8333002A84B4612F01F
:10EAA000B9F9DDE9026729462046CDE900679DF8FE
:10EAB0003820FFF776FF18B12046FFF7F2FD00245B
:10EAC000204605B0BDE8F08F30B585B00093DDE994
:10EAD00008451346CDE902450A4601460248FFF7BC
:10EAE000BDFF05B030BD00BF6016002030B585B059
:10EAF0000093DDE908451346CDE902450A46014683
:10EB00000248FFF7ABFF05B030BD00BF3C16002048
:10EB1000F8B506461C460F46E1B115460FF02AFE31
:10EB200008B100252C462A46234639460C4C776806
:10EB30000C4D0D48AF4208BF2046FFF78EFC04463F
:10EB400050B101463046FFF71BFF2046FCF774F832
:10EB5000802343820020F8BD6FF00B00FBE700BF6D
:10EB6000B81A002060160020841A0020012307B57F
:10EB7000009300230A461946FFF7ADFC03B05DF889
:10EB800004FBF8B513680E4617469BB190B1846834
:10EB900084B10025E268218A93420CD35018834245
:10EBA00009D89B1A59193046FFF788FEFFF7DEFF98
:10EBB00033693B60F8BD64680D44ADB2002CE9D107
:10EBC000F8E7F8B590F8333091F833205B0963F338
:10EBD000471281F83320436905464B6190F8323083
:10EBE0000C4681F8323090F83C2091F83C3062F3CA
:10EBF000050381F83C3090F83C3091F83C209B09AB
:10EC000063F3871281F83C2090F83D3091F834206E
:10EC100081F83D3090F83430C3F3400363F3410290
:10EC200081F8342090F83430D2B2C3F3C00363F3D8
:10EC3000C30281F83420038E0B868368FBB18B6896
:10EC4000EBB101F12007082200F1200104F12806B0
:10EC5000384617F005FB0822304605F1280117F069
:10EC6000FFFAAA68A3689A4209D03A462146284684
:10EC7000FFF787FF324621462846FFF782FF95F8C7
:10EC800033305B09022B0FD195F8353084F83530DD
:10EC9000EB8EE38695F83A3084F83A302B8F238751
:10ECA00095F83B3084F83B30F8BD1FB50123039144
:10ECB000009303A90023FFF70EFC05B05DF804FBE9
:10ECC000002307B500930123FFF705FC03B05DF8AF
:10ECD00004FB13B502220C4601A9FFF7F1FFBDF8B2
:10ECE00004305BBA238002B010BD13B502220C467B
:10ECF00001A9FFF7E5FFBDF80430238002B010BD85
:10ED0000042213B50C460DEB0201FFF7D9FF019B5E
:10ED10001BBA236002B010BDF8B506460F46144674
:10ED2000F368002B46D0FB68002B43D00CB920467B
:10ED300025E001213046FFF74FFB38460021FFF761
:10ED40004BFBF068C8B1FA68BAB1158A3B69D26862
:10ED50000C309B1AED1A17F05FFF0346D6E903202B
:10ED6000D268AC42A0EB0202A3EB020301D29C42A8
:10ED700006D39D4228BF1D461DB96FF06800F8BD3F
:10ED800025462A46396917F06BFA96F83330DB07C7
:10ED900004D4F06829460C3017F0D0FC0122294633
:10EDA0003046FFF730FB002229463846FFF72BFBA1
:10EDB000641BB5E7002CBAD0DFE738B51946054625
:10EDC0001046FFF7B3FD0446A0B1AB6983612BB1D8
:10EDD0001B685B7D80F8253080F82D30A868A06026
:10EDE000FFF757FC21462846FFF7EBFEEB68E36090
:10EDF0002B692361204638BD70B1C3685BB10069DF
:10EE000050B1D9681A8A401A101A5B6803B9704762
:10EE10001A8A1044F9E71846704783682BB900290D
:10EE200014BF6FF01500002070471A8A8A422ABF6B
:10EE30001982891A00215B68F0E770B504460D4617
:10EE400045B92046FFF73AFD002D14BF6FF068006A
:10EE5000002070BD00212046FFF7BEFAE1680029BE
:10EE6000EFD02269C8680B8A121A9A1AE9D0954223
:10EE70002E4628BF16469B1B921B0B8205D020698D
:10EE8000811917F0D6F9AD1BDAE7A06820B1436805
:10EE9000A3604260FBF72FFE2046FFF70FFDF2E76D
:10EEA00010B5C26803467AB1006938B19968002389
:10EEB0008A4204D1D268801A034498B210BD0C8AE9
:10EEC000496823449BB2F3E71046F7E72DE9F04386
:10EED00085B004460D4691469846FFF7E1FF074688
:10EEE000A068FFF7F0FA002394F83360A1690246A6
:10EEF000CDE9029828460093FFF7B0FD06F0010621
:10EF00000546F0B1D4E9039894F83330204643F035
:10EF1000010384F83330FFF7D1FCA068FFF7D3FA80
:10EF2000214602462846FFF7F7FE78B12846FFF74C
:10EF3000B8FB94F83330C4E9039866F3000384F80F
:10EF400033300025284605B0BDE8F08395F833300E
:10EF5000204643F00103294685F83330FFF731FEA0
:10EF60002846FFF7ABFC17B13946FFF7FFFD95F8D0
:10EF7000333066F3000385F8333094F83330C4E956
:10EF8000039866F3000384F83330DBE741689DE7BC
:10EF900000499BE73C16002010B590F8331004465A
:10EFA000C94301F00101FFF717FAE3685BB120697B
:10EFB00040B194F83320D2074CBF1A8A5A8ADB68D2
:10EFC000C01A101A10BD1846FCE710B50C46FFF722
:10EFD000E3FFA04234BF0020012010BD73B50369D8
:10EFE000044699420E4615460AD1FFF7D5FF8542E1
:10EFF00006D82946204602B0BDE87040FFF7B6BDEE
:10F0000001232A46314620460093FFF764FA02B0F6
:10F0100070BDF8B504464E680D46FFF7BDFF864249
:10F0200003D823692B60286810E094F833302968EE
:10F03000DB07F8D549B1D4E9037620466A68FFF7C3
:10F040003FFEC4E903760028EDD00020F8BDD1E9E9
:10F050000012FFF7C3BF704710B504464FF0FF32F0
:10F060004FF0FF33204610F0D4F80028F6D017F008
:10F070009EFEF3E7012070474FF48472024B02FBBF
:10F08000003010F050B800BFE0330020002070477F
:10F09000082828BF0020014B185C704710EC0300C3
:10F0A000704730B58BB0174C204610F000F84FF089
:10F0B000FF324FF0FF330025CDE906234FF0FF3339
:10F0C0000094CDE9033504F120004FF4BC62CDE992
:10F0D00001550D4B0D490FF067FC044678B12B46E6
:10F0E00008210B4A08A8E5F7CFF8204608A90FF039
:10F0F00085FB20460BB0BDE830400FF0E5BB0BB000
:10F1000030BD00BFE033002059F00100A87B002093
:10F11000001D04000268034642B9406840B99A687D
:10F120003AB9D868B0FA80F04009704700207047BB
:10F1300010467047102208B517F06BF8B0FA80F04F
:10F14000400908BD02460B4601480FF083BE00BFD0
:10F15000D816002001480FF0F9BE00BFD8160020D5
:10F1600010B504464422002117F085F84FF0FF3017
:10F170004FF0FF31FFF7E6FF044B1A6822605A6830
:10F180001C6002B95C60BDE81040E3E7D449002090
:10F190002DE9F74FDFF8D4B1019182464FF0FF31EE
:10F1A0004FF0FF3015461E46BDF83080BDF8347074
:10F1B000FFF7C8FFDBF8084014B1D4F8009084B919
:10F1C000FFF7C8FF4FF0FF304FF0FF31FFF7BAFFF6
:10F1D000DBF80040002C53D1FFF7BCFF6FF00100BB
:10F1E00049E0B4F8401051451FD194F84210019BFA
:10F1F00099421AD194F8431001F002019DB1A1B1D6
:10F200002988022911D1A18802290ED104F108010F
:10F21000281DFFF78FFF40B194F8431001F004015F
:10F220005EB9C9B101E00029F6D0B9F1000F25D0CF
:10F23000D9F800104C468946C1E70029F5D031883D
:10F240000229F2D1A18B0229EFD104F12001301D56
:10F25000FFF770FF0028E8D0E08898FA98F189B2AB
:10F260008842E2D1E08B79BA89B28842DDD1FFF7DA
:10F2700071FF6FF0770003B0BDE8F08F4946D9E722
:10F280000023DBF8041022688C4208BFCBF804206E
:10F29000CBF800202360FFF75DFF002D5DD02B88A9
:10F2A000022B5CD118222946201D16F0D9FF281DFB
:10F2B000FFF730FF80F001035B0143F002035FFAC8
:10F2C00083FBAEB13288022A49D11822314604F1BB
:10F2D0001C0016F0C5FF301DFFF71CFF08B94BF0EE
:10F2E000400B4BF0040B1DB129883288914236D176
:10F2F000B8F1000F05D098FA98F84BF0080BA4F875
:10F3000006801FB17FBA4BF0100BE783019B0F9A69
:10F3100084F842300E9B6263A363109A119BE263F0
:10F3200084F843B0A4F840A003B11C6094F84330C3
:10F330004FF0FF3043F0010384F843304FF0FF31CA
:10F34000FFF700FF094B9A682260DA689C6002B9F7
:10F35000DC60FFF7FFFE00208DE7AB46B1E72046FB
:10F36000FFF7FEFE6FF0150085E700BFD4490020CF
:10F3700038B51C4D044605F1100398422BD305F512
:10F380009073984227D890F84330DB0726D54FF08A
:10F39000FF304FF0FF31FFF7D5FE0022AB6853B1CD
:10F3A0009C4215D123686AB9EA68AB60944200D1E7
:10F3B000EB6000232360FFF7CDFE2046FFF7D0FE71
:10F3C000002038BD1360EB689C4208BFEA60F0E79C
:10F3D0001A461B68E3E76FF01500F2E76FF00100D3
:10F3E000EFE700BFD44900200A4B98420BD303F546
:10F3F0008873984207D890F84330DB0706D54163FD
:10F40000C263002070476FF0150070476FF0010075
:10F41000704700BFE44900202DE9F04F9A4690F86C
:10F42000333089B05B090393013B012B05468846C5
:10F43000059200F2C3801346112A15BF4FF0000B4E
:10F44000DAF80030CDF810B01A8804BF0492B3F88F
:10F4500002B0039B022B30D1086800210830FCF772
:10F4600067F90446D8F8000000F118010830FFF7EA
:10F4700061FE00B91CB1049B5B4500F09F80D8F889
:10F48000003093F81890A9F1FF01D1F1000949EB80
:10F4900001090027614B3E469C684FF0FF330693FD
:10F4A00074B9B9F1000F00F09D80002F00F0A78023
:10F4B0002846FFF7F6F8204681E04FF00009E8E71C
:10F4C000A36B002B40D194F84230002B4BD1B4F801
:10F4D0004030059A934244D1E38813B1049A934291
:10F4E0003FD1E38B0BB15B453BD194F84330980798
:10F4F0003DD494F84330590716D5A38B95F83320A3
:10F50000B3EB521F2DD1022B0ED104F1200318466C
:10F51000D8F800100793FFF7FDFD28B9079B1831B5
:10F520001846FFF707FEE0B1002E3AD194F84330B9
:10F53000069A03F078039A4213DAB9F1000F35D135
:10F540001BB2264606930CE0B3F880201205BAD50C
:10F55000AA6993F982000792FBF788FE079A824214
:10F56000B1D024689CE7039A9A42B0D0F9E7A38807
:10F5700095F83320B3EB521FF3D1022BB9D104F12C
:10F5800008031846D8F800100793FFF7C3FD0028BA
:10F59000AFD1079B08311846FFF7CCFD0028A8D152
:10F5A000DFE796F843301A07DBD4BFE740F6CD42D9
:10F5B00000232846FFF7EAFC074618B9022009B0E5
:10F5C000BDE8F08FE36B0146009342465346204668
:10F5D000D4F834C0E047022802D13846FFF761F87A
:10F5E0004F46BEE76EB995F833305B09022BE5D183
:10F5F000334604220121284600F06EF9DEE7002E92
:10F60000DCD0F36B42460093294653463046746B78
:10F61000A047831E584258414000D0E7D4490020FB
:10F6200070B505460E464FF0FF304FF0FF31FFF743
:10F6300089FD054B9C6814B9BDE870408AE52046F9
:10F640003146A8472468F6E7D449002000230B4A36
:10F6500030B502F110011C4608460D46C2E90233DE
:10F660000133042B046001F1440102D00446084632
:10F67000F6E7034BC2E9003530BD00BFD449002096
:10F68000B04A002004280EDC002803DC2448704720
:10F69000244870470238022803D8DFE800F03F2DE5
:10F6A0002F002148704780380F28EFD80F28EDD859
:10F6B00001A353F820F000BF19F7010091F60100F3
:10F6C00001F701008DF601008DF6010005F701003C
:10F6D00009F701000DF7010011F701008DF6010097
:10F6E0008DF601008DF601008DF601008DF601000A
:10F6F0008DF6010015F701000C4870470C48704763
:10F700000C4870470C4870470C4870470C487047CD
:10F710000C4870470C4870470C4870470C487047BD
:10F72000311D04005E1D0400191D0400331D04007A
:10F73000411D0400691D0400821D0400961D040083
:10F74000AB1D0400C11D0400D81D0400511D0400A0
:10F75000F51D0400034B1A6802605A68186002B96C
:10F7600058607047F44A002000210C4B1A6802B917
:10F77000704790420FD1026839B959681A608842BF
:10F7800000D15A600023036070470A605A689042B3
:10F7900008BF5960F6E711461268E8E7F44A00200E
:10F7A00073B50423002669460546CDE90063FFF7DB
:10F7B00030FC044680B18670C670A869FDF7E2F996
:10F7C00020B13A212846FDF77AFE60806946284636
:10F7D000FFF73DFC02B070BD6FF06800FAE7F7B5C7
:10F7E000042300250F46694604461646CDE900531A
:10F7F000FFF70FFC48B1077046708570C570694609
:10F800002046FFF724FC03B0F0BD6FF06800FAE774
:10F81000F7B5C38E8A88C3F57F43FC3352BA1344CD
:10F820009FB21BB2032B05460E4602DC022003B03A
:10F83000F0BD4FF400420023CDE9002339463A23BE
:10F8400002228069FFF740F904460028EED0337E9B
:10F8500006F11801FF2B03D1A869FCF7FBFF014655
:10F860000023A362236295F83C2094F83C302046A4
:10F8700062F3050384F83C3095F83C3094F83C2062
:10F880009B0963F3871284F83C2006F1080200F01C
:10F89000F1FA0246E0B981212046FFF7A0FFB8B98E
:10F8A0003A4629462046FFF737FA064680B92046F1
:10F8B000FFF704F83A21204600F025FB204617F018
:10F8C0000DFA002804DB2846FEF7EBFE3046AEE7D3
:10F8D0002046FEF7E6FEA9E72DE9F04705469946E2
:10F8E0000024282386B088469246CDE90243FEF7DD
:10F8F000E5FF284602A9FFF78CFB0746002800F029
:10F90000B08083793A2B18D10423039928460494B4
:10F910000593FFF72BF9284604A9FFF77AFB18B1E6
:10F9200090F90030A34205DB6FF01505284606B0BC
:10F93000BDE8F0872846FEF7C1FFBB79112B59D0EF
:10F94000062B59D00020AB68002B4FD1022295F82E
:10F950002430002402FB03014FF40043CDE90034BE
:10F9600004313A23A869FFF7AFF8044600287BD09A
:10F9700095F82420296AFFF731FB061E31DBA368C6
:10F980002046DB68A36295F82C20A96AFFF726FBC6
:10F99000061E26DBA06895F82C100C3017F09BF89B
:10F9A000A06850F80C3F236295F8241017F093F8E4
:10F9B00095F82C3007F1180184F8243095F824309C
:10F9C00084F82C303B7EFF2B03D1A069FCF742FF6B
:10F9D0000146204607F1080200F04CFA70B16FF0C2
:10F9E00004062046FEF75DFE35469FE71A8A5B68EF
:10F9F0001044A9E73020A9E73C20A7E7414652463A
:10FA00002046FFF7ECFE01460028E8D1B8F1040FCC
:10FA100022D199FA89F34246204604A90493FFF7BC
:10FA2000DDFA06462046FEF7DFFE0246002ED8D15C
:10FA300029462046FFF770F905460028D1D1204617
:10FA4000FEF73CFF3A21204600F05DFA204617F011
:10FA500045F90028C5DB69E704222046FFF725F9B0
:10FA6000DFE76FF0040561E76FF00B055EE72DE956
:10FA7000F04F17461E460022042387B00446CDE906
:10FA800004238946139D9DF840B0DDF844A0FCF79F
:10FA9000E1FE4FF4004200238046CDE900232046DA
:10FAA0003A230222291DFFF70FF80446002876D0DA
:10FAB000BAF1080F76DCBAF1000FBCBF4FEA9B0326
:10FAC00043EA8B134A464146B4BF80F83C3080F885
:10FAD0003DA000F0CFF9024640B16FF06808204623
:10FAE000FEF7DFFD404607B0BDE8F08F80212046DD
:10FAF000FFF775FE80460028EFD1204604A9FFF7E6
:10FB000088FA0028E9D07FBA76BA0780468004A92F
:10FB10002046FFF79CFA129BA3B125B12A4619464D
:10FB20002046FFF75BFA2046FEF7C8FE3A21204642
:10FB300000F0E9F9204617F0D1F80028D2DA6FF08A
:10FB40000408CCE7002DEED0032D1CD907F018FBDC
:10FB5000814607F015FB074607F012FB064607F043
:10FB60000FFB3F0A030643EA196307F47F47360297
:10FB70003B4306F47F0633430422204603A9039344
:10FB8000FFF72CFA043D0026B542CCD001222046D6
:10FB900003A98DF80C60FFF721FA0136F4E76FF046
:10FBA0000B089FE76FF015089CE7F7B504230022C8
:10FBB0000F4669460646CDE90023FFF72AFA0546B7
:10FBC00010B9022003B0F0BDB069FCF7DDFF68B9E1
:10FBD00030460199FEF7CAFF0F4B1C68002CF0D08D
:10FBE000227A2B789A4208D02468F7E73A213046E7
:10FBF000FDF765FC0028EBD0E3E7637A6A789A4268
:10FC000001D0002BF0D12A46394630466368984728
:10FC10000128D7D1E8E700BFF44A00200148FFF7E8
:10FC200099BD00BFE00B00200378013BDBB20370FD
:10FC300013B9036903B118477047027801320270A3
:10FC4000704770B50021044605898D4201DC002013
:10FC50000DE0226890885388034414334B43D65CEC
:10FC6000D0182EB900F11401C1600121D15470BD2A
:10FC70000131EAE72DE9F04743780746FF2B8A4632
:10FC8000144645D1DFF894904FF0FF350026C84662
:10FC90006A1C99F8083014D1002B37D022792068DB
:10FCA00009F1020116F0B5FA68B906EBC603434440
:10FCB0001A7A01321A727E700020C7F808A0BDE8D7
:10FCC000F087002BEAD10136082E09F10909DFD1AE
:10FCD0006B1C20D005EBC50008EB00031A7AEE0080
:10FCE00001321A727D702168227931B1062A04D856
:10FCF000023040445A7016F0B3FA2179731908EBB8
:10FD000003025170627908F80320D5E73546DAE737
:10FD10006FF07700D3E76FF00100D0E709510020C2
:10FD200010B543780446FF2B18D00E4803EBC303ED
:10FD300003441A7A013A1A72637803EBC30202444D
:10FD4000117A31B9092202FB03000622023016F0B3
:10FD500092FAFF2300206370A06010BD6FF077005F
:10FD6000FBE700BF095100202DE9F84305460F4687
:10FD700016460024DFF858802B89A34202DC4FF09E
:10FD8000000921E02A68538891880B4414336343A7
:10FD900002EB0309D35C0BB90134EDE7D9F8083065
:10FDA000BB42F9D199F8010000EBC00343441B7A30
:10FDB000002BF1D0092303FB008032793168023037
:10FDC00016F027FA0028E7D14846BDE8F88300BFBF
:10FDD00009510020024B00EBC0001844704700BFDF
:10FDE0000951002037B5044600252389AB4206DCC3
:10FDF000636883B1204603B0BDE8304018472068EF
:10FE00006946438882881344143305FB0300FFF7D7
:10FE100087FF0135E9E703B030BD7047026803464C
:10FE20004AB9406848B99A6842B9D86800F17F4336
:10FE300058425841704700207047104670474A8822
:10FE400043889A4214D18A8883889A4210D1CA88FA
:10FE5000C3889A420CD14B684268934208D18268A9
:10FE6000934205D1C368C868C31A584258417047C5
:10FE7000002070472DE9F34128234FF000080E467B
:10FE8000694605461746CDE90083FFF7C2F80446E8
:10FE9000B0B395F83C2080F8028002F03F039B004D
:10FEA00043EA92121B0943F060031201037042708F
:10FEB00080F8038080F8048080F8058080F8068050
:10FEC00095F83530C3711BB9A869FCF7EFFBE071F9
:10FED0001022394604F1180016F0C2F931461022FA
:10FEE00004F1080016F0BCF9282385F8323000230D
:10FEF00069462846EB86FFF7AAF802B0BDE8F08114
:10FF00006FF06800F9E773B528230025CDE90053A9
:10FF100090F833300E4643F00103694680F83330E1
:10FF20000446FFF776F818B96FF0680002B070BDAC
:10FF30002B46A268CAB9283BC3F3072242EA03232F
:10FF4000838094F83B306946FF2B08BF33468371AA
:10FF50002046FFF77CF894F83B30FF2B09D1112E97
:10FF60000ED1204616F0F1FFE0E7118A52680B44EB
:10FF7000E0E72046E18EFEF7F9FD0028EFD0D3E759
:10FF80003A2E03D12046FFF70BFCCFE70020CDE748
:10FF90002DE9F04F282300268DB0CDE9066308AB8C
:10FFA0000A930823044688460B9383690293836867
:10FFB0004BB9204606A9FFF72CF8054638B90220B0
:10FFC0000DB0BDE8F08F1A8A5B681644F0E78788A9
:10FFD0007FBABFB22837B742F1DC03DA3946204690
:10FFE000FEF71BFFAB6833B9EB6823B92B6913B974
:10FFF0006B69002BE3D02B7AFF2BE0D0297E05F133
:020000022000DC
:100000001806FF2902D16B7E002BD8D0B8F1000F63
:1000100042D06B782A781B0943EA0213DAB2C3F3A1
:10002000850343EA821384F83C30AB79002184F8DD
:100030003B302823022284F83230A368E186DB6853
:10004000DB7984F8353094F8333062F3471384F861
:1000500033302B7EFF2B51D03046FBF769FB002855
:1000600049D13146A06904AB03AA02F083F9002804
:1000700034D0039B43B1DB68A3612BB11B685B7D6C
:1000800084F8253084F82D302046049902F09FF939
:10009000002894DB002093E73046FFF7BFFE0028DE
:1000A0008DD105F10800FFF7B9FE002887D1FF299F
:1000B00002D16B7E012B82D0FDF76AFB01463046F0
:1000C000FFF7BDFE0028A4D02B7EFF2BA1D16B7EB5
:1000D000052B3FF474AF082B9BD170E70590314698
:1000E00005A8FCF738F900283FF469AF20460599C8
:1000F00002F0C1F9CCE72B7EFF2B02D16B7E012BE6
:1001000050D120460799FEF731FD95F80690B9F1D8
:100110002C0F5AD03ED8B9F1000F58D0A9F12B08B6
:10012000D8F1000646EB0806B6004FF006084FF07F
:10013000000AB9F13A0FA4F8388000F0DB80B9F179
:10014000110F00F0D780B9F1060F00F0D380B9F19C
:100150003B0F3FF434AF2046FEF7A2FE012280465B
:1001600003A92046FEF7ACFD00287FF428AF9DF8D8
:100170000C302C2B00F088802BD82BB12B2B03D0EC
:10018000112B2CD0062B2AD02046FEF789FE012207
:10019000431EAAE0A9F13C0CDCF1000646EB0C067C
:1001A0007600C2E7022B05D130466149FFF747FED2
:1001B0000028A6D1304602A9FBF72EFF00283FF405
:1001C000FEAE037D98079CD4F9E60826ADE701262C
:1001D000ABE73C2B5ED1B10751D446F00206B9F132
:1001E000000F02D0B9F13C0FCED1002301222046EE
:1001F00005A91FFA87FB8DF81430FEF761FD002872
:100200007FF4DDAE9DF814300133BBEBC30F4FEA32
:10021000C309FFF4D4AE4FF0020BA9F1030301931D
:100220002046FEF73DFE0122009004A92046FEF77D
:1002300047FD00287FF4C3AE9DF8102082BB9DF8D7
:100240001020AAB3012A9DF8141036D0019B8B42CE
:100250007FF7B5AE02F0C002802A44D0C02A3ED05B
:10026000002A7FF4ACAE2046FEF780FC00287FF425
:10027000A6AE9DF8142002320BEB02031AE07206C0
:1002800082D446F04006AAE733073FF57DAF46F03B
:100290000806A4E7A3F13B02012AA0D93A2B72E792
:1002A0000122204605A9FEF70BFD0028C7D086E6EF
:1002B0000BF101031FFA83FB07E08A1C0BEB02031F
:1002C00020461FFA83FBFEF751FCD945A8D8D1443C
:1002D0001FFA89FA5FFA88F89DF80C9029E72B7EBF
:1002E000FF2B3FF46CAE0222009B04212046FFF757
:1002F000F3FA64E6B9F1110FA4F836A008D0B9F109
:100300003A0F7FF45CAE29462046FFF74EFC57E6D5
:1003100020460AA916F0C5FE049000283FF44FAE0F
:100320004A46204604AB05A90595FFF775F847E650
:100330009CDC030008B501F0DDFABDE8084001F0DF
:10034000EDBC00BF0268034642B9406840B99A68F4
:100350003AB9D868B0FA80F0400970470020704779
:1003600010467047F8B507460D460826074C237817
:1003700033B1A368BB4203D1D5E900312046984789
:10038000013E04F15404F2D1F8BD00BFEC0B002093
:1003900070470022002310B50446C0E90A23006814
:1003A00018B1FEF77EF90023236010BD38B504466E
:1003B000C068FFF7EEFF002100200025E368C3E9D5
:1003C0000601E36820461D62FFF72EFC2946204601
:1003D000BDE83840FFF7A4BC08B510F0F5FC4FF4B9
:1003E0007A72A0FB020302FB0131C00B40EA4140DC
:1003F000C90B08BD2DE9F04114461D46064630B133
:10040000C768FFF7E9FFC7E90601F3681C621848EF
:1004100010F022FC4FF47A7347F6FF72A0FB03132F
:10042000891843F10003C90B51EA434103D08C42C0
:1004300075F1000319DA291E2246BCBF00221146BD
:1004400040F2E733C90341EA5241D203D01841F1E7
:1004500000014FF47A72002312F0AAFEBDE8F041C9
:1004600002460B4603480FF001BCBDE8F08100BF17
:10047000F8340020E83400202DE9F74FFFF7ACFFF7
:1004800000268A464FF000084FF00009244D0190E5
:100490002B7863B3EF6857B3D7E90A4154EA0103F5
:1004A00025D0019B14F57A7441F10001E41A61EB47
:1004B0000A0B012C7BF1000121DB1A4810F0CCFB68
:1004C000084314D140F2E7334FEACB3141EA5441BB
:1004D000E403E0184FF47A724FF0000341F1000199
:1004E00012F066FE02460B460F480FF0BFFB0136C6
:1004F000082E05F15405CBD103B0BDE8F08F386864
:10050000C7E90A890028F2D0FEF7CBF83868FEF771
:10051000C8F8002328463B60FFF786FBE7E700BFEB
:10052000EC0B0020283500201835002073B50D464F
:1005300014468DF8043001A9D308022206468DF82E
:100540000530FEF74BFD10B1002002B070BD2968E8
:1005500030462A79FEF742FD01460028F4D12B7976
:100560003046E21A023AFEF7A0FBB0FA80F04009EA
:10057000EBE7062370B55370154690F824200C461F
:100580009A4228BF1A46A91C6A700646FEF798FBD5
:1005900068B96B78E1000239C91A11F0FF0108D07F
:1005A0003046FEF7E3FAB0FA80F0400970BD002053
:1005B000FCE70120FAE77FB518234178064A0230AC
:1005C000FCF712FD18210346044A6846E3F75CFE77
:1005D00007B05DF804FB00BF48350020D8040400D4
:1005E0002DE9F0410F4C0746884600262546237822
:1005F0003BB90136082E04F15404F8D10020BDE8BF
:10060000F08117B1A3689F42F3D1E0681022414600
:10061000043015F0FEFD0028EBD1542303FB0650F7
:10062000EDE700BFEC0B002030B103680C33D3E8DA
:10063000AF0F084100F001007047FEF797BA10B401
:1006400038B131B1062A04D8427010BC023015F01E
:1006500007BE10BC70477047F8B5C368054693F8ED
:1006600030208A420FD0052A0DD083F83010C2689E
:1006700092F83030022B06D1164CA36F991C03D090
:10068000591CA1679363F8BD4FF0FF324FF0FF3361
:1006900004F17C000EF06CFE002354271A46194624
:1006A0000D4EA36707FB01F0805D48B1E86838B1E3
:1006B00090F830C0BCF1020F02BF01238263013207
:1006C00001310829EED103B1A2670448BDE8F84022
:1006D0000EF028BEE8340020EC0B0020643500202A
:1006E0002DE9FF4106461E480D4617469846FFF77E
:1006F000A8FA044678B3FF236A464370134686601F
:10070000C66805F1100E9446286869680835ACE89B
:10071000030075456246F6D1351D04AA1E4603CE78
:10072000964228606960334605F10805F6D14146D6
:100730002046FFF791FFE368002083F8357000231F
:100740000021E2681360E268C2E90A01E268C2E9D6
:100750000601E2681362204604B0BDE8F08100BFE4
:100760008C0E002005289ABF024B53F82000024847
:10077000704700BFACDC0300201E040007B5CDE9C4
:10078000000169460248FCF727FA03B05DF804FB54
:100790006503020070B505460E46FFF721FF0446CB
:1007A00038B13146284601F08DFC2046FFF7FEFDAA
:1007B000012070BD2DE9F04105460E4617469846CA
:1007C000FFF70EFF044600284BD143463A46314618
:1007D0002846FFF785FF0446002842D14FF0FF323C
:1007E0004FF0FF3320480EF0C3FD4FF0FF301F4A9B
:1007F0000346114692F800C0BCF1000F18D0D2F8A1
:100800000CC0BCF1000F13D09CF835E0BEF1000F16
:100810000ED19CF830E0BEF1020F09D1B3F1FF3FD9
:10082000DCF838C002D16046234601E08445FAD3A3
:100830000134082C02F15402DCD15A1C07D0542296
:1008400002FB0313D96898680431FFF7A3FF064839
:100850000EF068FD43463A4631462846BDE8F04171
:100860003EE72046BDE8F08164350020EC0B002017
:10087000FF2930B516D00C4B00221C461D7865B1FF
:1008800010B19D68854208D15D788D4205D1542311
:1008900003FB0244E068043030BD0132082A03F152
:1008A0005403EBD10020F7E7EC0B002098E6FF297A
:1008B00030B514D00B4B00241A461D7855B110B139
:1008C0009D68854206D15D788D4203D1542303FB98
:1008D000042030BD0134082C03F15403EDD1002075
:1008E000F7E700BFEC0B00202DE9FF474FF0140A9B
:1008F00099460023CDE9023A036890461E7D40F6F2
:10090000CD420023093606F0F806CDE900230D4656
:100910003A23022206EB0A010746FEF7D5F8044601
:1009200000284BD0FF234246294680F83530FFF798
:10093000A1FA024640B16FF068052046FDF7B1FE0E
:10094000284604B0BDE8F08788212046FEF747FF1F
:1009500080460028EFD1204602A9FEF75AFB054643
:100960000028E8D05246414615F085FC28469DF8FF
:1009700030301022494600F8043B15F071FC204647
:1009800002A9FEF764FB05460028D4D1396802238A
:10099000324620461031FFF7C9FD0028CBD0204653
:1009A000FDF78CFF3A212046FFF7ADFA204616F0FE
:1009B00095F90028C4DA6FF01505BEE76FF00B0556
:1009C000BEE742680AB1D2F8FC200023084611E5D0
:1009D0002DE9F041142300248AB0CDE9024301AB94
:1009E0000493022305460E4690460593836843B957
:1009F0000B21A869FFF718FE38B102200AB0BDE844
:100A0000F0811A8A5B681444F1E7284602A9FEF7D0
:100A100000FB07460028F0D0A4B2412C0BD9F37993
:100A2000FF2B08D10379FF2B05D003785B0606D591
:100A3000337EFF2B03D198F80130002BDDD10399D1
:100A40002846FFF7FAFD1423284685F83A3004A912
:100A5000FEF7DFFA00262C3CA4B228B143781BB184
:100A600095F83A108C4213D83C1D2146A869FAF734
:100A700007FF38B390F92D30002BBED148F2FE03AA
:100A8000BA88A8699A42B8D02146FBF7FDF9B4E7C5
:100A90000278022A06D1EA8E95F8326006320A44BC
:100AA0001644B6B201EBC303DBB28B4285F83A3091
:100AB000A3D905992846FFF7C0FD284604A9FEF7EB
:100AC000A8FACAE72146CDE90600A869FFF788FD24
:100AD0000446002891D046BB4078FF288DD0FFF710
:100AE00079F9002889D0E36893F83030002B84D05E
:100AF0003B78980600F19A803B78E268DB0982F83F
:100B00003530E3681E685EB1304616F0E7F800281D
:100B100080F29680E068FFF73CFC3046FDF7C1FDAF
:100B20002846FDF7BEFD002068E795F824302846EA
:100B30008DF81930FDF7C2FE31462846FEF716F84B
:100B400000287FF45AAF0DF11A08414628469DF857
:100B50001920FEF7B5F800287FF44FAF6078FF2822
:100B600010D19DF819302046A96908AA8DF82430C3
:100B7000CDF82080FFF77EF818B12046FFF716FC6D
:100B80003BE76078FFF726F9064600283FF435AFCB
:100B90004278811C404615F03CFBE36893F8302016
:100BA000FAB938B13046FFF706FD41463046727853
:100BB000FFF745FD3B785E063DD501212046FFF756
:100BC0004BFD002300200021E26882F83430E26807
:100BD000C2E90601E26813622146A869FFF7F1FE47
:100BE0008AE73B78990608D408B3012A7FF405AF59
:100BF00002212046FFF730FDFFE6B8B13046FFF78F
:100C0000DAFC727841463046FFF719FD3B785A0608
:100C100011D501212046FFF71FFD002000210022F1
:100C2000E368C3E90601E3681A62D5E73B785B062F
:100C30007FF562AFEDE702212046FFF70DFD5BE790
:100C40000022E3681A6068E72DE9F04F0E4615466A
:100C50000021142289B007469B46CDE90212DDF837
:100C600048909DF84CA0EBB940F2FF230493ADF8F7
:100C700014B0ADF816B0ADF818B04FF48073ADF8FD
:100C80001A30FF238DF81C3099F80D3099F80F2099
:100C90008DF81D3099F80E3043EA0223ADF81E306E
:100CA0000DF1100B3B6893F81480BAF1000F27D0B8
:100CB000FCF76EFD4FF00008054640F6CD420023DC
:100CC0003846CDE9002308F114013A230222FDF74A
:100CD000FBFE0446002800F08B80FF235A4629467D
:100CE00080F83530FFF7C6F80246C8B116B1304675
:100CF000FDF7D7FC2046FDF7D4FC6FF0680573E0E4
:100D000025B949463846FBF7A5FD05462846FFF7B5
:100D100019FB002874D108F1090808F0F808CCE79D
:100D200087212046FEF75BFD05460028DED12046E0
:100D300002A9FEF76EF90028D8D0057045708570BD
:100D4000C57010224946043015F08AFA204602A9DF
:100D5000FEF77DF905460028C8D1BAF1000F08D189
:100D600039680123424620461031FFF7DFFB002897
:100D7000BCD02046FDF7A2FD3A212046FFF7C3F87C
:100D8000002338461A464946FFF714FD0746002857
:100D9000ACD026B3D0F80C80D8F80030002BA6D108
:100DA0003046FDF761FCC8F80000FE68FFF714FB51
:100DB000C6E90A0116480FF04FFF084308D0204645
:100DC00015F08CFF00280FDAF868FFF7E2FA91E7D8
:100DD0004FF4004200230F480EF048FFEFE7204693
:100DE00015F07CFF002885DB284609B0BDE8F08FB0
:100DF00016B96FF00B05F7E73046FDF752FCF8E740
:100E000016B96FF01505EFE73046FDF74AFCF8E735
:100E100028350020183500202DE9F34115461A46E3
:100E20009DF8203007468846FFF7C4FC044690B37F
:100E300005B32A463946FEF71DFF78301AD1E3681C
:100E400093F83030052B26D06078FEF7C3FF2A795F
:100E500006462968023015F0DCF9B8B13046FFF7D4
:100E6000AAFB30462A792968FFF7E9FB02212046D0
:100E7000FFF7F2FBE36893F8303063B91A4619467E
:100E80003846CDE90083FFF7DFFE04E0E36893F81E
:100E90003030002BEAD0204602B0BDE8F0812DE9C9
:100EA000F04F0C2300259BB0CDE9085304AB0A9307
:100EB000022304460F4690460B93836843B90B21E7
:100EC000A069FFF7B1FB38B102201BB0BDE8F08F7D
:100ED0001A8A5B681544F1E7204608A9FEF799F8DD
:100EE00006460028F0D0ADB2392D07D9FB79FF2B8B
:100EF00004D148F2FE033A899A4203D098F80130AF
:100F0000002BE1D109992046FFF797FB75683178EE
:100F1000B6F80290D6F808802DBA11B1A069FBF797
:100F2000D3FB974B6A1E9A4210D2A3695B682BB120
:100F3000D3F8FC20954209D0C3F8F850A3695D6846
:100F400025B12846FBF7E9FCC5F8FC00B8F1000F15
:100F500005D0A3695B6813B1B268C3F800210C2304
:100F60000AA984F83A302046FEF753F80022A36815
:100F70000546D96800920123A0690831FFF74CFFAC
:100F80004FF0020A0646A5B9083799FA99F539468D
:100F9000A069ADB2FBF7B8FA002800F00382B9F1FE
:100FA000000F40F0DC81FBF759FB002E00F0DB81E5
:100FB000E8E120460B99FFF740FB95F80080B8F177
:100FC000050F7AD06D7811D8B8F1010F52D0B8F171
:100FD000030F00F08E806FF001010823204603FB11
:100FE0000511FDF7C3FD002861D06DE7B8F1180FBA
:100FF00000F06B81B8F1190FEDD106AB0C9306230D
:10100000002116220DF14A000D9315F034F912ABB0
:101010000E93002320460CA9ADF848A00F93FDF7CE
:10102000F8FF00283FF450AF20460D99FFF705FB6D
:101030000028FFF649AF05F10055013DEB074FEAE7
:10104000C5083FF541AF1022204613A9FDF738FE31
:101050000028FFF639AF2046A8F11001FDF786FD04
:1010600000287FF431AF02F063F900210EAA02F0EC
:1010700003F91CE02946204612AAFFF77AFA002855
:101080003FF422AF9DF849300EAA8DF83C300DF1A7
:101090004A030E93A368D968CDF800A04346A0691F
:1010A0000831FFF7B9FE064600283FF40DAF204691
:1010B0000AA9FDF7AEFF054665E702212046FDF7C8
:1010C00055FD00287FF400AF204605A9FDF718FE66
:1010D00000287FF4F9AE059BA3F5A062B2F57B4F23
:1010E000BFF4F2AEA2699BB2002AE0D0126813836B
:1010F000DDE7042D7FF4E8AE12AB0C931E232046EF
:101100000CA90D93FDF785FF054600283FF4DCAEE2
:1011100020460D99FFF791FAD5F80280D5F80630F0
:1011200098FA88F21BBA9A42C1D348F2FE03EA89C0
:101130009A42BCD095F90130002B2ADAAB461BF855
:101140000E2BA0695946FBF7D7F840B9D5F8023005
:10115000FBB159462A78A069FBF70CF8C8B1D5F85D
:1011600002307BB1013390F8253060D06FF300037B
:1011700080F82530D5F80210FBF732F909E000BFFE
:1011800080EE360090F8242000F11001A069FBF7F2
:1011900073F96B785A068AD5B8F1000F87D02B788F
:1011A000402B84D1102200210EA815F064F8A36909
:1011B000D3F8008048F2FE030E9300230F9398F8B3
:1011C0001420062A38D0082A55D0022A12D198F8BD
:1011D0001520012A0ED11093FF238DF84330FE23F2
:1011E000ADF84430D8F810301A788DF846205B7886
:1011F0008DF84730082205F10E010EA815F030F8E1
:1012000000210EA8FAF794FAD5F802808346002848
:1012100050D090F82C30012B4CD1B8F1FF3F30D199
:1012200090F82F3043F001038BF82F303FE743F065
:10123000010380F82530ACE70322D8F8101010A87D
:1012400015F00EF8FF238DF84330FE2303228DF8AE
:101250004430D8F810100DF14500114415F000F895
:1012600098F81530032BC5D19DF8403083F0020368
:101270008DF84030BEE7D8F8101010A814F0F0FF39
:10128000F2E7B8F5E15F09D9D5F802105846FAF748
:1012900026FB9BF82F306FF30003C5E7FFF79CF8A0
:1012A00001460BF1140015F0ECFD4045ECD34FF472
:1012B000E151EBE7B8F1FF3F0CBF002343460122A9
:1012C000A0690EA9FAF736FBF1E6013DEDB2022D59
:1012D0003FF6FAAD0CAB0E9306231022002112A8A4
:1012E0000F9314F0C8FF20460EA9FDF792FE03905D
:1012F00000283FF4E9AD20460F99FFF79EF900283A
:10130000FFF6E2AD039BEA0093F800B0D3F8028049
:101310005B782046C3F3C10302F0F80212A90393DD
:10132000FDF7CEFC0028FFF6CFADA069B8F1000FA5
:1013300008D112A900F07EFD00283FF4B8AE00F0FD
:1013400029FEB4E6A3680399DB6898FA88F2CDE930
:10135000002108335A4612A900F041FFA7E656B90A
:101360002946FBF725F9A069FAF7C2F92046FDF7EF
:1013700098F90020A9E50122F368294683F8352071
:10138000FBF716F9F36818680028ECD015F0A6FCF6
:10139000002803DAF3681868FDF783F9F068FEF7B0
:1013A000F8FFE0E72A463946A069FBF70CF9FCE5AF
:1013B0002DE9F0471423002690B0CDE9046303AB78
:1013C0000693022305460C46174607938368002BB5
:1013D00069D10B21A8698DF82C30FFF725F9002879
:1013E0005DD1284604A9FDF714FE8046002856D09A
:1013F000B6B23F2E02D9E379FF2B06D098F804301D
:10140000FF2B02D17B78002B49D105992846FFF7A5
:1014100014F91423284685F83A3006A9FDF7F9FD9A
:1014200007462C3EB6B204F108090DF1220A2FB18D
:101430007B781BB195F83A30B34238D308F10408F1
:101440004146A869FAF71CFA824640B304F108073E
:10145000061D3846FEF776FF04F1180901460028FC
:1014600000F09D8040F2FF23A2699A4217D1E26901
:10147000AAB9236AB3F1807F11D1636ADBB2FF2B73
:101480000DD19AF92D30002B3AD148F2FE03BAF86B
:101490000420A8699A4202D03146FAF7F5FC0220EE
:1014A00010B0BDE8F0871A8A5B6816448FE72846BB
:1014B0000799FFF7C2F83B78012B11D14846FEF798
:1014C00041FF0028EBD12846797808AAFFF751F8A8
:1014D0000028E4D09DF82130CDF828A08DF82C30DC
:1014E00095F83A207B7802EBC303DBB2934285F890
:1014F0003A30D4D9284606A9FDF78BFD074696E772
:101500004FF0FF33237602236376A276E2762277CA
:101510006277A277E27784F8202084F8212084F88B
:10152000222084F8232084F8242084F82520012315
:1015300084F8262084F827304946A869FBF78AF901
:101540000CAC0346224600F1100EA44618685968F8
:101550000833ACE8030073456446F6D13C460DF110
:10156000400C134603CB6345206061601A4604F1CA
:101570000804F6D12024B8469DF82C30A86973BB26
:10158000009433464A464146A869FFF7ADF9044640
:10159000002884D12846FDF784F8204680E73846A5
:1015A000FAF7C6F800287FF47AAF40F2FF23A26969
:1015B0009A4209D1E3693BB9236AB3F1807F03D131
:1015C000636ADBB2FF2B07D04946A869FAF758F9DE
:1015D00000283FF464AF061DB9466024CCE7002321
:1015E000394600930AAAFFF717FC0028C8D156E72E
:1015F000012307B501930023043100911A461946CF
:10160000FFF722FB03B05DF804FB00232822F0B5AE
:1016100087B004A90446CDE904320393FDF7F9FC31
:101620000746002862D0A36A002B50D1037EFF2B0F
:101630004DD00121A069FEF7F7FF002847D10B210B
:10164000A069FEF7F1FF002841D107F118052946EE
:1016500003A8FAF780FE00283BD0039BA3612BB1BF
:101660001B685B7D84F8253084F82D30039B73B9AB
:10167000294603A8FAF76FFE002842D0039BA36116
:101680002BB11B685B7D84F8253084F82D3029460A
:101690000398FEF7A5FF064600283CD04078FF28B7
:1016A00039D0FEF797FB831CA362437884F82C3073
:1016B000F36893F83030022B09D130460321FEF74E
:1016C000CBFF41F2883200233046FEF793FE002024
:1016D0000DE0294600F0AEFB064650B100F066FD75
:1016E00005460028C2D1304600F054FC022007B065
:1016F000F0BD2946FAF734FF0028C8D000F10805EC
:10170000B4E72946FFF7D2F810B183680393B6E730
:10171000A3690393BBE70023CDE900532146A069E9
:1017200007F10802FFF790FA0120E0E72DE9F347FF
:10173000FEF752FE4FF0000980468A460026002739
:10174000324D2B78002B35D0EC689CB3D4E90623BE
:1017500052EA03012ED0216A8A1843EBE173B2EBFF
:10176000080263EB0A03012A73F1000103DB002086
:10177000FEF740FE1EE094F83030C4E90667042B03
:1017800018D8DFE803F0032125272D0094F8343022
:10179000211D022B03D9A868FEF7FCFF0AE00133E4
:1017A00084F834300023CDE900131A461946A8689E
:1017B000FFF74AFA09F10109B9F1080F05F15405DB
:1017C000BFD102B0BDE8F087022384F83030F1E7E2
:1017D000211DE0E7042384F83030002384F83430FE
:1017E00094F83430211D022BD5D8013384F83430DD
:1017F0000023CDE900131A461946A868FFF724FA1A
:101800004FF47A7200232846B2E700BFEC0B0020A9
:1018100040F2FF23F0B587B00746ADF80830002648
:10182000ADF80A60ADF80C60ADF80E60ADF8106070
:10183000ADF81260ADF814604FF40073ADF81630D7
:1018400002A9FBF707F80546FEF77CFD20B93B68C7
:101850001C7D093404F0F80640F6CD420023311D0A
:10186000CDE9002338463A23022201F0FC01FDF7BE
:101870002BF90446002838D0FF2302AA294680F815
:101880003530FEF7F7FA024638B16FF068052046AA
:10189000FCF707FF284607B0F0BD85212046FDF77D
:1018A0009EFF01460028F0D104222046FDF7FDF9F5
:1018B00005460028E9D176B92046FCF7FFFF3A211A
:1018C0002046FEF720FB204615F008FA0028E1DA52
:1018D0006FF01505DBE739680123324620461031E9
:1018E000FEF724FE0028E7D1CFE76FF00B05D1E724
:1018F000FFF78EBF38B5104D104C05F52B70FDF776
:1019000029FF05F52E70FDF725FF0D4904F1300084
:101910000EF040F901214FF0FF3204F17C000DF090
:10192000E9FC05F53170FDF715FF2046BDE83840AC
:1019300004490EF02FB900BFEC0B0020E834002062
:10194000790402002D17020007B549BAADF8061058
:1019500002220DF10601FDF741FB03B05DF804FB27
:10196000F0B589B01E4603AB019314230C4601A9C0
:10197000054617460293FDF74CFB20B96FF068044B
:10198000204609B0F0BD0023437033022146438056
:1019900010220770043014F063FC284601A9FDF7FB
:1019A00056FB04460028E9D1002EE9D0FBF7F0FEF3
:1019B000102201462846FDF711FB0028E0D0DDE7A4
:1019C00010B50446FCF77AFF3A212046FEF79BFA51
:1019D000204615F083F9002805DA2046FCF761FE61
:1019E0004FF0FF3010BD0020FCE730B103680C332E
:1019F000D3E8AF0F084100F00100704740F2FF2329
:101A000070B586B004460D46ADF808300023ADF839
:101A10000A30ADF80C30ADF80E30ADF81030ADF83E
:101A20001230ADF814304FF4B053ADF81630012633
:101A300002A980F835608069FAF70CFF02AA014616
:101A40002046FEF717FA18B16FF0680006B070BDB7
:101A50003A23324620460DF107018DF80730FDF795
:101A6000BDFA0028F0D18DF80700324620460DF16E
:101A70000701FDF7B3FA0028E6D140F202512046F3
:101A8000FFF762FF01460028DED12046FFF75CFF2A
:101A900001460028D8D12046FFF756FF024600280D
:101AA000D2D108238F212046E386FDF798FE014618
:101AB0000028C9D12046FFF747FF0028C4D1294696
:101AC0002046FFF741FF0028BED184F83B00BDE768
:101AD00073B50023164640F267620C46CDE9002339
:101AE00030213A230222FCF7EFFF0546D0B1012155
:101AF000FFF784FF28B16FF068042846FCF7D1FD9A
:101B00000DE00123324621462846FFF729FF002831
:101B1000F1D12846FFF754FF04460028EDD12046B6
:101B200002B070BD6FF00B04F9E72DE9FF47002606
:101B30001823054688461746CDE90263846864B9D0
:101B4000284602A9FDF765FAB6B2814648B94FF0BA
:101B50000208404604B0BDE8F087238A64681E444A
:101B6000EDE728460399FDF701F8B9F8162052BAB7
:101B7000A9F81620EB8E443303EB02139BB2B34259
:101B8000E5D8B3F5A06FE2D898F80730012BDED185
:101B900097F80180B8F1000FD9D1FBF7F9FD1022B9
:101BA000014609F1040014F034FB06460028CED1AA
:101BB0001822A869D0F8049002FB049393F87430BB
:101BC000DF0702D5990748BF01360134032CF3D152
:101BD000142140F2676200237143CDE900230C31E8
:101BE0003A230222FCF770FF074638B1B1B2FFF783
:101BF00005FF044630B13846FCF753FD2846FCF794
:101C000050FDA6E74FF0180A09F164060AFB049399
:101C100093F87430DA070AD40134032C06F118065D
:101C2000F4D13846FFF7CCFE0028E4D1E6E79B0765
:101C3000F2D50023022231463846FFF791FE0028F4
:101C4000EAD1D8E737B50D46019001A92846FAF741
:101C5000E3F9044628B1037D9B0708D56FF07705AB
:101C600012E029460198FAF723FA044630B30C2112
:101C70000198FFF7BAFE014618BB019A1046FFF71C
:101C8000B4FE20B96FF07205284603B030BD0821BC
:101C90001046FFF7AAFE0028F4D029460222019838
:101CA000FFF716FF051EEFDB21460198FAF753FAFE
:101CB000012221460198F9F7D5FBE5E76FF00B0506
:101CC000E2E70025E0E773B50C46019001A9204644
:101CD000FAF7A2F90546C8B121460198F9F7FDFFC8
:101CE000B8B10C210198FFF780FE0646A0B9214645
:101CF00001220198FFF7ECFE041E04DB3246294660
:101D00000198F9F7AFFB204602B070BD6FF00104F7
:101D1000F9E76FF01504F6E70024F4E70148FDF752
:101D200019BD00BFBC0E002070472DE9FF410646DB
:101D300014480C469046FDF784FF0546E8B123465B
:101D40006C4627468660C66803F1100C2246186868
:101D50005968083303C263451446F7D106F12003DE
:101D600004AA3C4603CC944218605960274603F10C
:101D70000803F6D1EB6883F83080284604B0BDE84C
:101D8000F08100BFC80E002002460B4601480DF04E
:101D900061B800BF4817002001480DF0D7B800BF58
:101DA000481700200022036803B970478B420FD107
:101DB0000B683AB942680360914200D14360002346
:101DC0000B60704713604368994208BF4260F6E7B2
:101DD0001A461B68E8E77047704738B54FF0FF3187
:101DE00005464FF0FF30FFF7CFFF0C4B00221C469B
:101DF000197849B1D968A94206D1482303FB0244A6
:101E0000FFF7CAFF204638BD0132082A03F1480314
:101E1000EED1FFF7C1FF0024F4E700BFD40E00208D
:101E200008B54FF0FF304FF0FF31FFF7ADFFBDE8D1
:101E30000840B1E72DE9F74F804689464FF0FF3063
:101E40004FF0FF31FFF7A0FF00239B469A46294F32
:101E50003A785D1C2AB1B8F1000F09D0BB68434540
:101E600006D0082D2B4642D054464837A246EFE70D
:101E7000FC6894F830605E45F3D3802EF1D804F10D
:101E80002001F2084846CDE9001214F0C2F90028FA
:101E9000E7D1764216F007060ED0019A009919F89C
:101EA00002308A5CC6F108015A40FF238B4083F060
:101EB000FF03B3401A42D4D1082D2B4694F830B01A
:101EC00004D01BF0800F07F14807CFD04CB10A486F
:101ED0002146FFF767FF036823604368046003B986
:101EE0004460FFF759FF204603B0BDE8F08F544629
:101EF000ECE700BFD40E00208835002070B50E46F8
:101F0000044600283ED04FF0FF304FF0FF31FFF77E
:101F10003BFF731C04F1100594F831300AD143F0F3
:101F200004032946184884F83130FFF73BFFBDE829
:101F3000704031E76FF3820384F831300EF044FFD4
:101F40004FF47A73A0FB030203FB0122C00B31465E
:101F50000E4E40EA4242284614F062FF294606F13E
:101F60000800FFF71FFF00232361F3683BB9C6E9B0
:101F700002550022002306480DF078FED7E71D60C9
:101F8000F560F6E770BD00BF903500208835002071
:101F90009835002038B50446B8B34FF0FF304FF005
:101FA000FF31FFF7F1FE94F831305B070CD4184D88
:101FB00004F1100105F10800FFF7F4FEAB681BB94E
:101FC00005F110000DF058FE21461148FFF7EAFE1A
:101FD0002046FFF702FF054620B9FFF7DDFE6FF050
:101FE000010038BD646834B92846FDF71DFEFFF7CF
:101FF000D3FE2046F5E7606828B1FDF715FEA4F191
:102000001400FDF711FE2468EDE76FF01500E8E716
:10201000883500202DE9F8430EF0D6FE04460F4621
:102020004FF0FF304FF0FF31FFF7AEFE224B9E68BE
:10203000002E3ED0356805B1103D4FF47A72A4FBF6
:10204000024302FB0731E40B4FF0FF37DFF86C80EF
:1020500044EA4144103E01E02E461D4606F11009B7
:102060002146484614F027FF60B940464946FFF72D
:1020700099FE3046FFF78EFF45B12B69002BEBD060
:10208000103BE9E7874228BF0746F5E77B1C10D0E5
:102090004FF4004440F2E73029464FF47A720023AF
:1020A000E7FB040111F084F802460B4604480DF0EA
:1020B000DDFDBDE8F8436FE688350020903500204F
:1020C000983500202DE9F04104460D464FF0FF30D1
:1020D0004FF0FF31FFF758FE29462046FEF7E6FB9A
:1020E0000026074634460E4D05F51078E86840B1E5
:1020F000436833B15A68BA420ED1FFF74BFF68B953
:10210000013448354545F1D1FFF746FE0CB906EAE2
:10211000E6742046BDE8F0811B68EAE70646F0E772
:10212000D40E00202DE9F04704460D464FF0FF3055
:102130004FF0FF311746FFF727FE29462046FEF7EE
:10214000B5FB064630B9FFF727FE6FF015042046B1
:10215000BDE8F0870024A046134D00F1140A05F5F0
:102160001079E868426882B15368B34217D1AB88EE
:10217000ABB173885344033323F003039F420ED162
:10218000FFF708FF68B908F101084835A945E8D10B
:10219000FFF702FEB8F1000F18BF4446D7E71268F8
:1021A000E1E70446F1E700BFD40E002010B5044675
:1021B00098B14FF0FF304FF0FF31FFF7E5FD636856
:1021C0004BB15A68D46824B10434FFF7E5FD2046CA
:1021D00010BD1B68F4E7FFF7DFFD0024F7E72DE9EA
:1021E000F047DDF82080894692461E4605469DF858
:1021F0002470FBF7CDFA10220146484614F009F886
:10220000044668B14FF0FF304FF0FF31FFF7BCFDDF
:1022100031462846FEF74AFB28B90024FFF7BCFDEB
:102220002046BDE8F0874078FF2801D0FDF7D2FDB9
:1022300049462846FFF7FEFD044630B3FFF7B6FFD8
:10224000014678B11022304613F0E3FF50B9414601
:102250002046FFF753FE94F8313067F3010384F80A
:102260003130DBE794F83130022F03F00303D4D090
:10227000032FD2D801337A1C03F0030302F00302C8
:102280009342CAD82046FFF785FE52464946284663
:10229000FFF74BFD044670B924484168FFF782FD03
:1022A0000846FFF777FE524649462846FFF73DFDB0
:1022B00004460028B1D008231D48B0F84E1200F59E
:1022C0001370143102786ABB00F11403C360FF235A
:1022D0004370FDF7B2FC00289FD0E468D0F80C9062
:1022E00094F83130414667F3010384F831302046D9
:1022F000E560FFF703FE0D4B1A6822605A681C6008
:1023000002B95C6028463146FEF7D0FA054608B1AE
:10231000FDF793FC0023C9F80450C9F80030C4E964
:1023200001997BE7013B0844CCD176E78835002052
:10233000C80E00202DE9F04106460F464FF0FF3051
:102340004FF0FF31FFF720FD0025094C04F5107810
:10235000237823B1E06810B13946B04701354834DD
:102360004445F5D1FFF718FD2846BDE8F08100BFD0
:10237000D40E0020F8B507460C464FF0FF304FF062
:10238000FF3116461D46FFF7FFFC21463846FEF793
:102390008DFA20B1002333602C6001240BE021462C
:1023A0003846FFF747FD306048B1FFF7FFFE041ED7
:1023B00018BF01242860FFF7EFFC2046F8BD214636
:1023C000FAF7CEF804460028F5D00834E4E7F8B56B
:1023D0000D4604464FF0FF314FF0FF30FFF7D4FCBD
:1023E00029460020FEF762FA064600283DD04078D4
:1023F000FDF7F0FC054600283AD0206A28B96FF0B6
:102400001504FFF7C9FC2046F8BDAF1C39466A78B1
:1024100013F0FFFE0028F2D094F8333043F010039D
:1024200084F83330A3691A68126922621A68527DEF
:1024300084F825201B681B7DA76284F824302B7844
:1024400084F82D306B7884F82C30B368A3612BB1FD
:102450001B685B7D84F8253084F82D30FFF79CFCE9
:102460002046BDE8F84014F039BC6FF00104C8E71D
:102470006FF00204C5E7816129B10B685B7D80F8CC
:10248000253080F82D3090F8333043F0100380F879
:1024900033300B681B6903620B685B7D80F8253065
:1024A0000B681B7D80F8243014F018BC01490248E9
:1024B0000DF070BB15200200983500202DE9F04189
:1024C00007460E4690461C461BB96FF01500BDE846
:1024D000F081184613F034FE80B20028F5D0B8F130
:1024E000010F02D86FF00B00F1E7631E00240125F5
:1024F000A44613F8012FA9B2A2B12E2A03BF06F8F1
:102500000C408C46002401341CBF7255A4B2884292
:1025100003D2013100203980D9E70135AAB2424502
:10252000E7D3DFE706F80C407255F0E7F0B500247A
:10253000C7890668018A3E44CF1BA74223DD355D6B
:10254000E5B90134A5B2491B89B209291BD9311952
:102550004F88B7F5807F16D14F683FBA1760325B5E
:10256000098952BAD2B2052AC7891A7014D01C2A16
:1025700001D0012A07D16FF014030FE0BF2D05D958
:102580000234A742DEDA6FF01500F0BD3E2DFAD816
:10259000013554FA85F4D0E76FF01203436007F178
:1025A0000A031D444BBA058143810020EDE7038AED
:1025B00002680B2B1FD913885BBA9BB299421DD1BD
:1025C0009378D8091AD05B1013F0380F16D1D3784E
:1025D00013F0700FC3F3021010D113F00F0301D0EA
:1025E00018467047D388928802B939B9002B08BFC2
:1025F0006FF0150070476FF00B0070476FF015001B
:1026000070472DE9F843BDF820600F4606F1100928
:1026100091450446194628DCBDF824305BBA038096
:102620004FF00108002580F80280C570057180F820
:1026300005808571C571057245728572C572324615
:102640000C3013F00DFE9DF8282006F10C039BB210
:102650001202E2520E36B6B2A555344484F8018017
:102660002846A7F80090BDE8F8836FF00B00FAE762
:102670000C23F0B583810023058A0168A5F10C04C1
:10268000A4B201F10B069C4202DC6FF00B001CE0CF
:1026900016F8017F5A1C27B11346F4E76FF01500B6
:1026A00013E003F11104A542EFDD0D33CC18CB5A32
:1026B0005BBA9BB2012B01D01C2BEFD16388B3F521
:1026C000807FEBD11032C2810020F0BD2DE9F047B0
:1026D000B3F81090D3F800A0002307460E469046AA
:1026E000BDF820500B804D4524D21AF805400AEB66
:1026F00005013F2C08D901354D451BDA4D7804F012
:102700003F0405EB0425EEE73088A8EB00039C426C
:1027100010DA621C384413F0A3FD3388013501330D
:10272000234414FA85F53380ADB2002CDBD120466A
:10273000BDE8F0876FF00B00FAE710B5038A024698
:102740000B2B046814D9A378D80914D15B1013F0AB
:10275000380F10D1E3781B070DD1A3885BBA98B26C
:1027600048B111B123885BBA0B800C23938110BD53
:102770006FF00B00FBE76FF01500F8E72DE9F04F65
:1027800087B0CDE9012301F10C0B038AD0F800A03A
:102790008589064658460F46009314F035FA55448D
:1027A000AA45039004D96FF0790007B0BDE8F08F17
:1027B000009B53449D42F6D24FF000094C46A84678
:1027C00018F8012B3ABB002C08BF44463B8AF96835
:1027D000CA542288388A53BAB2F5807F9BB209D096
:1027E000A3F10C0292B2152A3FD8214921FA02F234
:1027F000D2073AD56288B2F5807F36D1019A02B10C
:102800001370029B13B10123029A13803368E41AF8
:102810000434B481C9E73F2A11D94345C3D9697843
:10282000120202F47C520A43AC1C0AEB0205AB42D2
:10283000B9D9009A09F102094A45C0DCB3E7039807
:10284000511C8842AFDD08EB0205AB4205920493B0
:10285000A9D9584689442E2113F07FFF4146584696
:10286000059A13F071FF049BA9E76FF015009CE730
:1028700011002100006800F0F000A0F1E0035842D0
:1028800058417047936C23B1536B13B1926B40B2B4
:1028900018477047034610B5DC6F002044B1B3F809
:1028A00096408C4204D12AB1B3F89830934201D0BB
:1028B0006FF0010010BD0CF0CDBA10B504460DF05C
:1028C000DBF908B9606310BD0023A364FBE710B512
:1028D0000A880B46022A4FF0000409D10288022A16
:1028E00006D1011D1022181D13F093FC00B901241C
:1028F000204610BD38B54C01035B0246012B00EBAE
:10290000411125D10D1D2846FFF7B4FF38B1CB7911
:10291000FB2B04D10B7F43F001030B7712E013195B
:10292000187F6FF3000018772846FFF7A3FF20B148
:10293000C879A0F1FC05684268411444237F60F324
:10294000410323774B8813B94FF454534B8038BD60
:102950000B79FF2B02D1CB7CFB2BDBD01319187F1B
:102960006FF3000018770B79FF2B06D00023224469
:10297000107F63F341001077E4E7CB7CD81E43421D
:102980004341F4E7F0B587B004460D4616460021F2
:1029900016220DF1020013F06EFC0223ADF8003098
:1029A000002C52D094F8A030022B51D11DB1043D1F
:1029B00055F8043F33B9D6B9218801BB6FF0150033
:1029C00007B0F0BD18220021204613F054FC2F68F8
:1029D000384613F0B5FB224601463846FAF7ECFDBF
:1029E0000028E5D000212046FFF784FFE4E73168A6
:1029F0000029E1D01822204613F032FCF2E7022928
:102A000006D0012914BF6FF069006FF01500D7E7F9
:102A10001122084604F11803FAF773FF0028CFDBF0
:102A200018226946A069FBF771F80028C8DBA36982
:102A300093F98200F8F71AFC00204FF4804200233B
:102A400084F8A000C4E91023BAE76FF00100B7E7EB
:102A50006FF05900B4E70CF079BAF8B5044600F10C
:102A600020074FF0FF33164638464FF0FF320D4631
:102A7000FFF721FF94F8A030012B13D032462946EE
:102A80002046FFF707FF002812DB582303FB004412
:102A900048346FF0640022460021FFF7F3FE204621
:102AA000FFF70BFF00243846FFF7D5FF2046F8BD9F
:102AB0006FF00104F7E710B50446006B0022002315
:102AC0002030FFF7F8FE38B12046BDE810404FF443
:102AD000A47200230DF0CAB8B4F85020B4F84E1018
:102AE000206BFFF7BAFF206BBDE810402030B2E743
:102AF00070B590F8A0600446EEB9012300F12005FE
:102B000080F8A0302846FFF7A6FFA3693BB193F9F0
:102B10008200F8F7ABFBA069FAF7D3FFA6614FF08C
:102B2000FF334FF0FF322846FFF7C5FE0223002097
:102B300084F8A03070BD6FF00100FBE72DE9F04391
:102B40004FF058089946164608FB010898F894304B
:102B500087B087690293B8F8963004460193B9F8B4
:102B600010300D460093D9F80C30528AF06806F107
:102B70001001FFF746FD00284CDBB9F81030F26871
:102B80004FF6FF7102330C324AF2010010F081FB64
:102B9000A8F89800B7F880300022C3F3C203022BD4
:102BA00008BF0023384608BF87F883301B4900233D
:102BB0000094FBF79DFA002802DA10F1780F26D175
:102BC0002388012B4FF0580303FB05F504EB0503A5
:102BD00005F1480504EB0500D3E9222314BF4FF0AB
:102BE00018084FF008080DF041F800280FDB00230B
:102BF00000200021CDE90083CDE90201049338468D
:102C00002346328AF168FBF74EFA00EAE07007B01B
:102C1000BDE8F0836FF01500F9E700BFE92C020072
:102C200070B50D461646044680B1A822002113F067
:102C300022FB04F120000CF0FDF8022384F8A03000
:102C4000324629462046BDE870409BE66FF0010001
:102C500070BD2DE9F34106460F4698461546002AF9
:102C600039D0D0E910231F48F7F7FCFE0446C0B165
:102C70002B46428AC1680DF10600FFF71FFC051EB6
:102C800006DA2046F7F737FF284602B0BDE8F081A4
:102C9000BDF80610638A4A1C9A4205DB2046F7F706
:102CA0002AFF6FF00B05EFE704F10C05284613F03F
:102CB00045FD2846414613F062FDBDF806304FF64B
:102CC000FF714AF20100E268023310F0E2FA0546B1
:102CD0002046F7F710FF2A463946304602B0BDE8D5
:102CE000F041BAE64C1900202DE9F04F9BB0249B2F
:102CF000DDF89480039308F1200304934FF0FF3232
:102D00004FF0FF3304988A46FFF7D5FD98F8A040AE
:102D1000002C40F05B81039B002B40F07381D8E9CD
:102D20001023BF48F7F79EFE0746002800F0708189
:102D3000D8E91023BB48F7F795FE8146002800F03C
:102D40006B815046FCF758F8B0F5007F2FD2504603
:102D5000FCF752F8044622465046F968FBF7B0FFEC
:102D60000028C0F247813422FD68A4B200210DEB97
:102D700002000895ADF8304013F07DFA032C40F2C4
:102D80002D81EB782E8803F00F0374BA052BA4B2C3
:102D900009D0AB78DB0900F0F580214608A8FFF7E1
:102DA00006FC002806DA00256FF00306F0E04FF479
:102DB0000074D0E7089B9B88B3F5807F66D0002E17
:102DC000F1D108A8FFF754FC002803DABDF82C3035
:102DD000ADF82E304FF0000B0C234FF0FF365D4660
:102DE0008DF81BB00593089AD3885BBA9BB29B45BC
:102DF00054DB731C16D1BDF82C30D518284613F0BF
:102E00009FF92A46C31C4FF6FF714AF2010010F0E9
:102E100040FA2146024605464046FFF73BFD061EA6
:102E2000C0F2E580039B002B40F0DB80099B13334D
:102E300040F0DA80BDF82830B9F812200093D9F8B4
:102E40000C0008AB09F11001FFF740FC0028C0F2AC
:102E5000CE80582303FB0686214696F89430D6F898
:102E600090204046FFF7F5FE5046FBF71AFC21463E
:102E70002A464046FFF70EFD011E80F2D5803846F7
:102E8000F7F739FE4846F7F736FE9FE008A8FFF748
:102E9000EFFB00289EDA002E98D084E705990DF10B
:102EA0001B0307AA08A8FFF741FB0028FFF67CAF29
:102EB000099B13F1150F06D013337FF475AFBDF8DE
:102EC0002830059349E0721C16D1BDF82C30089DBE
:102ED0001D44284613F034F92A46C31C4FF6FF71EF
:102EE0004AF2010010F0D5F9214602460546404657
:102EF000FFF7D0FC061E7ADB582303FB068393F80A
:102F00009430012B33D19DF81B30012B63D118462F
:102F1000082104228DF85030BDF82A30ADF8340075
:102F200093421391FFF640AFBDF82830BDF8301042
:102F3000981888423FF738AF08990EA8194413F043
:102F40008FF9582202FB06826FF0630048320DA908
:102F5000FFF798FC039B01330393BDF82830BDF8BD
:102F60002A200BF1010B1344ADF82E303BE71C2B4C
:102F70000CD19DF81B301C2B2DD102231821184693
:102F80001022C7E75046FBF78CFB78E76FF0050689
:102F90005046FBF786FB21462A464046FFF77AFC5F
:102FA000041E0BDB582303FB0484483430462246BE
:102FB0000021FFF767FC2046FFF77FFC17B138467A
:102FC000F7F799FDB9F1000F7FF45CAF04981BB0DF
:102FD000BDE8F04F3FE56FF00806D9E7002425462D
:102FE000E2E66FF06606D3E76FF00406D0E76FF015
:102FF0000A06CDE700245046FBF753FB25466FF049
:103000000906C8E725466FF00A062746A146C2E72B
:10301000814604460546F2E704460546EFE700BF51
:103020004C19002080190020D8F81830002B3FF4EC
:1030300026AF4B463A464046FFF780FD0028BFF6D4
:103040001EAF6FF00A06A6E7002206E52DE9F04F55
:1030500095B0884616461D460446209FD0B1C9B19A
:103060001E9BBBB17B1C18D04FF4004140F2E730EF
:103070004FF0000C27EAE777C7FB010C4FF47A7298
:10308000E1460023614610F093F859EAC7378246BB
:103090008B4605D16FF0150630E04FF0FF3AD3466E
:1030A000404613F04DF801AA01464046FAF784FA6B
:1030B000002839D03422002107A813F0DCF8012EB3
:1030C00020D1BDF80430022B2BD0082201A907A87B
:1030D00013F0C6F8324608236FF063008DF83860AD
:1030E000ADF81C200D931F9A1E9B07A9984700213D
:1030F0006FF066001F9A1E9B98470026304615B059
:10310000BDE8F08F1C2E0FD1BDF80430012B08D084
:103110000226182201A907A813F0A2F832461823A4
:10312000DAE76FF05F06E9E704F120074FF0FF33BD
:103130004FF0FF323846FFF7BEFB94F8A030002B6B
:1031400079D1E36F4BB1D4F89030002B76D104F1F4
:1031500048000CF02BFD002870D11E9BC4E922AB67
:10316000E3671F9B04F1480AC4F8803000235046EF
:103170003449C4F89080A4F8983084F89460A46727
:103180000CF008FDD4E910232F48F7F76BFC8046BC
:10319000002845D0D4E910232C48F7F763FC81467A
:1031A00058B3C168FF22D4F890301030FFF786F989
:1031B000061E31DBEAF7FEFE80B2A4F8960005B1E8
:1031C0002880A3698BB14B46424600212046FFF779
:1031D000B5FC002809DA5046FFF76FFB6FF00106D7
:1031E00035BB4046F7F787FC03E04046F7F783FC22
:1031F00000264846F7F77FFC0AE05046FFF75DFBE4
:103200000DB1A5F800904046F7F775FC6FF00B067E
:103210003846FFF720FC71E75046FFF74EFBDFE72B
:103220005046FFF74AFB002DF0D0A5F80080EDE7EF
:1032300000232B80D5E76FF01506E9E76FF00A064B
:10324000E6E700BFB72A02004C19002080190020D1
:1032500038B5044600F120054FF0FF324FF0FF3340
:103260002846FFF728FB2046FFF742FC0446284685
:10327000FFF7F1FB204638BD2DE9F0410E46174619
:10328000044686B0002850D000F120084FF0FF32ED
:103290004FF0FF334046FFF70EFB76B92FB1396888
:1032A00019B12046FFF713FBD0B100254046FFF7C8
:1032B000D2FB284606B0BDE8F0813568002DEDD080
:1032C000284612F03DFF6A4601462846FAF774F98F
:1032D0000028E3D069462046FFF7F9FA0028DDD13F
:1032E00094F8A01001291DD031B13A46314620464C
:1032F000FFF748FB0546D9E7E36F63B1D4F8903098
:103300004BB104F148056FF064002A46FFF7BAFAA2
:103310002846FFF7D2FA2046FFF7EAFB05460028C9
:10332000E3D0C3E76FF00F05C0E76FF00105C0E71A
:1033300000487047C8350020002202481146FFF7B8
:103340006FBC00BFC835002013280ED8084A12F8F9
:10335000103053B102EB4002527832B10868434357
:1033600093FBF2F300200B6070476FF0150070477D
:1033700018EC03000122054BC3F8002590F89E10BD
:1033800009B1DA6070471A605A60704700E0005077
:103390007FB50BAB059303930A9B0822029300238E
:1033A000CDE9003218460122E5F7C7FA07B05DF80B
:1033B00004FB7FB5087900F01F04072C27D80B7891
:1033C0000B2B17D8DFE803F00707070716061616BA
:1033D0001012161404234A78032A1CD0042A2ED073
:1033E000344B0393344B08E00523F4E70623F2E75C
:1033F0000723F0E72F4B0393304B0822029300235F
:103400002F49CDE9003218460122FFF7C1FF6FF0C6
:10341000150004B070BD012544F20A064A88B24284
:1034200041D00ED844F20306B24218D044F2050649
:10343000B24236D0BAB31F4B0393224BDDE70025CF
:10344000EAE744F21406B2422FD044F22806B24210
:103450002DD044F20F06B242EDD1032200E000224B
:10346000C0F340101B0243EA0053002043EA053337
:1034700043EA0243220102F1A04202F56042C2F88F
:10348000183523018A7903F1A04303F56043C3F89B
:103490001425C3F810050C4B4A79234483F8B8204F
:1034A000B7E70122DCE70222DAE70422D8E70522A7
:1034B000D6E700BFE4DC0300991E0400761E04007A
:1034C000DCC60300C11E04002802002010B403461D
:1034D0000838D0E8EF2F511CC0E8E41F002CF8D1C9
:1034E0000AB910BC46E76FF00F0210BCC3F8802089
:1034F0007047F0B50D4687B04FF0FF334FF0FF3205
:1035000075480BF035FF6E68731EFE2B0DD9734B9B
:103510000393734B0821029300230122CDE900316C
:1035200018467049FFF734FF19E0002211466E4C2F
:103530006E4F26FA02F313F001033DD0BB1893F847
:10354000B830A3B90492654A0392694A02920822EC
:1035500001920122184663490093FFF719FF6FF0AB
:1035600015045D480BF0DEFE204607B0F0BD95F86F
:1035700011C004EB021EBCF1000C18BF4FF0010C8F
:10358000DEF81805013120F0807040EA0C60CEF8BA
:10359000180502F1510000012350C9B20132082A76
:1035A000C7D12B7CA3F10802062A18D8DFE802F065
:1035B000201722170917150002F1510000012350AE
:1035C000ECE70223484A0129C2F8F0356B7C13D995
:1035D000A3B1484B0393484B9CE70323F2E70493C2
:1035E000464B0393464B0293082301930023B0E715
:1035F0000023E7E70123E5E7082B19D8C2F8F435E3
:103600002A684B00CAB9EA689A421AD2CDE9042363
:103610003C4B082203933C4B324902930023CDE9F3
:10362000003218460122FFF7B3FE6FF00B0498E753
:103630000493304B0393354BD5E7928902FB033358
:10364000E1E72F46AA68284B284CC3F82C2604F142
:103650008C06C3F830160FCF0FC63B682746336081
:103660000026C4F888602B6893B30FCB04F1A00543
:1036700085E80F00C4F88C50A4F8B06040B3D7E8D8
:10368000EF3FC7E8E26F002AF9D121494FF400402B
:103690000F463146D4F8A0500023E5FB00711D4AC7
:1036A00038460FF085FD0022CDE90001002304F12A
:1036B00008000DF059FC4FF0FF324FF0FF33164871
:1036C0000BF056FE08B1C4F88800D4F8884048E7EB
:1036D0000648FFF74FFEEEE770020020FBDC030018
:1036E000F01E0400DCC6030000E0005028020020A9
:1036F000121F040015DD0300591F040006DD03003E
:10370000301F040026DD0300B61F04008F1F0400D5
:103710003F420F0040420F009002002010B50024ED
:103720000D4B0E20C3F80441D3F80421C3F8104117
:10373000D3F810211222C3F80423E7F7E1F9224657
:1037400001210E20E7F70CFA0448836D13B94830C5
:103750000BF0E8FD002010BD00E000502802002022
:1037600038B52D4BD3F80421002A48D00022C3F8E5
:103770000421D3F804110121284C9960C3F80025D5
:10378000D4F88C302546ABB3D4F8A430B4F8B020CC
:1037900033B104F18C019847012814D0022823D0BA
:1037A000B4F8B030B4F8AC209A421DD90133A4F873
:1037B000B030194BD3F82C26D3F8341689B202EB6B
:1037C0004102C3F82C26D4F8A0301BB9BDE838401C
:1037D0001248CFE5D5E8EF3F5A1EC5E8E12F002992
:1037E000F8D1012BF2DC38BDD4F8A03013B10C486D
:1037F0000DF0EAFBBDE838400A480BF093BDD3F862
:1038000010110029EFD0C3F81021D3F810210122A4
:103810009A601A605A60E6E700E000502802002033
:1038200030020020900200207FB50BAB059303937C
:103830000A9B082002930023CDE900301846E5F7E3
:103840007CF807B05DF804FB10B5017E0446022940
:1038500086B017D0042914D021B3134B04910393DD
:10386000124B0822029300231149CDE90032184679
:103870000122FFF7D9FF2046F7F73DF9002006B0F7
:1038800010BD052104F10C0013F09CF8228AE168B8
:103890000848E3F703FE0028EDDA034B0490039396
:1038A000054BDEE70121EDE744DD0300F71F0400CF
:1038B00024C70300FC4A00200B20040010B50B486D
:1038C00086B0DEF745FE041E0DDA094B082203938D
:1038D000084B0949029300230494CDE900321846AD
:1038E0000122FFF7A1FF204606B010BD54DD030002
:1038F0006CDD03002720040024C7030001480BF0FF
:1039000011BD00BFF017002010B51A4886B0E3F7CC
:10391000D8FC044698B110F1780F10D0164B0490E3
:103920000393164B0822029300231549CDE9003278
:1039300018460122FFF778FF204606B010BD114A55
:1039400011490C48E3F726FD044620B10A4B0490C8
:1039500003930E4BE6E74FF4004200230C480BF0B4
:1039600007FD04460028E7D0034B04900393094B5E
:10397000D8E700BFD0C303007ADD03005520040060
:1039800024C70300F4110020FC4A00208920040011
:10399000F0170020B12004002DE9F04F80460646C4
:1039A00018F8010B0D46042889B001F1FF330BD044
:1039B000052800F0BE80022840F0EB80032B78D869
:1039C0007B4B03937B4B04E0012B0FD87A4B039383
:1039D0007A4B02930023082401221846CDE90034D3
:1039E0007749FFF721FF09B0BDE8F08F73783E2BD0
:1039F0003ED1F778A7F1020CDCF1000747EB0C078A
:103A00000222414607A812F02BFC9DF81D30033D11
:103A10009D4232D177B34FF000084FF00009DFF834
:103A200098B1DFF8A0A142464B4639469DF81C00EC
:103A3000EAF75CFD044620B300F10C07022207A957
:103A4000384612F081FE384613F0DEF8854225D95B
:103A5000CDE90450584B03935B4B0821029300239C
:103A60000122CDE9003118465549FFF7DDFE45E05A
:103A70000027C5E74FF4A028CFE74F4B0393534BE4
:103A8000A7E7002FAFD108230222CDE90073CDE9CB
:103A900002AB3B464A49FFF7C7FEC4E72A46F11C82
:103AA000384612F051FE204609B0BDE8F04FDEF76F
:103AB000FBBC002200230320EAF7E6FC044608B31F
:103AC0000422414607A804F10C0712F0C9FB0422A6
:103AD000384607A912F038FEBDF81E30053D9D425C
:103AE0001BD0334B03933A4B08200293002301224F
:103AF000CDE9003032491846FFF796FE2046F6F72A
:103B0000FAFF70E72A4B0393324B029308230122FA
:103B1000CDE900432A49234663E7384613F074F899
:103B2000854203D9CDE90450214B94E72A46711D03
:103B3000B6E7032B03D8284B0393284B49E7002211
:103B40000023EAF7A1FC0446B0B10422414607A8CD
:103B500004F10C0712F084FB0422384607A912F086
:103B6000F3FDBDF81E30053DC3F30D039D4207D0A4
:103B7000194B03931A4BB7E7174B0393194BC4E741
:103B8000384613F041F88542D0D9CDE90450124BA4
:103B900061E7154B08220393144B04900293002312
:103BA0000749CDE9003218460122FFF73DFE1AE72A
:103BB0009ADD03008221040088DD0300D520040083
:103BC00024C70300222104005B210400FA20040022
:103BD000C3210400A5210400ACDD0300E921040099
:103BE0002A2204000C220400BEDD0300502204003F
:103BF0000C220369C9B201FB0233986F00F0070081
:103C000070474FF02003EFF3118283F31288BFF364
:103C10006F8F036803F0C00343F00203036082F375
:103C20001188BFF36F8F704770B5C9B203694FF049
:103C30002004EFF3118584F31288BFF36F8F0C26F5
:103C400006FB0134A46F14F0C00408D0A24206D0D1
:103C500085F31188BFF36F8F4FF0FF3070BD0122E5
:103C600071430B449A6785F31188BFF36F8F4368E4
:103C70000B445B6898470020F0E78022D4E7F8B552
:103C8000069F0469C9B24FF02005EFF3118685F352
:103C90001288BFF36F8F0C2569430C44A56F05F0A4
:103CA000070CBCF1010F0BD1A76786F31188BFF396
:103CB0006F8FC4E91C2343685B5898470020F8BD08
:103CC00005F0C005AF4286F31188BFF36F8F0CBFBC
:103CD0006FF077004FF0FF30F1E713B580240094C8
:103CE000FFF7CDFF02B010BD084B70B5C31A0D46EB
:103CF00007499B100446594340220648FFF794FFAA
:103D00002B4601462046BDE870401847044B002072
:103D1000B76DDBB61CC3030010B41C240069CBB222
:103D200003FB0400002110BC1047402373B50B4C6B
:103D30000093041B0B460D460949A4106143064637
:103D4000084A0948FFF79BFF011E05DA30462B465B
:103D500002B0BDE87040184702B070BD044B0020AF
:103D6000B76DDBB6193D02001CC30300032003F04E
:103D700063BE022003F060BE002003F05DBE03209E
:103D800003F0B9BE022003F0B6BE002003F0B3BEBC
:103D900010460BF0C7BA2DE9F84300220121064670
:103DA0000520E6F7DDFE114803F005FE104B9842B2
:103DB00019D103F011FE00244FF01C090C27DFF885
:103DC00034803569414609FB0450E0F7E8FE0028DD
:103DD00007DB012307FB04551C44042CAB67F0D11F
:103DE0000020BDE8F8836FF00400FAE72D3E0200E2
:103DF0000000AD0BCCDD030001460C2300224B4339
:103E000070B50848C41878331844D4E91C562267A2
:103E1000FFF7F7FE2DB132462B46BDE87040024851
:103E2000184770BD044B00201CC30300062811D89E
:103E3000DFE800F0040E1010100C0A00064B986F1B
:103E400010F0070006D1D7E70220FCE70320FAE7CD
:103E50000120F8E7704700BF044B002008B54FF081
:103E60002003EFF3118183F31288BFF36F8F1248A1
:103E7000D0F8A03043F00202C0F8A020DA0708D43E
:103E800081F31188BFF36F8FBDE80840012003F074
:103E9000D3BD4FF05023D3F80C24D3F80C34DB07F8
:103EA000EED57830FFF7ADFE81F31188BFF36F8F49
:103EB000BDE8084000209FE7044B002030B589B0E2
:103EC00004460D4614220021684612F0D4F90B4B2B
:103ED000294601930123059306ABCDE9063320461D
:103EE0006B46074AFFF7F9FE002805DB4FF48042D6
:103EF000002368460BF03CFA09B030BDC1FD02005A
:103F0000913D020010B54FF02003EFF3118483F3CD
:103F10001288BFF36F8F084AD2F8A03023F0020155
:103F2000DB07C2F8A01002D4012003F0E4FD84F303
:103F30001188BFF36F8F10BD044B0020C3B21C204B
:103F4000014A03FB00207047044B0020074BD3E8D5
:103F5000EF2F42F00101C3E8E01F0028F7D19307DB
:103F600002D4012003F068BD704700BFA44B0020BD
:103F700010B54FF02003EFF3118483F31288BFF3E1
:103F80006F8F084AD2F8A03023F001019B07C2F8D6
:103F9000A01002D4012003F0AEFD84F31188BFF31A
:103FA0006F8F10BD044B002001213C4B2DE9F041E7
:103FB000074603F1A400D0E8EF2FC0E8E41F002C6F
:103FC000F9D15AB9C3F8B01003F11C0003F1A801EC
:103FD000C3F8AC20C3F8B420E0F7F4FD7B1E012B3E
:103FE0002BD8012F07D14FF05023D3F81C3403F006
:103FF0000303022B21D00AF0BDFB0546F8B9284B7C
:104000001B78E3B14FF0502302220646C3F8082381
:104010004FF05024DFF88C80D4F81824D4F81834EA
:10402000D20316D503F00303022B01D0012F10D1C8
:1040300075B386F31188BFF36F8FBDE8F0814FF041
:104040002003EFF3118683F31288BFF36F8F0125EE
:10405000DEE7C5B1304613F01DFCD4F81835DBB2ED
:10406000012BD9D1D4F80421002AD5D00022C4F8DC
:104070000421D4F804210222C4F818252022C8F80B
:104080008021A360C8E7002121200CF0E1FAE4E7D9
:104090004FF050230222C3F80423CEE7044B002044
:1040A000C036002000E100E008B5074809F0B8FF7D
:1040B00038B10648E7F7C5FB0448E0F7A8F8002048
:1040C00008BD6FF01200FBE794C30300D14002006B
:1040D0000A2838B50446074D04D1AB680D2128469F
:1040E0005B689847AB6803485B68E1B29847204635
:1040F00038BD00BF94C30300704700BF00F1744097
:1041000000F5A6000A289ABF024B33F910006FF0A1
:104110000F00704734DE0300024B0B600123136075
:10412000704700BF4CDE03000048704754DE0300B8
:1041300018B901F140000BF0F5B870477FB50BAB33
:10414000059303930A9B082002930023CDE90030D6
:104150001846E4F7F2FB07B05DF804FB10B504461F
:104160004FF0FF334FF0FF3220300BF001F994F89D
:10417000803023B94FF050230122C3F8B82510BD79
:10418000054B994206D14FF0FF324FF0FF334030DC
:104190000BF0EEB8704700BF0000AD0B4FF0FF32E0
:1041A0004FF0FF330BF0E4B890F8803023B94FF0B4
:1041B00050230222C3F8B82520300BF0B3B870B5F5
:1041C0004C68054688B004B3D4E900438868F0B170
:1041D000D0E90060E0B1DBB1834212D10133092B99
:1041E000097818D9CDE904131A4B082203931A4B06
:1041F0001A4902930023CDE9003218460222FFF744
:104200009DFF6FF0150008B070BD2346DEE706463F
:1042100001330344E3E78DF8193040F20113ADF8A0
:104220001A30002328698DF81C308DF818108DF88D
:104230001D20FFF793FF2146324606A805F074FAC9
:1042400004462869FFF7B0FF204608B0BDE870407B
:1042500054E700BF5CDE0300E022040064C80300F2
:104260001FB5002291420CBF0623042301A9CDE90A
:10427000012203928DF80430FFF7A1FF002818BF38
:104280006FF0040005B05DF804FB7FB5FF238DF8E7
:1042900003300DF10303002201930123CDE9023223
:1042A000052303A98DF80C3001AB04920593FFF7A9
:1042B00086FF0028A8BF9DF8030007B05DF804FB47
:1042C00038B50569044695F88030F3B92846FFF7FC
:1042D00045FF0022002305F160000BF049F82B6F29
:1042E0004BB90A4D05F03EFBA84208D105F05CFB36
:1042F0000022074B1A702069BDE8384054E70021BE
:1043000040F267600CF0A4F9ECE738BD0000AD0B9B
:1043100051510020F8B50669054696F88040D4B999
:104320003046FFF71BFF0D4F06F160000AF0FAFF61
:104330003B785BB932460A49686805F0B3F9FFF784
:10434000DDFEB0FA80F304465B093B702869FFF795
:104350002BFF2046F8BD0024FBE700BF5151002091
:10436000314102002DE9F04F002906461546D0F8EC
:1043700004A087B005DBDAF82C308A189A42884608
:1043800014D94A4B08200393494BCDE904150293F5
:1043900000230122CDE9003046491846FFF7CEFE42
:1043A0006FF01504204607B0BDE8F08FC1F30B0293
:1043B000002DF5D0C5F30B031343F1D1FFF7AAFF8E
:1043C000044660BB3069FFF7E9FE21463046FFF73F
:1043D00047FF044600BB3069FFF7C0FEDFF8D8B0E6
:1043E000DAF82C30AB421ED105F08AFBA94607460D
:1043F00039463069FFF7C4FE5F4543D1B5EB090587
:10440000C844EDD13069FFF7CFFE01213046FFF7F8
:1044100027FF002C08BF044630690AF083FF3046AE
:10442000FFF74EFFBEE7B5F5803F0AD31FFA88F3CA
:1044300053B94146012005F015FB4FF4803907467A
:10444000D6E7B5F5805F09D3C8F30B0030B9414614
:1044500005F008FB4FF480590746C9E7174B0821C0
:104460000393174B012202930023CDE904851846DC
:10447000CDE900310F49FFF761FE12493069FFF7BE
:104480007FFE104F0D4B082203930F4BCDE904859F
:104490000293002307491846CDE900320122FFF7B5
:1044A0004DFE3846FFF72AFE0446ABE76ADE0300FE
:1044B0000723040064C803000000AD0B79DE03008D
:1044C000552304000400AD0B772304002DE9F041CF
:1044D000436890B05E6B0546002130460DAA12F08D
:1044E000C7FE041E4FDB0D9B32681979186801F076
:1044F000A9F9041E47DB4FF05024012700220121B7
:104500002B20E6F72DFB6E682A693046C4F8B87593
:10451000634905F0C7F80223C4F8B835FFF7EEFD8C
:10452000041E30DB0022AB2328460DA9CDE90D2265
:104530000F928DF83430FFF742FE041E23DB232058
:1045400013F006F8737F023BBB4220D996F81C801B
:10455000A8F10308B8458CBF4FF000084FF00108E0
:104560002846FFF792FE041E13DA4E4B08200393F1
:104570004D4B0122029300234C49CDE900300494B5
:104580001846FFF7DBFD204610B0BDE8F081B846C5
:10459000E6E7E2B2C4F38014A0450AAE0BAF32D016
:1045A000002382F04002ADF828308DF82820012247
:1045B00028460DA9CDE90C230B960F938DF83420D6
:1045C0000E97FFF7FCFD041E16D0DCDA384A394B93
:1045D0003649B8F1000F18BF1346CDE90434314B0A
:1045E00008220393344B02930023CDE9003218468E
:1045F0000122FFF7A3FDC6E72846FFF746FE041E8B
:10460000E4DBE107F8D42846FFF75AFE0324002331
:10461000CDE90C430E939F2328460B968DF834303A
:104620000F97FFF777FE024628B12846FFF748FEAE
:104630006FF01204A7E728460DA9FFF7C0FD074653
:104640002846FFF73DFE002FF2D16D682246314625
:1046500005F1300011F0DDFD0446002893D095F8F7
:1046600032300122099395F831303846089395F895
:1046700030300E4907939DF82A3006939DF8293073
:1046800005939DF8283004930C4B03930C4B029335
:104690000823CDE900733B46FFF750FDC8E700BF94
:1046A0003141020084DE03009F23040064C803003C
:1046B0004E0E040099230400B323040098DE030087
:1046C000C82304002DE9F04705460F461E469046D4
:1046D00088B0E2B1DBB1042B01D9980717D1B90733
:1046E00015D1002F6A6803DBD26ABB19934214D933
:1046F000424B08220393424BCDE9047602930023F8
:104700004049CDE9003218460122FFF717FD6FF04E
:104710001504204608B0BDE8F0872846FFF7FAFDEB
:104720000446002862D12869FFF738FD2146284653
:10473000FFF796FD04462869FFF710FD002C43D1D2
:10474000032E1CD83A46042107A805F089F904462F
:1047500001462869FFF714FD2B4B9C4234D13246A9
:10476000414607A811F07CFD3A46042107A805F050
:1047700075F9044601462869FFF702FD24E008F0B8
:104780006043B3F1005F02D118F0030F32D0DFF8BD
:1047900078A0042EB14628BF4FF0040941464A468E
:1047A00007A811F05DFD3A46494607A805F056F9FD
:1047B000044601462869FFF7E3FC544504D1B6EBF3
:1047C0000906C8444F44E4D12869FFF7EDFC0121F4
:1047D0002846FFF745FD064628690AF0A3FD002C90
:1047E00014BF20463046FFF789FC04462846FFF7F1
:1047F00067FD8EE73A4631464046B8E7A9DE03003A
:10480000FE23040064C803000000AD0B2DE9F04F47
:1048100081460E461C4690468BB0C2B1002B00F07C
:10482000A1800029426803DBD26ACB18934214D9D5
:104830004D4B082203934D4BCDE9046402930023B2
:104840004B49CDE9003218460122FFF777FC6FF0A3
:10485000150528460BB0BDE8F08FFFF75BFD054658
:1048600000287BD1754205F00305D9F81000FFF749
:1048700075FCA54228BF2546D8F1000303F00303C9
:1048800008F0030758BF5F427F4207F00307A742C3
:1048900028BF2746631BE41B24F0030423F0030A0C
:1048A000A245C8BFA24603F0030BC8BFA3EB040B8D
:1048B000BAF1000F19D008EB0703721951461846D8
:1048C000079305F0CDF804460146D9F81000FFF72C
:1048D00057FC284A944239D1BD4206D0079B524624
:1048E000194608EB050011F0A4FCADB1C5F10407B1
:1048F0000421F21B08A805F0B3F804460146D9F8D4
:104900001000FFF73DFC1B4B9C421FD108AB2A4611
:104910004046D91911F0A4FCBBF1000F15D0721953
:104920000821524408A805F09BF804460146D9F82E
:104930001000FFF725FC0F4B9C4207D10AEB050046
:104940005A4608A9404411F08BFC0A4CD9F81000D3
:10495000FFF72AFC2046FFF7D1FB05464846FFF744
:10496000AFFC76E71D4674E7B8DE03004C24040074
:1049700064C803000000AD0BF0B50769044697F862
:1049800080300D468B4287B017D0FFF7C3FC064638
:10499000A8B1184A184B1949002D18BF1346CDE984
:1049A0000430174B08220393164B02930023CDE9E2
:1049B000003218460122FFF7C1FB07B0F0BD124BD1
:1049C00095B10122C3F84C252069FFF7C7FB30469B
:1049D00005F026F887F880502069FFF7E5FB2046B0
:1049E00007B0BDE8F0406BE4C3F84C552069FFF711
:1049F000B5FBEFE799240400A024040064C8030079
:104A0000C6DE0300A824040000B00250024B0B6075
:104A100001231360704700BFBC4B00200048704763
:104A200060DF030038B505460C4604F091F9002D0F
:104A300007DBA84205D9401B84428CBF002001201F
:104A400038BD0020FCE77FB50BAB059303930A9BB1
:104A5000082202930023CDE9003218460122E3F731
:104A60006CFF07B05DF804FB70B50D4686B01946C3
:104A700028461C461646FFF7D5FF034680B90C4A68
:104A8000CDE9045403920B4A0B4902920822CDE966
:104A900000020122FFF7D7FF6FF0150006B070BDCE
:104AA00024B122462946304611F0DAFB0020F5E712
:104AB00068DF0300E62404007CC7030010B5012270
:104AC000064C114604F108000AF014FC04F046F903
:104AD000206004F040F96060002010BDBC4B002055
:104AE000F0B587B00E46144604F035F92146054668
:104AF0003046FFF797FF37460346A0B3B6FBF5F302
:104B000005FB136323B9B4FBF5F305FB13438BB12A
:104B10001B4B082203931B4BCDE904640293002333
:104B2000CDE90032184601221749FFF78CFF6FF0DC
:104B3000150002E0A54202D9002007B0F0BD4FF0F9
:104B4000FF324FF0FF3311480AF012FC04F003F972
:104B50000546384603F0E2FF641B2F44F9D10B48A9
:104B60000AF0E0FBE8E7064ACDE904640392084A4C
:104B7000054902920822CDE900020122D5E700BFD3
:104B800077DF0300072504007CC70300C44B002027
:104B9000E6240400F0B50E4687B0194630461C46A0
:104BA0001746FFF73FFF034680B9204ACDE904646A
:104BB00003921F4A1F4902920822CDE900020122F6
:104BC000FFF741FF6FF0150007B0F0BD46EA04059E
:104BD00015F003050DD0154B08220393164BCDE9B4
:104BE0000464029300231349CDE9003218460122E0
:104BF000E6E7A4B14FF0FF324FF0FF330F480AF061
:104C0000B7FB24F00304A54205EB060009D10C4ACA
:104C1000D2F80034DB07FBD508480AF083FB0020FC
:104C2000D2E7795903F0F4FF0435ECE787DF03009E
:104C3000E62404007CC703002A250400C44B00209E
:104C4000009003500029034614BF0120002007D024
:104C50001A0A0A70C3F3421203F01F034A708B70E2
:104C6000704710B50C4619460D2A08D8DFE802F047
:104C70000C170A1C242A33383D454A3030306FF077
:104C8000150010BD0020FCE7C3780E2B20D9A36BC4
:104C900013F4007F0CBF6FF085000020F1E7C378AC
:104CA000122B15D9A36CF3E72368D80310D5E0685D
:104CB00080B2FFF7C7FFE4E723685A0208D5A0686F
:104CC000000CF6E7C378102B02D9206C030EF7D145
:104CD0006FF08500D5E72368DB02F9D5E068EFE7E0
:104CE00023689802F4D5A068E2E7C378102BEFD9C7
:104CF000206C10F47F4FDBD1EAE72369DA07E7D5B0
:104D00006069DDE72369DB06E2D5A069D8E74B1EC1
:104D10005B0800EB8300C369C90758BF1B0CC3F3D2
:104D2000072113F0FF031BBF002011706FF0150067
:104D300053707047C078092823D9013A486AC2EBFA
:104D4000C202111D093220FA02F220FA01F102F02A
:104D5000030200F00F0001F01F010130022A01F1EF
:104D600001014FEA400006D0032A06D0012A00D1F3
:104D7000090119607047C901FBE74FF47A7251438A
:104D8000F7E76FF085007047C3780A2B3BD98B6A31
:104D9000C3F34170C3F30461022801F101012BD078
:104DA00003282DD0012814BF090109021180C3F383
:104DB000C341180201F1010148BFC9009180C3F34A
:104DC0008331580301F1010148BFC9005180C3F389
:104DD0000421980401F101014CBF8901C900D1806F
:104DE0000121C3F3031003F00F03013381405B0083
:104DF00000205181138170474FF47A604143D5E719
:104E00004FF47A40FAE76FF085007047C3780D2BB6
:104E100023D9496B002920DBCB0D1370C1F341303E
:104E2000CB0B53700228C1F3042303F101030ED00E
:104E300003280FD0012806D0DB01C1F38501002033
:104E40005360917070474FF47A704343F5E74FF425
:104E5000FA50FAE74FF47A40F7E76FF085007047B1
:104E6000C3780E2B21D9896BCB0CC1F3C05003F052
:104E70000E030343080B00F0F0000343880800F41E
:104E80007C500343C1F3402043EA8033C80200F45E
:104E900078200905034301F470010B4311680020D9
:104EA00001F07F410B43136070476FF0850070473E
:104EB000C3780F2B14D9C96B0B480B0E13708B02E0
:104EC00000EA911003F47C030906034301F0FE415C
:104ED00010680B43054901400B43002013607047E5
:104EE0006FF08500704700BF00FF0300FF000080E7
:104EF000436800205B681B690B607047436802EAE7
:104F000001005B6821EA020198600020D9607047C7
:104F1000436800205B6899607047436800205B68C5
:104F2000D960704743685A68536821EA03000B4010
:104F300090600020D360704710B503695868F8B1DD
:104F4000884219D19C680868A142586000D19860D5
:104F5000002008602AB15A680A609A68596002B94C
:104F60009960002010E0814206D1086820609868AE
:104F70008142EDD19C60EBE7044600680028F2D145
:104F8000002AE8D16FF0150010BD30B5406801F07F
:104F90001F04057BB2F5001F85B044EA451405D116
:104FA000204603F051FB002005B030BD0025B2F5CE
:104FB000800FCDE9025514D1B3F1007F0CBF04235B
:104FC00005238DF8083000232046194602AA03F075
:104FD000A7F8234B98423CD10121204603F0E9FA7F
:104FE000E1E7B3F1C06F27D0B3F1007F14BF012315
:104FF00002238DF80830836823FA01F111F00101D2
:10500000E1D1B2F1A07FDED104F01F03620903F108
:10501000800313D0012A1FD1124A52F82330DB0734
:10502000D1D40DF107052946204603F0B5F90E4B02
:10503000984205D00395C6E70323DAE70B4AECE76D
:10504000284603F0F9F9064B9842F3D06FF00B00B5
:10505000AAE76FF01500A7E751F82330FFDE00BF85
:105060000000AD0B002884500400AD0B00258450D7
:1050700010B503F0D1F9044668B903F0A5F9084B5F
:1050800098420AD12146074803F080F922460521BB
:105090000D20E5F765FD002010BD6FF00400FBE773
:1050A0000000AD0BA95002004209034670B502D0C2
:1050B000012A17D070BD0D4E326951680029F9D010
:1050C000012503F01F030C689D400029F2D08A6877
:1050D0002A4002D030464B6898472CB123682146BD
:1050E0001C46F2E7024EE7E72346F8E744C3030015
:1050F00030C303002DE9FF41476801F01F053B7BEA
:10510000144645EA43150E4628460DF1070103F003
:1051100043F914F4403F80460DD1284603F0BAFA13
:105120003C4B984503D19DF8070003F07FF9002020
:1051300004B0BDE8F08100232846194602AACDE953
:10514000023302F0EDFF334B984214D1804503D176
:105150009DF8070003F06AF9A3034CD540F206332B
:105160002340B3F5837F1AD00DD8062B18D005D86D
:10517000B3B1022B32D06FF01500D9E7B3F5807FC1
:10518000F9D101230CE040F20222934228D0B3F57A
:10519000407F27D0B3F5007FEDD1022300E0072345
:1051A0008DF8083084F48033C3F30043E0068DF8B3
:1051B00009304CBF0323C4F3401321038DF80A3098
:1051C00012D501237A68B34093600022284602A9D1
:1051D00003F05EF80F4B9842A9D0CCE70423DFE739
:1051E0000523DDE70323DBE7620341BF01237A6880
:1051F000B340D360E9E7E3064FF000034CBF03245C
:10520000C4F340141A46284602A98DF8084002F05B
:1052100087FFDFE70000AD0B002201210920E5F741
:105220009FBC7FB50BAB059303930A9B08220293A7
:105230000023CDE9003218460122E3F77EFB07B0D8
:105240005DF804FB1FB511F00103426824D1C1F3DE
:10525000420102290CD003290ED0012910D1136874
:105260004FF0CC720020C3F8242505B05DF804FB94
:1052700013684FF0C862F5E713684FF07F62F1E7FB
:10528000074A18460392074A074902920822CDE9C5
:1052900000320122FFF7C5FF6FF01500E5E700BF00
:1052A000F0DF03008925040094C7030013B5002133
:1052B00001AA044611F0DCFF002805DB019B2268EF
:1052C0001979186800F0BEFA02B010BD70B54468D4
:1052D00086B0E369054606699847206AFFF7E6FF4E
:1052E00000281ADB334620460F4A04F1080105F076
:1052F00055F90E4B984212D02B68082204930C4BA0
:105300000C4903930C4B029300231846CDE900325D
:105310000122FFF786FF6FF0040006B070BD204643
:1053200005F0BEF90020F8E7795302000000AD0B4C
:1053300008E0030094C703009F25040070B544688B
:1053400023682046D3F80855D3F80C6505F0B8F962
:105350003146284605F064FD0546206AFFF7A6FFA2
:10536000204605F09DF9034B9D4214BF6FF00F00DE
:10537000002070BD0000AD0B0378012B08D0022B7C
:1053800008D04BB9054B0B6401F1200009F0CABFEE
:10539000034BF8E7034BF6E7034BF4E70000AD0BD4
:1053A0000100AE0B0200AE0B0100AD0B2DE9F04F7A
:1053B0001D46436893B0D0F8108008931B8B0746B6
:1053C0000C469246002114220DA8D8F84490099367
:1053D00010F051FF8DF835504FF0FF324FF0FF3392
:1053E000404609F0C5FF08F120030A930026002279
:1053F000002308F1200009F0BBFF3546564501D3D4
:10540000002437E0207A020700F1B08006F1010B9A
:10541000D34521680AD2830708D4237D80EA03029A
:1054200002F0010203F004031A4307D025B901F08A
:105430006043B3F1005F32D0002300E001236268D3
:10544000DDF824E005EB020CF4451AD93B6808248A
:105450000793484BCDE9052E0393474B0122029356
:1054600000234649CDE9003418460495FFF7D9FEDC
:105470006FF01B04404609F055FF204613B0BDE80D
:10548000F08FC00705D409EB05000B9310F0E8FE80
:105490000B9B62682A4495B2002B53D1DDB90025DD
:1054A000236810936368227A0E9302F0010382F05E
:1054B0000202C2F34002089852010DA98DF834305F
:1054C00005F054F92E4B984209D00B3398421FD166
:1054D0006FF00F04CEE72B46CDF84090E3E70023B2
:1054E0004FF480420A9809F043FF034698B1214BDC
:1054F00008220393234B2149029300230496184664
:10550000CDE900320122FFF78CFE3846FFF716FF87
:105510006FF00404AEE7D8F8402019498A420DD054
:10552000CDE90426134A15490392174A029208222C
:10553000CDE900020122FFF774FEE9E7237ADB07D9
:1055400003D400255E460C3458E7109B4B45F8D138
:10555000264606E0A91A8DB2F06819FA81F110F01A
:105560007FFE72680C3E9542F4D2EAE76FF0850444
:1055700080E700BF1BE00300C325040094C70300BD
:105580000000AD0B92260400C026040010B500698F
:105590000F299FBF00EB810440F8212023640020E5
:1055A00088BF6FF0150010BD0020704710207047B5
:1055B0007FB50BAB059303930A9B0822029300234C
:1055C000CDE9003218460222E3F7B7F907B05DF8DB
:1055D00004FB10B504460269A6B0C2F88000284951
:1055E000002003F0C5F9002201212A20E5F7B8FACE
:1055F00064688422002105A810F03DFE6368B3F5BD
:10560000803F0DD31F4B4FF0080C03931E4B02221B
:10561000029300231D491846CDE9003CFFF7C8FF5F
:105620002368B3F5803F0CD3164B08200393184B27
:105630000222029300231549CDE900301846FFF7F6
:10564000B7FF00230120259305AA61680432D940E1
:10565000C90744BF00FA03F142F8041C2168D9408D
:10566000C90748BF00FA03F103F1010348BFD16342
:10567000102BEAD105A803F093F9002026B010BD45
:10568000F15602008CE0030000270400C4C70300A9
:105690003027040030B505460C4685B062B1114B89
:1056A00008220393104B114902930023CDE90032E5
:1056B00018460222FFF77CFF0F2C0FD86B685B683F
:1056C000E340DB070AD501230020A400E4B204F183
:1056D000A04404F52834236005B030BD6FF01500F8
:1056E000FAE700BF9FE0030060270400C4C703007F
:1056F0007FB5D1F880600F2804460D46736803D843
:105700001B68C340D9070CD4174B08220393174BCF
:10571000174902930023CDE9003218460222FFF711
:1057200047FFD5F88430E34013F001030BD10E4A54
:10573000184603920F4A0E4902920822CDE9003220
:105740000222FFF735FF05EB840255F8245045B1DE
:10575000002321463046AC46126C04B0BDE87040D0
:10576000604704B070BD00BFADE003007F270400B8
:10577000C4C703009F27040030B50F290C460569F4
:1057800085B044D843681B68CB40DB073FD5D5F8CC
:105790008430CB4003F001031AB923BB6FF07700CC
:1057A00033E0002BFAD155F821305BB9194A18467D
:1057B0000392194A194902920822CDE900320222C5
:1057C000FFF7F6FED5F8843013B92A20E5F798F9EB
:1057D0000122D5F88430A2401343C5F88430E0B2EA
:1057E00003F01EF90AE0C8B203F022F90122D5F84D
:1057F0008430A24023EA0203C5F88430D5F884300F
:1058000013B92A20E5F78AF9002005B030BD6FF002
:105810001500FAE7BDE00300C0270400C4C7030079
:10582000036803F01F025B09026004D0012B0348E8
:1058300018BF002070470248704700BF00288450FE
:10584000002584502DE9F04F154682464FF001089F
:10585000DFF8789185B000EB8101514503D100203C
:1058600005B0BDE8F08FDAF8003003F07F04C3F331
:1058700043277F2C4FEA134308BF4FF0FF34222BFE
:1058800000F2A180DFE803F012222A422D34429F69
:105890009F9F9F45719F9F9F9F9F9F9F9F9F747FEB
:1058A00082859F9F9F888E9194979A00C5F80C459A
:1058B000601C1AD003A80394FFF7B2FF0126039BD4
:1058C00008FA03F383604FF0010B2BE0C5F8144591
:1058D000631C0AD000264FF0000B23E0C5F80845F2
:1058E000E6E7621CC5F808456BD10AF1040AB4E783
:1058F000631CC5F80C45F8D0012603A80394FFF7F4
:105900008FFF039B08FA03F3C360DCE7C5F810457B
:10591000DEE7C5F80845002FDAD1671CE5D0002680
:105920000627B346DAF8003003A803F40052002A31
:105930001CBF01264FF0000B01930394FFF770FF8B
:10594000039A019B00EB8200D0F80022C3F3C1143C
:105950003B0243EA840343EA0B0302EA09021343CE
:1059600043EA4603C0F80032BFE7C5F80C45D2E76A
:10597000C5F86045661CDAF80030B6D0C3F3803352
:10598000002BB9D096E7C5F86445F3E7C5F868453C
:10599000F0E7C5F86C45EDE7C5F82445621CA4D0D6
:1059A000012698E7C5F8284582E7C5F83045F5E7B0
:1059B000C5F83445F2E7C5F83845EFE7C5F83C458A
:1059C000ECE7002699E76FF0850049E7F0F0FCFF6F
:1059D000036803F01F025B09026004D0012B034837
:1059E00018BF002070470248704700BF002884504D
:1059F0000025845000210248C2E9000100207047C0
:105A00000024F4007FB50BAB059303930A9B082297
:105A100002930023CDE9003218460122E2F78DFF00
:105A200007B05DF804FBF0B589B0BDF838C00329B4
:105A30001646456804690CF0010C0ED9584B0491C8
:105A40000393584B02930823019300230122184625
:105A500055490093FFF7D6FF1FE0AA7F012A4FF0B8
:105A6000010204BF5B08760802FA01F7002B71D02F
:105A70009E4240D9D4F800E0207B764520D0B84340
:105A80000FD04A4B08210393494B02930023CDE9E1
:105A9000003118464449FFF7B5FF6FF0150009B013
:105AA000F0BD3246B2F5004F19D2266060732E6801
:105AB00095F81EE0C6F80C05C6F804E5C6F80825FA
:105AC000627BD3409BB2BCF1000F01D143F4004391
:105AD00004EB41018B80237B3B43237330E0013097
:105AE00008284FEA5202DDD1304B04960393314B24
:105AF000CDE90103A9E74B00234401F5AC71BCF1EA
:105B0000000F10D047F6FF729A802B6853F82130AF
:105B1000002B10DB07A80793FFF75AFF0123079A12
:105B20009340C36007E04FF6FF729A802B6853F8EA
:105B30002130002B1BDA217B21EA07012173F9B107
:105B4000A37B23BB00230122284605F1280103F093
:105B50008BFA1AE04A00224401F5AC71BCF1000F47
:105B600001D09380E2E74FF400439380CDE707A88C
:105B70000793FFF72DFF0123079A93408360DAE72D
:105B8000284603F0E5FA0123A373002087E70023EA
:105B9000A373284603F0F8FA0028FAD0D2E700BF32
:105BA000E8E003000D2804005CC80300FCE00300EB
:105BB000262804003F2804002DE9F041456888B0FC
:105BC000AF6B066904460021384607AA11F050FB66
:105BD00000284DDB079B3A6819791868FFF732FEF9
:105BE000002845DB00214FF001080F462B6801F526
:105BF000AC7253F82230002B0DDB07A80793FFF798
:105C0000E7FE079A4368D34013F0010318BF08FA70
:105C100001F33B43DFB201310429E7D10023012125
:105C2000023601FA03F23A420CBF0122002201338C
:105C3000D203042B26F8022FF3D1002328461A465C
:105C400005F1080103F08AF90C4B984213D0236840
:105C5000082204930A4B0B4903930B4B0293002336
:105C60001846CDE900320122FFF7CCFE6FF00F009D
:105C700008B0BDE8F0810020FAE700BF0000AD0BDE
:105C800015E103005CC803009F2504000B46026970
:105C9000D2E9010183E803000020704743681B68D4
:105CA000D3F88004C3F88004704710B544682368B3
:105CB000C3F84415C3F848250022C3F82021D3F8BF
:105CC0002011C3F85821D3F858216268D20608D5AC
:105CD000082142681268C2F800154FF48002C3F828
:105CE000042301229A6010BD436802691B68D3F83F
:105CF000100150B10020926912780A70C3F81001A7
:105D0000D3F8102101221A6070474FF0FF3070471E
:105D1000002A10B5044610DD43681B68D3F8100153
:105D200050B100202269C3F81001D3F810010120FE
:105D3000926912780A70186010BD0020FCE7436871
:105D400001691A684FF02000EFF3118380F3128885
:105D5000BFF36F8F0020C96888734FF48001C2F8C9
:105D6000041383F31188BFF36F8F70470122036917
:105D7000DB689A7370470369DB689A7B02F0FF0166
:105D800062B942681268D2F8580140B1D2F80403EF
:105D900010F4800003D00120196170470020704783
:105DA00043681B68D3F81001003818BF0120704702
:105DB000102243681B68C3F804237047102243680D
:105DC0001B68C3F8082370474FF4007243681B68D0
:105DD000C3F8042370474FF4007243681B68C3F88C
:105DE0000823704738B5436804461D68D5F8043366
:105DF0005B0205D4D5F8040310F0100006D138BDBD
:105E0000FFF7B9FF0028F5D00120F8E72046FFF79B
:105E1000C7FF003818BF0120F1E701207047036970
:105E2000D8680160DB685A6070477FB50BAB05939B
:105E30000393064B082202930023CDE90032184653
:105E40000122E2F77AFD07B05DF804FB8028040028
:105E500002680346D2F8580140B95B689B0706D434
:105E6000D2F82001003818BF012070470120704788
:105E7000F8B506690546F3689C8910339442A8BFBB
:105E800014460122D3E8EF0F002803D1C3E8E72F1F
:105E9000002FF7D10CBF134600231FD1F368224611
:105EA000986810F0DDF94FF02003EFF3118783F3CA
:105EB0001288BFF36F8F6868FFF7CAFFF36838B9BD
:105EC0000446186187F31188BFF36F8F2046F8BD31
:105ED000224628469968FFF7E8FEF3E71C46F5E7F7
:105EE000F0B54B79012B29D0032B24D110278B79C6
:105EF000032B20D1CE790EB1012E1CD10A79012AB3
:105F00001ED0022A20D0B2B914460B684568B3F5FA
:105F1000164FD5F800C06ED033D8B3F5165F6DD0EC
:105F20001CD8B3F5966F6BD010D8B3F5967F6AD0B6
:105F3000B3F5167F6AD06FF085005BE00027D6E7E7
:105F40004FF480740E22E0E70024FBE7B3F5166FF0
:105F50005FD0B3F5965FEED1384B3CE0B3F5E14F3F
:105F60005AD007D8B3F5615F58D0B3F5964FE2D158
:105F7000334B30E047F61225AB42DCD14FF400033F
:105F800029E0B3F5613F4BD013D8B3F5963F4AD023
:105F900009D84DF6C025AB4247D0B3F5614FCAD101
:105FA0004FF46B0317E0B3F5E13FC4D14FF0EB734F
:105FB00011E0B3F5612F3BD008D8224DAB423AD067
:105FC000B3F5E12FB7D14FF0E86304E01E4DAB42CB
:105FD000B1D14FF080530569CCF8243543683A437A
:105FE0001B6834432243C3F86C252B1D03C983E887
:105FF00003000020F0BD4FF41D03ECE7134BEAE76C
:106000004FF49E23E7E74FF4A033E4E74FF41C334B
:10601000E1E74FF41D23DEE70D4BDCE70D4BDAE73C
:106020004FF06C73D7E70C4BD5E74FF46503D2E71D
:106030004FF07063CFE74FF08063CCE700B0130000
:1060400000A04E0090D0030040420F0000502700F7
:1060500000C0750000F03A0000903A0110B44268A8
:106060001368D3F80413C90518D5D3F82011A9B1C2
:106070004FF02004EFF3118184F31288BFF36F8F88
:10608000D3F8204134B10024C3F82041D3F8204193
:106090000124DC6081F31188BFF36F8F5268D20650
:1060A0001AD54FF02002EFF3118182F31288BFF36B
:1060B0006F8FD3F8582112B10022C3F8002502696E
:1060C000D2680AB112691AB94FF48002C3F80823E2
:1060D00081F31188BFF36F8F0269D4686CB1D3F874
:1060E000581161B100212161D468A47B3CB14FF407
:1060F0008000C3F80803D368997310BC7047D3F8C5
:10610000241121B10021C3F82411D3F82431D2681D
:106110001368002BF1D0516810BC18472DE9F043EB
:10612000804687B0002201210820E4F719FD0820ED
:10613000E4F7E6FC0021D8F80470D8F810603D6858
:1061400005AAC5F80015C6F80080D7F80C90484697
:1061500011F08EF8041E27DB059BD9F80020197971
:106160001868FFF76FFB041E1EDB4046311DFFF76A
:10617000B7FE0446C0B97B68990725D506F11C0017
:1061800001F0B4FD244B984212D0244B20460393D7
:10619000234B0122029308232249CDE900432346E1
:1061A000FFF743FE6FF00404204607B0BDE8F0831C
:1061B000307F05F10C0205F5907101F0D4FA012051
:1061C000337F984001F0B2FA0823C5F800353B7AD6
:1061D00053B9C5F81031D5F81031B369C5F8343565
:1061E0000123C5F838352B607B689A075CBF4FF4F4
:1061F0008073C5F804337B68DB0644BF4FF480032B
:10620000C5F804337369C5F844350023C5F848352B
:106210000123AB60EB60C7E70000AD0B80E103003A
:10622000802804008CC80300F8B504460D460769B1
:1062300008F0A0FAB0B9214B1B789BB164266068C6
:10624000FFF706FE00BB012001F0B1F9013EF6D1D7
:10625000002121200AF0FCF9F0E781F31188BFF357
:106260006F8FF5E74FF02003EFF3118183F312886E
:10627000BFF36F8F60680E46FFF7EAFD90B981F3B8
:106280001188BFF36F8FEDE74FF02003EFF311811B
:1062900083F31288BFF36F8F60680E46FFF7D8FD57
:1062A0000028DAD07B6901221D7020467969FFF74A
:1062B000FCFC86F31188BFF36F8FF8BDC036002059
:1062C000002201210A20E4F74BBC10B50B6813B97A
:1062D0001846136005E003685C681CB1146003682D
:1062E000186810BD083303600B68013B0B60EDE7D5
:1062F0007FB50BAB059303930A9B08200293002301
:10630000CDE900301846E2F718FB07B05DF804FB52
:1063100003460A4619790123006803FA01F103696B
:106320001B68194218BF82F0010212B18368DB6852
:10633000184783681B69FBE710B5036804464BB137
:106340009A683AB1186911F003F920680021083001
:10635000FFF7DEFF236A33B9636004F11000BDE884
:10636000104008F0DFBF10BD10B5006903688B4214
:1063700006D190F87C4034B9FFF7DEFF204610BD0F
:106380006FF01500FBE76FF00F00F8E72DE9F04123
:10639000456888B0EF6B06690021384607AA10F0FF
:1063A00067FF041E1FDB079B3A6819791868FFF71F
:1063B00049FA041E17DB286C471C28D000F09EFB0E
:1063C00010F1130F044612D1344B08240393344BBD
:1063D00001220293002333491846CDE90034FFF728
:1063E00087FF6FF01204204608B0BDE8F081601D01
:1063F0000DD12A4B082103932B4B0122029300233A
:10640000CDE9003118462749FFF772FFEBE7012776
:106410006B6B9847B568D6E9023203EBC2039D4225
:1064200004D33046FFF788FF0024DCE7286807F034
:10643000F7FD034680B92A791A4905922A6812683D
:1064400004921A4A03921A4A02920822CDE90002E3
:106450000122FFF74DFFC4E728682979EB88D0F8BF
:1064600010C0DA07DCF8004054BF43F4B01383F4E3
:10647000D01323F4801207FA01FEDB07D0F808805E
:106480004CBF44EA0E0424EA0E04CCF80040D8F8CD
:1064900000309847041EA6DB0835BCE718E203006D
:1064A000BD2804007CC80300EC28040026E2030099
:1064B0000D29040070B5026804460E466AB193685F
:1064C0005BB1938813F4805507D1106911F040F83F
:1064D000206829460830FFF71BFF266504F13000CD
:1064E00008F020FF002384F87C3070BDF0B504690B
:1064F0000646A56E4768236F85B035B963BB19465C
:10650000306905B0BDE8F040D4E7616E03BB31BB34
:106510003A8F636EAA4228BF2A460091A2671BB138
:10652000A36E002B18BF13460193E36E02931BB1B9
:10653000236F002B18BF1346002269463846039389
:1065400003F094FE0F4B984219D06FF00401D7E787
:106550009D4228BF1D46DAE71D46616ED8E701F06F
:106560006043B3F1005FD3D0082D28BF0825D4F8CD
:1065700080002A460FF074FED4F88010C8E705B0FA
:10658000F0BD00BF0000AD0B1FB503780C46002B1B
:1065900062D1896F39B96FF07301636F186904B004
:1065A000BDE8104086E7A26E6AB1914222D92B4A1B
:1065B000184603922A4A2B4902920822CDE900325A
:1065C0000122FFF795FE236FA26F73B19A422AD979
:1065D000254B08220393224B224902930023CDE945
:1065E000003218460122FFF783FE606F04B0BDE859
:1065F00010407BE7521AA2667AB9636D04F1680213
:1066000008336365A36D04F15801013BA36504F1F0
:106610005400FFF75AFE6066D5E7636E002BD2D0B8
:106620000B446366CFE79B1A23677BB9E36D04F1E4
:1066300070020833E365236E04F16001013B2366B9
:1066400004F15C00FFF741FEE066CEE7E36E002B4D
:10665000CBD01344E366C8E704B010BD43E20300A7
:10666000352904007CC8030059E203002DE9F04FEE
:1066700095B007934368074608938B8888469E0425
:106680009246046939D44FF0FF324FF0FF3304F1E2
:10669000100008F06DFEC4F80480D7F81090D7F809
:1066A00004B099F87D30DBF808C023B1D9F8003088
:1066B000984500F03C81B8F804E01EF4006323D054
:1066C0007D4B082503937D4B0122029300237C49D7
:1066D000CDE900351846FFF70BFE6FF085052368FE
:1066E0009B8813F4005304D1636004F1100008F098
:1066F00019FE284615B0BDE8F08F236A002BC2D1E1
:1067000063689942BFD1C8E71EF0010210D03A6811
:1067100018460492684A6A4903926A4A0292082219
:10672000CDE900320122FFF7E3FD6FF01505D6E752
:106730001EF008030DD0604B0393634B02930823B4
:10674000CDE900231346012218465D49FFF7D0FD2D
:10675000EBE7CEF34512082A07D0574A03925B4A6B
:1067600002920822CDE90032EDE7D8F80010099135
:1067700009985749884204D84F49039155490291D5
:10678000F0E7554B9C4507D94FF05022D2F85825D9
:1067900012F0030F18BF9C460AAD0BF10C060FCE8A
:1067A0000FC50FCE0FC5099B96E80300634528BFB0
:1067B00063469C46494B85E803009C4517D2464BEF
:1067C0009C4514D2464B9C4511D2464B9C4558D80B
:1067D000454B9C4557D8454B9C4556D8444B9C450A
:1067E00055D84449444B454A8C4588BF13461EF052
:1067F000020F0F930EF004034BD0002B14BF0323A2
:1068000002238DF84030CEF300138DF84130DBF8D1
:1068100000301EF0020FD3F80835CEF340014FEAE6
:10682000531203F01F033AD1002A36D0012A40F058
:1068300036813349012202FA03F3CB6099F87D30A7
:106840002BB1584603F0CCFC002389F87D304B4631
:1068500058462C4A0AA903F06FFC2B4B984261D092
:10686000154B04900393294B082002930023012227
:10687000CDE9003012491846FFF73AFD6FF00405E4
:106880002DE7234BB3E7234BB1E7234BAFE7234B74
:10689000ADE7003B18BF0123B3E72149CAE742B186
:1068A000012A40F0FE801649012202FA03F38B60B0
:1068B000C4E71B49F8E700BF6FE203005729040053
:1068C0007CC80300752904009B290400BE2904002C
:1068D00047E80100F12904000024F4000048E80121
:1068E00000127A00FF083D007F841E003F420F0027
:1068F0001FA107008FD0030048E8010090D00300DB
:1069000000288450896502000000AD0B262A04008F
:1069100000093D0080841E0040420F0020A10700B6
:10692000002584500123C9F8008089F87D300123B7
:1069300084F87C30089B186C411C10D000F008F9DA
:1069400074300CD1584B08220393584B584902938A
:106950000023CDE9003218460222FFF7C9FCBAF144
:10696000000F78D1C4F854A00023A36504F1680295
:1069700004F1580104F15400FFF7A7FC079B60667F
:10698000002B70D1E3650023236604F1700204F14B
:10699000600104F15C00FFF798FC0023E0662068CA
:1069A000236548B183683BB101210830FFF7B0FC93
:1069B0002368186910F0CCFD3846FFF797FD0022D8
:1069C0001346A06D834256D100231946256EA94275
:1069D00058D1934238BF134626464FF4FA524FF02F
:1069E000000802FB03F556F8303B4FF4004C1B68DF
:1069F0004146B5FBF3F540F2E730C8354FF47A7203
:106A00000023E5FB0C010CF0D3FB02460B4630469D
:106A100008F0AEFC00283CD0264B01220393264B05
:106A20004046029308232249CDE900834346FFF7FD
:106A30005FFC00250898A56703F0D2FB84F87D5021
:106A40006FF073013869FFF735FD304608F0B8FC88
:106A50006FF0730543E6DAF800306365002B83D0EE
:106A6000DAF8043081E7079B1B68E365002B8AD0C6
:106A7000079B5B6888E7616D01EBC30149680133DF
:106A80000A449FE7E06D00EBC10040680131034418
:106A90009DE7256D15F1740F7FF421AEC9E7C9603C
:106AA000FFDE00239B60FBE779E20300512A04002C
:106AB0007CC8030084E203007F2A040000F01F0268
:106AC00040090DD001280DD1094B03EB8203D3F807
:106AD0000002084A024042EA8102C3F800227047DD
:106AE000054BF2E70023803253F82230FFDE00BF6F
:106AF00000288450F0F0FCFF00258450012330B5BD
:106B000085B08DF80430022305460DF107008DF89D
:106B10000830039001F090FC0C4B044698420FD1D2
:106B20000023284602AA01A901F0FAFAA0420AD0DD
:106B30009DF8070001F07AFC6FF0040005B030BD4D
:106B40006FF01200FAE70020F8E700BF0000AD0B7D
:106B500070B5054601F025FE00210446284601F0E7
:106B600028FD03212846FFF7A9FF00F009FB064690
:106B700004F1A04404F5504423684BB10024284696
:106B800001F062FD28460121FFF798FF204670BD05
:106B900000F0F6FA801B0628EED96FF07304EEE7DA
:106BA000002200F150039B009BB203F1502303F538
:106BB00080331A601B6870470123834070B5DC4343
:106BC0000B4AD2E8EF1F01EA0405C2E8E65F002E97
:106BD000F7D14FF4803282400648C0F80823BFF353
:106BE0005F8FBFF36F8F0B4214BF0120002070BD79
:106BF000703600200050015070B40D4B22F07F46DB
:106C0000D3E90214501A4118A6F5001244F1000409
:106C1000B2F5400FC3E9021407D21A69110A12062D
:106C2000941941F10005C3E9064570BC0AF04CB85F
:106C30007036002010B5D1B101220D4B8240D3E84F
:106C4000EF1F1143C3E8E41F002CF8D14FF480324A
:106C500008498240C1F804232033D3E8AF3FC34042
:106C6000DB0742BF4FF40012034BC3F8002110BDF5
:106C7000703600200050015000E100E0C3B202482D
:106C80009B001844704700BF4051015030B1103094
:106C90008000C0B200F1502000F5803070478BE7D3
:106CA000C8E7034B00F5A87053F82000704700BFF9
:106CB00000500150F8B50546FFF77EFF4FF0FF3654
:106CC0004FF0FF370E4C014604EB05132846C3E98D
:106CD0000C67FFF765FF4FF480330A4AAB40C2F8F8
:106CE00048330123AB40DB432034D4E8EF2F1A4074
:106CF000C4E8E52F002DF8D1BDE8F8409AE700BFC1
:106D000070360020005001500C4A1069010A00063C
:106D1000BFF35F8F0A4BD3F80435181841F1000117
:106D2000B3F5801F09D2D2E90623904271EB030329
:106D300003D210F1807041F10001704770360020DD
:106D4000005001502DE9F84F82460E4607468B460B
:106D5000FFF7DAFF04460D460AF018F88046894628
:106D6000FFF7D2FFA94208BFA042F1D16FF00103A3
:106D70004FF0FF32DB1B62EB0B02002ADFF838C05A
:106D800008DAE24576F1000310DA381945EB06011E
:106D9000BDE8F88FB3EB080062EB0901604571F1C3
:106DA000000303DA001945EB0101F1E76FF015006C
:106DB0004FF0FF31ECE700BF010000012DE9F04F7B
:106DC00085B016461F4604469DF840A0FFF7F4FE26
:106DD0000190FFF799FFB04271EB070352D23A4B93
:106DE000301A67EB0101984271F100014DD2374B27
:106DF00003EB0413D3E90C239F4208BF964258D0FB
:106E00004FF48038324908FA04F8204626F07F4BC8
:106E1000C1F84883FFF7C4FE4FF00309584604F158
:106E20005005AD00ADB205F1502504F5A87305F588
:106E300080350293029A20F07F4341F82230C1F856
:106E40004483D1F80435234AC01A033820F07F4028
:106E500090422ED9286868B1D1F80435A3EB0B0015
:106E600020F07F40B0F5000F039322D92046FFF7B2
:106E700097FE039BBAF1000F07D109EB030009F15C
:106E80000109D7E7BAF1000F09D06FF015052046C8
:106E90000199FFF7CFFE284605B0BDE8F08F01232A
:106EA0000D4AA340D2E8EF0F1843C2E8E10F0029D2
:106EB000F8D1064B0E9A03EB04139A620F9A002541
:106EC000C3E90C67DA62E2E7010080007036002057
:106ED00000500150FDFF7F00903600201FB50021BB
:106EE00002910799019106990091FFF767FF05B09C
:106EF0005DF804FB1FB501210291079901910699E4
:106F00000091FFF75BFF05B05DF804FBF0B5204B87
:106F1000204C0025C4F808334FF0FF32C4F8483342
:106F20004FF480314FF0FF331B4EC4F80855C6E9CB
:106F30000C23C4F80413C6E910234FF400330227CE
:106F40004FF40012C4F80433144B85B00121C4F887
:106F500004731520C3F880212A46E3F701FE1520AB
:106F6000E3F7CEFD0123A3602360032333600C4BC2
:106F7000B7640C4A009328460023CDE90155FFF77A
:106F80001DFF3846FDF710F8284605B0F0BD00BFDC
:106F900003000F00005001507036002000E100E0B7
:106FA000F96B0200FFFF7F002DE9F04F384B85B0F1
:106FB000D3F8042392070BD5D3F8042142B1002261
:106FC000C3F80421334AD3F8043113690133136140
:106FD0000024314D4FF4803303FA04FA03F15023B7
:106FE000D3F804331AEA030F2ED00123A340DB4366
:106FF0002A49D1E8EF2F02EA0300C1E8EC0FBCF107
:10700000000FF6D122FA04F3DB0703D4244B53F824
:107010002430CBB12046FFF7C3FDFFF775FE4FF0DC
:107020002003EFF3118B83F31288BFF36F8F194A9C
:1070300002EB0412D2E90C89404571EB09010AD236
:107040008BF31188BFF36F8F103514B105B0BDE815
:10705000F08F0124BEE70020D5E900134FF0FF3682
:107060004FF0FF372860C2E90C67094A03932046B6
:10707000C2F848A3FFF794FD8BF31188BFF36F8F1D
:107080000029E1D0039B424600934B468847DBE74B
:1070900000500150703600209836002090360020B5
:1070A00040510150F0B501250D4C04F14802A06C8F
:1070B00090B1B0FA80F0C0F11F0005FA00F1C943A9
:1070C000D2E8EF3F03EA0106C2E8E76F002FF7D1ED
:1070D000C340DB07EBD5F0BD6FF00B00FBE700BF53
:1070E000703600200123054A8340D2E8EF0F184391
:1070F000C2E8E10F0029F8D1704700BFB836002080
:107100006FF0850070471FB5431C22D0012822DD97
:10711000124A134B9042D4BF04461C46FFF7F4FDBD
:10712000104B0F49D3E90223801AB0F5000F28BF96
:10713000002404448C4228BF0C4600200A49A218AF
:10714000CDE90100009143F10003FFF737FE04B0E1
:1071500010BD034CE2E70124E0E700BFFEFF7F0023
:10716000FFFF7F0070360020F96B020008B5FFF7C3
:10717000CBFD024B9B68C01A08BD00BF70360020D3
:1071800008B5FFF7C1FD08BD012310B5074C152058
:107190006360E3F7C3FC4FF40012054BC4F80833F7
:1071A000C4F84833034BC3F8802110BD0050015090
:1071B00003000F0000E100E04FF0FF30704708B51A
:1071C00003461B69406893F824308B4204DBC9B244
:1071D00003F0EAFD002008BD6FF01500FBE7034651
:1071E00037B51C690B7B0D46022B406824D10B6818
:1071F000FBB994F824204B68C2B9124A591E914237
:1072000017D823620DF1070103F0A4FD0E4B98423D
:1072100015D0AB689DF807000BB144F8203094F806
:107220002430013384F8243003B030BD226A9A42FE
:10723000E8D06FF01500F7E76FF08500F4E76FF026
:107240000B00F1E7FEFFCF070200AD0B38B5446835
:1072500001F00103C3F1090389072168026948BFEE
:1072600023F00803C1F80C35116A00234FF47A7239
:10727000C803490C0BF09CFF2568C5F8040520469F
:1072800003F044FD002038BD10B544680022012100
:107290001820E3F765FC2046054A04F1080103F0D5
:1072A00003FD044B984214BF6FF00F00002010BD87
:1072B000B97202000000AD0B2DE9F04104464FF019
:1072C00001080A4E0A4F0CB9BDE8F08194FAA4F502
:1072D000B5FA85F556F8253013B129463846984752
:1072E00008FA05F524EA0504EDE700BF944C0020F8
:1072F00080C303007FB50BAB05930393064B0822B5
:1073000002930023CDE9003218460122E1F715FB74
:1073100007B05DF804FB00BFD82A04001FB5E1F7F1
:10732000D3F8084B00240393074B2046029308230D
:107330000122CDE9004305492346FFF7DBFF204644
:10734000E3F7F6FF40EC0300D82A040074C70300FB
:107350004FF47F03D3F83021D3F83431072A05D115
:10736000023B032B02D8024AD05C704700207047D2
:107370005AEC03004FF05023D3F85825034B02F08A
:107380000302D340024A1360704700BF0020A107E8
:107390009813002008B5FFF7DBFF58B1654BD3F811
:1073A000202A3AB90D21C3F8201A0121C3F81C196B
:1073B000C3F81C290022D30003F57F03D3F8001380
:1073C000013107D0D3F800130132D3F80433202A57
:1073D0000B60F0D1FFF7BCFF002840F0A280FFF760
:1073E000B7FF40B1544B554AC3F830254FF05023F6
:1073F0000122C3F858254FF47F03D3F83021D3F886
:107400003431072A0AD1023B032B07D84C4A1344D4
:107410001B791BB100224B4BC3F84C25FFF798FF9B
:1074200050B14FF05023D3F80024D10742BF0022BF
:10743000C3F81421C3F818214FF47F03D3F8302187
:10744000D3F83431072A09D14FF05023D3F8002460
:10745000D20744BF6FF00102C3F80024FFF778FFA2
:1074600018B16522334BC3F80C274FF47F03D3F8D0
:107470003021D3F83431072A16D1324BD3F82034D7
:10748000002B11DA4FF050230322C3F818250122F4
:107490009A60D3F80421002AFBD00022C3F804210B
:1074A0000122DA60C3F818254FF47F03D3F83021A6
:1074B000D3F83431072A24D1023B032B03D8204AC6
:1074C00013441B7AEBB17E221A4B1B49C3F80C27DD
:1074D000C3F83C297F231C4AC2F818310023C1F8A5
:1074E000043EC1F8083E01F54821C1F81031C2F848
:1074F0002431C2F82C3102F5FF1202F58052C2F895
:10750000A032124AD2F88C3043F44063C2F88C3077
:107510000F4A104B1168C3F84415D269C3F84C25C3
:1075200008BD2922034BC3F80C270322C3F83C27CC
:1075300055E700BF00400050009003504400EFBEEC
:107540005AEC0300002003500020005000ED00E042
:107550000080FF0000600050094B0A49184603F103
:10756000F8520068043B02F50F228B421060F5D1FF
:10757000054AD2F8FC3723F01003C2F8FC377047F5
:10758000FC0FFF00FCFFFE0000300050064BD3F85C
:10759000FC2722F00302C3F8FC27D3F8FC2742F4AF
:1075A0008072C3F8FC2770470030005000470FF08E
:1075B000CFBF204B0246984210B510D20E3B9842E6
:1075C00030D91D4B03440B2B07D8DFE803F02D15F2
:1075D00017191B1D1F2123252729184810BD184BDB
:1075E000984223D00133984222D0164C164B1748AC
:1075F000A24208BF1846F1E71548EFE71548EDE746
:107600001548EBE71548E9E71548E7E71548E5E7CA
:107610001548E3E71548E1E71548DFE71548DDE7DA
:107620001548DBE70948D9E71448D7E71448D5E7F8
:107630001448D3E70D00AD0BFFFF52F4F92A040004
:107640000100AE0B0000AE0BFC2B0400BCFE0300DF
:10765000062B0400182B0400312B04004A2B0400D5
:10766000632B04007D2B0400902B0400A52B040049
:10767000B52B0400CD2B0400DD2B0400552C040099
:107680001B2C0400382C0400C840C04300F001004B
:10769000704730B50468ACB1B4FA84F30122C3F189
:1076A0001F03DBB29A4024EA0202D0E8EF5FA54252
:1076B00004D1C0E8EC2FBCF1000FF6D1EAD10248AA
:1076C0000B7030BD0148FCE70000AD0B0200AD0BB4
:1076D00010B50368CB40DB0710D401238B40026850
:1076E00043EA0201D0E8EF4F944204D1C0E8EC1F16
:1076F000BCF1000FF6D1F2D1014810BD0148FCE702
:107700000000AD0B0400AD0B034BD3F8003523FA9A
:1077100000F000F001007047007001504FF0FF32A0
:10772000014BC3F80825704700700150014BC3F8A6
:107730000405704700700150014BC3F808057047FD
:1077400000700150012300F1A04000F5B830036043
:10775000704740F00040C1F88000704740F00040A2
:10776000C1F88000704740F00040C1F88000C2F8C6
:10777000800070470023C1F88030C2F88030704725
:107780000023C1F8803070470023C1F88030704773
:1077900040F00040C1F8800070470023C1F88030FD
:1077A0007047890001F1A04101F5B831D1F80038E6
:1077B0001843C1F800087047890001F1A04101F5A4
:1077C000B831D1F8003823EA0003C1F80038704717
:1077D0000022034B00F5007043F82020704700BFE3
:1077E000007001500122024B43F83020704700BF67
:1077F000007001500123C00000F1A04000F5B83036
:107800004360704700F1A04000F5B8307047C000F9
:10781000043000F0FC007047C00000F0F800704732
:1078200000F064BA00F068BA00F0A8BA00F0ACBA90
:107830004FF47F03D3F83021D3F83431072A05D130
:10784000023B032B02D8024AD05C704700207047ED
:1078500066EC030073B503285DD8DFE800F002187A
:1078600026344FF050230222C3F808230022C3F825
:107870000421D3F804210122DA60002401238DF8C9
:107880000730032847D8DFE800F02C4865824FF026
:10789000502301220021C3F80823C3F80011D3F8B4
:1078A00000110DF107045A60E8E74FF050234FF440
:1078B0000072C3F808230022C3F82421D3F824213E
:1078C00001225A62D9E74FF050234FF48072C3F877
:1078D00008230022C3F82021D3F820210122DA61F5
:1078E000CBE742F210754FF05026D6F8183403F467
:1078F000803334B97BB10120FFF759FE013DF4D14B
:1079000009E0D6F8182402F0030222701BB19DF89A
:1079100007000128F0D002B070BD42F210754FF0A0
:107920005026D6F80C3403F480333CB9002BF2D047
:107930000120FFF73CFE013DF3D1ECE7D6F80C2423
:1079400002F001022270002BE5D09DF8070001280B
:10795000EFD0E0E742F210754FF05026D6F85C34D5
:1079600003F480333CB9002BD5D00120FFF71FFE74
:10797000013DF3D1CFE7D6F85C2402F0010222707A
:10798000002BC8D09DF807000128EFD0C3E742F2D2
:1079900010754FF05026D6F85434DB03BBD52CB904
:1079A0000120FFF704FE013DF5D1B4E79DF8070083
:1079B0000128F6D0AFE7054B1A7922B901221860E9
:1079C0001A71034870470348704700BFBC4C002041
:1079D0000000AD0B0C00AD0B08B50520E3F7B2F8C5
:1079E00010B90520E3F78CF84FF050230122C3F8BB
:1079F0001825C3F81425C3F8802508BD08B505204F
:107A0000E3F78CF84FF050230322C3F8082308BD96
:107A100008B50020FFF71EFF0120FFF71BFF022023
:107A2000FFF718FF0320FFF715FF0022014B1A7123
:107A300008BD00BFBC4C002008B5032832D8DFE8E1
:107A400000F002323E4C4FF05022D2F81814D2F817
:107A50001834C90318D503F00303022B05D0012BFA
:107A600002D00020FFF7F6FE01234FF05022C2F8AB
:107A700018350023C2F80431D2F804310223C2F8C9
:107A80000433012393600DE0D2F81434DB07EBD507
:107A9000D2F81C3403F00303013B012BE1D802238D
:107AA000C2F8043308BD4FF050230022C3F8002170
:107AB000D3F800210122C3F804231A60F2E74FF043
:107AC00050230022C3F82421D3F824214FF400725C
:107AD000C3F8042301221A62E4E74FF05023002286
:107AE000C3F82021D3F820214FF48072C3F8042377
:107AF00001229A61D6E7ADE6004870470000AD0B61
:107B0000004870470000AD0B70477047012808B56A
:107B100003D0022854D02F4808BD41B3012956D1C3
:107B2000FFF786FE4FF05023F0B14FF02000EFF347
:107B3000118280F31288BFF36F8FBFF34F8FC3F8AA
:107B4000581500232449C1F80C352449C1F848359B
:107B50000D21234BC3F8E41E82F31188BFF36F8F0E
:107B6000FFF708FC1F48D7E7C3F85815F8E7FFF7F9
:107B70005FFE00B34FF02002EFF3118382F312880F
:107B8000BFF36F8FBFF34F8F44F24000124AC2F829
:107B90000C054020114AC2F848054D2002F5B622D6
:107BA000C2F8E40E4FF05022C2F8581583F3118842
:107BB000BFF36F8FD4E74FF05023C3F85805CFE7DA
:107BC000022904D84FF05023C3F8B815CAE7064875
:107BD000A2E700BF0300AD0B0040845000600250DC
:107BE000001008500000AD0B0400AD0B4FF0502307
:107BF00010B5D3F8002152B10020C3F80001D3F82A
:107C000000210122C3F80823234B1B6898474FF03B
:107C10005023D3F8042182B10022C3F80421D3F801
:107C20000421D3F81824D3F81824022102F0030207
:107C3000012A28D1C3F818159A604FF05023D3F8C1
:107C4000202162B10022C3F82021D3F820214FF473
:107C50008072C3F80823104B05201B6898474FF02B
:107C60005023D3F82421AAB10022C3F82421D3F849
:107C700024214FF40072C3F80823074B0620BDE807
:107C800010401B681847C3F80813034B01201B68FA
:107C90009847D2E710BD00BFBC4C00200020F0B5D3
:107CA000104905460B684A68DB43D24301260E4C57
:107CB00003F03F03C4F808252BB93F234FF0FF32F0
:107CC000C1E90032F0BDC2B223FA02F7FF0741BF9B
:107CD00002F5007706FA02F244F827509343013088
:107CE000EAE700BF9C1300200070015001460148E4
:107CF000FFF7CFBCA01300200123044A83400146B4
:107D0000C2F808350248FFF7E3BC00BF007001501D
:107D1000A013002010B5084B044601465868FFF731
:107D2000B3FC30B10123054AA3400548C2F804352D
:107D300010BD0448FCE700BF9C13002000700150F8
:107D40000000AD0B0400AD0B10B5084B0446014616
:107D50005868FFF799FC30B10123054AA340054854
:107D6000C2F8083510BD0448FCE700BF9C13002092
:107D7000007001500000AD0B0400AD0B014601483E
:107D8000FFF787BC9C1300200122C30003F1A0432E
:107D900003F5B83301465A600148FFF799BC00BFAC
:107DA0009C13002070B5144E054630680C46FFF752
:107DB0006BFC08B9114870BD29467068FFF764FC78
:107DC0000028F7D04FF02003EFF3118283F31288DD
:107DD000BFF36F8F0120A30003F1A04303F5B83375
:107DE000D3F80018A8400843C3F8000882F31188AC
:107DF000BFF36F8F0248DEE79C1300200400AD0B39
:107E00000000AD0B70B5154E054630680C46FFF707
:107E10003BFC08B9124870BD29467068FFF734FC76
:107E20000028F7D04FF02003EFF3118083F312887E
:107E3000BFF36F8F0121A30003F1A04303F5B83313
:107E4000D3F80028A94022EA0102C3F8002880F3F1
:107E50001188BFF36F8F0348DDE700BF9C1300203C
:107E60000400AD0B0000AD0B10B50A4B04460146F3
:107E70001868FFF709FC58B1A10001F1A04101F514
:107E8000B831D1F8003800230348C1F8003810BDDC
:107E90000248FCE79C1300200000AD0B0400AD0B72
:107EA00010B5074B044601461868FFF7EDFB28B1F3
:107EB0000122044B044843F8342010BD0348FCE77A
:107EC0009C130020007001500000AD0B0400AD0BAE
:107ED00010B5094B044601461868FFF7D5FB40B1C1
:107EE0000123E10001F1A04101F5B83103484B60E5
:107EF00010BD0348FCE700BF9C1300200000AD0B41
:107F00000400AD0B036803F01F025B09026004D09C
:107F1000012B034818BF002070470248704700BF7C
:107F20000028845000258450F7B51646DDE908473F
:107F3000019001A81D46FFF7E5FF019BB6F1000C7B
:107F400018BF4FF0010C00EB83000B1E18BF01237C
:107F5000002D43EA4C0314BF4FF00C0C4FF0000C03
:107F6000002C43EA0C0314BF4FF4706C4FF0000C6C
:107F7000002F43EA0C0314BF4FF4403C4FF0000CB9
:107F8000D0F8002243EA0C0322EA030301B1097886
:107F90000EB13678760019430DB12D78AD0031431E
:107FA0000CB12478240229430FB13F783F040C43DD
:107FB0003C43C0F8004203B0F0BD1FB50DF10F0304
:107FC000019300238DF80F101A4619460093FFF70E
:107FD000ABFF05B05DF804FB034A4309D35C00F036
:107FE0001F001844C0B270476AEC030008B5FFF7E1
:107FF000F3FF034B083033F81000C0F3401008BD06
:10800000A413002008B5FFF7E7FF034B083033F84F
:108010001000C0F3400008BDA413002008B5FFF70E
:10802000DBFF034B083033F81000400B08BD00BFE6
:10803000A413002070B50546FFF7CEFF0C4C0830A6
:1080400034F810300E46DA0508D5C3F3432304EBA9
:10805000C302284654F8333052689847A3682BB1BE
:1080600031462846E268BDE87040184770BD00BF41
:10807000A413002010B5FFF7AFFF124A083032F802
:108080001030D9051CD5C3F3432123F4F85322F84B
:108090001030002002F10E0434F8023F13F4807F08
:1080A00003D0C3F3432399420AD001303028F3D1DF
:1080B000002342F831300448BDE81040FFF708BB08
:1080C00010BD00BFA413002018140020014600209A
:1080D000F0B5012506460F4A0F4C02F13043A3F5D7
:1080E00051439B0805FA03F3194204D0176817B1EE
:1080F0001660176818430432A242EED1074BD3F83A
:108100007C2132B10022C3F87C21D3F87C3140F0CD
:108110000040F0BD00D1005020D1005000D00050F0
:108120002DE9FF41054690461E46FFF755FF0446E0
:1081300009B32846FFF766FF18B12846FFF756FF38
:1081400028BB00230DF10F02CDE900338DF80E306E
:108150008DF80F3028460B460DF10E01FFF7E4FEB7
:10816000474A04F1080132F8113023F0020343F0CA
:10817000010322F81130B8F1000F32D0284698F8E8
:108180000070D8F80410FFF73DFF10B1F1B13D4881
:1081900029E03B4804F1080C30F81C3023F02003A0
:1081A000DB04DB0C20F81C3081B1032FEFD8D8F8AA
:1081B000042092F800E07246920002F1A04202F51B
:1081C00050429FB9C2F81075C2F810752C4A04F1DC
:1081D000080132F8113023F01C0343EA870322F828
:1081E00011301EBB284804B0BDE8F081D2F810154C
:1081F00043EA4E3321F00301C2F81015D2F81015EE
:1082000043F0200321F44F3121F44071C2F81015DE
:10821000D2F81085290201F47C5141EA080141EAB3
:108220000741C2F8101520F81C30CFE72846D6E9E0
:108230000076FFF71FFF002FD4D0114DD5E90023A2
:10824000974201D19E4218D010480DF10F01FFF75F
:1082500020FA0D4B9842C6D19DF80F2005EBC203C2
:1082600008345E6035F8143045F8327043EA422332
:1082700043F4807325F81430B4E70022EEE700BF22
:10828000A41300200400AD0B0000AD0B1814002057
:108290002DE9FF4104461646FFF79EFE054631B321
:1082A0002046FFF7AFFE20B92046FFF79FFE0028CB
:1082B00063D1334F05F1080837F8183013F01C0F5D
:1082C00002D04B78012B58D001238DF80F300023BA
:1082D0004A1CCDE9001320468B1C0DF10F01FFF75E
:1082E00023FE37F8183043F0030327F818301EB97F
:1082F000244804B0BDE8F0812046FFF783FE002843
:108300003BD096F800C0002361461D4F05F10800E0
:1083100037F81050890025F0200501F1A041ED0447
:1083200001F55041ED0CC1F8103527F81050C1F897
:1083300010357278002ADBD0D1F81035B67823F4E6
:10834000991323F4F853C1F8103512042302D1F81D
:1083500010E502F4403203F47C531343320543EA40
:108360000E0302F4801245EA4C35134345F0200514
:10837000C1F8103527F81050BAE70348B9E700BF35
:10838000A41300200000AD0B0400AD0B014BC3E9AA
:1083900002017047A413002010B50446FFF726FE23
:1083A00050B12046FFF718FE044B083033F8103068
:1083B00003485B0B0B7010BD0248FCE7A4130020C0
:1083C0000000AD0B0400AD0B70B50F4C94F8786055
:1083D000BEB90E4D6022314604F110000DF04BFF86
:1083E0000D20C5F87C61D5F87C31E2F789FB4FF0B0
:1083F0000043C5F804330123054884F878306367E7
:1084000070BD0448FCE700BFA413002000D000505A
:108410000000AD0B0500AD0B034B93F8780000385E
:1084200018BF0120704700BFA41300200146014877
:10843000FFF74EB91414002001460148FFF729B98F
:108440001414002007B5019001A8FFF75BFD01237C
:10845000019A9340836003B05DF804FB07B5019077
:1084600001A8FFF74FFD0123019A9340C36003B0B9
:108470005DF804FB07B5019001A8FFF743FD012259
:10848000019943688A4022EA030113408160C36076
:1084900003B05DF804FB08B5FFF7C0FD00B2800033
:1084A00000F1A04000F55040D0F8103543F0030330
:1084B000C0F8103508BD08B5FFF7B0FD00B2800068
:1084C00000F1A04000F55040D0F8103523F0030330
:1084D000C0F8103508BD08B5FFF7A0FD800000F01A
:1084E000FC0008BD08B5FFF7F6FF00F1A04000F55D
:1084F000504008BD08B5FFF791FD00B28000303054
:1085000000F0FC0008BD08B5FFF7F4FF00F1A04043
:1085100000F5504008BD08B5FFF780FD00B28000AF
:10852000603000F0FC0008BD08B5FFF7F4FF00F173
:10853000A04000F5504008BD08B5FFF76FFD0039B9
:1085400018BF012100B2800000F1A04000F55040AA
:10855000D0F8103523F4801343EA0153C0F81035E6
:1085600008BD08B5FFF75AFD01238000C0B200F135
:10857000A04000F55040036008BD08B5FFF74EFD70
:10858000012203B29B003033DBB203F1A04303F5B9
:1085900050431A6008BD08B5FFF740FD012203B241
:1085A0009B006033DBB203F1A04303F550431A6034
:1085B00008BD37B50446FFF719FD08B32046FFF79D
:1085C00021FD0546E0B92046FFF728FD03B29B00D8
:1085D00003F1A04202F5514203F1A043156003F5F7
:1085E00050431268D3F8102542F00102C3F8102559
:1085F00021B10123124A8340C2F8043303B030BDD5
:108600002046FFF7E9FC0F4B083033F81030C3F376
:108610008203042B10D0052B10D001A80194FFF782
:1086200071FC019B0169D94001F001010231204632
:1086300003B0BDE83040C0E40321F8E70221F6E7CB
:1086400000D00050A413002010B50446FFF7CEFC64
:10865000C0B12046FFF7D6FCA0B92046FFF7DEFCEC
:1086600001230B4A8340C2F8083303B29B0003F195
:10867000A04303F55043D3F8102522F00302C3F8BA
:10868000102510BD2046BDE81040002195E400BF34
:1086900000D0005073B50446FFF79EFC1A4E00F15F
:1086A000080536F81530DB072CD52046FFF7CCFF40
:1086B0002046FFF79BFC68B12046FFF7AFFC002285
:1086C00003B29B0003F1A04303F55043C3F8102508
:1086D000C3F810252046FFF7CDFC002301A826F89B
:1086E00015300194FFF70EFC019B00EB8300D0F8DE
:1086F0000022064B134043F00203C0F80032044846
:1087000002B070BD0348FBE7A4130020F0F0FCFFAB
:108710000000AD0B0400AD0B2DE9F8430024184E0A
:10872000A6F10209002514F80680164F1AE014F885
:10873000091005EB41114B0919D0012B11D14FF64E
:10874000FF7301F01F02D340DA070AD50846FFF78E
:1087500043FC083037F81030DB0702D50846FFF736
:1087600099FF0135A845E2D824B90124DAE74FF092
:10877000FF33E6E70022034B83F87820BDE8F88357
:108780007CEC0300A413002007B5019001A8FFF7BB
:10879000B9FB019B0069D84000F0010003B05DF80F
:1087A00004FB08B50146FFF721FC40B10846FFF77E
:1087B00035FC00B2800000F5807080B208BD4FF437
:1087C000BE70FBE708B5FFF7ECFF00F1A04000F535
:1087D000504008BD2DE9F04F604B87B0D3F804033B
:1087E000C0B240F00040FFF771FC051E80F2998096
:1087F000DFF86C91D9F820300493C9F82030594B38
:108800001A6A05921A624FF0000A0DF110084FF033
:10881000010B4DE091FAA1F1B1FA81F1524B1AF836
:10882000034041EA44142046FFF7D6FB4F4B083083
:1088300033F81070C80818F8002001F007010BFA8F
:1088400001F122EA0102BB0808F8002003A8019305
:108850000394FFF757FB039A019B803250F82220C4
:10886000C7F382065B073746C2F301422CD5204688
:108870003946D6B2FFF7DEFB03A80394FFF742FBAD
:10888000039B803350F82330C3F301439E4207D14A
:1088900000212046FFF791FB31462046FFF78DFB74
:1088A00003A80394FFF72EFB039B0BFA03F3036269
:1088B000D8F800100029ADD108F10408BAF1000F72
:1088C0001DD14FF0010AA2E7022A0CD10321204654
:1088D000FFF773FB06F00503012BE1D13946204673
:1088E000FFF7A8FBDCE7022120460192FFF765FBBA
:1088F000032EF3D0019A032AD2D1022EEDE74FF0D6
:108900000040FFF7E3FBD9F8203016490493C9F87B
:1089100020300A6A134305920A627FF474AF25F08F
:108920000045012415B907B0BDE8F08F95FAA5F30D
:10893000B3FA83F304FA03F29B0003F1A04303F5B7
:108940005043D3F81005D3F81015C0F30520C1F338
:10895000014125EA0205FFF76DFBE3E700D0005077
:1089600000258450002884507AEC0300A4130020D2
:1089700070B5084C0E462379154643B92A20E2F714
:10898000BFF80123044823712660A56070BD034829
:10899000FCE700BFC44C00200000AD0B0C00AD0B89
:1089A000002330B50D4A50F8234003F5A27101337E
:1089B000102B42F82140F6D10023084A00F13C0177
:1089C00003F5B27451F8045F0133102B42F82450C0
:1089D000F6D1D0F88030C2F8043330BD00A0025088
:1089E000002318460C4A03F5A2710133102B42F8FC
:1089F0002100F8D100231A46074903F5B27001336C
:108A0000102B41F82020F8D14FF0FF33C1F8083384
:108A1000024B1A71704700BF00A00250C44C0020E6
:108A20000123024A8340C2F80433704700A0025079
:108A30000123024A8340C2F80833704700A0025065
:108A4000014BC3F80403704700A00250014BC3F868
:108A50000803704700A002500123800000F1A040ED
:108A600000F52830D0F890258B401343C0F890359E
:108A700070470123800000F1A04000F52830D0F8B5
:108A800010258B401343C0F810357047F8B5012608
:108A900000270B4B0B4DD3F80C4304B9F8BD94FAE7
:108AA000A4F0B0FA80F006FA00F324EA0304064BBF
:108AB00082009F502B68002BEFD0A9689847ECE705
:108AC00000A00250C44C002000A102504FF0FF3320
:108AD00082B0019300F0030001AB03440A449142C9
:108AE00002D1019802B0704711F8010B03F8010B95
:108AF000F5E70022024BC3F88425C3F8042570472C
:108B000000900350044AD2F80034DB07FBD5016023
:108B1000BFF35F8F704700BF0090035008B5C0F3EC
:108B20000B0383B90222094BC3F88425C3F804253B
:108B30004FF0FF320260D3F80024D207FBD5FFF7D5
:108B4000D8FF034808BD0348FCE700BF009003506E
:108B50000000AD0B0A00AD0B004870470300AD0BE1
:108B60000222064BC3F88425C3F804250122C3F86A
:108B70000C25D3F80024D207FBD5BAE700900350A8
:108B8000C0F30B0343B9054A1360054B1860054B4E
:108B90000548C3F81C15704704487047D04C0020A6
:108BA00020140020009003500000AD0B0A00AD0B14
:108BB00004224FF0FF3010B50C4B0D4CD3F81C15B0
:108BC000C3F8042522681060D3F8000410F00100F7
:108BD000FAD0FFF78EFF074A13680B44562B136039
:108BE00086BF4FF0FF332360002010BD009003507C
:108BF00020140020D04C0020037899430CBF0120A2
:108C000000207047036899430CBF01200020704783
:108C1000012208B5044BC3F88425C3F80425FFF7E7
:108C200071FFBDE8084064E70090035013B50122CE
:108C30008DF807100DF107010446FFF747FF0146C5
:108C400024F00300FFF7E4FF02B010BD13B50222C9
:108C5000ADF806100DF106010446FFF737FF014697
:108C600024F00300FFF7D4FF02B010BD2DE9F84354
:108C7000154601221D4B0446C3F88425C3F804257C
:108C800010F003030E4610D0C3F10407AF4228BF13
:108C90002F463A46A0EB0308FFF718FF014640466F
:108CA000FFF730FFED1B3C443E44374625F00308F8
:108CB000B044A4EB0609B84510D115F003020AD060
:108CC00025F003052C4471192046FFF7FFFE0146ED
:108CD0002046FFF717FFBDE8F8430AE709EB070056
:108CE00057F8041BFFF70EFFE5E700BF00900350A5
:108CF000F8B51546012206460F460024084BC3F876
:108D00008425C3F80425A54202D1BDE8F840F0E669
:108D100057F8241006EB8400FFF7F4FE0134F2E765
:108D20000090035020F003031B6882070CBF98B229
:108D3000180C7047B0F5801F08B506D2008880B2C5
:108D400081430CBF0120002008BDFFF7EBFFF7E7D0
:108D50004FF4801070474FF4805070474FF480708C
:108D6000704700BF036803F01F025B09026004D074
:108D7000012B034818BF002070470248704700BF0E
:108D8000002884500025845010B502244A720C72C9
:108D9000096879B112F0040F0CBF822192211407E7
:108DA00048BF41F02001D406046848BF21F080018B
:108DB000C4F80013120658BF012200684FEA83036B
:108DC00003F1080356BFC250C018002010BD30B5D3
:108DD0000124A2F58075AD08AC400C4207D0815843
:108DE00029B10021815082581A6822431A6030BD8F
:108DF000002313B50C4601934FF4887201ABFFF7C3
:108E0000E6FF21464FF48A72FFF7E1FF21464FF457
:108E10008E72FFF7DCFF21464FF48272FFF7D7FF17
:108E200021464FF48472FFF7D2FF21464FF4867239
:108E3000FFF7CDFF4FF48C722146FFF7C8FF019872
:108E400002B010BD0C2370B505790A4C6B43E618CF
:108E5000E35833B902210068FFF7CAFF08B10123C4
:108E600033720C2303FB0544207A023818BF01201B
:108E700070BD00BFD44C00202DE9F3470B7F0446A2
:108E800063BB0127DFF8D0900D1F01F1100601F13F
:108E90000C0855F804AFBAF1FF3F1BD03378CDF87A
:108EA00004A001A8002B4FD0FFF75CFF019B07FA3D
:108EB00003F3836001A8CDF804A0FFF753FF019BE3
:108EC00000EB8300D0F8003203EA090343F0030308
:108ED000C0F80032A84506F10106DAD191F81DC0AC
:108EE0000D8B4F7D8E7D8A7EC87E2368BCF1000F7E
:108EF0000BD1D1E9008ED1E902C1C3F86085C3F876
:108F000064E5C3F868C5C3F86C1542EA0022C3F8EB
:108F10000C75C3F80465C3F80855C3F81025002381
:108F20002068C0F81031D0F81021C0F80831D0F80E
:108F30000821C0F80C31D0F80C3140F3073002B0F2
:108F4000BDE8F047E1F7DCBDFFF70CFF019B07FA36
:108F500003F3C360AEE700BFF0F0FCFF2DE9F04182
:108F60000C2790F80480104C07FB08F704EB070C63
:108F70009CF808E00546BEF1000F13D1E251CCF891
:108F8000043021B10B7F8CF80A30FFF775FF012305
:108F90002A680648C2F800350C2202FB08442372F6
:108FA000BDE8F0810248FBE7D44C00200000AD0B87
:108FB0000500AD0B38B50C2502790C4B044605FBBA
:108FC00002331A7A72B11B7A022B0DD00022036889
:108FD000C3F80025FFF750FF012223680448C3F8B7
:108FE000002538BD0348FCE70348FAE7D44C0020CD
:108FF0000000AD0B0500AD0B0B00AD0BF7B5044643
:1090000006790068164D40F30730E1F787FD00222E
:109010002368C3F800250C2303FB0653997AC1B9D2
:10902000104F236801F5AC7253F822305A1C0DD052
:1090300001A80193FFF796FE019B00EB8300D0F897
:1090400000323B4043F00203C0F8003201310429F2
:10905000E7D10C2303FB065500232B7203B0F0BDB0
:10906000D44C0020F0F0FCFF70B40C461D46017992
:109070001B4B01EB4101266803EB81010368C3F838
:109080002065A688C3F82465A668C3F82865E66845
:10909000C3F82C6503682668C3F84065A688C3F842
:1090A0004465A668C3F84865E468C3F84C4504689D
:1090B00002F0010303EB5202C4F81425EA070CD4B2
:1090C00015F0020203D0002B14BF0822042204680A
:1090D000C4F80022EAB270BC56E61022F7E700BFDF
:1090E000D44C0020F0B40C460179184D01EB41013D
:1090F000276805EB81010568049EC5F82075A788DF
:10910000C5F82475A768C5F82875E468C5F82C4526
:1091100004681568C4F840559588C4F844559568A6
:10912000C4F84855D268C4F84C250268C2F8143512
:10913000F3074CBF1023C6F34003026858BF9B00DF
:10914000C2F80032F2B20023F0BC1DE6D44C00207D
:10915000002238B503680579C3F8002201220368AC
:1091600004465A6051B12046FFF76CFE0028FAD041
:109170000C22044B02FB053301221A722046BDE883
:1091800038405FE6D44C00205CE6B22110B51948A7
:10919000FFF72EFEC106044608D5174B5A7A520730
:1091A00004D51A6812B1012059689047A00608D565
:1091B000114B5A7A110704D51A6812B10220596866
:1091C0009047220608D50C4B587A10F0100003D1B6
:1091D0001A680AB159689047A30709D50122064BBE
:1091E0001A721A6822B1BDE810400320596810476E
:1091F00010BD00BF00100250D44C002000220121FD
:10920000054B83F83820054BC3F808131961C3F8E0
:109210000025C3F800217047E04C002000B0025048
:1092200070B5104D6C6B9CB14FF47A735C430A239C
:10923000B4FBF3F40C4ED6F8003163B995F839302D
:109240004BB90A20FEF7B3F9013CF4D1074870BDD1
:109250004CF25034EEE795F83930002BF6D1044843
:10926000F5E700BFE04C002000B002500700AD0B56
:109270000000AD0B10B500220124084BC3F80045D7
:10928000C3F800211C6038B1FFF7CAFF044B9842B5
:1092900003D1044B83F83840014810BD00B00250A0
:1092A0000000AD0BE04C002070B500F06044B4F15C
:1092B000005F5BD1840759D12E4C94F83050012DBA
:1092C00005D09D4254D194F83850002D50D000263E
:1092D000294D022B0BBFC5F81025C5F80425C5F88C
:1092E0001405C5F808050CBFC5F81815C5F80C1508
:1092F00084F8396026680CBF08250425B6B994F8AF
:10930000383063B100221C4B05F1A045C3F80021A1
:10931000012305F52C352B60BDE8704080E7012066
:10932000FFF7A8FF154B9842ECD170BDA66826B197
:10933000E0606161E2611248F7E784F830300123B0
:10934000A2610D4AA0602161C2F80061C2F8043335
:1093500094F8382002F0FF0012B9FFF78BFFEAE71C
:1093600005F1A04505F52C352B60E4E70548DCE761
:109370000548DAE7E04C002000B002500700AD0BD2
:109380000000AD0B0A00AD0B0B00AD0B084B9A684B
:109390005A621A699A629A69DA62DA689A6032B134
:1093A0005A691A61DA699A610022DA607047704777
:1093B000E04C002000F01F0340090FD001280FD11E
:1093C0000A4A02EB8302D2F80002094B034043EA47
:1093D000012343F00203C2F800327047054AF0E768
:1093E0000022803352F82330FFDE00BF0028845073
:1093F000F0F0FCFF002584500021DBE710B50E4B98
:109400000238D3F83C26D3F83836072813D8DFE8DB
:1094100000F0110F0D0B0A080604100EC871100C95
:109420008871100A48710A711A0ECA701A0C8A7073
:109430001A0A4A700B7010BD00B00250023807289B
:109440001FD8DFE800F02927251123211F04CB793D
:109450001B068A7943EA02434A7943EA02230A79DE
:1094600013430E4AC2F83C36CB781B068A7843EA8F
:1094700002434A7843EA02230A781343074AC2F8B0
:10948000383670470023E4E70023E5E70023E6E7EA
:109490000023EBE70023ECE70023EDE700B00250E8
:1094A0000268154BFF2A08BF4FF0FF32C3F824258E
:1094B0004268FF2A08BF4FF0FF32C3F828258268B0
:1094C000FF2A08BF4FF0FF32C3F83025C268FF2AD9
:1094D00008BF4FF0FF32C3F834250269FF2A08BFE6
:1094E0004FF0FF32C3F838254269FF2A08BF4FF01A
:1094F000FF32C3F83C25704700B0025030B5194D1B
:109500008DB006AC0FCD0FC495E8030084E80300CE
:10951000154906A8D1F82435DBB20093D1F82835D7
:10952000DBB20193D1F83035DBB20293D1F8343598
:10953000DBB20393D1F83835DBB20493D1F83C3574
:10954000DBB20593FFF7ACFF0023C1F80031012324
:109550000B60D1F80031002BFBD06846FFF7A0FF6D
:109560000DB030BD3CE3030000B0025070B590F880
:10957000293004461BB190F82A20002A3CD16068AB
:10958000FF2800F08580A168FF2900F08180E26853
:10959000FF2A7DD025690E2D7AD1112878D1122984
:1095A00076D10D2A74D16269FF2A01D00F2A6FD1BA
:1095B000A269FF2A01D0102A6AD1BBB90321112068
:1095C000FFF7F8FEA068FFF7F5FEE068FFF7F2FE90
:1095D0002069FFF7EFFE6069FF2801D0FFF7EAFE80
:1095E000A069FF2802D00321FFF7E4FE94F82A3097
:1095F00013B9201DFFF754FF636A264E264D73638F
:1096000094F8293086F83A300123C5F80833FFF77B
:1096100075FF2368C5F84035A37F617F227F9B01DA
:1096200043EAC1031343E27F43EAC213C5F844355A
:1096300094F82320D5F844352ABB43F44033C5F8C9
:1096400044354FF4C063C5F84036D5F8002694F889
:10965000203022F07F4222F0FF02134394F82120B1
:1096600043EA026394F8222043EA426394F82320F9
:1096700043EA0273C5F80036336813B12B20E1F7D3
:109680003FFA064870BD23F4003343F48033D6E735
:109690000348F7E7E04C002000B002500000AD0B9B
:1096A0000400AD0B38B50C4C94F8305095B9C4E9B2
:1096B000001248B900230122C4E90233074884F8A4
:1096C000302084F8383038BDFFF750FF034B984204
:1096D000F9D1EFE70248F6E7E04C00200000AD0BBF
:1096E0000500AD0B08B5094B93F8302052B1012AA3
:1096F0000AD193F8383013B9BDE8084036E7FFF7D0
:109700007DFDF9E7024808BD0248FCE7E04C002077
:109710000500AD0B0B00AD0B0122024B83F8392085
:10972000704700BFE04C00202DE9F843DFF890902F
:10973000074699F830008846012814463DD199F82B
:109740003830204E6BB301231F4DC5F80833FFF7A7
:10975000D5FEB8F1000F2BD14FF0000889F8398001
:10976000C5F80081BB787A781B0343EA02233A7874
:109770001343FA7843EA42333A7943EA82337A79F7
:1097800043EAC233C5F83436FFF74AFDB0420CD085
:10979000C5F800811CB121467878FFF72FFE0B48F1
:1097A00004E0FFF767FDB042CDD10648BDE8F8837D
:1097B00041467878FFF742FECEE70548F6E700BF5E
:1097C000E04C00200700AD0B00B002500000AD0BD4
:1097D0000B00AD0B134607B500228DF800008DF885
:1097E000011068461946ADF80220ADF80420FFF7D5
:1097F0009BFF03B05DF804FBF8B51F4C074694F8D7
:109800003000012835D194F838301C4D33B3012392
:109810001B4EC6F80833FFF771FE002384F8393079
:10982000C6F800317B797A78DB0343EA02233A7881
:109830001343BA7843EA0233FA7843EA42333A7977
:1098400043EA823343F48033C6F83436FFF7E8FC4A
:10985000A84209D10B4BC6F8343603E0FFF70AFDE6
:10986000A842D4D10548F8BD0523074884F8303014
:10987000F9E70648F7E700BFE04C00200700AD0B12
:1098800000B00250000103000000AD0B0B00AD0B57
:109890002DE9F74F05468B4692469046002709244E
:1098A00099462B4E5B04019357454FF0000308D3B4
:1098B0002848C6F80031B9F1000F37D103B0BDE830
:1098C000F08F254AB8F1070F82F8393011D808F126
:1098D0000104E4B255B12046E919FFF7AFFD0023BA
:1098E000C6F80031019B43EA04230FE0C6F800519B
:1098F000F8E71DB12046E919FFF7A0FD0023B8F1F4
:10990000080FC6F800314FEA0423EBD043F480334C
:10991000C6F83436FFF784FC104B98420BD10C4B41
:109920000F4AC3F834260022C3F8002101220A4B53
:1099300083F83020C2E7BBF1000F04D020460BEBC8
:109940000701FFF75BFD0837A8F10808ACE700BF87
:1099500000B002500000AD0BE04C00200700AD0B42
:10996000000103001FB500230C4A02A802920DF16A
:10997000070211468DF80730ADF80C30FFF7D4FE22
:10998000074B984206D19DF8073013F0010F054BA5
:1099900018BF184605B05DF804FB00BF05020001C2
:1099A0000000AD0B0B00AD0B2DE9F8431A4E2B2038
:1099B000E1F7B4F8FFF722FC96F83A3033BB174BC7
:1099C000D3F82405D3F82895C0B2D3F83085D3F85E
:1099D0003475D3F83855D3F83C45FFF70DFD5FFAE1
:1099E00089F0FFF709FD5FFA88F0FFF705FDEDB29A
:1099F000F8B2FFF701FDFF2DE4B202D02846FFF7D1
:109A0000FBFCFF2C02D02046FFF7F6FC002386F873
:109A10003030BDE8F88300BFE04C002000B00250B9
:109A2000034B93F8383003B924E40248704700BF71
:109A3000E04C00200C00AD0B08B5054B93F830301E
:109A4000012B03D1FFF7DAFB024808BD0248FCE70F
:109A5000E04C00200000AD0B0B00AD0B022323E413
:109A6000032321E438B511F0030539D11E4B1A68E0
:109A7000D2B193F83040012C34D11C4AC2F81C15E5
:109A80000421C2F8200583F8395083F83010C2F859
:109A90000051C2F8044393F8383003F0FF00EBB9EB
:109AA000FFF7E8FB124818E0104CC4F81C15C4F886
:109AB000200583F8392093F8383043B10023C4F8E7
:109AC00000310123E360BDE83840FFF7A9BB012066
:109AD000FFF7D0FB074B9842F0D138BDD460E1E7E7
:109AE0000548FAE70548F8E7E04C002000B00250CE
:109AF0000000AD0B0700AD0B0A00AD0B0B00AD0B6A
:109B000000210220FFF7AEBF00487047004D002043
:109B1000024BD868003818BF01207047E04C002085
:109B2000124B93F83020012A1DD1114BC0B10168AE
:109B3000C3F860154168C3F864158168C3F86815F7
:109B4000C168C3F86C150169C3F870154169C3F8A1
:109B500074158169C3F87815C3F87C2505487047EA
:109B6000C3F87C05FAE70448704700BFE04C0020CA
:109B700000B002500000AD0B0B00AD0B124B93F880
:109B80003020012A1DD1114BC0B10168C3F88015E6
:109B90004168C3F884158168C3F88815C168C3F8A3
:109BA0008C150169C3F890154169C3F89415816952
:109BB000C3F89815C3F89C2505487047C3F89C0561
:109BC000FAE70448704700BFE04C002000B00250A4
:109BD0000000AD0B0B00AD0B10B5224BD3F80021EC
:109BE00092B10022204CC3F8002194F8381094F868
:109BF000302071B90121032A84F8381005D0042AD5
:109C000005D0022A00D1996010BD5960FCE7D960E7
:109C1000FAE7032A19D0042A19D0022A04D1012311
:109C200084F82030FFF7B2FBA36813B9012384F84E
:109C3000303094F8393003F0FF0013B9D4E9003123
:109C40009847002384F82030DEE70223E8E7032268
:109C500084F82020D3F81C256262D3F8203584F8DC
:109C60002830E1E700B00250E04C002070B501263A
:109C7000A2F58074A40806FA04F4054614EA01006B
:109C800008D0A85830B100213046A950AA581A6807
:109C900022431A6070BD00232DE9F34104460D46AE
:109CA0000193904601AB4FF4A672FFF7DFFF4FF42C
:109CB000827229462046FFF7D9FF4FF48C7207467F
:109CC00029462046FFF7D2FF064630B1B8F1000F13
:109CD0001DD017B13E46D4F83C354FF48872294662
:109CE000204601ABFFF7C2FF30B1B8F1000F03D03F
:109CF00016B90FB1D4F83C354FF49072294620467E
:109D000001ABFFF7B3FF019802B0BDE8F081464612
:109D1000E3E7036803F01F025B09026004D0012B34
:109D2000024818BF0020704701487047002884503F
:109D30000025845007B5019001A8FFF7EAFF012331
:109D4000019A9340836003B05DF804FB07B501906E
:109D500001A8FFF7DEFF0123019A9340C36003B01F
:109D60005DF804FB012370B504460D46642643618B
:109D7000002202212046FFF78EFF20B90120FDF7C7
:109D800016FC013EF4D100236B77C4F8003570BD9A
:109D90004B69284A934247D00FD8274A934243D071
:109DA00009D8264A93423FD02549264A26488B4265
:109DB00018BF104670472549F7E7254A934233D02C
:109DC00004D8244A93422FD02349EEE7234A9342F2
:109DD0002CD191F823301BBB0268214B9A4223D12E
:109DE0000B685A1C01D0082B20D14B68581C01D09D
:109DF000092B1BD18B685A1C01D00A2B16D191F864
:109E0000213023B1CB68581C01D00B2B0ED1CB696C
:109E10000D485A1C0CD00B4A0C2B18BF104670472B
:109E200091F82430002BD7D0074870470548704779
:109E3000704700BF80841E0020A1070048E8010091
:109E400090D003000400AD0B0000AD0B40420F00AA
:109E50000024F40000093D0000127A000048E801E7
:109E600000A0005073B51646421C1C460546069BD2
:109E700018D0012902D1BBB1FFF75CFF01A8019501
:109E8000FFF747FF019B240200EB8300D0F800227C
:109E9000074B44EA86040C4313401C4344EA410147
:109EA000C0F8001202B070BDFFF750FFE6E700BF38
:109EB000F0F0FCFF2DE9F04F8A4B4D6906469D42BC
:109EC0000C4690F804A087B000F0E58000F2D58041
:109ED000854B9D4200F0E28000F2C780834B9D429B
:109EE00000F0DF80824B9D420CBF4FF080654FF049
:109EF000804524227F4F94F8230002FB0A73997F48
:109F000060F3000199773379217C02FB0373D977E1
:109F100094F82380B8F1000F34D16269764B0121A7
:109F20009A420CBF4FF003094FF00009237E4246CE
:109F3000012B94BF00230123009320684B46FFF7B9
:109F400091FFCDF800804B46424601216068FFF743
:109F500089FFCDF800804B464146A27EA068FFF7FE
:109F600081FF237C424683F00103009301214B468D
:109F7000E068FFF777FF012100914B464246E06918
:109F8000FFF770FF94F821302422002B00F092801C
:109F90004FF0FF3102FB0A721162627E94F82110C9
:109FA00094F8129094F818C0E0690492002900F027
:109FB0008A80E16894F810E094F822B094F820A028
:109FC000CDF814E0002B40F0818010F1010818BF9B
:109FD0004FF0010894F824E03368BEF1000F0CD173
:109FE000226802926268A4680392029AC3F8082564
:109FF000039AC3F80C25C3F81045049AC3F8C0951A
:10A00000003A18BF0122BCF1020FC3F8245560D0FA
:10A01000BCF1030F60D0BCF1010F01D142F002028C
:10A02000C3F85425B8F1000F11D0BEF1000F0CD1C8
:10A03000441C18BFC3F86C054A1C1FBF059AC3F81F
:10A040001415C3F86825C3F864B5C3F860A52422C5
:10A0500033795343FB58002B41D0306840F307302D
:10A0600007B0BDE8F04FE0F74BBD244B9D420CBF5D
:10A070004FF080554FF080453BE7214B9D4213D078
:10A080001D4B9D4213D01F4B9D420CBF4FF000450E
:10A090004FF080452DE74FF000552AE74FF000655F
:10A0A00027E74FF0007524E74FF0206521E74FF0D8
:10A0B000A0551EE702FB0A7AE168CAF82010227C4C
:10A0C0008AF81F2069E74FF0FF3173E74FF001086E
:10A0D00080E742F00402A3E742F00602A0E707B0DF
:10A0E000BDE8F08F80841E0020A1070048E8010031
:10A0F00090D003001C4D00200048E80140420F00B2
:10A100000024F40000127A00431C07B50ED0019021
:10A1100001A8FFF7FEFD019B00EB8300D0F80022B1
:10A12000044B134043F00203C0F8003203B05DF863
:10A1300004FB00BFF0F0FCFF2DE9F041242790F86C
:10A140000480124C07FB08F704EB070C9CF81CE09A
:10A1500005460E46BEF1000F16D1E251CCF8043090
:10A1600041B1FFF715FE0A4B98420BD13146284604
:10A17000FFF7A0FE242303FB084400236377012399
:10A1800003482377BDE8F0810248FBE71C4D00201F
:10A190000000AD0B0500AD0B70B5242402790C4B0B
:10A1A000054604FB02331A7F0E466AB15B7F6BB92A
:10A1B000FFF7EEFD074B0446984203D1314628468F
:10A1C000FFF778FE204670BD034CFBE7034CF9E730
:10A1D0001C4D00200000AD0B0500AD0B0B00AD0BBE
:10A1E0002DE9F0410446067900681E4D40F3073022
:10A1F000E0F794FC24237343EB5853B123681A4AC5
:10A2000006EBC601C3F80823206805EB8101FFF7C0
:10A21000A9FD242101FB06512368D3F80805D3F8D2
:10A220000C75D3F810858B7FDB0714D4FFF76CFF18
:10A230004046FFF769FF3846FFF766FF086AFFF7F9
:10A2400063FF2368D3F86C05D3F81415FFF75CFFA0
:10A250000846FFF759FF242303FB065500232B77FD
:10A26000BDE8F0811C4D00205201080024232DE997
:10A27000F0430779524D7B439046EA180E46517FD2
:10A28000814685B0002940F09880EB5823B118F042
:10A29000140F04BF01235377242496E80F0004FB16
:10A2A000075404F10C0C8CE80F00206A431C03D007
:10A2B000E37FD3B1FFF73EFD3368D9F8004023B107
:10A2C00003F06043B3F1005F06D1B36883B103F0DC
:10A2D0006043B3F1005F0BD02423002203FB07533C
:10A2E00038485A7705B0BDE8F083FFF72FFDE3E764
:10A2F00018F0010318BF0123C4F8503518F0020309
:10A3000018BF0123EC46C4F8403596E80F008CE8EE
:10A310000F00039BC4F84405C4F84815C4F834255D
:10A32000C4F838350023C4F81831D4F8183107239D
:10A33000C4F8003524237B4318F0080F05EB030213
:10A340001DD10121E858216158B9D4F81831002BEA
:10A35000FBD0624640212046FFF79DFC24237B432F
:10A36000EA18EB5803BB106A411C12D107EBC70770
:10A37000204605EB8701FFF7F5FC1348B2E7EB58E1
:10A3800093B9106A431CF8D0D37F53B1FFF7DEFCBA
:10A39000F3E7D37F13B1FFF7D9FCE7E7FFF7CAFC78
:10A3A000E4E7FFF7C7FCE8E7402318F0040F14BF09
:10A3B000C4F80833C4F80433DFE7044892E700BF69
:10A3C0001C4D00200A00AD0B0000AD0B0B00AD0BC7
:10A3D0000268C2F870350022FFF748BF0179034BCD
:10A3E00001EBC101006803EB8101BBE41C4D0020BF
:10A3F00010B5104C4021104804F10C02FFF74BFC43
:10A40000B8B1206A431C03D0E37F7BB1FFF79EFC09
:10A41000637F1BB107490848FFF7A4FC00232372A0
:10A420000648D4E90031BDE810401847FFF782FC28
:10A43000EEE710BD1C4D002000A00050244D002070
:10A4400091F820200346032A29D8DFE802F02125CD
:10A4500019028A68500304D5D3F84C250869904244
:10A4600007D18A6852031AD4D3F84C2589699142DE
:10A4700015D000200622C3F80005C3F80025704758
:10A48000D3F84C2508699042F3D1D3F83C25EDE789
:10A49000D3F84C250969EAE7D3F83C25FAE701200F
:10A4A000704730B500F01F04400911D0012811D1C8
:10A4B0000B4800EB8400D0F800520A4C1B0243EA20
:10A4C00082022C4042EA41012143C0F8001230BD13
:10A4D0000548EEE70023803453F82430FFDE00BF48
:10A4E00000288450F0F0FCFF0025845030B5012492
:10A4F000A2F58075AD08AC400C4207D0815829B157
:10A500000021815082581A6822431A6030BD00230E
:10A5100013B50C4601934FF4A47201ABFFF7E6FFAD
:10A5200021464FF48272FFF7E1FF21464FF4927209
:10A53000FFF7DCFF21464FF4A872FFF7D7FF214653
:10A540004FF4A672FFF7D2FF21464FF4B072FFF727
:10A55000CDFF4FF4AE722146FFF7C8FF019802B05D
:10A5600010BD10B4CC7B8A6803682CB9D1E90041D6
:10A57000C3F80845C3F80C15C3F82425282203792D
:10A580005343054AD3582BB1006810BC40F3073041
:10A59000E0F7B6BA10BC7047404D00202DE9F843F3
:10A5A000074690F80490282000FB09F0254D0C4642
:10A5B0002E1896F8221000293FD1B1602A507360FE
:10A5C00086F8251086F824103CB394F80E8086F89F
:10A5D0002780A368B3F17F6F2DD32368222B25D169
:10A5E0006368232B2BD10B26B8F1000F0BD1334618
:10A5F000032241462068FFF754FF334603224146B9
:10A600006068FFF74EFF282303FB0953627B214656
:10A61000384683F82620FFF7A4FF282303FB0955BB
:10A620000123094885F82230BDE8F883232B06D1A1
:10A630006368222BD6E70626D6E70448F4E70448E9
:10A64000F2E700BF404D00200000AD0B0500AD0B50
:10A650000400AD0B38B5282502790D4B044605FBE7
:10A66000023393F822207AB193F8243003F0FF02EA
:10A6700063B90368C3F80025FFF773FF0622236858
:10A680000448C3F8002538BD0348FCE70348FAE74F
:10A69000404D00200000AD0B0500AD0B0B00AD0BD5
:10A6A000062103680279C3F800152821034B01FB3A
:10A6B0000233022283F82220704700BF404D002061
:10A6C000282102790B4B01FB0233002199600268BB
:10A6D0000948C2F80803D2F8000220F4BC50C2F8BE
:10A6E0000002C2F80015012283F8241083F822200A
:10A6F000704700BF404D002002029C01F8B504469F
:10A7000007790068134D40F30730E0F707FA204659
:10A71000FFF7D6FF282303FB075393F8272092B9AE
:10A7200093F826607EB923683246D3F80805D3F83B
:10A730000C4501213346FFF7B4FE33463246012172
:10A740002046FFF7AEFE282303FB0755002385F8BC
:10A750002230F8BD404D002028210279024B01FB38
:10A76000023393F824007047404D00202DE9F84F44
:10A7700028239046002290F80490AE4D046803FB15
:10A78000095383F823204B680E4633B1CB6803F09E
:10A790006043B3F1005F40F085813378023B012BC9
:10A7A00006D8336903F06043B3F1005F40F07A816B
:10A7B000A14BC4F80833282303FB095393F8241052
:10A7C00001F0FF0239B19B68DFF870B2C4F80433BE
:10A7D0005846BDE8F88F18F0140F0CBF0121002176
:10A7E00083F82410317809EB890783F820107178F9
:10A7F00005EBC70783F82110F168D960716819610A
:10A8000031695961B168C3F81C809961C8F30011BE
:10A8100083F825107378C4F88835C4F86021D4F81B
:10A820006031C4F84821D4F84831C4F82421D4F860
:10A830002431C4F80421D4F8043118F0010318BFFE
:10A840000123C4F8503518F0020318BF0123C4F8DF
:10A8500040353378032B00F2A480DFE803F07999C8
:10A8600062024FF48073C4F80032D7E90323C4F8BE
:10A870004425C4F848350123A3604FF480112046D5
:10A88000FFF745FE0028F8D1D7E90523C4F8442591
:10A89000C4F8483528234FF4802203FB09539A60FB
:10A8A000DFF89CB1282202FB09F218F0080AAB5825
:10A8B00005EB020013D13178032910D0012940F0B3
:10A8C00086802160002B6FD0282202FB09F271687C
:10A8D000AA5821B9002A00F0BB8001226261282217
:10A8E00002FB09F2A918AA58002A00F0B18018F05A
:10A8F000040F1CBF00228A6018F0400F06D12822E6
:10A9000002FB0952916841F002019160282202FB8A
:10A910000952916841F4007191609268C4F804236F
:10A9200056E7D7E90323C4F84425C4F84835D7E9E6
:10A930000523C4F83425C4F838354FF48453C4F8DB
:10A940000032012323622823022203FB0953A6E7D6
:10A9500018F0200FD7E90323C4F8442514BF4FF49F
:10A9600080724FF40072C4F848354FF0280315BFC9
:10A97000C4F80022C4F800224FF48022022214BF3F
:10A9800003FB095303FB09539A600123236287E702
:10A99000D7E90323C4F83425C4F838354FF480537D
:10A9A000CDE7DFF8A0B07DE7026902B96161264911
:10A9B000DFF898A02046FFF7AAFD012210F4007FDF
:10A9C00018BF626110EA0A0F1F49F3D07CE701212A
:10A9D000A160002B7FF478AF006918B31B4B1AEA13
:10A9E000030F7FF471AF20461749FFF790FD10F475
:10A9F000007F8246F2D04FF080712046FFF787FD3E
:10AA0000D4F8001280B111F4007003D10122824603
:10AA100022626261CB05E1D54FF480212046FFF729
:10AA200076FD04E06161D9E70122226262614FF0A4
:10AA3000000AD3E7404D002002029C010B00AD0B41
:10AA40000000AD0B0400AD0B020204000200040084
:10AA5000282101FB09550021D4F8C424C4F8C424DA
:10AA600085F824108AB11149114B12F0010F14BF5F
:10AA70008B469B46013112F0020F18BF8B4612F035
:10AA8000040F0C4A18BF9346A2E618F0400F7FF45B
:10AA90009FAE39462046FFF7D3FC054A002808BF81
:10AAA000934695E6DFF810B092E600BF0000AE0BCB
:10AAB0000100AD0B0200AE0B0A00AD0B013918BF4F
:10AAC0000121006800EBC1007047006800F582704A
:10AAD000704770B55D4D022186B02846FFF717FD1F
:10AAE0004FF4007106462846FFF711FD584CD8B1C7
:10AAF000E6B9A3684FF08071C5F808330223A3605C
:10AB0000A3682846C5F80433FFF701FD18B1D5F84E
:10AB100000329B0503D401224C4B1A625A61012377
:10AB200084F8233006B070BD002E58D0E5696E065B
:10AB30000AD494F823303BB945494448FFF780FCD8
:10AB400080F0010084F8230015F0040525D13F4B67
:10AB500094F82520C3F86051D3F86011C3F85C5114
:10AB6000D3F85C1112B194F823205AB10022C3F833
:10AB70000022A260374AC3F808234FF40072364B14
:10AB8000C3F88021238CADF80430E3680493236973
:10AB9000029363690593A36903932C4AD2F8C434E2
:10ABA0009807C2F8C4344AD459074AD4DA074AD4B9
:10ABB00094F823309B00DBB28DF8003094F82530F8
:10ABC0000BB984F82430E3695B0703D594F823308C
:10ABD000002BA7D0D4E9003168469847A2E74FF48C
:10ABE00080212846FFF793FC94F82030ABB994F805
:10ABF000253053B94FF40072C5F80032A360154BED
:10AC0000C5F80833144BC3F8802100238DF80430B5
:10AC100094F821308DF80530B7E74FF40073C5F88C
:10AC2000003240F20223A36003F1CE73C5F808336B
:10AC3000A368C5F804330123AB602B6272E70123DC
:10AC4000BAE70223B8E70323B6E700BF009000503D
:10AC5000404D002002029C0100E100E038B50446AE
:10AC6000D1E900514FF47A720023C803490C08F06F
:10AC70009FFA2368C3F80C55C3F804052279094BE1
:10AC800003EBC2035B6863B100232468C4F800319E
:10AC900044F30730D4F80031DFF732FF0123C4F862
:10ACA000043338BD684D002070B5094C057904EBBC
:10ACB000C506726014F8352042B9012204F8352027
:10ACC00009B9044870BDFFF7C9FFFAE70248F9E780
:10ACD000684D00200000AD0B0500AD0B08B5074B1B
:10ACE000027913F832302BB1022B05D0FFF7B6FFF3
:10ACF000034808BD0348FCE70348FAE7684D002015
:10AD00000000AD0B0500AD0B0B00AD0B012103687E
:10AD1000027919600221024B03F83210704700BF1C
:10AD2000684D002030B50279084B094C03EBC20393
:10AD300059780023DAB2914200D830BD026803F599
:10AD4000C07542F825400133F4E700BF684D00208C
:10AD50003546526E10B502794FF02003EFF311849F
:10AD600083F31288BFF36F8F0C4B03EBC2035A7847
:10AD7000072A10D80A70511C5970012301689340AA
:10AD8000D1F8080503430648C1F8083584F3118853
:10AD9000BFF36F8F10BD0348F8E700BF684D002078
:10ADA0000000AD0B0200AD0B0368034A01F5C07152
:10ADB00043F82120704700BF3546526E074BD3F849
:10ADC0000404D3F800213AB10022C3F80021D3F8DB
:10ADD0000031034B5B681847704700BF008001508B
:10ADE000684D0020036803F01F025B09026004D075
:10ADF000012B034818BF002070470248704700BF6E
:10AE0000002884500025845007B5019001A8FFF761
:10AE1000E9FF0123019A9340836003B05DF804FBCE
:10AE2000F7B50646FFF7F0FF0846FFF7EDFF01A86C
:10AE30000196FFF7D7FF0C4640F20D61019B2B4DA9
:10AE400000EB8300D0F8003201942B400B43C0F894
:10AE5000003201A8FFF7C6FF019B012700EB83002A
:10AE6000D0F800322B400B43C0F800320420FCF72E
:10AE70009EFB092501A80194FFF7B4FF019A03691D
:10AE8000D340DB0714D401A80196FFF7ABFF019B69
:10AE9000013D07FA03F3C3600420FCF788FB30464A
:10AEA000FFF7B2FF0420FCF782FB15F0FF05E1D1AC
:10AEB00001A80194FFF796FF0123019A9340C36014
:10AEC0000420FCF774FB2046FFF79EFF0420FCF7EC
:10AED0006EFB01A80194FFF785FF019A03690448FE
:10AEE000D34003F00103C01A03B0F0BDF0F0FCFF43
:10AEF0000100AD0B0023009A934200DB7047013341
:10AF0000FAE72DE9F0410E4617460D4D55F8184F5A
:10AF1000AC4203D16FF01200BDE8F081314654F825
:10AF2000440CA4F144080BF012F930B9C7F80080C2
:10AF30004046BDE8F0410CF0F5BA2468E8E700BFF0
:10AF4000F44F002038B5DDE9044098421546194613
:10AF500003D00C2262430BF083F90023A34201DBF0
:10AF6000204638BD022DFFD10133F7E710B5D0E9F7
:10AF700009124A60416A00F124031160C0E90933F3
:10AF80004368044603B19847054B1A78062A05D949
:10AF90005B681BB10720226802499847002010BD5A
:10AFA000F44F0020B02C04002DE9F04107460D4677
:10AFB0000B4E56F8084FB44202D16FF001000AE080
:10AFC000394654F8240CA4F124080BF0C0F820B939
:10AFD0001DB1C5F80080BDE8F0812468EBE700BF33
:10AFE000F44F002010B5044610B96FF0150010BDE5
:10AFF00000680028F9D00BF0A3F80028F5D0002154
:10B000002068FFF7D1FFC8B104F11C03C4E907337E
:10B010000C4B04F12402D96803F10800DA60A16244
:10B0200060620A601A78062A01D95B680BB90020B1
:10B03000DDE70720226804499847F8E76FF0100021
:10B04000D5E700BFF44F0020B22C040073B50C46C6
:10B050001546064618B96FF0150002B070BD0BF02A
:10B060006FF80028F7D0002CF5D020460BF068F8D8
:10B070000028F0D0002DEED0304601A9FFF794FF54
:10B080000028EAD1019883682BB12A46214602B0F4
:10B09000BDE8704018476FF01200DEE701464068D7
:10B0A000C36803B11847704710B50446006810B96B
:10B0B0006FF0150010BD0BF043F80028F8D0A3681E
:10B0C000012BF5D8064B04F144016360054BDA69A6
:10B0D00003F118006064A264D96100201160E9E7FF
:10B0E00078140020F44F002038B505460D4C20227E
:10B0F000204600210BF0BFF82B68284663602346EA
:10B100002A7903F8082BC4E9023304F11003C4E9D7
:10B11000043304F11803C4E90633BDE8384000F0F5
:10B1200059B900BFF44F002008B500F05BF9BDE845
:10B1300008402022002101480BF09DB8F44F002068
:10B14000024630B5084C2368A34201D1002030BD2F
:10B1500053F8141CA3F11400914203DC4568294400
:10B160009142F4DC1B68EFE75014002070B50446F0
:10B170000D46FFF7E5FF28B12A462146BDE870409D
:10B18000C368184770BDF0B570B3194C00F11401D5
:10B1900023681A46A24214D1D0E9005626B3691C8E
:10B1A00014BF2A460022B718A34210D1511C1BD04D
:10B1B000014641F8142B5A685960C0E90532116004
:10B1C00001E08A4201D10020F0BD1268E2E753E9B4
:10B1D00005C16144914205DDBC4503DA6F1C03D112
:10B1E0000A4677181B68DFE76FF01500ECE700BF31
:10B1F000501400202DE9F041054688461746FFF718
:10B200009FFFA0B1046934B13B4642462946A4469B
:10B21000BDE8F0416047C3694BB102682046AD1AF2
:10B2200003EBC50243F835805760BDE8F0816FF04D
:10B230001500FAE7012199E7002197E70EB403B062
:10B240007047014B58607047F44F0020014B58681D
:10B25000704700BFF44F0020014B1870704700BFCB
:10B26000F44F0020014B1878704700BFF44F0020C6
:10B2700010B5064B00F13C015A6903F11004026459
:10B28000C46359611160002010BD00BFF44F00205D
:10B290002DE9F84306460F4690460C4D55F8104FE1
:10B2A000AC4202D16FF001000CE0314654F83C0C86
:10B2B0000AF04DFF40B954F8303CBB4204D3383C4F
:10B2C000C8F80040BDE8F8832468E9E7F44F00209F
:10B2D00003688B420BDC40681844884207DD044851
:10B2E000C91A012A18BF00224318C3E88F2F7047DC
:10B2F000704D0020074A136883420ADC52681A44E2
:10B30000824206DDC01A044B034401224033C3E8E5
:10B310008F2F704758140020704D00200148FFF710
:10B3200032BF00BF5814002010B50C490246D1F8B6
:10B3300080301C183F2C0BDD094B1978022904D9E9
:10B340005B6813B10320074998476FF0150010BDE3
:10B35000054AC1F8804010681844F8E7704D002095
:10B36000F44F0020C52C0400581400202DE9F041B2
:10B3700000242746104DDFF84480A5F184063319D8
:10B38000D3E88F2FD2B282B14033D3E8CF2F012A36
:10B3900003D1C3E8C17F0029F7D106D12B68D8F8C3
:10B3A000000013B16968204498470134402C05F12E
:10B3B0000805E4D1BDE8F081F44D002058140020C8
:10B3C00001207047042070470020704700487047F4
:10B3D000E22C040008B50248FFF704FE002008BD77
:10B3E000781400200148FFF7C1BD00BF7814002089
:10B3F0000EB4431E062B33B588BF0020094B05ACA5
:10B4000054F8045B53F820100748D8F71BFF214677
:10B4100028460194D8F706FF02B0BDE8304003B0DB
:10B42000704700BF54E30300D804040001207047B4
:10B43000042070470020704700487047E22C040049
:10B440000246044B586800B9704719889142FBD0F6
:10B450000833F7E774E3030070472DE9F04F87B036
:10B4600017469B460446DDF840A000284BD0056AED
:10B4700035B12D6825B1AC4607B0BDE8F04F604747
:10B48000A36A9F4242D80026BE4203D1002007B0E3
:10B49000BDE8F08F182303FB06F8D4F82C90A269BE
:10B4A00009EB08052B1D0593CAB96869696803682B
:10B4B000B5F80CC0C91AAB680CF1030E5D1E05EBA4
:10B4C0000C155B4205EB4E051D4005EBCC03856872
:10B4D0000633A94228BF4FF0FF310BF0B1FF59F8F6
:10B4E000083020460293236AB1B29B6A01935AF84E
:10B4F000263000935BF82620059B00F04EF80028CC
:10B50000C5D10136C0E76FF01500C0E70048BEE7BF
:10B5100040F4FFFF10B4046B02460B4684B9C168C7
:10B520001F2998BF23FA01F4416861B18068834202
:10B5300009D21069184051F82430184410BC7047E3
:10B54000234610BC18474FF0FF30F7E770B5436B48
:10B5500005460E46E3B90469621C09BF43680C4006
:10B560001C680C1B21462846FFF7D4FF864207D0F3
:10B570002B6901331C44AB689C42F3D34FF0FF347A
:10B580002868431C07D0AB68A34204D9204470BD8F
:10B5900098470446F4E70020F9E730B5059CC4E974
:10B5A0000002039A21811989E260049A6181A184D1
:10B5B0002261D3E9002502EB0113C4E905128A1CBC
:10B5C000E36103EB42036A1C13446D422B40236288
:10B5D000836953B90139A2698B4202EB031206DB7E
:10B5E000002393736FF07F03D373002030BD0133CA
:10B5F000D381F0E72DE9F04FB0F82CA00446554672
:10B60000002685B002EB030891460E9A00EBCA03B0
:10B610001FFA88FB5A63A3F838B008F1FF32836938
:10B620000F1D0192B0451ADCA38CA585A3EB0B037B
:10B63000A384E36961895A8801390A4003EB420314
:10B64000A3F804A0BFF35B8F0020E26953880133A5
:10B650005380E38C0133E38405B0BDE8F08FA06A2A
:10B660002A0157F8041C03EB0515029303680392A3
:10B67000C91A83680837994228BF4FF0FF31FFF796
:10B6800049FFDDE90232985000226A6057F8082C21
:10B69000AA60019A9642ACBF00220122B145D8BFF0
:10B6A00042F00202AA810136ED89BBE7F0B550B342
:10B6B000056AC48D6B88A34230D0631CC38543895F
:10B6C000BFF35B8F013B1C4005EBC4056B689EB26A
:10B6D00009B1AD680D60D0F818C09BB20CEB031136
:10B6E00000EBC3031D8F878C2F44013D87841D878A
:10B6F0008D896F070ED5858DCD8100218685586B8C
:10B70000596302B11480F0BD1D8FC989013D0CEB56
:10B7100001111D878D89ED07F6D4ECE70020F2E7D3
:10B72000836903EB011398687047836909015958CD
:10B73000806A0BE710B5044690B1828C43899A4227
:10B7400009D0084B1A78032A05D95B681BB14268F7
:10B750000549042098472046BDE8104006F0D5BAB8
:10B7600010BD00BFF44F0020372E040070B5BFF3AA
:10B770005B8F0D46C1691646038E4A8804469A427D
:10B7800016D05A1C02864289013A134001EB43014C
:10B790008A882A8093B282691B01D158806AFFF798
:10B7A000D5FE2A88A36903EB02139B68336070BD42
:10B7B0000020FCE730B544898C4212D9036A013C71
:10B7C0005D882C4003EBC40359609A60BFF35B8F24
:10B7D000026A538801335380C38C0133C384002031
:10B7E00030BD0148FCE700BF41F4FFFF02689369E8
:10B7F000126992001CD52BB9C3694169C28D03EB54
:10B8000041039A8003689B69012B05D1036A416952
:10B81000028E03EBC1039A80BFF35B8F03689B69C1
:10B82000B3B9036AC28D5B88981A18BF01207047AC
:10B8300023B9C269138823F00103138003689B694D
:10B84000012B01BF026A138823F001031380E3E791
:10B85000012B03D1C369028E5B88E5E700207047A6
:10B8600010B5026893691269920017D543B9C38D68
:10B87000C26941694489013B1B1B02EB4102938071
:10B8800003689B69012B08D1038E026A41694089D4
:10B89000013B1B1A02EBC102938010BD23B9C269A0
:10B8A000138843F00103138003689B69012B01BFD8
:10B8B000026A138843F001031380EEE710B5BFF36B
:10B8C0005B8F036804461A699B6912F0005F1AD007
:10B8D0007BB9C369026A5B884169013B02EBC10223
:10B8E00092889B1AE28C9BB29A4214D80023E3847C
:10B8F00010BD012BFAD1036AC2695B884169013B23
:10B9000002EB4102ECE763B9036A1B88DB4303F0F7
:10B910000103002BEAD02369002BE7D0204698478B
:10B92000E4E7012BE2D1C369EFE710B58AB0F0B1CB
:10B93000104B1A78062A1AD95C68C4B1D0E90732CC
:10B94000118808911988079152880B490692C28D77
:10B9500005925B880493038E0393838D0293C38CBB
:10B960000193838C0093438942680720A0470AB063
:10B9700010BD00BFF44F0020592E0400C369028E91
:10B98000598891420AD0418901390A4003EB4203A8
:10B990009A88836903EB0213986870470020704708
:10B9A000BFF35B8FC36803B1184770474FF0FF3296
:10B9B0004FF0FF3303F0DCBC70B50446056A05F1B7
:10B9C00058063046FFF7F2FF636AA3F580637F2BCA
:10B9D0000BD801225909483503F01F039A4055F846
:10B9E000213023EA020345F82130D4E90D124A60E0
:10B9F000616B04F134031160C4E90D330023236249
:10BA00003046BDE8704003F08DBC70B4039E144610
:10BA100060B1006A50B14BB1013407D0002E05DB94
:10BA2000D0F8804014B1A44670BC6047014870BC97
:10BA3000704700BF2DF8FFFF10B58CB0436A044675
:10BA40000B912022014602A80A930AF04AFB282300
:10BA50000122CDE9003220463522616A02ABFFF7B0
:10BA6000D4FF00EAE0700CB010BD30B1006A20B124
:10BA700019B1D0F8843003B11847704730B1006A6B
:10BA800020B119B1D0F8883003B11847704730B1F0
:10BA9000006A20B119B1D0F8943013B118470248A8
:10BAA00070470248704700BF2DF8FFFF28F8FFFFDE
:10BAB00030B1006A20B119B1D0F88C3003B1184709
:10BAC0000020704770B4039E144660B1006A50B104
:10BAD0004BB1013407D0002E05DBD0F8904014B1F3
:10BAE000A44670BC6047014870BC70472DF8FFFF4A
:10BAF0002DE9F84306468846174699460468A6424B
:10BB000001D1002523E07A1CA4F1340502D06B6A30
:10BB1000BB421CD0B8F1000F01D12468EFE720220E
:10BB2000414628460AF01FFB0028F6D1B9F1FF3F35
:10BB300002D0AB6A4B450AD07B1C0BD02468B442C0
:10BB4000DFD054F8103CA4F134059F42E7D12846D9
:10BB5000BDE8F883AB6A0133F9D02468B442D0D091
:10BB6000A4F13405D6E770B50C46114605461E46CD
:10BB70000C4B2022002908BF194620460AF0B1FAD2
:10BB8000049B6662A362059B2562E362069B2363B6
:10BB90006A6804F13403C4E90D526B60A26B136050
:10BBA00070BD00BF4EF003002DE9FF47DDF8349073
:10BBB0000D4692461F46064600286CD000296AD0E2
:10BBC000B9F1000F67D001F158084046FFF7EEFECB
:10BBD000781C40D1AC6C05F1480314F001040BD083
:10BBE00000240134802C54D0620953F8222004F040
:10BBF0001F01CA40D107F4D40121600953F8202065
:10BC000004F5806704F01F04A1400A4343F8202094
:10BC10000E9B5246CDE901930C9B3146009328467A
:10BC20003B46FFF7A0FF404603F07CFB347874B13D
:10BC300095F898405CB1B36A01332ED100213046AB
:10BC4000FFF7FAFE044610B13046FFF7B5FE204676
:10BC500004B0BDE8F087B7F5806FD9D3A7F580634E
:10BC60007F2B05F148010FD8580951F8204003F007
:10BC70001F0324FA03F2D2070BD4012202FA03F3C2
:10BC8000234341F82030C3E7054C404603F04AFB0C
:10BC9000DDE7044CF9E7024CD9E70024D7E700BF01
:10BCA0002DF8FFFF29F8FFFF10B5044688B1036A9D
:10BCB0007BB102784AB193F8983033B1436AB3F557
:10BCC000806F02D30121FFF7B7FE2046BDE8104088
:10BCD00072E610BD51F8083C43F0004341F8083CBF
:10BCE0007047704703F01EBB4FF0FF324FF0FF3339
:10BCF00003F03EBBF8B50C46054651F8086C00F160
:10BD000058073846B6B2FFF7EFFF24F8086CD5F8AD
:10BD1000C020A4F1100344F80C2C05F1BC0244F837
:10BD2000102CC5F8C03054F80C2C38461360FFF7BF
:10BD3000D9FF0020F8BD2DE9F041056A282A0F46F9
:10BD4000D5F8B40088B026D101688468791AA14278
:10BD500028BF4FF0FF3120236A460BF0FEFA05F1B1
:10BD60005806D7F820803046FFF7BEFF43464FF015
:10BD7000FF3269462846FFF7BBFE7B6A0446DB07B5
:10BD800019D560B93046FFF7ADFFEB6F1BB14246E6
:10BD9000694628469847002008B0BDE8F0814FF07A
:10BDA000FF3383623046FFF79DFF236B002BECD0FF
:10BDB00020469847E9E720B93046FFF793FFAB6F7D
:10BDC000E4E7C0F828803046FFF78CFFE3E730B4A3
:10BDD000D0F8A8501346AD6925B930BCD0F8AC00F6
:10BDE000FFF764BC012D06D130BC0A46D0F8AC0088
:10BDF0001946FFF7BBBC002030BC70477FB50C462E
:10BE00001946D0F8A8309D695DB90094CDE9024289
:10BE100001232A46D0F8AC0002A9FFF7EBFB04B0DF
:10BE200070BD012DFBD1D0F8AC0004B0BDE870406E
:10BE3000FFF7C0BC2DE9FF4103685F6A07F15806B0
:10BE40003046FFF751FF38460DF10A0203A9FFF70C
:10BE5000BEFF04463046FFF745FF002C41D0BDF839
:10BE60000A303046A360FFF73FFF4FF0FF33002159
:10BE700038466268FFF73CFE05463046FFF732FF62
:10BE80007DB1AB6AE96B013308BF2368284608BF60
:10BE9000AB622368A2890091D5F82C8004F11001CF
:10BEA000C0473046FFF720FFA368002B06DB214682
:10BEB0003846BDF80A30039AFFF7A0FF38460DF167
:10BEC0000A0203A9FFF783FF044618B13046FFF7C3
:10BED00009FFC4E7D7F8AC00FFF7F0FC3046FFF7E6
:10BEE00001FF04B0BDE8F081F8B5044651F8086CD4
:10BEF00000F158073846B6B20D46FFF7F5FE314659
:10BF0000D4F8AC00FFF70CFC33460246A5F1100153
:10BF10002046FFF773FFD4F8AC00FFF7CFFC38469C
:10BF2000BDE8F840DEE62DE9F041A3F1100653F834
:10BF3000085C002388B00693ADF81E300446102339
:10BF4000CDE904120E9FD0F8B400ADF81C70016862
:10BF5000D0F808C0711A0DEB0302614528BF4FF0FD
:10BF6000FF3104F158080BF031FA4046FFF7BCFEF0
:10BF7000D4F8A830ADB29B69CBB9D4F89C20D4F8E2
:10BF8000A830D4F8B0009B69C3B9CDE9026200962D
:10BF9000012202A9FFF72EFBD4F8B000FFF78EFCB8
:10BFA0004046FFF79FFE384608B0BDE8F0812946BD
:10BFB000D4F8B000FFF7B4FB0246E0E7012BEBD169
:10BFC0002946FFF7F7FBE7E710B548B149B14368E9
:10BFD0008B4206D382680468D21A5B1A4360A018A9
:10BFE00010BD0020FCE72DE9F3470546D0F8A80076
:10BFF0000E46036A17469B689847430703D4002000
:10C0000002B0BDE8F08743F69823002F18BF1F4603
:10C0100005F1580805F1BC0A4046FFF765FED5F862
:10C02000BC40D5F8A8305445D3F8189025D024B397
:10C03000D4E90023536022681A60C4E90044B9F1CE
:10C04000000F0ED1D5F89C3033604046FFF74AFE12
:10C05000BDF8063004F11000A3603368103B336074
:10C06000CEE7B9F1010FF0D12189D5F8B000ADF8D4
:10C070000610FFF755FB3060E7E7B9F1000F2AD152
:10C080003146D5F8B0000DF10602FFF70FFB04466C
:10C090000028DAD1D5F8B0309B8C53B94046FFF771
:10C0A00021FE002FABD02120002104F0D1FA013F66
:10C0B000B2E7D5F89C10D5F8B800FFF785FF044625
:10C0C000D5F89C30ADF8069033604046FFF70AFE85
:10C0D000002CE6D0BCE7B9F1010FDFD13246D5F82C
:10C0E000B0000DF10601FFF741FB0446EDE72DE935
:10C0F000F04385B00F46904603A90D9A0546994630
:10C10000FFF771FF0446E0B10C9E039BD5F8B40025
:10C110009E42A8BF1E460168D0F808C0611A334687
:10C120004A46614528BF4FF0FF310BF04FF92346D7
:10C130004246394628460096FFF7F5FE05B0BDE8B1
:10C14000F0830148FAE700BF2EF8FFFF20B119B1D4
:10C1500012B1C0E901220160704738B50446E0B170
:10C1600000F158052846FFF7BFFDD4F8A8309B69B9
:10C1700053B9D4F89C40103C002C00DC084C2846F5
:10C18000FFF7B0FD204638BD012BF7D1D4F8B00041
:10C19000FFF7F4FBA0F11004EEE7024CF2E700BF5A
:10C1A0002EF8FFFF2DF8FFFF2DE9F0478AB00D466E
:10C1B000DDE9129790461E46044620B9824F384664
:10C1C0000AB0BDE8F0870029F8D0002BF6D09C22F9
:10C1D00000210AF050F8012204F15800114603F042
:10C1E00089F87A4BC4F8A850C4F878806C62C4F817
:10C1F0008030774BC4F88430764BC4F88830764B67
:10C20000C4F88C30754BC4F89030754BC4F894303A
:10C21000D4F8A830D3F81880B8F1000F6ED1002FF1
:10C22000CCD097E8070004F19C0383E80700D4F81A
:10C23000A800036A1B6998470023286100F00100E9
:10C240006B6184F89800B8F1000F6DD13B7A002B38
:10C2500068D009F10C03C4F8B830B9F1000FADD0C3
:10C26000D9F80820002A00F0AD809B68002B00F070
:10C27000A9805C4B04935C4B05935C4B06935C4B31
:10C280000793EB6A1B68C4F8AC30EB6A9B69C4F88F
:10C29000B03004F1BC03C4E92F3306ABC4F8B4607A
:10C2A000009302220021D4F8A80004ABFFF7D5F8D0
:10C2B0000746002883D1D4F8B000FFF7D1FAEB6A23
:10C2C0001B689E62EB6A9B699E62B8F1000F61D1A8
:10C2D000C246D4F8A0300993D4F8AC305B895345FA
:10C2E00034D894F89830C4E90044002B59D1D4F8DC
:10C2F000A8000421036ADB68984760E7B8F1010FE2
:10C3000095D1D4F8A800036A9B689847420606D5E1
:10C31000D4F8A8000021036ADB689847F1E74307D7
:10C32000EFD584E74B4696E7B8F1010FB1D12E4B1C
:10C3300004932C4B05932E4B06932C4B0793EB6ADF
:10C340009B69C4F8AC30EB6A1B68A0E74846D4F898
:10C35000A010FFF739FE0546C8B131680890411AB0
:10C36000B0680022814228BF4FF0FF31D4F8A030DE
:10C3700030460BF065F8009501230022D4F8AC009C
:10C3800008A9FFF737F918B90AF1010AA4E7194813
:10C39000074614E794F89830C4E90044002B3FF4B2
:10C3A0000EAF00230293144B204601933523134A0A
:10C3B000009304F10801FFF7D6FBB8F1000F7FF4FA
:10C3C000FEAE94E70B4FFAE62DF8FFFFEFC0020038
:10C3D000D5BC0200E9BE0200E7BF020027BF020091
:10C3E000F5BC0200F42E0400FA2E040035BE020053
:10C3F000E3BC02002EF8FFFF37BD0200002F04004F
:10C40000F0B505460E46174687B0074A03AC07CA83
:10C4100084E807000C9A3146009228463A46019477
:10C42000FFF7C2FE07B0F0BD14E4030010B50446E8
:10C4300018B910BD3438FFF737FC20688442F9D1B1
:10C440000023C4E92B33F4E708B1806970474FF04B
:10C45000FF30704728B10379022B0CBF006C406B92
:10C4600070476FF0010070472DE9F04F85B00E9CCA
:10C4700081460E4617469846DDF840A0002C4CD168
:10C48000A84B1A78062A04D95B6813B10720A6497D
:10C490009847B9F1000F09D099F80430022B40F009
:10C4A0003B813F2F04D94025502414E03F2F0BD867
:10C4B000402300E0342300220F990A60CAF80030BC
:10C4C000204605B0BDE8F08F99F804304025022BD6
:10C4D00014BF44245024D8F800B0BBF1000F0CD195
:10C4E000204605F01FFCC8F8000010B94FF0FF34DB
:10C4F000E6E72246594609F0BEFE4FF480742A460C
:10C500004946D8F8000009F0ABFED8F800301A7997
:10C51000022A0CBF403334331C60D8F800301A793B
:10C52000022A0BBF03F1400503F134051B6C5B6B62
:10C53000A34202D06FF00104C2E7B4F5807F5ED160
:10C54000784B1A78062A04D95B6813B1072077491B
:10C550009847D8F800301879022809BF196AD969B4
:10C56000B3F838C0DA8E1CBFB3F82CC05A8D8E4297
:10C570000CFB02F205D807EB060C02EB010EF445AA
:10C5800005D20F9B1960CAF800202C6898E7A1EB30
:10C59000060B09EB0B01022810460CBF03F1440BFC
:10C5A00003F1380B0191029205F0BCFBCBF80000BF
:10C5B00000289BD0DDE9011209F052FE4FF48133CF
:10C5C0002B60DFF860B19BF80030062B05D9DBF853
:10C5D000043013B1072056499847D8F8003018792D
:10C5E00002282FD19A8F002A64D12B6823F47F432D
:10C5F00043F400632B600023CAF80030C5E72B68C2
:10C600009A05DED42B685B057FF55AAF454B1A7847
:10C61000062A04D95B6813B1072046499847D8F821
:10C6200000301879022849D19A6CD98F002A81D01C
:10C630009C8F8C427FF67EAF02EB81129169D2F81B
:10C64000208049E01A8E002ACFD0196AB3F82EC094
:10C650008E420CFB02F294D807EB060C01EB020EA3
:10C66000F4458ED30228A1EB06010CBF48333C33BE
:10C670004944104603930191029205F053FB039B3A
:10C68000186000283FF432AFDDE9011209F0E8FD3F
:10C690002B6823F47F4343F480632B609BF80030C6
:10C6A000062BAFD9DBF80430002BABD00720224992
:10C6B0009847A7E7996AB3F83AC0C9E7DA6B598E89
:10C6C000002A3FF437AF1C8E8C427FF633AF28240C
:10C6D00004FB0122D2E904188E4204D8374408EB47
:10C6E0000102974204D20F9B1960CAF800804CE700
:10C6F000022840460CBF03F14C0403F140048E1B9A
:10C7000005F010FB206000283FF4F0AE424609EB34
:10C71000060109F0A5FD68E7332F7FF6CBAE34257F
:10C720004424D8E6F44F0020032F04001B2F0400FC
:10C73000392F04007E2F0400572F040010B5044643
:10C74000F0B10379022B07D1406CB0B9A06C08B1ED
:10C7500005F0DBFAE06C08E0806B08B105F0D5FA73
:10C76000E06B08B105F0D1FA206C08B105F0CDFA04
:10C770002046BDE8104005F0C8BA05F0C6FAE5E766
:10C7800010BD2DE9F84F0F4690461E46054600287D
:10C790004BD00379022B05D1036C1A051CD46FF022
:10C7A0000B001FE0436B1B05F9D5D0E90F4AB4B16C
:10C7B000BAF1000F13D04FF00009DFF894B02B8EC0
:10C7C00099450CD221685846514409F0C0FC78B311
:10C7D00009F101092834F2E7D0E9124A24B900230B
:10C7E00033600020BDE8F88FBAF1000FF7D04FF0AA
:10C7F0000009DFF85CB0AB8F9945F0D2216858464C
:10C80000514409F0A4FC98B109F101094034F2E760
:10C810000FB1E3683B60B8F1000F02D02369C8F89C
:10C820000030002EDDD06369DAE76FF00100D9E750
:10C830002B79022BECD10FB123693B60B8F1000FCB
:10C8400002D0A369C8F80030002ECAD0236AC7E717
:10C85000962F04002DE9F04F87B00592DDE910A274
:10C8600012F47F0F8946DDE91267DDE914849B46E7
:10C870001DD15F490878062805D94D681DB10720EC
:10C880005C49A847119A009253465A464846CDE95A
:10C8900001780599FFF7E8FD10F47F0F024606D1F5
:10C8A0004FF0FF333360104607B0BDE8F08FDAF881
:10C8B0000050297902290CBF403534350CB10021D4
:10C8C00021702C6814F480316AD0DAF80020E4B2C8
:10C8D0003AB14FF0380E1179022912D1516C00296A
:10C8E00046D1434B1A78062A04D95B6813B1072056
:10C8F000414998472A68E4B222F0FF0222432A60A5
:10C90000D1E7936B002BECD0918DA142E9DD610161
:10C9100053F801C003EB4410002F39D10EB18168E8
:10C920003160D0E90431BCF1010F04F10104D2D12E
:10C93000169AC8F800301160DAF800301A79022A25
:10C940002CD11E8F2A4B1A78062A06D95F6827B188
:10C950003346224607202949B847B44201BF2B6815
:10C9600023F47F0343F400332B602C702A689AE78A
:10C97000108FA042B5DD0EFB04FC01EB0C0051F85A
:10C980000CC047B90EB101693160036A816ACAE718
:10C9900041683960C2E781683960F3E79E8DD1E76D
:10C9A000A003E3D514F4006419D1009253465A460B
:10C9B0004846CDE901780599FFF756FD021EFFF6BE
:10C9C00072AF130507D52B6823F47F0343F480234C
:10C9D0002B60C8F800404FF0FF333360C6E7C8F85B
:10C9E00000102B6823F47F0343F480232B60BDE702
:10C9F000F44F0020A62F0400C32F0400DE2F0400F4
:10CA0000032908B500D910B96FF0010008BD042250
:10CA1000024909F0FEFB0028F8D0F5E7FB2F0400DF
:10CA2000036C1B6A03B118471846704702F07ABCC2
:10CA30002DE9F74F90460E9A9946DDE90C3B824668
:10CA40000F460092A9B9564656F82C4FB4421CD155
:10CA5000DAF84020546A9CB1009A0C93CDE90DB2EB
:10CA60004B46424639465046A44603B0BDE8F04F17
:10CA700060470846019309F063FB2028019BE2D937
:10CA80000025284603B0BDE8F08FA4F130055FB162
:10CA900020223846A4F12401019309F064FB002808
:10CAA000EFD02468019BD1E7B8F1FF3F17D0D5E95B
:10CAB0000112884505D22468B442C9D0A4F13005DA
:10CAC000F2E70A4408EB0B01914205D92468B4420D
:10CAD000BED0A4F13005EAE79045F7D2D1E7B9F12D
:10CAE000FF3F11D02968AA68894505D22468B4425D
:10CAF000AED0A4F13005F2E70A4409EB0B019142F4
:10CB0000F4D89145F2D2BCE7002BB9D0E96A0A68A3
:10CB100089689A1A8A42B4D32468B44298D0A4F19E
:10CB20003005F1E72DE9F04786B00E9D074628460F
:10CB3000884692461E4605F0F5F80446002836D091
:10CB400001234FF00009CDE901934FF0FF3300932B
:10CB50002A4605AB31464046DAF808A0D047031E06
:10CB600003DB9D4201DC059989B9124B1A78022A30
:10CB700006D95F6827B12B46324603200E49B847D5
:10CB80006FF00105204605F0C0F82C460BE02A4660
:10CB9000204609F065FB2A464B462146384601F0FF
:10CBA000D3F9051EEEDB204606B0BDE8F0874FF056
:10CBB000FF34F8E7F44F00200030040070B5436BF9
:10CBC00005460E4653BB0469631C09BF43680C400D
:10CBD0001C680C1B2B6BD3B9EA681F2A98BF24FA78
:10CBE00002F36A68BAB1A9688C4214D2286952F873
:10CBF000233020401844864207D02B6901331C445F
:10CC0000AB689C42E6D34FF0FF34204670BD21460E
:10CC100028469847EFE74FF0FF30ECE7BDE870405B
:10CC200018474FF0FF324FF0FF3302F0A1BB2DE960
:10CC3000F0410D4616460446D0B10027C1B154223A
:10CC4000394609F018FBE76401222046114602F03C
:10CC500051FB04F12C03C4E90B3304F13403C4E9A0
:10CC60000D333246294620462B68BDE8F04118476F
:10CC70000020BDE8F08138B5044690B1FFF7D1FF40
:10CC8000E36C5BB9236C5B682BB900252046FFF78A
:10CC9000CDFE284638BD20469847F6E76FF00305DD
:10CCA000F4E76FF00105F4E770B50E460546A0B154
:10CCB000FFF7B7FFEB6C6BB92B6C1C691CB13146ED
:10CCC0002846A04704460223EB642846FFF7AEFE41
:10CCD000204670BD6FF00104F7E76FF00204F7E73C
:10CCE00038B5044698B1FFF79CFFE36C022B0BD1DB
:10CCF000236C20465B69984703230546E36420467E
:10CD0000FFF794FE284638BD6FF00105F7E76FF096
:10CD10000205F7E738B50546B8B1FFF782FFEC6CBE
:10CD2000062C10D03CB12B6C9B694BB12846984720
:10CD300004460623EB642846FFF778FE204638BDFC
:10CD40006FF00204F5E70024F5E76FF00204F5E761
:10CD500038B5054600B3FFF764FFEB6C3BB1062B1B
:10CD60002A6C06D12B6CDB6983B90023EB640024A9
:10CD700007E09369002BF5D0284698470446002821
:10CD8000F0D02846FFF752FE204638BD2846984787
:10CD900004460028F5D1E8E76FF00204F4E700B597
:10CDA00093B018B9002013B05DF804FB04AB0293F4
:10CDB0000023CDE900334FF0FF331A46FFF738FE6A
:10CDC0000028EFD0C06AEEE700B50A4693B018B964
:10CDD000002013B05DF804FB002104AB0293CDE901
:10CDE00000114FF0FF33FFF723FE0028F0D0C06A98
:10CDF000EFE770B50C46154692B018B900263046DC
:10CE000012B070BD002AF9D0002104AB02934FF09C
:10CE1000FF322346CDE90011FFF70AFE0028EDD0CE
:10CE200043680168C66A1C443046611AFFF7C6FEB3
:10CE30002860E4E700B50B4693B018B9002013B0A2
:10CE40005DF804FB0021CDE900314FF0FF3304AA67
:10CE500002921A46FFF7ECFD0028EFD0C06AEEE719
:10CE6000F8B50D461646044610B96FF00100F8BD3E
:10CE70000029FAD0002AF8D0FFF7DCFF0746002887
:10CE8000F3D029462046FFF7D5FF32460346294610
:10CE9000204601F059F80028E9D1C4E90856A762F4
:10CEA000E5E72DE9F04395B00E4615469946044650
:10CEB0001D9F002832D0002B57D019B9002A31D13C
:10CEC00014462BE00B680493002A2ED14FF0FF3359
:10CED000002106AACDE901922046049A009105930B
:10CEE000FFF7A6FD002830D0049B591C1FD0026814
:10CEF000134442689B1A05930FB1C36A3B60C76A2B
:10CF000004993846FFF75AFE3C68631C18D1002488
:10CF10000EB1049B33600DB1059B2B60204615B00C
:10CF2000BDE8F0834FF0FF3304932B68D0E7059BF7
:10CF30005A1CE1D04268134402689B1A0493DBE751
:10CF4000BB689842E3D20444E2E7236CD3F808803C
:10CF5000B8F1000FDBD01C9B2046009301974B4695
:10CF600005AA04A9C0470446D2E71C46D6E72DE926
:10CF7000F04F1E46002397B00C460546CDE912330C
:10CF800009920C93002800F07A82DFF8D891FFF71D
:10CF900048FE99F80030062B06D9D9F804301BB1A9
:10CFA0000720714A71499847EA6C99F80030511E80
:10CFB000012908D9022B0FD9D9F8043063B16C4983
:10CFC0000320984708E086B9022B05D9D9F8043028
:10CFD00013B10320674998472846FFF727FD6FF0F4
:10CFE0000104204617B0BDE8F08F062B06D9D9F80A
:10CFF00004301BB107205C4A5F49984721463368DB
:10D0000009980BAA9847041E0ADC99F80030022BF5
:10D01000E2D9D9F80430002BDED022465749CFE7B9
:10D02000D5F84880274699F80030B8F1000F1DD197
:10D03000062B06D9D9F804301BB107204A4A5049BB
:10D04000984721460B98FFF7DBFC60B199F8003058
:10D05000022B4FD86FF0010409987368984728464F
:10D06000FFF7E4FCBDE7474B9846AB6499F8003006
:10D07000062B06D9D9F804301BB107203A4A424999
:10D08000984700210C46DFF804A10FAB02930EABCA
:10D09000CDE900430D91D8F800400CAB3A460B980F
:10D0A000A04799F800300446062B0ED9D9F804B0F1
:10D0B000BBF1000F09D00F9B514602930E9B072036
:10D0C000CDE90073284A0D9BD847002C1ADA99F84D
:10D0D0000030022B09D9D9F80490B9F1000F04D01F
:10D0E0003B4603200D9A2A49C847D8F80C300C98C3
:10D0F0009847B1E7D9F80430002BABD0032025497D
:10D100009847A7E7E3030F9A09D5002A46D00D9B5D
:10D110000E993B448B4202D2F368D8073ED50023D8
:10D1200001210B93CDE901314FF0FF330093B76834
:10D130000E9909980BABB8470F9F834687420EDDC7
:10D1400099F80030022B02D9D9F804400CB95C469A
:10D15000CBE73B4603200E9A0F49A047F7E70E990D
:10D1600093E700BFF44F00207EEC03002130040061
:10D170003F300400673004008E300400AA30040001
:10D18000D630040020E403001231040028310400EA
:10D1900058310400E93004006E320400D8F80870F9
:10D1A0000C9812AB0DAA11A9B84700284CD1129BBC
:10D1B000002B4CD00093324628460D9B0999FFF76F
:10D1C000B1FC824699F80030062B06D9D9F8043014
:10D1D0001BB10720504A5149984700239B46DFF86E
:10D1E00040910D9300234FF0FF311493CDE90F319F
:10D1F0000E9314AB06930DF12B0305930FAB049321
:10D200000EAB039310ABCDE901430CAB0093D8F800
:10D2100004405B4628460D9A0B99A047041E99F8D6
:10D22000003016DA022B07D9D9F8047027B1DDE9EE
:10D230000E2303203B49B847BAF1000F3FF455AF26
:10D24000504604F062FD50E74FF0000ABAE79A46F4
:10D25000B8E7062B0CD9D9F804704FB1149B0720FE
:10D2600001930F9B109A00932F490E9B0294B8478D
:10D27000109B5A1C5ED04FF0FF320023159213AA68
:10D28000CDE900320B932846149B10AA15A9FFF78D
:10D2900008FE159F7B1C01D0139B63B9204B1A78A5
:10D2A000022A05D95B681BB10320109A1F499847D1
:10D2B0006FF00104C0E70F9AD2B10121CDE901312D
:10D2C00000970BAB0E990998D6F808C0E0470F9B62
:10D2D00083420DD0124A11780229E9D95468002CF2
:10D2E000E6D000933A4603200E9B1149A047DFE7A2
:10D2F0000F99149B8B427FF675AF39441398FFF753
:10D300005DFC149A0F9B0146D31A13989DF82B20AD
:10D310000AF096F866E700BF7EEC03007731040060
:10D32000F44F002092310400AE310400FC310400BF
:10D33000223204000F9AD2B100210120CDE9011060
:10D340000093B7680E9909980BABB847DDF83CB06D
:10D350000746834540F381804A4BA1031A7870D574
:10D36000032A04D95B6813B1042047499847129BEC
:10D370008BB9D8F808400C9812AB0DAA11A9A04798
:10D3800048B9129B3BB10093324628460D9B099940
:10D39000FFF7C8FB82463B4CBAF1000F34D023782C
:10D3A000062B05D963681BB10720384A38499847CE
:10D3B000002113AB01932846129B009111AAFFF79D
:10D3C00070FD074600284BD01398129B0168D0F8D7
:10D3D00008C0791A614528BF4FF0FF31524609F065
:10D3E000F5FF129B834207D02378032B04D963688F
:10D3F00013B1042027499847129B2F626B62139B3D
:10D40000AB62504604F081FC2378062B05D9636893
:10D410001BB107201D4A20499847D8F810300C98B6
:10D42000984702236864EB642846FFF7FFFA209BC5
:10D4300003B30C9B209A13607368099898470024E3
:10D44000CFE5022A01D95C680CB93C46F4E65B469C
:10D4500003200E9A1149A047F7E70E9B0D93C1E6F2
:10D460002378032BCDD96368002BCAD004200C4944
:10D470009847C6E7D8F80C300C989847DCE76FF06F
:10D480000204AEE5F44F0020483204007EEC0300B5
:10D490008F320400AB320400EE3204006932040023
:10D4A000C83204002DE9F04F984600238FB08A4619
:10D4B00016460446DDF870900993002800F0A78115
:10D4C000DFF890B2FFF7ADFB9BF80030062B06D9D2
:10D4D000DBF804301BB107209F4AA0499847E26C53
:10D4E000022A12D09BF80030022B05D9DBF8043059
:10D4F00013B103209A4998472046FFF797FA6FF037
:10D50000010738460FB0BDE8F08FA56C3DBB9BF816
:10D510000030062B08D9DBF80430002B00F0B9816D
:10D5200007208D4A8F499847BAF1000F0BD19BF81D
:10D530000030022BE0D9DBF80430002BDCD08A4924
:10D5400003209847D8E7002EF1D1B8F1000FEED0B4
:10D5500041465046FFF754FAA0B9844DA564189B84
:10D56000D3B11868C0B16B6909909847071E54DAA7
:10D570009BF80030022BBFD9DBF80430002BBBD066
:10D580007B49DDE79BF80030022BB5D9DBF804308E
:10D59000002BB1D07749D3E74FF0FF3300270A9330
:10D5A000C9F800701B9BCDF80890CDE90073424686
:10D5B0002F6809AB31465046B847664B07461A7884
:10D5C000062A11D9D3F804B0BBF1000F00F04C814A
:10D5D000D9F80030072002931B9B5F4A1B686649FD
:10D5E000CDE900833346D847002F80F24081594B64
:10D5F0001B78022B0AD9574BD3F80490B9F1000FCE
:10D6000004D0434632465D490320C8470998EB6879
:10D6100098472046FFF70AFA73E74FF0FF330A9363
:10D62000002317F4A02FC9F80030BBD017F4403FF7
:10D6300044D01D9B514606931E9B3246CDE9049370
:10D640001B9B204603930AABCDE9017309AB009302
:10D650006F684346B847DFF8FCA007469AF80030E9
:10D66000062B11D9DAF804B0BBF1000F00F0D2801C
:10D67000D9F80030072002931B9B374A1B684049AA
:10D68000CDE900833346D847002F80F2C6809AF850
:10D690000030022BBAD9DAF80490B9F1000FB5D0F6
:10D6A000434632463749AFE703200A9A364998473E
:10D6B000D7E0D9F80030002B40F0E1807B030998D7
:10D6C00040F1DD80AE680CAB0DAA0BA9B047074650
:10D6D000002840F091800C98002800F08D8004F024
:10D6E00021FB0646002800F08C801A9B3946CDE9C4
:10D6F000007320460C9B0BAAFFF7D3FB1A9B8146B5
:10D70000186860B9134B1A78022A04D95B6813B100
:10D710001E4903209847304604F0F7FA76E703687D
:10D720003246A9EB03088368984528BF4FF0FF38BD
:10D730000C9B414609F011FE0C9B0746834229D001
:10D74000044B1A78022AE6D95B68002BE3D0104913
:10D75000DFE700BFF44F00208EEC0300213004000F
:10D760003F300400D63004000F33040020E40300EF
:10D77000753304004B330400283104005831040091
:10D780009E33040092310400FC310400CC330400C9
:10D79000EE33040031462046FFF74CFB3A46034681
:10D7A0003146204600F0D0FB071E08DA3D4B1A78C0
:10D7B000022AB0D95B68002BADD03B49A9E71A9883
:10D7C0000C9B32464146006809F000FE0C9B8342E8
:10D7D00008D0344B1A78032A04D95B6813B10420AB
:10D7E000324998470C9BC4F8209063621A9B3046DC
:10D7F0001B68A36204F089FA2B6909989847606452
:10D800003DE04FF0FF3701E7EB6898473CE06FF0F1
:10D81000020776E60028FFF63EAF0A9B01333FF48D
:10D8200048AF4FF0FF33199A204613601A9B19999D
:10D830000193002300931D9B0AAA1B68FFF731FB8D
:10D84000199B1B68013303D01A9B002B7FF431AF67
:10D850009AF80030022B04D9DAF80430002B7FF458
:10D8600023AF6FF00107D1E60028FFF6C4AED9F868
:10D870000030002B3FF4DAAEFA033FF5D7AE189B29
:10D880000998002BC0D018602046FFF7CFF800277A
:10D8900037E6BAF1000F3FF44EAE002E3FF455AE1E
:10D8A00049E600BFF44F00200F3404003234040076
:10D8B00010B54C1C0346104614D1421C1DD000214B
:10D8C000202817D881421BD314D001203C334C09A7
:10D8D00001F01F02904053F824200243084643F809
:10D8E000242010BD541C03D11F29FAD82020E9E7B9
:10D8F0001F29E5D94FF0FF30F3E720200021E1E7B1
:10D90000DA6BCA40D207E0D50131DBE7084610B434
:10D9100059B101F13002D1E90C416160046B0C6036
:10D92000C0E90C2210BC00F029BA10BC70472DE9E8
:10D93000F04F0C4690469946054689B078B1012AC9
:10D940000DD8FFF76EF92E6A224603213046D5F82E
:10D9500028A000F03FFB38B92846FFF767F80024FD
:10D96000204609B0BDE8F08F2F460644B16857F84D
:10D97000344FA74221D1304B3246CDE900534046C7
:10D980005346CDF8089000F081F904460028E3D012
:10D9900000F04AFAA96B4FF0140BC4E90C71002790
:10D9A00004F13002AA63636B1A6096F819A0574518
:10D9B0000ED32846FFF73AF8D2E754F8303C8B42B2
:10D9C00004D12846FFF732F8303CC9E72468D0E795
:10D9D00000210BFB07639A6A28460592DA690692D2
:10D9E000D3F82090D3F8248009F1FF3308F1030223
:10D9F00003EB081303EB4203C9F10002134003EBEE
:10DA0000C80307AA01920633009106AAFFF749FA54
:10DA1000034658B1079A394600922046CDE901895C
:10DA2000059A00F0C7F908B90137C0E72146284632
:10DA3000FFF76CFF90E700BF21CA020070B50E46E9
:10DA4000044608B9002070BD54F8345FA542F9D0EF
:10DA50003146A5F1300000F0C5F90028F3D12D685A
:10DA6000F4E700BF10B4036801891820DA6A53F89C
:10DA7000044C00FB012253F8100C1169234610BC22
:10DA800018472DE9F04150F80C4C054667695818C5
:10DA9000B84218D84FF0140CAF6A55F8080C0CFBBC
:10DAA00007111C3121440468091B8468A14228BF66
:10DAB0004FF0FF3109F08AFC55E9013155F8100C9F
:10DAC000BDE8F0411847BDE8F081F0B450F80C4CC7
:10DAD000054667695818B84211D8142655F8080C3D
:10DAE000AD6A06FB05111C3121440468091B8468DA
:10DAF000A14228BF4FF0FF31F0BC09F02EBCF0BCB2
:10DB0000704730B4056813466A1C846904D13CB977
:10DB1000204630BC0021704782689142F7D21CB188
:10DB2000A44630BC052260476D180AD0012B03D1F2
:10DB3000D5E88F4FE4B2EBE7042BE9D1D5E8AF4F3E
:10DB4000E6E72C46E4E708B5A0F1100350F8080C0E
:10DB5000596803680C31C91A83680422994228BFA6
:10DB60004FF0FF31FFF7CDFF08BD38B5044650E94F
:10DB7000031003681031C91A83680422994228BF30
:10DB80004FF0FF31FFF7BDFF05462046FFF7DBFFF3
:10DB9000284038BD08B5A0F1100350F8080C5968AA
:10DBA00003681831C91A83680122994228BF4FF0CF
:10DBB000FF31FFF7A6FFC0B208BDF7B5A0F110070F
:10DBC0000446D7E901C006680CF110030A46991B08
:10DBD0008368C56999420AD2013613D15DB9FB68E1
:10DBE000216854F8100C03B0BDE8F0401847002D30
:10DBF000F5D04FF0FF3105230426CDE90036002390
:10DC0000A847ECE7002DF6D10CF11003C3E8AF2FC5
:10DC1000E5E738B504460D46FFF795FF00EA050134
:10DC20002046FFF7CAFF002038BDF7B5A0F1100766
:10DC30000446D7E901C006680CF118030A46991B8F
:10DC40008368C56999420AD2013613D15DB9FB6870
:10DC5000216854F8100C03B0BDE8F0401847002DBF
:10DC6000F5D04FF0FF3105230126CDE90036002322
:10DC7000A847ECE7002DF6D10CF11803C3E88F2F6D
:10DC8000E5E783690BB94021CFE770472DE9F04FF5
:10DC9000804685B048209146577E0191029304F05A
:10DCA00041F80446002865D007EB4700C00004F0A7
:10DCB00039F8064600285AD048220021204608F0AC
:10DCC000DAFA18220021304608F0D5FA4FF0000A9F
:10DCD0004FF0180BBA4521D30F9B04F11005E360F8
:10DCE0000E9BE6632360029BC4F80490A360019B33
:10DCF000C4F828802361109BA763E3621E4B236353
:10DD0000B8F1000F06D12846FFF71DFF014628464F
:10DD1000FFF77FFF284605B0BDE8F08FB8F1000F90
:10DD200015D1142303FB0A92526AD20034321046F2
:10DD3000039203F0F7FF054658B1039A002108F05B
:10DD40009AFA0BFB0AF20AF1010AB550C2E7002267
:10DD5000EBE74FF0180808FB05F3F05808B103F0A3
:10DD6000D4FF0135AF42F6D8304603F0CEFF20464F
:10DD700003F0CBFF0025CDE738E40300F8B50446F7
:10DD8000B8B100251827A0F11006D4E90A30AB423B
:10DD900007D808B103F0B9FF3046BDE8F84003F0FA
:10DDA000B4BF07FB05F3C05808B103F0AEFF01355F
:10DDB000EBE7F8BD30B5856A049C8D420FD9B4F508
:10DDC000803F0CD21825C06A05FB010103984B6007
:10DDD000C1E904200020059B8C818B6030BD6FF071
:10DDE0000100FBE72DE9F0410D460446C8B1036888
:10DDF0008B4202D10020BDE8F08100264FF01808C8
:10DE0000876ABE42F6D008FB06F3E26AD1180969B8
:10DE1000A94201D0691C02D1D058FDF7C1FD0136DD
:10DE2000EFE76FF00100E6E710B58369044623B120
:10DE30002046FFF7AFFE4307FAD510BD4B6801330C
:10DE400006D08B68002B0CBF6FF00A0000207047D3
:10DE50006FF00A0070476FF00A0070471FB5A9B154
:10DE60004B69B3B98A6803924A68CDE901320B69FC
:10DE700002AA0093CB6803A9FFF713F800280CBF90
:10DE80006FF00100002005B05DF804FB6FF00900A1
:10DE9000F9E76FF00600F6E72DE9F0410D468968D5
:10DEA00006464F1C0CBF0A464A1CFFF701FD441CE6
:10DEB0002ED00024142795F81980A860444502DB71
:10DEC0000020BDE8F08107FB0453996A481C0CBF91
:10DED0000A464A1C3046FFF7EBFC421C04D007FB05
:10DEE000045301349862E9E714274FF0010C013C18
:10DEF00006F13C01631C0ED10121AA6853099B0065
:10DF00003C3302F01F029140F25822EA0102F25023
:10DF10006FF00900D5E707FB04539B6A013C5809E1
:10DF200051F8202003F01F030CFA03F322EA030246
:10DF300041F82020DEE720B1036CDB680BB14A68B2
:10DF400018476FF00A0070470F2A2DE9F041074685
:10DF50000C461E4603D86FF00400BDE8F0810B6844
:10DF6000012B2FD14B680433B2EB830FF3D38B68B3
:10DF70005BBBCD684DBBDFF858806368AB4201D80E
:10DF80000020EAE72B1D54F82300211826B133683E
:10DF9000B268CB1A9342DED22358032B08D83846F6
:10DFA00058F82330984710F10B0F05D020B1D4E773
:10DFB000803BB3F5C07F01D90135DEE73846FFF776
:10DFC000BAFFF0E76FF00500C7E76FF00600C4E79F
:10DFD00064E403000346F0B528B100252C464668EA
:10DFE000A64201D10020F0BD201D53F820001F588B
:10DFF0008F4204D1954205F10107F4D03D4601342A
:10E00000EEE700BF7047044A044B026014209B1ADD
:10E01000B3FBF0F0704700BF1CC3030048C403000B
:10E0200040B1C368587810F001001EBF1878B0FAEC
:10E0300080F04009704770B5054610B900242046AD
:10E0400070BD0378002BF9D00E4C0F4EB44208D3AC
:10E050000C4CB442F2D22046FFF7E2FF50B9143420
:10E06000F7E72046FFF7DCFF10B12368AB42E6D0AC
:10E070001434EBE72846216808F069F80028EED14F
:10E08000DDE700BF1CC3030048C40300014B9868D0
:10E09000B0307047883800207FB50BAB05930393F1
:10E0A0000A9B082202930023CDE900321846012280
:10E0B000DAF743FC07B05DF804FB70477047704720
:10E0C0006FF0850070476FF0850070474FF02002B9
:10E0D000EFF3118382F31288BFF36F8FFEE71FB552
:10E0E0000446DAF7F1F9084B08220393074B084975
:10E0F000029300231846CDE900320122FFF7CCFF3E
:10E100002046FFF7E3FF00BF78E403005A34040021
:10E1100054C8030008B5FFF7D9FF2DE9F0470546BD
:10E1200088B00F464FF02003EFF3118983F3128874
:10E13000BFF36F8F02F0DAFA00264FF0080A042DC1
:10E1400097BF264B264B03EB8503DB69DFF89480F2
:10E15000CDE90536244B044602930122334630466E
:10E16000CDE9006A21490495CDF80C80FFF794FFB2
:10E170007FB1FB69C3F308035BB11D4B0122CDE9FD
:10E1800001A3304633461949CDF80C800096FFF7BD
:10E1900083FF2CB1204600F041FB08B1037803B99E
:10E1A0001448154B082202930023CDE90440CDE921
:10E1B0000032184601220D49CDF80C80FFF76CFFA4
:10E1C00039462846F9F7AAF889F31188BFF36F8F0B
:10E1D000204608B0BDE8F047DDF7F4B878E4030066
:10E1E0006D340400A8E403007B34040054C8030029
:10E1F000A7340400BCFE0300CC340400104B70B5FF
:10E2000053F82040013053F82060A64200D870BD7A
:10E21000D4E9003595B153B12846984738B1002864
:10E22000B8BF4042FF28A8BFFF20EB681870EA681B
:10E23000537843F0010353700834E6E79847FBE74F
:10E24000B8E40300012310B5094C03202370FFF745
:10E25000D5FF03F09BFD0420FFF7D0FF00F0D0FBBB
:10E26000D4F714FF237D23F00103237510BD00BFF5
:10E27000C036002007F0FFBF07F0F2BF08B5034823
:10E28000034A0021121AFFF7F5FF08BD001B00200A
:10E29000245F00202DE9F0431F4B87B00122059336
:10E2A0000F23CDE903320023E025CDE90133142308
:10E2B000074603FB00F64543184C194904F1E808EA
:10E2C00004F5E472A84432442544164B4FEAC029B1
:10E2D000009201EBC0214FF40062404600F0F6FAD4
:10E2E00095F8F530104A23F0040385F8F5304A44D8
:10E2F000A319C3F8D48183F8D871C3F8CC2104F5ED
:10E30000FA74D4E8EF3F0133C4E8E23F002AF8D1C1
:10E3100007B0BDE8F08300BF32350400C0360020EE
:10E32000889100205D75030088A100202DE9F0414F
:10E3300004460D46114E3046FFF772FE28B92946B5
:10E340002046BDE8F041DFF741BEB3681FFA85F80B
:10E350005F684FB9B368424621461B680748984733
:10E360000028ECDBBDE8F08101234246214630461F
:10E37000B84710F1860FF3D1ECE700BF6CC3030080
:10E3800080B50020BEB0FFF739FF314B03F50062C6
:10E3900082F3088883F30A880024E0232D4D06AE1B
:10E3A00085F82230EC772C766C76AC7685F82040B8
:10E3B0006B6ADFF8A48043F4E0236B6285F82340A6
:10E3C000DCF79EFF09F044FA4FF0FF33AB62EB62DB
:10E3D000DDF7F0F9DDF70CF8DAF768F840F2011331
:10E3E0001E4D3046ADF82430CDE9334403F0AFFC88
:10E3F000C5F8D061FFF706FE0120FFF7FFFE0220FF
:10E40000FFF7FCFE02F098F8154B05F10806C5F879
:10E41000DC610593012313494FF48052CDE9034396
:10E4200030464346CDE90144009400F04FFA0746D8
:10E430006A7D304622F004026A7501F011FE204622
:10E44000FFF728FF424639463046DCF70CFC00BF98
:10E450008899002000ED00E045E20200C03600206F
:10E4600065EF03008881002070B504460D4616460E
:10E47000002110220C3007F0FEFE044B32462361CF
:10E4800029462046BDE8704005F063BEC1FD02008C
:10E4900038B5064C064DAC4201D3002038BD2046AD
:10E4A000D4E90112FFF7E0FF1C34F4E784160020E2
:10E4B000BC1600202DE9F04F054687B0DDE9106756
:10E4C00091463B46324604A8884605F11C0A02F0F4
:10E4D0007DFCDDE90434CDE902344FF02003EFF395
:10E4E000118483F31288BFF36F8F05F10C0B4A463A
:10E4F0004146284605F017FD30B184F31188BFF37B
:10E500006F8F07B0BDE8F08F3E43F6D0DDE9022300
:10E5100004A802F07FFCDDE904675A462146504614
:10E52000CDE9006701F0C4FE4FF02003EFF3118442
:10E5300083F31288BFF36F8FD9E707B5CDE90023C6
:10E540000A460421FFF7B6FF03B05DF804FB38B5B7
:10E5500004464FF02003EFF3118583F31288BFF3D5
:10E560006F8F05F087FC04F10C0001F0C7FF30B19C
:10E57000294604F11C00BDE8384001F0BFBC85F31A
:10E580001188BFF36F8F38BDD0E90532134313F004
:10E5900003030CD1C3610169994201D8002070477F
:10E5A000C169013311604169C2610A44F3E76FF048
:10E5B00015007047002038B5054C064DAC4200D31D
:10E5C00038BD2046FFF7E0FF0028F9DB2434F5E7EB
:10E5D000AC1500208416002070B50026C0E9043276
:10E5E000816106620446FFF7CFFF051E06DB10229D
:10E5F0003146204607F03FFE014B6360284670BD60
:10E60000C1FD020073B50C464FF02005EFF31181F8
:10E6100085F31288BFF36F8FC5695DB125602B68E4
:10E62000C361036A01330362002081F31188BFF3E1
:10E630006F8F11E052EA030603D16FF00B002560E3
:10E64000F3E7CDE900230246103001F031FE18B99E
:10E65000024B9B685B69236002B070BD8838002064
:10E66000F8B504460D464FF02003EFF3118683F30F
:10E670001288BFF36F8FC76977B901F012FF58B1E5
:10E68000C0F8DC70456101F0EBFC314604F110008C
:10E69000BDE8F84001F032BCE3692B60236AE56114
:10E6A000013B236286F31188BFF36F8FF8BD10B56D
:10E6B000C8B1C1B14FF02003EFF3118283F3128888
:10E6C000BFF36F8F4469036A63434B600369046A55
:10E6D00040691B1B434300200B60886082F3118854
:10E6E000BFF36F8F10BD6FF01500FBE7F8B505465F
:10E6F0000E464FF02003EFF3118783F31288BFF328
:10E700006F8F074B9C6A24B987F31188BFF36F8F13
:10E71000F8BD20463146A847D4F88C40F3E700BF47
:10E720008838002070B505460E464FF02002EFF302
:10E73000118382F31288BFF36F8F0D4A946A24B954
:10E7400083F31188BFF36F8F70BD83F31188BFF31C
:10E750006F8F31462046A8474FF02002EFF3118318
:10E7600082F31288BFF36F8FD4F88C40E7E700BFC5
:10E7700088380020EFF30580003818BF012070476B
:10E78000034B9A68137B43F001031373704700BF78
:10E7900088380020034B9A68137B23F0010313731E
:10E7A000704700BF88380020024B9B68187B00F040
:10E7B00001007047883800204FF02003EFF31181EB
:10E7C00083F31288BFF36F8F0B4A936A834208D199
:10E7D000D3F88C30936281F31188BFF36F8F704749
:10E7E0001346002BF7D0D3F88C208242F8D1D0F812
:10E7F0008C20C3F88C20EEE78838002010B5044642
:10E8000008B9054B9C681F2204F1900007F069FCD1
:10E81000002084F8AF0010BD883800209030704789
:10E8200008B50B4600F19001184607F05AFC00208D
:10E8300008BD2DE9F74F0C4600293CD0002A3AD0FC
:10E84000477B561E084687B34FF000084FF0010A79
:10E850004546DFF868B05FFA88F10AFA01F917EA6D
:10E86000090F1ED05BF82130721B9A4228BF1A464E
:10E870000BEB8101096A019207F0F2FC019A37EA79
:10E880000907154404EB05000FD0A6EB0509B9F103
:10E89000010F28BF4FF0010909494A4607F0E0FC83
:10E8A0004D4408F101086019D5E7002303702046A4
:10E8B00003B0BDE8F08F0348FAE700BFD0E40300DF
:10E8C0003A3504004EF0030001F0DABB2DE9F04FB9
:10E8D000044685B00F461546002110225830984650
:10E8E000DDF838B0DDF84C9007F0C5FC2C4B002665
:10E8F000E365129BEA1D237304236373119B22F0CB
:10E90000070A5246A373AA213846C4E90666A660E0
:10E91000E67307F0B0FC109BC4E92D7AC4F8BC6024
:10E9200002930F9B07EB0A05CDE900B32A46434645
:10E9300039462046DCF776F90F9BC4E91F8BC4F8F3
:10E940008430109B666584F87860C4F888304FF096
:10E950002002EFF3118382F31288BFF36F8F114F00
:10E96000BA6ABC62C4F88C2083F31188BFF36F8F3E
:10E97000B9F1000F11D01F22494604F1900007F0B1
:10E98000B0FB84F8AF60BB680BB1D3F8C030284649
:10E99000C4F8C03005B0BDE8F08F84F89090F2E77D
:10E9A000C1FD020088380020F0B5002587B005952C
:10E9B000109DDDE9127604950F9D044603950E9D8A
:10E9C00002950D9D01950C9D0095FFF77FFFB6F117
:10E9D000FF3F08BFB7F1FF3F05D056EA070305D157
:10E9E000204601F04DFB204607B0F0BD3A463346C5
:10E9F000024904F1180002F0A3F8F4E76F040300E1
:10EA00002DE9F043294C2A4D87B02646AE4204F149
:10EA10002C040FD301F09AFA4FF4004640F2E73786
:10EA2000224CDFF89090AC4220D307B0BDE8F04311
:10EA300001F0A0BA54F8043C059354F80C3C04933C
:10EA400054F8103C039354F8143C029354F8183CC7
:10EA5000019354F81C3C009354E9092354E90B0139
:10EA6000FFF734FF54F82C3C5E65CEE7636A5A1C0E
:10EA70000DD00021384623EAE373C3FB060151EAB7
:10EA8000C333D4F8008004D1404601F0F9FA2C34A5
:10EA9000C9E74FF47A72002304F08AFB02460B4662
:10EAA00008F11800494602F04BF8F0E770C6030081
:10EAB00070C603006F04030010B500240373C0E99F
:10EAC0000644846042738173C47310BD14461D46AE
:10EAD00080B5DFF82880D8F80820137B43F00403C2
:10EAE0001373FFF757FED8F808302246C3E91F0119
:10EAF000C3E921452B4605F022F800BF88380020E5
:10EB00006FF0850070476FF085007047002310B5E7
:10EB10008B4202D10020136010BDC45CAA2CF9D135
:10EB20000133F5E70A46D0E92D01FFF7EFBF28B121
:10EB300000290CBF6FF01500002070476FF0150022
:10EB4000704700280CBF6FF015000020704700BF11
:10EB500010B5C0E9042303FB02128161C0E907215B
:10EB60004162002104461022816280F8341007F0CF
:10EB700082FB034B636004F12C03C4E90B3310BD2B
:10EB8000C1FD0200F8B50D46A1FB0214074616466A
:10EB90003CB9204603F0E2F8014628B96FF00B00BB
:10EBA00001E06FF01500F8BD334638462A46FFF7FE
:10EBB000CFFF0123204687F83430F4E710B5002159
:10EBC000044604F0FBFC78B994F83430DB0701D438
:10EBD000002010BDA06903F098F894F8343023F0B9
:10EBE000010384F83430F3E76FF00F00F1E72DE90B
:10EBF000F34104460E4600F110084FF02001EFF3F8
:10EC0000118781F31288BFF36F8F856A41698D4246
:10EC100032D201F046FC31460546226980B100241B
:10EC2000406907F01DFB2846C5F8DC4001F018FAE2
:10EC30004046394601F062F9204602B0BDE8F08155
:10EC4000606A07F00DFB636A226904F12C0013442B
:10EC5000E2696362934208BFA3694FF0100108BFE5
:10EC60006362A36A0133A36202F0DCFB002087F336
:10EC70001188BFF36F8FE0E752EA03010AD007491A
:10EC800089684E61CDE9002339460246404601F0CD
:10EC90000FFBD2E76FF02200E9E700BF88380020C1
:10ECA00003690B6043694B60836A8B607047F7B5FB
:10ECB0000446084604F110074FF02001EFF31186D7
:10ECC00081F31288BFF36F8FA16A002932D02269C5
:10ECD000216A07F0C5FA236A226920461344E269D3
:10ECE0002362934204BFA3692362A36A013BA36228
:10ECF00001F0D7FB054668B341692269606A07F0F5
:10ED0000AFFA636A226928461344E2696362934258
:10ED100004BFA3696362A36A0133A3620024C5F838
:10ED2000DC4001F09DF93846314601F0E7F8204615
:10ED300003B0F0BD52EA03010AD00949896848616D
:10ED4000CDE9002331462246384601F0B1FAEFE71B
:10ED50006FF0220086F31188BFF36F8FE8E700BFE2
:10ED600088380020034610B508464FF02002EFF324
:10ED7000118482F31288BFF36F8F9A6A4AB11A69BD
:10ED8000196A07F06DFA002084F31188BFF36F8FC2
:10ED900010BD6FF02200F7E770B513460446084631
:10EDA0004FF02002EFF3118682F31288BFF36F8FCA
:10EDB000A26A9A4211D9D4E9075122696D1A5343C4
:10EDC0009D429CBFA1695B1B194407F049FA0020D2
:10EDD00086F31188BFF36F8F70BD6FF02200F7E7E5
:10EDE000F8B5044600F110054FF02003EFF311864B
:10EDF00083F31288BFF36F8F6FF02207204601F074
:10EE000050FB034640B9636AA0622362314628463C
:10EE1000BDE8F84001F072B8C3F8DC7001F020F9E9
:10EE2000ECE700BF90F90E308B4201D001F05EBAE2
:10EE30000020704738B50025044610222946C0E955
:10EE4000045507F018FA024B2846636038BD00BF2E
:10EE5000C1FD02002DE9F341044617461E464FF05E
:10EE60002003EFF3118883F31288BFF36F8F436998
:10EE7000344A7BB100699168884219D057EA060389
:10EE800018D188F31188BFF36F8F6FF00F0002B0B5
:10EE9000BDE8F081916891F90E10013363619368C8
:10EEA000A161236188F31188BFF36F8F0020EEE723
:10EEB000A169F2E791F90E1090F90E306FF07E0221
:10EEC0009942A8BF19469142B8BF11468B4230DD26
:10EED000FFF7A8FF054622464146CDE900761A48CD
:10EEE00001F0E6F90028E1D04FF02003EFF311869E
:10EEF00083F31288BFF36F8F2369E3B100212046AB
:10EF000004F05CFBA16948B190F90E309942A8BFAA
:10EF100019466FF07E039942B8BF19462069FFF782
:10EF200081FF40B13146084800F0E8FF6FF00A0069
:10EF3000ADE70025CFE7002DF4D186F31188BFF3AC
:10EF40006F8FF3E7883800208C51002038B50369B3
:10EF5000044673B31A4A926893422DD14369012B38
:10EF600003D9013B4361002038BD4FF02003EFF38C
:10EF7000118583F31288BFF36F8F81690069FFF7F2
:10EF800051FF204601F08DFA206160B190F90E200A
:10EF9000A2610022C0F8DC2001F062F8294609488D
:10EFA00000F0ACFFDFE7606185F31188BFF36F8F7E
:10EFB000D9E76FF01500D7E74FF0FF30D4E700BF77
:10EFC000883800208C5100202DE9F84399460446EA
:10EFD0000D4690469DF8203000F108064FF02002C3
:10EFE000EFF3118782F31288BFF36F8F03B1456887
:10EFF000304601F056FA60B10023C0F81480C0F822
:10F00000DC3001F02DF83046394600F077FF002063
:10F010000CE0B9F1000F1BD0082102F09FFE38B9B7
:10F0200087F31188BFF36F8F6FF00B00BDE8F88393
:10F030000122C0F804800260016801F003015DB99B
:10F0400022680A430260626820606AB960600BE06F
:10F050004046C8F80090EFE72A68032A10D80160FC
:10F06000616839B9C4E90000042104F1180002F014
:10F07000D9F9C8E70A6802F0030202430A60E5E72B
:10F0800022F003020A4302602A6802F0030240EA07
:10F0900002032B60E8E710B5044630B1026893071D
:10F0A00003D0446809B102F030FE204610BD0021B3
:10F0B00010B50446C0E900111022083007F0DBF853
:10F0C000034BE36004F11803C4E9063310BD00BF2D
:10F0D000C1FD020070B5044600F108054FF02003A1
:10F0E000EFF3118683F31288BFF36F8F284601F088
:10F0F000D8F928B10022C0F8DC20426100F0B0FF4E
:10F1000004F11800082102F08DF931462846BDE8C7
:10F11000704000F0F3BE002307B50093FFF754FFE3
:10F1200003B05DF804FB012307B5009300230A46F2
:10F130001946FFF749FF03B05DF804FB002307B54C
:10F140000A4600931946FFF73FFF03B05DF804FB42
:10F15000012307B50A4600930021FFF735FF03B0EE
:10F160005DF804FB07B50A46002101230091FFF773
:10F170002BFF03B05DF804FB2DE9F84380461546EC
:10F180000C46A9B3A2B300F108064FF02003EFF339
:10F19000118783F31288BFF36F8F304601F081F936
:10F1A00068B14FF000094461C0F8DC9000F058FFEE
:10F1B0002468304601F075F944B10028F3D1D8F83D
:10F1C00004307BB9C8F80040C8F80450042108F1A5
:10F1D000180002F027F93046394600F08FFE002073
:10F1E000BDE8F8831A6802F0030214431C60EBE7E1
:10F1F0006FF01500F4E710B50C46096831B162688C
:10F20000FFF7BAFF08B9C4E9000010BD6FF01500A0
:10F21000FBE737B511464FF02002EFF3118582F37B
:10F220001288BFF36F8F04689CB12368426823F093
:10F2300003039442036008BF436001212046FFF7A7
:10F240002AFF044685F31188BFF36F8F204603B071
:10F2500030BD51EA0302F5D000F10802CDE90013F8
:10F260001046294601F024F80028EFD1014B9B6895
:10F270005C69EBE788380020002210B503680BB901
:10F2800018460FE0994218D10C6824F0030452B9D3
:10F2900043680460994200D1446001200B6803F088
:10F2A00003030B6010BD136803F0030323431360D3
:10F2B0004368994208BF4260EFE71C681A4624F091
:10F2C0000303DCE708B503681BB9FFF72CFF012037
:10F2D00008BD8B4203D01B6823F00303F4E7002032
:10F2E000F6E700210068FFF7D6BE00214068FFF76F
:10F2F000D2BE00BF10B504467AB18A420DD3C0E930
:10F3000004121022002106F0B6FF0020044B6360B7
:10F3100004F11803C4E9063310BD6FF01500FBE7D4
:10F32000C1FD020038B504464FF02003EFF311850C
:10F3300083F31288BFF36F8F01F0B3F850B100224E
:10F34000C0F8DC2000F08CFE2946BDE838400748B4
:10F3500000F0D4BDD4E904329A4218BF013302212F
:10F36000236104F1180002F05DF8EDE78C510020F4
:10F3700013B54FF02004EFF3118184F31288BFF32B
:10F380006F8F046944B1013C046181F31188BFF3BC
:10F390006F8F002002B010BD52EA030406D181F342
:10F3A0001188BFF36F8F6FF00F00F3E7CDE90023F3
:10F3B0000246024800F07CFFECE700BF8C510020C1
:10F3C00070B504464FF02003EFF3118583F31288E4
:10F3D000BFF36F8F6FF00A06204601F062F820B18C
:10F3E000C0F8DC6000F03CFEF6E72061022104F189
:10F3F000180002F017F82946BDE87040014800F0F7
:10F400007DBD00BF8C51002070B505460C461646E8
:10F410000021102206F02FFFC5E90444024B04EB43
:10F4200086046B60AC6170BDC1FD020038B5044656
:10F430000D460020890002F091FC014638B12046BB
:10F440002A46FFF7E1FF01230020237738BD6FF044
:10F450000B00FBE738B50021044604F0AFF8054681
:10F4600068B9237FDB0701D4002038BD206902F092
:10F470004CFC237F256123F001032377F4E76FF031
:10F480000A00F2E7F8B504460D464FF02003EFF30B
:10F49000118683F31288BFF36F8FD0E905239A4258
:10F4A00019D000F0FEFF60B100274561C0F8DC70A4
:10F4B00000F0D6FD04F11000314600F01FFD384683
:10F4C000F8BD6269156062690432626186F3118871
:10F4D000BFF36F8FF4E76FF00B00F7E773B50C46DF
:10F4E0004FF02005EFF3118185F31288BFF36F8F82
:10F4F000D0E90465B5420AD92B1F436155F8043C95
:10F50000236081F31188BFF36F8F002008E052EA77
:10F51000030507D181F31188BFF36F8F6FF00F00E0
:10F5200002B070BDCDE900230246103000F0C0FEED
:10F5300010F10B0FF4D0024B9B685B692360E4E78A
:10F54000883800201FB50024084B4FF480620293D6
:10F5500002AB009306494FF0FF3306488DF80C408C
:10F5600000F079FA204604B010BD00BF72350400E7
:10F5700088A10020B8380020012302688B4022EACD
:10F580000303036022FA01F000F00100704710B598
:10F59000032104460C30FFF7EFFF30B104F11000F7
:10F5A00001F044FBB0FA80F0400910BD20B1002208
:10F5B000E830114601F068B9704770B5C368044679
:10F5C000C3F340069B0716D4856802210C30FFF771
:10F5D000D3FF80B1D5F8E0206AB194421DD12268F2
:10F5E0009EB9D5F8E430C5F8E0209C4201D1C5F8B9
:10F5F000E42000232360E36813F00F001EBF43F0F4
:10F600000203E36040F0020070BD3260D5F8E420F0
:10F61000944208BFC5F8E460EBE716461268DBE7E2
:10F620001030FFF77FBE2DE9F04F04464FF0FF3852
:10F630004FF0FF39474E85B04FF02003EFF31187AD
:10F6400083F31288BFF36F8FD4F8E0508DB9022195
:10F6500004F58470FFF790FF002843D1002339465A
:10F660003046CDE90089029304F1E80201F02EF959
:10F67000E2E7D4F8E4202B689542C4F8E03008BFF4
:10F68000C4F8E430D4F8083143F00203C4F8083178
:10F69000EB6823F0040343F00103EB606B6887F32E
:10F6A0001188BFF36F8F284698474FF02003EFF380
:10F6B000118B83F31288BFF36F8FEB68990723F0E8
:10F6C000010219D4EA60D4F8083123F00203C4F827
:10F6D00008318BF31188BFF36F8FDB05ACD400F0DA
:10F6E0004DFFA9E704F1F80500220121284601F0A9
:10F6F000CBF80028F8D1B1E7306823F00303EB60C2
:10F700000028E0D000273B46D0F800A00028DAD03F
:10F710004268014695420CD101689FB97268316018
:10F72000824200D1716040F8083BFFF7FBFD39468B
:10F730000023BAF1000F0BD0DAF8002050460F4634
:10F740009246E3E739607268824208BF7760EAE771
:10F750005246F3E71450002070B5C3680546C3F362
:10F7600040069B070C460DD50122002104F108003C
:10F77000FFF7C0FD00232360054B65605A681AB986
:10F78000C3E90044304670BD14605C60FAE700BF16
:10F7900014500020F8B5C36804469A070F46C3F317
:10F7A00040062CD45B071AD40B680BB983680B6036
:10F7B000E368DD0742BFA36802263B603D6858BF8F
:10F7C0000126002D3AD01F4B9B68AB420AD0D5F8DA
:10F7D0000831D807C3F3800214D46FF01206002357
:10F7E0003B6025E0FEF7C6FFD5F808310028F0D1D0
:10F7F000D907C3F3C002F0D552B15B0708D46FF04C
:10F800000F06ECE7002AFAD1C3F3C003002BF6D1B0
:10F8100000232360D5F8E43063B9C5E938442846AD
:10F82000FFF7C4FEE36843F00403E3603B68A360B2
:10F830003046F8BD1C60C5F8E440F0E76FF01506EF
:10F84000CDE700BF8838002073B504464FF0200391
:10F85000EFF3118583F31288BFF36F8F0023A0F1BC
:10F860001006032104380193FFF786FE28B1A3692F
:10F87000304601A90193FFF78DFF85F31188BFF38F
:10F880006F8F02B070BD38B504460D4610220021BE
:10F8900006F0F1FC656038BD2DE9F041C36807460C
:10F8A00003F00503002B0C4614BF4FF001084FF086
:10F8B00000081ED08668D6F8E05025B1AF4201D0CE
:10F8C0002D68FAE701250021012204F11000FFF75D
:10F8D00011FD20461049FFF7D6FF9DB13B6823601C
:10F8E00073B9D6F8E4303BB9C6E938443046FFF77F
:10F8F0005DFE4046BDE8F0811C60C6F8E440F5E7D7
:10F900003C60F3E7D6F8E0302360D6F8E430C6F880
:10F91000E040002BEAD1F0E721F602004FF0200290
:10F92000EFF3118382F31288BFF36F8FC06800F08A
:10F930000F0083F31188BFF36F8F704713B50190E9
:10F9400008464FF02003EFF3118483F31288BFF3CE
:10F950006F8F01A9FFF71EFF84F31188BFF36F8F2C
:10F9600002B010BD10B5FFF7E9FF041E09DD4FF02E
:10F970002003EFF3118083F31288BFF36F8F00F041
:10F98000CFFA204610BD01460148FFF7EBBF00BF8C
:10F99000B838002070B50D464FF02003EFF3118604
:10F9A00083F31288BFF36F8FFFF776FF044686F369
:10F9B0001188BFF36F8F38B14FF0FF324FF0FF3334
:10F9C00005F11000FFF7D4FC204670BD10B54FF0D4
:10F9D0002003EFF3118483F31288BFF36F8FFFF7D7
:10F9E000ECFD84F31188BFF36F8F10BDF8B50546A9
:10F9F0000C464FF02003EFF3118683F31288BFF318
:10FA00006F8FC36803F00F03002B14BF012700277B
:10FA100005D186F31188BFF36F8F3846F8BDFFF725
:10FA2000CCFD21462846FFF797FE86F31188BFF3E9
:10FA30006F8F0028F1D04FF0FF324FF0FF3304F109
:10FA40000800FFF795FCE8E708B54FF4887200213D
:10FA500006F011FC08BD2DE9F0470026044688B0E9
:10FA6000DFF87CA0C0E938660F4690463146102288
:10FA7000109DE830994606F0FEFB10223146C4F88E
:10FA8000ECA004F1F80006F0F6FBC4F8FCA02DB3DE
:10FA90002B7940F20110B34208BF0120C4F80801DD
:10FAA0004FF0FF324FF0FF33CDE9062300223946F5
:10FAB000CDE90392CDE9012220464246094B00944C
:10FAC000FEF772FF25B1296811B12046FEF796FEB8
:10FAD000204608B0BDE8F047FEF7F6BE0120DDE79E
:10FAE000C1FD020027F6020030B50A46044685B083
:10FAF0004FF02003EFF3118583F31288BFF36F8F6C
:10FB0000D0F8083113F0060F1DD1B1B143F00C034A
:10FB1000C4F808312046FFF749FD00234FF0FF32BB
:10FB200002934FF0FF332946CDE900230C4804F13E
:10FB3000F80200F0CBFE05B030BDD0F8E00048B1CF
:10FB400043F00403E4E743F00401C0F80811002A7D
:10FB5000E0D0DBE785F31188BFF36F8FEBE700BFE1
:10FB60001450002010B54FF02003EFF3118483F3FD
:10FB70001288BFF36F8F032100F58470FFF7FCFC40
:10FB8000002814BF00206FF0770084F31188BFF3C2
:10FB90006F8F10BD38B530220D460021044606F0A7
:10FBA0006AFB4FF480736560E36038BDFFF7B6BE53
:10FBB00037B5019008464FF02001EFF3118481F32F
:10FBC0001288BFF36F8FC16811F00E0F16D153EA80
:10FBD000020508D101A9FFF7DDFD84F31188BFF309
:10FBE0006F8F03B030BD41F00801C1600199103042
:10FBF0008161034900F0A4FF0120EEE70020ECE75B
:10FC000049F8020001460148FFF7D2BFB83800208A
:10FC1000F7B50C4616461D4601904FF02003EFF352
:10FC2000118783F31288BFF36F8F0846FFF7AFFC8D
:10FC300055EA060309D1204601A9FFF7ABFD87F37A
:10FC40001188BFF36F8F03B0F0BDE36804F11000BB
:10FC500043F00803E360019B3246A36202492B464E
:10FC600000F06EFF0120EAE749F802000146014872
:10FC7000FFF7CEBFB838002038B504464FF0200358
:10FC8000EFF3118583F31288BFF36F8FFFF77FFCCB
:10FC90002046FFF792FC85F31188BFF36F8F38BDC4
:10FCA000F8B504460D464FF02003EFF3118683F3B9
:10FCB0001288BFF36F8FC36803F00F03002B14BFCC
:10FCC0000127002705D186F31188BFF36F8F3846CF
:10FCD000F8BDFFF75CFC2046FFF76FFC2946204685
:10FCE000FFF73AFD86F31188BFF36F8F0028EED03F
:10FCF0004FF0FF324FF0FF3305F10800FFF738FBFC
:10FD0000E5E773B504460D464FF02003EFF3118687
:10FD100083F31288BFF36F8FC3681B0707D186F385
:10FD20001188BFF36F8F0024204602B070BDFFF72B
:10FD30002EFC28B1A36A204601A90193FFF72AFDF2
:10FD400029462046FFF7A8FD044686F31188BFF335
:10FD50006F8F0028E7D04FF0FF324FF0FF3305F1EF
:10FD60001000FFF705FBDFE7C3897F2B11D80A4A94
:10FD700013685BB190F90E105368994209DB437B1D
:10FD8000DB0606D1054BC31A18BF012303F001009F
:10FD900070470023FAE700BFC8390020A8370020C9
:10FDA000054B03F11002801A044AC01002FB003315
:10FDB00001221A72704700BFC8390020ABAAAAAA54
:10FDC00090F90E2091F90E309A4206D100690B6924
:10FDD00098422CBF0020012070479342D4BF0020DE
:10FDE0000120704790F90E3091F90E00834214BF44
:10FDF000C01A002070472DE9F0410F4B0F4D1F7CBA
:10FE000005F1100407EB470304EBC3040646204644
:10FE100000F00CFF00232F4430463B72FFF7A4FF95
:10FE200040B12A682046BDE8F041013A0449D317A1
:10FE300000F086BEBDE8F08188380020C839002077
:10FE4000A1FD020070B5002106460C4803F0B6FB88
:10FE50000B4D044600B9EC68AB683EB95A7BD2063C
:10FE600004D1A26912B9DA897F2A05D89C4202D04E
:10FE70002046FFF7C0FF23466B6170BDA03800200D
:10FE8000883800202DE9F04104460D464FF020034C
:10FE9000EFF3118883F31288BFF36F8F4FF400479D
:10FEA00040F2E73000214FF47A720023E4FB0701AF
:10FEB00003F07EF9064E074BC6E900059868FFF788
:10FEC0009AFF88F31188BFF36F8FBDE8F08100BF00
:10FED000C83900208838002010B54FF02002EFF319
:10FEE000118482F31288BFF36F8F83680BB100F027
:10FEF0006DFA84F31188BFF36F8F10BD49B9EFF32A
:10FF0000058030B9054B5A699B689A4201D0DAF7EF
:10FF10006DBE81F31188BFF36F8F70478838002062
:10FF2000034620B9EFF305820AB9DAF75FBE83F31F
:10FF30001188BFF36F8F70474FF02003EFF31180EC
:10FF400083F31288BFF36F8FFFF7EABF4FF02003F0
:10FF5000EFF3118183F31288BFF36F8F044B9A681C
:10FF6000D37B013BD37381F31188BFF36F8F70474D
:10FF70008838002010B54FF02003EFF3118483F38D
:10FF80001288BFF36F8F074B00209A68D37B013331
:10FF9000D373FFF757FF84F31188BFF36F8FBDE86A
:10FFA0001040C9E788380020014B5869704700BFEE
:10FFB00088380020D1E9003213605A600023C1E97B
:10FFC000003370470368984214BF184600207047FA
:10FFD000B0B584B0C36804465A1CC2600B61C368E4
:10FFE0000D4600AFBBB983689A00073222F00702C2
:10FFF0000733ADEB020D23F00703C7F804D0ADEBD8
:020000023000CC
:10000000030D4FF0FF33C7F808D0FB602046391DC1
:1000100003F050FD30B92946204603F0DCFA1037D2
:10002000BD46B0BDE3685A1CE2600361EEE710B55F
:1000300090F90D200146002A437B0DDBDA060BD137
:1000400084694CB963F07F0343730448FFF7C0FF32
:100050002046BDE81040F5E610BD00BFA0380020E6
:1000600010B54FF02003EFF3118483F31288BFF330
:100070006F8FFFF7DCFF84F31188BFF36F8F10BD24
:1000800010B54FF02002EFF3118482F31288BFF312
:100090006F8F427B510704D484F31188BFF36F8FB5
:1000A00010BD22F004024273FFF7C1FF2146BDE8F4
:1000B00010400148FFF722BFF039002010B54FF083
:1000C0002002EFF3118482F31288BFF36F8F427B1B
:1000D000D10604D484F31188BFF36F8F10BD22F0D2
:1000E00010024273FFF7A3FF2146BDE8104001480C
:1000F000FFF704BFF039002010B5044603F005FBFC
:10010000236803B9E36010BD10B590F90D200446D3
:10011000002A437B06DA03F07F0301464373094854
:10012000FFF7EAFF637B214663F07F0363730548B3
:10013000FFF74EFF044B9868031B58425841BDE837
:1001400010407FE6A03800208838002038B54FF0F6
:100150002003EFF3118583F31288BFF36F8F104AEA
:10016000104B9468986AA04206D1FFF744FE85F3CD
:100170001188BFF36F8F38BD0021127C9962134440
:100180001B7A002BF3D02046FFF7EEFD0028EED0BF
:10019000637BDB0602D12046FFF7B6FF2046E4E78B
:1001A00088380020C839002010B54FF02003EFF345
:1001B000118483F31288BFF36F8FFFF7A5FF84F3D9
:1001C0001188BFF36F8F10BD10B590F90D20044654
:1001D000002A437B06DA03F07F0301464373054898
:1001E000FFF78AFF044B9868031B58425841BDE84B
:1001F000104027E6A0380020883800202DE9F04183
:1002000004460D461E461746FFF7DEFF637B43F0AC
:100210000203637325B121462846A560FFF7D8FE87
:10022000B6F1FF3F08BFB7F1FF3F08D03A4633466B
:1002300004F118000349BDE8F04100F081BCBDE8BD
:10024000F08100BF6F04030038B54FF02005EFF3D5
:10025000118485F31288BFF36F8FFFF7CFFF84F30C
:100260001188BFF36F8F38BD70B506460E4D0F4C29
:10027000A868FFF7C3FFAB683046A362DAF7B6FCA5
:100280004FF02002EFF3118382F31288BFF36F8FD8
:10029000A26AA968914204BF0022A26283F3118876
:1002A000BFF36F8F70BD00BF88380020C8390020B1
:1002B00070B50C480C4D86680C46AE621146DDE9FF
:1002C00004234FF02006EFF3118586F31288BFF365
:1002D0006F8F8068FFF792FF2046BDE87040DAF725
:1002E00085BC00BF88380020C839002070B504469E
:1002F0004FF02003EFF3118683F31288BFF36F8F63
:10030000437B4DB2DA061AD18269C2B903F07F038A
:10031000014643730B48FFF7EFFE637B214663F012
:100320007F0308486373A573FFF752FE0120FFF7B0
:1003300089FD012086F31188BFF36F8F70BD002007
:10034000A573F7E7A038002008B5FFF7CFFF30B15D
:10035000034B9B68DB7B13B9BDE80840ECE508BDA7
:100360008838002070B50446183000F05FFC4FF06C
:100370002003EFF3118683F31288BFF36F8F94F994
:100380000D20637B002A06DA03F07F0321460D4827
:100390006373FFF7B1FE0C4D637BA86843F0100355
:1003A0006373031B58425841FFF74CFD86F31188D5
:1003B000BFF36F8FAB68A34202D1BDE87040BBE5CD
:1003C00070BD00BFA03800208838002010B504465A
:1003D00001468068FFF790FE637B23F0020363739E
:1003E0000023A36010BD38B504464FF02003EFF39F
:1003F000118583F31288BFF36F8F83680BB1FFF70A
:10040000E5FF85F31188BFF36F8F04F11800BDE895
:10041000384000F00BBC70B504460D464FF0200389
:10042000EFF3118683F31288BFF36F8F002390F8E8
:100430007810427B80F8783029B125B186F3118895
:10044000BFF36F8F70BD12F0280FF7D1A36813B1FF
:100450002046FFF7BBFF637B35B903F0FB03204663
:100460006373FFF7E4FDE9E703F0EB03F7E701212E
:100470001838FFF7D0BF38B54FF02003EFF31185E0
:1004800083F31288BFF36F8F002103F097F80446BF
:1004900008B1FFF79BFF85F31188BFF36F8F2046EC
:1004A00038BD38B54FF02003EFF3118583F3128880
:1004B000BFF36F8F002103F081F8044628B1FFF7E6
:1004C00085FF04F1180000F0B1FB85F31188BFF33C
:1004D0006F8F204638BD002103F070B80346D0F876
:1004E000000150B190FAA0F2B2FA82F253F8320051
:1004F00003EBC203984208BF0020704770B5054661
:1005000000260021284603F059F8044608B9304671
:1005100070BDFFF768FF2046FFF7A2FD0126F0E758
:1005200010B5044610220021043005F0A4FE014B52
:10053000A36010BDC1FD02000148FFF7F1BF00BF7D
:100540009C38002090F90E007047FFF7FDBE08B5FB
:10055000074B1B780BB9002008BDFEF70BF90028EC
:10056000F9D1044B9868044BC01A18BF0120F3E777
:10057000C036002088380020A837002070B54FF022
:100580002003EFF3118583F31288BFF36F8F0D4CB7
:10059000A16804F118064B7B304603F07F034B73D0
:1005A000FFF7AAFDA16830464B7B63F07F034B73D6
:1005B000FFF70EFD0120FFF745FC2846BDE870401F
:1005C000DAF714BB8838002050EA01032DE9F04126
:1005D00005460E4603D1FFF7D1FF00202CE0831C17
:1005E00071F1FF332ADB00F0EBFB2C184FF02003F6
:1005F000EFF3118883F31288BFF36F8F114F124B03
:10060000B8689862FFF7E0FDB86810492A4633469B
:10061000183000F095FABA684046537B43F0100357
:100620005373DAF7E3FA00F0CBFB201A63EB030312
:10063000012873F10003D0DBBDE8F0816FF0010405
:10064000241AD3E788380020C83900206F0403003B
:10065000B1F1FF3F08BFB0F1FF3F08B506D1084B2D
:100660009868FFF77FFE4FF0FF3008BDFFF7ACFF43
:100670004FF47A7380FB0303C00B40EA4340F4E776
:100680008838002038B500214FF40045084C00237D
:10069000C0FB0541074A204602F08AFDC117FFF75B
:1006A00093FF044B80FB0303C00B40EA434038BD7B
:1006B0003F420F0040420F0010B5437B04469B07AA
:1006C00013D4183000F0B2FA0028637B01DA102B43
:1006D0000BD123F0100320466373FFF7C1FCEFF347
:1006E000058313B9BDE8104026E410BD014B98689E
:1006F000704700BF88380020EFF305833BB9054BF6
:100700009B68D8897F288CBF00200120704700207B
:10071000704700BF883800202DE9F04104464FF0B3
:100720002003EFF3118683F31288BFF36F8F037BEF
:10073000D9070BD586F31188BFF36F8F404080F344
:1007400011884FF0040002DFBDE8F081437B1A07F7
:1007500004D586F31188BFF36F8FF5E723F02002ED
:1007600042F00801D20925D14173A36813B1204694
:10077000FFF72CFE04F1180000F058FA4FF00008C3
:1007800004F158070021384602F018FF0546D8B991
:100790000120FFF757FB2046FEF70EF8104B9B6831
:1007A000A342D6D1EFF30583002BD2D13046DAF73E
:1007B0001DFACEE703F05F0343F0080301464373DD
:1007C0000848FFF799FCD0E7FFF700FE05F1180095
:1007D00000F02CFA2846C5F8DC80FFF728FCD1E7AA
:1007E00088380020A03800202DE9F8430446174639
:1007F0001E464FF02003EFF3118883F31288BFF3F6
:100800006F8F437B1B072DD456EA020331D0DFF8EC
:100810007090D9F8085085422ED0826805F15803AF
:100820009A4229D02846FFF7CFFC6B7B583443F01F
:100830000203294620466B73AC60FFF7C9FBB6F193
:10084000FF3F08BFB7F1FF3F07D0D9F808003A468D
:1008500033460C49183000F073F94046BDE8F843C0
:10086000DAF7C4B9002088F31188BFF36F8FBDE8B1
:10087000F8836FF00F00F6E76FF02C00F3E700BF8E
:10088000883800206F040300F8B50E4615464FF077
:100890002003EFF3118783F31288BFF36F8F0021DA
:1008A00002F08CFE044660B1C0F8DC604561FFF7E1
:1008B0008DFD04F1180000F0B9F92046FFF7B7FBF1
:1008C000012087F31188BFF36F8FF8BDD3B5DDE941
:1008D0000667089CCDE90067FFF7EAFC1CB1034BF3
:1008E0009B685B69236002B0D0BD00BF88380020E0
:1008F0002DE9F04184B0044600AF0D4616464FF096
:100900002003EFF3118883F31288BFF36F8F83689E
:100910009A00073222F007020733ADEB020D23F0F5
:100920000703C7F804D0ADEB030D4FF0FF33C7F852
:1009300008D0FB602046391D03F0BCF818B13146E1
:10094000A8470028F6D088F31188BFF36F8F1037BF
:10095000BD46BDE8F08100BF10B50446102200215D
:1009600005F089FC014B0020636010BDC1FD020051
:1009700010B54FF02003EFF3118483F31288BFF317
:100980006F8FFFF78EFD50B10022C0F8DC20FFF71B
:1009900067FB21460448FFF7B1FA002010BD84F33D
:1009A0001188BFF36F8FF8E78C510020F8B505462A
:1009B0004FF02003EFF3118683F31288BFF36F8F9C
:1009C000002427462846FFF76CFD034628B9314628
:1009D0000548FFF793FA2046F8BDC3F8DC700134F0
:1009E000FFF73EFBEEE700BF8C5100202DE9F341FD
:1009F00005460C4617461E464FF02003EFF31188BC
:100A000083F31288BFF36F8F0846FEF79FFA2A46DA
:100A10004146CDE900760748FFF74AFC05464FF00E
:100A2000FF324FF0FF332046FEF714FA284602B09B
:100A3000BDE8F0818C51002008B50648064A0749F8
:100A4000121AFDF719FCBDE80840054A0549064899
:100A5000FDF712BC00000020FC1A0020A4350400A1
:100A600000000000A435040000000020034B1B68B8
:100A70000BB9F6F77BBB0020704700BFF8390020A8
:100A800010B50E4B1C689C4204D1FFF7EFFF6FF0CE
:100A9000004010BDFFF7EAFF002CF8D0D4E9043283
:100AA0001B1A62EBE072B3F1004F72F10001EEDA53
:100AB000002AACBF18460020EBE700BFA4140020BA
:100AC00030B570B10B4B5B6898420AD0036843B1F4
:100AD000D3E90421D0E90445121941EB0501C3E92A
:100AE0000421D0E9003213605A600023C0E90033CA
:100AF00030BD00BFA414002070B50468D4B1002438
:100B00000E4A254613685168934208BF002333B943
:100B1000FFF7ACFF0346201A65EBE37170BDD3E924
:100B20000426A41845EB06058342F1D09942EFD084
:100B30001B68ECE720462146F0E700BFA414002024
:100B4000B3F1FF3F08BFB2F1FF3FF8B504461D46C1
:100B500016465CD081604FF02003EFF3118783F3DA
:100B60001288BFF36F8F013275F1FF3324DA6FF013
:100B700001032C49D1E902209B1A4FF0FF3262EBAE
:100B800000009E1B60EB0500012E70F1000301DAEE
:100B900001260020C4E90460234ED6F800C0756821
:100BA000B44508BF4FF0000CBCF1000F0DD1C4E9F3
:100BB00000652C6074601CE0FFF758FF013645F1BA
:100BC0000005361845EBE070E4E7DCE90420D4E9E1
:100BD0000431934271EB000E1ADAD21ADCF80430B9
:100BE00060EB0100CCE90420C4E900C31C60CCF830
:100BF00004403368B34206D09C4204D1FFF740FF63
:100C00000021F6F780FA87F31188BFF36F8FF8BDE4
:100C10009B1A61EB0001AC45C4E90431C7D0DCF894
:100C200000C0C1E7F8390020A414002010B54FF02F
:100C30002002EFF3118482F31288BFF36F8F0368F1
:100C40003BB1FFF73DFF002084F31188BFF36F8FA6
:100C500010BD6FF01500F7E710B54FF02003EFF36C
:100C6000118483F31288BFF36F8FFFF745FF84F37E
:100C70001188BFF36F8F10BD10B54FF02003EFF355
:100C8000118483F31288BFF36F8FFFF735FF054B95
:100C9000D3E90223801843EB010184F31188BFF3E9
:100CA0006F8F10BDF839002010B54FF02003EFF31F
:100CB000118483F31288BFF36F8FFFF7E1FE84F393
:100CC0001188BFF36F8F10BD2DE9F0474FF020035F
:100CD000EFF3118C83F31288BFF36F8FDFF8A490CA
:100CE000294C00262060D9F800000027484508BF9D
:100CF0000020D4E90221E046236870B3D0E9045C07
:100D00004FEAE37EAB427EEB0C0A05DAED1A6CEBA0
:100D10000E06C0E9045620E0AA1841EBE571C0E9CF
:100D20000467C4E90221FFF7CBFE88F31188BFF303
:100D30006F8F836898474FF02003EFF3118883F398
:100D40001288BFF36F8F2368D9F800005B1B4845FA
:100D5000C4462360CDD1D4E9022100259A1841EB85
:100D6000E373C4E902232560FFF78AFE2946F6F7FC
:100D7000CAF988F31188BFF36F8FBDE8F047FFF71A
:100D8000E5B900BFA4140020F839002010B54FF0D9
:100D90002003EFF3118483F31288BFF36F8FFFF703
:100DA00065FE0346054AD2E90201181841EBE371DA
:100DB00084F31188BFF36F8F10BD00BFF839002096
:100DC00008B5FFF7E3FF08BDFFF7E0BFB3F1FF3F52
:100DD00008BFB2F1FF3F70B504461D46164613D05A
:100DE0001A4315D06FF001024FF0FF33921B63EBF3
:100DF0000501002904DAFFF7C9FF821941EB05015B
:100E0000C4E90021204670BD4FF0FF321146F7E7DC
:100E10000022FBE7B3F1FF3F08BFB2F1FF3FF8B597
:100E2000074616461C4610D054EA020311D0FFF7BD
:100E3000ADFFB0420A46A14103460AD2F31A64EB61
:100E40000204C7E900343846F8BD4FF0FF331C46B2
:100E5000F7E70023FBE700BFF8B506464FF0200395
:100E6000EFF3118783F31288BFF36F8F026822B10B
:100E700087F31188BFF36F8FF8BDD0E90C35581C8C
:100E800045F10001022871F1000127D3012B75F112
:100E90000001BCBF012315465C1E45F1FF35FFF77D
:100EA00093FF013041F10001001945EB01010128D8
:100EB00071F100013CDBFFF787FF013041F10001D8
:100EC0006FF00102001945EB01034FF0FF31121AD8
:100ED00061EB030330461949FFF732FEB36B013370
:100EE000B363B36A73B187F31188BFF36F8F304672
:100EF000B36A98474FF02003EFF3118783F312880A
:100F0000BFF36F8F002106F1180002F057FB044673
:100F10000028ADD0FEF7E0FF0023C4F8DC3087F3F3
:100F20001188BFF36F8F2046BDE8F840FFF798B8EF
:100F30006FF001024FF0FF33CCE700BF590E030002
:100F400038B500250446C0E90A12856310222946F7
:100F5000183005F090F9034BC4E90055E361E563EF
:100F600038BD00BFC1FD0200B3F1FF3F08BFB2F1C1
:100F7000FF3F2DE9F047DDE9086705461C4691462D
:100F800098461CD0531C74F1FF3309DB012A74F11D
:100F90000003BCBF0122002412F1FF3944F1FF38E5
:100FA0002846FFF743FE0023C5E90C67AB634A46BA
:100FB00043462846BDE8F0470249FFF7C1BDBDE8FA
:100FC000F08700BF590E030010B50446FFF72EFE50
:100FD000B0B9E36A0BB12046984704F11800FFF757
:100FE0004AFA68B1FFF73CF84FF02003EFF31180A5
:100FF00083F31288BFF36F8FBDE81040FEF790BFF8
:1010000010BD03464FF02001EFF3118281F31288E7
:10101000BFF36F8F0021806B996382F31188BFF358
:101020006F8F704713B504464FF02003EFF3118123
:1010300083F31288BFF36F8F806BA8B923689BB1CD
:101040004FF0FF334FF0FF320B48CDE9002304F19E
:101050001802FFF72DF94FF02003EFF3118183F30E
:101060001288BFF36F8FA06B0023A36381F31188F5
:10107000BFF36F8F02B010BD8C510020002300F829
:10108000143C6FF00A03A0F12801836150F8180C9A
:10109000FEF768BCF8B50D46D0E900138842044657
:1010A00005D16368C5E900431D6065601DE0002B44
:1010B000F7D0986800B16838A2F168073946FEF7A2
:1010C00091FE0028EDDC2668B442EAD0002EE8D07C
:1010D000B16801B168393846FEF784FE002805DDA5
:1010E0007368C5E900631D607560F8BD63689E4262
:1010F000D7D03668EAE72DE9F84F0026884615462E
:10110000994604463746B246464502DB3846BDE8B6
:10111000F88F4FF02003EFF3118B83F31288BFF3A6
:101120006F8F637B03F03F03082B09D853B1013B5A
:10113000072B07D8DFE803F0281C06220606062E38
:10114000102B2DD0B9F1000F3BD12B78002B38D0CC
:10115000637B03F03F03082B3AD8002B3AD0013BC6
:10116000072B37D8DFE803F04039363936363644B6
:1011700023691B69002BE5D0022317E023691B6854
:10118000002BDFD0042311E023699B68002BD9D00A
:1011900001230BE023699B6A002BD3D0102305E0C9
:1011A000206900F062FD0028CCD02023E268C4F85A
:1011B00008A0C2F386310B4363F39432E26085F8F2
:1011C00000A08BF31188BFF36F8F013614349BE7B7
:1011D000102B12D0A5600137F3E72A46214620697B
:1011E0001830FFF757FFF5E72A4621462069F8E750
:1011F00020692A4621462C30F3E720692A462146F9
:101200003430EEE72DE9F843846805460E4644B1D4
:101210006378012B2ED114F85B3C13F002030AD142
:1012200023700020EB68A860C3F38632164366F390
:101230009433EB603EE054E91023B3F1FF3F08BF65
:1012400012F1020F32D0A4F168084046FFF7CBF844
:10125000082E0CBF6FF003030023636714F85B3C98
:10126000DB0609D154F8507C37B94046FEF7F8FE4A
:101270002770D6E7022B01D00023D1E72378002B7B
:10128000CFD054F8047C002FF2D04FF00008A4F126
:10129000140904F11400FFF7C9FC49463846C4F8A4
:1012A0002C80FEF74BFB84F80080BAE700236FF038
:1012B0000A002370BDE8F8831423F0B5002403FB73
:1012C0000100144E01B9F0BD10F8073CA0F114075D
:1012D00003F03F03102B40F80C4C0CD826FA03F314
:1012E000DB0708D550F8143C2BB150F8105C2B608C
:1012F0005D6040E9054482F31188BFF36F8F4FF0C2
:101300002003EFF3118283F31288BFF36F8F384607
:101310000139D7E71601010070B5437D044683B15A
:101320004FF02003EFF3118583F31288BFF36F8F23
:10133000D0E906012A46FFF7BFFF85F31188BFF306
:101340006F8F002323612046236ABDE87040184751
:1013500010B500245205090201F47C5102F4001278
:101360000A43017B84600A43C0E9032310BD2DE9D1
:10137000F3471D46284B16469F68012387F86830BF
:1013800087F8693052EA05030CBF0123002307F1F7
:1013900068028046FFF7AFFE81464FF02003EFF36F
:1013A000118A83F31288BFF36F8F97F8684064B98E
:1013B000014652464046FFF77FFF8AF31188BFF38C
:1013C0006F8F204602B0BDE8F087002387F86830B1
:1013D00056EA050306D18AF31188BFF36F8F6FF0C9
:1013E0000A04EEE75146CDE900650C4A0C48FEF7C9
:1013F0005FFF04464FF02003EFF3118583F312885B
:10140000BFF36F8F2A4649464046FFF755FF85F3E5
:101410001188BFF36F8FD4E788380020AC14002008
:101420008C51002003460068834207D0D0E9003287
:1014300013605A600023C0E90033E3E670470023DD
:10144000C0E90000836070470023836070478368B1
:101450000B60C3681360704738B503464FF0200235
:10146000EFF3118582F31288BFF36F8FC160012102
:1014700081600068834206D185F31188BFF36F8FC6
:101480000024204638BDD0E9003213605A600023A2
:10149000C0E90033FFF7B6FE294604460148FEF7CF
:1014A0002DFDEEE78C51002038B504460D4648224C
:1014B000002104F0E0FE20460349FEF7E4F9002392
:1014C000C4E90A33256238BD191303002DE9F0473A
:1014D0000546DDE908A90C4616461F464FF02003D5
:1014E000EFF3118883F31288BFF36F8F0B69CBB1D1
:1014F00083424DD10B7D3BB988F31188BFF36F8FC9
:101500006FF01500BDE8F0874B7D002BF4D001F1A2
:101510002800FFF78BFBD4E90601002342466375E0
:10152000FFF7CAFE01232561A38288F31188BFF368
:101530006F8F6FF076033946236430460023C4E989
:10154000066704F11402FFF7D6FD01464FF02003B1
:10155000EFF3118783F31288BFF36F8F237D13B3EB
:101560005AEA09031BD0B9F1FF3F08BFBAF1FF3FA8
:1015700006D052464B46134904F12800FFF7E0FA23
:101580000223637587F31188BFF36F8F0020B9E7DB
:1015900088F31188BFF36F8F6FF06F00B2E70023FD
:1015A00023756FF00A033A4630462364FFF784FE42
:1015B00087F31188BFF36F8F21462846FEF7D2F9D3
:1015C000E4E700BF7D10030013460A4601460148C8
:1015D000FFF77CBFB838002070B5044608B3036934
:1015E000FBB14FF02003EFF3118683F31288BFF3B2
:1015F0006F8F037D93B1437D83B100252830FFF7C2
:1016000015FBD4E9060132466575FFF755FE2846FD
:10161000256186F31188BFF36F8F70BD6FF01500E1
:10162000F7E76FF01500F8E70346006883421FBF35
:10163000D0E9003213605A6000230CBF0020C0E9DB
:10164000003370470A6843695068C3E900200360AB
:1016500053608868DB68034448688B60834234BF0A
:10166000002001207047F0B54668DDE90554C1E966
:101670000006316000265719A54241600E618F6057
:1016800002D2601BC860F0BDC1E907245B1BCB60C0
:101690004E62456801F11402C1E905052A60426005
:1016A000E018F0E72DE9F74F06460846904601930B
:1016B000FFF7BAFF82464046FFF7B6FF0F460446E3
:1016C0004FF000094FF0010BBAF1000F4CD0002C85
:1016D0004AD0D4E90205DAF80C20954228BF154615
:1016E00020B12A46DAF8081004F0BAFDA268A9442D
:1016F0002A44A260E268521BE260DAF808202A4419
:10170000CAF80820DAF80C20521BCAF80C2020690D
:10171000A8B9B2682A44B26032691544726835616A
:10172000954201D3AD1A3561DAF80C209AB1E2681E
:10173000002ACED14046FFF777FF0446C4E7E268AF
:10174000002AF1D1FEF74FFE2069FEF789FC019BCC
:1017500083F800B0E8E73846FFF766FFE2688246A4
:10176000002AE7D00028B4D1484603B0BDE8F08F86
:101770002DE9F04F1E460023A1B0D1F808B00AAD04
:101780008046DDE92C9A0C461746CDE90A558DF8BE
:101790002730BBF1000F0AD00B6928460193CB68B4
:1017A0000093D1E9002316A9FFF75DFF8346CDE939
:1017B0001156002504F124031846684911AA05931F
:1017C0001395FFF795F8139B9B442B9B9B450DD2DC
:1017D0005AEA09030AD188F31188BFF36F8F6FF0BB
:1017E00004002A9B1D6021B0BDE8F08FFCF7C2FF0A
:1017F0005B4B00284AD19D68C435C5E902769B68D9
:101800000AA82B61FFF710FF4FF0000B03460127DA
:10181000002B3DD1D4E9012191421FD0521A0CA8CE
:10182000CDE90F230AAFCDE90C004C490EAA05986B
:10183000CDE90A770E97FFF75BF8E36816A90193E5
:1018400023690CA80093D4E90023FFF70CFF394665
:1018500020460DF127030CAAFFF724FFB34507D05C
:101860005AEA090304D02B9B9B4551D3002B4FD040
:101870002A9BC3F800B09DF82730002B43D0414687
:1018800004F11400FEF73AFB0020ACE711ADB4E719
:10189000D968D5E902028A4228BF0A4630B1996860
:1018A0000792069304F0DCFCDDE906329968934464
:1018B00011449960D968891AD960A96809B111449D
:1018C000A960E968891AE960186978B9A3689B1A60
:1018D000A360E3681A446368E2609A4201D3D21AB3
:1018E000E2600AA8FFF7A0FE034691E7DA68002A43
:1018F000F7D10693FEF777FD069B1869FEF7B0FB5C
:101900008DF82770EDE788F31188BFF36F8FBBE781
:10191000134B04F114029B6841465D61002310469D
:10192000CDE9009A0293FEF7D1FF4FF02002EFF3CA
:10193000118382F31288BFF36F8F83F31188BFF393
:101940006F8FEB682A9AF31A1360EB68F61A2B9BD9
:10195000B34299D96FF00A0045E700BF451603006E
:1019600088380020F8B50025102704460C4EC0E941
:101970000012C0E902553A4629460561243004F0B8
:101980007AFC3A462946A66204F1140004F073FC7E
:1019900004F13403C4E90D33A66184F83C50F8BD6A
:1019A000C1FD020038B505460C4669B1002000F0C3
:1019B000D5F9014660B122462846FFF7D3FF01233F
:1019C00085F83C30002038BD0A46FFF7CBFFF9E729
:1019D0006FF00B00F7E77FB501464FF02003EFF300
:1019E000118083F31288BFF36F8F00220023CDE9AB
:1019F000022305AB009301924FF0FF33FFF7B8FECF
:101A000007B05DF804FB7FB501464FF02003EFF30C
:101A1000118083F31288BFF36F8F0B6863B10022CC
:101A20000023CDE9022305AB009301924B68FFF739
:101A30009FFE07B05DF804FB80F31188BFF36F8F42
:101A4000F7E770B504464FF02003EFF3118683F3F8
:101A50001288BFF36F8F0021143001F0AFFD0146F3
:101A600030B186F31188BFF36F8F6FF00A0070BD3D
:101A700004F1240001F0A2FD05460028F1D194F8FC
:101A80003C30DB070DD5206800F03FF994F83C307E
:101A9000C4E90055C4E9025523F00103256184F827
:101AA0003C3086F31188BFF36F8F0020DFE72DE90C
:101AB000F04F9DB09846289BDDF898A00493299B91
:101AC000924505934FF000030546164607918DF8A1
:101AD000233000F2A680B8F1000F00F0A2800BAF17
:101AE00009AC00F11402CDE90B77CDE90944069267
:101AF0004FF02002EFF3118982F31288BFF36F8F4A
:101B0000494912AA14301493CDE91246FEF7F0FEAB
:101B1000D5E901329A42DDF850B009D0EA68204692
:101B200001922A6912A900922A68FFF79CFD83445A
:101B3000D3450FD2DDE9043213430BD189F3118869
:101B4000BFF36F8F00236FF00400C8F800301DB0A2
:101B5000BDE8F08FFCF70EFEDFF8D0B0A0BBDBF8DD
:101B60000840C434079B3946C4E90236DBF8083024
:101B7000284623610C9B09AAC4E900731C600DF17F
:101B800023030C94FFF78EFDC8F80000AB682BB15F
:101B900020B1202105F13400FFF744FCD8F80030D3
:101BA000B34208D0DDE904210A4304D0534512D3DF
:101BB000BAF1000F0FD09DF823303BB1494606988B
:101BC000FEF79CF90020C2E70DACCBE789F3118842
:101BD000BFF36F8FF6E7DBF8083049465C610023FE
:101BE0000293049B06980093059B05F12402019340
:101BF000FEF76CFE4FF02002EFF3118382F31288A0
:101C0000BFF36F8F83F31188BFF36F8FE368F31A0D
:101C1000C8F80030E368F61AB245D3D96FF00A006D
:101C200095E76FF0150092E745160300883800200D
:101C3000F0B4DDE90667049D0446954211D883B1EE
:101C40004FF0200CEFF311808CF31288BFF36F8FED
:101C5000CDE90435CDE9066713460A462146F0BCB6
:101C600086E56FF01500F0BC704710B502460068BD
:101C700090B1506880B14FF02003EFF3118483F3EB
:101C80001288BFF36F8FD2E90301884205D19068B3
:101C900084F31188BFF36F8F10BD24BF5268891879
:101CA000081AF5E710B502460068A0B1506890B177
:101CB0004FF02003EFF3118483F31288BFF36F8F8B
:101CC000D2E90310884207D1D2E90130181A84F30F
:101CD0001188BFF36F8F10BD24BF52688918081A8E
:101CE000F5E700BF0432D3B5044608D2002600272A
:101CF00041F00401CDE90067FCF7DCFB10B90020DE
:101D000002B0D0BD40F8044BFAE720B1011F50F8F3
:101D1000040CFCF71CBC70470A4601460048E1E78A
:101D20008416002001460420FFF7F6BF70B5A0FB23
:101D3000015424B92846FFF7F5FF064610B90026DE
:101D4000304670BD2A46214604F095FAF8E7024B6A
:101D5000C0F8C030704700BF8416002038B5044674
:101D60000D46FCF707FD28B9064B9B68D3F8C03039
:101D70000BB938BD044B2A4621461846BDE8384009
:101D8000B0E700BF88380020841600200148D2F751
:101D900059BA00BF7B350400431810B501D21F2A81
:101DA00001D9002010BD013902F014030144102BA9
:101DB00080EA01043CD009DC8BB1042BF1D11F2C4B
:101DC00040E840F315D941E840F10EE0142BE8D18A
:101DD0001F2C40E8C0F30CD941E8C0F105E01F2CEE
:101DE00040E800F305D941E800F11C460B468C425F
:101DF000D7D122F01402013A0A2AD2D801A151F80F
:101E000022F000BF531E03004D1E03003F1E0300BF
:101E1000A31D0300A31D0300A31D0300A31D0300B6
:101E2000591E0300531E0300471E03003F1E0300FC
:101E30001F2C40E880F3DCD941E880F1D5E713F4AA
:101E4000001FAFD1ADE713F4801FFAE75B02A9D5FD
:101E5000A7E713F4002FF4E713F4802FF1E700BF96
:101E600070B54FF0FF0C4CF4E06C1CEA11541DBF30
:101E70001CEA135594EA0C0F95EA0C0F00F0DEF8FB
:101E80002C4481EA030621EA4C5123EA4C5350EAE0
:101E9000013518BF52EA033541F4801143F4801331
:101EA00038D0A0FB02CE4FF00005E1FB02E506F0C2
:101EB0000042E0FB03E54FF00006E1FB03569CF017
:101EC000000F18BF4EF0010EA4F1FF04B6F5007F1D
:101ED00064F5407404D25FEA4E0E6D4146EB06068F
:101EE00042EAC62141EA55514FEAC52040EA5E5018
:101EF0004FEACE2EB4F1FD0C88BFBCF5E06F1ED8C2
:101F0000BEF1004F08BF5FEA500E50F1000041EBF8
:101F1000045170BD06F0004646EA010140EA0200A5
:101F200081EA0301B4EB5C04C2BFD4EB0C0541EAC7
:101F3000045170BD41F480114FF0000E013C00F3DC
:101F4000AB8014F1360FDEBF002001F0004170BD00
:101F5000C4F10004203C35DA0C341BDC04F1140419
:101F6000C4F1200500FA05F320FA04F001FA05F2A5
:101F700040EA020001F0004221F0004110EBD37072
:101F800021FA04F642EB06015EEA430E08BF20EA9E
:101F9000D37070BDC4F10C04C4F1200500FA04F341
:101FA00020FA05F001FA04F240EA020001F00041D3
:101FB00010EBD37041F100015EEA430E08BF20EA46
:101FC000D37070BDC4F1200500FA05F24EEA020E8E
:101FD00020FA04F301FA05F243EA020321FA04F0BD
:101FE00001F0004121FA04F220EA020000EBD37074
:101FF0005EEA430E08BF20EAD37070BD94F0000F74
:102000000FD101F00046400041EB010111F4801FA7
:1020100008BF013CF7D041EA060195F0000F18BF58
:10202000704703F00046520043EB030313F4801F94
:1020300008BF013DF7D043EA0603704794EA0C0F4E
:102040000CEA135518BF95EA0C0F0CD050EA410664
:1020500018BF52EA4306D1D181EA030101F00041E1
:102060004FF0000070BD50EA410606BF1046194609
:1020700052EA430619D094EA0C0F02D150EA013615
:1020800013D195EA0C0F05D152EA03361CBF104656
:1020900019460AD181EA030101F0004141F0FE41F5
:1020A00041F470014FF0000070BD41F0FE4141F479
:1020B000780170BD4FF0FF0C1CEAD0521EBF1CEA25
:1020C000D15392EA0C0F93EA0C0F6FD01A4480EAB6
:1020D000010C400218BF5FEA41211ED04FF000639F
:1020E00043EA501043EA5111A0FB01310CF00040CB
:1020F000B1F5000F3EBF490041EAD3715B0040EAF1
:10210000010062F17F02FD2A1DD8B3F1004F40EBC0
:10211000C25008BF20F00100704790F0000F0CF093
:10212000004C08BF49024CEA502040EA51207F3A57
:10213000C2BFD2F1FF0340EAC250704740F4000032
:102140004FF00003013A5DDC12F1190FDCBF00F023
:1021500000407047C2F10002410021FA02F1C2F1D1
:10216000200200FA02FC5FEA310040F1000053EA6D
:102170004C0308BF20EADC70704792F0000F00F0BB
:10218000004C02BF400010F4000F013AF9D040EAC1
:102190000C0093F0000F01F0004C02BF490011F455
:1021A000000F013BF9D041EA0C018FE70CEAD15353
:1021B00092EA0C0F18BF93EA0C0F0AD030F0004CD3
:1021C00018BF31F0004CD8D180EA010000F0004087
:1021D000704790F0000F17BF90F0004F084691F045
:1021E000000F91F0004F14D092EA0C0F01D142027F
:1021F0000FD193EA0C0F03D14B0218BF084608D148
:1022000080EA010000F0004040F0FE4040F4000091
:10221000704740F0FE4040F44000704781F00041BC
:1022200002E000BF83F0004330B54FEA41044FEABB
:10223000430594EA050F08BF90EA020F1FBF54EA56
:10224000000C55EA020C7FEA645C7FEA655C00F0F2
:10225000E2804FEA5454D4EB5555B8BF6D420CDDC3
:102260002C4480EA020281EA030382EA000083EA46
:10227000010180EA020281EA0303362D88BF30BDE6
:1022800011F0004F4FEA01314FF4801C4CEA11313C
:1022900002D0404261EB410113F0004F4FEA03339B
:1022A0004CEA133302D0524263EB430394EA050F26
:1022B00000F0A780A4F10104D5F1200E0DDB02FA95
:1022C0000EFC22FA05F2801841F1000103FA0EF229
:1022D000801843FA05F359410EE0A5F120050EF1EF
:1022E000200E012A03FA0EFC28BF4CF0020C43FA20
:1022F00005F3C01851EBE37101F0004507D54FF02D
:10230000000EDCF1000C7EEB00006EEB0101B1F57C
:10231000801F1BD3B1F5001F0CD349085FEA3000C2
:102320004FEA3C0C04F101044FEA445212F5800FCD
:1023300080F09A80BCF1004F08BF5FEA500C50F16A
:10234000000041EB045141EA050130BD5FEA4C0C4D
:10235000404141EB0101013C28BFB1F5801FE9D2AA
:1023600091F0000F04BF01460020B1FA81F308BFCD
:102370002033A3F10B03B3F120020CDA0C3208DD99
:1023800002F1140CC2F10C0201FA0CF021FA02F174
:102390000CE002F11402D8BFC2F1200C01FA02F1E4
:1023A00020FA0CFCDCBF41EA0C019040E41AA2BF09
:1023B00001EB0451294330BD6FEA04041F3C1CDAD1
:1023C0000C340EDC04F11404C4F1200220FA04F0F1
:1023D00001FA02F340EA030021FA04F345EA03019B
:1023E00030BDC4F10C04C4F1200220FA02F001FA5D
:1023F00004F340EA0300294630BD21FA04F02946DF
:1024000030BD94F0000F83F4801306BF81F4801177
:102410000134013D4EE77FEA645C18BF7FEA655CEA
:1024200029D094EA050F08BF90EA020F05D054EABC
:10243000000C04BF1946104630BD91EA030F1EBFC1
:102440000021002030BD5FEA545C05D140004941C5
:1024500028BF41F0004130BD14F580043CBF01F5B8
:10246000801130BD01F0004545F0FE4141F470019E
:102470004FF0000030BD7FEA645C1ABF1946104679
:102480007FEA655C1CBF0B46024650EA013406BF7A
:1024900052EA033591EA030F41F4002130BD00BF39
:1024A00090F0000F04BF0021704730B54FF48064F6
:1024B00004F132044FF000054FF0000150E700BF77
:1024C00090F0000F04BF0021704730B54FF48064D6
:1024D00004F1320410F0004548BF40424FF00001C3
:1024E0003EE700BF42004FEAE2014FEA31014FEA06
:1024F00002701FBF12F07F4393F07F4F81F0605155
:10250000704732F07F4208BF704793F07F4F04BF9F
:1025100041F40021704730B54FF4607401F000457C
:1025200021F000411CE700BF50EA010208BF7047DC
:1025300030B54FF000050AE050EA010208BF7047CD
:1025400030B511F0004502D5404261EB41014FF436
:10255000806404F132045FEA915C3FF4D8AE4FF03E
:1025600003025FEADC0C18BF03325FEADC0C18BF21
:10257000033202EBDC02C2F1200300FA03FC20FA72
:1025800002F001FA03FE40EA0E0021FA02F11444BF
:10259000BDE600BF70B54FF0FF0C4CF4E06C1CEAD8
:1025A00011541DBF1CEA135594EA0C0F95EA0C0F49
:1025B00000F0DEF82C4481EA030621EA4C5123EABC
:1025C0004C5350EA013518BF52EA033541F48011EB
:1025D00043F4801338D0A0FB02CE4FF00005E1FB9E
:1025E00002E506F00042E0FB03E54FF00006E1FBE8
:1025F00003569CF0000F18BF4EF0010EA4F1FF042B
:10260000B6F5007F64F5407404D25FEA4E0E6D416A
:1026100046EB060642EAC62141EA55514FEAC5207B
:1026200040EA5E504FEACE2EB4F1FD0C88BFBCF5F7
:10263000E06F1ED8BEF1004F08BF5FEA500E50F1A8
:10264000000041EB045170BD06F0004646EA01016E
:1026500040EA020081EA0301B4EB5C04C2BFD4EBA0
:102660000C0541EA045170BD41F480114FF0000E99
:10267000013C00F3AB8014F1360FDEBF002001F007
:10268000004170BDC4F10004203C35DA0C341BDC81
:1026900004F11404C4F1200500FA05F320FA04F053
:1026A00001FA05F240EA020001F0004221F0004187
:1026B00010EBD37021FA04F642EB06015EEA430EFA
:1026C00008BF20EAD37070BDC4F10C04C4F120052A
:1026D00000FA04F320FA05F001FA04F240EA0200DD
:1026E00001F0004110EBD37041F100015EEA430EAE
:1026F00008BF20EAD37070BDC4F1200500FA05F2CE
:102700004EEA020E20FA04F301FA05F243EA02034C
:1027100021FA04F001F0004121FA04F220EA02005B
:1027200000EBD3705EEA430E08BF20EAD37070BDA1
:1027300094F0000F0FD101F00046400041EB010181
:1027400011F4801F08BF013CF7D041EA060195F063
:10275000000F18BF704703F00046520043EB03031D
:1027600013F4801F08BF013DF7D043EA060370470A
:1027700094EA0C0F0CEA135518BF95EA0C0F0CD015
:1027800050EA410618BF52EA4306D1D181EA03015B
:1027900001F000414FF0000070BD50EA410606BF55
:1027A0001046194652EA430619D094EA0C0F02D19A
:1027B00050EA013613D195EA0C0F05D152EA0336DF
:1027C0001CBF104619460AD181EA030101F00041FD
:1027D00041F0FE4141F470014FF0000070BD41F046
:1027E000FE4141F4780170BD70B54FF0FF0C4CF420
:1027F000E06C1CEA11541DBF1CEA135594EA0C0F3F
:1028000095EA0C0F00F0A7F8A4EB050481EA030E8B
:1028100052EA03354FEA013100F088804FEA033372
:102820004FF0805545EA131343EA12634FEA022240
:1028300045EA111545EA10654FEA00260EF0004101
:102840009D4208BF964244F1FD0404F5407402D253
:102850005B084FEA3202B61A65EB03055B084FEAE4
:1028600032024FF480104FF4002CB6EB020E75EBE1
:10287000030E22BFB61A754640EA0C005B084FEA09
:102880003202B6EB020E75EB030E22BFB61A754686
:1028900040EA5C005B084FEA3202B6EB020E75EBD1
:1028A000030E22BFB61A754640EA9C005B084FEA49
:1028B0003202B6EB020E75EB030E22BFB61A754656
:1028C00040EADC0055EA060E18D04FEA051545EA45
:1028D00016754FEA06164FEAC30343EA52734FEAEE
:1028E000C2025FEA1C1CC0D111F4801F0BD141EA67
:1028F00000014FF000004FF0004CB6E711F4801FCC
:1029000004BF01430020B4F1FD0C88BFBCF5E06FAB
:102910003FF6AFAEB5EB030C04BFB6EB020C5FEABB
:10292000500C50F1000041EB045170BD0EF0004E10
:102930004EEA113114EB5C04C2BFD4EB0C0541EA42
:10294000045170BD41F480114FF0000E013C90E63F
:1029500045EA060E8DE60CEA135594EA0C0F08BF03
:1029600095EA0C0F3FF43BAF94EA0C0F0AD150EA02
:1029700001347FF434AF95EA0C0F7FF425AF104695
:1029800019462CE795EA0C0F06D152EA03353FF4BD
:10299000FDAE1046194622E750EA410618BF52EA3A
:1029A00043067FF4C5AE50EA41047FF40DAF52EA0E
:1029B00043057FF4EBAE12E74FF0FF3C06E000BFAB
:1029C0004FF0010C02E000BF4FF0010C4DF804CDB8
:1029D0004FEA410C7FEA6C5C4FEA430C18BF7FEA78
:1029E0006C5C1BD001B050EA410C0CBF52EA430CA6
:1029F00091EA030F02BF90EA020F0020704710F126
:102A0000000F91EA030F58BF994208BF90422CBFB4
:102A1000D8176FEAE37040F0010070474FEA410CAD
:102A20007FEA6C5C02D150EA013C07D14FEA430CCB
:102A30007FEA6C5CD6D152EA033CD3D05DF8040B3C
:102A4000704700BF8446104662468C46194663466E
:102A500000E000BF01B5FFF7B7FF002848BF10F145
:102A6000000F01BD4DF808EDFFF7F4FF0CBF01208A
:102A700000205DF808FB00BF4DF808EDFFF7EAFF06
:102A800034BF012000205DF808FB00BF4DF808EDC1
:102A9000FFF7E0FF94BF012000205DF808FB00BFB6
:102AA0004DF808EDFFF7CEFF94BF012000205DF840
:102AB00008FB00BF4DF808EDFFF7C4FF34BF01204D
:102AC00000205DF808FB00BF4FEA4102B2F1E0438D
:102AD00024BFB3F5001CDCF1FE5C0DD901F0004C05
:102AE0004FEAC0024CEA5070B2F1004F40EB830055
:102AF00008BF20F00100704711F0804F21D113F181
:102B00003872BCBF01F00040704741F480114FEAB9
:102B10005252C2F11802C2F1200C10FA0CF320FA42
:102B200002F018BF40F001004FEAC1234FEAD3235F
:102B300003FA0CFC40EA0C0023FA02F34FEA4303C9
:102B4000CCE77FEA625307D150EA01331EBF4FF052
:102B5000FE4040F44000704701F0004040F0FE406D
:102B600040F40000704700BF80F0004002E000BF6A
:102B700081F0004142001FBF5FEA410392EA030F68
:102B80007FEA226C7FEA236C6AD04FEA1262D2EBB2
:102B90001363C1BFD218414048404140B8BF5B42B7
:102BA000192B88BF704710F0004F40F4000020F050
:102BB0007F4018BF404211F0004F41F4000121F066
:102BC0007F4118BF494292EA030F3FD0A2F10102B0
:102BD00041FA03FC10EB0C00C3F1200301FA03F1EE
:102BE00000F0004302D5494260EB4000B0F5000F11
:102BF00013D3B0F1807F06D340084FEA310102F1D0
:102C00000102FE2A51D2B1F1004F40EBC25008BF81
:102C100020F0010040EA03007047490040EB00004B
:102C2000013A28BFB0F5000FEDD2B0FA80FCACF14C
:102C3000080CB2EB0C0200FA0CF0AABF00EBC25079
:102C400052421843BCBFD0401843704792F0000F67
:102C500081F4000106BF80F400000132013BB5E7BA
:102C60004FEA41037FEA226C18BF7FEA236C21D030
:102C700092EA030F04D092F0000F08BF0846704795
:102C800090EA010F1CBF0020704712F07F4F04D163
:102C9000400028BF40F00040704712F100723CBF76
:102CA00000F50000704700F0004343F0FE4040F4A0
:102CB000000070477FEA226216BF08467FEA23635E
:102CC0000146420206BF5FEA412390EA010F40F449
:102CD000800070474FF0000304E000BF10F0004395
:102CE00048BF40425FEA000C08BF704743F096437C
:102CF00001464FF000001CE050EA010208BF704797
:102D00004FF000030AE000BF50EA010208BF70471D
:102D100011F0004302D5404261EB41015FEA010C32
:102D200002BF84460146002043F0B64308BFA3F12A
:102D30008053A3F50003BCFA8CF2083AA3EBC2530C
:102D400010DB01FA02FC634400FA02FCC2F120022B
:102D5000BCF1004F20FA02F243EB020008BF20F062
:102D60000100704702F1200201FA02FCC2F12002C8
:102D700050EA4C0021FA02F243EB020008BF20EABD
:102D8000DC7070474FF0FF0C1CEAD0521EBF1CEAEB
:102D9000D15392EA0C0F93EA0C0F6FD01A4480EAD9
:102DA000010C400218BF5FEA41211ED04FF00063C2
:102DB00043EA501043EA5111A0FB01310CF00040EE
:102DC000B1F5000F3EBF490041EAD3715B0040EA14
:102DD000010062F17F02FD2A1DD8B3F1004F40EBE4
:102DE000C25008BF20F00100704790F0000F0CF0B7
:102DF000004C08BF49024CEA502040EA51207F3A7B
:102E0000C2BFD2F1FF0340EAC250704740F4000055
:102E10004FF00003013A5DDC12F1190FDCBF00F046
:102E200000407047C2F10002410021FA02F1C2F1F4
:102E3000200200FA02FC5FEA310040F1000053EA90
:102E40004C0308BF20EADC70704792F0000F00F0DE
:102E5000004C02BF400010F4000F013AF9D040EAE4
:102E60000C0093F0000F01F0004C02BF490011F478
:102E7000000F013BF9D041EA0C018FE70CEAD15376
:102E800092EA0C0F18BF93EA0C0F0AD030F0004CF6
:102E900018BF31F0004CD8D180EA010000F00040AA
:102EA000704790F0000F17BF90F0004F084691F068
:102EB000000F91F0004F14D092EA0C0F01D14202A2
:102EC0000FD193EA0C0F03D14B0218BF084608D16B
:102ED00080EA010000F0004040F0FE4040F40000B5
:102EE000704740F0FE4040F4400070474FF0FF0C48
:102EF0001CEAD0521EBF1CEAD15392EA0C0F93EA8F
:102F00000C0F69D0A2EB030280EA010C49024FEAE0
:102F1000402037D04FF0805343EA111143EA101399
:102F20000CF000408B4238BF5B0042F17D024FF451
:102F3000000C8B4224BF5B1A40EA0C00B3EB510F2C
:102F400024BFA3EB510340EA5C00B3EB910F24BF15
:102F5000A3EB910340EA9C00B3EBD10F24BFA3EB9A
:102F6000D10340EADC001B0118BF5FEA1C1CE0D162
:102F7000FD2A3FF650AF8B4240EBC25008BF20F015
:102F8000010070470CF0004C4CEA50207F32C2BF69
:102F9000D2F1FF0340EAC250704740F400004FF006
:102FA0000003013A37E792F0000F00F0004C02BF37
:102FB000400010F4000F013AF9D040EA0C0093F001
:102FC000000F01F0004C02BF490011F4000F013B5B
:102FD000F9D041EA0C0195E70CEAD15392EA0C0FC3
:102FE00008D142027FF47DAF93EA0C0F7FF470AFFB
:102FF000084676E793EA0C0F04D14B023FF44CAF3E
:1030000008466EE730F0004C18BF31F0004CCAD1D2
:1030100030F000427FF45CAF31F000437FF43CAF0E
:103020005FE700BF4FF0FF3C06E000BF4FF0010C30
:1030300002E000BF4FF0010C4DF804CD4FEA400212
:103040004FEA41037FEA226C18BF7FEA236C11D05C
:1030500001B052EA530C18BF90EA010F58BFB2EB0F
:10306000030088BFC81738BF6FEAE17018BF40F08F
:10307000010070477FEA226C02D15FEA402C05D143
:103080007FEA236CE4D15FEA412CE1D05DF8040BC8
:10309000704700BF844608466146FFE70FB5FFF75B
:1030A000C9FF002848BF10F1000F0FBD4DF808ED13
:1030B000FFF7F4FF0CBF012000205DF808FB00BF04
:1030C0004DF808EDFFF7EAFF34BF012000205DF85E
:1030D00008FB00BF4DF808EDFFF7E0FF94BF0120AB
:1030E00000205DF808FB00BF4DF808EDFFF7D2FFA8
:1030F00094BF012000205DF808FB00BF4DF808EDEB
:10310000FFF7C8FF34BF012000205DF808FB00BFB7
:103110007BB972B90029BEBF00204FF0004106E024
:1031200008BF00281CBF6FF000414FF0FF3000F0D7
:1031300075B8ADF1080C6DE904CE002909DB002B50
:103140001ADB04F035FADDF804E0DDE9022304B00F
:103150007047404261EB4101002B1BDB04F028FA71
:10316000DDF804E0DDE9022304B0404261EB4101F7
:10317000524263EB43037047524263EB430304F054
:1031800017FADDF804E0DDE9022304B0404261EB08
:1031900041017047524263EB430304F009FADDF842
:1031A00004E0DDE9022304B0524263EB43037047BD
:1031B00053B94AB9002908BF00281CBF4FF0FF319E
:1031C0004FF0FF3000F02AB8ADF1080C6DE904CEE5
:1031D00004F0EEF9DDF804E0DDE9022304B0704705
:1031E000D0B500220B4B06460F46FFF7D3F900F08F
:1031F00017F80446FFF754F90022074BFFF7CAF906
:1032000002460B4630463946FFF70CF800F008F846
:103210002146D0BD0000F03D0000F041704700BFE6
:103220004A0011D212F5001211D20DD56FF4787345
:10323000B3EB62520ED44FEAC12343F0004343EA9A
:10324000505323FA02F070474FF00000704750EAE5
:10325000013002D14FF0FF3070474FF0000070474F
:10326000704730B50446084613449A4200D130BD39
:10327000082512F8011B80EA012010F4004F4FEAE4
:1032800040011ABF89B281EA040088B2013DF4D13D
:10329000EBE730B50446084613449A4200D130BDEE
:1032A000082512F8011B484000F00101400811B147
:1032B00084EA000188B2013DF6D1EEE710B50A4478
:1032C0008A4200D110BD11F8013B434083EA031349
:1032D000DBB21C0984EA102444EA032484EAC30014
:1032E000EEE70A448A4200D1704711F8013B40BA28
:1032F00080B25840C0F303134340180380B24340E8
:10330000580100F4FF505840ECE70A44914200D1C4
:10331000704711F8013B5840C30983EA1013584025
:10332000030183EA4003D8B2F0E7F0B56423054611
:10333000042600200A2769B9F0BD9A42B2FBF3F4D3
:103340000CD2012B0AD048B903FB14220A24B3FB88
:10335000F4F3D2B2013EF0D12E70EDE7303405F82F
:10336000014BB2FBF3F403FB1422B3FBF7F3013977
:103370000130C9B2C0B2D2B2DBB2DCE7A0F1300397
:10338000DBB2092B02D800200B707047A0F161035B
:10339000052B02D85738C3B2F5E7A0F14103052B3E
:1033A00001D83738F7E76FF015007047092804D8BF
:1033B0003030C0B20870002070470F2801D8573055
:1033C000F7E76FF0150070472DE9F0414E000C460D
:1033D000711C994203D900263046BDE8F0810346AE
:1033E000551C0719BB4203D1002302F81430F3E740
:1033F0001878691E0009FFF7D9FF00289846EADB14
:1034000098F80000294600F00F00FFF7CFFF0028D2
:1034100003F1010305F10205E4DADCE7F7B505463F
:1034200001F0010000EB51069E424FEA510703D91B
:103430000026304603B0F0BD58B128780DF10701E1
:10344000FFF79CFF0028F3DB9DF80730013502F8F9
:10345000013B01351744BA42EBD015F8010C0DF1D0
:103460000701FFF78BFF0028E2DB9DF807402401EE
:10347000E4B2147015F8020BFFF780FF0028D7DBC9
:103480009DF807301C4402F8014BE4E7F8B5064606
:103490000D46144601270368136054F8041BA94223
:1034A00001D13846F8BD73682846984754F8043C63
:1034B00028B95B68002BF4D001372360EDE71B6867
:1034C00023F00103F6E730B5002401258B680A6874
:1034D00001338B6042F82300D1E90123D4540468FE
:1034E0008B68012C0A6824F0010002D852F82300EE
:1034F00030BD01338B6042F82300D1E90123D5545C
:10350000EDE709B142607047036803F001031A4315
:10351000026070472DE9F84F01F18048A8F10208D8
:103520004FEA880350F828A003F1040B50F80B5021
:10353000DAF804202F6895420646D5F8049027F063
:10354000010718D1022920DC01214A462846FFF74D
:10355000D8FF0C46B946002152462846FFF7D1FF56
:103560004A4621465046FFF7CCFF46F8285046F819
:103570000BA0BDE8F88F02291EDC00213A46284640
:10358000FFF7BFFF0C460121E6E73A4601244F460C
:103590009146334453F8040C2A464168A1EB0A03D0
:1035A00059425941FFF7ADFF21463A462846FFF7F9
:1035B000A8FF84F00101CFE70024EAE7006808B91A
:1035C0007047184619B14368002BFAD17047036859
:1035D00023F00103F8E72DE9F04F83B00B6800AF4B
:1035E00003F001030B6000234B60036806460D46A1
:1035F000C7F804D053B90123016083600B6843F01E
:1036000001030B600C37BD46BDE8F08F83689B005B
:103610000B3323F00703ADEB030D6B461A464FEA5D
:103620009309E846FFF732FF08EB800252F804AC3A
:103630000446514672684FEA800B2846904780F056
:1036400001012A465046C9B2FFF75BFF2A6804F120
:10365000010A22F001022A604BF82950554604F174
:103660008044013C08EB8404012D05DCD8F80020DF
:10367000136843F001033CE0D4E9000E036813F043
:10368000010337D154F8042C5168884202BF1168F5
:10369000012321F0010199B1D1F800C01CF0010F04
:1036A0000ED11368083C23F0010313600368023D48
:1036B00043F0010303600B6843F001030B60D3E7A1
:1036C0004268A2EB0E014A424A419A4203D029467F
:1036D0004046FFF71FFF4046691EFFF71BFF54F8E7
:1036E000042C136843F0010313602268136823F06D
:1036F00001031360B3685345D8F80030B8BFC6F86B
:1037000008A03360D7F804D07CE72DE9F04F87B0EC
:10371000836800AF9B000B3323F00703C7F80CD07E
:10372000ADEB030DE9466B464A469B080E463B61EE
:103730008346FFF7ABFE09EB800858F8042C0446DB
:10374000B2424FEA80035DD13568012D4DD97268D0
:10375000002A4AD00128D8BF00203A6925F0010587
:10376000C8BF58F8080C013443F822506B68002B8E
:103770004ED109EB840A5AF8083C00284DD0416824
:103780002A46A1EB060CDCF1000141EB0C017B6148
:10379000FFF7B7FE7B699E4242D12A68336822F068
:1037A000010203F00103134333602B6803F00103AC
:1037B00033432B6073685AF8042C6B6000237360EA
:1037C00058F8043C48F8042C32684AF8043C2B684A
:1037D00022F0010103F001030B4333602B6802F078
:1037E000010223F0010313432B603268012A2ED912
:1037F000012C22F0010534DCCBF800502B6843F09B
:1038000001032B60D7F80CD01C37BD46BDE8F08F04
:1038100049F824301D460134A8E7CBF80050BAE738
:1038200059683246481B414241411846FFF769FE3C
:1038300032682B6802F0010123F001030B4333606F
:103840002B6822F0010203F001031343B1E7012CBE
:1038500075681BDCCBF80050002DCFD1CBF8085099
:10386000D0E7023C59F8240041682A468C1B61428B
:103870006141FFF746FE3368DE0702D52B68DB07A0
:1038800067D42B6843F001032B6062E0A31E59F854
:103890002300002DE8D112F0010200F0D08004F1E5
:1038A0008043013B09EB830252F804AC59F8231022
:1038B000DAF804507961A94202BFDAF800504FF0FB
:1038C000010825F00105296818BF4FF00008C90755
:1038D0001FD4214649F8235048467A60BB60FFF761
:1038E00019FEDAF800107B6921F00101CAF8001016
:1038F0007A6829685360BB6841F0010159F823A038
:1039000029600134B8F1000F28D0DAF8005025F012
:10391000010528686B68012820F0010102D90A68B6
:10392000D20750D513B11A68D2071FD57B699E42C2
:1039300004D1002241465046FFF7E3FD2B6823F0F7
:1039400001032B60DAF80030D9070AD5013C012CBD
:10395000A5D1D9F80030CBF8003053E7DAF804509D
:10396000D7E743F00103CAF80030F2E7B8F1000FDF
:1039700057D001282AD804F18041386901398A00DA
:1039800009EB810142F820504B604846611C7A6087
:10399000BB60FFF7BFFD2968BB6821F0010129600A
:1039A00019687A6841F0010119603B6952F82350A7
:1039B000B8F1000F3DD0296821F00101D7E90430AA
:1039C00042F8230007E0B8F1000F29D00A684FF051
:1039D0000108D207CFD42B68DAF8002023F00103C6
:1039E00002F0010213432B60DAF80030484643F03E
:1039F0000103CAF800300B6843F001030B6004F1C7
:103A00008043013B49F823502146FFF783FD7B6942
:103A10009E429ED1002241465046FFF772FD98E734
:103A20002BB11A686FEA020818F0010803D10B469F
:103A3000A1E76968C2E719464FF00008CBE7416883
:103A4000A1EB060CDCF1000141EB0C01E5E770B5E0
:103A500004460D4616465CB120683246294620F0E1
:103A60000100FFF7F4FF20463146A8476468F2E7FB
:103A700070BD09B140687047006820F001007047D0
:103A8000006800F00100704770B506460D460468F6
:103A90000CB1AC4203D12B1B5842584170BD294692
:103AA00020467368984708B16468F1E7246824F0F9
:103AB0000104EDE730B400680B4610B9002030BCBB
:103AC00070478A68541C01D130BCFCE40C68950036
:103AD00054F8220040680028F6D14868815C29B17A
:103AE000013A9A602C4454F8040CE8E799680029DC
:103AF00001F1FF3206DD415C9A600029F6D054F8EE
:103B00002200DCE79A60D9E708B5FBF7F3FB002059
:103B100008BD08B5FBF706FC002008BD08B5FBF79B
:103B200027FC10F10B0F05D010F1100F08BF6FF03C
:103B3000730008BD6FF07300FBE70069704704462F
:103B400008B5084611461A46A047FCF7CFFDD7F73F
:103B500039FC836800EBC101B3F5004F2CBF51F86D
:103B6000220031F81200704700EBC1018068B0F507
:103B7000004F2CBF41F8223021F81230704701224B
:103B800008B5FFF7E6FFD04008BD836800EBC10130
:103B9000B3F5004F08D34B681AB143F001034B60F3
:103BA000704723F00103FAE74B881AB143F0010391
:103BB0004B80704723F00103FAE753000122D3E75B
:103BC0008368B3F5004F34BF04230823C91A081AC9
:103BD000C0087047B0F5004F34BF04230823481CC9
:103BE0000833A0EBD300B0FA80F0C0F11F0070479B
:103BF0002DE9F041174603220E460446FFF7A9FFC0
:103C00008642054607F104080AD10122E368BA405A
:103C100023EA0203E360002344F82830BDE8F08182
:103C2000314602222046FFF794FF06462B46014606
:103C30000322204644F82850FFF796FF33462946D2
:103C40002046BDE8F04102228EE770B50D46866839
:103C50000446FFF794FFB6F5004F014601D3012853
:103C600008D03046FFF7B6FF294602462046BDE899
:103C70007040BDE770BD2DE9F04705468068FFF74D
:103C8000A9FF05EB800ADAF8109088460646B9F1DC
:103C9000000F1BD00327DAF8104028462146FFF713
:103CA0006EFF404507D3324621462846FFF7A0FF66
:103CB0002046BDE8F087032221462846FFF749FF4A
:103CC000013FCAF8100001D08145E4D14FF0FF3424
:103CD000EB680136B4401C40EAD094FAA4F2B2FA80
:103CE00082F2131D55F82340DEE72DE9F04114461A
:103CF0000E460546FFF743FFA4EB0608371B0744B3
:103D0000424631462846FFF758FF3A4621462846A4
:103D1000FFF753FF4346002221462846FFF724FFC2
:103D200021462846FFF72BFF3B4621180022284654
:103D3000BDE8F04118E72DE9F041164604460F466C
:103D4000FFF71DFF314605462046FFF718FF0544E3
:103D50002A4639462046FFF730FF31462046FFF716
:103D60000EFF2B46311800222046BDE8F041FBE64D
:103D70002DE9F0410D4686680446FFF700FFB6F5D1
:103D8000004F014601D3012831D03046FFF722FF12
:103D900004EB80010E698EB90122E368824013436F
:103DA000E36002220D612B4629462046FFF7DCFE28
:103DB000032229462046BDE8F041D5E602223146DD
:103DC0002046FFF7C6FE0746034629462046FFF772
:103DD000CBFE0322334629462046FFF7C5FE39466F
:103DE0002B462046FFF7C0FE02223146E2E7BDE83F
:103DF000F081F8B50C460546FFF7C1FE26180122F2
:103E000031462846FFF7A5FEC3070CD431462846A5
:103E1000FFF71BFF21462846FFF7B1FE2146221877
:103E20002846FFF788FF002221462846FFF791FE2B
:103E3000271A012239462846FFF78BFE10EA0206B0
:103E400013D139462846FFF700FF2146324628465F
:103E5000FFF77FFE2246211A2846FFF76CFF214616
:103E600032462846FFF775FE241A21462846BDE84B
:103E7000F8407DE738B569B1056800222846FFF7AC
:103E80009FFE044601462846FFF77FFE2146BDE817
:103E90003840AEE738BD70B505680C462846FFF7D8
:103EA0008FFE064601462846FFF769FE05EBC6056C
:103EB000C4EBC000284470BD70B5066809B9002085
:103EC00070BDB368B3EBD10FF9D9B3F5004F34BF70
:103ED00004230823CC1D1C44E40821463046FFF788
:103EE000CAFE05460028EAD001463046FFF747FEE5
:103EF000A04209D92C44294630462246FFF7F5FE58
:103F000021463046FFF734FF304601222946FFF7AD
:103F10003CFEB368B3F5004F34BF0423082303EB22
:103F2000C5031844CCE72DE9F84306681446B26887
:103F300001F1FF39B2F5004F34BF0423082319EA19
:103F400001090F460BD0494239408B424F4628BFEA
:103F50000B46894654B900252846BDE8F8839942A6
:103F6000F8D82146BDE8F843FFF7A6BFB2EBD40F5F
:103F7000F1D9B2F5004F34BF04220822E11D3944C3
:103F8000C91A11443046C908FFF775FE804600285B
:103F9000E1D0B36809EBC005B3F5004F34BF04238B
:103FA00008231D4435447B1E1D44B5FBF7F57D43B6
:103FB000A5EB090529463046FFF702FE2C440734DD
:103FC00024F00704A41B804507464FEAE40408D206
:103FD000024641463046FFF788FE41463046FFF72D
:103FE000C7FE39463046FFF7CAFD3844844208D23E
:103FF000394630462246FFF778FE21463046FFF725
:10400000B7FE012239463046FFF7BFFDA4E72DE990
:10401000F74F914698460F460568009031B94246E1
:10402000494603B0BDE8F04FFFF77DBFB8F1000F80
:1040300006D1FFF71FFF0024204603B0BDE8F08F34
:10404000AC68B4EBD80FF6D92846FFF7B9FD0146A6
:1040500006462846FFF793FDB4F5004F34BF042110
:10406000082101EBC6022A4408F10704BB1A0C44DC
:104070001C4483460193E408B9F1000F03D009F111
:10408000FF32174243D15C450ED00FD23444224652
:1040900031462846FFF729FE314601222846FFF720
:1040A00074FD2146FFF7A5FE3C46C5E706EB0B0A6B
:1040B000012251462846FFF74CFDC30727D451463D
:1040C0002846FFF75CFD5844A04220D351462846BD
:1040D000FFF7BBFD51462846FFF751FDA4EB0B0847
:1040E000404509D93444514628462246FFF7FDFD94
:1040F00021462846FFF73CFE524631462846FFF748
:104100001AFE012231462846FFF73FFDCCE7424622
:1041100049460098FFF707FF044600288BD0314638
:104120002846FFF72CFDAB68019AB3F5004F34BF6A
:1041300004230823C2EBC002D21A4245394628BFE5
:104140004246204602F08CF839460098FFF792FE6E
:1041500072E7B2F5802FF8B52CBF08230423CE1DDB
:1041600026F00706D21A8C183746002224F00704DE
:10417000A41BE40806602146B460204647F80C2FD3
:10418000FFF728FD134685001B35ED0898422DDA10
:104190002A4630460021FFF710FD002330461A461C
:1041A0001946FFF7E1FC671B194630460122FFF76D
:1041B000ECFC3A462946FFF700FD2B460022294633
:1041C0003046FFF7D1FC21463046FFF7F6FC3B4670
:1041D000214630460022FFF7C7FC21463046012227
:1041E000FFF7D3FC2946BDE8F840C1E547F8042FA6
:1041F0000133CBE7013A01F01F030A4430B54C0903
:104200000121550902F01F02C26001FA02F2836027
:1042100001FA03F3511E5B420A43AC42036108BF3B
:10422000134004604560426108BF036130BDF0B5D2
:1042300087B004460C981D4610B96846FFF7DAFFB0
:1042400001684768A368B94253F82120066908D17C
:1042500025B1324343F8212007B0F0BD22EA06021F
:10426000F8E7B5B1324343F821204168A2684569B7
:1042700052F821302B4342F821304FF0FF310368D0
:10428000013342689A42E7D9A26842F82310013309
:10429000F7E722EA060243F82120A268416846694E
:1042A00052F8213023EA060342F8213002684368BD
:1042B00001329342D0D9A36843F82250F7E7F7B50B
:1042C0000D4611466A1E0A444FF02007EFF311868F
:1042D00087F31288BFF36F8F95B10468AC420FD398
:1042E0008C420DD994420BD900242A460094FFF742
:1042F0009EFF204686F31188BFF36F8F03B0F0BD99
:104300006FF01500F6E7F8B50646DDE906051C4630
:10431000FFF770FFD0E900139942B66802690BD12C
:1043200056F8213004B9DB4332EA030023D022EAF5
:10433000030215BB0020F8BD56F8217004B9FF43F5
:1043400032EA070C02D022EA0702F2E756F823709D
:1043500004B9FF43426932EA070009D0194622EA4C
:104360000702E6E756F8212004B1D243002AE0D143
:1043700001318B42F6D80120DDE792FAA2F3002A40
:10438000B3FA83F308BF4FF0FF3303EB41132B6005
:10439000D0E770B50D4688B011464FF02002EFF31C
:1043A000118682F31288BFF36F8FB5B10468AC42F7
:1043B00013D38C4211D96A1E0A4494424FF0000470
:1043C0000DD902AA009201942A46FFF79CFF86F3BA
:1043D0001188BFF36F8F08B070BD0020F7E720464B
:1043E000F5E730B54FF02003EFF3118583F3128822
:1043F000BFF36F8F03688B4210D9012280684C098C
:1044000050F8243001F01F018A40134340F8243053
:10441000002085F31188BFF36F8F30BD6FF015005A
:10442000F7E730B54FF02003EFF3118583F31288DF
:10443000BFF36F8F03688B4211D9012280684C094A
:1044400050F8243001F01F018A4023EA020340F8AB
:104450002430002085F31188BFF36F8F30BD6FF0DB
:104460001500F7E730B54FF02003EFF3118483F325
:104470001288BFF36F8F92B103688B420FD98368A4
:1044800000204D0953F8253001F01F01CB4003F007
:104490000103136084F31188BFF36F8F30BD6FF099
:1044A0001500F7E730B54FF02003EFF3118483F3E5
:1044B0001288BFF36F8FD2B103688B4217D983681C
:1044C00001F01F05490953F82130EB4003F00103C7
:1044D000136001228068AA4050F82130134340F84D
:1044E0002130002084F31188BFF36F8F30BD6FF04F
:1044F0001500F7E730B54FF02003EFF3118483F395
:104500001288BFF36F8FDAB103688B4218D98368C2
:1045100001F01F05490953F82130EB4003F0010376
:10452000136001228068AA4050F8213023EA020378
:1045300040F82130002084F31188BFF36F8F30BD25
:104540006FF01500F7E72DE9F04F05460E4690464F
:104550008BB04FF02003EFF3118983F31288BFF380
:104560006F8F002A3FD000293DD00168B1423AD375
:104570000022406890424FEA42140DD0AB6853F8D5
:1045800022305F1C01D10132F4E72BB1DB4393FAF7
:10459000A3F3B3FA83F31C44A1EB060A0DF10C0B51
:1045A00004AF544502D96FF01B0012E000233246DD
:1045B00021462846CDE9007BFFF7A5FE80B12846BD
:1045C0000123324621460097FFF731FE0020C8F84C
:1045D000004089F31188BFF36F8F0BB0BDE8F08FF7
:1045E000039C0134DDE76FF01500F2E72DE9F0439D
:1045F0004B1E80460D46164689B013444FF02002EC
:10460000EFF3118982F31288BFF36F8FF9B102685B
:104610008A421CD3B2421AD99A4218D9002402AF56
:104620000A460123314601940097FFF76CFE88B1DA
:10463000404623462A4631460097FFF7F8FD2046BC
:1046400089F31188BFF36F8F09B0BDE8F0836FF075
:104650001500F5E76FF00D00F2E7012399E600235E
:1046600097E62DE9F04799464B1E80460D461646C3
:1046700088B013444FF02002EFF3118A82F31288BE
:10468000BFF36F8F01B302688A421DD3B2421BD9B8
:104690009A4219D9002402AF0A4601943146009784
:1046A00089F00103FFF72FFE88B140464B462A46AA
:1046B00031460097FFF7BBFD20468AF31188BFF310
:1046C0006F8F08B0BDE8F0876FF01500F5E76FF069
:1046D0001000F2E70123F2E50023F0E50023C0E932
:1046E0000031704703462DE9F0410668002500EBD4
:1046F000C600771C81601F60C2601A4603F1080C77
:10470000AF421CDCBDE8F08101465CF83100006876
:1047100070453CBF86460C468E4201F10100F3DC39
:10472000D2E9028E611C083203EBC10103EBC40421
:1047300003C9013582E80300C4E9028EE0E74FF0C7
:10474000FF3E29467446E0E710B444681346A44689
:10475000002210BC604710B44468A44610BC6047F7
:104760000246002330B552F8084B9C4202DC00EBB5
:10477000C30030BD52F833502D688D42F7D8013355
:10478000F3E708B5FFF7ECFF20B1BDE8084000688B
:10479000FFF770BB08BD034640B1426802F0030258
:1047A000022A06D0032A04D0012A05D06FF0150092
:1047B00070471A68002AF9D000209860704710B539
:1047C0004268034602F00302022A4FF000048160AF
:1047D00007D0032A02D05C60002001E018685C600A
:1047E00010BD18685C600028F6D0FCF735FEF3E7D2
:1047F0000CB41FB5002406AB53F8042B00940393AC
:10480000D0F76DFB04B0BDE8104002B0704794468D
:10481000F0B50446C369C66845684069AF1B281AED
:104820001A1ABB429CBFFF1AF618624528BF62469F
:10483000D81B904228BF10462368AD1B2B440B6049
:10484000636803446360F0BDD0E90123D21A8A4251
:104850000CD31944C368C269C0E90111C91A8A425C
:1048600001D9002070471344C360FAE76FF01500C8
:1048700070472DE9F34180460E46154600272A462B
:1048800001A94046FFF7C3FF04460246314601989E
:1048900001F0E6FC2D1B2744264401D0002CEED16C
:1048A00039464046FFF7D0FF384602B0BDE8F081F8
:1048B000F0B50446944686690569A368C069AF1BD4
:1048C0005A1BB8429CBF36183F1A624528BF624641
:1048D000C01B904228BF10462368AD1B2B440B60C1
:1048E000236903442361F0BDD0E90423D21A8A422C
:1048F0000CD31944C0E90411D0E90632C91A8A421E
:1049000001D90020704713448361FAE76FF0150066
:1049100070472DE9F34180460D4616460027324682
:10492000404601A9FFF7C4FF04462DB10246019994
:10493000284601F095FC2544361B274401D0002C65
:10494000EDD139464046FFF7CFFF384602B0BDE80B
:10495000F0812DE9F341856803690646ED1A954219
:104960000F4628BF15464FF000082A4601A93046D9
:10497000FFF79EFF044602460199384601F070FC9D
:104980002D1B2744A04401D0002CEED1002130463D
:10499000FFF7AAFF404602B0BDE8F0812DE9F347DA
:1049A00004249DF828A015461F464269436889469D
:1049B00014FB0A419B1AC2690646D21A91421AFB9D
:1049C00004F824D822460DEB0401FFF720FF019BD9
:1049D000A3F8009083F802A0DD70424601A930469A
:1049E000FFF715FF054602463946019801F038FCED
:1049F000B8EB05082C442F4401D0002DEDD1214601
:104A00003046FFF721FF002002B0BDE8F0876FF0CD
:104A10007900F9E72DE9F34117461E4602698368DC
:104A200005469A428846089C36D004220DEB0201C6
:104A3000FFF73EFF019B9A7866B12178914209D237
:104A4000002128462270FFF74FFF6FF0790002B077
:104A5000BDE8F08122701A88A8F800204FF0040801
:104A6000DB783B702778BF003A46284601A9FFF75C
:104A70001FFF04462EB102460199304601F0F0FBBB
:104A800026443F1BA04401D0002CEDD141462846CE
:104A9000FFF72AFF0020DAE76FF00A00D7E740406F
:104AA00080F311884FF0040002DF70470FB407B5A0
:104AB00004A951F8040B0191CFF7B4FB03B05DF8E2
:104AC00004EB04B0704770470346012B82BF03F12B
:104AD000FF3252185B42084688BF02EA0300704763
:104AE00070B50446C16A00F04EFBA36A06469842C0
:104AF00015D0A0B1A28F01460132204692B200F03B
:104B00008AF9054648B9082194F83E00E662FFF7A5
:104B1000DBFFA38F20630133A387284670BD6FF0AE
:104B20001B05FAE72DE9F04F85B0914690F83E203D
:104B30000446082A38BF08220E46D31D03F4FC732E
:104B400002AFADEB030D0DF1080B90F84410584681
:104B500001F091FB32465946204600F01DF9051E32
:104B600072DB94F83EA0A9B25046FFF7ADFF314684
:104B700080465046FFF7A8FF012106465046FFF742
:104B8000A3FF04F10C030644B6B27B604FF0FF3282
:104B90004FF0FF3304F10C00FAF75CF905460028EA
:104BA0005FD1D4E90B134A6843443344934233D969
:104BB0008246A27920463A6000F0E5FA0146BAF151
:104BC000000F08BF8246A06A814244D03A68681C40
:104BD000AA423EDCBAF1000F3DD0082194F83E0015
:104BE000FFF772FFDAF8045030444044854232D374
:104BF000A28F51460132204692B200F00CF90546D0
:104C0000F8B9082194F83E00C4F82CA0FFF75CFF27
:104C1000A38F20630133A387CDF800805B46D4E9DE
:104C20000B12204600F06FF80546B8B9E36AC9F8E0
:104C30000030236BC9F8043043441E44C9F80830DF
:104C400026637868FAF782F928460C37BD46BDE836
:104C5000F08F0546AEE76FF01B05F2E76FF0040535
:104C6000EFE76FF01505EFE72DE9F04383B0044659
:104C70000D4690F83E2002AFD31D03F4FC73ADEB5C
:104C8000030D02AEFF21304601F0F5FA3246294607
:104C9000204600F01FFAA0B994F83E80A98940464A
:104CA000FFF712FFD5F80890CDF8008000EB09025D
:104CB00033462046296800F026F8002818BF6FF018
:104CC00004000437BD46BDE8F08308B5006C10B1A0
:104CD000D4F7EFF9C0B208BD70B514461A46049B6C
:104CE0004D68E618AE420BD8006C10B96FF00400A6
:104CF00070BD09682144D4F79EF90028F8D0F5E783
:104D00006FF01500F4E770B514461A46049B4D6821
:104D1000E618AE420BD8006C10B96FF0040070BDFD
:104D200009682144D4F79CF90028F8D0F5E76FF022
:104D30001500F4E708B5006C10B96FF0040008BD69
:104D4000D1E90012D4F7A1F90028F8D0F5E738B579
:104D500004460025C16A6379AB4201DC284638BDB0
:104D6000204600F010FAA36A01468342F6D00135CE
:104D7000F1E7D0E90A329A420CD190F83E30026B4A
:104D8000012B91BF0820D81D5B421840831A58425E
:104D900058417047002070477F2A10B506D890F818
:104DA000443001205340DB430B7010BD47F6FE73C7
:104DB0009A420ED890F8443062F07F046340DB439F
:104DC0000B7090F84430022083EAD213DB434B701F
:104DD000EBE76FF01500E8E730B590F844300D7858
:104DE00083EA050044B2002C0EDBAB42497801D1C6
:104DF0008B420DD04B40DB0183F4FF4380F07F00FA
:104E000018431080022030BDE44301201480FAE7EB
:104E10006FF08500F7E77FB54FF0013390F844500D
:104E200006686B437340DB4302930379ADF80E20B1
:104E30008DF80C300823002200936B448DF80D5040
:104E4000FFF761FF002818BF6FF0040004B070BDC9
:104E500030B50546144685B002B902AC08230022DD
:104E6000009328462346FFF737FF88B94FF00131FA
:104E700095F8443022684B439A4207D029684B404A
:104E8000DB439A4214BF6FF02200012005B030BD11
:104E90006FF00400FAE72DE9F04F8B680C4685B0FF
:104EA0002BB96FF01505284605B0BDE8F08F4A799B
:104EB0008B799A42F5DD4031C0B2D4F793F80646BB
:104EC0000028EED1236CD8688368DB6898470379A3
:104ED000204684F84430FFF7F8FE07460028E0D06B
:104EE0004FF0FF33B346B04699466279B2422BDCAD
:104EF000B9F1FF3F4ED1D4F8088000224146204648
:104F0000FFF789FF05460028CDD1C346012F0CBF0E
:104F10000823FB1D84F83E70C4E90A8B1CBF7F4246
:104F20003B402363A58704F12C063146204600F060
:104F300009F910F1860F05462ED00028F5D004F1AE
:104F40000C00F9F777FFAEE7A268204602EBC60A2D
:104F5000514602AA0193FFF77BFF051EA3DB019BCD
:104F600008D0B9F1FF3FBDF80E2005D19146D346D8
:104F7000D04613460136B8E711B218B2814202DDBD
:104F80001346D346F6E70FFA89F08842C4BF91462C
:104F9000D046EFE71D46B9E70025D0E72DE9FF41F0
:104FA000012938BF01216D46074616468846102262
:104FB0000021284601F05FF900242946384600F018
:104FC00027F908B1D4B90DE02CB995E80F0086E8AF
:104FD0000F000134F1E7A045FBDC3146384600F014
:104FE00017F920B16FF0010004B0BDE8F081294647
:104FF0003846013400F00CF90028ECD00020F3E72B
:1050000010B504462046FFF7B4FE08B1002004E0C6
:10501000204600F017F90028F4D010BD2DE9F04724
:105020000C461746D1E900124B68951C9D42064676
:105030008CB04CD80223009304ABFFF74DFE20B197
:105040006FF004000CB0BDE8F08730460DF10E02A1
:1050500004A9FFF7C1FE0028F4DB96F83E2083B2D6
:10506000012A84BF02F1FF355B19616884BF524297
:1050700013400B44A360BDF80E300246A381FF200D
:1050800004A9CEF741F90546D4F80880BDF80EA072
:10509000C244D04502D300203D70D3E7AAEB0809F3
:1050A000B9F1200F28BF4FF02009CDF800904246FB
:1050B0003046216804ABFFF70FFE0028C0D1284618
:1050C0004A4604A9CEF720F9C8440546E1E76FF047
:1050D0008500B7E7A2E730B585B00DF10E020546B1
:1050E0000C46FFF79BFFE0B995F83E30A289012BF3
:1050F00081BF02F1FF32D2185B421A400123A1683E
:1051000000930A44284621680DF10F03FFF7E4FDE0
:1051100048B99DF80F209DF80E309A4218BF6FF0E5
:105120004C0005B030BD6FF00400FAE70346012BD8
:1051300082BF03F1FF3252185B42084688BF02EA81
:10514000030070472DE9F04106460D46FFF7C3FF07
:1051500010B110F14D0F14D196F83E70A989384660
:10516000FFF7E4FF012104463846FFF7DFFFD5F8DB
:10517000088004444444294630466C60FFF7ABFF86
:10518000E7E7BDE8F08103469A685B7901F1080022
:1051900002EBC303984228BF1046704738B50B682E
:1051A00005460C460BB9836A0B60636893B995F8A2
:1051B0003E000821FFF7BAFF214660602846FFF74E
:1051C0008AFF10F14D0F17D068B901E04D3013D0B0
:1051D000002038BD21462846FFF7B4FF0028F7D04D
:1051E00010F1860FF2D12168EB6A99420DD0284662
:1051F000FFF7C9FF2060DAE721462846FFF7A2FF44
:105200000028E5D04D30F7D0EDE76FF08500E0E7FE
:1052100070B504460D4600F10C064FF0FF324FF01A
:10522000FF333046F9F716FE48B929462046FFF706
:10523000B5FF04463046F9F789FE204670BD6FF091
:105240001504FAE7F8B5044600F10C064FF0FF32FA
:105250004FF0FF333046F9F7FDFD002830D12046EE
:10526000A16AFFF767FD40BBD4E90A13994219D13F
:105270002046FFF788FFA28F01460132074692B20F
:105280002046FFF7C8FD054690B994F83E30E76226
:10529000012B91BF0823DA1D5B4213402363A38FC8
:1052A0000133A3872046A16AFFF76DFF0025A062A6
:1052B0003046F9F74BFE2846F8BD6FF00405F7E7D6
:1052C0006FF01505F7E72DE9F041984600230446F5
:1052D0000D46174686B00191029300F10C064FF07F
:1052E000FF324FF0FF333046F9F7B4FD002813DAF0
:1052F0006FF015000DE03046F9F728FE15B1019B5F
:10530000AB4212D1236C4146059301A8B84700284F
:10531000E5D006B0BDE8F081204601A9FFF73EFFC9
:105320008630E8D13046F9F711FE0020F1E700227F
:10533000F0B51746C0E90022C0E902228C68034696
:105340000B34486824F00304B0FBF4F50868AA4263
:1053500007D10020CA681A618A68C3E90500DA61CA
:10536000F0BD0760DE6826B9C3E9020020440132BF
:10537000EDE73060D860F9E72DE9F04104460F46CB
:1053800090460026056885B9A3690133A361A36827
:10539000002B35D12B68002E3CD1626823609542EA
:1053A00000D163600020286017E0236939466868EF
:1053B00098472B46F0B16369013363612B689EB94E
:1053C00062682360AA4200D1636000232B602368D7
:1053D0002B606368256003B9656005F10803C8F8B0
:1053E00000306F60BDE8F08133606368AB4208BF96
:1053F0006660EAE76268AA42C6D01E462D68C2E728
:10540000E1681A688B421D464FF00000A26008BF99
:10541000E260E2E7336063689D4208BF6660C1E70F
:105420000268A1F1080341F8082C4268036002B940
:10543000436070478268A1F1080341F8082CC268F4
:10544000836002B9C3607047704770477047704708
:1054500038B50D46AB4211461C4604D81A4600F03A
:10546000FFFE204638BD0024FBE700F004BFC3095F
:1054700003EB430303EBC30383EA4000C0B270476E
:10548000002370B504461846934200D170BDE55C18
:10549000CE5C013375402843F6E70A4610B512F991
:1054A000103B0F30002BACBF0023872312F8014DB7
:1054B00083EA44038A4200F8013902D01378DB09F9
:1054C000F4E710BD08B520B158220021FFF7CDFF49
:1054D000012008BD10B5044688B110220021FFF755
:1054E000C4FF102204F130000021FFF7BEFF0023AB
:1054F000002263644FF480330120C4E9142310BDFB
:1055000070B504460D46164610B311B3582200215B
:10551000FFF7ABFF29463046A664D4F731FF1022CF
:1055200000212046FFF7A1FF04F11005A26C2146DF
:105530002046D4F779FF21462846FFF7AEFF2946DB
:1055400004F12000FFF7A9FF2046FFF7C3FF012069
:1055500070BD0846FCE72DE9F0410E4615460446AD
:10556000002860D0FAB100295DD0D0E9143253EAA6
:10557000020158D0013BD0F8448042F1FF32C0E92B
:105580001432B8F1000F2CD0C8F1100708F1300028
:10559000BD4220440AD22B4632462946FFF758FF27
:1055A000636C2B4463640120BDE8F0813B463246C6
:1055B0003946FFF74DFF0023103D636445443E44E8
:1055C000631E04F10F0113F8012F93F830008B4292
:1055D00082EA00021A70F6D121462046A26CD4F766
:1055E00023FF04F10F07102D0AD8002DDBD02B4626
:1055F0003246294604F13000FFF72AFF6564D2E7FE
:10560000631E711E13F8012F11F8010FBB4282EACD
:1056100000021A70F6D121462046A26CD4F704FF8E
:105620001036103DDFE70020BEE770B50C4605469A
:10563000F0B171B34A6C102A1BD11031631E0139CD
:1056400004F10F0013F8012F93F83060984282EABA
:10565000060211F8016F82EA06021A70F2D12146A1
:10566000A26C2846D4F7E0FE2046FFF72BFF01206E
:1056700070BD02F130000021C2F110022044FFF79A
:10568000F4FE8022636C04F12001234483F830206F
:10569000D4E70846ECE730B5431E8D18A94206D181
:1056A00036215C240244131A3F2B0CD930BD0C78F0
:1056B00084F0360403F8014F11F8014B84F05C04C8
:1056C00083F84040EAE702F8011B82F83F40EAE72E
:1056D000F0B50E4614460546CDB0B8B141B34AB355
:1056E000402A00F1700713D810A8D4F7DDFF224636
:1056F000694610A8D5F704F810A934A8D5F726F8FC
:10570000224631463846FFF7C6FF01204DB0F0BDB6
:10571000D4F7CAFF2246314605F190042846D4F753
:10572000EFFF29462046D5F711F820222146E9E768
:105730000846EBE71046E9E710B5044640B1D4F758
:10574000B3FF4022204604F17001D4F7D9FF0120B5
:1057500010BD08B510B1D4F7D3FF012008BD70B556
:105760000E4614460546F0B120291CD1EAB1114677
:10577000D4F7ECFF2046D4F797FF402204F1B001A4
:105780002046D4F7BDFF324629462046D4F7B8FF5D
:1057900021462846D4F7DAFF2046F0220021FFF701
:1057A00064FE012070BD0020FCE71046FAE72DE9F9
:1057B000F74F04464FF0010B1F460023884600F1C7
:1057C000F0063146914620228DF80630DDF830A0F3
:1057D0008DF807B004F58875FFF77AFF2046FFF7CC
:1057E000ABFF202229462046FFF7B3FF5A4620464A
:1057F0000DF10601FFF7ADFFB8F1000F07D0B9F1C9
:10580000000F04D04A4641462046FFF7A2FF3FB1B1
:10581000BAF1000F04D0524639462046FFF799FFEF
:10582000224620213046FFF79AFF202231462046AB
:10583000FFF74EFF2046FFF77FFF20222946204634
:10584000FFF787FF224620212846FFF788FFB8F19F
:10585000000F3AD0B9F1000F37D020223146204650
:10586000FFF736FF2046FFF767FF20222946204634
:10587000FFF76FFF01220DF107012046FFF769FFD7
:105880004A4641462046FFF764FF3FB1BAF1000F98
:1058900004D0524639462046FFF75BFF22462021BE
:1058A0003046FFF75CFF202231462046FFF710FF0D
:1058B0002046FFF741FF202229462046FFF749FFF7
:1058C000224620212846FFF74AFF03B0BDE8F08FAB
:1058D000F7B50C4617460546B0B1B9B100262022EF
:1058E0000021F030FFF7C1FD2022012105F588706D
:1058F000FFF7BBFD284633463A4621460096FFF7A0
:1059000056FF0120C5F8306103B0F0BD0846FBE743
:10591000F7B5089C054680B179B11F2A0DD953B15E
:105920006CB10094FFF743FF4FF0FF330120C5F83F
:10593000303103B0F0BD0093F4E70020F9E72046D2
:10594000F7E72DE9F7430D4614468046D8B3D2B3A6
:105950004B1EB3F5002F36D2D2F83031ABB3013B3A
:10596000C2F8303102F1F00902F588772022494669
:105970002046FFF7ADFE2046FFF7DEFE2022394627
:105980002046FFF7E6FE224620213846FFF7E7FED5
:10599000202D2E4628BF2026404633463A46314623
:1059A000FFF756FD202D38BF2025203DB044DDD126
:1059B00020462B462A4629460095FFF7F8FE01208F
:1059C00003B0BDE8F0830020FAE74FF0FF30F7E7BF
:1059D0007047704740E800F313F4803FD8B208BF27
:1059E0006FF01500704721B140E840F0C0F38040EF
:1059F000704740E800F0F9E721B140E840F0C0F31B
:105A0000C040704740E800F0F9E7003A18BF0122B3
:105A1000920008B542F00802FCF7BEF9003818BF42
:105A2000012008BD003A18BF0122920008B542F0DB
:105A30000102FCF7B1F9003818BF012008BD10B50C
:105A400002780346202A00F10100F9D0A2F10901F1
:105A50000429F5D92B2A08D02D2A0ABF0346002194
:105A6000012100200A24013B04E003460021F8E75D
:105A70006043801A13F8012F303A092AF8D901B986
:105A8000404210BD2DE9F84384468846044621462D
:105A900014F8013B202BFAD0A3F109000428F6D911
:105AA0002D2B23D14B788C1C01212ABB302B30D0DD
:105AB0000A22002601F10047013FB7FBF2FE304603
:105AC00002FB1E79A3F13005092D29D82B469A42F5
:105AD00036DD751C07D070452FD801D14B452CDC25
:105AE000012600FB023014F8013BEBE72B2B04BF2F
:105AF0004B788C1C0021D8E7102ADAD1302BD8D172
:105B0000207800F0DF005828D3D1637810220234C7
:105B1000CFE7227802F0DF02582AF6D00822C8E741
:105B200043F02005613D192D0AD8A3F141051A2D36
:105B300034BF372557255B1BC9E74FF0FF36D2E747
:105B4000731C09D1F8F7A2FA222303603846B8F192
:105B5000000F07D1BDE8F88301B14042B8F1000F52
:105B6000F8D00EB104F1FF3CC8F800C0F2E72DE90F
:105B7000F04184460F460446214614F8013B202B91
:105B8000FAD0A3F109000428F6D92D2B25D14FF026
:105B9000010E4B788C1C3ABB302B32D00A224FF0CE
:105BA000FF31B1FBF2F1002502FB01F828466FEA54
:105BB0000808A3F13006092E2AD833469A4237DD69
:105BC0006E1C07D0884230D801D143452DDC012519
:105BD00000FB023014F8013BEBE72B2B4FF0000EDB
:105BE00004BF4B788C1CD6E7102AD8D1302BD6D1E5
:105BF000217801F0DF015829D1D1637810220234D5
:105C0000CDE7227802F0DF02582AF6D00822C6E754
:105C100043F02006613E192E0AD8A3F141061A2E40
:105C200034BF372657269B1BC8E74FF0FF35D1E717
:105C30006B1C07D1F8F72AFA22230360284647B9DC
:105C4000BDE8F081BEF1000F00D04042002FF7D038
:105C50000DB104F1FF3CC7F800C0F1E72DE9F74FA3
:105C600080460F46164605462B4615F8014B202C5C
:105C7000FAD0A4F10902042AF6D92D2C48D14FF00C
:105C8000010A5C789D1C002E49D1302C54D00A2684
:105C90000AF100490AF1FF3B09F1FF39F3173246D7
:105CA000584649460193FDF783FA009200228E463A
:105CB000844611461046A4F13003092B0BD944F059
:105CC0002003613B192B43D8A4F141031A2B34BFA5
:105CD00037235723E31A9E423ADD541C15D08445DE
:105CE0007EEB010231D3714508BF604502D1009AB5
:105CF000934228DC7143019A00FB0211A6FB0002CB
:105D00000A44181842EBE371012215F8014BD2E75F
:105D10002B2C4FF0000A04BF5C789D1CB3E7102EBB
:105D2000B6D1302CB4D12B7803F0DF03582BAFD190
:105D30006C7810260235ABE72B7803F0DF03582B85
:105D4000F6D00826A4E7604671464FF0FF32DCE744
:105D5000531C09D1F8F79AF92223494603605846A3
:105D60005FB903B0BDE8F08FBAF1000F02D0404236
:105D700061EB4101002FF4D00AB105F1FF38C7F8FB
:105D80000080EEE72DE9F74F824689461546064624
:105D9000334616F8014B202CFAD0A4F10902042A4C
:105DA000F6D92D2C41D14FF0010B5C789E1C002DB3
:105DB00042D1302C4DD00A25EB172A464FF0FF3048
:105DC0004FF0FF310193FDF7F3F92A460746884665
:105DD0004FF0FF304FF0FF31EB17FDF7E9F90023EB
:105DE00018461946A4F1300CBCF1090F38D86446A6
:105DF000A5424DDDB3F1FF3F14D0874278EB01039C
:105E000043D3414508BFB84201D194423BDC6943CA
:105E1000019B00FB0311A5FB00031944012320187B
:105E200041EBE47116F8014BDCE72B2C4FF0000B33
:105E300004BF5C789E1CBAE7102DBDD1302CBBD1BD
:105E4000337803F0DF03582BB6D17478102502366F
:105E5000B2E7337803F0DF03582BF6D00825ABE721
:105E600044F0200CACF1610CBCF1190F10D8A4F176
:105E7000410CBCF11A0F34BF4FF0370C4FF0570CE8
:105E8000A4EB0C04B4E7384641464FF0FF33C9E7B2
:105E90005A1C0DD10193F8F7F9F82222019B0260F8
:105EA00019461846B9F1000F0CD103B0BDE8F08FC8
:105EB000BBF1000F02D0404261EB4101B9F1000F8C
:105EC000F3D00BB106F1FF3AC9F800A0EDE72DE9D8
:105ED000F84F81468A4614469B4600270A9EA742F1
:105EE00004D34FF000084046BDE8F88FE51B07EBF0
:105EF00055050BFB05A848464146B0470028F2D09F
:105F0000C4BF6F1C25462C46E9E7034610B408467B
:105F100011461A789C681AB15A68234610BC184773
:105F2000234610BC18472DE9F84F07460E46924607
:105F30001D464FEA460808F10104544501DBBDE85F
:105F4000F88F05FB067905FB04FB49460A9807EB29
:105F50000B02FFF7DAFF002808F1020803DBC24555
:105F6000EDDD344601E0C2450BDD0BEB050205FB20
:105F700004710A983A44FFF7C8FF34EA200428BFA6
:105F80004446A642DBD005FB047309EB05024A45F3
:105F900001D12646CDE799F80010187809F8010BD1
:105FA00003F8011BF3E72DE9F74307460C461646B5
:105FB00098468D1E6D10002D0BDA013C06FB04F592
:105FC00007EB050935443D44002C0CDC03B0BDE86B
:105FD000F0832946334622463846CDF80080FFF745
:105FE000A2FF013DE7E74B463A46AB420CD12246C1
:105FF000334600213846CDF80080FFF794FF013C7E
:10600000A9EB0609AD1BDFE71978107803F8010B3F
:1060100002F8011BE9E71FB501248DF80440069C36
:10602000CDE9024301ABFFF7BEFF04B010BD1FB5C1
:106030000024CDE9024301AB8DF80440FFF7B3FF24
:1060400004B010BD034670B51046CAB19D1813F8D0
:10605000010B0246A0F14104192C98BF00F1200267
:10606000D4B211F8012BA2F14106192E98BF2032AB
:10607000D2B2944205D08CBF0120002060F1000014
:1060800070BD0028FCD0AB42E1D10020F8E72DE93B
:10609000F04191F800800546B8F1000F10D04C1C7B
:1060A000204600F04DF807462E4616F8013B63B136
:1060B000984508D13A462146304600F054F810B9C8
:1060C0002846BDE8F0813546EEE71D46F8E7034671
:1060D000013911F8012F0AB91A70704703F8012B22
:1060E000F7E7034610B5013922B900211A4493425B
:1060F00008D110BD11F8014F002CF6D003F8014B68
:10610000013AF1E703F8011BF1E70346C9B21A7837
:1061100018468A4203F1010304D0002AF7D100296E
:1061200018BF002070470346002010B5C9B21C46B6
:1061300013F8012B8A4208BF2046002AF7D110BD70
:10614000034600201A5C02B970470130FAE7431E8B
:10615000013913F8012F11F8010F824201D1002AF1
:10616000F7D1101A704770B50B46054662B110F8AA
:10617000016B1C780131B44200D11CB92A781B781C
:10618000D01A02E0013AEFE7104670BD2DE9F04168
:106190000E461546044600B9146821782746A046E5
:1061A000013499B13046FFF7B0FF0028F5D198F8D7
:1061B0000010444608F1010851B13046FFF7A5FF31
:1061C0000028F4D000232370444601E03C460F46EB
:1061D0002C603846BDE8F08110B50446FFF7B0FFEB
:1061E0002044FFF774FF204610BD38B5054614461D
:1061F000FFF7A6FF2B1801391C44A34202D011F867
:10620000012F1AB900221A70284638BD03F8012B55
:10621000F3E710B55AB10139841810F8012B11F8C1
:10622000013FA04201D09A42F7D0D01A10BD1046CB
:10623000FCE7431A934210B500EB020308D3024671
:1062400001399A420BD011F8014F02F8014BF8E7DF
:106250000A4412F8014D8A4203F8014DF9D110BDEC
:1062600010B5431E0A44914200D110BD11F8014BF4
:1062700003F8014FF7E70346C9B20244934200D145
:10628000704703F8011BF9E7034610B552B1024409
:10629000C9B2184613F8014B8C4202D09342F8D190
:1062A000002010BD1046FCE7F8B504460E46074630
:1062B0003D4617F8011B21B13046FFF726FF0028A5
:1062C000F6D1281BF8BDF8B504460E4607463D46F4
:1062D00017F8011B21B13046FFF717FF0028F6D051
:1062E000281BF8BDF8B500210446FCF7DFFE98BB7B
:1062F00000212046FCF7E4FE38B121462046FCF799
:1063000037FC0146FCF7F2FDF8BDC4F3C751FF2985
:10631000A1F17F0204D121462046FCF72BFCF3E7D4
:1063200006264FF07C5702EBD27252107F3224F0D7
:10633000FF4040EAC250054601462046FCF7D6FD24
:106340002946FCF717FC3946FCF71CFD4540022D99
:10635000DADD013EEFD1D7E72046D5E71FB5044689
:1063600001206946CAF7D8F8002806DBDDE90001FC
:106370000CB1C4E9000104B010BD4FF0FF304FF084
:10638000FF31F8E7034600201A5C0AB1884200D1C9
:1063900070470130F8E70B0704D5A0F14103192B32
:1063A00098BF203070472DE9F04F85B08A461546DA
:1063B0000446029318B9012005B0BDE8F08F00290A
:1063C000F9D0029B002B00F00E810A46A046294618
:1063D00018F8010BFFF7DFFF0346C0B23F2806465F
:1063E000177825D013F0C00F0BD1C8B12A2835D0AB
:1063F00029463846FFF7CFFF864202F101021ED040
:10640000D9E75B287AD05C28F2D1EB07F0D460782A
:10641000FFF7C1FF10F0FF0618BF04F10208E7E71D
:10642000EC0601D52F2FC7D0381E18BF0120C3E7B7
:10643000002FC0D02F2F04D1A807BCD4013244466E
:10644000C4E72E2FFAD16907F8D55245B3D0AB0770
:10645000F4D512F8013C2F2BF0D1ACE76078FFF7B0
:106460009AFFC1B22A2918D02E2F09D16F0707D55C
:106470005245A0D0AE0703D512F8013C2F2B9AD07D
:1064800079B915F0020097D0ED0600F1AE802F210A
:106490001046FFF73AFE0038C7E7294618F8010F03
:1064A000DDE72F2908D1AC0706D51046FFF72DFEF2
:1064B00002460028C3D17EE71646029B25F0040A57
:1064C00003F1FF3905F00207B34629469BF80000A7
:1064D000FFF761FF10F0FF0406F101063FF46BAF18
:1064E0004B46524659464046FFF75DFF01287FF470
:1064F00063AF2F2CE8D1002FE6D05CE7002F3FF4EC
:106500005AAF2F2F02D1A8073FF555AF3846FFF7F6
:1065100042FF63788146212B01D05E2B1DD10123E0
:106520000234294614F8010B0193FFF734FFC6B279
:106530005D2E15D04FF0000B2F2E48D05C2E07D1CA
:10654000EB0708D4294614F8010BFFF724FFC6B265
:10655000002E3FF430AF234605E044460023E0E739
:1065600023464FF0000B21782D2937D1294660783A
:106570000393FFF710FF10F0FF00039B18D05D2876
:1065800016D05C2804F102030CD115F0010F09D1DB
:10659000E31CA0780393FFF7FEFE10F0FF003FF42A
:1065A0000AAF039B4E4503DC4845A8BF4FF0010BE3
:1065B0001C46294614F8010BFFF7EDFEC6B25D2E0E
:1065C000BAD1019B5B453FF4F6AE611C03D15B2F52
:1065D0007FF4F1AE4446A046013230E74E4508BF95
:1065E0004FF0010BE4E70320E6E60846E4E640232B
:1065F000D9E602460B4604200021CAF721B802283A
:1066000008B506D9F7F742FD162303604FF0FF30B7
:1066100008BD0020FCE7012808B509D030F00203CE
:1066200008D0F7F733FD162303604FF0FF3008BDA5
:106630000F20FCE70E20FAE7032230B5054687B0AD
:106640000C4602A81144FFF70BFE0D2200210DF1AC
:106650000B00FFF710FE02AA11462846DAF764F88D
:1066600010B1002007B030BD032202A901A8FFF736
:10667000F7FD0322204601A9FFF7CBFDB0FA80F019
:106680004009EFE76FF08500704770B54FF0FF32BB
:106690000D464FF0FF3300210646D7F727FF0221B2
:1066A00004460C3000F04AF806704570204670BD74
:1066B000033138B5C9B205460E20FFF7E6FF0321C6
:1066C00004460C3000F03AF80123A0F801500370A2
:1066D000204638BD70B505460E460F200421FFF751
:1066E000D4FF042104460C3000F028F80122067083
:1066F00042704580204670BD030C020E4B70C0F303
:1067000007230A708B70C8707047C0F307230870A6
:10671000000C8870000A4B70C870704792B281609C
:106720000160C2808280704783680B4403607047B9
:106730000B460C2201461846FFF792BD838802687B
:1067400019448180D018704730B484880568A31834
:106750008380281930BCFFF783BD10B58388026899
:106760005C1C8480D154D01810BD838830B5026879
:106770009D1C8580D418D154090A617030BD30B594
:10678000838802689D1C8580D418080AD0546170E3
:1067900030BD838830B50468DD1CE2188580E15483
:1067A000C1F30723090C5370917030BD30B5838855
:1067B0000468DD1C8580080CE218E054C1F307234F
:1067C0005370917030BD03469A880846196810B41A
:1067D000141D9C80114410BC97E703469A88084614
:1067E000196810B4141D9C80114410BC84E738B59E
:1067F0001C46016883881944063383801046FFF7DE
:1068000084FF0C71C4F307244C7138BD70B4044686
:1068100085880668A81DA0807119C3F307207055EC
:106820004B70104670BC023166E770B51E46858815
:1068300001682944083585801046FFF766FF304619
:10684000BDE87040043160E770B516468588016880
:106850002944083585801846FFF74EFF3046BDE8CD
:106860007040043148E783885B1A9BB283800068DC
:106870001844704783880268013B9BB28380D05CD8
:10688000704783880268023B9BB28380D05A70476E
:1068900083880268023B9BB28380D05A40BA80B2A0
:1068A000704783880268033B9BB28380D05C1344AB
:1068B0005A7840EA0222987842EA0040704783887A
:1068C0000268033B9BB28380D05C13445A789B7868
:1068D00043EA022343EA0040704783880268043B8E
:1068E0009BB28380D058704783880268043B9BB278
:1068F0008380D05800BA704710B583880268063B81
:106900009BB28380D01801794479D05841EA0421A0
:1069100010BD10B583880168063B9BB28380CA58BE
:106920000B441C795B79100243EA0423140A04F433
:106930007F0481B22343C2F3072200F07F40184353
:10694000114310BD83880268083B9BB28380D11835
:10695000D0584968704783880268083B9BB283809F
:10696000D018D158406809BA00BA70470346006889
:106970009A88401A114418609980704738B50D46BE
:1069800014461146FFF7F2FF22462946BDE838407B
:10699000FFF766BC03689A1E02608288023282801A
:1069A00003F8021C090A03F8011C704703689A1EC9
:1069B00002608288023282800A0A03F8022C03F8FD
:1069C000011C70470268531E036083880133838073
:1069D00002F8011C70470368DA1E026082880332E5
:1069E0008280C1F3072203F8031C090C03F8022C70
:1069F00003F8011C70470368DA1E026082880332C4
:106A000082800A0C03F8032CC1F3072203F8022C3E
:106A100003F8011C7047034608469A881968043237
:106A2000043919609A8070E6034608469A88196806
:106A30000432043919609A805EE670B51C46066817
:106A40008388B11F0633016083801046FFF75DFE27
:106A500006F8024CC4F3072406F8014C70BD30B4AC
:106A600004460168A588881F20600635C3F3072007
:106A7000A58001F8060C01F8053C104630BC04392D
:106A80003AE670B51D4606688388A6F1080108330A
:106A9000016083801046FFF738FE2846311FBDE8AD
:106AA000704032E670B5154606688288A6F1080186
:106AB0000832016082801846FFF71EFE2846311F0B
:106AC000BDE8704018E603468288521A828000684A
:106AD000084418607047034600689A88521A0144B7
:106AE0009A801960704710B5036801211C78FFF780
:106AF000EAFF204610BD10B5036802211C88FFF78D
:106B0000E2FF204610BD10B5036802211C88FFF784
:106B1000DAFF64BAA4B2204610BD10B503680321A1
:106B20005A781C789B7844EA022444EA0344FFF72D
:106B3000CAFF204610BD10B5036803215A781C789F
:106B40009B7844EA022444EA0344FFF7BCFF04F4C0
:106B50007F4040EA1440240404F47F04204310BD25
:106B600010B5036804211C68FFF7ADFF204610BD77
:106B700010B5036804211C68FFF7A5FF24BA20465E
:106B800010BD38B5036806211D681C795B7944EA9D
:106B90000324FFF798FF2846214638BD38B503681F
:106BA00006211C681D795B7945EA0325FFF78BFFF9
:106BB0002B02220A03F47F43200243EA152302F446
:106BC0007F0281B21343C4F3072400F07F401843CF
:106BD000214338BD38B5036808211D685C68FFF79C
:106BE00072FF2846214638BD38B5036808211C6865
:106BF0005D6824BA2DBAFFF766FF2846214638BDE6
:106C000002688068101A70478388C2888168D21A27
:106C100003685B1AD01A704703688268C0889B1AA1
:106C2000C01A80B27047026803464AB9406848B942
:106C30009A6842B9D86800F17F435842584170477A
:106C4000002070471046704738B590F8343004463D
:106C50006FF3C30380F8343083680D466BB189B19C
:106C600094F83430204643F0080384F83430E7F7D2
:106C700025FE94F833307F2B0DD92046BDE83840EF
:106C8000E7F70FBD01468069E5F76CFE0128E7D004
:106C90000028F2D138BDA368DB681B7803F0F0034D
:106CA000602BEAD129462046E9F772F9F0E708B5EA
:106CB000E8F7D1F9E7F772FBE8F7B0FFE9F73AFB3D
:106CC000E8F7C4FCEBF7F2FBE6F7A4F8E8F7E9F91C
:106CD000E6F72AF9ECF730FB002008BD30B5044692
:106CE00085B000285DD08368002B5AD08369002BC3
:106CF0005AD0E7F7AEFD2046E7F7E0FD94F83330D1
:106D00005B09022B44D1A368DD68E6F741FD183525
:106D1000014610222846FFF77CFA18B96FF07C0074
:106D200005B030BDA368DD6818352846FFF77BFF46
:106D30000146D8B1A3681022D96868460831FFF728
:106D40008FFAA3681022D86800F118010830FFF705
:106D500087FAA3681022D86869461830FFF780FACE
:106D600001212046FFF770FF0020D9E72846E4F70D
:106D7000DFFC0028DED1A368D868037EFF2B02D198
:106D8000437E012BECD00830FFF74DFF0028C5D122
:106D90002146A069E5F7A5FE0228E5D16FF00400C1
:106DA000BEE76FF03C00BBE76FF01500B8E7816805
:106DB00001B949E74968FBE738B505460C4631B3E8
:106DC00028B38B6833B3DA6822B31B8A13B3036822
:106DD0000C33D3E8AF3FDB071FD591F833300846BB
:106DE00043F0010381F83330E7F768FDA5612B68B4
:106DF00094F83D005B7D84F8253084F82D30E8F769
:106E000047F92146C0B2E8F737F9002038BD6FF0E6
:106E10001500FBE76FF03C00F8E76FF07200F5E754
:106E200038B50546426011B9C0E9021138BD4FF4CA
:106E30007A73A1FB03416FF0004200232046FCF768
:106E4000B7F9C0EBC073E31A08BF6FF00043E86006
:106E500009BF00F1FF30AB60AB60E860E6E730B53A
:106E6000194614466FF00043C568E5FB034183688B
:106E7000E418436841F10001D21AA01A61F100013F
:106E800030BD002270B56FF0004514468368C668B7
:106E90004068E6FB0534091A581A64EBE1710128D1
:106EA00071F1000305DB4FF47A720023FCF780F9DF
:106EB00070BD1046FCE770B5C5680346446835B13F
:106EC0006FF00046701A2044002806DD70BD83680C
:106ED0001C44601A20EAE070F8E76A1E01F10040E5
:106EE000DA6001309A685960211A001B82429FBF04
:106EF0009219023D5218DD608CBF89189A60DA68D9
:106F000088BF99600AB99868E0E76FF00040DDE754
:106F10007FB508230E460DEB030104461546CDF858
:106F200008D00393E8F775F860B100230680458028
:106F3000037143718371C37102A92046E8F787F892
:106F400004B070BD6FF06800FAE7082330B585B073
:106F50000DEB03010446CDF808D00393E8F759F888
:106F6000054608B30023A268D2B994F83220E18E16
:106F70000A449B1A5BBAAB80A069E5F703FE48B1EF
:106F800011212046E6F79BFA4FF6FF73002818BF41
:106F90000346EB80204602A9E8F759F805B030BD5A
:106FA000118A52680B44DFE76FF06800F6E70823A8
:106FB000F7B50446D0E90376CDE9001390F83330F5
:106FC00003F0010543F0010380F83330E7F776FC66
:106FD00094F83210E38E20461944E7F7C7FD68B9EC
:106FE00069462046E8F715F894F83330C4E903768B
:106FF00065F3000384F8333003B0F0BD0020F3E7FD
:107000002DE9F0430446D0E90398082690F8333080
:1070100085B003F0010743F0010380F833300D46DB
:10702000CDF808D00396E7F749FC94F83210E38EC8
:1070300020461944E7F79AFD28B920460DEB0601D2
:10704000E7F7E7FF60B90025284694F83330C4E934
:10705000039867F3000384F8333005B0BDE8F0838C
:1070600029463246FFF7FCF8204602A9E7F7EFFF72
:10707000EAE710B586B00C9C05940B9C04940A9C1E
:107080000394099C0294BDF82040CDE900341346D6
:107090000A4601461120E8F77BF806B010BDE8F774
:1070A00067B970B504460E46E7F7B3FF054610B959
:1070B0000025284670BD31462046E7F7C8FF034645
:1070C0000028F5D1AA88A16852BA92B2A9B994F859
:1070D0003210E08E01445B1A9A42E9D1A069E5F7CB
:1070E00053FD0028E5D0EB88002BE1D0112120468C
:1070F000E6F7E5F90028DCD0DAE7088A49680344B6
:10710000E4E70020704738B50C461546CBF7D6FEAD
:1071100028B129462046BDE83840CAF7ABB96FF020
:107120000A0038BDF7B50F4616464FF480650024B7
:10713000A64203D816D0162003B0F0BD331BB3F51A
:10714000806F38BF1D4600202A4601AB391900F078
:10715000FFFD20B9019BAB4201D12C44E8E76FF061
:107160001500E9E70020E7E7002208B511461046C0
:1071700000F034FD002818BF6FF0150008BDF7B50A
:107180001C460023164682682360A3600D461369DF
:10719000694601AA9847019B5A1E01921BB96FF0DC
:1071A000150003B0F0BD0098A268476821686760C9
:1071B00085B9B31AD0F800C0634528BF634603FB06
:1071C00007111A442160A26002689A4206D808306A
:1071D0000090E0E76B1AB3FBF7F3EBE70020E0E782
:1071E00013460022CBE713460A460021C7E707B53E
:1071F000836869461B6901AA98470020019B5A1EB3
:10720000019213B903B05DF804FB009B53F8082BFF
:1072100010440093F2E72DE9F0470024836886B01C
:10722000884691461B6902AA01A99847A2462546AD
:10723000029BAB4202D806B0BDE8F0870026019F52
:1072400007EBC5077B6804933A680AEB0603B24272
:1072500002D89A460135EBE749460394059303A803
:10726000C0470028E7D0049B01361C44ECE7704778
:1072700030B543681360057A446804EBC504A34243
:1072800002D36FF0010030BD5C798C4201D008332D
:10729000F0E70020F7E77047704700F0B9BB08B58A
:1072A000D3F7B6FAD3F79CFBBDE8084000F0B0BBBB
:1072B00037B5069D0C46014678B172B16DB1406894
:1072C000406968B1BFF35B8F4868CDE9003513466C
:1072D00045692246A84703B030BD6FF01500FAE7B4
:1072E0006FF01200F7E737B50446BFF35B8F40B18C
:1072F000406885692DB122B1009313460A462146A4
:10730000A84703B030BD2DE9F04389B0109E044674
:10731000894690460021202268461F46129DFEF7AE
:10732000AAFF1F2E97BF01234FF0FF33B34003F195
:10733000FF332361119BC4E90098C4E902766361BD
:10734000183445B10FCD0FC495E80F0084E80F0045
:1073500009B0BDE8F0836D46F4E773B50468661CB8
:1073600031D08568A9422ED264182CD05E18AE4266
:1073700088BF6B1A056A35B100930523A8470346F9
:10738000184602B070BDBFF35B8F1946A41A1019DE
:1073900019B140EA0205AD070AD103290DDC013815
:1073A00011448A42ECD010F8014F02F8014BF8E783
:1073B0000078013902F8010BE9E750F8044B043971
:1073C00042F8044BE9E76FF02103D9E773B504688D
:1073D000651C32D08568A9422FD264182DD05E1862
:1073E000AE4288BF6B1A456ACDB100930523A8470A
:1073F00002B070BD12F8015B013905701546A01886
:1074000019B140EA0206B607F4D103290ADC013DAE
:10741000014488420CD1BFF35B8F1846E8E7194658
:10742000A41AEBE755F8042B043940F8042BECE7D9
:1074300015F8012F00F8012BEBE76FF02100D7E7DB
:1074400073B504681D46661C2BD08368994228D208
:10745000641826D06E189E42866A88BF5D1A2EB1C7
:1074600005230095B047284602B070BD21462B4643
:107470004BB90B44994211D1BFF35B8FF3E701F88D
:10748000012B013BF4E78807F9D14FF0013050435D
:10749000032BEEDD41F8040B043BF9E701F8012B67
:1074A000E8E76FF02100DFE7F8B50D46B8B3B1B3F8
:1074B0004FF02003EFF3118283F31288BFF36F8F35
:1074C0000B6982F31188BFF36F8F43B3D0E8EF3FAE
:1074D000002B03D1C0E8E25F002AF7D101D09D4222
:1074E0001DD1041DD4E8AF7F2846F7F71BFF00F03D
:1074F0001BF80646D4E8AF3F9F420AD000F01DF8C3
:107500004FF0FF324FF0FF332846F7F731FF0020EE
:10751000F8BD00F01BF8304600F00FF8E7E76FF019
:107520001500F5E7002070474FF02003EFF31180BE
:1075300083F31288BFF36F8F704780F31188BFF316
:107540006F8F7047F3F7A4BEF9F73EBC00F086B921
:1075500008B1CEF74DBF7047FFF79EBE08B54FF09C
:107560002002EFF3118382F31288BFF36F8F00F0D4
:1075700075F9F4E700BF7047002070476FF05700BF
:10758000704738B50022002304460D46FBF774FA15
:1075900028B920462946BDE83840FBF721BE2046E1
:1075A00005F10041FBF71CFE404261EB410138BD93
:1075B0002DE9F04786468C460846089E15467446D7
:1075C0001946002B40F0C1808542B2FA82F245D9BB
:1075D0004AB1C2F1200300FA02FC954094402EFA11
:1075E00003F343EA0C0C4FEA154EA8B2230CBCFB84
:1075F000FEF80EFB18CC08FB00F943EA0C43994552
:1076000028D9EB1808F1FF3704D2994502D9A8F11F
:1076100002072B44A3EB0903A4B2B3FBFEFC0EFB51
:107620001C330CFB00F044EA0344A04214D92C198B
:107630000CF1FF3304D2A04202D9ACF102032C4476
:10764000241A43EA07401EB1D4400023346073601B
:10765000BDE8F0874746DDE76346F1E792BB431B91
:1076600001214FEA154EAFB2200CB3FBFEFC0EFB1E
:107670001C330CFB07F840EA0343984561D9EB182B
:107680000CF1FF3004D2984502D9ACF102002B4432
:10769000A3EB0803A4B2B3FBFEFC0EFB1C330CFBF4
:1076A00007F744EA0344A7424DD92C190CF1FF33E4
:1076B00004D2A74202D9ACF102032C44E41B43EAF2
:1076C0000040C0E7C2F120039540944020FA03F146
:1076D0002EFA03F34FEA154E9040AFB20343B1FBCD
:1076E000FEFC0EFB1C10190C0CFB07F841EA0041D4
:1076F000884522D969180CF1FF3004D2884502D997
:10770000ACF102002944A1EB08019BB2B1FBFEFCE5
:107710000EFB1C110CFB07F743EA01439F420ED9F5
:10772000EB180CF1FF3104D29F4202D9ACF10201F7
:107730002B44DB1B41EA004193E76046E3E76146E7
:10774000F7E76046A4E76346B8E7834206D916B96F
:10775000002108467CE7C6E900E0F9E7B3FA83F7C1
:107760008FB9834201D3724508D8BEEB020460EBA7
:10777000030301209C461EB9002169E73846FAE759
:10778000C6E9004CF8E7C7F1200CBB400EFA07F53C
:1077900022FA0CF42EFA0CF1BA401C4320FA0CF336
:1077A000B8404FEA144901431FFA84FEB3FBF9F8CD
:1077B00009FB18300B0C08FB0EFA43EA00439A450C
:1077C00040D9E31808F1FF3004D29A4502D9A8F154
:1077D00002002344A3EB0A0389B2B3FBF9F809FBC7
:1077E000183308FB0EFE41EA03418E452CD961187F
:1077F00008F1FF3304D28E4502D9A8F102032144D7
:1078000043EA0040A1EB0E01A0FB02984145CE46A1
:10781000434602D306D14D4504D20138B9EB020EDE
:1078200068EB0403002EA7D0B5EB0E0261EB030159
:1078300001FA0CFC22FA07F3F9404CEA0303C6E90B
:10784000003199E74046C5E74346D9E7EFF7A2BDC7
:10785000014910220A60704710ED00E072B6404006
:1078600080F31188BFF36F8F01B5CEF793FD002829
:107870000AD0BFF34F8F30BF00BF00BF00BF00BFB3
:1078800000BF00BF00BF00BFBDE8014062B6BFF34C
:107890006F8F704772B6494081F3118801B5CEF7FA
:1078A00079FD00280AD0BFF34F8F20BF00BF00BF73
:1078B00000BF00BF00BF00BF00BF00BFBDE8014068
:1078C00080F3118862B6704730BFFFF7FDBF00BF7D
:1078D00014498A684FF030001044EFF3098C80E8B7
:1078E000F01F202080F31288BFF36F8F0E4F4FF0F0
:1078F00000664A698A603E60D2F8D8000023C2F868
:10790000D83080F3118802F1300090E8F01F8CF33A
:10791000098802F1000004B5D3F7A0F9BDE80440DE
:10792000704700008838002004ED00E01EF0040FCE
:107930000CBFEFF30880EFF30980816911F8021C96
:107940000229FFD001B5D3F7C9F801BD01B5EFF3A6
:107950000580A0F110004FEAC0000449014409C9A4
:107960009847BDE8014002490847000048C40300A9
:1079700075790300044B99685869884203D003491C
:107980004FF080520A6070478838002004ED00E014
:10799000EFF30880EFF3098101B57246D3F78EFB50
:1079A00001BD00BF002080F31488BFF36F8F00205B
:1079B00080F30A8880F30B88FFF748FF0020114905
:1079C0000860BFF34F8F104880F30888D3F7D4FCCA
:1079D000202080F311880D484FF0AA014FF4006277
:1079E000F6F748FC09484FF40061401880F3098815
:1079F000EFF314800221084380F31488BFF36F8FE4
:107A0000D3F7D8F894ED00E0889100208899002001
:107A100010B50C4C236813B10B4B1B682BB901F04C
:107A200093F830B90122084B1A600123236000202B
:107A300010BD0138072801D9044810BD044B53F884
:107A4000200010BD905100208C510020FE8FFFFFC0
:107A5000A8EC030010B50C4C236813B10B4B1B684A
:107A60002BB901F0ABF830B90122084B1A600123A1
:107A70002360002010BD0138072801D9044810BD3B
:107A8000044B53F8200010BD905100208C51002071
:107A9000FE8FFFFFA8EC030010B50A4C23681BB152
:107AA00001232360002010BD01F03AF80028F7D030
:107AB0000138072803D8044B53F8200010BD0348B1
:107AC00010BD00BF90510020A8EC0300FE8FFFFF07
:107AD00008B501F0B9F80020024A034B10601860A5
:107AE00008BD00BF905100208C510020034B186846
:107AF000A0F10100B0FA80F04009704790510020D9
:107B0000034B1868A0F10100B0FA80F040097047FB
:107B10008C51002038B5054601F08AF840B904467A
:107B2000044B08222846196801F0BAF9204638BDEE
:107B3000014838BD0C150020E88FFFFF38B5054619
:107B400001F076F840B90446044B20222846196813
:107B500001F0A6F9204638BD014838BD08150020BF
:107B6000E88FFFFFBFF34F8F0549064BCA6802F449
:107B7000E0621343CB60BFF34F8F00BFFDE700BF50
:107B800000ED00E00400FA0530B44FF0FE320025AD
:107B90000B4B0C4C0C494968C3F80024C3F804246F
:107BA000C3F80824C3F80C24C3F81024C3F8142421
:107BB000C3F81824C3F81C24C4F8005530BC084787
:107BC0000050845000408450BC140020024BD0E987
:107BD0000012C3E900127047BC140020144B2DE9B9
:107BE000F043002814BF04461C46124F236883B09C
:107BF000BB4219D016460D4620464FF4E07104F101
:107C0000040900F077F904F58E78484600F0D0FDBD
:107C1000404600F07DFB2B464A464046064900960A
:107C200000F0F8FB08B92760002003B0BDE8F0833E
:107C300094510020A5BCC95A65890300094B10B5B1
:107C4000002814BF04461C4604F58E7000F076FB35
:107C5000201D00F0EFFD20464FF4E07100F04AF9DE
:107C6000002010BD94510020064B074A002818BF81
:107C700003461868904206BF0020C3F8301103483D
:107C8000704700BF94510020A5BCC95AE88FFFFF80
:107C900008B5084B084A002818BF034618689042E8
:107CA00005D103F58E7000F077FB002008BD034876
:107CB00008BD00BF94510020A5BCC95AE88FFFFF42
:107CC0000A4B10B5002818BF0346094C1868A0429B
:107CD00007D102B139B103F58E7000F079FB0020B5
:107CE00010BD044810BD6FF4E04010BD9451002059
:107CF000A5BCC95AE88FFFFF70B5124C1D4600287D
:107D000014BF8446A446104BDCF8000082B09842B1
:107D10001446069E079A10D102B186B100923346EE
:107D200022460CF58E7000F0C5FB10B92C6002B035
:107D300070BD00232B6002B070BD0448F7E76FF4FC
:107D4000E040F4E794510020A5BCC95AE88FFFFF3A
:107D500070B50D4C1D46002814BF064626460B4B39
:107D6000306882B098420DD106F58E7000263346F9
:107D70000096144600F09EFB002818BF34462C6085
:107D800002B070BD0248FBE794510020A5BCC95A5F
:107D9000E88FFFFF10B5044650B1636813F0685FC9
:107DA00005D0064A934202D000236260236010BDD2
:107DB000034B04485B689847EFE700BF2C5F5CA962
:107DC000BC140020C8EC0300C8B143680D4A9342BC
:107DD00013D013F0685F0ED0012350E8002F19462E
:107DE00040E8001C9CF0000FF7D1012AF5D0BFF34A
:107DF0005F8F0020704704487047044870476FF455
:107E0000E04070472C5F5CA9E98FFFFFEA8FFFFF1E
:107E1000034680B1426809498A420AD012F0685F7D
:107E200005D0BFF35F8F002210461A6070470448E8
:107E30007047044870476FF4E04070472C5F5CA9BE
:107E4000E98FFFFFEA8FFFFF10B5044620B1002342
:107E5000034A2360626010BD0248FFF795FEF6E713
:107E60003A00003AF0EC030070B5194CD0F804C0A9
:107E70000668C4F804C0D0F808C0C068C4F808C0D8
:107E8000E06026600868134B134D18604868D5F809
:107E900018215860886812F0685F9860C86809699E
:107EA000D860196112D000230C4A05F58A70C5F814
:107EB0001431C5F8B831C5F81821C5F8BC21B04750
:107EC000236805F5DC70BDE87040184770BD00BF41
:107ED000D8140020C4140020945100202C5F5CA909
:107EE00038B131B1002201440346013081421A7099
:107EF000FAD1704738B131B1002201440346013054
:107F000088421A70FAD170472DE9F04FB2F5C07F60
:107F1000BDB000F2DA800C46DFF8B49115460021BE
:107F20004FF4D07282460DF17C084846FEF7A3F963
:107F3000404601F0DBFC30232146002409F11806FD
:107F40002A4689F8173030466BBAA9F81230A9F8DA
:107F50001040FEF785F98022234672550DF12B0162
:107F600001F8013F0133202BFAD14FF480724046D3
:107F70000BA901F0D1FC8346002840F0A38005F155
:107F8000190313AD2F4607AE0293CDF80CA001964E
:107F90000495102200210198FEF76DF9DFF834A155
:107FA000DDF808B005970A9B5AF8044C089F099A17
:107FB00007995AF8100C5AF80C6C5AF8085C5C4097
:107FC000019B7E40554081EA00071A460121404648
:107FD000CDE90776CDE9095401F0E2FCBBF1100FC1
:107FE00094BFABEB0B0BABF1100B0AF1100A00289E
:107FF00047D1BBF1000FD6D1059F10223846019919
:10800000FEF72EF999F8033010370133474589F808
:108010000330BED1049D4FF4807229464046DDF8FE
:108020000CA0019E01F078FC834678BB54460AF10F
:1080300030071BAB1A460121404601F0B1FC8346D4
:1080400020BB102220461BA91444FEF709F9A742C1
:10805000EFD1404601F05AFC4FF4D0711C48FFF7B5
:1080600049FF28463021FFF745FF0BA82021FFF7E5
:1080700041FF30461021FFF73DFF58463DB0BDE8B7
:10808000F08F8346DDF80CA0019E049D404601F070
:108090003DFC4FF4D0710E48FFF72CFF28463021ED
:1080A000FFF728FF20210BA8FFF724FF10213046FF
:1080B000FFF720FF30215046FFF71CFF58463DB028
:1080C000BDE8F08F13AD07AEE0E76FF0370BF5E7D3
:1080D00064530020745300202DE9F0418CB0044615
:1080E0000D463022002168466F46FEF7C4F804F1C1
:1080F0002006E27B0132D2B2E273002A4DD1A27B8C
:108100000132D2B2A273002A47D1637B0133DBB2C2
:108110006373002B41D1237B0133DBB22373002B2C
:108120003BD1E37A0133DBB2E372002B35D1A37A82
:108130000133DBB2A372002B2FD1637A0133DBB2A0
:10814000637253BB237A0133DBB223722BBBE37917
:108150000133DBB2E37103BBA3790133DBB2A3715B
:10816000DBB963790133DBB26371B3B923790133CE
:10817000DBB223718BB9E3780133DBB2E37063B90F
:10818000A3780133DBB2A3703BB963780133DBB270
:10819000637013B92378013323703B4622460121D3
:1081A000304601F0FDFB8046002841D110370CAB72
:1081B0009F429ED1029AAB68039953400293304686
:1081C000EE68D5F820804E40039604992E69D5F8C4
:1081D00028C04E4004966E6905990B9F4E40059647
:1081E0000699AE69009B4E400696EE6907994FF4DA
:1081F00080724E400796089ED5F824E088EA06086B
:10820000099E8EEA060E0A9E8CEA0601EE6A7E4000
:108210002F687B4000936B68019D6B400193CDE913
:10822000088ECDE90A16694601F076FB804638B122
:1082300068463021FFF75EFE40460CB0BDE8F08195
:108240001022204608A9FEF70BF8F1E72DE9F843C4
:108250001D468369B3F5C07F52D81646C3F5C07278
:10826000AA424DD3C5F5C072D31AB34248D30446CF
:10827000DFF898904FF4C0720F4648460021FDF792
:10828000FAFF4946D4F89430A269D4F89800984788
:10829000002838D1D4F818803DB1D4E925302A46D9
:1082A00009EB0801984770BBA84407B1C6B9174944
:1082B00042460846FFF728FE054638B14FF4C07124
:1082C0001248FFF717FE2846BDE8F88320460F49FD
:1082D000FFF702FF05460028F0D101232361EDE7F7
:1082E0003946324609EB0800FDF7BAFF0749B044AA
:1082F00042460846FFF708FE05460028DED1E5E7BE
:108300006FF03705DFE76FF03305DCE70455002039
:1083100010B5A42200210446FDF7ADFF4FF0FF3158
:108320004FF6F072044B2161E26104F19C001B687E
:10833000BDE81040184700BF3C150020A0B110B5A3
:1083400004460A4B9C301B68984704F1200001F05A
:10835000DDFAA4212046FFF7CDFD4FF6F0724FF075
:10836000FF33E261236110BD704700BF3815002064
:1083700041617047816170470346D0F8940020B98D
:10838000B1F5C07F04D8196170476FF033007047B2
:108390006FF03700704700BFC161704710B58CB0F7
:1083A0007AB10A4B9C301B6898470446002C08BFE2
:1083B0006FF06D0468463021FFF79CFD20460CB03D
:1083C00010BD144620460CB010BD00BF341500206F
:1083D0002DE9F0410D4B00F19C0805461B68404615
:1083E0000E4617469847044668B903463A46314652
:1083F0002846FFF72BFF064B04461B68404698476C
:10840000002818BF04462046BDE8F081341500203E
:10841000301500202DE9F047054688B00F46164676
:108420000021202268469846FDF725FF1F4B05F1E5
:108430009C0948461B689847044618B1204608B076
:10844000BDE8F08705F1200A504601F04FFAAA690D
:10845000C5E92576F2B920232E69AB61002E22DB17
:10846000694650464FF4807201F056FA044630B91E
:10847000334641462846109AFFF7E8FE04460C4B67
:1084800048461B689847002818BF0446204608B095
:10849000BDE8F0872E69002EE2DA2F2A96BF01325E
:1084A00026465608DCE71026DAE700BF3415002020
:1084B000301500202DE9F04FB2F5806F91B01A9F72
:1084C00000F2E380B7F5807F00F2DC8004461546B9
:1084D0000E463022002104A89846FDF7CCFE6C4BD6
:1084E00004F19C0948461B6898478346002840F0E1
:1084F00092802269E3699A4200F391806369002BBC
:1085000040F08D80002F40F0A980DFF888A16F46F1
:10851000002D00F098806F4604F120080EE0102D29
:10852000AB4628BF4FF0100B304639465A46FDF790
:1085300097FEB5EB0B055E4400F08580E37B0133CD
:10854000DBB2E373002B4DD1A37B0133DBB2A3730A
:10855000002B47D1637B0133DBB26373002B41D126
:10856000237B0133DBB22373002B3BD1E37A01334E
:10857000DBB2E372002B35D1A37A0133DBB2A372F5
:10858000002B2FD1637A0133DBB2637253BB237AA2
:108590000133DBB223722BBBE3790133DBB2E3712E
:1085A00003BBA3790133DBB2A371DBB96379013378
:1085B000DBB26371B3B923790133DBB223718BB9B9
:1085C000E3780133DBB2E37063B9A3780133DBB244
:1085D000A3703BB963780133DBB2637013B92378BE
:1085E000013323703B4622460121404601F0D8F971
:1085F0008346002893D0DAF800304846984703466F
:10860000302104A8002B18BF9B46FFF773FC1021F4
:108610003846FFF76FFC584611B0BDE8F08F3A4678
:10862000414600232046FFF711FEDFF868A000282E
:108630003FF46DAF4846DAF800309847834600288B
:108640003FF465AFE7E7204604A9FFF745FD834601
:108650000028D0D1236901332361CCE73A46414653
:1086600004A8FFF751FC834618B16F46DFF824A039
:10867000C1E7204604A9FFF72FFD834600283FF4F9
:1086800044AFF2E76FF0370BC5E76FF0350BC2E789
:108690003415002030150020002300B583B000936E
:1086A000FFF708FF03B05DF804FB00BF2DE9F043BE
:1086B000202B1D460646884691468BB026D8DBB255
:1086C00002AF8DF80480B04658F8041B8DF80530D1
:1086D00021B9404601F0AEFA044640B90123022216
:1086E0004046336001A901F0C1FA044638B138466A
:1086F0002021FFF7FFFB20460BB0BDE8F0832A46A0
:108700004946404601F0B2FA0446F0E702AF194686
:10871000104600233A4601F09FFC04460028E6D1AB
:108720002023B9461D46CCE72DE9F041D0F8F830BA
:10873000A6B0002BD8BF02AE31DD05460027D0F829
:108740000C4102AEA4F101089022D5F8FC4031465C
:10875000D0F8000101AB0197B8FA88F8A0474FEABA
:108760005818044620B9019B53B9B8F1000F16D030
:1087700030469021FFF7BEFB204626B0BDE8F081D1
:10878000014632462846FFF791FF58B9D5F8043123
:10879000019A1344C5F80431B8F1000FE8D16FF025
:1087A0003C04E5E70446204626B0BDE8F08100BF62
:1087B00070B500250446142204F588762946C0F8D1
:1087C000F850FC30FDF757FD082229463046FDF7EA
:1087D00052FD144B30461B689847204640F8045B16
:1087E00001F0F8F9104B30461B689847C8B9D4F827
:1087F000F830AB420FDC03EB830204EB8202202152
:10880000C2F800010120C2E9421008490133C2F850
:10881000FC10C4F8F830064B3046BDE870401B68C9
:10882000184770BD3C15002034150020E99703005F
:10883000301500200368013315D010B504460A4BEB
:1088400000F588701B689847201D01F0D7F90023B8
:108850001421C4F8F83004F1FC00FFF74BFB4FF093
:10886000FF33236010BD7047381500202DE9F04715
:10887000154C00F5887A246881465046884617468C
:108880001E46A0470446C8B9D9F8F850002D18DC98
:1088900005EB850C089B09EB8C0C0135CCE93F8777
:1088A000CCF80861CCF80C31C9F8F850074B5046A9
:1088B0001B689847002818BF6FF01D042046BDE8CC
:1088C000F0876FF03D04F1E73415002030150020EB
:1088D0002DE9F0410F4B00F5887805461B684046AE
:1088E0000E461746984718B104462046BDE8F08169
:1088F0003B46324601212846FFF7D8FE064B044688
:108900001B6840469847002818BF6FF01D0420469A
:10891000BDE8F081341500203015002070B50F4BF4
:1089200000F5887605461B683046984780B9D5F82B
:10893000F83083B12846FFF7F7FE0446084B30466F
:108940001B689847002818BF6FF01D04204670BDB3
:108950000446204670BD6FF03F04EFE73415002059
:10896000301500202DE9F047202A88B07AD83F4BF7
:1089700000F5887904461B6848461746884698479C
:108980000546F8B940F20116D4F8F830002B65D04E
:108990002046FFF7C9FE054638B9D4F8F830002B59
:1089A00014DC013EF2D16FF03B056E4620213046CB
:1089B000FFF7A0FA2E4B48461B689847002818BFBF
:1089C0006FF01D05284608B0BDE8F087D4E94132B4
:1089D000934203D3D4F80C21012A02D0013ED7D10F
:1089E000E1E71F2BFAD96E4601462022304604F1FA
:1089F000040AFDF740FC3146504601F061F9054696
:108A00000028D3D1504601F0F9F8504601F0E2F8C1
:108A10002946504601F00EF905460028C6D15046B9
:108A20002022314601F022F905460028BED1034636
:108A300032462021304601F00FFB05460028B5D113
:108A4000D4F8F8303A46002BC8BF002340463146E0
:108A5000C8BFC4F80431FDF703FCA7E76FF03F057A
:108A60006E46A3E76FF03B05ACE700BF341500206E
:108A700030150020002130B58DB0282202A80191C8
:108A8000FDF7F9FB02A801F0F1FD044610B1204604
:108A90000DB030BD1B4D4FF0FF31286800F01EFABD
:108AA00060BB194BD3F8340E10F0010017D100F061
:108AB0004BFAF8B9154A02A901A800F087FE04464E
:108AC000012000F041FA88B9286800F00FFA002868
:108AD000DDD00F48FFF758F820460DB030BD2868AC
:108AE000052400F003FA0028D1D0F2E70948FFF787
:108AF0004BF8E9E70848FFF747F8DBE70748FFF7D7
:108B000043F8CEE71C1500200060845084560020F6
:108B10006CED03004CED03002CED030014ED03009D
:108B200008B500F0FBF830B900F022F938B9054A71
:108B3000C2F80C0A08BD00F049F9032008BD042062
:108B400008BD00BF0050845030B583B000F0E6F897
:108B500078B900F00DF990B9144BC3F80C0AFFF77F
:108B600089FF0446F8B9124D2B6863B1204603B063
:108B700030BD032400F02AF9204603B030BD0424A0
:108B8000204603B030BD02460146FFF727F850B932
:108B90006822084901ABFFF7DBF820B92046064BF5
:108BA0002B6003B030BD0524E0E700BF00508450C7
:108BB000A4580020A85800205AEA5A5A30B583B069
:108BC00000F0ACF878B900F0D3F890B9144BC3F8C2
:108BD0000C0AFFF74FFF0446F8B9124D2B6863B13A
:108BE000204603B030BD032400F0F0F8204603B067
:108BF00030BD0424204603B030BD0246014600F0DB
:108C000019FA50B96822084901AB00F0CDFA20B931
:108C10002046064B2B6003B030BD0524E0E700BFC3
:108C200000508450A4580020A85800205AEA5A5AEC
:108C3000034A044B1068984214BF05200020704777
:108C4000A45800205AEA5A5A10B500F069F80028D2
:108C500014BF0324002400F0B9F8204610BD00BF63
:108C6000002130B58DB0282202A80191FDF703FB49
:108C700002A801F0FBFC18B1052420460DB030BD60
:108C80001F4D4FF0FF31286800F028F9002832D13D
:108C90001C4BD3F8340E10F0010008D0286800F007
:108CA00025F90028E8D01848FEF76EFFE4E700F049
:108CB0004BF9E0B9154A02A901A800F087FD044666
:108CC000012000F041F970B9286800F00FF920B9CF
:108CD000002CD1D120460DB030BD0B48FEF754FF1B
:108CE000002CF7D0C8E70A48FEF74EFFECE709482A
:108CF000FEF74AFFDEE70848FEF746FFC8E700BF79
:108D00001C150020006084506CED03008456002088
:108D10004CED03002CED030014ED03000020704720
:108D200000207047430504D54FF0FF32034BC3F8D2
:108D30000821024BC3F8080A704700BF0050845056
:108D4000014BC3F80801704700508450014BC3F831
:108D5000040A70470050845008B100F071B84FF415
:108D60007500704708B100F04FB84FF475007047B8
:108D700010B5114800F09EF800B110BD0F4800F08A
:108D800099F80028F9D10E4C204600F093F80028FD
:108D9000F3D10C4B0C481C6000F08CF80146002805
:108DA000EBD100F02DF8044608B1204610BD00F0CC
:108DB000A7F82046FAE700BF2C1500202815002050
:108DC000241500201C1500202015002008B5084897
:108DD00000F07AF8074800F077F8074800F074F8D8
:108DE000064800F071F8BDE8084000F00BB800BF7D
:108DF0002C15002028150020241500202015002007
:108E000000207047704700BF10B402460B4C01E0D1
:108E1000134207D1D4F8003A13F48070F8D001203F
:108E200042F4807229B1054BD3F804410C60C3F8B9
:108E30000841024BC3F8082A10BC70470050845008
:108E40000246084901E01A4207D1D1F8003A13F46A
:108E50008070F8D0012042F48072024BC3F8082AD7
:108E6000704700BF00508450B2B100B54FF0000E03
:108E7000013A00F1FF3C013910441CF8013F11F8A0
:108E8000012F604583EA02034EEA030EF5D1BEFAD4
:108E90008EF040095DF804FB01207047FDF7B9B979
:108EA000FDF7C7B9FDF7C5B9FDF7E5B90A460021D9
:108EB000FDF7E1B908B5034B02681B6810689847D5
:108EC000002008BDD814002008B5034B02685B6879
:108ED00010689847002008BDD8140020024B026893
:108EE0009B681068184700BFD814002008B5034BD2
:108EF0000268DB6810689847002008BDD81400207D
:108F000070B5094C094D2069AB68984718B1084BFA
:108F100008485B6898470021074AEB6811602069A0
:108F2000BDE87040184700BFC4140020D8140020CA
:108F3000BC14002084ED030010590020014B186878
:108F4000704700BF10590020F8B51A4D1A4E04465C
:108F5000B26828699047E8B9184F3B684CB1A3B193
:108F6000012B19D0013B3B602869F368984700202A
:108F7000F8BD43B90121124AC2F800151149D1F8D0
:108F80001029002AFBD101333B60F3682869984718
:108F90000020F8BD0C48F8BD0A4AD2F81039002B61
:108FA000FBD1074A6FF07E40C2F80035FFF7CEFED6
:108FB0003B68D7E7C4140020D814002010590020C3
:108FC0000040845000508450E98FFFFF014B1B6824
:108FD000184700BFD8140020014B5B68184700BF3A
:108FE000D8140020014B9B68184700BFD8140020FC
:108FF000014BDB68184700BFD81400202DE9F04171
:1090000080460F4616461D46FEF770FD18B9054B03
:1090100005485B689847054CC4E90087C4E90265C8
:10902000BDE8F081BC140020A4ED0300D81400209A
:10903000704700BF144B2DE9F043002814BF0446CD
:109040001C46124F236883B0BB4219D016460D460A
:1090500020464FF4147104F10409FEF74BFF04F5A8
:109060008E784846FFF7A4FB404601F0A1F82B4656
:109070004A4640460649009601F0DAF908B92760E9
:10908000002003B0BDE8F08314590020A5BCC95AE4
:109090006589030038B5041E084D18BF254605F53F
:1090A0008E7001F0C3FA281DFFF7C4FB2046BDE80F
:1090B00038404FF41471FEF71DBF00BF1459002053
:1090C000064B074A002818BF03461868904206BF9F
:1090D0000020C3F838120348704700BF145900201D
:1090E000A5BCC95AE88FFFFF08B5084B084A0028FD
:1090F00018BF03461868904205D103F58E7001F041
:10910000C9F9002008BD034808BD00BF145900205C
:10911000A5BCC95AE88FFFFF0A4B10B5002818BF3D
:109120000346094C1868A04207D102B139B103F5D2
:109130008E7001F079F9002010BD044810BD6FF465
:10914000E04010BD14590020A5BCC95AE88FFFFFAC
:1091500070B5124C1D46002814BF8446A446104B1F
:10916000DCF8000082B098421446069E079A10D19F
:1091700002B186B10092334622460CF58E7001F0A2
:109180008DF910B92C6002B070BD00232B6002B0C5
:1091900070BD0448F7E76FF4E040F4E7145900208D
:1091A000A5BCC95AE88FFFFF70B50D4C1D460028BD
:1091B00014BF064626460B4B306882B098420DD14C
:1091C00006F58E70002633460096144601F066F9C7
:1091D000002818BF34462C6002B070BD0248FBE77F
:1091E00014590020A5BCC95AE88FFFFF2DE9F041B2
:1091F000002873D00C46002970D01D46002B6DD07E
:1092000007461AB1012200232A6003602B68002B55
:109210005FD02946204601F0A7FD804600285AD19C
:109220002146286801F086FD8046002853D1286831
:10923000082867D0042867D0A0F10200B0FA80F0B7
:1092400040090121314EC6F8C411C6F84011C6F8D4
:10925000C411636AC6F83031D6F830219342F6D192
:109260000023C6F82C314FF0FF33C6F808316FF0F9
:109270001B03C6F80031C6F80C01D6F8040A40F406
:109280008060FFF763FD0A23C6F83831069B012B87
:1092900029D023691E4AA2FB03231B09626A4046A8
:1092A00002FB03F303EB4303184ADB039B09C2F8F9
:1092B000D8310123C2F82C313B682A6823F07F4360
:1092C00043EA02633B602A6843EA02233B60BDE84D
:1092D000F081DFF840804046BDE8F081DFF838805B
:1092E0004046BDE8F0814FF47F03D3F80C2C0132E7
:1092F00006D0D3F80C3C064AA2FB03231B09CDE79A
:109300001623CBE703209CE702209AE70050845005
:10931000ABAAAAAA310CF100350CF1002DE9F041FD
:1093200000286FD00C4600296CD01D46002B69D058
:1093300007461AB1012200232A6003602B68002B24
:109340005BD02946204601F00FFD8046002856D10B
:109350002146286801F0EEFC804600284FD128689D
:10936000082854D0042854D0A0F10200B0FA80F0AC
:1093700040090121284EC6F8C411C6F84011C6F8AC
:10938000C411636AC6F83031D6F830219342F6D161
:109390000023C6F82C314FF0FF33C6F808316FF0C8
:1093A0001B03C6F80031C6F80C01D6F8040A40F4D5
:1093B0008060FFF7CBFC0A230121C6F8383123690E
:1093C000164A606AA2FB03231B0900FB03F303EBAD
:1093D0004303DB039B09C6F8D831C6F82C113B6860
:1093E0002A6823F07F4343EA02633B602A684046D1
:1093F00043EA02233B60BDE8F081DFF82480404669
:10940000BDE8F081DFF81C804046BDE8F081032014
:10941000AFE70220ADE700BF00508450ABAAAAAA74
:10942000310CF100350CF10058B34B1EB3F5047F3D
:1094300027D230B54FF0000ECD00744671464B096F
:1094400001F01F0C50F82330BCF11F0F23FA0CF36E
:1094500006D003F0010319B901211C468E46EEE740
:109460009C4201F1010106D01C464FF0010EA942B9
:10947000E5D1002030BD0EF1010E9645F7D102482E
:1094800030BD0148704700BF360CF100C0B32DE974
:10949000F0434C1EB4F5047F1DD2E3B1DAB10025D0
:1094A0002E46A8462C46CF0003F1FF394FEA541C44
:1094B00004F01F0E50F82C10BEF11F0F21FA0EFC05
:1094C0000CD00CF0010C4CB90126E0463446354670
:1094D000ECE7964216D90C48BDE8F083AB420BD0BE
:1094E000C44508BF0136A945F3D001350134BC425B
:1094F000DCD10020BDE8F0830125E0462E46F5E7EB
:10950000014870471D46F1E7370CF1002DE9F04F97
:109510008FB08246DDE919460D46002E6ED10969ED
:1095200004911C60002318990B60002A00F0288128
:10953000994B6A6AD3F83811D3F830319A4269D11D
:109540000A2967D19AF80330069304F108030593BA
:109550000423049A0393914B8F4CA3FB023B4FEAE5
:109560009B0B0BEB4B0BA2EB4B0B189B049E1E6053
:10957000002E00F0E580002701F012FC0797BAF1F9
:10958000000F00F0D0804FF00109DDF81480002DAD
:1095900000F0C980069B002B3ED0284606A901F0AA
:1095A000E3FB00283AD07E4B984220D0069B082B44
:1095B00000F0E08000225B000693294606AB50468F
:1095C0000092FFF713FE774B984200F0CF8070B9FE
:1095D000DAF80020130A03F47F03134323F07F43D8
:1095E000CAF80030039B013B0393BED100200390D7
:1095F00001F0D6FB03980FB0BDE8F08F4FF47F0168
:10960000D1F80C0C01300CBF4FF40471D1F80C1CD4
:10961000049186E76448EAE76248C4E72946069869
:1096200001F088FB0028BED1069B082B00F0A48027
:10963000042B00F0A380A3F10203B3FA83F35B09C8
:10964000C4F8C491C4F84091C4F8C4916A6AC4F8DB
:109650003021D4F830118A42F6D10022C4F82C21EE
:109660004FF0FF32C4F808216FF01B02C4F800214C
:10967000C4F80C31D4F8040A40F48060FFF766FBAC
:109680000A23C4F838312B69444AA2FB0313696AE0
:109690001B0901FB03F303EB4303DB039B09C4F842
:1096A000D831C4F82C910698DAF8003023F07F41C5
:1096B000030243EA00630B43CAF8003007A801F035
:1096C00029FB079B354A03F01A0303437FF46EAF6F
:1096D000A2FB0632D4F81431B7EB920F0893D4F8FA
:1096E00018310993D4F81C310A93D4F820310B9324
:1096F000D4F824310C93D4F828310D9302D1BBF166
:10970000000F12D14046182208A9183EFFF7C8FBE7
:1097100008F1180801379EB101F042FB00230793BE
:10972000002D7FF437AF21483DE740465A4608A94F
:10973000A6EB0B06FFF7B4FBD8440137002EEBD1A4
:10974000049F059E6A6939463046FFF76DFEAA6997
:1097500040B94FF4806339463046FFF797FE002842
:109760003FF444AF0023189A13601CE72B6A002BC8
:109770003FF43DAF0E483AE7032361E702235FE77A
:10978000012229465046009606ABFFF72FFD002820
:109790003FF4DBAE2BE700BF00508450ABAAAAAA6F
:1097A000020CF100310CF100300CF100350CF1002D
:1097B000320CF10010B4DDE9013401940024DDF82D
:1097C0000CC0CDE902C410BCFFF7A0BE30B51546F1
:1097D000012487B005AB00930022CDE9015404AB0E
:1097E000FFF794FE07B030BDF0B587B0002967D011
:1097F0001E46002B64D01446002A61D0324F0D461D
:1098000038684FF0FF31FFF769FB00283DD12F4B3F
:10981000D3F8340E10F0010015D04FF0FF354FF49F
:1098200008712B48FEF75CFB04212A48FEF758FB21
:1098300029482821FEF754FB3868FFF757FB40BB47
:10984000284607B0F0BDFFF77FFB002834D122483F
:1098500000F00CFF70B91E4A0346029205AA01925D
:1098600004AA039000921C4902461A48FFF7A2FF7F
:109870000346A0B14FF0FF350120FFF765FB00283C
:10988000CDD01648FEF780F9C9E71548FEF77CF9F8
:10989000BDE71448FEF778F9284607B0F0BD284622
:1098A0001D46059B22469C4228BF1A4604993260F9
:1098B0000831FFF7F5FADFE70B48FEF765F9C6E771
:1098C0004FF0FF35BCE700BF1C150020006084503E
:1098D000905B0020645B0020685B00204CED03007F
:1098E00014ED0300E8ED03002CED030010B5044671
:1098F00030B1002201236265A265E365236610BDD5
:109900000148FEF741F9F4E700EE030018B17422B4
:109910000021FFF7C9BA7047C8B1D9B108B5002313
:10992000C02A836380F83C300FD0B2F5807F04D02A
:10993000802A03D06FF01F0008BD02230363D20802
:109940001030FFF7ADFA002008BD0123F6E76FF0F5
:10995000210070476FF01F00704700BFD0B1E1B128
:1099600010B500230124C02A846380F83C300FD056
:10997000B2F5807F04D0802A03D06FF01F0010BDA5
:1099800002230363D2081030FFF78AFA002010BDCB
:109990002346F6E76FF0210070476FF01F00704715
:1099A00070B5044686B0F8B11046EAB1E3B10129BA
:1099B0001AD8A26B16D0012A16D1102500210DEB62
:1099C0000506019602AA61632946009501F026FA70
:1099D00050B92B463246204602A901F0D1FC18B9F5
:1099E00006B070BD002AE8D06FF02100F8E700BF94
:1099F0002DE9F04186B0DDE90C6762B3044680B31F
:109A00007EB377B3984663B301292AD81307154666
:109A100027D10129836B22D0012B22D1102241466C
:109A20002046FFF73DFA0122304604AE00953B4642
:109A300062632946019602AA01F0F0F988B92B4623
:109A40003246204602A901F09BFC50B91022214663
:109A50004046FFF725FA002006B0BDE8F081002B54
:109A6000DCD06FF02100F7E76FF02200704700BFF5
:109A70006FF02200704700BF2DE9F04186B0DDE9AC
:109A80000D6731B3044640B3984633B32EB327B3C2
:109A90000D460AB1136803BB0223102241466363DB
:109AA0002046FFF7FDF9304604AE3B4629460095B7
:109AB000019602AA01F0B2F978B92B463246204647
:109AC00002A901F05DFC40B9102221464046FFF793
:109AD000E7F9002006B0BDE8F0816FF02100F9E75A
:109AE0002DE9F04186B0DDE90C6731B3044640B39F
:109AF000984633B32EB327B30D460AB1136803BBA0
:109B000006231022414663632046FFF7C9F9304619
:109B100004AE3B4629460095019602AA01F07EF963
:109B200078B92B463246204602A901F029FC40B9FB
:109B3000102221464046FFF7B3F9002006B0BDE8E9
:109B4000F0816FF02100F9E770B5044686B0C8B126
:109B50000846B9B11346AAB1A26B9AB910250DEB0C
:109B6000050662632946019602AA009501F056F99E
:109B700040B92B463246204602A901F001FC08B943
:109B800006B070BD6FF02100FAE700BF70B5044663
:109B900086B0D8B10846C9B11346BAB1A26B012A42
:109BA00014D1102500210DEB0506019602AA616370
:109BB0002946009501F032F940B92B46324620463D
:109BC00002A901F0DDFB08B906B070BD6FF02100FD
:109BD000FAE700BF10B5044628B12046BDE81040A2
:109BE000F421FFF763B90448FDF7CEFF2046BDE836
:109BF0001040F421FFF75AB914EE030010B1F4211C
:109C0000FEF76EB9704700BF38B505460C4631B156
:109C100028B1F42221462846FCF722FB38BD04482F
:109C2000FDF7B2FFF42221462846FCF719FB38BDA8
:109C300024EE030008B521B1012908D06FF03600E9
:109C400008BD012100F0D0F80028F7D108BD02219D
:109C500000F0CAF80028F9D0F0E700BF08B500F01E
:109C600053F8002818BF6FF0360008BD30B5054620
:109C70008818B0F5801F0B461446A1B001D8802A81
:109C80000CD9B3F5801F17D922461946284600F093
:109C9000EDF8044684B9204621B030BD6846FFF790
:109CA000FFF822466946284600F0E0F88021044685
:109CB0006846FFF7FBF8EDE76FF03604EBE700BF0F
:109CC00070B5E8B10E46D9B1044600F0A1F80546DA
:109CD000B0B92368012B0BD0022B01D0284670BDF0
:109CE0001C22304604F10801FFF7DAF8284670BD5F
:109CF0002022304604F10801FFF7D2F8284670BD53
:109D00006FF03605EAE700BF00286AD0F0B50D46CF
:109D1000A5B071B30446D0E91720131AB3FBF2F6CD
:109D200002FB163646BB402790420AD0B7FBF2F63C
:109D300002FB06F6002E30D1002F43D1002025B0C3
:109D4000F0BD802A28BF802204F1640104A8FFF737
:109D5000A7F80023E16D04A8CDE9003302AA01F0C1
:109D60005DF830B92046E26D02A901F0B1F8002893
:109D700034D0012025B0F0BD402E28BF402604F18C
:109D8000640332461844FFF78BF8206EE26D3044CE
:109D90003544C6F140072066C6E700233146284611
:109DA000CDE9003302AA01F039F80028E1D13246AA
:109DB000204602A901F08CF80028DAD1BF1B3544F7
:109DC000002FBBD0206E3A461930294604EB8000A4
:109DD000FFF766F8236E3B442366AFE7E26D20662B
:109DE000A4E70120704700BF78B138B50D46F021D7
:109DF0000446FFF75BF8402320462560E36501F049
:109E00003FF8003818BF012038BD0120704700BF5F
:109E1000F0B5056EA5B0044604AEE5B900230127F0
:109E2000019330466760294602AA009300F0F6FFCE
:109E300010B1012025B0F0BD2A46204602A901F04C
:109E400047F80028F5D1204601F04AF90028F0D162
:109E5000206625B0F0BD802D2A46304628BF8022DE
:109E600004F16401FFF71CF8256ED7E7002800F025
:109E7000AE802DE9F04F1446A5B0002A3DD00F4624
:109E8000002949D0B2F5803F0546006E20D34FF639
:109E9000FF7805F1640AEB6D1A1AB2FBF3F103FBCC
:109EA0001122002A65D18342B9464FF6FF7672D05F
:109EB000B6FBF3FB03FB0BFBBBF1000F30D1002E15
:109EC00045D1A4F57F44FF3CB4F5803F4744E2D23E
:109ED000EA6D161AB6FBF2F302FB1366A64228BF20
:109EE0002646002E75D1824200F08D80B4FBF2F63A
:109EF00002FB06F62EB9002C79D1002025B0BDE872
:109F0000F08F002331463846CDE9003302AA00F035
:109F100085FF002800F09580012025B0BDE8F08F76
:109F2000002359464846CDE9003302AA00F076FFE7
:109F30000028F1D15A46284602A900F0C9FF00289E
:109F4000EAD1A6EB0B06286ED944002EB9D0193001
:109F50004946324605EB8000FEF7A2FFA4F57F4498
:109F6000286EFF3C3044B4F5803F4744286692D2C7
:109F7000AEE7424528BF4246164639465044FEF7F2
:109F80008FFF286EEB6D3044834207EB060928668D
:109F9000A8EB06068CD1802B28BF802351461A4699
:109FA00004A8FEF77DFF0023E96D02AACDE9003386
:109FB00004A800F033FF0028AED12846EA6D02A9BC
:109FC00000F086FF0028A7D1EB6D286670E701201E
:109FD000704705F16403394632461844FEF760FFC6
:109FE000286EEA6D3044A41B374428667BE72B6E4D
:109FF0002246193305EB83003946FEF751FF2B6EDD
:10A0000023442B6679E7802A28BF802205F164016A
:10A0100004A8FEF745FF0023E96D04A8CDE900334D
:10A0200002AA00F0FBFE00287FF476AF2846EA6D16
:10A0300002A900F04DFF00287FF46EAFEA6D28669C
:10A0400054E73246284602A900F042FF00287FF478
:10A0500063AF3744A41B4EE7F8B51C4605461148CC
:10A0600016460F46FFF7B6FD21460E48FFF7E2FD04
:10A07000044620B10B48FFF7C1FD2046F8BD3A4623
:10A0800029460848FFF7F2FD04460028F2D1314680
:10A090000448FFF715FE04460248FFF7AFFD2046CF
:10A0A000F8BD00BFB05D002070B590B000287AD038
:10A0B0003E4C0D464022362106462046FCF7DBF892
:10A0C00040225C21A018FCF7D6F82B1DA34203D92F
:10A0D00004F144039D4252D32B682268534023600D
:10A0E0002B68226C534023646B6862685340636042
:10A0F0006B68626C53406364AB68A2685340A360B2
:10A10000AB68A26C5340A364EB68E2685340E36021
:10A11000EB68E26C5340E3642B692269534023618E
:10A12000226D2B695340236562696B6953406361FB
:10A130006B69626D53406365AB69A2695340A3616B
:10A14000AB69A26D5340A365EB69E2695340E361DB
:10A15000EB69E26D5340E36500213046FFF76AFD8D
:10A16000044628B9402230461049FFF77FFD0446D7
:10A1700040216846FDF7BEFE204610B070BD631E4C
:10A1800004F13F01013D1F3415F8010F13F8012FB1
:10A1900042401A7011F8012F2878A34282EA000287
:10A1A0000A70F1D1D8E76FF07304E5E7A45E0020F0
:10A1B00010B54FF49A7200210446FCF75CF842F2A5
:10A1C0001072044BC4F8202104F596701B68BDE89A
:10A1D000104018473C1500202DE9F04F04468846F2
:10A1E000914695B0002900F0A780002A0CBF0126F7
:10A1F000022600238DF80C30002C00F09F80DFF841
:10A2000044A104AF0AF1400B00212046FFF712FDE4
:10A21000034648B1384620210193FDF76BFE019BB0
:10A22000184615B0BDE8F08F402251462046FFF792
:10A230001DFD03460028EDD104F1F4052022294636
:10A240002046FFF713FD03460028E3D101222046F4
:10A2500003A9FFF70BFD03460028DBD1022E62D0D5
:10A2600020460CA9FFF72CFD03460028D2D1014659
:10A270002046FFF7DFFC03460028CBD14022594699
:10A280002046FFF7F3FC03460028C3D120222046D6
:10A290000CA9FFF7EBFC03460028BBD1394620464A
:10A2A000FFF70EFD03460028B4D139462046FFF7DC
:10A2B000FBFE03460028ADD1202229462046FFF7A9
:10A2C000D5FC03460028A5D120460CA9FFF7F8FCD1
:10A2D000034600289ED101462046FFF7ABFC03460B
:10A2E000002897D1402259462046FFF7BFFC03467D
:10A2F00000288FD1202220460CA9FFF7B7FC034687
:10A30000002887D129462046FFF7DAFC03460028BB
:10A3100080D19DF80C200132D2B2B2428DF80C20CF
:10A32000FFF472AF76E74A4641462046FFF79EFCAF
:10A330000346002894D06DE701265AE76FF07303B7
:10A3400004AF67E7A45E00202DE9F041044688468B
:10A3500015461F46D0F81801E0B013B100EB4000DD
:10A360004008B5F5807F3ED82844B0F5C07F3AD884
:10A370004FF4C07200216846FBF77DFF6946D4F8B0
:10A380002431D4F81821D4F82801984770BBD4F8A8
:10A39000186157B1D4E9493072080DEB06019847AE
:10A3A00020BBD4F8183106EB5306B8F1000F00D0EB
:10A3B0008DB9324669462046FFF70EFF054610B9B3
:10A3C0000123C4F8143131466846FDF793FD284651
:10A3D00060B0BDE8F0810DEB060041462A462E44F0
:10A3E000FBF73EFFE5E76FF00405F0E76FF00805C7
:10A3F000EDE700BFF8B5044604F1F4070D46164634
:10A40000FFF7E8FB39462046FFF74EFE00B1F8BDE6
:10A41000202238460121FBF72EFF324629462046EE
:10A42000BDE8F840FFF7D8BE0023FFF78DBF00BF9F
:10A430002DE9F047044604F1F4050F4691461E4607
:10A44000DDF82080FFF7C6FB29462046FFF72CFEEB
:10A4500008B1BDE8F087284620220121FBF70BFF59
:10A46000D4F81831C4F82471C4F8289113B9202302
:10A47000C4F81831424631462046BDE8F047012372
:10A48000FFF762BFC0F81C11704700BFC0F8181179
:10A49000704700BFC0F82011704700BFB2F5806F51
:10A4A00000F295802DE9F04F89B09A46129BB3F5E2
:10A4B000807F00F29080D0F82431164604460F4683
:10A4C0004BB3D0F81C31012B05D0D0F81421D0F8B3
:10A4D00020319A421FDD514600232046129AFFF791
:10A4E00033FF014698B900231293002E5ED0DFF8A7
:10A4F000EC9009F1400B00212046FFF79BFB202E3A
:10A500003546014628BF202504F1F40890B10846DD
:10A5100009B0BDE8F08FBAF1000FE6D0129B002B16
:10A52000E1D051461A462046FFF756FE0146002864
:10A53000DBD0ECE7494640222046FFF797FB014677
:10A540000028E4D1414620222046FFF78FFB014638
:10A550000028DCD169462046FFF7B2FB01460028FF
:10A56000D5D12046FFF766FB01460028CFD15946DA
:10A5700040222046FFF77AFB01460028C7D16946F2
:10A5800020222046FFF772FB01460028BFD141463A
:10A590002046FFF795FB01460028B8D138462A46E9
:10A5A0004146FBF75DFE761B2F44A4D15146204661
:10A5B000129AFFF711FE01460028A8D10846D4F8E8
:10A5C00014310133C4F8143109B0BDE8F08F6FF0D5
:10A5D0000201084670476FF0040198E7A45E00206E
:10A5E0002DE9F0410F4B00F5967805461B68404673
:10A5F00082B00E4617469847044678B903463A4655
:10A60000314600902846FFF749FF074B04461B6878
:10A6100040469847002818BF6FF01D04204602B03E
:10A62000BDE8F0813415002030150020C8B170B5A8
:10A6300004460C4B00F596751B6828469847204643
:10A64000FFF7DCFA20464FF49A71FDF753FC42F213
:10A650001072054BC4F820212846BDE870401B68E5
:10A6600018477047381500203C1500201C2370B592
:10A6700082B001A90546019300F032F8044638B9CA
:10A68000019B1C2B07D0144C1C212846FEF70EFC06
:10A69000204602B070BDD5E90112131E18BF012378
:10A6A000003918BF0121012628689B00EA6843EAA7
:10A6B0004103002818BF43F00103EE612AB9C5E940
:10A6C0000834002BE4D1054CDEE7204643F00803B4
:10A6D000C5E9083402B070BD370CF0000E0CF00074
:10A6E000034618B111B10A681C2A01D00120704735
:10A6F0004FF47F02D2F8101C01310CBF40F2DC5144
:10A70000D2F8101C4FF47F020160D2F8141C013102
:10A710000CBF40F2DC51D2F8141C4FF47F024160B0
:10A72000D2F8181C01310CBF40F63401D2F8181CC5
:10A730004FF47F028160D2F81C1C01310CBF40F63F
:10A740003401D2F81C1C4FF47F02C160D2F8001C07
:10A7500001310CBF9021D2F8001C4FF47F0201613F
:10A76000D2F8041C01310CBF5121D2F8041C4FF463
:10A770007F024161D2F8081C002001310CBF40F279
:10A780003732D2F8082C9A61704700BF4FF0000CA6
:10A7900010B583B20C0C4FEA104E88B203FB04F1E3
:10A7A00000FB03F300FB0EF00A0C02EB104204FB6B
:10A7B0000E220904000440184CEB0C01C01841F1B2
:10A7C0000001114410EB0C0010BD00BF92B2030C4D
:10A7D00002FB03F380B202FB00F002FB01F11A045A
:10A7E000801841EB134170472DE9F04F8FB01C46A4
:10A7F000189E09910A92002A00F070824FF0000A18
:10A8000006F5B25B8B0006F580670BF1140B0C9319
:10A81000331F0B93039706F5FE7305465746A04674
:10A820005E460093031FCDF834A003EB81094FF47B
:10A8300080611898FEF73AFB039C4FF400712046A4
:10A84000FEF734FB4FF0050B22462B681899DCB25B
:10A8500051F82400013041F8240003F07F0452F83D
:10A86000240080EAD31C1CF0010F0CBF023080F0E2
:10A87000010042F82400C3F3470451F824000130DA
:10A8800041F82400C3F3460452F8240080EA132C54
:10A890001CF0010F0CBF023080F0010042F82400D0
:10A8A000C3F3870451F82400013041F82400C3F3B6
:10A8B000860452F8240080EA532C1CF0010F0CBFD0
:10A8C000023080F0010042F82400C3F3C70451F8BD
:10A8D0002400013041F82400C3F3C60452F82400D8
:10A8E00080EA932C1CF0010F0CBF023080F00100B5
:10A8F00042F82400C3F3071451F82400013041F852
:10A900002400C3F3061452F8240080EAD32C1CF070
:10A91000010F0CBF023080F00100BBF1010B42F8C7
:10A9200024004FEA531392D1099A012A40F20E8172
:10A930002946AC46039A189851F8045F43EAC513B8
:10A940005FFA83FE50F82E40013440F82E4003F0A9
:10A950007F0E52F82E4084EAD31A1AF0010F0CBF72
:10A96000023484F0010442F82E40C3F3470E50F83D
:10A970002E40013440F82E40C3F3460E52F82E40CC
:10A9800084EA132A1AF0010F0CBF023484F0010488
:10A9900042F82E40C3F3870E50F82E40013440F8A1
:10A9A0002E40C3F3860E52F82E4084EA532A1AF042
:10A9B000010F0CBF023484F0010442F82E40C3F3AF
:10A9C000C70E50F82E40013440F82E40C3F3C60E97
:10A9D00052F82E4084EA932A1AF0010F0CBF023479
:10A9E00084F0010442F82E40C3F3071E50F82E40B5
:10A9F000013440F82E40C3F3061E52F82E4084EA7C
:10AA0000D32A1AF0010F0CBF023484F0010442F87B
:10AA10002E40C3F3471E50F82E40013440F82E401C
:10AA2000C3F3461E52F82E4084EA133A1AF0010F7F
:10AA30000CBF023484F0010442F82E40C3F3871E99
:10AA400050F82E40013440F82E40C3F3861E52F8D1
:10AA50002E4084EA5333DB072B464FF0050554BFE5
:10AA6000023484F0010442F82E405FFA83FE50F86D
:10AA70002E40013440F82E4003F07F0E52F82E4055
:10AA800084EAD31A1AF0010F0CBF023484F00104D7
:10AA900042F82E40C3F3470E50F82E40013440F8E0
:10AAA0002E40C3F3460E52F82E4084EA132A1AF0C1
:10AAB000010F0CBF023484F0010442F82E40C3F3AE
:10AAC000870E50F82E40013440F82E40C3F3860E16
:10AAD00052F82E4084EA532A1AF0010F0CBF0234B8
:10AAE00084F0010442F82E40C3F3C70E50F82E4004
:10AAF000013440F82E40C3F3C60E52F82E4084EACB
:10AB0000932A1AF0010F0CBF023484F0010442F8BA
:10AB10002E40C3F3071E50F82E40013440F82E405B
:10AB2000C3F3061E52F82E4084EAD32A1AF0010F0E
:10AB30000CBF023484F00104013D42F82E404FEA7C
:10AB4000531392D189457FF4F7AE65464FF0000A62
:10AB5000CDE90495CDE906670B9CCDF804A0CDF8AE
:10AB600008A0CDF8208089E0984200F08480A0EB16
:10AB7000030E1FFA8EF202FB02F29BB203FB0323C9
:10AB8000D4F800240BF1010BC2F34F0200FB02F2D8
:10AB9000934234BFD21A9A1A511C6CD000FB00F5B4
:10ABA000ED1A4FEA13484FEA15499BB2ADB205FBC7
:10ABB00008F103FB05F503FB09F3170C92B202FB46
:10ABC00007F64FEA134C0CEB114C07FB07F709FB98
:10ABD00008CC1B0402FB02F20904C9184AEB0A0361
:10ABE00049194FEA064543F10003360C11EB0A01FF
:10ABF0006D19634407EB460C4AEB0A07AA184FF499
:10AC0000803547F1000612EB0A0266449245B541D1
:10AC100007D2120C090C42EA064241EA0341360C03
:10AC20001B0C170C00FB07F792B200FB02F200FBB3
:10AC300006F63D04521946EB17468A429E411AD247
:10AC40004FEA0E42B2FBF0F243F6A8612F4B01FB34
:10AC5000023301F1B94101F5EC111B0C1A3102FB71
:10AC600003139B0B0EFB03F3019A9B180193029BAA
:10AC700043F100030293009BA3420FD054F8043F1A
:10AC8000D4F800229818934238BF1346B0F5803F9D
:10AC9000FFF46AAF1E480FB0BDE8F08FBBF1030FA1
:10ACA000DDF82080DDE90495DDE906671CD9019B0C
:10ACB000029A1B0C43EA02430D9A46F8043F1A44D9
:10ACC0000C9B01371D4499440A9B0D929F427FF4CF
:10ACD000AEAD44460D9BA3EB93130A9300200A9B51
:10ACE00023600FB0BDE8F08F0C9B01371D449944E1
:10ACF000002346F8043F0A9BBB427FF498AD0D9BAE
:10AD00004446A3EB93130A93E8E700BFC165DF262F
:10AD1000210CF100014608B54FF48060FEF722F8DF
:10AD20000022034BC3F8C821C3F82C2108BD00BF83
:10AD3000005084500138072805D8DFE800F0100ED5
:10AD4000040A0404040607487047CB6800204B62DD
:10AD500070478B6800204B6270474B68F6E70B68C2
:10AD6000F4E700BF310CF1000B6802E0082B0B6028
:10AD700006D8026A13424FEA4303F7D00020704717
:10AD800000487047310CF100014006D0002001F06E
:10AD9000010349081844FAD170470846704700BFBC
:10ADA000002310B5064C4FF48060C4F82C31C4F871
:10ADB000C431FDF7B7FF4FF0FF33C4F8083110BDC1
:10ADC00000508450012BF8B516461DD010221D46A8
:10ADD0000C46FEF763F8E8B1AF1E1022314604EBD3
:10ADE0000710FEF75BF8A8B1022D0BDD002507E088
:10ADF00020461034102221460135FEF74FF848B1A5
:10AE0000AF42F5D10020F8BD10223146FEF746F8DA
:10AE10000028F7D10048F8BD020CF0002DE9F04100
:10AE2000002482B015461E4601220DF10703074695
:10AE3000DDF824808DF8074001F0D8F9D0B99DF8ED
:10AE4000073004462F602B71B8F1000F0ED04EB1C1
:10AE50000246089930460DF1070301F0C7F948B9D9
:10AE60009DF80730C8F8006088F80430204602B02A
:10AE7000BDE8F0814FF47504204602B0BDE8F081D2
:10AE8000D8B108B50368012B04D0022B0FD043B111
:10AE90000B4808BD20220B490830FEF701F80020BE
:10AEA00008BD142208490830FDF7FAFFF7E7202211
:10AEB00006490830FDF7F4FFF1E74FF473007047DF
:10AEC0000100F3003CEE03007CEE03005CEE0300A7
:10AED0002DE9F047002900F0EB800446002800F03F
:10AEE000EB80036888469146002B00F0B580013B5B
:10AEF000012B00F2C9804FF0FF3171484FF0020A78
:10AF0000FDF7ECFF002840F0B1800020FEF71CF8B0
:10AF10000746002840F0B4806A4DD5F81069002E2D
:10AF2000FBD14FF0FF30FDF7FDFED5F8040A20F409
:10AF30000060FDF70BFF01230722C5F81838C5F89C
:10AF40002038C5F80029C5F8C437C5F8A466A36C35
:10AF5000C5F8CC37E36CC5F8D037C5F8C0A723686F
:10AF60005BB1013B012B18D8636AC5F85C36236AD4
:10AF7000C5F85836E369C5F85436A269514BC3F891
:10AF800050266269C3F84C262269C3F84826E26855
:10AF9000C3F84426A268C3F84026B9F1000F56D082
:10AFA00063684FF40060012B04BF464AC2F8843640
:10AFB00098F80430D8F80010424A5B0003F002030E
:10AFC000C2F80C3BC2F8281CC2F82C9CFDF7C4FE4A
:10AFD0000746236863B1013B012B19D8394BD3F8DD
:10AFE0005C266262D3F858262262D3F85436E361B5
:10AFF000344BD3F85026A261D3F84C266261D3F8C3
:10B0000048262261D3F84426E260D3F84036A36094
:10B01000002201212B4BD3F8CC07A064D3F8D00732
:10B02000E064C3F8C417C3F88426C3F8C827C3F87C
:10B030001828C3F82028AFBB0120FDF785FF68BBA7
:10B040001F48FDF753FF18BB3846BDE8F0870422C0
:10B050001C4BC3F8C827BCE74FF0FF3118484FF02E
:10B06000010AFDF73BFF00283FF44FAF1648FCF7FD
:10B070008BFD0020FDF768FF074600283FF44CAF2A
:10B080001248FCF781FD47E7114F3846BDE8F087CD
:10B090001048FCF779FD3846BDE8F0870E48FCF70C
:10B0A00073FDCDE7102104F10800FDF7FFFEC3E7B3
:10B0B0000A4F3846BDE8F0874FF47307C4E700BF76
:10B0C0002C1500200050845014ED03002CED0300DB
:10B0D0000100F3006CED03004CED03000300F300EE
:10B0E000A0B3034670B4D0E90240D3E9041226BAF3
:10B0F00005BA0CBA10BAC3E90440D3E90612986A3B
:10B1000009BAC3E9026512BA996100BAD3E90841E4
:10B1100025BA0CBAC3E90725D3E90B12C3E90940E4
:10B1200009BAD86B12BAD962D3E90D4125BAC3E97D
:10B130000C250CBA00BAD3E9101209BA12BAC3E945
:10B140000E40196400205A6470BC70474FF47300BD
:10B15000704700BF70B500284DD0436B0446032BE9
:10B160003CDD063B012B3BD8A36B012B3BD8E36DA9
:10B17000012B3DD8236E012B41D8224ED6F8105911
:10B18000002DFBD14FF0FF30FDF7CCFDD6F8040ABF
:10B1900020F40060FDF7DAFD0123C6F80039C6F897
:10B1A000BC54636B23F00402032A18BFA16B226B0B
:10B1B0000CBF294601F00101022A17D89B0003F0B9
:10B1C0001C0343EA02330F4A0B43C2F8C034636BDB
:10B1D000072B06D10123C2F87C3402E0002BC3DA2E
:10B1E000094D284670BD094D284670BD084DF8E749
:10B1F000084D284670BD4FF47105284670BD064DB8
:10B20000EFE700BF005084500100F1000200F100A0
:10B210000600F1000300F1000400F10000287DD0D9
:10B2200038B590F83C300446002B55D0022B23D083
:10B230003C483D4D2A683D4B1268C3F800242A68FB
:10B240005268C3F804242A689268C3F808242A685C
:10B25000D268C3F80C242A681269C3F810242A683B
:10B260005269C3F814242A689269C3F818242A681A
:10B27000D269C3F81C2438BD016B006C00F0C6FB1A
:10B28000294D0028D6D12A68284B1268C3F800241B
:10B290002A685268C3F804242A689268C3F808240C
:10B2A0002A68D268C3F80C242A681269C3F81024EB
:10B2B0002A685269C3F814242A689269C3F81824CA
:10B2C0002A68D269C3F81C24216B206C00F042FC70
:10B2D0000028AFD1002038BD0269144BC3F8002408
:10B2E0004269C3F804248269C3F80824C269C3F818
:10B2F0000C24026B013A012AECD8026AC3F810242C
:10B30000426AC3F81424026B022AE3D1826AC3F8AA
:10B310001824C26A0020C3F81C24DCE74FF4710033
:10B32000704700BF0900F100141500200050845040
:10B33000114A124B11680968C3F800141168496872
:10B34000C3F8041411688968C3F808141168C9683F
:10B35000C3F80C1411680969C3F81014116849691D
:10B36000C3F8141411688969C3F818141268D269F3
:10B37000C3F81C24704700BF1415002000508450EF
:10B380002DE9F04F85B0002958D01746002A55D036
:10B390000446002800F0DC809846C36D0E46002B62
:10B3A00042D1B8F5805F44D294F83C30042B00F0D1
:10B3B000C7804FF0000A4FF0FF31B548FDF78EFD12
:10B3C000002840F0B9800020FDF7BEFD002840F0C5
:10B3D000AF804FF00109DFF8BCB22046CBF81098DF
:10B3E000CBF82098FFF7B6FE054620B92046FFF7B8
:10B3F00015FF054638B3BAF1000F40F085800022F2
:10B40000A44B0120C3F81028C3F82028FDF79CFDA9
:10B41000002840F089809E48FDF768FD00287CD117
:10B42000284605B0BDE8F08F012BBDD1B8F5803FAF
:10B43000BAD3994D284605B0BDE8F08F974D284600
:10B4400005B0BDE8F08F636B072B00F2CA8009FAE4
:10B4500003F919F08A0F40F0D38019F0440F40F03F
:10B46000C28019F0010F00F0BC8033793A795B009B
:10B4700002F0010203F002031343864A3168386880
:10B48000C2F80C3B636B23F00403032B0AD0236E3A
:10B49000012B0BBFC2F8280DC2F8300DC2F82C8D5D
:10B4A000C2F8348DE36D4FF40060012B794B0BBF74
:10B4B000C3F8281CC3F8301CC3F82C8CC3F8348C98
:10B4C000FDF74AFC0546002895D1626B072A15D87E
:10B4D0000123934013F08A0F40F09F8013F0440F34
:10B4E0000CD06C4BD3F860242260D3F864246260E3
:10B4F000D3F86824A260D3F86C34E3600123A36519
:10B50000BAF1000F3FF47BAF0423202104F11000B7
:10B5100084F83C30FDF7CAFC71E76148FCF734FB66
:10B52000284605B0BDE8F08F5E48FCF72DFB72E7BA
:10B530005D48FCF729FB4CE75C48FCF725FB42E73C
:10B54000216B206C00F04CFA28B14FF0010A32E771
:10B550004FF4710564E7DFF858914E4DD9F800308B
:10B560001B68C5F80034D9F800305B68C5F80434AE
:10B57000D9F800309B68C5F80834D9F80030DB688A
:10B58000C5F80C34D9F800301B69C5F81034D9F867
:10B5900000305B69C5F81434D9F800309B69C5F8F0
:10B5A0001834D9F80030DB69C5F81C34216B022946
:10B5B000CBD8236D4FEAC10A0193E36C0AF1100A5C
:10B5C00004F1100B0093CDF80CA0CDF808B0206C5E
:10B5D000D4E9112300F0BEFB68BB002384F83C30A3
:10B5E000B3E7344D07E72368CBF860346368CBF8E2
:10B5F0006434A368CBF86834E368CBF86C3434E780
:10B600002368CBF840346368CBF84434A368CBF8A4
:10B610004834E368CBF84C3427E71E4BD3F840247A
:10B620002260D3F844246260D3F84824A260D3F89F
:10B630004C34E36062E7D9F8003051461B68584645
:10B64000C5F80034D9F800305B68C5F80434D9F87F
:10B6500000309B68C5F80834D9F80030DB68C5F8BD
:10B660000C34D9F800301B69C5F81034D9F8003013
:10B670005B69C5F81434D9F800309B69C5F81834F3
:10B68000D9F80030DB69C5F81C34FDF70FFCA4E7DE
:10B690002C150020005084500500F1000B00F10033
:10B6A0006CED03004CED03002CED030014ED0300E2
:10B6B000141500200100F1002DE9F04701B3FAB1A3
:10B6C0000446002854D01D46436B0E46072B1BD062
:10B6D0005DB9032B10D1836D73B945668566C56668
:10B6E0000567102500F164030B602B4631462046A8
:10B6F000BDE8F047FFF744BE2F463846BDE8F08767
:10B70000644F3846BDE8F087C36DA3BBB5F5805FD5
:10B7100036D20DB9A36D9BBB4FF0FF315E48FDF7EC
:10B72000DDFB00284CD10020FDF70EFC002843D1A2
:10B730004FF00108DFF864912046C9F81088C9F875
:10B740002088FFF707FD0746E0B10022534B012098
:10B75000C3F81028C3F82028FDF7F6FB40BB4E487D
:10B76000FDF7C4FB0028C8D04D48FCF70DFAC4E72C
:10B770004FF47107C1E7012BCBD1B5F5803FC8D39A
:10B78000484FBAE72046FFF749FD07460028DCD1BD
:10B79000636B072B0AD808FA03F818F08A0F13D145
:10B7A00018F0440F5AD118F0010F19D13E4FCCE7D1
:10B7B0003E48FCF7E9F9D2E73D48FCF7E5F9B7E781
:10B7C0003C48FCF7E1F9AEE72368C9F84034636808
:10B7D000C9F84434A368C9F84834E368C9F84C345C
:10B7E00001212E4AC2F87C14C2F8BC543379306867
:10B7F0008B4003F00203C2F80C3BE5B9A36D0BB913
:10B80000C2F82415626B072A9FD80123934013F0D6
:10B810008A0F30D113F0440F97D0204BD3F8602417
:10B820002260D3F864246260D3F86824A260D3F85D
:10B830006C34E36089E7E36D012B0BBFC2F8280C81
:10B84000C2F8300CC2F82C5CC2F8345C4FF40060D3
:10B85000FDF782FA0028D5D0074676E72368C9F8B5
:10B8600060346368C9F86434A368C9F86834E3686D
:10B87000C9F86C34B4E7094BD3F840242260D3F8FC
:10B8800044246260D3F84824A260D3F84C34E360C7
:10B890005BE700BF0B00F1002C1500200050845026
:10B8A0006CED03000500F1000100F1004CED030018
:10B8B0002CED030014ED03007F2854D8F0B50126C9
:10B8C0002C4D4FEAC00E441C0EF57F0CC5F8004508
:10B8D0000CF5044CC5F80465DCF8004001343AD19D
:10B8E000D5F80044E407FBD5CCF80010BFF35F8F18
:10B8F000DCF80040A1422CD11F4EC3EB00100644DF
:10B900001C481C1F0C333519296854F8047F013179
:10B9100021D1D0F80014C907FBD52F60BFF35F8F8A
:10B9200029688F4215D19C42EDD1144870440368B8
:10B93000013310D10F49D1F80034DB07FBD5026089
:10B94000BFF35F8F03689A4211D1D1F80C34012BF9
:10B950000BD00B4800E00B480022064BC3F804252F
:10B96000C3F80025F0BD084870470020F4E70748F9
:10B97000F2E700BF009003500488FF000484FF003A
:10B98000E38FFFFFE58FFFFFE68FFFFFE28FFFFFF3
:10B9900001393F290AD848B133B13AB1412B34BFFC
:10B9A00000206FF002007047184670476FF00200E9
:10B9B000704700BFC02903460ED0B1F5807F03D089
:10B9C000802905D005487047022200201A60704780
:10B9D000002200201A6070470122F6E70300F700FA
:10B9E0007F2809D851B10139022909D805497F2892
:10B9F0000CBF084600207047024870470846704751
:10BA0000014870470100F7000300F7007F2809D8BC
:10BA100051B10139022909D805497F280CBF0846D0
:10BA20000020704702487047084670470148704739
:10BA30000100F7000300F700024A0348002908BF8D
:10BA4000104670470100F7000300F7007E28F8B5A4
:10BA500051D80546012400F059FA0022354B364FE3
:10BA60004FEAC50C28190CF57F01C7F8004501F510
:10BA70000441C3F80821C3F80021C3F80421C3F826
:10BA800000052E4E0968B14238D11C6001E0002942
:10BA900040D1D3F80021D3F80841D3F80411224350
:10BAA000F5D0002C3CD1A9BB0120234AC3F80015D6
:10BAB0000235C2F80005224AC3F80811C3F8001184
:10BAC000C3F80411C3F8005552F80C401D4A9442C3
:10BAD0002BD1184A186000E0E4B9D2F80031D2F84E
:10BAE0000811D2F804410B43F6D071B994B9C2F8E9
:10BAF00000452046F8BD144C2046F8BD134CC3F851
:10BB0000002500F003FA2046F8BD00230E4CC2F8D1
:10BB10000035F6E70022074B0D4CC3F80025F0E78F
:10BB20000022094CC3F80025EBE7084CC3F80015C8
:10BB3000E7E700BF009003500040845088538450D2
:10BB40000884FF00985384500100F7000600F700B6
:10BB50000200F7000129F0B407D0022900F0898023
:10BB600000295AD07248F0BC70470022714C724BC9
:10BB70004FEAC00CC4F80015451C0CF57F04C3F84F
:10BB8000082104F50444C3F80021C3F80421C3F8D4
:10BB900000556A4E2468B44240F0B380196002E058
:10BBA000002940F0B580D3F80021D3F80841D3F83C
:10BBB00004112243F4D0002C40F0B180002940F061
:10BBC000A78001245B4AC3F800150230C2F8004583
:10BBD0005B4AC3F80811C3F80011C3F80411C3F895
:10BBE000000552F80C00574A904240F08E80524AAD
:10BBF0001C6002E0002840F08B80D2F80031D2F8BF
:10BC00000811D2F804010B43F4D0002940F08C80D5
:10BC100000287DD1C2F8000528E00124464BC2006F
:10BC2000444E204402F57F02C6F8004502F5044266
:10BC3000C3F80811C3F80011C3F80411C3F80005D4
:10BC40003E4D1268AA4260D11C6001E000285FD11D
:10BC5000D3F80021D3F80811D3F804010A43F5D032
:10BC600000295CD1002853D1C3F800050020F0BCA6
:10BC7000704701250022304B2E4F4FEAC00C44196B
:10BC80000CF57F01C7F8005501F50441C3F8082100
:10BC9000C3F80021C3F80421C3F80045274E096802
:10BCA000B1422ED11D6000E091BBD3F80021D3F842
:10BCB0000841D3F804112243F6D084BB41BB0124D0
:10BCC0001C4AC3F800150230C2F800451C4AC3F8EC
:10BCD0000811C3F80011C3F80411C3F8000552F8A5
:10BCE0000C00184A904210D1134A1C6000E078B949
:10BCF000D2F80031D2F80811D2F804010B43F6D083
:10BD000083E7C3F8002510482DE7C3F80015FAE7CC
:10BD10000022094B0D48C3F80025F0BC70470022F3
:10BD2000C3F800250A481EE70023C2F80035F9E7EA
:10BD30000C00F100004084500090035000548450E7
:10BD40000884FF00105484500600F7000200F7003A
:10BD50000100F7002DE9F0470024CCB08246894667
:10BD60001646214674220EA81F46579DDDF85881BD
:10BD7000FAF781FA802221462CA82B94FAF77BFA55
:10BD80008423B5F57F6FCDE90A440D940C94059397
:10BD900064D8FFF7CDFA05AB30462BAE0193394698
:10BDA000DDE954230295009600F048F9002850D1AF
:10BDB000022307228DF813309DF813301B928DF863
:10BDC000743000220123012410211C900EA8CDE91B
:10BDD0002423CDF86890CDF878A02694FDF766F876
:10BDE00010220DF120090092304605990AABCDF8DA
:10BDF000049006AAFFF712F8074688B11EE0102D3E
:10BE00002E4628BF10260EA93246FDF749F810210C
:10BE10000EA8FDF74BF80134AD1B3744E4B222D035
:10BE2000059B4A4606A90EA88DF8AC40FFF744FCD6
:10BE3000034608EB0700002BE1D01F460EA8742232
:10BE40000021FDF731F8FFF773FA38464CB0BDE832
:10BE5000F087064F38464CB0BDE8F087044F3846AF
:10BE60004CB0BDE8F0872F46E8E700BF0E00F100B8
:10BE70000F00F10070B584B00B9D099CB5F57F6F84
:10BE80000DD803F1FF3CBCF13F0F10D87AB154B983
:10BE9000C02917D0B1F5807F10D080290AD06FF06B
:10BEA000010004B070BD089E0EB1402CF0D96FF0B7
:10BEB0000200F6E77F2820D8002108E07F281CD860
:10BEC000022102E07F2818D801217F2815D0039590
:10BED0000A9DCDE90145089C0094FFF73BFF00282F
:10BEE000DFD0094B9842DAD00133984208D0023BA8
:10BEF000984202D06FF00500D3E74FF0FF30D0E753
:10BF00006FF00400CDE700BF0D00F1000D4A0E4BAD
:10BF100012681168C3F888135168C3F88C139168CC
:10BF2000C3F89013D168C3F894131169C3F8981338
:10BF30005169C3F89C139169C3F8A013D269C3F87F
:10BF4000A4237047101500200050845082B010B513
:10BF500084B006AC042984E80C0005D0002004B0AD
:10BF6000BDE8104002B0704790B1DDE90A13944675
:10BF70002024CDE90130DDE90823009160460799CE
:10BF80000394FFF777FF04B0BDE8104002B070479C
:10BF90004FF47600E3E700BF82B08DE80C0018B3E1
:10BFA00031B1042904D0022922D0134802B07047CD
:10BFB0000268124B02B0C3F888234268C3F88C238E
:10BFC0008268C3F89023C268C3F894230269C3F857
:10BFD00098234269C3F89C238269C3F8A023C269ED
:10BFE0000020C3F8A42370474FF4760002B07047D6
:10BFF000104602B0FFF72ABD0700F600005084503B
:10C0000082B008B50DF1080C8CE80C0070B159B184
:10C01000042906D0022907D00748BDE8084002B02D
:10C0200070472021FCF742FF0020F6E74FF476002E
:10C03000BDE8084002B070470700F6002DE9F04166
:10C04000002482B00A9D0194B5F57F6F40D8ED00C1
:10C05000B5F5807F1E4634BF0323042301F1FF3C66
:10C06000BCF13F0F0C46009332D888B3174666BB2D
:10C07000089A6AB3099A116851B3A21913449942F4
:10C0800026D3089B01462246581CFCF709FF089B53
:10C0900004F102081C440023637026BB089BFF2D9B
:10C0A000009503EB080017D92B029BB243EA152336
:10C0B000022201A90193FCF7F3FE08F1020300201C
:10C0C000099A136002B0BDE8F0810AB1402ECFD9C1
:10C0D000094802B0BDE8F08101226946FCF7E0FEA4
:10C0E00008F10103EBE7089B324603EB08003946F1
:10C0F000FCF7D6FEB044D1E7060000802DE9F04100
:10C10000A4B02A9D002A5CD0002D5FD01C46053BC0
:10C110007F2B51D81646002838D0012830D1042270
:10C1200002238DF854201293072200234FF01008A9
:10C130000121CDE91323002201231E9106A84146C7
:10C140000DEB0807CDE91C23FCF7B0FE30462B466B
:10C150002146CDE9008702AAFEF760FE38BB2346E0
:10C160003A4602A906A8FFF7A7FA0446F8B94246DC
:10C17000284606A9FCF794FE204624B0BDE8F081CD
:10C180004FF00044204624B0BDE8F0814A68102AF0
:10C1900004D0182A1CD0202A1CD10220002312907F
:10C1A00009680AA88DF85430FCF77AFEBCE70A4CFF
:10C1B000204624B0BDE8F081084C204624B0BDE8FC
:10C1C000F081074C204624B0BDE8F081054CD9E74A
:10C1D0000120E3E7044CD5E7050000800200008061
:10C1E00001000080030000800D0000800020187016
:04C1F000704700BFD5
:08C1F400BCB3FF7F0100000055
:10C1FC00D96200000000000071CB000000000000BC
:10C20C0097CD00000000000005D1000000000000E8
:10C21C00E1D20000000000001D7A000000000000C8
:10C22C00973D02001CC3030091E4020000000000D3
:10C23C00B5E50200000000007150020044C3030089
:10C24C007150020030C303009B7203000000000019
:10C25C000371030058C30300697103006CC303002E
:10C26C008972020080C303001D61020094C30300A5
:10C27C00A9400200000000000D6F02000000000049
:10C28C009DDF00000000000035630000000000008E
:10C29C00F183000000000000D3550200A8C3030086
:10C2AC009F7203000000000045F502000000000032
:10C2BC00CD440200BCC30300EB7A0000D0C30300E2
:10C2CC00B95B020020C403001D370200E4C3030065
:10C2DC00CD5202000CC40300BD4A0200F8C3030097
:10C2EC00A9DE00000000000035E1000000000000A5
:10C2FC00BD380200000000008D63020034C403004E
:10C30C007D64000000000000AF6C03000000000022
:10C31C0087220400D8DD030008DE0300441500204A
:10C32C00044B00206D250400ACDF0300CCDF0300C0
:10C33C004E150020E44B002079250400BCDF0300DF
:10C34C00CCDF030050150020F04B0020C12204006C
:10C35C000000000024DE0300461500200000000051
:10C36C00D0220400000000002CDE03004815002041
:10C37C0000000000C02A040018E303002CE30300B3
:10C38C005C150020944C0020A328040098E10300C5
:10C39C00CCE1030058150020E0120020F427040023
:10C3AC00D8120020D4E0030054150020FC4B0020D0
:10C3BC00D0240400E8DE03004CDF03004A15002003
:10C3CC000C1200208CF40300F009002058C9030063
:10C3DC0040150020B81E0020DF1F040000000000E4
:10C3EC0038DD030042150020000000004C2504003D
:10C3FC000000000098DF03004C1500200000000036
:10C40C00E926040034E0030074E003005215002018
:10C41C00901200206D28040024E1030078E1030051
:10C42C0056150020844C0020A92A0400A4E2030025
:0CC43C0010E303005A1500201413002028
:10C44800000000008DAB0000000000008DAB000074
:10C45800000000008DAB0000000000008DAB000064
:10C46800000000008DAB0000ED7B0200AD750200FE
:10C47800000000008DAB0000000000008DAB000044
:10C4880094C303005D600200D3AA0200AD750200E8
:10C49800F1A30200AD750200000000008DAB0000A2
:10C4A800000000008DAB0000D5870200AD750200CA
:10C4B800E4C3030061370200000000008DAB0000F8
:10C4C800000000008DAB0000000000008DAB0000F4
:10C4D800000000008DAB0000000000008DAB0000E4
:10C4E800000000008DAB000000000000A96F0200F2
:10C4F800000000008DAB0000000000008DAB0000C4
:10C50800BDAD0200AD750200000000008DAB00005B
:10C51800000000008DAB0000000000008DAB0000A3
:10C52800000000008DAB0000000000008DAB000093
:10C53800000000008DAB0000000000008DAB000083
:10C54800000000008DAB0000000000008DAB000073
:10C55800000000008DAB0000000000008DAB000063
:10C56800000000008DAB0000000000008DAB000053
:10C57800000000008DAB0000000000008DAB000043
:10C58800000000008DAB0000000000008DAB000033
:10C598008D8A0200AD750200D99B0200AD750200BC
:10C5A800000000008DAB0000000000008DAB000013
:10C5B800000000008DAB0000000000008DAB000003
:10C5C800000000008DAB0000000000008DAB0000F3
:10C5D800000000008DAB0000000000008DAB0000E3
:10C5E800000000008DAB0000000000008DAB0000D3
:10C5F800000000008DAB0000000000008DAB0000C3
:10C60800000000008DAB0000000000008DAB0000B2
:10C61800000000008DAB0000000000008DAB0000A2
:10C62800000000008DAB0000000000008DAB000092
:10C63800000000008DAB0000000000008DAB000082
:10C64800000000008DAB0000000000008DAB000072
:10C65800000000008DAB0000000000008DAB000062
:08C66800000000008DAB000092
:10C67000050000008123010000000000060000000A
:10C680009977010000000000040000006D320100F5
:04C6900000000000A6
:10C6940070D603000800000030D803000700000033
:10C6A400692C040000000000742C04000000000049
:10C6B4007E2C0400000000008A2C0400000000000E
:10C6C400932C0400000000009D2C040000000000D6
:10C6D400A72C040000000000E81F04000300000071
:10C6E400D10B0400030000005114040003000000F7
:10C6F400B90F0400030000002D1C04000300000017
:10C70400B4FE030003000000DC0C0400030000007E
:10C71400781704000300000046080400030000002A
:10C724007922040003000000360C0400030000001A
:10C73400320B040003000000251C04000300000069
:10C74400611104000300000036FE03000300000032
:10C75400F50B0400030000001E1C0400030000008D
:10C7640011F0030003000000B322040003000000E2
:10C77400ED2A040003000000632504000300000008
:10C784006FF303000300000085250400030000008C
:10C79400F22604000300000080F4030003000000FC
:10C7A400CFF4030003000000D3F4030003000000EF
:10C7B40098F503000300000065EF03000400000087
:10C7C400FF2704000300000029FB0300030000000E
:10C7D400371C0400030000003F1C04000300000099
:10C7E400101D0400000000004E1C040000000000A6
:10C7F400F01C040000000000661E0400000000009D
:10C80400041E0400000000005D1C04000000000081
:10C81400171E0400000000000F1E040000000000AA
:10C82400F81C040000000000541E04000000000076
:10C83400091D0400000000005E1E0400000000004A
:10C84400C21C040000000000BAFD03000300000045
:10C8540037350400030000007728040003000000BB
:10C86400DD24040003000000CAF5030003000000F7
:10C87400F2F1030003000000B22A040003000000E8
:10C8840022F2030003000000AD28040003000000AE
:08C89400CF2A0400030000009C
:10C89C005CCA0300883A002087F503000100000001
:10C8AC007117040000000000CD46010000000000DC
:04C8BC000000000078
:10C8C0000338FDD870470000000000006FC75E10FD
:10C8D000DE8EBD20B149E330BC1D7B41D3DA25514A
:10C8E0006293C6610D549871783BF68217FCA8924A
:10C8F000A6B54BA2C97215B2C4268DC3ABE1D3D382
:10C900001AA830E3756F6EF3000000006410B71DC5
:10C91000C8206E3BAC30D9269041DC76F4516B6B6D
:10C920005861B24D3C7105502083B8ED44930FF02F
:10C93000E8A3D6D68CB361CBB0C2649BD4D2D386E5
:10C9400078E20AA01CF2BDBDCD3D0000333E0000E0
:10C9500000000000D53D0000C17B0000717D00009B
:10C96000877E0000D57E0000B57F00002979000099
:10C970009D79000031790000637900004D79000055
:10C9800037790000F1B3020006000000000000004B
:10C99000000000004F8100003F8100004B8100003B
:10C9A0003D810000000000000000000000000000C9
:10C9B000000000002D810000358E00000000000006
:10C9C0000000000000000000756E6F726465726503
:10C9D000645F6E6F74696679000000006C3A002035
:10C9E000090000000100000099860000603A002064
:10C9F0000900000001000000A18600000000000006
:10CA000067F503006FF50300000000000000000060
:10CA10000000000077F503007BF503007FF50300BD
:10CA200083F503001B5B313B33316D2D2D2D200031
:10CA3000206D657373616765732064726F707065D4
:10CA400064202D2D2D0D0A1B5B306D00918F000091
:10CA5000903A00209C3A0020010000006D8F0000F9
:10CA600000000000578F0000558F000000000000FC
:10CA7000498F00000000000073657474696E67736D
:10CA80005F6663625F6C6F61645F7072697600738A
:10CA9000657474696E67735F6663625F636865631C
:10CAA0006B5F6475706C6963617465007365747441
:10CAB000696E67735F6663625F636F6D70726573E3
:10CAC00073000000F59A000000000000019B0000C8
:10CAD0000000000089990000030000000000000031
:10CAE0000000000000800F00F8C3030001000000F8
:10CAF00000800F0000200000F8C3030002000000C7
:10CB000000A00F0000600000F8C30300637C777B87
:10CB1000F26B6FC53001672BFED7AB76CA82C97D39
:10CB2000FA5947F0ADD4A2AF9CA472C0B7FD9326CA
:10CB3000363FF7CC34A5E5F171D8311504C723C3CE
:10CB40001896059A071280E2EB27B27509832C1A12
:10CB50001B6E5AA0523BD6B329E32F8453D100ED6C
:10CB600020FCB15B6ACBBE394A4C58CFD0EFAAFB50
:10CB7000434D338545F9027F503C9FA851A3408F18
:10CB8000929D38F5BCB6DA2110FFF3D2CD0C13EC30
:10CB90005F974417C4A77E3D645D197360814FDCC5
:10CBA000222A908846EEB814DE5E0BDBE0323A0AA9
:10CBB0004906245CC2D3AC629195E479E7C8376D2D
:10CBC0008DD54EA96C56F4EA657AAE08BA78252E52
:10CBD0001CA6B4C6E8DD741F4BBD8B8A703EB566DB
:10CBE0004803F60E613557B986C11D9EE1F89811CC
:10CBF00069D98E949B1E87E9CE5528DF8CA1890DBB
:10CC0000BFE6426841992D0FB054BB1600000000EA
:10CC10000000000100000002000000040000000805
:10CC20000000001000000020000000400000008014
:10CC30000000001B00000036982F8A429144377193
:10CC4000CFFBC0B5A5DBB5E95BC25639F111F1598F
:10CC5000A4823F92D55E1CAB98AA07D8015B8312D1
:10CC6000BE853124C37D0C55745DBE72FEB1DE807D
:10CC7000A706DC9B74F19BC1C1699BE48647BEEFAC
:10CC8000C69DC10FCCA10C246F2CE92DAA84744A37
:10CC9000DCA9B05CDA88F97652513E986DC631A8AD
:10CCA000C82703B0C77F59BFF30BE0C64791A7D58C
:10CCB0005163CA0667292914850AB72738211B2E14
:10CCC000FC6D2C4D130D385354730A65BB0A6A76FC
:10CCD0002EC9C281852C7292A1E8BFA24B661AA808
:10CCE000708B4BC2A3516CC719E892D1240699D618
:10CCF00085350EF470A06A1016C1A419086C371E91
:10CD00004C774827B5BCB034B30C1C394AAAD84E6E
:10CD10004FCA9C5BF36F2E68EE828F746F63A578A9
:10CD20001478C8840802C78CFAFFBE90EB6C50A43C
:10CD3000F7A3F9BEF27871C60000000009A8000050
:10CD4000940A00208C0A0020840A002000000000C1
:10CD50007C0A00204DA900001DA8000071A8000059
:10CD6000E5A800000000002000000000060001000F
:10CD700075C000006DC000007DC00000D1BD000086
:10CD80000000000010FC030017FC030021FC03005E
:10CD900026FC03003AFC030050FC030058FC03008F
:10CDA00062FC030077FC0300000000007EFC03002F
:10CDB0000000000097FC0300A3FC0300AFFC03008D
:10CDC00000000000BAFC0300CFFC0300D9FC030004
:10CDD000E8FC0300F0FC0300FFFC03000FFD030070
:10CDE00024FD03003CFD030055FD03006BFD030023
:10CDF0000000000083FD0300000000009BFD030015
:10CE00000000000000000000000000000000000022
:10CE1000000000000200000001000000010000000E
:10CE20000200000028CE030000000000ABFD03005C
:10CE300002000000E0FF0F0000000020B3FD03002F
:10CE400021000000E0FF06201CDC030050CE0300A0
:10CE50004700000038EC00201CDC030060CE03001B
:10CE60004A0000003CE900201CDC030070CE0300F7
:10CE70002E000000F0E700201CDC030080CE030041
:10CE80000800000088E7002063070400680704002A
:10CE90006C0704007007040074070400780704009E
:10CEA000E42C04007C0704008007040084070400CD
:10CEB000880704008C07040090070400940704000E
:10CEC00072785F71756575655F7075740068616E05
:10CED000646C655F6576656E745F636F6D6D6F6EB4
:10CEE0000068616E646C655F6576656E740068638A
:10CEF000695F61636C000000FF0100006D080000C5
:10CF00003E0100008D0C0000050400001D0D000016
:10CF100008040000151E000030030000651D00001D
:10CF200010010000AD0C000072785F776F726B5FCC
:10CF300068616E646C657200020100008902010084
:10CF4000011200005B1C00000A1E0000551C0000BE
:10CF5000030900009D110000040B0000290E0000D1
:10CF6000060A00008D210000070A0000990D00004C
:10CF70000C050000E10D0000050C00006120000020
:10CF800008410000290A010009210000950A01005A
:10CF90006863695F68617264776172655F65727208
:10CFA0006F72006863695F646174615F6275665F78
:10CFB0006F766572666C6F77006863695F6469732A
:10CFC000636F6E6E5F636F6D706C657465006C652A
:10CFD0005F646174615F6C656E5F6368616E6765F5
:10CFE000006C655F7068795F7570646174655F631C
:10CFF0006F6D706C657465006C655F72656D6F74E4
:10D00000655F666561745F636F6D706C6574650004
:10D010006863695F636D645F646F6E650068636910
:10D020005F6E756D5F636F6D706C657465645F7066
:10D0300061636B657473006C655F636F6E6E5F75C3
:10D0400070646174655F636F6D706C6574650062B8
:10D05000745F6863695F636D645F73656E645F735B
:10D06000796E63006863695F6C655F726561645FB8
:10D070006D61785F646174615F6C656E00010204CC
:10D080006C655F636F6E6E5F636F6D706C6574650A
:10D090005F6164765F74696D656F7574006C655F60
:10D0A000636F6E6E5F636F6D706C6574655F6361F7
:10D0B0006E63656C0062745F6863695F6C655F6571
:10D0C0006E685F636F6E6E5F636F6D706C657465C5
:10D0D00000636F6E6E5F6175746F5F696E6974690E
:10D0E00061746500000909090901020909090909B2
:10D0F00009090909090907090909090906090909A5
:10D1000009090909090909090909090909056863DA
:10D11000695F656E63727970745F6B65795F726564
:10D1200066726573685F636F6D706C6574650068C7
:10D1300063695F656E63727970745F6368616E675F
:10D14000650062745F6863695F636D645F73656ED9
:10D15000640062745F6863695F686F73745F6E75A3
:10D160006D5F636F6D706C657465645F7061636B38
:10D17000657473006C655F6C746B5F726571756567
:10D180007374006C655F6C746B5F7265706C7900B2
:10D190006C655F6C746B5F6E65675F7265706C79F0
:10D1A000006C655F636F6E6E5F706172616D5F6E64
:10D1B00065675F7265706C79006C655F636F6E6E3A
:10D1C0005F706172616D5F7265710073656E645F3F
:10D1D000636D640070726F636573735F6576656E0F
:10D1E000747300000E030000291000000F040000FB
:10D1F000FD0F00001A010000E90C0000050400000A
:10D20000AF080000130100005910000062745F7243
:10D210006563760062745F6465765F73686F775FDD
:10D22000696E666F007365745F666C6F775F636FBE
:10D230006E74726F6C006C655F696E697400686310
:10D24000695F696E6974006863695F76735F696EB0
:10D2500069740000EE0704000C0804001E080400B6
:10D2600033080400EE070400F7070400FE0704007B
:10D270000508040098070400B6070400D10704005D
:10D28000E107040062745F656E61626C6500627440
:10D290005F64697361626C650062745F6C655F7383
:10D2A00065745F6368616E5F6D6170001CDC030014
:10D2B000B4D203004700000040F00020646F5F73A9
:10D2C000656E645F667261670062745F61636C5F64
:10D2D000726563760062745F636F6E6E5F73656E16
:10D2E000645F63620062745F636F6E6E5F73656E2E
:10D2F000645F69736F5F636200000000480F0400A1
:10D30000550F0400690F0400790F0400890F040011
:10D31000980F0400AE0F0400D3100400AB0F0400FC
:10D3200062745F636F6E6E5F7365745F7374617454
:10D33000650062745F636F6E6E5F6C6F6F6B7570AC
:10D340005F68616E646C650062745F636F6E6E5FD0
:10D350006372656174655F7064755F74696D656F34
:10D3600075740062745F636F6E6E5F657869737465
:10D37000735F6C650001010101010203646566656C
:10D38000727265645F776F726B001800280000008E
:10D390002A0000001CDC03009CD3030020000000D6
:10D3A00088F400201CDC0300ACD303004A0000001A
:10D3B00068F300206C326361705F6372656174654D
:10D3C0005F6C655F7369675F7064750005230100BA
:10D3D000CD2301000000000000000000000000005C
:10D3E000DB2501000000000000000000000000003C
:10D3F000000000006C326361705F6163636570748C
:10D4000000000000480F0400AE0F04005A11040091
:10D41000D3100400AB0F04006C326361705F72655F
:10D420006376006C655F636F6E6E5F706172616DD5
:10D430005F727370006C655F636F6E6E5F706172B8
:10D44000616D5F7570646174655F726571006274AF
:10D450005F6C326361705F726563760066696E64EB
:10D460005F747970655F6362006174745F6765748F
:10D470000062745F6174745F6368616E5F6372659C
:10D480006174655F7064750062745F6174745F617C
:10D490006363657074006174745F6368616E5F6E6E
:10D4A0006577006368616E5F73656E6400000000FD
:10D4B00093390100D3390100173A01009339010073
:10D4C000F9390100D339010073656E645F657272CA
:10D4D0005F7273700062745F6174745F726563760B
:10D4E00000000000020201002940010004040100C4
:10D4F000B53F010006060100E93E010008040100F5
:10D50000213E01000A020100093E01000C04010055
:10D51000F13D01000E040100AD3C010020040100BA
:10D52000053C010010040100093B0100120201004A
:10D530002539010016040100AD2801001801010081
:10D54000C52F01001E0004003542010052020000F8
:10D550004B3901000104020067420100030202008E
:10D5600037420100050102001942010007040200D0
:10D570002142010009010200234201000B000200C8
:10D58000254201000D000200274201000F000200A9
:10D5900029420100210202002B4201001101020078
:10D5A0002D420100130002002F4201001704020067
:10D5B0003142010019000200334201001B02030046
:10D5C000432901001D020500FD350100230403006D
:10D5D0003129010062745F6174745F637265617404
:10D5E000655F7064750062745F6174745F63726517
:10D5F0006174655F7273705F706475006174745FED
:10D6000068616E646C655F727370006174745F74DE
:10D61000696D656F75740000676174745F77726916
:10D6200074655F6363635F7273700062745F6761E8
:10D6300074745F617474725F77726974655F636339
:10D64000630073635F736176650063665F77726919
:10D6500074650064625F686173685F67656E006728
:10D660006174745F696E64696361746500000000D1
:10D670008C0B0020D350010000000000880B00201C
:10D6800000000100840B0020E354010000000000B2
:10D69000780B002000000100740B00200000000047
:10D6A000000000000000000000000000700B0020DF
:10D6B00025510100A14C0100240B002000000300B3
:10D6C0006C0B0020E354010000000000600B002000
:10D6D000000001005C0B00208B500100475201004C
:10D6E0000000000000000300580B0020E35401007C
:10D6F000000000004C0B002000000100480B00203F
:10D70000A55601000000000000000000000001001C
:10D710007570646174655F6363630073635F7265F2
:10D7200073746F726500676174745F6E6F7469669D
:10D7300079006E6F746966795F6362006761747403
:10D740005F66696E645F747970650062745F6761BB
:10D7500074745F646973636F76657200706172736D
:10D76000655F736572766963650070617273655F8A
:10D77000696E636C7564650070617273655F636880
:10D780006172616374657269737469630072656163
:10D79000645F696E636C756465645F757569645F09
:10D7A000636200676174745F66696E645F696E6668
:10D7B0006F5F7273700070617273655F7265616430
:10D7C0005F62795F757569640062745F6761747424
:10D7D0005F77726974655F776974686F75745F727B
:10D7E0006573706F6E73655F636200676174745F09
:10D7F000707265706172655F77726974655F72736C
:10D80000700062745F676174745F6D756C745F6ED5
:10D810006F74696669636174696F6E0062745F67D3
:10D820006174745F636F6E6E65637465640000009D
:10D83000D00B0020D350010000000000CC0B0020D2
:10D8400000000100C80B0020E354010000000000AC
:10D85000BC0B002000000100B80B00204F5001005D
:10D86000000000000000000000000100B40B0020D8
:10D87000E354010000000000A80B0020000001009C
:10D88000A40B002015500100000000000000000063
:10D8900000000100A00B0020E35401000000000084
:10D8A000940B002000000100900B0020DD4F0100D0
:10D8B0000000000000000000000001000000010066
:10D8C000010000010001020201000200000000004E
:10D8D0000202010004000001000100030100030234
:10D8E0000201000200000000000203010003736D4A
:10D8F000705F73656E6400003B860100F1A001005B
:10D90000F19F01000000000000000000799A010072
:10D910000000000000000000000000000000000007
:10D9200062745F736D705F616363657074007363CD
:10D930005F736D705F636865636B5F636F6E66696D
:10D94000726D00736D705F6368616E5F6765740010
:10D95000736D705F64686B65795F67656E65726132
:10D960007465006C65676163795F72657175657375
:10D97000745F746B00736D705F6964656E745F696A
:10D980006E666F00736D705F656E63727970745F41
:10D99000696E666F0062745F736D705F6469737443
:10D9A0007269627574655F6B657973006C65676138
:10D9B00063795F646973747269627574655F6B65BE
:10D9C000797300736D705F73656E645F7061697207
:10D9D000696E675F636F6E6669726D00736D705F0D
:10D9E0007075626C69635F6B65795F706572697091
:10D9F0006800736D705F7075626C69635F6B6579E9
:10DA0000000103636F6D707574655F616E645F73B1
:10DA1000656E645F63656E7472616C5F6468636891
:10DA200065636B00636F6D707574655F616E645FD5
:10DA3000636865636B5F616E645F73656E645F707E
:10DA400065726970685F6468636865636B00736DB5
:10DA5000705F64686B65795F636865636B00736DA5
:10DA6000705F70616972696E675F636F6E6669721D
:10DA70006D006C65676163795F70616972696E677B
:10DA80005F72616E646F6D00736D705F706169725B
:10DA9000696E675F72616E646F6D00736D705F7346
:10DAA000656375726974795F726571756573740009
:10DAB000736D705F70616972696E675F636F6D70BF
:10DAC0006C6574650001030401050405090607017E
:10DAD000010606080005061F1F291812736D705FE6
:10DAE0006572726F720062745F736D705F617574DE
:10DAF000685F63616E63656C0062745F736D705F15
:10DB00007265637600000000000000000000000065
:10DB1000F58F010006000000798801000600000072
:10DB2000CB87010010000000F989010010000000FF
:10DB3000799F010001000000997B010010000000A6
:10DB4000B59E01000A000000257B010010000000C6
:10DB5000F19C010007000000637401001000000048
:10DB6000A18E010001000000C97F010040000000FB
:10DB700079840100100000000D790100010000000F
:10DB800062745F736D705F706B65795F72656164FD
:10DB90007900736D705F6964656E745F616464724F
:10DBA0005F696E666F00736D705F69645F61646466
:10DBB0005F7265706C61636500736D705F63656E45
:10DBC0007472616C5F6964656E7400736D705F7010
:10DBD000616972696E675F6661696C6564000308FC
:10DBE000020305080A0008736D705F74696D656F44
:10DBF00075740062745F736D705F757064617465D5
:10DC00005F6B65797300000010DC0300000000000A
:10DC1000E7A8010071A80100D1A801002DA9010009
:10DC2000000000007FA80100A9A8010071A8010060
:10DC300081A80100961C0400A01C0400A81C04007C
:10DC4000B11C0400BB1C040000000000FFFFFFFF2C
:10DC500000000000000000000000000000000000C4
:10DC600000000000000000000000000000000001B3
:10DC7000D11C0400DC1C0400E61C04001CDC0300B6
:10DC800084DC030080000000D00001201CDC0300C5
:10DC900094DC03008000000010F70020000000006A
:10DCA000000000000000000000000001301E040021
:10DCB000271D04003B1E0400411E0400471E0400F3
:10DCC0004D1E04001CDC0300CCDC0300FF00000040
:10DCD000000D01201CDC0300DCDC0300000200005E
:10DCE000E80A01206164635F6E7266785F63686151
:10DCF0006E6E656C5F7365747570007374617274B9
:10DD00005F72656164007365745F7265736F6C75D3
:10DD100074696F6E007365745F6F76657273616DA1
:10DD2000706C696E6700636865636B5F62756666D9
:10DD300065725F73697A6500B3330200F3340200E1
:10DD40005802000062745F72706D73675F73656E76
:10DD500064000000682204000900000000000000C8
:10DD600009390200000000004938020062745F7245
:10DD7000706D73675F696E69740062745F72706D55
:10DD800073675F6F70656E0062745F72706D73674A
:10DD90005F6576745F726563760062745F72706D42
:10DDA00073675F61636C5F726563760062745F7254
:10DDB000706D73675F69736F5F726563760062741D
:10DDC0005F72706D73675F72780000002B3D020018
:10DDD000E93C0200000000005D3E0200053F020039
:10DDE00092220400793D02008B3D0200982204003B
:10DDF000733D0200853D02009E2204006D3D02003D
:10DE00007F3D0200A8220400BD3E02007B3C0200D0
:10DE1000DB3C020000000000F13B020000000000BB
:10DE200000000000077103000000000025710300DE
:10DE3000000000000000F0FFF0FFF0FFEAFF74FFB9
:10DE4000F0FFF0FFF0FFF0FFEAFF00000008000025
:10DE50000010000004000000FF00000071737069F2
:10DE60005F73656E645F636D6400717370695F6E8C
:10DE70006F725F657261736500717370695F65725F
:10DE800061736500717370695F6E7266785F636F4E
:10DE90006E66696775726500717370695F6E6F7227
:10DEA0005F726561645F696400717370695F6E6F52
:10DEB000725F777269746500717370695F6E6F72FB
:10DEC0005F72656164007A5F696D706C5F6E726627
:10DED0005F717370695F6E6F725F7869705F656E96
:10DEE00061626C650000000000000000000000009E
:10DEF0000000000000000000000000000000000022
:10DF00000000000004030000000000050000000005
:10DF10000001010000008000C228170020DF03007C
:10DF200000B002502CDF03000100000034DF0300CA
:10DF30000600000011061D000D061F000E06200041
:10DF40000F0621001006220012061E000D480200D6
:10DF5000C546020065430200294102001941020042
:10DF600004000000FF000000666C6173685F6E7261
:10DF7000665F7265616400666C6173685F6E72668D
:10DF80005F657261736500666C6173685F6E72666F
:10DF90005F77726974650000694A0200954B020060
:10DFA000E14A02001D4A02000D4A0200FFFF000084
:10DFB000002884500000000001000000FFFFFFFF68
:10DFC000002584500000000000000000F550020011
:10DFD000F14E0200FD4E0200114F02001B4F0200E5
:10DFE000254F02008B4F0200394F02000000000055
:10DFF0006932635F6E7266785F7477696D5F636FB5
:10E000006E666967757265006932635F6E72667805
:10E010005F7477696D5F696E6974006932635F6E02
:10E020007266785F7477696D5F7472616E7366652E
:10E03000720000000090005000000000000000008E
:10E040000000000000009801000001011000000025
:10E050001952020058E003000090005064E00300F1
:10E06000010000006CE003000200000022000C0030
:10E0700023000B004552020000000000AD530200D7
:10E0800000000000000000003D530200656E616268
:10E090006C655F64745F6368616E6E656C73006D60
:10E0A000626F785F6E72665F73656E64006D626F3B
:10E0B000785F64697370617463686572006D626F24
:10E0C000785F6E72665F7365745F656E61626C65C2
:10E0D00064000000955602008D550200A95502000B
:10E0E000AD5502007957020070776D5F6E726678E9
:10E0F0005F7365745F6379636C65730070776D5FE0
:10E10000706572696F645F636865636B5F616E649D
:10E110005F7365740070776D5F6E7266785F696EAD
:10E1200069740000001002500000000000000000B0
:10E1300000000000000000000000000000000000DF
:10E1400000040000E803020101010000884C0020E7
:10E1500004000000000000000000000060E1030077
:10E16000001002506CE103000100000074E10300A4
:10E17000010000001C001600275A0200F559020099
:10E18000656E6474785F73746F7074785F707069B3
:10E190005F696E697400000000800050020000009A
:10E1A00000000000A8E1030000800050B4E103007B
:10E1B00001000000BCE103000400000014000000A6
:10E1C000130002009601010095010300E95C0200C2
:10E1D000296202009D5C0200E15E02008D5C02008B
:10E1E000715E0200115D02003F5D02006D5D020084
:10E1F000775D0200B15D0200BD5D0200775D020047
:10E20000A15D0200C95D0200D75D0200E55D02006C
:10E210001B5E02001F5E02007370695F6E7266789B
:10E220005F696E6974007370695F636F6E7465789F
:10E23000745F63735F636F6E6669677572655F6154
:10E240006C6C007370695F636F6E746578745F7572
:10E2500070646174655F7478007370695F636F6E7A
:10E26000746578745F7570646174655F727800635B
:10E270006F6E666967757265007472616E7363654F
:10E28000697665007370695F636F6E746578745F3B
:10E29000776169745F666F725F636F6D706C6574D0
:10E2A000696F6E0000A00050000000000048E80107
:10E2B000000000000000000000000000FFFFFFFF62
:10E2C0000000FF000000000000000000FFFFFFFF53
:10E2D0000200000101000000C1620200FFFF000017
:10E2E000E8E20300FFFFFFFF00A00050F4E203009C
:10E2F00001000000FCE20300030000002F00040006
:10E300002E0006002D00050030C303000C000100A4
:10E310006D66020069630200008001500000000089
:10E3200009000000D0070000000000004D7202004C
:10E33000B9710200DF710200BF710200FF0000002E
:10E34000FF000000FF000000FF000000FF000000D1
:10E35000FF000000E82C0400FB2C04000E2D04003C
:10E36000212D0400342D0400472D04005A2D0400F3
:10E370006D2D040001000000802D0400020000004B
:10E38000882D0400030000008E2D0400040000000E
:10E39000962D0400050000009E2D040006000000DC
:10E3A000A62D040008000000AF2D040009000000A5
:10E3B000B42D04000A000000C12D04000B00000071
:10E3C000CF2D040010000000E12D04001200000019
:10E3D000E52D040013000000EB2D040019000000DF
:10E3E000FB2D04001A000000012E04001D00000097
:10E3F0000D2E0400220000001C2E04002800000046
:10E40000282E040029000000322E04000000000025
:10E4100000000000000200000002000000000000F8
:10E4200069C4020055C8020083C702003DC702004C
:10E4300049C4020055C402000000000000000000B2
:10E4400095DB02002BDC02006BDB0200BBDB020071
:10E4500013DC0200CBDA020083DA020083DC020064
:10E4600065DA02005DDE020057DE02003DDE0200DA
:10E4700099DE0200F5FFFFFF6B5F7379735F6661E2
:10E4800074616C5F6572726F725F68616E646C65F7
:10E4900072000000E8340400F63404000A35040079
:10E4A00019350400253504007A5F666174616C5F7C
:10E4B0006572726F72000000FCC10300FCC10300B2
:10E4C00084C2030094C203001CC303001CC30300E6
:10E4D0000500000007000000080000000400000024
:10E4E0000900000008000000000000000600000015
:10E4F0003C350400423504004A350400533504001D
:10E5000058350400623504004EF003006B350400FA
:10E51000776F726B5F68616E646C65720064656CC6
:10E52000617965645F776F726B5F68616E646C655B
:10E53000720074696D65725F68616E646C6572000B
:10E540006D61696E0000070E091C1B1215383F36FD
:10E550003124232A2D4142434445464748494A4BEA
:10E560004C4D4E4F505152535455565758595A616D
:10E5700062636465666768696A6B6C6D6E6F707103
:10E5800072737475767778797A3031323334353600
:10E590003738392B2F7F7F7F7F7F7F7F7F7F7F7F04
:10E5A0007F7F7F7F7F7F7F7F7F7F7F7F7F7F7F7F7B
:10E5B0007F7F7F7F7F7F7F7F7F7F7F7F7F7F7F7F6B
:10E5C0003E7F7F7F3F3435363738393A3B3C3D7F9D
:10E5D0007F7F407F7F7F0001020304050607080953
:10E5E0000A0B0C0D0E0F1011121314151617181913
:10E5F0007F7F7F7F7F7F1A1B1C1D1E1F20212223F0
:10E600002425262728292A2B2C2D2E2F3031323352
:10E610007F7F7F7F7F63627072696E74665F7061F7
:10E62000636B6167655F636F6E76657274007379A3
:10E630006E635F7274635F7365747570006E76737A
:10E640005F636C656172006E76735F6D6F756E747B
:10E65000006E76735F73746172747570006E76739A
:10E660005F7772697465006E76735F726561645F6F
:10E6700068697374006E76735F63616C635F667262
:10E6800065655F7370616365006970635F73657270
:10E69000766963655F6F70656E5F696E7374616ED6
:10E6A0006365006970635F736572766963655F6354
:10E6B0006C6F73655F696E7374616E63650069701A
:10E6C000635F736572766963655F726567697374AA
:10E6D00065725F656E64706F696E74006970635F08
:10E6E000736572766963655F646572656769737483
:10E6F00065725F656E64706F696E74006970635FE8
:10E70000736572766963655F73656E6400697063D3
:10E710005F736572766963655F6765745F74785F60
:10E720006275666665725F73697A65006970635FBA
:10E73000736572766963655F6765745F74785F623D
:10E740007566666572006970635F7365727669638A
:10E75000655F64726F705F74785F6275666665721C
:10E76000006970635F736572766963655F73656E78
:10E77000645F6E6F636F7079006970635F73657259
:10E78000766963655F686F6C645F72785F627566F7
:10E79000666572006970635F736572766963655F51
:10E7A00072656C656173655F72785F6275666665D8
:10E7B00072007A5F696D706C5F7A5F6C6F675F6D16
:10E7C00073675F7374617469635F637265617465B5
:10E7D0000073657474696E67735F63616C6C5F73FB
:10E7E00065745F68616E646C65720052096AD53049
:10E7F00036A538BF40A39E81F3D7FB7CE339829BCB
:10E800002FFF87348E4344C4DEE9CB547B9432A679
:10E81000C2233DEE4C950B42FAC34E082EA166284A
:10E82000D924B2765BA2496D8BD12572F8F6648645
:10E83000689816D4A45CCC5D65B6926C704850FDA7
:10E84000EDB9DA5E154657A78D9D8490D8AB008C44
:10E85000BCD30AF7E45805B8B34506D02C1E8FCABE
:10E860003F0F02C1AFBD0301138A6B3A9111414FB3
:10E8700067DCEA97F2CFCEF0B4E67396AC7422E789
:10E88000AD3585E2F937E81C75DF6E47F11A711D69
:10E8900029C5896FB7620EAA18BE1BFC563E4BC62F
:10E8A000D279209ADBC0FE78CD5AF41FDDA83388D8
:10E8B00007C731B11210592780EC5F60517FA91949
:10E8C000B54A0D2DE57A9F93C99CEFA0E03B4DAE74
:10E8D0002AF5B0C8EBBB3C83539961172B047EBA71
:10E8E00077D626E169146355210C7D876573665FD1
:10E8F00064756D70006D656D5F6D616E6167655FFC
:10E900006661756C74006275735F6661756C740026
:10E9100075736167655F6661756C74006765745FC8
:10E9200065736600686172645F6661756C7400642B
:10E93000656275675F6D6F6E69746F720072657383
:10E9400065727665645F657863657074696F6E0083
:10E95000726567696F6E5F616C6C6F636174655F30
:10E96000616E645F696E6974006D70755F636F6E70
:10E970006669677572655F726567696F6E735F61FF
:10E980006E645F706172746974696F6E006D616C42
:10E990006C6F63005A6570687972007A6570687987
:10E9A0007200332E342E393900000076332E342E87
:10E9B00039392D6E6373312D31204A756E20313314
:10E9C00020323032352032323A34333A3334000098
:10E9D0000000000000000000000000000000000037
:10E9E000000000000000000061726D0000000001E6
:10E9F00000FFFFFFFFFFFF00000000000000FFFF1F
:10EA0000FFFFFFFF000000000000303132333435DB
:10EA1000363738396162636465660002FB349B5F98
:10EA200080000080001000000000000062745F643D
:10EA30006174615F70617273650062745F69645FC5
:10EA4000616464006C655F7365745F7072697661A0
:10EA500063795F6D6F64650062745F69645F6465AC
:10EA60006C0062745F69645F637265617465006203
:10EA7000745F69645F72657365740062745F696472
:10EA80005F726561645F7075626C69635F61646425
:10EA9000720062745F726561645F7374617469634C
:10EAA0005F616464720062745F69645F7365745F60
:10EAB0007363616E5F6F776E5F616464720062742E
:10EAC0005F69645F7365745F6164765F6F776E5FC3
:10EAD000616464720062745F69645F696E69740086
:10EAE0007365745F646174615F6164645F636F6DBB
:10EAF000706C6574650062745F6C655F6164765FFD
:10EB000073746172745F6C65676163790062745FCE
:10EB10006C655F6164765F73746172745F6578744D
:10EB2000006164765F74696D656F75740062745F0F
:10EB30006C655F6164765F726573756D65006274A4
:10EB40005F6863695F6C655F6164765F7265706F53
:10EB5000727400030502000A70726E675F7265735B
:10EB60006565640070726E675F696E697400E69D2A
:10EB7000350E480103CCDBFDF4AC1191F4EFB9A5DF
:10EB8000F9E9A7832C5E2CBE97F2D203B0208BD27A
:10EB90008915D08E1C742430ED8FC24563765C15C8
:10EBA000525ABF9A32636DEB2A65499C80DC6274CD
:10EBB0005F7075625F6B65795F67656E0062745F39
:10EBC00064685F6B65795F67656E000062746C6591
:10EBD0000000000000000000000000000000000035
:10EBE0000000000000000000000000000000000025
:10EBF0000000000000000000000000000000010014
:10EC00006C888391AAF5A53860370BDB5A6083BE08
:10EC100000000000000000000601050104010301DE
:10EC200005020201030205040101010201030104BE
:10EC300001060108010C01100118012001400180AA
:10EC40006B5F7379735F666174616C5F6572726F1D
:10EC5000725F68616E646C65720001000000010102
:10EC600000000000000101000000002030303030C2
:10EC700030303030303030303030000120107265AC
:10EC80006D6F746570726F635F6C6F616400726545
:10EC90006D6F746570726F635F6C6F61645F6E6FD0
:10ECA000626C6F636B000000FF8FFFFFFF8FFFFF41
:10ECB000FE8FFFFFFE8FFFFFFD8FFFFFFC8FFFFF2B
:10ECC000FC8FFFFFFB8FFFFF6D757465785F6672C9
:10ECD00065652063616C6C65642077697468204E9B
:10ECE000554C4C20706172616D6574657200000056
:10ECF00043616E277420696E697469616C697A6515
:10ED0000206D757465782C20776173204E554C4CBE
:10ED10000D0A00004661696C20746F206163717593
:10ED2000697265206D757465780A00004661696CCA
:10ED300020746F20696E63726561736520504D2089
:10ED4000636F756E7465720A000000004661696C3D
:10ED500020746F20646563726561736520504D2077
:10ED6000636F756E7465720A000000004661696C1D
:10ED700020746F2072656C65617365206D757465B4
:10ED8000780A0000436F756C64206E6F74206C6F9E
:10ED9000636B20706F7765722073617665206D7587
:10EDA000746578006D626564746C735F7468726515
:10EDB0006164696E675F7365745F616C74207275FE
:10EDC0006E20616674657220434333313020706C6D
:10EDD0006174666F726D2077617320696E69746902
:10EDE000616C697A656421004661696C20746F20EA
:10EDF000756E6C6F636B206D757465780A0000002A
:10EE00006374782063616E6E6F74206265204E5566
:10EE10004C4C00000A637478206973204E554C4CAA
:10EE20000A000000737263206F72206473742061A3
:10EE30007265204E554C4C0A0000000067E6096AD6
:10EE400085AE67BB72F36E3C3AF54FA57F520E510B
:10EE50008C68059BABD9831F19CDE05BD89E05C19B
:10EE600007D57C3617DD703039590EF7310BC0FFEE
:10EE700011155868A78FF964A44FFABE012345679E
:10EE800089ABCDEFFEDCBA9876543210F0E1D2C3F4
:10EE900025733A20576F726B2068616E646C6572DF
:10EEA0002065786563757465640025733A20446550
:10EEB0006C6179656420776F726B2068616E646C39
:10EEC00065722065786563757465640025733A2002
:10EED00054696D65722068616E646C657220657836
:10EEE0006563757465640025733A20473120736942
:10EEF000676E61747572652067656E6572617469AD
:10EF00006F6E206275696C64202D20666F72636974
:10EF10006E6720616C6C2066756E6374696F6E73CA
:10EF20000025733A205465737420696E666F206DF6
:10EF30006573736167650025733A205465737420A7
:10EF40006465627567206D6573736167650025731D
:10EF50003A2054657374206572726F72206D657308
:10EF600073616765006D61696E0025733A202875CD
:10EF70006E7369676E6564292063686172202A2058
:10EF80007573656420666F72202525702061726735
:10EF9000756D656E742E2049742773207265636FDA
:10EFA0006D6D656E64656420746F20636173742099
:10EFB000697420746F20766F6964202A206265630B
:10EFC00061757365206974206D6179206361757363
:10EFD00065206D69736265686176696F7220696E1C
:10EFE000206365727461696E20636F6E6669677510
:10EFF000726174696F6E732E20537472696E673A12
:10F000002225732220617267756D656E743A2564DE
:10F010000063627072696E74665F7061636B6167D2
:10F0200065004865617020617420257020636F6EF3
:10F030007461696E7320256420756E69747320692C
:10F040006E202564206275636B6574730A0A002064
:10F05000206275636B657423202020206D696E200B
:10F06000756E6974732020202020202020746F7416
:10F07000616C2020202020206C61726765737420F1
:10F0800020202020206C6172676573740A20202084
:10F0900020202020202020202020746872657368A2
:10F0A0006F6C64202020202020206368756E6B73B5
:10F0B00020202020202028756E69747329202020AC
:10F0C000202020286279746573290A20202D2D2D97
:10F0D0002D2D2D2D2D2D2D2D2D2D2D2D2D2D2D2D60
:10F0E0002D2D2D2D2D2D2D2D2D2D2D2D2D2D2D2D50
:10F0F0002D2D2D2D2D2D2D2D2D2D2D2D2D2D2D2D40
:10F100002D2D2D2D2D2D2D2D0A0025396420253155
:10F110003264202531326420253132642025313299
:10F120007A640A000A4368756E6B2064756D703AE4
:10F130000A006368756E6B202534643A205B256392
:10F140005D2073697A653D252D3464206C65667495
:10F150003D252D34642072696768743D25640A007A
:10F160000A257A6420667265652062797465732C5D
:10F1700020257A6420616C6C6F6361746564206221
:10F18000797465732C206F76657268656164203DC3
:10F1900020257A642062797465732028257A642E8C
:10F1A000257A642525290A00286E696C2900756C6A
:10F1B0006C0022007B003A002C007D0074727565A3
:10F1C0000066616C7365005B004661696C65642074
:10F1D000746F207265626F6F743A207370696E6E1F
:10F1E000696E6720656E646C6573736C792E2E2E64
:10F1F0000A00736F630025733A204661696C656489
:10F200002073796E6368726F6E697A6564205254F8
:10F210004320736574757020286572723A202564E6
:10F22000290073796E635F7274630025733A204E10
:10F230005653206E6F7420696E697469616C697AC7
:10F2400065640025733A20436F756C64206E6F749B
:10F25000206F627461696E20666C617368207061F2
:10F2600072616D65746572730025733A20556E7313
:10F270007570706F7274656420777269746520624E
:10F280006C6F636B2073697A650025733A20556E45
:10F2900061626C6520746F206765742070616765BA
:10F2A00020696E666F0025733A20496E76616C693D
:10F2B0006420736563746F722073697A65002573C7
:10F2C0003A20436F6E66696775726174696F6E206C
:10F2D0006572726F72202D20736563746F72206384
:10F2E0006F756E740025733A20256420536563742E
:10F2F0006F7273206F6620256420627974657300D5
:10F3000025733A20616C6C6F63207772613A202517
:10F31000642C2025780025733A206461746120777D
:10F3200072613A2025642C2025780025733A204EFE
:10F330006F20474320446F6E65206D61726B65726C
:10F3400020666F756E643A207265737461727469B9
:10F350006E672067630025733A20474320446F6E31
:10F3600065206D61726B657220666F756E640066F4
:10F37000735F6E76730025733A20496E76616C690F
:10F380006420696E7374616E63650025733A204969
:10F390006E76616C6964206261636B656E64206384
:10F3A0006F6E66696775726174696F6E0025733A76
:10F3B00020496E76616C696420696E7374616E6356
:10F3C000652C20656E64706F696E74206F722063A7
:10F3D0006F6E66696775726174696F6E0025733A46
:10F3E00020496E76616C696420656E64706F696E29
:10F3F000740025733A20456E64706F696E74206ED8
:10F400006F7420726567697374657265640A00259C
:10F41000733A204E6F2D636F707920666561747545
:10F420007265206E6F7420617661696C61626C65D3
:10F430000025733A20496E76616C696420656E64BC
:10F44000706F696E742C2064617461206F72206C1F
:10F45000656E20706F696E7465720025733A20497D
:10F460006E76616C696420656E64706F696E74207D
:10F470006F72206461746120706F696E74657200D0
:10F480006970635F73657276696365006970633084
:10F49000007372616D302E73686D0067656E657202
:10F4A00069630025733A20256420756E6F72646568
:10F4B000726564206D657373616765732073696E2F
:10F4C0006365206C617374207265706F7274006C78
:10F4D0006F67006C6F675F6D676D740025733A200E
:10F4E0004D65737361676520282225732229206486
:10F4F000726F707065642062656361757365206901
:10F500007420657863656564732073697A65206C1F
:10F51000696D69746174696F6E2028257529001BF7
:10F520005B306D00257320005B2530386C755D20E5
:10F53000005B253032753A253032753A2530327508
:10F540002E253033752C253033755D20003C257316
:10F550003E200025732F0025733A20002530327895
:10F5600020007C002563001B5B313B33316D001BA9
:10F570005B313B33336D006572720077726E0069E8
:10F580006E6600646267006C6F675F6261636B65E3
:10F590006E645F75617274006C6F675F7561727421
:10F5A0000025733A207365742D76616C756520664D
:10F5B00061696C7572652E206B65793A2025732020
:10F5C0006572726F72282564290073657474696EA0
:10F5D00067730025733A204661696C656420746F17
:10F5E000206C6F6164206C696E65206E616D653A98
:10F5F0002025640025733A206661696C6564207477
:10F600006F206C6F6164206C696E650025733A2011
:10F610004661696C656420746F2066696E69736801
:10F62000206663625F617070656E642028256429BE
:10F630000025733A204661696C656420746F20660A
:10F64000636220726F746174652028256429006DDF
:10F65000757465785F696E69742063616C6C65644C
:10F660002077697468204E554C4C20706172616D32
:10F670006574657200436F756C64206E6F742061F1
:10F680006C6C6F63617465206D757465782062655C
:10F69000666F726520696E697469616C697A696EFA
:10F6A000670025733A2072302F61313A202030787C
:10F6B00025303878202072312F61323A202030787E
:10F6C00025303878202072322F61333A202030786C
:10F6D000253038780025733A2072332F61343A2070
:10F6E00020307825303878207231322F69703A20F6
:10F6F00020307825303878207231342F6C723A20DF
:10F70000203078253038780025733A2020787073BF
:10F71000723A20203078253038780025733A204618
:10F7200061756C74696E6720696E73747275637449
:10F73000696F6E206164647265737320287231355D
:10F740002F7063293A203078253038780025733AB5
:10F75000202A2A2A2A2A204D5055204641554C5409
:10F76000202A2A2A2A2A0025733A2020205374614D
:10F77000636B696E67206572726F722028636F6EAB
:10F78000746578742061726561206D6967687420A2
:10F790006265206E6F742076616C69642900257340
:10F7A0003A202020556E737461636B696E67206523
:10F7B00072726F720025733A2020204461746120B8
:10F7C0004163636573732056696F6C6174696F6E12
:10F7D0000025733A2020204D4D464152204164645B
:10F7E000726573733A20307825780025733A2020AB
:10F7F00020496E737472756374696F6E2041636320
:10F800006573732056696F6C6174696F6E00257340
:10F810003A202020466C6F6174696E672D706F69A5
:10F820006E74206C617A79207374617465207072D3
:10F8300065736572766174696F6E206572726F723E
:10F840000025733A202A2A2A2A2A20425553204684
:10F8500041554C54202A2A2A2A2A0025733A20206E
:10F8600020537461636B696E67206572726F7200FA
:10F8700025733A20202050726563697365206461A6
:10F88000746120627573206572726F720025733A1D
:10F890002020204246415220416464726573733ACD
:10F8A00020307825780025733A202020496D707229
:10F8B0006563697365206461746120627573206596
:10F8C00072726F720025733A202020496E73747231
:10F8D000756374696F6E20627573206572726F72E2
:10F8E0000025733A202A2A2A2A2A205553414745BF
:10F8F000204641554C54202A2A2A2A2A0025733AA8
:10F900002020204469766973696F6E206279207ABD
:10F9100065726F0025733A202020556E616C69670F
:10F920006E6564206D656D6F7279206163636573C8
:10F93000730025733A202020537461636B206F7627
:10F940006572666C6F772028636F6E7465787420BB
:10F9500061726561206E6F742076616C6964290044
:10F9600025733A2020204E6F20636F70726F63659D
:10F9700073736F7220696E737472756374696F6EDE
:10F98000730025733A202020496C6C6567616C20F8
:10F990006C6F6164206F66204558435F5245545533
:10F9A000524E20696E746F2050430025733A202018
:10F9B00020496C6C6567616C20757365206F6620EB
:10F9C00074686520455053520025733A2020204129
:10F9D0007474656D707420746F20657865637574D8
:10F9E0006520756E646566696E656420696E737402
:10F9F00072756374696F6E005265736572766564C3
:10FA000020457863657074696F6E202800537075A7
:10FA100072696F757320696E746572727570742087
:10FA200028495251200025733A20535053454C2009
:10FA3000696E20746872656164206D6F646520640E
:10FA40006F6573206E6F7420696E6469636174659D
:10FA5000205053500025733A202A2A2A2A2A204867
:10FA6000415244204641554C54202A2A2A2A2A0031
:10FA700025733A202020427573206661756C7420CE
:10FA80006F6E20766563746F72207461626C65209E
:10FA9000726561640025733A2020204465627567B1
:10FAA000206576656E740025733A202020466175C6
:10FAB0006C7420657363616C6174696F6E20287368
:10FAC00065652062656C6F77290025733A20415285
:10FAD00043485F4558434550542077697468207205
:10FAE0006561736F6E2025780A0025733A202A2AF3
:10FAF0002A2A2A204465627567206D6F6E69746FCB
:10FB00007220657863657074696F6E202A2A2A2ACC
:10FB10002A0025733A202A2A2A2A2A2025732025FA
:10FB20006429202A2A2A2A2A006D70750025733A32
:10FB3000204661696C656420746F20616C6C6F6332
:10FB4000617465206E6577204D5055207265676938
:10FB50006F6E2025750A0025733A20506172746912
:10FB600074696F6E2025753A2073616E697479200F
:10FB7000636865636B206661696C65642E0025733C
:10FB80003A20496E76616C696420756E6465726CAA
:10FB900079696E6720726567696F6E20696E64654A
:10FBA0007820257500657869740A0061626F727447
:10FBB00028290A0025733A20434F4E4649475F43A0
:10FBC0004F4D4D4F4E5F4C4942435F4D414C4C4F62
:10FBD000435F4152454E415F53495A452069732066
:10FBE00030002573257325730A00496E76616C69B0
:10FBF00064207369676E616C005254207369676E8C
:10FC0000616C202564005369676E616C2025640077
:10FC100048616E67757000496E74657272757074B4
:10FC2000005175697400496C6C6567616C20696E80
:10FC3000737472756374696F6E0054726163652FBB
:10FC4000627265616B706F696E74207472617000AE
:10FC500041626F7274656400427573206572726FE1
:10FC6000720041726974686D6574696320657863B8
:10FC7000657074696F6E004B696C6C656400496EE9
:10FC800076616C6964206D656D6F7279207265664E
:10FC90006572656E63650042726F6B656E20706998
:10FCA000706500416C61726D20636C6F636B005412
:10FCB00065726D696E61746564004368696C642087
:10FCC000737461747573206368616E676564004363
:10FCD0006F6E74696E7565640053746F702065781B
:10FCE00065637574696E670053746F707065640046
:10FCF00053746F70706564202872656164290053C5
:10FD0000746F707065642028777269746529005576
:10FD10007267656E7420492F4F20636F6E6469743B
:10FD2000696F6E004350552074696D65206C696D74
:10FD300069742065786365656465640046696C650F
:10FD40002073697A65206C696D69742065786365D4
:10FD500065646564005669727475616C2074696DC0
:10FD6000657220657870697265640050726F6669AB
:10FD70006C696E672074696D657220657870697250
:10FD8000656400506F6C6C61626C65206576656EB1
:10FD900074206F63637572726564004261642073DE
:10FDA000797374656D2063616C6C00464C415348F7
:10FDB0005F30005352414D5F30006E726635333410
:10FDC00030646B5F6E7266353334305F63707561BB
:10FDD000707000253032583A253032583A2530328A
:10FDE000583A253032583A253032583A2530325870
:10FDF000007075626C69630072616E646F6D007093
:10FE000075626C69632D69640072616E646F6D2D3B
:10FE1000696400253032583A253032583A2530325C
:10FE2000583A253032583A253032583A253032582F
:10FE300020282573290062745F7270610042545F4C
:10FE40004C575F575100253038782D253034782DA8
:10FE5000253034782D253034782D253038782530EC
:10FE6000347800287075626C696329002872616EAD
:10FE7000646F6D2900287075626C69632D6964294F
:10FE8000002872616E646F6D2D6964290025733AD4
:10FE9000206D616C666F726D656420616476657259
:10FEA000746973696E672064617461202575202F01
:10FEB0002025750062745F6461746100756E6B6EFD
:10FEC0006F776E0025733A20436F756C64206E6FF8
:10FED00074207375626D69742072785F776F726BCE
:10FEE0003A2025640025733A20546F6F20736D61AA
:10FEF0006C6C2028257520627974657329206576DD
:10FF0000656E74203078253032780025733A20559C
:10FF10006E68616E646C6564206576656E74203011
:10FF20007825303278206C656E2025753A2025734F
:10FF300000574553545F544F504449522F7A6570CF
:10FF40006879722F7375627379732F626C7565743B
:10FF50006F6F74682F686F73742F6863695F636F66
:10FF600072652E63006275662D3E6C656E203E3DA7
:10FF70002073697A656F66282A6864722900415384
:10FF800053455254494F4E204641494C205B2573FE
:10FF90005D20402025733A25640A0025733A2041EC
:10FFA000434C2064617461206C656E677468206DD9
:10FFB00069736D617463682028257520213D2025B3
:10FFC00075290025733A20556E61626C6520746F47
:10FFD0002066696E6420636F6E6E20666F722068A3
:10FFE000616E646C652025750062745F6863695F8B
:10FFF0006576745F6765745F666C616773286864B3
:020000024000BC
:10000000722D3E657674292026202831554C203CDF
:100010003C20283129290025733A20556E6B6E6FDC
:10002000776E2062756620747970652025750025CD
:10003000733A204861726477617265206572726FED
:10004000722C20686172647761726520636F6465E9
:100050003A2025640025733A20446174612062755A
:1000600066666572206F766572666C6F7720286CA5
:10007000696E6B207479706520307825303278296C
:100080000025733A20556E61626C6520746F206C98
:100090006F6F6B20757020636F6E6E207769746868
:1000A0002068616E646C652025750025733A2055C3
:1000B0006E61626C6520746F206C6F6F6B75702061
:1000C000636F6E6E20666F722068616E646C65206F
:1000D00025750025733A206F70636F646520307852
:1000E0002530347820706F6F6C206964202575206E
:1000F000706F6F6C20257020213D20266863695F3A
:10010000636D645F706F6F6C2025700025733A20FB
:100110004F70436F64652030782530347820636FEA
:100120006D706C6574656420696E737465616420BC
:100130006F6620657870656374656420307825305B
:1001400034780025733A20657674206E756D5F688B
:10015000616E646C657320283D25752920746F6F6E
:10016000206C6172676520282575203E2025752941
:100170000025733A204E6F20636F6E6E656374695D
:100180006F6E20666F722068616E646C65202575E5
:100190000025733A207061636B65747320636F751B
:1001A0006E74206D69736D6174636800657272208E
:1001B0003D3D20300009636F6D6D616E64206F708E
:1001C000636F6465203078253034782074696D65FC
:1001D0006F75742077697468206572722025640ACF
:1001E0000025733A206F70636F6465203078253086
:1001F00034782073746174757320307825303278C8
:100200000025733A204661696C656420746F207222
:1002100065616420444C45206D617820646174619F
:10022000206C656E0025733A204E6F2070656E64F9
:10023000696E67207065726970686572616C2063B1
:100240006F6E6E656374696F6E0025733A204E6F32
:100250002070656E64696E672063656E7472616C90
:1002600020636F6E6E656374696F6E0025733A204C
:10027000556E657870656374656420737461747518
:1002800073203078253032780025733A204E6F2065
:1002900070656E64696E6720636F6E6E20666F7244
:1002A00020706565722025730025733A20466169C8
:1002B0006C656420726561642072656D6F74652081
:1002C000666561747572657320282564290025733D
:1002D0003A204661696C6564204C45205365742062
:1002E00050485920282564290025733A2046616921
:1002F0006C656420746F2073657420646174612080
:100300006C656E20282564290025733A20466169B2
:100310006C656420746F20736574207265717569F3
:10032000726564207365637572697479206C657693
:10033000656C0025733A20556E61626C6520746FA0
:100340002073656E6420746F206472697665722014
:1003500028657272202564290025733A20556E6144
:10036000626C6520746F206C6F6F6B2075702063FA
:100370006F6E6E20776974682041434C2068616E0F
:10038000646C652025750025733A204E6F742072C9
:1003900065706F7274696E67207061636B6574203D
:1003A000666F72206E6F6E2D636F6E6E656374651F
:1003B0006420636F6E6E0025733A20556E61626C27
:1003C0006520746F20616C6C6F63617465206E656D
:1003D000772048434920636F6D6D616E640025731B
:1003E0003A204F7574206F6620636F6D6D616E6487
:1003F00020627566666572730025733A20556E61DA
:10040000626C6520746F20616C6C6F636174652031
:100410006275666665720025733A20556E636C6579
:10042000617265642070656E64696E672073656EC5
:10043000745F636D640025733A20556E657870654E
:1004400063746564206B5F706F6C6C206576656E9D
:1004500074207374617465202575006576745F6619
:100460006C6167732026202831554C203C3C2028A5
:100470003029290025733A20496E76616C69642021
:1004800062756620747970652025750062745F62FC
:1004900075665F6765745F74797065286275662933
:1004A000203D3D2042545F4255465F455654005B17
:1004B000305D0025733A204964656E74697479254E
:1004C000733A2025730025733A204964656E746978
:1004D00074795B25645D3A2025730025733A2048C2
:1004E00043493A2076657273696F6E202573202820
:1004F00030782530327829207265766973696F6E9D
:10050000203078253034782C206D616E75666163FB
:100510007475726572203078253034780025733A0E
:10052000204C4D503A2076657273696F6E202573AA
:1005300020283078253032782920737562766572EC
:10054000203078253034780025733A20436F6E745C
:10055000726F6C6C657220746F20686F73742066A4
:100560006C6F7720636F6E74726F6C206E6F742087
:10057000737570706F727465640025733A204E6FE6
:100580006E2D4C452063617061626C6520636F6EF7
:1005900074726F6C6C6572206465746563746564F5
:1005A000210025733A2041434C2042522F454452AA
:1005B0002062756666657273206E6F7420696E695D
:1005C0007469616C697A65640025733A2056656EBA
:1005D000646F722048434920657874656E73696F53
:1005E0006E73206E6F7420617661696C61626C65F8
:1005F0000025733A20485720506C6174666F726D05
:100600003A20257320283078253034782900257346
:100610003A2048572056617269616E743A202573FA
:100620002028307825303478290025733A2046690F
:10063000726D776172653A202573202830782530F5
:100640003278292056657273696F6E2025752E25C4
:1006500075204275696C642025750025733A204623
:1006600061696C656420746F2072656164207375C4
:1006700070706F727465642076656E646F7220634B
:100680006F6D6D616E64730025733A204661696C0D
:10069000656420746F207265616420737570706F7B
:1006A000727465642076656E646F7220666561742D
:1006B000757265730025733A204E6F2048434920B8
:1006C00064726976657220726567697374657265B4
:1006D000640042542054580042542052580025735C
:1006E0003A2048434920647269766572206F7065CC
:1006F0006E206661696C6564202825642900257375
:100700003A204843492064726976657220636C6FB1
:100710007365206661696C65642028256429005A28
:1007200065706879720025733A2053657420486FAC
:100730007374204368616E6E656C20436C617373E3
:10074000696669636174696F6E20636F6D6D616E58
:1007500064206973206E6F7420737570706F72748B
:10076000656400312E306200312E3100312E3200AE
:10077000322E3000322E3100332E3000342E310034
:10078000342E3200352E3000352E3100352E320019
:10079000352E3300352E34005374616E64617264FB
:1007A00020426C7565746F6F746820636F6E74722D
:1007B0006F6C6C65720056656E646F722073706545
:1007C000636966696320636F6E74726F6C6C6572C7
:1007D000004669726D77617265206C6F6164657245
:1007E0000052657363756520696D616765007265A8
:1007F000736572766564006E5246353178006E52CC
:1008000046353278006E524635337800496E74654D
:100810006C20436F72706F726174696F6E004E6FFF
:10082000726469632053656D69636F6E6475637488
:100830006F72004E58502053656D69636F6E64751A
:1008400063746F72730062745F6863695F636F7271
:10085000650025733A204661696C656420746F20D9
:1008600064697361626C652061646472657373208E
:100870007265736F6C7574696F6E0025733A2052E0
:1008800065736F6C76696E67206C69737420736929
:100890007A652065786365656465642E20537769A1
:1008A000746368696E6720746F20686F73742E00BC
:1008B00025733A204661696C656420746F20636C0F
:1008C000656172207265736F6C7574696F6E206CF0
:1008D0006973740025733A204661696C65642074FD
:1008E0006F206164642049524B20746F20636F6EE7
:1008F00074726F6C6C65720025733A2053657420B6
:1009000070726976616379206D6F646520636F6DC5
:100910006D616E64206973206E6F742073757070E2
:100920006F727465640025733A204661696C656472
:1009300020746F207365742070726976616379200A
:100940006D6F64650025733A2044697361626C6958
:100950006E672061646472657373207265736F6C77
:100960007574696F6E206661696C656420286572B4
:1009700072202564290025733A204661696C6564FC
:1009800020746F2072656D6F76652049524B20662A
:10099000726F6D20636F6E74726F6C6C6572002580
:1009A000733A204F6E6C792073746174696320729E
:1009B000616E646F6D206964656E7469747920611D
:1009C00064647265737320737570706F727465649C
:1009D0000025733A20496E76616C696420696E70F7
:1009E000757420706172616D657465727300257332
:1009F0003A204661696C656420746F207265616499
:100A0000207075626C696320616464726573730041
:100A100025733A20526561642053746174696320C0
:100A200041646472657373657320636F6D6D616E8D
:100A300064206E6F7420617661696C61626C650020
:100A400025733A204661696C656420746F20726575
:100A50006164207374617469632061646472657396
:100A60007365730025733A204E6F20737461746947
:100A700063206164647265737365732073746F724D
:100A8000656420696E20636F6E74726F6C6C657242
:100A90000025733A2049676E6F72696E6720666140
:100AA000696C75726520746F20736574206164646D
:100AB0007265737320666F722070617373697665F7
:100AC000207363616E20282564290025733A204332
:100AD000616E27742073657420626F7468204944C6
:100AE000454E544954592026204E525041002573FA
:100AF0003A20556E61626C6520746F2073657420B6
:100B00006964656E74697479206164647265737375
:100B10000025733A20556E61626C6520746F2073F6
:100B200065742072616E646F6D20616464726573B8
:100B3000730062745F69640025733A20546F6F20FC
:100B4000626967206164766572746973696E672093
:100B5000646174610025733A204661696C656420A4
:100B6000746F207374617274206164766572746945
:100B70007365720025733A204661696C6564207460
:100B80006F2073746F702061647665727469736925
:100B90006E673A2025640025733A20436F6E7472A5
:100BA0006F6C6C65722063616E6E6F74207265731A
:100BB000756D6520636F6E6E65637461626C652030
:100BC0006164766572746973696E6720282564298B
:100BD0000062745F6164760025733A20556E657813
:100BE00070656374656420656E64206F662062754D
:100BF000666665720062745F7363616E0025733AA6
:100C0000204661696C656420746F2072652D736580
:100C100065642050524E470025733A204661696C46
:100C2000656420746F20696E697469616C697A65A6
:100C30002050524E470062745F686F73745F637236
:100C40007970746F0025733A204543432048434927
:100C500020636F6D6D616E6473206E6F74206176BA
:100C600061696C61626C650025733A2043616C6C4C
:100C70006261636B20616C72656164792072656783
:100C8000697374657265640025733A2053656E64F8
:100C9000696E67204C452050323536205075626CA5
:100CA0006963204B657920636F6D6D616E642066AA
:100CB00061696C65640025733A204661696C6564FE
:100CC00020746F2067656E65726174652044484BBF
:100CD00065792028657272202564290062745F6539
:100CE00063630025733A20556E657870656374659B
:100CF00064206669727374204C32434150206672DE
:100D0000616D650025733A20556E65787065637472
:100D10006564204C3243415020636F6E74696E7578
:100D20006174696F6E0025733A204E6F7420656E92
:100D30006F7567682062756666657220737061639F
:100D40006520666F72204C324341502064617461AB
:100D50000025733A20556E6578706563746564206C
:100D600041434C20666C616773202830782530320F
:100D700078290025733A2041434C206C656E206D24
:100D800069736D6174636820282575203E20257580
:100D9000290025733A206E6F7420656E6F75676841
:100DA00020726F6F6D20696E20757365725F64616C
:100DB0007461202564203C2025640025733A206E50
:100DC0006F7420636F6E6E656374656421002573B4
:100DD0003A20446973636F6E6E656374656420774F
:100DE00068696C6520616C6C6F636174696E672003
:100DF000636F6E746578740028756E6B6E6F776EB6
:100E0000290025733A206E6F207472616E736974C5
:100E1000696F6E2025730025733A20496E76616CE8
:100E200069642028257529206F6C642073746174AF
:100E3000650025733A206E6F2076616C6964202806
:100E4000257529207374617465207761732073653B
:100E5000740025733A20696E636F6D706174696206
:100E60006C652068616E646C652025750025733A99
:100E700020556E61626C6520746F20616C6C6F63CD
:100E80006174652062756666657220776974686949
:100E90006E2074696D656F75740025733A20466F16
:100EA000756E642076616C696420636F6E6E656335
:100EB00074696F6E20696E20257320737461746588
:100EC0000025733A2053656E64204C452070617292
:100ED000616D20757064617465206661696C65641C
:100EE0002028657272202564290025733A205365F5
:100EF0006E64206175746F204C4520706172616D65
:100F000020757064617465206661696C6564202871
:100F10006572722025642900574553545F544F5021
:100F20004449522F7A65706879722F7375627379AC
:100F3000732F626C7565746F6F74682F686F73744C
:100F40002F636F6E6E2E6300646973636F6E6E65E0
:100F50006374656400646973636F6E6E6563742D9A
:100F6000636F6D706C65746500636F6E6E6563743E
:100F7000696E672D7363616E00636F6E6E65637477
:100F8000696E672D6175746F00636F6E6E65637453
:100F9000696E672D61647600636F6E6E6563746958
:100FA0006E672D6469722D61647600646973636F86
:100FB0006E6E656374696E670062745F636F6E6EF8
:100FC0000025733A20556E61626C6520746F206154
:100FD0006C6C6F636174652062756666657220660D
:100FE0006F72206F70203078253032780025733A88
:100FF000204E6F20617661696C61626C65204C32B5
:1010000043415020636F6E7465787420666F722060
:10101000636F6E6E2025700025733A20546F6F2029
:10102000736D616C6C204C32434150207369676E64
:10103000616C696E67205044550025733A204C322C
:10104000434150206C656E677468206D69736D61F3
:101050007463682028257520213D202575290025E9
:10106000733A20496E76616C6964206964656E74B8
:101070002076616C756520696E204C3243415020AA
:101080005044550025733A20546F6F20736D616C86
:101090006C204C4520636F6E6E20706172616D2014
:1010A0007273700025733A20546F6F20736D616CFA
:1010B0006C204C4520636F6E6E20757064617465A2
:1010C00020706172616D207265710025733A204E47
:1010D0006F7420636F6E6E65637465640025733A88
:1010E0002052656A656374696E6720756E6B6E6FFA
:1010F000776E204C324341502050445520636F643A
:1011000065203078253032780025733A20546F6F8F
:1011100020736D616C6C204C32434150205044551B
:101120002072656365697665640025733A204967B6
:101130006E6F72696E67206461746120666F7220E1
:10114000756E6B6E6F776E206368616E6E656C2076
:1011500049442030782530347800636F6E666967C3
:101160000062745F6C326361700025733A20556EC3
:1011700061626C6520746F206372656174652055CF
:101180005549443A2073697A652025750025733ADC
:1011900020556E61626C6520746F206372656174A6
:1011A0006520555549443A2073697A6520256400C5
:1011B00025733A20556E61626C6520746F206669F4
:1011C0006E6420415454206368616E6E656C002526
:1011D000733A20415454206368616E6E656C206ED2
:1011E0006F7420636F6E6E65637465640025733A77
:1011F00020415454204D54552065786365656465DD
:10120000642C206D61782025752C2077616E7465C3
:101210006420257A750025733A20616C72656164DB
:10122000792070726F63657373696E6720612052F5
:1012300045512F525350206F6E206368616E2025F8
:10124000700025733A20556E61626C6520746F20C2
:10125000616C6C6F63617465204154542054582054
:101260006D6574610025733A204E6F206176616967
:101270006C61626C652041545420636F6E746578B4
:101280007420666F7220636F6E6E20257000257368
:101290003A204E6F20617661696C61626C65204115
:1012A0005454206368616E6E656C20666F722063B3
:1012B0006F6E6E2025700025733A204572726F7232
:1012C000207369676E696E672064617461002573BD
:1012D0003A2052616E206F7574206F66205458203A
:1012E00062756666657273206F7220636F6E7465D7
:1012F0007874732E0025733A20756E61626C6520D8
:10130000746F20616C6C6F63617465206275662018
:10131000666F72206572726F7220726573706F6E85
:1013200073650025733A20546F6F20736D616C6C88
:101330002041545420504455207265636569766598
:10134000640025733A20556E68616E646C65642094
:1013500041545420636F6465203078253032780022
:1013600025733A2049676E6F72696E6720756E65E6
:101370007870656374656420726571756573740057
:1013800025733A2049676E6F72696E6720756E65C6
:101390007870656374656420696E646963617469FB
:1013A0006F6E0025733A20496E76616C6964206C1B
:1013B000656E20257520666F7220636F646520302E
:1013C00078253032780025733A204E6F20415454EE
:1013D000206368616E6E656C20666F72204D545597
:1013E00020257A750025733A2041545420636861A2
:1013F0006E6E656C202570204D545520746F6F20E3
:10140000736D616C6C20666F7220525350202825DA
:1014100075203C202575290025733A204E6F2070D9
:10142000656E64696E6720415454207265717565FC
:1014300073740025733A204154542054696D656FCC
:10144000757420666F722064657669636520257304
:101450000062745F6174740025733A207772697456
:10146000652063616C6C6261636B206973206465E5
:1014700070726563617465642C2075736520737583
:101480006273637269626520636220696E7374655A
:1014900061640025733A204E6F207370616365208C
:1014A000746F2073746F72652043434320636667D3
:1014B0000025733A20756E61626C6520746F20732D
:1014C0006176652053433A206E6F20636667206C17
:1014D0006566740025733A204E6F207370616365F2
:1014E00020746F2073746F726520436C69656E742D
:1014F00020537570706F72746564204665617475F1
:101500007265730025733A20556E61626C652074B4
:101510006F2073657475702041455320434D4143DE
:101520000025733A20556E61626C6520746F2063EC
:10153000616C63756C617465206861736800257304
:101540003A204C696E6B206973206E6F7420656E53
:10155000637279707465640025733A204465766916
:101560006365206973206E6F742073756273637294
:101570006962656420746F20636861726163746579
:101580007269737469630025733A204E6F20627527
:101590006666657220617661696C61626C65207453
:1015A0006F2073656E6420696E6469636174696F2E
:1015B0006E0025733A20434343202570206E6F74DC
:1015C000207772697461626C650025733A20534319
:1015D00020726573746F726520696E6469636174EB
:1015E000696F6E206661696C65640025733A204EF0
:1015F0006F2062756666657220617661696C6162F2
:101600006C6520746F2073656E64206E6F746966FC
:1016100069636174696F6E0025733A20556E6B6E55
:101620006F776E2055554944207479706520257573
:101630000025733A20496E76616C69642064697391
:10164000636F7665727920747970653A202575002C
:1016500025733A20496E76616C6964206461746117
:10166000206C656E2025750025733A20496E7661E1
:101670006C696420666F726D617420257500257336
:101680003A20496E76616C69642068616E646C65AD
:101690000025733A20556E61626C6520746F20617D
:1016A0006C6C6F63617465206C656E67746820256F
:1016B000753A206F6E6C7920257A7520777269747F
:1016C00074656E0025733A20496E636F72726563AC
:1016D00074206C656E6774682C2063616E63656C42
:1016E000696E672077726974650025733A20496EC8
:1016F000636F7272656374206F6666736574206FC2
:1017000072206461746120696E20726573706F6EFF
:1017100073652C2063616E63656C696E67207772F8
:101720006974650025733A20496E76616C6964209E
:1017300064617461206C656E202575203E202575DE
:101740000025733A204661696C656420746F2073CC
:10175000657420736563757269747920666F722091
:10176000626F6E6465642070656572202825642947
:101770000062742F6363630062745F676174740056
:1017800025733A204E6F20617661696C61626C65E9
:1017900020534D5020636F6E7465787420666F72AD
:1017A00020636F6E6E2025700025733A20556E6B96
:1017B0006E6F776E2070616972696E67206D6574F7
:1017C000686F6420282575290025733A2043616CD1
:1017D00063756C61746520636F6E6669726D2066F7
:1017E00061696C65640025733A20556E61626C65B1
:1017F00020746F2066696E6420534D5020636861C9
:101800006E6E656C0025733A204661696C656420D4
:10181000746F2067656E65726174652044484B651E
:10182000790025733A204A757374576F726B732071
:101830006661696C65642C2061757468656E746995
:101840006361746564206B6579732070726573657C
:101850006E740025733A20556E61626C6520746F5A
:1018600020676574206B65797320666F722025731D
:101870000025733A204E6F206B6579732073706179
:10188000636520666F722025730025733A20556EBC
:1018900061626C6520746F206765742072616E648C
:1018A0006F6D2062797465730025733A20556E61FF
:1018B000626C6520746F20616C6C6F63617465206D
:1018C000456E637279707420496E666F206275662A
:1018D0006665720025733A20556E61626C652074EE
:1018E0006F20616C6C6F636174652043656E747208
:1018F000616C204964656E7420627566666572006D
:1019000025733A2052656D6F7465207075626C693D
:1019100063206B65792072656A6563746564002570
:10192000733A2052656D6F74652069732075736911
:101930006E67204465627567205075626C6963202C
:101940006B65790025733A2043616C63756C617433
:1019500065204C544B206661696C65640025733AC0
:101960002043616C63756C617465206C6F63616C9E
:101970002044484B657920636865636B2066616924
:101980006C65640025733A2043616C63756C617407
:10199000652072656D6F74652044484B65792063DE
:1019A0006865636B206661696C65640025733A2025
:1019B0004661696C656420746F2073746172742071
:1019C000656E6372797074696F6E0025733A204397
:1019D000616C63756C6174652053544B206661695A
:1019E0006C65640025733A204E65772061757468D4
:1019F00020726571756972656D656E74733A203019
:101A00007825782C20726570616972696E6700258F
:101A1000733A20556E737570706F727465642061CF
:101A200075746820726571756972656D656E747321
:101A30003A20307825782C20726570616972696E61
:101A4000670025733A204E6F7420636F6E6E656376
:101A5000746564210025733A20534D5020646F65EE
:101A600073206E6F7420616C6C6F772061207061E1
:101A70006972696E67206661696C75726520617450
:101A8000207468697320706F696E742E204B6E6FBE
:101A9000776E2069737375652E20446973636F6E6A
:101AA0006E656374696E6720696E73746561642E18
:101AB0000025733A20546F6F20736D616C6C205356
:101AC0004D50205044552072656365697665640009
:101AD00025733A20534D5020636F6D6D616E642005
:101AE00028636F646520307825303278292072654C
:101AF0006365697665642061667465722074696DDA
:101B0000656F75740025733A205265636569766563
:101B10006420726573657276656420534D5020634E
:101B20006F6465203078253032780025733A20556F
:101B30006E68616E646C656420534D5020636F6401
:101B400065203078253032780025733A20556E654F
:101B50007870656374656420534D5020636F6465CD
:101B6000203078253032780025733A205075626C29
:101B70006963206B6579206E6F7420617661696C92
:101B800061626C650025733A20496E76616C696408
:101B9000206964656E746974792025730025733A31
:101BA0002020666F722025730025733A20526566E7
:101BB0007573696E67206E65772070616972696EF2
:101BC000672E20546865206F6C6420626F6E6420FD
:101BD0006D75737420626520756E706169726564DD
:101BE0002066697273742E0025733A2070616972E1
:101BF000696E67206661696C65642028706565722E
:101C000020726561736F6E20307825782900257306
:101C10003A20534D502054696D656F75740062749D
:101C20005F736D700062745F6B6579730062745FDF
:101C300063727970746F006E65745F627566006EB2
:101C400065745F6275665F73696D706C65006E6563
:101C5000745F636F7265006E65742564006E6574F1
:101C60005F69660049434D50763400544350005537
:101C700044500049434D5076360043414E5F524137
:101C80005700554E4B5F50524F544F003C756E6B92
:101C90006E6F776E3E0041465F554E535045430090
:101CA00041465F494E45540041465F494E455436D2
:101CB0000041465F5041434B45540041465F43411C
:101CC0004E006E65745F7574696C730049444C45D1
:101CD00000434F4E4E454354494E4700434F4E4EEE
:101CE0004543544544004C495354454E494E4700E2
:101CF0006E65745F637478006E65745F706B7400FA
:101D000072785F715B25645D006E65745F7463005B
:101D10006E65745F636F6E6E0044657374696E61A7
:101D200074696F6E20556E726561636861626C657F
:101D3000003F0054696D652045786365656465649E
:101D400000495076362042616420486561646572BE
:101D5000004563686F205265717565737400456353
:101D6000686F205265706C79004D756C74696361A1
:101D70007374204C697374656E6572205175657259
:101D80007900526F7574657220536F6C6963697462
:101D90006174696F6E00526F75746572204164766C
:101DA0006572746973656D656E74004E6569676808
:101DB000626F7220536F6C696369746174696F6ECE
:101DC000004E65696768626F72204164766572745F
:101DD0006973656D656E74004D756C7469636173CC
:101DE00074204C697374656E6572205265706F72F1
:101DF00074207632005061636B657420546F6F20DD
:101E0000426967006E65745F69636D707636006E57
:101E100065745F6E6272006E65745F69707636001D
:101E20003C696E76616C69642073746174653E0010
:101E3000696E636F6D706C657465007374616C6559
:101E40000064656C61790070726F62650073746123
:101E5000746963006E65745F726F757465006E659A
:101E6000745F756470006E65745F646E735F726535
:101E7000736F6C76650025733A2053656C656374E7
:101E8000656420414443206761696E206973206E58
:101E90006F742076616C69640025733A2053656C19
:101EA00065637465642041444320726566657265AC
:101EB0006E6365206973206E6F742076616C69644F
:101EC0000025733A2053656C656374656420414452
:101ED00043206163717569736974696F6E207469F9
:101EE0006D65206973206E6F742076616C69640083
:101EF00025733A20496E76616C69642073656C6560
:101F00006374696F6E206F66206368616E6E656CC6
:101F1000730025733A204368616E6E656C202575E9
:101F2000206E6F7420636F6E6669677572656400FA
:101F300025733A20414443207265736F6C75746950
:101F40006F6E2076616C7565202564206973206E44
:101F50006F742076616C69640025733A204F766552
:101F60007273616D706C696E672069732073757030
:101F7000706F7274656420666F722073696E676C2F
:101F800065206368616E6E656C206F6E6C790025EC
:101F9000733A204F76657273616D706C696E67205D
:101FA00076616C7565202564206973206E6F7420DE
:101FB00076616C69640025733A2050726F766964AB
:101FC00065642062756666657220697320746F6F40
:101FD00020736D616C6C202825752F257529006193
:101FE00064634065303030006164635F6E726678B0
:101FF0005F73616164630025733A20556E6B6E6F89
:10200000776E20747970652025750025733A204617
:1020100061696C656420746F2073656E6420286547
:102020007272202564290025733A204661696C6527
:102030006420746F207265676973746572204254FE
:10204000204849432064726976657220286572725F
:10205000202564290025733A204950432073657276
:102060007669636520696E7374616E636520696E5D
:10207000697469616C697A6174696F6E20666169FF
:102080006C65643A2025640A0025733A205265671E
:102090006973746572696E6720656E64706F696ECE
:1020A00074206661696C65642077697468202564B2
:1020B0000025733A20456E64706F696E7420626902
:1020C0006E64696E67206661696C65642077697407
:1020D000682025640025733A204E6F7420656E6F6A
:1020E000756768206461746120666F72206576652B
:1020F0006E74206865616465720025733A204576C8
:10210000656E74207061796C6F6164206C656E67B8
:102110007468206973206E6F7420636F72726563D8
:10212000740025733A20436F756C646E27742061C8
:102130006C6C6F63617465206120627566666572A0
:102140002061667465722077616974696E672031F9
:1021500030207365636F6E64732E0025733A204ED2
:102160006F7420656E6F756768207370616365209A
:10217000696E2062756666657220257A752F257AEC
:10218000750025733A204E6F7420656E6F75676811
:10219000206461746120666F722041434C20686541
:1021A000616465720025733A204E6F206176616923
:1021B0006C61626C652041434C2062756666657295
:1021C00073210025733A2041434C207061796C6F74
:1021D0006164206C656E677468206973206E6F742B
:1021E00020636F72726563740025733A204E6F74BA
:1021F00020656E6F756768206461746120666F7218
:102200002049534F206865616465720025733A2048
:102210004E6F20617661696C61626C652049534F35
:102220002062756666657273210025733A204953F2
:102230004F207061796C6F6164206C656E677468A3
:10224000206973206E6F7420636F7272656374000F
:1022500025733A20556E6B6E6F776E204843492088
:10226000747970652025750052504D7367006E7249
:10227000665F62745F6863690062745F6863695F68
:1022800064726976657200636C6F636B40353030E1
:1022900030006866636C6B006C66636C6B0068662C
:1022A000636C6B3139326D006866636C6B617564A9
:1022B000696F00636C6F636B5F636F6E74726F6CDA
:1022C00000656E74726F70795F62745F6863690035
:1022D00063727970746F4035303834343030300088
:1022E00025733A2063696E7374722025303278202A
:1022F0007472616E7366657220746F6F206C6F6E9E
:10230000673A20257A750025733A206572617365F6
:10231000206572726F723A20616464726573732013
:102320006F722073697A65206578636565647320D0
:1023300065787065637465642076616C7565732E6D
:10234000416464723A203078256C782073697A652C
:1023500020257A750025733A20756E737570706F3D
:1023600072746564206174203078256C78207369FC
:102370007A6520257A750025733A20657261736548
:10238000206572726F72206174203078256C78201D
:1023900073697A6520257A7500636C656172002522
:1023A000733A2052445352206661696C65643A2046
:1023B00025640025733A2051452025732066616904
:1023C0006C65643A2025640025733A204A454445EB
:1023D00043206964205B2530327820253032782014
:1023E000253032785D20657870656374205B253018
:1023F0003278202530327820253032785D00257300
:102400003A207772697465206572726F723A206142
:10241000646472657373206F722073697A652065D6
:10242000786365656473206578706563746564209E
:1024300076616C7565732E416464723A203078253C
:102440006C782073697A6520257A750025733A20A7
:1024500072656164206572726F723A2061646472A1
:10246000657373206F722073697A65206578636580
:102470006564732065787065637465642076616C4B
:102480007565732E416464723A203078256C78202B
:1024900073697A6520257A7500656E61626C6500E6
:1024A00064697361626C650025733A204E52462060
:1024B00051535049204E4F522058495020257320E7
:1024C0006661696C656420776974682025640A0018
:1024D0006D78323572363433356640300071737042
:1024E000695F6E6F720025733A20696E76616C6960
:1024F0006420616464726573733A203078253038E3
:102500006C783A257A750025733A20756E616C698E
:10251000676E656420616464726573733A20307815
:102520002530386C783A257A750025733A206E6F1D
:102530007420776F72642D616C69676E65643A20F0
:1025400030782530386C783A257A7500666C61737E
:10255000682D636F6E74726F6C6C657240333930C6
:10256000303000666C6173685F6E72660067706918
:102570006F40383432383030006770696F4038341B
:1025800032353030006932630025733A20756E733E
:102590007570706F72746564207370656564002572
:1025A000733A204661696C656420746F20696E69B6
:1025B0007469616C697A65206465766963653A203F
:1025C00025730025733A204E65656420746F20756D
:1025D00073652074686520696E7465726E616C2025
:1025E00064726976657220627566666572206275CE
:1025F00074206974732073697A6520697320696E29
:1026000073756666696369656E7420282575202B6D
:10261000202575203E202575292E2041646A75737A
:102620007420746865207A65706879722C636F6EA7
:102630006361742D6275662D73697A65206F7220EF
:102640007A65706879722C666C6173682D62756644
:102650002D6D61782D73697A652070726F70657267
:1026600074792028746865206F6E652077697468B6
:1026700020677265617465722076616C75652920CA
:10268000696E207468652022257322206E6F646550
:102690002E0025733A204572726F72206F6E2049AA
:1026A0003243206C696E65206F6363757272656476
:1026B00020666F72206D6573736167652025640005
:1026C00025733A204572726F722030782530385861
:1026D000206F6363757272656420666F72206D652A
:1026E0007373616765202564006932634039303057
:1026F00030006932635F6E7266785F7477696D006F
:1027000025733A2074785F6D61736B20746F6F204E
:1027100062696720286F72204950435F434F4E46DD
:102720005F4E554D20746F6F20736D616C6C290086
:1027300025733A2072785F6D61736B20746F6F2020
:1027400062696720286F72204950435F434F4E46AD
:102750005F4E554D20746F6F20736D616C6C290056
:1027600025733A2053656E64696E672064617461F5
:10277000206E6F7420737570706F727465640025BD
:10278000733A205258206576656E74206F6E20690A
:102790006C6C6567616C206368616E6E656C0025AA
:1027A000733A205258206576656E74206F6E2064EF
:1027B000697361626C6564206368616E6E656C004C
:1027C00025733A20456E61626C696E6720636861AB
:1027D0006E6E656C20776974686F75742061207205
:1027E0006567697374657265642063616C6C6261AE
:1027F000636B0A006D626F78403261303030006D7B
:10280000626F785F6E7266785F6970630025733AF5
:1028100020496E76616C6964206368616E6E656CD8
:102820003A2025752E0025733A20496E636F6D702E
:10283000617469626C6520706572696F642E002531
:10284000733A205072657363616C657220666F72B3
:1028500020706572696F645F6379636C65732025AE
:1028600075206E6F7420666F756E642E0070776DC4
:102870004032313030300070776D5F6E72667800B4
:1028800025733A204661696C656420746F20616C21
:102890006C6F6361746520505049204368616E6EAF
:1028A000656C00756172744038303030007561724B
:1028B000745F6E7266785F75617274650025733A35
:1028C000204661696C656420746F20616C6C6F6375
:1028D000617465204750494F5445206368616E6EAE
:1028E000656C20666F722057414B450025733A2076
:1028F0004661696C656420746F20636F6E666967FA
:102900007572652057414B452070696E0025733AFA
:10291000204353204750494F20706F727420257315
:102920002070696E202564206973206E6F74207298
:10293000656164790025733A20557064617465207F
:10294000657863656564732063757272656E742063
:102950006275666665720025733A2048616C662D63
:102960006475706C6578206E6F7420737570706F0D
:10297000727465640025733A20536C617665206D2E
:102980006F6465206973206E6F7420737570706F4B
:1029900072746564206F6E2025730025733A204C95
:1029A0006F6F706261636B206D6F64652069732067
:1029B0006E6F7420737570706F7274656400257328
:1029C0003A20576F72642073697A6573206F746858
:1029D0006572207468616E203820626974732061AA
:1029E0007265206E6F7420737570706F7274656499
:1029F0000025733A204672657175656E636965736B
:102A0000206C6F776572207468616E2031323520DA
:102A10006B487A20617265206E6F742073757070D8
:102A20006F727465640025733A204661696C656451
:102A300020746F20696E697469616C697A65206EB3
:102A4000726678206472697665723A20253038782B
:102A50000025733A2057616974696E6720666F724A
:102A60002057414B452061636B6E6F776C656467DF
:102A70006D656E742074696D6564206F75740025D2
:102A8000733A2054696D656F757420776169746954
:102A90006E6720666F72207472616E736665722055
:102AA000636F6D706C657465007370694061303080
:102AB00030007370695F6E7266785F7370696D0065
:102AC0007761746368646F67403138303030007705
:102AD00064745F6E7266780025733A205265736580
:102AE0007474696E672073797374656D00666174C0
:102AF000616C5F6572726F72004E5246585F53553B
:102B00004343455353004E5246585F4552524F522D
:102B10005F4E4F5F4D454D004E5246585F455252F5
:102B20004F525F4E4F545F535550504F525445448F
:102B3000004E5246585F4552524F525F494E5641E1
:102B40004C49445F504152414D004E5246585F45FA
:102B500052524F525F494E56414C49445F53544183
:102B60005445004E5246585F4552524F525F494EAF
:102B700056414C49445F4C454E475448004E5246DE
:102B8000585F4552524F525F54494D454F5554007E
:102B90004E5246585F4552524F525F464F5242493D
:102BA0004444454E004E5246585F4552524F525F84
:102BB0004E554C4C004E5246585F4552524F525F54
:102BC000494E56414C49445F41444452004E52469E
:102BD000585F4552524F525F42555359004E52462C
:102BE000585F4552524F525F414C52454144595FE4
:102BF000494E495449414C495A4544004E52465861
:102C00005F4552524F525F4452565F5457495F4599
:102C100052525F4F56455252554E004E5246585FE3
:102C20004552524F525F4452565F5457495F455286
:102C3000525F414E41434B004E5246585F455252FF
:102C40004F525F4452565F5457495F4552525F445A
:102C50004E41434B004E5246585F4552524F525FD1
:102C6000494E5445524E414C004E5246585F434CDB
:102C70004F434B004E5246585F44505049004E520D
:102C800046585F4750494F5445004E5246585F5092
:102C9000574D004E5246585F5350494D004E5246D4
:102CA000585F5457494D004E5246585F57445400A0
:102CB000756E72656769737465726564202573202B
:102CC0006275730A004E6F20256420617661696C1D
:102CD00061626C6520736F667420697271732E0D6A
:102CE0000A00312E342E30006D6574616C3A206517
:102CF0006D657267656E63793A20006D6574616C0D
:102D00003A20616C6572743A2020202020006D65A5
:102D100074616C3A20637269746963616C3A202053
:102D2000006D6574616C3A206572726F723A202092
:102D3000202020006D6574616C3A207761726E69A5
:102D40006E673A202020006D6574616C3A206E6FCA
:102D5000746963653A20202020006D6574616C3AC7
:102D600020696E666F3A202020202020006D657457
:102D7000616C3A2064656275673A2020202020004B
:102D80004E6574776F726B00426C6F636B00436FBC
:102D90006E736F6C6500456E74726F70790042617E
:102DA0006C6C6F6F6E00494F4D656D6F727900539B
:102DB000435349003950205472616E73706F7274BE
:102DC000004D4143383032313120574C414E005292
:102DD000656D6F746570726F632053657269616CA5
:102DE0000047505500496E7075740056736F636BE1
:102DF000205472616E73706F727400536F756E64DD
:102E00000046696C652053797374656D004D4143CC
:102E1000383032313120485753494D004932432030
:102E20004164617074657200426C7565746F6F7493
:102E300068004750494F0025733A206672656569FE
:102E40006E67206E6F6E2D656D7074792076697275
:102E50007471756575650D0A0056513A2025732009
:102E60002D2073697A653D25643B20667265653D5A
:102E700025643B207175657565643D25643B206460
:102E80006573635F686561645F6964783D25643B71
:102E900020617661696C61626C655F6964783D256B
:102EA000643B20617661696C2E6964783D25643BE2
:102EB00020757365645F636F6E735F6964783D2529
:102EC000643B20757365642E6964783D25643B20FE
:102ED000617661696C2E666C6167733D3078257828
:102EE0003B20757365642E666C6167733D30782591
:102EF000780D0A0072785F76710074785F767100E1
:102F00004E53004C6F6164696E6720454C462068E3
:102F10006561646572696E670D0A004C6F61646972
:102F20006E6720454C462070726F6772616D206835
:102F300065616465722E0D0A004C6F6164696E678D
:102F400020454C462073656374696F6E2068656127
:102F50006465722E0D0A004C6F6164696E672045CE
:102F60004C462073656374696F6E206865616465A3
:102F70007220636F6D706C6574652E0D0A004C6F66
:102F80006164696E6720454C46207368737472747F
:102F900061622E0D0A002E7265736F757263655F34
:102FA0007461626C65006E6565647320746F206C7B
:102FB0006F6164206865616465722066697273740C
:102FC0000D0A0063616E6E6F742066696E64206D19
:102FD0006F7265207365676D656E740D0A007365A9
:102FE000676D656E743A2025642C20746F74616C73
:102FF00020736567732025640D0A007F454C4600E9
:1030000067657420727363206661696C65643A2039
:103010003078256C6C782C203078256C6C780D0A13
:103020000025733A20636865636B2072656D6F7469
:103030006570726F63207374617475730D0A006C30
:103040006F6164206661696C7572653A20696E769D
:10305000616C6964207270726F632073746174654F
:103060002025642E0D0A006C6F6164206661696C16
:103070007572653A206C6F61646572206F707320A1
:103080006973206E6F74207365742E0D0A002573AA
:103090003A206F70656E2065786563757461626C47
:1030A0006520696D6167650D0A006C6F616420665B
:1030B00061696C7572653A206661696C656420743B
:1030C0006F206F70656E206669726D776172652022
:1030D00025642E0D0A0025733A20636865636B2012
:1030E0006C6F616465720D0A006C6F6164206661CB
:1030F000696C7572653A206661696C656420746FED
:10310000206765742073746F7265206F70732E0D65
:103110000A0025733A206C6F6164696E67206865E8
:1031200061646572730D0A0025732C206C6F6164F5
:1031300020686561646572203078256C782C2030B9
:103140007825782C206E657874203078256C782C62
:1031500020307825780D0A006C6F61642068656105
:10316000646572206661696C6564203078256C78CE
:103170002C25642E0D0A0025733A206C6F616420A3
:1031800065786563757461626C6520646174610D56
:103190000A006C6F61642064617461206661696C0F
:1031A00065642C3078256C782C25640D0A006C6FD2
:1031B000616420646174613A206461203078256C18
:1031C000782C206F6666736574203078256C782CB7
:1031D000206C656E203D203078256C782C206D6544
:1031E0006D73697A65203D203078256C782C2073CA
:1031F0007461746520307825780D0A006C6F616405
:10320000206661696C65642C206E6F206D61707042
:10321000696E6720666F72203078256C6C782E0D91
:103220000A006C6F61642064617461206661696C7E
:103230006564203078256C782C203078256C782CCB
:1032400020307825780D0A006E6F7420616C6C2038
:1032500074686520686561646572732061726520B9
:103260006C6F616465640D0A00706F73742D6C6F10
:10327000616420696D6167652064617461206661C5
:10328000696C656420307825782C25640D0A00254A
:10329000732C20757064617465207265736F75722C
:1032A0006365207461626C650D0A006C6F61643A3D
:1032B000206661696C656420746F20757064617448
:1032C00065207273630D0A006C6F61643A206E6F43
:1032D000742061626C6520746F2075706461746520
:1032E00020727363207461626C652E0D0A00257371
:1032F0003A207375636365737366756C6C79206CC3
:103300006F6164206669726D776172650D0A006C89
:103310006F6164206661696C7572652C20696E76D8
:10332000616C696420696E707574732C206E6F74A3
:103330002061626C6520746F206964656E746966D3
:103340007920696D6167652E0D0A006C6F616420DC
:103350006661696C7572653A206661696C656420A6
:10336000746F206964656E7469667920696D616740
:10337000652E0D0A006C6F6164206661696C757260
:10338000652C206E6F742061626C65206765742007
:103390006C6F61642073746174652E0D0A0025736F
:1033A0002C206C6F61642064617461203078256C1E
:1033B000782C20307825782C206E65787420307831
:1033C000256C782C20307825780D0A006C6F6164AC
:1033D000206661696C65643A206661696C65642089
:1033E000746F206D6D6170207273630D0A006C6FD5
:1033F0006164206661696C65643A206661696C6528
:103400006420746F20676574207273630D0A006C0A
:103410006F6164206661696C65643A206661696CFD
:10342000656420746F207061727365207273630D20
:103430000A006C6F61642065786563757461626C05
:10344000652C206661696C656420746F20757064FA
:10345000617465207273630D0A0025733A20486118
:103460006C74696E672073797374656D00556E6B4B
:103470006E6F776E206572726F720025733A203E10
:103480003E3E205A455048595220464154414C2016
:103490004552524F522025643A202573206F6E20EA
:1034A0004350552025640025733A204661756C749D
:1034B00020647572696E6720696E746572727570CA
:1034C000742068616E646C696E670A0025733A2027
:1034D00043757272656E74207468726561643A2017
:1034E0002570202825732900435055206578636591
:1034F0007074696F6E00556E68616E646C656420EF
:10350000696E7465727275707400537461636B20B8
:103510006F766572666C6F77004B65726E656C20B6
:103520006F6F7073004B65726E656C2070616E69B1
:10353000630069646C65006F73002B0064756D6DCA
:10354000790070656E64696E67007072657374618E
:10355000727400646561640073757370656E646590
:10356000640061626F7274696E670071756575657C
:103570006400737973776F726B71002A2A2A204274
:103580006F6F74696E67206E524620436F6E6E6572
:1035900063742053444B2076322E352E31202A2A54
:0435A0002A0A0000F3
:1035A40015CD5B0700000000080000200800002083
:1035B4001000002010000020000000006DD4000066
:1035C40000000000000100000000000000000000F6
:1035D40000000000000000000000000000000000E7
:1035E4000000000000000000480000204800002007
:1035F40000000000000000000000000000000000C7
:1036040000000000000000000000000000000000B6
:1036140000000000000000000000000000000000A6
:103624000000000000000000000000000000000096
:103634000000000000000000000000000000000086
:103644000000000000000000000000000000000076
:103654000000000000000000000000000000000066
:103664000000000000000000000000000000000056
:103674000000000000000000000000000000000046
:103684000000000000000000000000000000000036
:103694000000000000000000000000000000000026
:1036A4000000000000000000000000000000000016
:1036B40000000000000000007D2C0000000000005D
:1036C40000000000000000000000000000000000F6
:1036D40000000000000000000000000000000000E6
:1036E40000000000000000000000000000000000D6
:1036F40000000000000000000000000000000000C6
:1037040000000000000000000000000000000000B5
:1037140000000000000000000000000000000000A5
:103724000000000000000000000000000000000095
:103734000000000000000000000000000000000085
:103744000000000000000000000000000000000075
:103754000000000000000000000000000000000065
:103764000000000000000000000000000000000055
:10377400000000000000000000000000C90A000072
:103784000000000000000000000000000000000035
:103794000000000000040000B4010020000000004C
:1037A4000000000000000000000000000000000015
:1037B4000000000000000000000000000000000005
:1037C40000000000000000000000000000000000F5
:1037D4000000000000000000590E0300000000007B
:1037E400000000000000000000000000C1FD020015
:1037F4000000000000000000CD34020000000000C2
:1038040000000000000000000000000000000000B4
:1038140000000000C1FD02000000000000000000E4
:10382400000000000100000088020020880200203F
:1038340000000000C1FD02000000000000000000C4
:103844000000000001000000A8020020A8020020DF
:103854000000000000000000000000000000000064
:103864000000000000000000000000000000000054
:103874000000000000000000000000000000000044
:103884000000000000000000FFFFFFFF0000000038
:1038940048C903000100000000000000000000000F
:1038A4000000000000000000000000000000000014
:1038B4000000000000000000000000000000000004
:1038C400000000000000000048C9030001000000DF
:1038D40000000000000000000000000000000000E4
:1038E40000000000000000000000000000000000D4
:1038F40000000000000000000000000000000000C4
:1039040048C903000100000000000000000000009E
:1039140000000000000000000000000000000000A3
:103924000000000000000000000000000000000093
:103934000000000000000000000000000000000083
:103944000000000000000000000000000000000073
:103954000000000000000000000000000000000063
:103964000000000000000000000000000000000053
:103974000000000000000000000000000000000043
:103984000000000000000000000000000000000033
:103994000000000000000000000000000000000023
:1039A4000000000000000000000000000000000013
:1039B4000000000000000000000000000000000003
:1039C40000000000000000000000000000000000F3
:1039D40000000000000000000000000000000000E3
:1039E40000000000000000000000000000000000D3
:1039F40000000000000000000000000000000000C3
:103A040000000000000000000000000000000000B2
:103A140000000000000000000000000000000000A2
:103A24000000000000000000000000000000000092
:103A34000000000000000000000000000000000082
:103A44000000000000000000000000000000000072
:103A54000000000000000000000000000000000062
:103A64000000000000000000000000000000000052
:103A74000000000000000000000000000000000042
:103A84000000000000000000000000000000000032
:103A94000000000000000000000000000000000022
:103AA4000000000000000000000000000000000012
:103AB4000000000000000000000000000000000002
:103AC40000000000000000000000000000000000F2
:103AD40000000000000000000000000000000000E2
:103AE40000000000000000000000000000000000D2
:103AF40000000000000000000000000000000000C2
:103B040000000000000000000000000000000000B1
:103B140000000000000000000000000000000000A1
:103B24000000000000000000000000000000000091
:103B34000000000000000000000000000000000081
:103B44000000000000000000000000000000000071
:103B54000000000000000000000000000000000061
:103B64000000000000000000000000000000000051
:103B74000000000000000000000000000000000041
:103B84000000000000000000000000000000000031
:103B94000000000000000000000000000000000021
:103BA4000000000000000000000000000000000011
:103BB4000000000000000000000000000000000001
:103BC40000000000000000000000000000000000F1
:103BD40000000000000000000000000000000000E1
:103BE40000000000000000000000000000000000D1
:103BF40000000000000000000000000000000000C1
:103C040000000000000000000000000000000000B0
:103C140000000000000000000000000000000000A0
:103C24000000000000000000000000000000000090
:103C34000000000000000000000000000000000080
:103C44000000000000000000000000000000000070
:103C54000000000000000000000000000000000060
:103C64000000000000000000000000000000000050
:103C74000000000000000000000000000000000040
:103C84000000000000000000000000000000000030
:103C94000000000000000000000000000000000020
:103CA4000000000000000000000000000000000010
:103CB4000000000000000000000000000000000000
:103CC40000000000000000000000000000000000F0
:103CD40000000000000000000000000000000000E0
:103CE40000000000000000000000000000000000D0
:103CF40000000000000000000000000000000000C0
:103D040000000000000000000000000000000000AF
:103D1400000000000000000000000000000000009F
:103D2400000000000000000000000000000000008F
:103D3400000000000000000000000000000000007F
:103D4400000000000000000000000000000000006F
:103D5400000000000000000000000000000000005F
:103D6400000000000000000000000000000000004F
:103D7400000000000000000000000000000000003F
:103D8400000000000000000000000000000000002F
:103D9400000000000000000000000000000000001F
:103DA400000000000000000000000000000000000F
:103DB40000000000000000000000000000000000FF
:103DC40000000000000000000000000000000000EF
:103DD40000000000000000000000000000000000DF
:103DE40000000000000000000000000000000000CF
:103DF40000000000000000000000000000000000BF
:103E040000000000000000000000000000000000AE
:103E1400000000000000000000000000000000009E
:103E2400000000000000000000000000000000008E
:103E3400000000000000000000000000000000007E
:103E4400000000000000000000000000000000006E
:103E5400000000000000000000000000000000005E
:103E6400000000000000000000000000000000004E
:103E7400000000000000000000000000000000003E
:103E8400000000000000000000000000000000002E
:103E9400000000000000000000000000000000001E
:103EA400000000000000000000000000000000000E
:103EB40000000000000000000000000000000000FE
:103EC40000000000000000000000000000000000EE
:103ED40000000000000000000000000000000000DE
:103EE40000000000000000000000000000000000CE
:103EF40000000000000000000000000000000000BE
:103F040000000000000000000000000000000000AD
:103F1400000000000000000000000000000000009D
:103F2400000000000000000000000000000000008D
:103F3400000000000000000000000000000000007D
:103F4400000000000000000000000000000000006D
:103F5400000000000000000000000000000000005D
:103F6400000000000000000000000000000000004D
:103F7400000000000000000000000000000000003D
:103F8400000000000000000000000000E541000007
:103F9400000000000000072000000100A8C3030087
:103FA40000000000A8C3030001000000020000009C
:103FB400000000000000000000020000E182000098
:103FC4000000000000000000EEEEFFC00000000052
:103FD400C43A0020000000000000000000000000BF
:103FE40000000000000000000000000000000000CD
:103FF40000000000000000000000000000000000BD
:1040040000000000000000000000000000000000AC
:10401400DCCA0300101700203A00000064170020D7
:104024003A0000009C1700203A000000BC16002053
:104034003A000000D41700203A000000C9780300B9
:104044003DB800000100000001000000D023002062
:104054000500000001000000784300200500000076
:1040640001000000CC430020050000000100000016
:104074000C4400200500000001000000A4440020BE
:104084000500000001000000C4440020EC0A0020E8
:10409400EC0A00200000000000000000913601003E
:1040A40055430100D542010000000000000000005B
:1040B400EB3601008B350100BD34010025290100D8
:1040C40000000000000000000000000000000000EC
:1040D40000000000000000000000000000000000DC
:1040E4000B4F01000000000000002A2B540B00209D
:1040F4000000020000002A2B000003280000292BE6
:10410400680B002000000A000000292B000003288F
:10411400000002290000052A800B00200000200076
:104124000000052A000003280000011800000028F0
:104134000000042A9C0B0020000002000000042A56
:10414400000003280000012AB00B00200000020038
:104154000000012A000003280000002AC40B0020EC
:10416400000002000000002A0000032800000018DC
:104174000000002801000000699C0100000000000C
:104184000000000011F801008000000000FF400062
:104194000000000000000000000000009103020085
:1041A400000000000000000000000000000000000B
:1041B40000000000000000000000000000000000FB
:1041C40000000000000000000000000000000000EB
:1041D40000000000000000000000000000000000DB
:1041E40000FF40000000000000000000000000008C
:1041F4009103020000000000000000000000000025
:1042040000000000000000000000000000000000AA
:10421400000000000000000000000000000000009A
:10422400000000000000000000000000000000008A
:104234000000000000FF400000000000000000003B
:1042440000000000910302000000000000000000D4
:10425400000000000000000000000000000000005A
:10426400000000000000000000000000000000004A
:10427400000000000000000000000000000000003A
:10428400000000000000000000FF400000000000EB
:104294000000000000000000910302000000000084
:1042A400000000000000000000000000000000000A
:1042B40000000000000000000000000000000000FA
:1042C40000000000000000000000000000000000EA
:1042D40000000000000000000000000000FF40009B
:1042E4000000000000000000000000009103020034
:1042F40000000000000000000000000000000000BA
:1043040000000000000000000000000000000000A9
:104314000000000000000000000000000000000099
:104324000000000000000000000000000000000089
:1043340000FF40000000000000000000000000003A
:1043440091030200000000000000000000000000D3
:104354000000000000000000000000000000000059
:104364000000000000000000000000000000000049
:104374000000000000000000000000000000000039
:104384000000000000FF40000000000000000000EA
:104394000000000091030200000000000000000083
:1043A4000000000000000000000000000000000009
:1043B40000000000000000000000000000000000F9
:1043C40000000000000000000000000000000000E9
:1043D400000000000000000000FF4000000000009A
:1043E4000000000000000000910302000000000033
:1043F40000000000000000000000000000000000B9
:1044040000000000000000000000000000000000A8
:104414000000000000000000000000000000000098
:10442400000000000000000000000000EC0B002071
:10443400570602000800000000000000B11302004B
:104444008700000000000000D1090200880000007D
:10445400000000009F0E0200860000000000000023
:104464002B1B020082000000D40E0020D71D020086
:104474000800000000FF34000000000000000000FD
:1044840000000000D91D0200000000000000000030
:104494000000000000000000000000000000000018
:1044A4000000000000000000000000000000000008
:1044B40000000000000000000000000000FF3400C5
:1044C400000000000000000000000000D91D0200F0
:1044D40000000000000000000000000000000000D8
:1044E40000000000000000000000000000000000C8
:1044F40000000000000000000000000000000000B8
:104504000000000000FF3400000000000000000074
:1045140000000000D91D020000000000000000009F
:104524000000000000000000000000000000000087
:104534000000000000000000000000000000000077
:1045440000000000000000000000000000FF340034
:10455400000000000000000000000000D91D02005F
:104564000000000000000000000000000000000047
:104574000000000000000000000000000000000037
:104584000000000000000000000000000000000027
:104594000000000000FF34000000000000000000E4
:1045A40000000000D91D020000000000000000000F
:1045B40000000000000000000000000000000000F7
:1045C40000000000000000000000000000000000E7
:1045D40000000000000000000000000000FF3400A4
:1045E400000000000000000000000000D91D0200CF
:1045F40000000000000000000000000000000000B7
:1046040000000000000000000000000000000000A6
:104614000000000000000000000000000000000096
:104624000000000000FF3400000000000000000053
:1046340000000000D91D020000000000000000007E
:104644000000000000000000000000000000000066
:104654000000000000000000000000000000000056
:1046640000000000000000000000000000FF340013
:10467400000000000000000000000000D91D02003E
:104684000000000000000000000000000000000026
:104694000000000000000000000000000000000016
:1046A4000000000000000000000000000000000006
:1046B4000000000000FF08000000000000000000EF
:1046C40000000000291D020000000000000000009E
:1046D40000FF0800000000000000000000000000CF
:1046E400291D0200000000000000000000FF080077
:1046F400000000000000000000000000291D02006E
:10470400000000000000000000FF0800000000009E
:104714000000000000000000291D0200000000004D
:104724000000000000FF080000000000000000007E
:1047340000000000291D020000000000000000002D
:1047440000FF08000000000000000000000000005E
:10475400291D0200000000000000000000FF080006
:10476400000000000000000000000000291D0200FD
:10477400000000000000000000FF0800000000002E
:104784000000000000000000291D020000000000DD
:10479400000000006E22040000000000FD3802004A
:1047A4009939020000000000000000000000000031
:1047B400C1FD020000000000000000000100000034
:1047C4000100000024120020241200200000000038
:1047D400C1FD020000000000000000000100000014
:1047E40001000000441200204412002000000000D8
:1047F400C1FD0200000000000000000000000000F5
:104804000100000064120020641200200000000077
:10481400C1FD0200000000000000000000000000D4
:10482400FFFFFFFF8412002084120020000000001C
:1048340000000000C1FD02000000000000000000B4
:104844000100000001000000A8120020A8120020AE
:1048540000000000C1FD0200000000000000000094
:104864000000000001000000C8120020C81200204F
:104874000000000052510020FFFF0000FFFF000075
:104884000000000000C2010000010300001300202A
:10489400000000006351002062510020000000006D
:1048A400000000000000000064510020200000000F
:1048B40000000000000000000000000008E3030006
:1048C4000100000000000000C1FD02000000000023
:1048D4000000000000000000010000003C13002064
:1048E4003C13002000000000C1FD02000000000095
:1048F4000000000000000000010000005C13002024
:104904005C13002000000000000000000000000014
:104914000000000000000000000000000000000093
:10492400000000000000000034C403000000000088
:1049340000000000845100200090D0033F000000DC
:10494400FFFFFFFF00000000000000000000000067
:104954000000000000000000000000000000000053
:104964000000000000000000000000000000000043
:104974000000000000000000000000000000000033
:104984000000000000000000000000000000000023
:104994000000000000000000000000000000000013
:1049A4000000000000000000000000000000000003
:1049B40000000000FF0000000000000000000000F4
:1049C400FFFFFFFF9BF403000000000003AF0200A1
:1049D400000000000000000045AF0200F5AE020038
:1049E40000000000000000000000000000000000C3
:1049F4005014002050140020FFFFFFFF400000006F
:104A040000000000D1B2020000000000000000001D
:104A140000000000F44D00209BF40300000000009F
:104A240003AF0200000000000000000000000000CE
:104A34000000000000000000000000000000000072
:104A440000000000A4140020A414002000000000B2
:104A5400C1FD020000000000000000000000000092
:104A6400657B030000150020F8140020F0140020DA
:104A740000000000E8140020497E0300957D030037
:104A8400C97D0300117E0300545300203A00003A0C
:104A9400585300203A00003A5C5300203A00003A90
:104AA400605300203A00003AF0580020E8580020F3
:104AB400C8580020A8580020D01400202415002035
:104AC400D4140020CC140020C8140020C4140020E6
:104AD400F18F0300E58F0300D98F0300CD8F03000E
:104AE40000000000000000000000000000000000C2
:0E4AF4000000000000000000000000000000B4
:024B0200FFFFB3
:104B040000000000000000000000000000000000A1
:104B14000000000000000000000000000000000091
:104B24000000000000000000000000000000000081
:104B34000000000000000000000000000000000071
:084B4400000000000000000069
:044B4C000000000065
:104B500000000000C1FD0200000000000000000095
:104B60000100000034000000C8F400200000000034
:104B70000000000000000000C1FD02000000000075
:104B80000000000001000000B0000000F87A0020E2
:104B9000000000000000000000000000C1FD020055
:104BA00000000000000000000500000060000000A0
:104BB00088E5002000000000000000000000000068
:104BC000C1FD020000000000000000000300000022
:104BD0001C000000FCF400200000000000000000A9
:104BE00000000000C1FD0200000000000000000005
:104BF0000400000040000000D00801200000000078
:104C00000000000000000000C1FD020000000000E4
:104C1000000000000400000040000000D009012056
:084C200000000000000000008C
:104C28000000000088A500200040000000000000EF
:104C3800000000000000000000000000000000006C
:104C480028610020000800000000000000000000AB
:084C5800000000000000000054
:104C600000000000C1FD0200000000000000000084
:104C700000000000000000000E0000000000000026
:104C8000C1FD020000000000000000000000000064
:104C9000000000000E00000000000000C1FD020046
:104CA0000000000000000000000000000000000004
:104CB0000E00000000000000C1FD02000000000026
:104CC0000000000000000000000000000E000000D6
:104CD00000000000C1FD0200000000000000000014
:104CE00000000000000000000E00000000000000B6
:104CF000C1FD0200000000000000000000000000F4
:104D0000000000000E00000000000000C1FD0200D5
:104D10000000000000000000000000000000000093
:104D20000E00000000000000C1FD020000000000B5
:104D30000000000000000000000000000E00000065
:104D400000000000C1FD02000000000000000000A3
:104D500000000000000000000E0000000000000045
:104D6000C1FD020000000000000000000000000083
:104D7000000000000E00000000000000C1FD020065
:104D80000000000000000000000000000000000023
:044D90000E00000011
:104D940000000000C1FD020000000000000000004F
:104DA400000000000100000008180020081800207E
:104DB40000000000C1FD020000000000000000002F
:104DC400000000000100000028180020281800201E
:104DD40000000000C1FD020000000000000000000F
:104DE40001000000010000004818002048180020BD
:104DF40000000000C1FD02000000000000000000EF
:104E0400000000000100000068180020681800205D
:104E1400000000000000000000000000C1FD0200CE
:104E240000000000000000008818002088180020FE
:104E3400000000000000000000000000C1FD0200AE
:104E44000000000000000000A8180020A81800209E
:104E5400000000000000000000000000C1FD02008E
:104E64000000000000000000C8180020C81800203E
:104E74000600060008000000651F000058CE03006D
:104E84007CE800200000000000000000000000009A
:104E9400C1FD02000000000000000000FC1800201A
:104EA400FC180020030003000800000000000000BC
:104EB400A4D3030008F30020000000000000000059
:104EC40000000000C1FD020000000000000000001E
:104ED40030190020301900200300030008000000EE
:104EE4000000000068CE030090E7002000000000EE
:104EF4000000000000000000C1FD020000000000EE
:104F04000000000064190020641900200100010061
:104F14000000000000000000D4DC0300D00A0120DF
:104F2400000000000000000000000000C1FD0200BD
:104F340000000000000000009819002098190020CB
:104F4400010001000000000000000000C4DC0300B8
:104F5400E80C012000000000000000000000000038
:104F6400C1FD02000000000000000000CC19002078
:104F7400CC1900200A000A0008000000000000000C
:104F840048CE0300F8EA0020000000000000000002
:104F940000000000C1FD020000000000000000004D
:104FA400001A0020001A002002000200080000007D
:104FB4000000000094D3030048F400200000000027
:104FC4000000000000000000C1FD0200000000001D
:104FD40000000000341A0020341A00200A000A00DD
:104FE4000800000000000000ACD2030000EF002025
:104FF400000000000000000000000000C1FD0200ED
:105004000000000000000000681A0020681A002058
:1050140001000100080000000000000078CE030039
:1050240068E700200000000000000000000000000D
:10503400C1FD020000000000000000009C1A0020D6
:105044009C1A002010001000040000000000000062
:105054008CDC030050F5002000000000000000007C
:1050640000000000C1FD020000000000000000007C
:10507400D01A0020D01A00201000100004000000F4
:0C508400000000007CDC030010FF002096
:10509000010000000000000000000000000000000F
:0450A00015E015E022
:04000003300079A5AB
:00000001FF
