/* GENERATED by recon/application/gen_app_string_rodata.py - do not edit.
 * G6-B1 (recon/analysis/prerefactor_progress.md): a further 499 string objects
 * WITHDRAWN as one transaction -- every reference is now a C string literal and
 * the matching numeric PROVIDE pin is deleted from recon/symbols/g1_app_globals.ld.
 * G6-B3 (recon/analysis/prerefactor_progress.md): 725 string objects were
 * WITHDRAWN from this file as one transaction -- every reference to them is now
 * a C string literal in the symbolized/readable sources and the matching
 * `PROVIDE(rodata_<hex> = 0x<hex>)` pin is deleted from
 * recon/symbols/g1_app_globals.ld.  A regeneration reproduces this file without
 * those lines: the generators select only symbols that still carry a numeric pin.
 *
 *
 * Byte-exact CPUAPP rodata STRING objects for the `rodata_<hex>` symbols that
 * the cohesive link otherwise resolved to ORIGINAL-image absolute addresses
 * (PROVIDE pins in recon/symbols/g1_app_globals.ld).  See the generator's
 * docstring for the measured failure this closes (the __sprintf_chk buffer
 * overflow in bt_start's device-name formatting).
 *
 * Bytes are read from app_update.bin through tools/extract.py.  Each object
 * carries its original VA so the mapping stays reversible.
 */

/* 0x243dc */ const unsigned char rodata_243dc[3] = { 0x54, 0x75, 0x00 };
/* 0x88434 */ const unsigned char rodata_88434[2] = { 0x20, 0x00 };
/* 0x8843e */ const unsigned char rodata_8843e[2] = { 0x20, 0x00 };
/* 0x8a208 */ const unsigned char rodata_8a208[2] = { 0x22, 0x00 };
/* 0x8ac20 */ const unsigned char rodata_8ac20[4] = { 0x3a, 0x79, 0x0d, 0x00 };
/* 0x8ac2c -- WITHDRAWN, P4 iteration 35.  Those bytes are not a string: they
 * are element [3] of the byte-verified recon/data table rodata_0x8ac20, the
 * 96-entry glyph count of font style 3 that get_font_style3_glyph_offset
 * (0x457f4) loads with `*(volatile int*)`.  The 2-byte stub made that load
 * read two bytes past the object.  The pin is now
 * `PROVIDE(rodata_8ac2c = rodata_0x8ac20 + 0xc)` in
 * recon/symbols/g1_app_globals.ld, so it is no longer a numeric literal and
 * gen_app_string_rodata.py no longer selects it: a regeneration reproduces
 * this file without the line. */
/* 0x8ad40 -- WITHDRAWN, P4 iteration 31.  Those bytes are not a string: they
 * are the first word of the NUS TX value ATTRIBUTE (`uuid = 0x20003559`) in
 * the shipped `attrs_nus_svc[]` at 0x8ad18, and the pin is the `&attrs[2]`
 * operand of the recovered bt_nus_send.  It is now bound onto the emitted
 * service (recon/application/app/src/g1_bt_nus_service.c) by
 * `PROVIDE(rodata_8ad40 = attr_g1_nus_svc + 40)`, so the pin is no longer a
 * numeric literal and gen_app_string_rodata.py no longer selects it: a
 * regeneration reproduces this file without the line. */
/* 0x9890c -- WITHDRAWN, P4 iteration 33.  Those bytes are not a string: they
 * are the 332-entry default-font glyph DIRECTORY (u16 codepoint, u8 half
 * width, u8 pad) that get_default_font_glyph_offset (0x45840) walks.  It is
 * now emitted byte-exact, together with the glyph bitmap blob it indexes, by
 * recon/application/app/src/g1_app_font_rodata.c, and its numeric pin is gone
 * from recon/symbols/g1_app_globals.ld, so gen_app_string_rodata.py no longer
 * selects it: a regeneration reproduces this file without the line. */
/* 0x98e3c, 0x98fbc, 0x98fe8 -- WITHDRAWN, P4 iteration 35, for exactly the
 * reason 0x9890c was withdrawn in iteration 33: they are not strings, they are
 * the glyph DIRECTORIES (u16 codepoint, u8 half width, u8 pad) of the three
 * remaining font families -- style 3 (96 entries), the small clock digits (11)
 * and the large clock digits (11).  All three are now emitted byte-exact,
 * together with the bitmap run they index, by
 * recon/application/app/src/g1_app_font_rodata.c +
 * recon/application/rodata/g1_app_rodata_02.c, and their numeric pins are gone
 * from recon/symbols/g1_app_globals.ld, so gen_app_string_rodata.py no longer
 * selects them: a regeneration reproduces this file without the lines. */
/* 0x990cf */ const unsigned char rodata_990cf[13] = { 0x72, 0x75, 0x6e, 0x74, 0x69, 0x6d, 0x65, 0x5f, 0x6d, 0x6f, 0x64, 0x65, 0x00 };
/* 0x99329 */ const unsigned char rodata_99329[28] = { 0x25, 0x73, 0x28, 0x29, 0x3a, 0x20, 0x43, 0x6f, 0x75, 0x6c, 0x64, 0x20, 0x6e, 0x6f, 0x74, 0x20, 0x73, 0x65, 0x74, 0x20, 0x6c, 0x64, 0x73, 0x77, 0x31, 0x2e, 0x0a, 0x00 };
/* 0x9938c */ const unsigned char rodata_9938c[25] = { 0x25, 0x73, 0x28, 0x29, 0x3a, 0x20, 0x73, 0x65, 0x74, 0x20, 0x62, 0x75, 0x63, 0x6b, 0x32, 0x20, 0x74, 0x6f, 0x20, 0x31, 0x2e, 0x31, 0x76, 0x0a, 0x00 };
/* 0x9940b */ const unsigned char rodata_9940b[28] = { 0x25, 0x73, 0x28, 0x29, 0x3a, 0x20, 0x43, 0x6f, 0x75, 0x6c, 0x64, 0x20, 0x6e, 0x6f, 0x74, 0x20, 0x73, 0x65, 0x74, 0x20, 0x62, 0x75, 0x63, 0x6b, 0x32, 0x2e, 0x0a, 0x00 };
/* 0x998da */ const unsigned char rodata_998da[13] = { 0x63, 0x70, 0x75, 0x61, 0x70, 0x70, 0x2d, 0x68, 0x77, 0x2d, 0x69, 0x64, 0x00 };
/* 0x998e7 */ const unsigned char rodata_998e7[21] = { 0x63, 0x70, 0x75, 0x6e, 0x65, 0x74, 0x2d, 0x65, 0x73, 0x62, 0x6d, 0x2d, 0x63, 0x70, 0x75, 0x2d, 0x73, 0x79, 0x6e, 0x63, 0x00 };
/* 0x998fc */ const unsigned char rodata_998fc[12] = { 0x63, 0x70, 0x75, 0x6e, 0x65, 0x74, 0x2d, 0x65, 0x73, 0x62, 0x73, 0x00 };
/* 0x99908 */ const unsigned char rodata_99908[17] = { 0x63, 0x70, 0x75, 0x6e, 0x65, 0x74, 0x2d, 0x65, 0x73, 0x62, 0x73, 0x2d, 0x63, 0x74, 0x72, 0x6c, 0x00 };
/* 0x999e4 */ const unsigned char rodata_999e4[27] = { 0x70, 0x6d, 0x69, 0x63, 0x20, 0x72, 0x65, 0x67, 0x75, 0x6c, 0x61, 0x74, 0x6f, 0x72, 0x20, 0x6e, 0x6f, 0x74, 0x20, 0x72, 0x65, 0x61, 0x64, 0x79, 0x2e, 0x0a, 0x00 };
/* 0x99a23 */ const unsigned char rodata_99a23[27] = { 0x43, 0x68, 0x61, 0x72, 0x67, 0x65, 0x72, 0x20, 0x64, 0x65, 0x76, 0x69, 0x63, 0x65, 0x20, 0x6e, 0x6f, 0x74, 0x20, 0x72, 0x65, 0x61, 0x64, 0x79, 0x2e, 0x0a, 0x00 };
/* 0x99a3e */ const unsigned char rodata_99a3e[34] = { 0x43, 0x6f, 0x75, 0x6c, 0x64, 0x20, 0x6e, 0x6f, 0x74, 0x20, 0x69, 0x6e, 0x69, 0x74, 0x69, 0x61, 0x6c, 0x69, 0x73, 0x65, 0x20, 0x66, 0x75, 0x65, 0x6c, 0x20, 0x67, 0x61, 0x75, 0x67, 0x65, 0x2e, 0x0a, 0x00 };
/* 0x99a60 */ const unsigned char rodata_99a60[31] = { 0x43, 0x6f, 0x75, 0x6c, 0x64, 0x20, 0x6e, 0x6f, 0x74, 0x20, 0x69, 0x6e, 0x69, 0x74, 0x69, 0x61, 0x6c, 0x69, 0x73, 0x65, 0x20, 0x63, 0x68, 0x61, 0x72, 0x67, 0x65, 0x72, 0x2e, 0x0a, 0x00 };
/* 0x99c53 */ const unsigned char rodata_99c53[49] = { 0x57, 0x45, 0x53, 0x54, 0x5f, 0x54, 0x4f, 0x50, 0x44, 0x49, 0x52, 0x2f, 0x7a, 0x65, 0x70, 0x68, 0x79, 0x72, 0x2f, 0x69, 0x6e, 0x63, 0x6c, 0x75, 0x64, 0x65, 0x2f, 0x7a, 0x65, 0x70, 0x68, 0x79, 0x72, 0x2f, 0x64, 0x72, 0x69, 0x76, 0x65, 0x72, 0x73, 0x2f, 0x67, 0x70, 0x69, 0x6f, 0x2e, 0x68, 0x00 };
/* 0x9a1c8 */ const unsigned char rodata_9a1c8[7] = { 0x70, 0x75, 0x62, 0x6c, 0x69, 0x63, 0x00 };
/* 0x9a1cf */ const unsigned char rodata_9a1cf[7] = { 0x72, 0x61, 0x6e, 0x64, 0x6f, 0x6d, 0x00 };
/* 0x9a1d6 */ const unsigned char rodata_9a1d6[10] = { 0x70, 0x75, 0x62, 0x6c, 0x69, 0x63, 0x2d, 0x69, 0x64, 0x00 };
/* 0x9a1dd */ const unsigned char rodata_9a1dd[3] = { 0x69, 0x64, 0x00 };
/* 0x9a1e0 */ const unsigned char rodata_9a1e0[10] = { 0x72, 0x61, 0x6e, 0x64, 0x6f, 0x6d, 0x2d, 0x69, 0x64, 0x00 };
/* 0x9a71e */ const unsigned char rodata_9a71e[46] = { 0x43, 0x6f, 0x75, 0x6c, 0x64, 0x20, 0x6e, 0x6f, 0x74, 0x20, 0x69, 0x6e, 0x69, 0x74, 0x20, 0x41, 0x4e, 0x43, 0x53, 0x20, 0x63, 0x6c, 0x69, 0x65, 0x6e, 0x74, 0x20, 0x6f, 0x62, 0x6a, 0x65, 0x63, 0x74, 0x2c, 0x20, 0x65, 0x72, 0x72, 0x6f, 0x72, 0x3a, 0x20, 0x25, 0x64, 0x0a, 0x00 };
/* 0x9a788 */ const unsigned char rodata_9a788[52] = { 0x46, 0x61, 0x69, 0x6c, 0x65, 0x64, 0x20, 0x74, 0x6f, 0x20, 0x65, 0x6e, 0x61, 0x62, 0x6c, 0x65, 0x20, 0x44, 0x61, 0x74, 0x61, 0x20, 0x53, 0x6f, 0x75, 0x72, 0x63, 0x65, 0x20, 0x6e, 0x6f, 0x74, 0x69, 0x66, 0x69, 0x63, 0x61, 0x74, 0x69, 0x6f, 0x6e, 0x20, 0x28, 0x65, 0x72, 0x72, 0x20, 0x25, 0x64, 0x29, 0x0a, 0x00 };
/* 0x9a854 */ const unsigned char rodata_9a854[54] = { 0x43, 0x6f, 0x75, 0x6c, 0x64, 0x20, 0x6e, 0x6f, 0x74, 0x20, 0x69, 0x6e, 0x69, 0x74, 0x20, 0x47, 0x41, 0x54, 0x54, 0x20, 0x53, 0x65, 0x72, 0x76, 0x69, 0x63, 0x65, 0x20, 0x63, 0x6c, 0x69, 0x65, 0x6e, 0x74, 0x20, 0x6f, 0x62, 0x6a, 0x65, 0x63, 0x74, 0x2c, 0x20, 0x65, 0x72, 0x72, 0x6f, 0x72, 0x3a, 0x20, 0x25, 0x64, 0x0a, 0x00 };
/* 0x9a88a */ const unsigned char rodata_9a88a[57] = { 0x43, 0x61, 0x6e, 0x6e, 0x6f, 0x74, 0x20, 0x73, 0x75, 0x62, 0x73, 0x63, 0x72, 0x69, 0x62, 0x65, 0x20, 0x74, 0x6f, 0x20, 0x53, 0x65, 0x72, 0x76, 0x69, 0x63, 0x65, 0x20, 0x43, 0x68, 0x61, 0x6e, 0x67, 0x65, 0x64, 0x20, 0x69, 0x6e, 0x64, 0x69, 0x63, 0x61, 0x74, 0x69, 0x6f, 0x6e, 0x20, 0x28, 0x65, 0x72, 0x72, 0x20, 0x25, 0x64, 0x29, 0x0a, 0x00 };
/* 0x9ac7c */ const unsigned char rodata_9ac7c[8] = { 0x45, 0x76, 0x65, 0x6e, 0x20, 0x47, 0x31, 0x00 };
/* 0x9adaa */ const unsigned char rodata_9adaa[29] = { 0x63, 0x6f, 0x6d, 0x2e, 0x61, 0x70, 0x70, 0x6c, 0x65, 0x2e, 0x6d, 0x6f, 0x62, 0x69, 0x6c, 0x65, 0x70, 0x68, 0x6f, 0x6e, 0x65, 0x5f, 0x6d, 0x69, 0x73, 0x73, 0x65, 0x64, 0x00 };
/* 0x9b257 */ const unsigned char rodata_9b257[6] = { 0x74, 0x69, 0x74, 0x6c, 0x65, 0x00 };
/* 0x9b708 */ const unsigned char rodata_9b708[33] = { 0x25, 0x73, 0x28, 0x29, 0x3a, 0x20, 0x42, 0x4c, 0x45, 0x5f, 0x52, 0x45, 0x51, 0x5f, 0x47, 0x45, 0x54, 0x5f, 0x44, 0x45, 0x56, 0x49, 0x43, 0x45, 0x5f, 0x53, 0x4e, 0x3a, 0x20, 0x25, 0x73, 0x0a, 0x00 };
/* 0x9bbbf */ const unsigned char rodata_9bbbf[41] = { 0x64, 0x61, 0x74, 0x65, 0x3a, 0x20, 0x25, 0x75, 0x3a, 0x20, 0x25, 0x30, 0x34, 0x64, 0x2f, 0x25, 0x30, 0x32, 0x64, 0x2f, 0x25, 0x30, 0x32, 0x64, 0x2d, 0x25, 0x30, 0x32, 0x64, 0x3a, 0x25, 0x30, 0x32, 0x64, 0x3a, 0x25, 0x30, 0x32, 0x64, 0x0a, 0x00 };
/* 0x9d000 */ const unsigned char rodata_9d000[15] = { 0x6b, 0x65, 0x74, 0x20, 0x73, 0x69, 0x7a, 0x65, 0x20, 0x3d, 0x20, 0x25, 0x64, 0x0a, 0x00 };
/* 0x9d69e */ const unsigned char rodata_9d69e[3] = { 0x4e, 0x4e, 0x00 };
/* 0x9d6ee */ const unsigned char rodata_9d6ee[5] = { 0x62, 0x6f, 0x64, 0x79, 0x00 };
/* 0x9d70f */ const unsigned char rodata_9d70f[5] = { 0x74, 0x61, 0x69, 0x6c, 0x00 };
/* 0x9d759 */ const unsigned char rodata_9d759[15] = { 0x61, 0x70, 0x70, 0x5f, 0x69, 0x64, 0x65, 0x6e, 0x74, 0x69, 0x66, 0x69, 0x65, 0x72, 0x00 };
/* 0x9d768 */ const unsigned char rodata_9d768[4] = { 0x61, 0x61, 0x61, 0x00 };
/* 0x9d76c */ const unsigned char rodata_9d76c[9] = { 0x73, 0x75, 0x62, 0x74, 0x69, 0x74, 0x6c, 0x65, 0x00 };
/* 0x9d775 */ const unsigned char rodata_9d775[8] = { 0x6d, 0x65, 0x73, 0x73, 0x61, 0x67, 0x65, 0x00 };
/* 0x9d790 */ const unsigned char rodata_9d790[13] = { 0x64, 0x69, 0x73, 0x70, 0x6c, 0x61, 0x79, 0x5f, 0x6e, 0x61, 0x6d, 0x65, 0x00 };
/* 0x9d79d */ const unsigned char rodata_9d79d[17] = { 0x6e, 0x63, 0x73, 0x5f, 0x6e, 0x6f, 0x74, 0x69, 0x66, 0x69, 0x63, 0x61, 0x74, 0x69, 0x6f, 0x6e, 0x00 };
/* 0x9d7b8 */ const unsigned char rodata_9d7b8[20] = { 0x63, 0x6f, 0x6d, 0x2e, 0x61, 0x70, 0x70, 0x6c, 0x65, 0x2e, 0x6d, 0x6f, 0x62, 0x69, 0x6c, 0x65, 0x63, 0x61, 0x6c, 0x00 };
/* 0x9d7e8 */ const unsigned char rodata_9d7e8[15] = { 0x63, 0x61, 0x6c, 0x65, 0x6e, 0x64, 0x61, 0x72, 0x2d, 0x73, 0x63, 0x68, 0x65, 0x64, 0x00 };
/* 0x9d7f7 */ const unsigned char rodata_9d7f7[3] = { 0x23, 0x63, 0x00 };
/* 0x9d81e */ const unsigned char rodata_9d81e[4] = { 0x23, 0x31, 0x40, 0x00 };
/* 0x9d857 */ const unsigned char rodata_9d857[4] = { 0x23, 0x32, 0x40, 0x00 };
/* 0x9d88c */ const unsigned char rodata_9d88c[4] = { 0x23, 0x33, 0x40, 0x00 };
/* 0x9d8b1 */ const unsigned char rodata_9d8b1[4] = { 0x23, 0x34, 0x40, 0x00 };
/* 0x9d8da */ const unsigned char rodata_9d8da[4] = { 0x23, 0x35, 0x40, 0x00 };
/* 0x9dc17 */ const unsigned char rodata_9dc17[3] = { 0x23, 0x61, 0x00 };
/* 0x9dd24 */ const unsigned char rodata_9dd24[3] = { 0x23, 0x62, 0x00 };
/* 0x9dd4b */ const unsigned char rodata_9dd4b[3] = { 0x23, 0x64, 0x00 };
/* 0x9dd6a */ const unsigned char rodata_9dd6a[3] = { 0x23, 0x65, 0x00 };
/* 0x9dd6d */ const unsigned char rodata_9dd6d[3] = { 0x23, 0x66, 0x00 };
/* 0x9dd70 */ const unsigned char rodata_9dd70[3] = { 0x23, 0x67, 0x00 };
/* 0x9dd91 */ const unsigned char rodata_9dd91[3] = { 0x23, 0x72, 0x00 };
/* 0x9ddb9 */ const unsigned char rodata_9ddb9[3] = { 0x23, 0x6c, 0x00 };
/* 0x9ddbc */ const unsigned char rodata_9ddbc[3] = { 0x23, 0x6f, 0x00 };
/* 0x9ddbf */ const unsigned char rodata_9ddbf[9] = { 0x62, 0x61, 0x73, 0x65, 0x3a, 0x20, 0x25, 0x64, 0x00 };
/* 0x9ddc8 */ const unsigned char rodata_9ddc8[3] = { 0x23, 0x69, 0x00 };
/* 0x9ddcb */ const unsigned char rodata_9ddcb[3] = { 0x23, 0x79, 0x00 };
/* 0x9ddd8 */ const unsigned char rodata_9ddd8[3] = { 0x23, 0x75, 0x00 };
/* 0x9dddb */ const unsigned char rodata_9dddb[3] = { 0x23, 0x70, 0x00 };
/* 0x9dde8 */ const unsigned char rodata_9dde8[3] = { 0x23, 0x74, 0x00 };
/* 0x9de32 */ const unsigned char rodata_9de32[3] = { 0x23, 0x76, 0x00 };
/* 0x9de4c */ const unsigned char rodata_9de4c[3] = { 0x23, 0x6b, 0x00 };
/* 0x9de5e */ const unsigned char rodata_9de5e[3] = { 0x23, 0x6a, 0x00 };
/* 0x9de63 */ const unsigned char rodata_9de63[11] = { 0x69, 0x6e, 0x69, 0x74, 0x20, 0x66, 0x6c, 0x61, 0x73, 0x68, 0x00 };
/* 0x9de6e */ const unsigned char rodata_9de6e[3] = { 0x23, 0x73, 0x00 };
/* 0x9de71 */ const unsigned char rodata_9de71[3] = { 0x23, 0x68, 0x00 };
/* 0x9e1b6 */ const unsigned char rodata_9e1b6[4] = { 0x61, 0x70, 0x70, 0x00 };
/* 0x9e1de */ const unsigned char rodata_9e1de[13] = { 0x64, 0x61, 0x73, 0x68, 0x62, 0x6f, 0x61, 0x72, 0x64, 0x5f, 0x74, 0x73, 0x00 };
/* 0x9e201 */ const unsigned char rodata_9e201[13] = { 0x63, 0x6f, 0x75, 0x6e, 0x74, 0x64, 0x6f, 0x77, 0x6e, 0x5f, 0x74, 0x73, 0x00 };
/* 0x9e20e */ const unsigned char rodata_9e20e[17] = { 0x66, 0x69, 0x72, 0x73, 0x74, 0x5f, 0x65, 0x6e, 0x74, 0x65, 0x72, 0x5f, 0x66, 0x6c, 0x61, 0x67, 0x00 };
/* 0x9e21f */ const unsigned char rodata_9e21f[17] = { 0x62, 0x72, 0x69, 0x67, 0x68, 0x74, 0x6e, 0x65, 0x73, 0x73, 0x5f, 0x6c, 0x65, 0x76, 0x65, 0x6c, 0x00 };
/* 0x9e230 */ const unsigned char rodata_9e230[12] = { 0x33, 0x64, 0x6f, 0x66, 0x5f, 0x65, 0x6e, 0x61, 0x62, 0x6c, 0x65, 0x00 };
/* 0x9e235 */ const unsigned char rodata_9e235[7] = { 0x65, 0x6e, 0x61, 0x62, 0x6c, 0x65, 0x00 };
/* 0x9e23c */ const unsigned char rodata_9e23c[13] = { 0x64, 0x69, 0x73, 0x70, 0x6c, 0x61, 0x79, 0x5f, 0x6d, 0x6f, 0x64, 0x65, 0x00 };
/* 0x9e249 */ const unsigned char rodata_9e249[16] = { 0x75, 0x73, 0x65, 0x72, 0x5f, 0x73, 0x63, 0x68, 0x65, 0x64, 0x5f, 0x69, 0x6e, 0x66, 0x6f, 0x00 };
/* 0x9e259 */ const unsigned char rodata_9e259[13] = { 0x77, 0x61, 0x6b, 0x65, 0x75, 0x70, 0x5f, 0x61, 0x6e, 0x67, 0x6c, 0x65, 0x00 };
/* 0x9e266 */ const unsigned char rodata_9e266[58] = { 0x25, 0x73, 0x28, 0x29, 0x3a, 0x20, 0x46, 0x61, 0x69, 0x6c, 0x65, 0x64, 0x20, 0x74, 0x6f, 0x20, 0x69, 0x6e, 0x69, 0x74, 0x69, 0x61, 0x6c, 0x69, 0x7a, 0x65, 0x20, 0x73, 0x65, 0x74, 0x74, 0x69, 0x6e, 0x67, 0x73, 0x20, 0x73, 0x75, 0x62, 0x73, 0x79, 0x73, 0x74, 0x65, 0x6d, 0x2c, 0x20, 0x65, 0x72, 0x72, 0x6f, 0x72, 0x3a, 0x20, 0x25, 0x64, 0x0a, 0x00 };
/* 0x9e3e7 */ const unsigned char rodata_9e3e7[28] = { 0x46, 0x6c, 0x61, 0x73, 0x68, 0x20, 0x72, 0x65, 0x61, 0x64, 0x20, 0x66, 0x6f, 0x6e, 0x74, 0x20, 0x66, 0x61, 0x69, 0x6c, 0x65, 0x64, 0x21, 0x20, 0x25, 0x64, 0x0a, 0x00 };
/* 0x9e430 */ const unsigned char rodata_9e430[29] = { 0x46, 0x6c, 0x61, 0x73, 0x68, 0x20, 0x65, 0x72, 0x61, 0x73, 0x65, 0x20, 0x66, 0x6f, 0x6e, 0x74, 0x20, 0x66, 0x61, 0x69, 0x6c, 0x65, 0x64, 0x21, 0x20, 0x25, 0x64, 0x0a, 0x00 };
/* 0x9e44d */ const unsigned char rodata_9e44d[29] = { 0x46, 0x6c, 0x61, 0x73, 0x68, 0x20, 0x77, 0x72, 0x69, 0x74, 0x65, 0x20, 0x66, 0x6f, 0x6e, 0x74, 0x20, 0x66, 0x61, 0x69, 0x6c, 0x65, 0x64, 0x21, 0x20, 0x25, 0x64, 0x0a, 0x00 };
/* 0x9e580 */ const unsigned char rodata_9e580[38] = { 0x25, 0x73, 0x28, 0x29, 0x3a, 0x20, 0x73, 0x79, 0x73, 0x5f, 0x66, 0x6c, 0x61, 0x73, 0x68, 0x5f, 0x73, 0x65, 0x74, 0x74, 0x69, 0x6e, 0x67, 0x73, 0x5f, 0x72, 0x65, 0x61, 0x64, 0x20, 0x65, 0x72, 0x72, 0x6f, 0x72, 0x21, 0x0a, 0x00 };
/* 0x9e5a6 */ const unsigned char rodata_9e5a6[34] = { 0x25, 0x73, 0x28, 0x29, 0x3a, 0x20, 0x72, 0x65, 0x61, 0x64, 0x20, 0x73, 0x79, 0x73, 0x20, 0x73, 0x65, 0x74, 0x74, 0x69, 0x6e, 0x67, 0x73, 0x20, 0x73, 0x75, 0x63, 0x63, 0x65, 0x73, 0x73, 0x21, 0x0a, 0x00 };
/* 0x9e5c8 */ const unsigned char rodata_9e5c8[43] = { 0x25, 0x73, 0x28, 0x29, 0x3a, 0x20, 0x46, 0x49, 0x52, 0x53, 0x54, 0x20, 0x42, 0x4f, 0x4f, 0x54, 0x2c, 0x20, 0x66, 0x75, 0x6c, 0x6c, 0x20, 0x64, 0x65, 0x66, 0x61, 0x75, 0x6c, 0x74, 0x20, 0x73, 0x79, 0x73, 0x20, 0x76, 0x61, 0x6c, 0x75, 0x65, 0x21, 0x0a, 0x00 };
/* 0x9e9ea */ const unsigned char rodata_9e9ea[32] = { 0x25, 0x73, 0x28, 0x29, 0x3a, 0x20, 0x20, 0x5b, 0x25, 0x73, 0x5d, 0x20, 0x64, 0x65, 0x76, 0x69, 0x63, 0x65, 0x20, 0x6e, 0x6f, 0x74, 0x20, 0x72, 0x65, 0x61, 0x64, 0x79, 0x2e, 0x0a, 0x0a, 0x00 };
/* 0x9ea0a */ const unsigned char rodata_9ea0a[45] = { 0x25, 0x73, 0x28, 0x29, 0x3a, 0x20, 0x20, 0x66, 0x6f, 0x72, 0x6d, 0x20, 0x61, 0x64, 0x64, 0x72, 0x65, 0x73, 0x73, 0x20, 0x5b, 0x25, 0x64, 0x5d, 0x20, 0x72, 0x65, 0x61, 0x64, 0x20, 0x64, 0x61, 0x74, 0x61, 0x20, 0x66, 0x61, 0x69, 0x6c, 0x65, 0x64, 0x2e, 0x0a, 0x0a, 0x00 };
/* 0x9eba7 */ const unsigned char rodata_9eba7[31] = { 0x25, 0x73, 0x28, 0x29, 0x3a, 0x20, 0x46, 0x6c, 0x61, 0x73, 0x68, 0x20, 0x65, 0x72, 0x61, 0x73, 0x65, 0x20, 0x66, 0x61, 0x69, 0x6c, 0x65, 0x64, 0x21, 0x20, 0x25, 0x64, 0x0a, 0x0a, 0x00 };
/* 0x9ebc6 */ const unsigned char rodata_9ebc6[31] = { 0x25, 0x73, 0x28, 0x29, 0x3a, 0x20, 0x46, 0x6c, 0x61, 0x73, 0x68, 0x20, 0x77, 0x72, 0x69, 0x74, 0x65, 0x20, 0x66, 0x61, 0x69, 0x6c, 0x65, 0x64, 0x21, 0x20, 0x25, 0x64, 0x0a, 0x0a, 0x00 };
/* 0x9ee54 */ const unsigned char rodata_9ee54[44] = { 0x25, 0x73, 0x28, 0x29, 0x3a, 0x20, 0x71, 0x75, 0x69, 0x63, 0x6b, 0x6e, 0x6f, 0x74, 0x65, 0x20, 0x75, 0x70, 0x67, 0x72, 0x61, 0x64, 0x65, 0x20, 0x69, 0x6e, 0x64, 0x65, 0x78, 0x20, 0x6f, 0x75, 0x74, 0x20, 0x6f, 0x66, 0x20, 0x72, 0x61, 0x6e, 0x67, 0x65, 0x0a, 0x00 };
/* 0x9fede */ const unsigned char rodata_9fede[39] = { 0x25, 0x73, 0x28, 0x29, 0x3a, 0x20, 0x45, 0x53, 0x42, 0x20, 0x73, 0x65, 0x6e, 0x64, 0x20, 0x73, 0x61, 0x6d, 0x65, 0x20, 0x74, 0x79, 0x70, 0x65, 0x20, 0x63, 0x6d, 0x64, 0x20, 0x25, 0x64, 0x2c, 0x20, 0x65, 0x78, 0x69, 0x74, 0x0a, 0x00 };
/* 0x9ff05 */ const unsigned char rodata_9ff05[51] = { 0x25, 0x73, 0x28, 0x29, 0x3a, 0x20, 0x45, 0x53, 0x42, 0x20, 0x73, 0x65, 0x6e, 0x64, 0x20, 0x64, 0x61, 0x74, 0x61, 0x20, 0x61, 0x66, 0x74, 0x65, 0x72, 0x20, 0x73, 0x75, 0x73, 0x70, 0x65, 0x6e, 0x64, 0x20, 0x63, 0x6d, 0x64, 0x2c, 0x20, 0x69, 0x67, 0x6e, 0x6f, 0x72, 0x65, 0x20, 0x69, 0x74, 0x2e, 0x0a, 0x00 };
/* 0x9ff92 */ const unsigned char rodata_9ff92[50] = { 0x25, 0x73, 0x28, 0x29, 0x3a, 0x20, 0x45, 0x53, 0x42, 0x20, 0x73, 0x65, 0x6e, 0x64, 0x20, 0x69, 0x6d, 0x75, 0x20, 0x73, 0x74, 0x61, 0x74, 0x75, 0x73, 0x20, 0x69, 0x73, 0x20, 0x63, 0x68, 0x61, 0x6e, 0x67, 0x65, 0x64, 0x2c, 0x20, 0x69, 0x67, 0x6e, 0x6f, 0x72, 0x65, 0x20, 0x69, 0x74, 0x2e, 0x0a, 0x00 };
/* 0xa0102 */ const unsigned char rodata_a0102[48] = { 0x25, 0x73, 0x28, 0x29, 0x3a, 0x20, 0x73, 0x79, 0x6e, 0x63, 0x20, 0x74, 0x6f, 0x20, 0x73, 0x6c, 0x61, 0x76, 0x65, 0x20, 0x66, 0x61, 0x69, 0x6c, 0x65, 0x64, 0x21, 0x21, 0x21, 0x21, 0x21, 0x21, 0x20, 0x77, 0x61, 0x69, 0x74, 0x5f, 0x63, 0x6f, 0x75, 0x6e, 0x74, 0x20, 0x25, 0x64, 0x0a, 0x00 };
/* 0xa0210 */ const unsigned char rodata_a0210[33] = { 0x28, 0x29, 0x3a, 0x20, 0x45, 0x56, 0x45, 0x4e, 0x54, 0x5f, 0x50, 0x55, 0x54, 0x5f, 0x49, 0x4e, 0x5f, 0x47, 0x4c, 0x41, 0x53, 0x53, 0x5f, 0x42, 0x4f, 0x58, 0x5f, 0x4f, 0x50, 0x45, 0x4e, 0x0a, 0x00 };
/* 0xa03b3 */ const unsigned char rodata_a03b3[11] = { 0x67, 0x6f, 0x74, 0x6f, 0x20, 0x69, 0x64, 0x6c, 0x65, 0x32, 0x00 };
/* 0xa0568 */ const unsigned char rodata_a0568[90] = { 0x25, 0x73, 0x28, 0x29, 0x3a, 0x20, 0x72, 0x65, 0x63, 0x65, 0x69, 0x76, 0x65, 0x64, 0x20, 0x6d, 0x61, 0x73, 0x74, 0x65, 0x72, 0x20, 0x73, 0x65, 0x6e, 0x64, 0x20, 0x74, 0x6f, 0x75, 0x63, 0x68, 0x20, 0x73, 0x69, 0x67, 0x6c, 0x65, 0x20, 0x63, 0x6c, 0x69, 0x63, 0x6b, 0x20, 0x63, 0x6f, 0x6d, 0x6d, 0x61, 0x6e, 0x64, 0x2c, 0x74, 0x69, 0x6d, 0x65, 0x73, 0x74, 0x61, 0x6d, 0x70, 0x20, 0x3d, 0x20, 0x25, 0x64, 0x2c, 0x65, 0x78, 0x65, 0x63, 0x20, 0x6b, 0x65, 0x79, 0x20, 0x66, 0x75, 0x6e, 0x63, 0x74, 0x69, 0x6f, 0x6e, 0x2c, 0x25, 0x64, 0x0a, 0x00 };
/* 0xa05c2 */ const unsigned char rodata_a05c2[95] = { 0x25, 0x73, 0x28, 0x29, 0x3a, 0x20, 0x72, 0x65, 0x63, 0x65, 0x69, 0x76, 0x65, 0x64, 0x20, 0x6d, 0x61, 0x73, 0x74, 0x65, 0x72, 0x20, 0x73, 0x65, 0x6e, 0x64, 0x20, 0x71, 0x75, 0x69, 0x63, 0x6b, 0x6e, 0x6f, 0x74, 0x65, 0x20, 0x69, 0x6e, 0x64, 0x65, 0x78, 0x20, 0x73, 0x79, 0x6e, 0x63, 0x20, 0x63, 0x6f, 0x6d, 0x6d, 0x6d, 0x61, 0x6e, 0x64, 0x20, 0x2c, 0x74, 0x69, 0x6d, 0x65, 0x73, 0x74, 0x61, 0x6d, 0x70, 0x20, 0x3d, 0x20, 0x25, 0x64, 0x2c, 0x65, 0x78, 0x65, 0x63, 0x20, 0x69, 0x6e, 0x64, 0x65, 0x78, 0x20, 0x75, 0x70, 0x64, 0x61, 0x74, 0x65, 0x20, 0x25, 0x64, 0x0a, 0x00 };
/* 0xa0621 */ const unsigned char rodata_a0621[90] = { 0x25, 0x73, 0x28, 0x29, 0x3a, 0x20, 0x72, 0x65, 0x63, 0x65, 0x69, 0x76, 0x65, 0x64, 0x20, 0x6d, 0x61, 0x73, 0x74, 0x65, 0x72, 0x20, 0x73, 0x65, 0x6e, 0x64, 0x20, 0x74, 0x6f, 0x75, 0x63, 0x68, 0x20, 0x73, 0x69, 0x67, 0x6c, 0x65, 0x20, 0x63, 0x6c, 0x69, 0x63, 0x6b, 0x20, 0x63, 0x6f, 0x6d, 0x6d, 0x61, 0x6e, 0x64, 0x2c, 0x74, 0x69, 0x6d, 0x65, 0x73, 0x74, 0x61, 0x6d, 0x70, 0x20, 0x3d, 0x20, 0x25, 0x64, 0x2c, 0x65, 0x78, 0x65, 0x63, 0x20, 0x6b, 0x65, 0x79, 0x20, 0x66, 0x75, 0x6e, 0x63, 0x74, 0x69, 0x6f, 0x6e, 0x20, 0x25, 0x64, 0x0a, 0x00 };
/* 0xa067b */ const unsigned char rodata_a067b[92] = { 0x25, 0x73, 0x28, 0x29, 0x3a, 0x20, 0x72, 0x65, 0x63, 0x65, 0x69, 0x76, 0x65, 0x64, 0x20, 0x6d, 0x61, 0x73, 0x74, 0x65, 0x72, 0x20, 0x73, 0x65, 0x6e, 0x64, 0x20, 0x53, 0x74, 0x6f, 0x63, 0x6b, 0x73, 0x20, 0x69, 0x6e, 0x64, 0x65, 0x78, 0x20, 0x73, 0x79, 0x6e, 0x63, 0x20, 0x63, 0x6f, 0x6d, 0x6d, 0x6d, 0x61, 0x6e, 0x64, 0x20, 0x2c, 0x74, 0x69, 0x6d, 0x65, 0x73, 0x74, 0x61, 0x6d, 0x70, 0x20, 0x3d, 0x20, 0x25, 0x64, 0x2c, 0x65, 0x78, 0x65, 0x63, 0x20, 0x69, 0x6e, 0x64, 0x65, 0x78, 0x20, 0x75, 0x70, 0x64, 0x61, 0x74, 0x65, 0x20, 0x25, 0x64, 0x0a, 0x00 };
/* 0xa09ee */ const unsigned char rodata_a09ee[22] = { 0x49, 0x4d, 0x55, 0x3a, 0x77, 0x61, 0x6b, 0x65, 0x75, 0x70, 0x3a, 0x6f, 0x6e, 0x62, 0x6f, 0x61, 0x72, 0x64, 0x69, 0x6e, 0x67, 0x00 };
/* 0xa0a2e */ const unsigned char rodata_a0a2e[25] = { 0x54, 0x4f, 0x55, 0x43, 0x48, 0x3a, 0x77, 0x61, 0x6b, 0x65, 0x75, 0x70, 0x3a, 0x6e, 0x6f, 0x74, 0x5f, 0x64, 0x69, 0x73, 0x74, 0x75, 0x72, 0x62, 0x00 };
/* 0xa0a47 */ const unsigned char rodata_a0a47[26] = { 0x42, 0x4c, 0x45, 0x3a, 0x77, 0x61, 0x6b, 0x65, 0x75, 0x70, 0x3a, 0x6e, 0x65, 0x77, 0x2d, 0x75, 0x6e, 0x72, 0x65, 0x61, 0x64, 0x5f, 0x6d, 0x73, 0x67, 0x00 };
/* 0xa0a61 */ const unsigned char rodata_a0a61[26] = { 0x49, 0x4d, 0x55, 0x3a, 0x77, 0x61, 0x6b, 0x65, 0x75, 0x70, 0x3a, 0x75, 0x6e, 0x63, 0x6f, 0x6d, 0x70, 0x6c, 0x65, 0x74, 0x65, 0x20, 0x6d, 0x73, 0x67, 0x00 };
/* 0xa0a7b */ const unsigned char rodata_a0a7b[28] = { 0x49, 0x4d, 0x55, 0x3a, 0x77, 0x61, 0x6b, 0x65, 0x75, 0x70, 0x3a, 0x6e, 0x65, 0x77, 0x2d, 0x6e, 0x6f, 0x74, 0x69, 0x66, 0x69, 0x63, 0x61, 0x74, 0x69, 0x6f, 0x6e, 0x00 };
/* 0xa1bbc */ const unsigned char rodata_a1bbc[30] = { 0x25, 0x73, 0x28, 0x29, 0x3a, 0x20, 0x57, 0x61, 0x74, 0x63, 0x68, 0x64, 0x6f, 0x67, 0x20, 0x69, 0x6e, 0x73, 0x74, 0x61, 0x6c, 0x6c, 0x20, 0x65, 0x72, 0x72, 0x6f, 0x72, 0x0a, 0x00 };
/* 0xa1c17 */ const unsigned char rodata_a1c17[27] = { 0x25, 0x73, 0x28, 0x29, 0x3a, 0x20, 0x46, 0x65, 0x65, 0x64, 0x69, 0x6e, 0x67, 0x20, 0x77, 0x61, 0x74, 0x63, 0x68, 0x64, 0x6f, 0x67, 0x2e, 0x2e, 0x2e, 0x0a, 0x00 };
/* 0xa1ce0 */ const unsigned char rodata_a1ce0[28] = { 0x25, 0x73, 0x28, 0x29, 0x3a, 0x20, 0x72, 0x65, 0x61, 0x64, 0x20, 0x66, 0x6c, 0x61, 0x73, 0x68, 0x20, 0x66, 0x61, 0x69, 0x6c, 0x3a, 0x20, 0x25, 0x64, 0x0a, 0x0a, 0x00 };
/* 0xa1cfc */ const unsigned char rodata_a1cfc[10] = { 0x66, 0x6c, 0x61, 0x73, 0x68, 0x5f, 0x6d, 0x64, 0x35, 0x00 };
/* 0xa1e3a */ const unsigned char rodata_a1e3a[44] = { 0x25, 0x73, 0x28, 0x29, 0x3a, 0x20, 0x42, 0x4c, 0x45, 0x5f, 0x52, 0x45, 0x51, 0x5f, 0x50, 0x55, 0x54, 0x5f, 0x44, 0x49, 0x53, 0x50, 0x4c, 0x41, 0x59, 0x5f, 0x4d, 0x4f, 0x44, 0x45, 0x20, 0x6e, 0x65, 0x77, 0x20, 0x6d, 0x6f, 0x64, 0x65, 0x3a, 0x25, 0x64, 0x0a, 0x00 };
/* 0xa1f1a */ const unsigned char rodata_a1f1a[10] = { 0x64, 0x65, 0x62, 0x75, 0x67, 0x2d, 0x62, 0x6c, 0x65, 0x00 };
/* 0xa1f20 */ const unsigned char rodata_a1f20[4] = { 0x62, 0x6c, 0x65, 0x00 };
/* 0xa1f24 */ const unsigned char rodata_a1f24[17] = { 0x6c, 0x6f, 0x67, 0x5f, 0x6c, 0x65, 0x76, 0x65, 0x6c, 0x5f, 0x73, 0x65, 0x74, 0x3d, 0x25, 0x64, 0x00 };
/* 0xa1f49 */ const unsigned char rodata_a1f49[5] = { 0x47, 0x6f, 0x6f, 0x64, 0x00 };
/* 0xa21f9 */ const unsigned char rodata_a21f9[46] = { 0x25, 0x73, 0x28, 0x29, 0x3a, 0x20, 0x42, 0x4c, 0x45, 0x5f, 0x52, 0x45, 0x51, 0x5f, 0x47, 0x45, 0x54, 0x5f, 0x42, 0x52, 0x49, 0x47, 0x48, 0x54, 0x4e, 0x45, 0x53, 0x53, 0x3a, 0x30, 0x78, 0x25, 0x30, 0x32, 0x78, 0x2c, 0x20, 0x30, 0x78, 0x25, 0x30, 0x32, 0x78, 0x2c, 0x0a, 0x00 };
/* 0xa2334 */ const unsigned char rodata_a2334[48] = { 0x25, 0x73, 0x28, 0x29, 0x3a, 0x20, 0x42, 0x4c, 0x45, 0x5f, 0x52, 0x45, 0x51, 0x5f, 0x47, 0x45, 0x54, 0x5f, 0x57, 0x41, 0x4b, 0x45, 0x55, 0x50, 0x5f, 0x41, 0x4e, 0x47, 0x4c, 0x45, 0x3a, 0x30, 0x78, 0x25, 0x30, 0x32, 0x78, 0x2c, 0x20, 0x30, 0x78, 0x25, 0x30, 0x32, 0x78, 0x2c, 0x0a, 0x00 };
/* 0xa23cd */ const unsigned char rodata_a23cd[27] = { 0x60, 0x62, 0x63, 0x6d, 0x61, 0x73, 0x74, 0x65, 0x72, 0x5f, 0x70, 0x72, 0x6f, 0x63, 0x65, 0x73, 0x73, 0x5f, 0x70, 0x6f, 0x73, 0x74, 0x5f, 0x72, 0x65, 0x71, 0x00 };
/* 0xa23d0 */ const unsigned char rodata_a23d0[24] = { 0x6d, 0x61, 0x73, 0x74, 0x65, 0x72, 0x5f, 0x70, 0x72, 0x6f, 0x63, 0x65, 0x73, 0x73, 0x5f, 0x70, 0x6f, 0x73, 0x74, 0x5f, 0x72, 0x65, 0x71, 0x00 };
/* 0xa23e8 */ const unsigned char rodata_a23e8[23] = { 0x6d, 0x61, 0x73, 0x74, 0x65, 0x72, 0x5f, 0x70, 0x72, 0x6f, 0x63, 0x65, 0x73, 0x73, 0x5f, 0x67, 0x65, 0x74, 0x5f, 0x72, 0x65, 0x71, 0x00 };
/* 0xa23ff */ const unsigned char rodata_a23ff[23] = { 0x6d, 0x61, 0x73, 0x74, 0x65, 0x72, 0x5f, 0x70, 0x72, 0x6f, 0x63, 0x65, 0x73, 0x73, 0x5f, 0x70, 0x75, 0x74, 0x5f, 0x72, 0x65, 0x71, 0x00 };
/* 0xa24dc */ const unsigned char rodata_a24dc[8] = { 0x69, 0x6d, 0x75, 0x2d, 0x6f, 0x66, 0x66, 0x00 };
/* 0xa24e4 */ const unsigned char rodata_a24e4[7] = { 0x69, 0x6d, 0x75, 0x2d, 0x6f, 0x6e, 0x00 };
/* 0xa2597 */ const unsigned char rodata_a2597[34] = { 0x25, 0x73, 0x28, 0x29, 0x3a, 0x20, 0x70, 0x65, 0x72, 0x73, 0x69, 0x73, 0x74, 0x20, 0x74, 0x61, 0x73, 0x6b, 0x20, 0x5b, 0x72, 0x75, 0x6e, 0x6e, 0x69, 0x6e, 0x67, 0x5d, 0x3a, 0x20, 0x25, 0x64, 0x0a, 0x00 };
/* 0xa25b9 */ const unsigned char rodata_a25b9[32] = { 0x25, 0x73, 0x28, 0x29, 0x3a, 0x20, 0x70, 0x65, 0x72, 0x73, 0x69, 0x73, 0x74, 0x20, 0x74, 0x61, 0x73, 0x6b, 0x20, 0x5b, 0x70, 0x61, 0x75, 0x73, 0x65, 0x5d, 0x3a, 0x20, 0x25, 0x64, 0x0a, 0x00 };
/* 0xa25d9 */ const unsigned char rodata_a25d9[31] = { 0x25, 0x73, 0x28, 0x29, 0x3a, 0x20, 0x70, 0x65, 0x72, 0x73, 0x69, 0x73, 0x74, 0x20, 0x74, 0x61, 0x73, 0x6b, 0x20, 0x5b, 0x73, 0x74, 0x6f, 0x70, 0x5d, 0x3a, 0x20, 0x25, 0x64, 0x0a, 0x00 };
/* 0xa2733 */ const unsigned char rodata_a2733[21] = { 0x49, 0x4d, 0x55, 0x3a, 0x77, 0x61, 0x6b, 0x65, 0x75, 0x70, 0x3a, 0x64, 0x61, 0x73, 0x68, 0x62, 0x6f, 0x61, 0x72, 0x64, 0x00 };
/* 0xa2768 */ const unsigned char rodata_a2768[45] = { 0x25, 0x73, 0x28, 0x29, 0x3a, 0x20, 0x23, 0x30, 0x20, 0x25, 0x64, 0x3a, 0x20, 0x49, 0x20, 0x77, 0x69, 0x6c, 0x6c, 0x20, 0x67, 0x6f, 0x20, 0x74, 0x6f, 0x20, 0x73, 0x75, 0x73, 0x70, 0x65, 0x6e, 0x64, 0x2c, 0x20, 0x67, 0x6f, 0x6f, 0x64, 0x62, 0x79, 0x65, 0x21, 0x0a, 0x00 };
/* 0xa2795 */ const unsigned char rodata_a2795[28] = { 0x6d, 0x65, 0x73, 0x73, 0x61, 0x67, 0x65, 0x3a, 0x69, 0x6d, 0x75, 0x2d, 0x74, 0x72, 0x69, 0x67, 0x67, 0x65, 0x72, 0x2d, 0x6f, 0x66, 0x66, 0x2d, 0x69, 0x6d, 0x6d, 0x00 };
/* 0xa2831 */ const unsigned char rodata_a2831[47] = { 0x25, 0x73, 0x28, 0x29, 0x3a, 0x20, 0x67, 0x6f, 0x74, 0x6f, 0x20, 0x6e, 0x65, 0x77, 0x20, 0x6d, 0x65, 0x73, 0x73, 0x61, 0x67, 0x65, 0x20, 0x63, 0x6f, 0x6d, 0x65, 0x20, 0x6f, 0x6e, 0x20, 0x74, 0x61, 0x73, 0x6b, 0x20, 0x6d, 0x61, 0x73, 0x74, 0x65, 0x72, 0x21, 0x0d, 0x0a, 0x0a, 0x00 };
/* 0xa28d4 */ const unsigned char rodata_a28d4[26] = { 0x6e, 0x65, 0x77, 0x2d, 0x6d, 0x73, 0x67, 0x2d, 0x74, 0x69, 0x6d, 0x65, 0x6f, 0x75, 0x74, 0x2d, 0x67, 0x6f, 0x74, 0x6f, 0x2d, 0x69, 0x64, 0x6c, 0x65, 0x00 };
/* 0xa291d */ const unsigned char rodata_a291d[45] = { 0x25, 0x73, 0x28, 0x29, 0x3a, 0x20, 0x23, 0x31, 0x20, 0x25, 0x64, 0x3a, 0x20, 0x49, 0x20, 0x77, 0x69, 0x6c, 0x6c, 0x20, 0x67, 0x6f, 0x20, 0x74, 0x6f, 0x20, 0x73, 0x75, 0x73, 0x70, 0x65, 0x6e, 0x64, 0x2c, 0x20, 0x67, 0x6f, 0x6f, 0x64, 0x62, 0x79, 0x65, 0x21, 0x0a, 0x00 };
/* 0xa294a */ const unsigned char rodata_a294a[45] = { 0x25, 0x73, 0x28, 0x29, 0x3a, 0x20, 0x23, 0x32, 0x20, 0x25, 0x64, 0x3a, 0x20, 0x49, 0x20, 0x77, 0x69, 0x6c, 0x6c, 0x20, 0x67, 0x6f, 0x20, 0x74, 0x6f, 0x20, 0x73, 0x75, 0x73, 0x70, 0x65, 0x6e, 0x64, 0x2c, 0x20, 0x67, 0x6f, 0x6f, 0x64, 0x62, 0x79, 0x65, 0x21, 0x0a, 0x00 };
/* 0xa2a21 */ const unsigned char rodata_a2a21[17] = { 0x65, 0x76, 0x65, 0x6e, 0x61, 0x69, 0x3a, 0x73, 0x65, 0x6c, 0x66, 0x20, 0x65, 0x78, 0x69, 0x74, 0x00 };
/* 0xa2a32 */ const unsigned char rodata_a2a32[27] = { 0x65, 0x76, 0x65, 0x6e, 0x61, 0x69, 0x3a, 0x69, 0x6d, 0x75, 0x2d, 0x74, 0x72, 0x69, 0x67, 0x67, 0x65, 0x72, 0x2d, 0x6f, 0x66, 0x66, 0x2d, 0x69, 0x6d, 0x6d, 0x00 };
/* 0xa2ad4 */ const unsigned char rodata_a2ad4[30] = { 0x64, 0x61, 0x73, 0x68, 0x62, 0x6f, 0x61, 0x72, 0x64, 0x3a, 0x69, 0x6d, 0x75, 0x2d, 0x74, 0x72, 0x69, 0x67, 0x67, 0x65, 0x72, 0x2d, 0x6f, 0x66, 0x66, 0x2d, 0x69, 0x6d, 0x6d, 0x00 };
/* 0xa2ba7 */ const unsigned char rodata_a2ba7[25] = { 0x67, 0x6f, 0x74, 0x6f, 0x20, 0x6d, 0x65, 0x73, 0x73, 0x61, 0x67, 0x65, 0x20, 0x73, 0x68, 0x6f, 0x77, 0x20, 0x74, 0x61, 0x73, 0x6b, 0x20, 0x21, 0x00 };
/* 0xa2c70 */ const unsigned char rodata_a2c70[21] = { 0x64, 0x69, 0x73, 0x70, 0x6c, 0x61, 0x79, 0x20, 0x6d, 0x73, 0x67, 0x20, 0x62, 0x79, 0x20, 0x74, 0x6f, 0x75, 0x63, 0x68, 0x00 };
/* 0xa2ce2 */ const unsigned char rodata_a2ce2[26] = { 0x63, 0x6f, 0x75, 0x6e, 0x74, 0x64, 0x6f, 0x77, 0x6e, 0x3a, 0x74, 0x72, 0x69, 0x67, 0x67, 0x65, 0x72, 0x2d, 0x6f, 0x66, 0x66, 0x2d, 0x69, 0x6d, 0x6d, 0x00 };
/* 0xa2cfc */ const unsigned char rodata_a2cfc[30] = { 0x63, 0x6f, 0x75, 0x6e, 0x74, 0x64, 0x6f, 0x77, 0x6e, 0x3a, 0x69, 0x6d, 0x75, 0x2d, 0x74, 0x72, 0x69, 0x67, 0x67, 0x65, 0x72, 0x2d, 0x6f, 0x66, 0x66, 0x2d, 0x69, 0x6d, 0x6d, 0x00 };
/* 0xa2d5a */ const unsigned char rodata_a2d5a[21] = { 0x63, 0x6f, 0x75, 0x6e, 0x74, 0x64, 0x6f, 0x77, 0x6e, 0x3a, 0x74, 0x73, 0x20, 0x69, 0x73, 0x20, 0x6f, 0x76, 0x65, 0x72, 0x00 };
/* 0xa2de3 */ const unsigned char rodata_a2de3[78] = { 0x25, 0x73, 0x28, 0x29, 0x3a, 0x20, 0x23, 0x39, 0x20, 0x25, 0x64, 0x3a, 0x20, 0x49, 0x20, 0x77, 0x69, 0x6c, 0x6c, 0x20, 0x67, 0x6f, 0x20, 0x74, 0x6f, 0x20, 0x73, 0x75, 0x73, 0x70, 0x65, 0x6e, 0x64, 0x20, 0x62, 0x65, 0x63, 0x61, 0x75, 0x73, 0x65, 0x20, 0x65, 0x6e, 0x74, 0x65, 0x72, 0x20, 0x77, 0x61, 0x69, 0x74, 0x20, 0x62, 0x6c, 0x6f, 0x77, 0x68, 0x65, 0x61, 0x64, 0x20, 0x6d, 0x6f, 0x64, 0x65, 0x2c, 0x20, 0x67, 0x6f, 0x6f, 0x64, 0x62, 0x79, 0x65, 0x21, 0x0a, 0x00 };
/* 0xa2e5b */ const unsigned char rodata_a2e5b[33] = { 0x74, 0x65, 0x6c, 0x65, 0x70, 0x72, 0x6f, 0x6d, 0x70, 0x74, 0x65, 0x72, 0x3a, 0x69, 0x6d, 0x75, 0x2d, 0x74, 0x72, 0x69, 0x67, 0x67, 0x65, 0x72, 0x2d, 0x6f, 0x66, 0x66, 0x2d, 0x69, 0x6d, 0x6d, 0x00 };
/* 0xa2e7c */ const unsigned char rodata_a2e7c[23] = { 0x74, 0x65, 0x6d, 0x65, 0x70, 0x72, 0x6f, 0x6d, 0x70, 0x74, 0x65, 0x72, 0x3a, 0x73, 0x65, 0x6c, 0x66, 0x20, 0x65, 0x78, 0x69, 0x74, 0x00 };
/* 0xa2f7e */ const unsigned char rodata_a2f7e[30] = { 0x71, 0x75, 0x69, 0x63, 0x6b, 0x6e, 0x6f, 0x74, 0x65, 0x3a, 0x69, 0x6d, 0x75, 0x2d, 0x74, 0x72, 0x69, 0x67, 0x67, 0x65, 0x72, 0x2d, 0x6f, 0x66, 0x66, 0x2d, 0x69, 0x6d, 0x6d, 0x00 };
/* 0xa2f9c */ const unsigned char rodata_a2f9c[20] = { 0x71, 0x75, 0x69, 0x63, 0x6b, 0x6e, 0x6f, 0x74, 0x65, 0x3a, 0x73, 0x65, 0x6c, 0x66, 0x20, 0x65, 0x78, 0x69, 0x74, 0x00 };
/* 0xa30e5 */ const unsigned char rodata_a30e5[31] = { 0x6e, 0x61, 0x76, 0x69, 0x67, 0x61, 0x74, 0x69, 0x6f, 0x6e, 0x3a, 0x69, 0x6d, 0x75, 0x2d, 0x74, 0x72, 0x69, 0x67, 0x67, 0x65, 0x72, 0x2d, 0x6f, 0x66, 0x66, 0x2d, 0x69, 0x6d, 0x6d, 0x00 };
/* 0xa3104 */ const unsigned char rodata_a3104[21] = { 0x6e, 0x61, 0x76, 0x69, 0x67, 0x61, 0x74, 0x69, 0x6f, 0x6e, 0x3a, 0x73, 0x65, 0x6c, 0x66, 0x20, 0x65, 0x78, 0x69, 0x74, 0x00 };
/* 0xa3201 */ const unsigned char rodata_a3201[20] = { 0x74, 0x72, 0x61, 0x6e, 0x73, 0x6c, 0x61, 0x74, 0x65, 0x3a, 0x73, 0x65, 0x6c, 0x66, 0x20, 0x65, 0x78, 0x69, 0x74, 0x00 };
/* 0xa3215 */ const unsigned char rodata_a3215[47] = { 0x25, 0x73, 0x28, 0x29, 0x3a, 0x20, 0x23, 0x31, 0x20, 0x25, 0x64, 0x3a, 0x20, 0x49, 0x20, 0x77, 0x69, 0x6c, 0x6c, 0x20, 0x67, 0x6f, 0x20, 0x74, 0x6f, 0x20, 0x64, 0x61, 0x73, 0x68, 0x62, 0x6f, 0x61, 0x72, 0x64, 0x2c, 0x20, 0x67, 0x6f, 0x6f, 0x64, 0x62, 0x79, 0x65, 0x21, 0x0a, 0x00 };
/* 0xa32df */ const unsigned char rodata_a32df[16] = { 0x6e, 0x6f, 0x74, 0x5f, 0x64, 0x69, 0x73, 0x74, 0x75, 0x72, 0x62, 0x3a, 0x64, 0x66, 0x75, 0x00 };
/* 0xa32ef */ const unsigned char rodata_a32ef[22] = { 0x6e, 0x6f, 0x74, 0x5f, 0x64, 0x69, 0x73, 0x74, 0x75, 0x72, 0x62, 0x3a, 0x73, 0x65, 0x6c, 0x66, 0x20, 0x65, 0x78, 0x69, 0x74, 0x00 };
/* 0xa3305 */ const unsigned char rodata_a3305[32] = { 0x6e, 0x6f, 0x74, 0x5f, 0x64, 0x69, 0x73, 0x74, 0x75, 0x72, 0x62, 0x3a, 0x69, 0x6d, 0x75, 0x2d, 0x74, 0x72, 0x69, 0x67, 0x67, 0x65, 0x72, 0x2d, 0x6f, 0x66, 0x66, 0x2d, 0x69, 0x6d, 0x6d, 0x00 };
/* 0xa3311 */ const unsigned char rodata_a3311[20] = { 0x69, 0x6d, 0x75, 0x2d, 0x74, 0x72, 0x69, 0x67, 0x67, 0x65, 0x72, 0x2d, 0x6f, 0x66, 0x66, 0x2d, 0x69, 0x6d, 0x6d, 0x00 };
/* 0xa339b */ const unsigned char rodata_a339b[15] = { 0x6f, 0x6e, 0x62, 0x6f, 0x61, 0x72, 0x64, 0x69, 0x6e, 0x67, 0x3a, 0x64, 0x66, 0x75, 0x00 };
/* 0xa33aa */ const unsigned char rodata_a33aa[21] = { 0x6f, 0x6e, 0x62, 0x6f, 0x61, 0x72, 0x64, 0x69, 0x6e, 0x67, 0x3a, 0x73, 0x65, 0x6c, 0x66, 0x20, 0x65, 0x78, 0x69, 0x74, 0x00 };
/* 0xa33bf */ const unsigned char rodata_a33bf[31] = { 0x6f, 0x6e, 0x62, 0x6f, 0x61, 0x72, 0x64, 0x69, 0x6e, 0x67, 0x3a, 0x69, 0x6d, 0x75, 0x2d, 0x74, 0x72, 0x69, 0x67, 0x67, 0x65, 0x72, 0x2d, 0x6f, 0x66, 0x66, 0x2d, 0x69, 0x6d, 0x6d, 0x00 };
/* 0xa3456 */ const unsigned char rodata_a3456[18] = { 0x72, 0x61, 0x73, 0x74, 0x65, 0x72, 0x5f, 0x68, 0x65, 0x69, 0x67, 0x68, 0x74, 0x3a, 0x64, 0x66, 0x75, 0x00 };
/* 0xa3468 */ const unsigned char rodata_a3468[24] = { 0x72, 0x61, 0x73, 0x74, 0x65, 0x72, 0x5f, 0x68, 0x65, 0x69, 0x67, 0x68, 0x74, 0x3a, 0x73, 0x65, 0x6c, 0x66, 0x20, 0x65, 0x78, 0x69, 0x74, 0x00 };
/* 0xa3480 */ const unsigned char rodata_a3480[34] = { 0x72, 0x61, 0x73, 0x74, 0x65, 0x72, 0x5f, 0x68, 0x65, 0x69, 0x67, 0x68, 0x74, 0x3a, 0x69, 0x6d, 0x75, 0x2d, 0x74, 0x72, 0x69, 0x67, 0x67, 0x65, 0x72, 0x2d, 0x6f, 0x66, 0x66, 0x2d, 0x69, 0x6d, 0x6d, 0x00 };
/* 0xa35cd */ const unsigned char rodata_a35cd[18] = { 0x73, 0x65, 0x74, 0x5f, 0x69, 0x6d, 0x75, 0x5f, 0x70, 0x69, 0x74, 0x63, 0x68, 0x3a, 0x64, 0x66, 0x75, 0x00 };
/* 0xa35df */ const unsigned char rodata_a35df[24] = { 0x73, 0x65, 0x74, 0x5f, 0x69, 0x6d, 0x75, 0x5f, 0x70, 0x69, 0x74, 0x63, 0x68, 0x3a, 0x73, 0x65, 0x6c, 0x66, 0x20, 0x65, 0x78, 0x69, 0x74, 0x00 };
/* 0xa35f7 */ const unsigned char rodata_a35f7[34] = { 0x73, 0x65, 0x74, 0x5f, 0x69, 0x6d, 0x75, 0x5f, 0x70, 0x69, 0x74, 0x63, 0x68, 0x3a, 0x69, 0x6d, 0x75, 0x2d, 0x74, 0x72, 0x69, 0x67, 0x67, 0x65, 0x72, 0x2d, 0x6f, 0x66, 0x66, 0x2d, 0x69, 0x6d, 0x6d, 0x00 };
/* 0xa3758 */ const unsigned char rodata_a3758[24] = { 0x42, 0x4c, 0x45, 0x3a, 0x77, 0x61, 0x6b, 0x65, 0x75, 0x70, 0x3a, 0x70, 0x65, 0x72, 0x73, 0x69, 0x73, 0x74, 0x5f, 0x74, 0x61, 0x73, 0x6b, 0x00 };
/* 0xa37f6 */ const unsigned char rodata_a37f6[27] = { 0x42, 0x4c, 0x45, 0x3a, 0x77, 0x61, 0x6b, 0x65, 0x75, 0x70, 0x3a, 0x6e, 0x65, 0x78, 0x74, 0x2d, 0x75, 0x6e, 0x72, 0x65, 0x61, 0x64, 0x5f, 0x6d, 0x73, 0x67, 0x00 };
/* 0xa383d */ const unsigned char rodata_a383d[15] = { 0x57, 0x41, 0x49, 0x54, 0x5f, 0x42, 0x4c, 0x4f, 0x57, 0x5f, 0x48, 0x45, 0x41, 0x44, 0x00 };
/* 0xa3886 */ const unsigned char rodata_a3886[31] = { 0x70, 0x72, 0x6f, 0x63, 0x65, 0x73, 0x73, 0x5f, 0x66, 0x6f, 0x72, 0x5f, 0x73, 0x65, 0x74, 0x5f, 0x69, 0x6d, 0x75, 0x5f, 0x70, 0x69, 0x74, 0x63, 0x68, 0x5f, 0x73, 0x68, 0x6f, 0x77, 0x00 };
/* 0xa38be */ const unsigned char rodata_a38be[31] = { 0x70, 0x72, 0x6f, 0x63, 0x65, 0x73, 0x73, 0x5f, 0x66, 0x6f, 0x72, 0x5f, 0x72, 0x61, 0x73, 0x74, 0x65, 0x72, 0x5f, 0x68, 0x65, 0x69, 0x67, 0x68, 0x74, 0x5f, 0x73, 0x68, 0x6f, 0x77, 0x00 };
/* 0xa38dd */ const unsigned char rodata_a38dd[28] = { 0x70, 0x72, 0x6f, 0x63, 0x65, 0x73, 0x73, 0x5f, 0x66, 0x6f, 0x72, 0x5f, 0x6f, 0x6e, 0x62, 0x6f, 0x61, 0x72, 0x64, 0x69, 0x6e, 0x67, 0x5f, 0x73, 0x68, 0x6f, 0x77, 0x00 };
/* 0xa38f9 */ const unsigned char rodata_a38f9[29] = { 0x70, 0x72, 0x6f, 0x63, 0x65, 0x73, 0x73, 0x5f, 0x66, 0x6f, 0x72, 0x5f, 0x6e, 0x6f, 0x74, 0x5f, 0x64, 0x69, 0x73, 0x74, 0x75, 0x72, 0x62, 0x5f, 0x73, 0x68, 0x6f, 0x77, 0x00 };
/* 0xa3930 */ const unsigned char rodata_a3930[27] = { 0x70, 0x72, 0x6f, 0x63, 0x65, 0x73, 0x73, 0x5f, 0x66, 0x6f, 0x72, 0x5f, 0x74, 0x72, 0x61, 0x6e, 0x73, 0x6c, 0x61, 0x74, 0x65, 0x5f, 0x73, 0x68, 0x6f, 0x77, 0x00 };
/* 0xa394b */ const unsigned char rodata_a394b[28] = { 0x70, 0x72, 0x6f, 0x63, 0x65, 0x73, 0x73, 0x5f, 0x66, 0x6f, 0x72, 0x5f, 0x6e, 0x61, 0x76, 0x69, 0x67, 0x61, 0x74, 0x69, 0x6f, 0x6e, 0x5f, 0x73, 0x68, 0x6f, 0x77, 0x00 };
/* 0xa3967 */ const unsigned char rodata_a3967[27] = { 0x70, 0x72, 0x6f, 0x63, 0x65, 0x73, 0x73, 0x5f, 0x66, 0x6f, 0x72, 0x5f, 0x71, 0x75, 0x69, 0x63, 0x6b, 0x6e, 0x6f, 0x74, 0x65, 0x5f, 0x73, 0x68, 0x6f, 0x77, 0x00 };
/* 0xa3982 */ const unsigned char rodata_a3982[30] = { 0x70, 0x72, 0x6f, 0x63, 0x65, 0x73, 0x73, 0x5f, 0x66, 0x6f, 0x72, 0x5f, 0x74, 0x65, 0x6c, 0x65, 0x70, 0x72, 0x6f, 0x6d, 0x70, 0x74, 0x65, 0x72, 0x5f, 0x73, 0x68, 0x6f, 0x77, 0x00 };
/* 0xa39a0 */ const unsigned char rodata_a39a0[27] = { 0x70, 0x72, 0x6f, 0x63, 0x65, 0x73, 0x73, 0x5f, 0x66, 0x6f, 0x72, 0x5f, 0x63, 0x6f, 0x75, 0x6e, 0x74, 0x64, 0x6f, 0x77, 0x6e, 0x5f, 0x73, 0x68, 0x6f, 0x77, 0x00 };
/* 0xa39bb */ const unsigned char rodata_a39bb[27] = { 0x70, 0x72, 0x6f, 0x63, 0x65, 0x73, 0x73, 0x5f, 0x66, 0x6f, 0x72, 0x5f, 0x44, 0x41, 0x53, 0x48, 0x42, 0x4f, 0x41, 0x52, 0x44, 0x5f, 0x73, 0x68, 0x6f, 0x77, 0x00 };
/* 0xa3b5a */ const unsigned char rodata_a3b5a[32] = { 0x25, 0x73, 0x28, 0x29, 0x3a, 0x20, 0x6f, 0x70, 0x74, 0x33, 0x30, 0x30, 0x37, 0x20, 0x6d, 0x66, 0x67, 0x20, 0x69, 0x64, 0x3d, 0x30, 0x78, 0x25, 0x78, 0x2c, 0x20, 0x65, 0x72, 0x72, 0x0a, 0x00 };
/* 0xa3b8e */ const unsigned char rodata_a3b8e[40] = { 0x25, 0x73, 0x28, 0x29, 0x3a, 0x20, 0x6f, 0x70, 0x74, 0x33, 0x30, 0x30, 0x37, 0x20, 0x42, 0x61, 0x64, 0x20, 0x6d, 0x61, 0x6e, 0x75, 0x66, 0x61, 0x63, 0x74, 0x75, 0x72, 0x65, 0x72, 0x20, 0x69, 0x64, 0x20, 0x30, 0x78, 0x25, 0x78, 0x0a, 0x00 };
/* 0xa40ec */ const unsigned char rodata_a40ec[25] = { 0x20, 0x5b, 0x25, 0x73, 0x5d, 0x20, 0x64, 0x65, 0x76, 0x69, 0x63, 0x65, 0x20, 0x6e, 0x6f, 0x74, 0x20, 0x72, 0x65, 0x61, 0x64, 0x79, 0x2e, 0x0a, 0x00 };
/* 0xa49ed */ const unsigned char rodata_a49ed[2] = { 0x20, 0x00 };
/* 0xa6589 */ const unsigned char rodata_a6589[26] = { 0x63, 0x6f, 0x6d, 0x6d, 0x5f, 0x77, 0x72, 0x69, 0x74, 0x65, 0x20, 0x70, 0x61, 0x72, 0x61, 0x20, 0x69, 0x73, 0x20, 0x65, 0x72, 0x72, 0x6f, 0x72, 0x0a, 0x00 };
/* 0xa79eb */ const unsigned char rodata_a79eb[37] = { 0x2e, 0x2e, 0x2f, 0x73, 0x72, 0x63, 0x2f, 0x70, 0x72, 0x6f, 0x64, 0x75, 0x63, 0x74, 0x69, 0x6f, 0x6e, 0x5f, 0x74, 0x65, 0x73, 0x74, 0x2f, 0x73, 0x65, 0x72, 0x69, 0x61, 0x6c, 0x5f, 0x70, 0x6f, 0x72, 0x74, 0x2e, 0x63, 0x00 };
/* 0xa7cd6 */ const unsigned char rodata_a7cd6[30] = { 0x25, 0x73, 0x28, 0x29, 0x3a, 0x20, 0x69, 0x6e, 0x70, 0x75, 0x74, 0x20, 0x70, 0x61, 0x72, 0x61, 0x6d, 0x20, 0x69, 0x73, 0x20, 0x65, 0x72, 0x72, 0x6f, 0x72, 0x20, 0x21, 0x0a, 0x00 };
/* 0xa7cf4 */ const unsigned char rodata_a7cf4[40] = { 0x25, 0x73, 0x28, 0x29, 0x3a, 0x20, 0x5b, 0x63, 0x73, 0x68, 0x5f, 0x64, 0x65, 0x62, 0x75, 0x67, 0x5d, 0x75, 0x6e, 0x72, 0x65, 0x61, 0x64, 0x5f, 0x6d, 0x73, 0x67, 0x5f, 0x6e, 0x75, 0x6d, 0x20, 0x69, 0x73, 0x3a, 0x20, 0x25, 0x64, 0x0a, 0x00 };
/* 0xa7dc5 */ const unsigned char rodata_a7dc5[26] = { 0x5b, 0x25, 0x73, 0x2d, 0x25, 0x64, 0x5d, 0x20, 0x6d, 0x65, 0x73, 0x73, 0x61, 0x67, 0x65, 0x20, 0x69, 0x73, 0x20, 0x4e, 0x55, 0x4c, 0x4c, 0x20, 0x0a, 0x00 };
/* 0xa7ec3 */ const unsigned char rodata_a7ec3[51] = { 0x5b, 0x63, 0x73, 0x68, 0x5f, 0x64, 0x65, 0x62, 0x75, 0x67, 0x5f, 0x6d, 0x73, 0x67, 0x5d, 0x70, 0x75, 0x73, 0x68, 0x5f, 0x6d, 0x65, 0x73, 0x73, 0x61, 0x67, 0x65, 0x20, 0x67, 0x5f, 0x6d, 0x73, 0x67, 0x5f, 0x6e, 0x75, 0x6d, 0x5f, 0x70, 0x75, 0x73, 0x68, 0x20, 0x69, 0x73, 0x20, 0x25, 0x64, 0x20, 0x0a, 0x00 };
/* 0xa823b */ const unsigned char rodata_a823b[13] = { 0x70, 0x75, 0x73, 0x68, 0x5f, 0x6d, 0x65, 0x73, 0x73, 0x61, 0x67, 0x65, 0x00 };
/* 0xa8248 */ const unsigned char rodata_a8248[13] = { 0x70, 0x75, 0x73, 0x68, 0x5f, 0x6d, 0x65, 0x73, 0x73, 0x61, 0x67, 0x65, 0x00 };
/* 0xa829f */ const unsigned char rodata_a829f[37] = { 0x67, 0x65, 0x74, 0x5f, 0x6e, 0x6f, 0x74, 0x69, 0x66, 0x69, 0x63, 0x61, 0x74, 0x69, 0x6f, 0x6e, 0x5f, 0x63, 0x6f, 0x75, 0x6e, 0x74, 0x73, 0x5f, 0x63, 0x6d, 0x64, 0x5f, 0x72, 0x65, 0x73, 0x70, 0x6f, 0x6e, 0x73, 0x65, 0x00 };
/* 0xa83ca */ const unsigned char rodata_a83ca[7] = { 0x6d, 0x73, 0x67, 0x5f, 0x69, 0x64, 0x00 };
/* 0xa83d1 */ const unsigned char rodata_a83d1[7] = { 0x61, 0x63, 0x74, 0x69, 0x6f, 0x6e, 0x00 };
/* 0xa83d8 */ const unsigned char rodata_a83d8[17] = { 0x23, 0x64, 0x65, 0x76, 0x69, 0x63, 0x65, 0x2d, 0x72, 0x65, 0x63, 0x65, 0x69, 0x76, 0x65, 0x72, 0x00 };
/* 0xa8400 */ const unsigned char rodata_a8400[46] = { 0x5b, 0x25, 0x73, 0x2d, 0x25, 0x64, 0x5d, 0x20, 0x66, 0x6c, 0x61, 0x73, 0x68, 0x5f, 0x73, 0x65, 0x74, 0x74, 0x69, 0x6e, 0x67, 0x73, 0x5f, 0x72, 0x65, 0x61, 0x64, 0x20, 0x65, 0x72, 0x72, 0x6f, 0x72, 0x2c, 0x72, 0x65, 0x74, 0x20, 0x69, 0x73, 0x20, 0x25, 0x64, 0x20, 0x0a, 0x00 };
/* 0xa842e */ const unsigned char rodata_a842e[32] = { 0x5b, 0x25, 0x73, 0x2d, 0x25, 0x64, 0x5d, 0x20, 0x65, 0x72, 0x72, 0x6f, 0x72, 0x2c, 0x61, 0x70, 0x70, 0x43, 0x6f, 0x75, 0x6e, 0x74, 0x73, 0x20, 0x69, 0x73, 0x20, 0x25, 0x64, 0x20, 0x0a, 0x00 };
/* 0xa844e */ const unsigned char rodata_a844e[28] = { 0x5b, 0x25, 0x73, 0x2d, 0x25, 0x64, 0x5d, 0x20, 0x70, 0x6b, 0x67, 0x5f, 0x6e, 0x61, 0x6d, 0x65, 0x20, 0x69, 0x73, 0x20, 0x4e, 0x55, 0x4c, 0x4c, 0x20, 0x21, 0x0a, 0x00 };
/* 0xa84a2 */ const unsigned char rodata_a84a2[34] = { 0x77, 0x68, 0x69, 0x74, 0x65, 0x6c, 0x69, 0x73, 0x74, 0x20, 0x74, 0x79, 0x70, 0x65, 0x20, 0x63, 0x61, 0x6c, 0x6c, 0x20, 0x69, 0x73, 0x20, 0x65, 0x6e, 0x61, 0x62, 0x6c, 0x65, 0x20, 0x21, 0x20, 0x0a, 0x00 };
/* 0xa84c4 */ const unsigned char rodata_a84c4[35] = { 0x77, 0x68, 0x69, 0x74, 0x65, 0x6c, 0x69, 0x73, 0x74, 0x20, 0x74, 0x79, 0x70, 0x65, 0x20, 0x63, 0x61, 0x6c, 0x6c, 0x20, 0x69, 0x73, 0x20, 0x64, 0x69, 0x73, 0x61, 0x62, 0x6c, 0x65, 0x20, 0x21, 0x20, 0x0a, 0x00 };
/* 0xa862c */ const unsigned char rodata_a862c[12] = { 0x63, 0x61, 0x6c, 0x6c, 0x5f, 0x65, 0x6e, 0x61, 0x62, 0x6c, 0x65, 0x00 };
/* 0xa8638 */ const unsigned char rodata_a8638[22] = { 0x63, 0x61, 0x6c, 0x6c, 0x45, 0x6e, 0x61, 0x62, 0x6c, 0x65, 0x20, 0x69, 0x73, 0x20, 0x4e, 0x55, 0x4c, 0x4c, 0x20, 0x21, 0x0a, 0x00 };
/* 0xa864e */ const unsigned char rodata_a864e[11] = { 0x6d, 0x73, 0x67, 0x5f, 0x65, 0x6e, 0x61, 0x62, 0x6c, 0x65, 0x00 };
/* 0xa866e */ const unsigned char rodata_a866e[16] = { 0x63, 0x61, 0x6c, 0x65, 0x6e, 0x64, 0x61, 0x72, 0x5f, 0x65, 0x6e, 0x61, 0x62, 0x6c, 0x65, 0x00 };
/* 0xa869b */ const unsigned char rodata_a869b[16] = { 0x69, 0x6f, 0x73, 0x5f, 0x6d, 0x61, 0x69, 0x6c, 0x5f, 0x65, 0x6e, 0x61, 0x62, 0x6c, 0x65, 0x00 };
/* 0xa870b */ const unsigned char rodata_a870b[25] = { 0x73, 0x69, 0x6e, 0x67, 0x6c, 0x65, 0x41, 0x70, 0x70, 0x4a, 0x73, 0x6f, 0x6e, 0x20, 0x69, 0x73, 0x20, 0x4e, 0x55, 0x4c, 0x4c, 0x20, 0x21, 0x0a, 0x00 };
/* 0xa88a9 */ const unsigned char rodata_a88a9[21] = { 0x5b, 0x25, 0x73, 0x2d, 0x25, 0x64, 0x5d, 0x62, 0x75, 0x66, 0x20, 0x69, 0x73, 0x20, 0x6e, 0x75, 0x6c, 0x6c, 0x20, 0x0a, 0x00 };
/* 0xa88d8 */ const unsigned char rodata_a88d8[25] = { 0x5b, 0x25, 0x73, 0x2d, 0x25, 0x64, 0x5d, 0x61, 0x70, 0x70, 0x4a, 0x73, 0x6f, 0x6e, 0x20, 0x69, 0x73, 0x20, 0x6e, 0x75, 0x6c, 0x6c, 0x20, 0x0a, 0x00 };
/* 0xa8afb */ const unsigned char rodata_a8afb[6] = { 0x4a, 0x65, 0x74, 0x7a, 0x74, 0x00 };
/* 0xa8b01 */ const unsigned char rodata_a8b01[12] = { 0x56, 0x6f, 0x72, 0x20, 0x25, 0x64, 0x20, 0x4d, 0x69, 0x6e, 0x2e, 0x00 };
/* 0xa8b0d */ const unsigned char rodata_a8b0d[12] = { 0x56, 0x6f, 0x72, 0x20, 0x25, 0x64, 0x20, 0x53, 0x74, 0x64, 0x2e, 0x00 };
/* 0xa8b19 */ const unsigned char rodata_a8b19[8] = { 0x47, 0x65, 0x73, 0x74, 0x65, 0x72, 0x6e, 0x00 };
/* 0xa8b21 */ const unsigned char rodata_a8b21[10] = { 0x25, 0x30, 0x32, 0x64, 0x2f, 0x25, 0x30, 0x32, 0x64, 0x00 };
/* 0xa8b2b */ const unsigned char rodata_a8b2b[4] = { 0x4e, 0x6f, 0x77, 0x00 };
/* 0xa8b2f */ const unsigned char rodata_a8b2f[8] = { 0x25, 0x64, 0x6d, 0x20, 0x61, 0x67, 0x6f, 0x00 };
/* 0xa8b37 */ const unsigned char rodata_a8b37[8] = { 0x25, 0x64, 0x68, 0x20, 0x61, 0x67, 0x6f, 0x00 };
/* 0xa8b7e */ const unsigned char rodata_a8b7e[12] = { 0x25, 0x30, 0x32, 0x64, 0x3a, 0x25, 0x30, 0x32, 0x64, 0x70, 0x6d, 0x00 };
/* 0xa8b8a */ const unsigned char rodata_a8b8a[12] = { 0x25, 0x30, 0x32, 0x64, 0x3a, 0x25, 0x30, 0x32, 0x64, 0x61, 0x6d, 0x00 };
/* 0xa8b96 */ const unsigned char rodata_a8b96[10] = { 0x59, 0x65, 0x73, 0x74, 0x65, 0x72, 0x64, 0x61, 0x79, 0x00 };
/* 0xa8c37 */ const unsigned char rodata_a8c37[3] = { 0x25, 0x73, 0x00 };
/* 0xa8da5 */ const unsigned char rodata_a8da5[3] = { 0x42, 0x4d, 0x00 };
/* 0xa8ea1 */ const unsigned char rodata_a8ea1[20] = { 0x48, 0x6f, 0x6c, 0x64, 0x20, 0x52, 0x69, 0x67, 0x68, 0x74, 0x20, 0x54, 0x6f, 0x75, 0x63, 0x68, 0x42, 0x61, 0x72, 0x00 };
/* 0xa8eb5 */ const unsigned char rodata_a8eb5[17] = { 0x74, 0x6f, 0x20, 0x41, 0x64, 0x64, 0x20, 0x51, 0x75, 0x69, 0x63, 0x6b, 0x4e, 0x6f, 0x74, 0x65, 0x00 };
/* 0xa8ec6 */ const unsigned char rodata_a8ec6[23] = { 0x52, 0x65, 0x63, 0x68, 0x74, 0x65, 0x20, 0x54, 0x6f, 0x75, 0x63, 0x68, 0x42, 0x61, 0x72, 0x20, 0x68, 0x61, 0x6c, 0x74, 0x65, 0x6e, 0x00 };
/* 0xa9c18 */ const unsigned char rodata_a9c18[10] = { 0x25, 0x30, 0x32, 0x64, 0x3a, 0x25, 0x30, 0x32, 0x64, 0x00 };
/* 0xa9fcd */ const unsigned char rodata_a9fcd[25] = { 0x59, 0x6f, 0x75, 0x20, 0x68, 0x61, 0x76, 0x65, 0x20, 0x67, 0x6f, 0x6e, 0x65, 0x20, 0x6f, 0x66, 0x66, 0x20, 0x72, 0x6f, 0x75, 0x74, 0x65, 0x2e, 0x00 };
/* 0xa9fe6 */ const unsigned char rodata_a9fe6[17] = { 0x52, 0x65, 0x63, 0x61, 0x6c, 0x63, 0x75, 0x6c, 0x61, 0x74, 0x69, 0x6e, 0x67, 0x2e, 0x2e, 0x2e, 0x00 };
/* 0xa9ff7 */ const unsigned char rodata_a9ff7[35] = { 0x53, 0x69, 0x65, 0x20, 0x73, 0x69, 0x6e, 0x64, 0x20, 0x76, 0x6f, 0x6e, 0x20, 0x64, 0x65, 0x72, 0x20, 0x52, 0x6f, 0x75, 0x74, 0x65, 0x20, 0x61, 0x62, 0x67, 0x65, 0x6b, 0x6f, 0x6d, 0x6d, 0x65, 0x6e, 0x2e, 0x00 };
/* 0xaa01a */ const unsigned char rodata_aa01a[17] = { 0x4e, 0x65, 0x75, 0x62, 0x65, 0x72, 0x65, 0x63, 0x68, 0x6e, 0x75, 0x6e, 0x67, 0x2e, 0x2e, 0x2e, 0x00 };
/* 0xaa070 */ const unsigned char rodata_aa070[33] = { 0x59, 0x6f, 0x75, 0x72, 0x20, 0x72, 0x6f, 0x75, 0x74, 0x65, 0x20, 0x69, 0x73, 0x20, 0x62, 0x65, 0x69, 0x6e, 0x67, 0x20, 0x67, 0x65, 0x6e, 0x65, 0x72, 0x61, 0x74, 0x65, 0x64, 0x2e, 0x2e, 0x2e, 0x00 };
/* 0xaa091 */ const unsigned char rodata_aa091[29] = { 0x49, 0x68, 0x72, 0x65, 0x20, 0x52, 0x6f, 0x75, 0x74, 0x65, 0x20, 0x77, 0x69, 0x72, 0x64, 0x20, 0x62, 0x65, 0x72, 0x65, 0x63, 0x68, 0x6e, 0x65, 0x74, 0x2e, 0x2e, 0x2e, 0x00 };
/* 0xaa600 */ const unsigned char rodata_aa600[4] = { 0x32, 0x2f, 0x32, 0x00 };
/* 0xaa604 */ const unsigned char rodata_aa604[4] = { 0x31, 0x2f, 0x32, 0x00 };
/* 0xaa608 */ const unsigned char rodata_aa608[6] = { 0x31, 0x32, 0x3a, 0x34, 0x37, 0x00 };
/* 0xaa60e */ const unsigned char rodata_aa60e[3] = { 0x32, 0x35, 0x00 };
/* 0xaa661 */ const unsigned char rodata_aa661[4] = { 0x31, 0x2f, 0x36, 0x00 };
/* 0xaa665 */ const unsigned char rodata_aa665[4] = { 0x36, 0x2f, 0x36, 0x00 };
/* 0xaa669 */ const unsigned char rodata_aa669[4] = { 0x34, 0x2f, 0x36, 0x00 };
/* 0xaa66d */ const unsigned char rodata_aa66d[4] = { 0x33, 0x2f, 0x36, 0x00 };
/* 0xaa671 */ const unsigned char rodata_aa671[4] = { 0x35, 0x2f, 0x36, 0x00 };
/* 0xaa675 */ const unsigned char rodata_aa675[4] = { 0x32, 0x2f, 0x36, 0x00 };
/* 0xaa8eb */ const unsigned char rodata_aa8eb[56] = { 0x25, 0x73, 0x28, 0x29, 0x3a, 0x20, 0x63, 0x61, 0x6e, 0x27, 0x74, 0x20, 0x66, 0x69, 0x6e, 0x64, 0x20, 0x72, 0x65, 0x73, 0x6f, 0x75, 0x72, 0x63, 0x65, 0x2c, 0x70, 0x6c, 0x65, 0x61, 0x73, 0x65, 0x20, 0x63, 0x68, 0x65, 0x63, 0x6b, 0x20, 0x72, 0x65, 0x73, 0x6f, 0x75, 0x72, 0x63, 0x65, 0x20, 0x6e, 0x61, 0x6d, 0x65, 0x20, 0x21, 0x0a, 0x00 };
/* 0xaa923 */ const unsigned char rodata_aa923[46] = { 0x25, 0x73, 0x28, 0x29, 0x3a, 0x20, 0x64, 0x61, 0x72, 0x6b, 0x20, 0x6c, 0x69, 0x67, 0x68, 0x74, 0x20, 0x76, 0x61, 0x6c, 0x75, 0x65, 0x20, 0x70, 0x61, 0x72, 0x61, 0x6d, 0x70, 0x74, 0x65, 0x72, 0x20, 0x65, 0x72, 0x72, 0x6f, 0x72, 0x2c, 0x65, 0x78, 0x69, 0x74, 0x21, 0x0a, 0x00 };
/* 0xaa96d */ const unsigned char rodata_aa96d[54] = { 0x25, 0x73, 0x28, 0x29, 0x3a, 0x20, 0x69, 0x6e, 0x70, 0x75, 0x74, 0x20, 0x70, 0x61, 0x72, 0x61, 0x6d, 0x20, 0x65, 0x72, 0x72, 0x6f, 0x72, 0x2c, 0x70, 0x6c, 0x65, 0x61, 0x73, 0x65, 0x20, 0x63, 0x68, 0x65, 0x63, 0x6b, 0x20, 0x70, 0x6f, 0x73, 0x74, 0x69, 0x6f, 0x6e, 0x20, 0x63, 0x6f, 0x6e, 0x74, 0x65, 0x6e, 0x74, 0x0a, 0x00 };
/* 0xaaa58 */ const unsigned char rodata_aaa58[39] = { 0x25, 0x73, 0x28, 0x29, 0x3a, 0x20, 0x63, 0x61, 0x6e, 0x20, 0x6e, 0x6f, 0x74, 0x20, 0x66, 0x69, 0x6e, 0x64, 0x20, 0x30, 0x78, 0x25, 0x78, 0x20, 0x66, 0x6f, 0x6e, 0x74, 0x20, 0x72, 0x65, 0x73, 0x6f, 0x75, 0x72, 0x63, 0x65, 0x0a, 0x00 };
/* 0xaaaac */ const unsigned char rodata_aaaac[11] = { 0x25, 0x64, 0x25, 0x64, 0x25, 0x73, 0x25, 0x64, 0x25, 0x64, 0x00 };
/* 0xaab3b */ const unsigned char rodata_aab3b[37] = { 0x25, 0x73, 0x28, 0x29, 0x3a, 0x20, 0x64, 0x61, 0x72, 0x6b, 0x5f, 0x6c, 0x69, 0x67, 0x68, 0x74, 0x5f, 0x66, 0x6c, 0x61, 0x67, 0x20, 0x31, 0x20, 0x63, 0x6f, 0x64, 0x65, 0x20, 0x3d, 0x20, 0x30, 0x78, 0x25, 0x78, 0x0a, 0x00 };
/* 0xbb220 WITHDRAWN P4 iteration 36: this pin names the 3,534-byte LOCALIZED
 * STRING POOL [0xbb220, 0xbbfee), not an 11-byte "ERR_STRING".  The generator
 * selected it because the pool's FIRST string is printable, and the 128 other
 * strings the eight rodata_8a3e0..8ab18 tables point at were emitted nowhere.
 * The whole pool is now owned byte-exact by
 * recon/application/app/src/g1_app_localized_rodata.c, and the numeric PROVIDE
 * has been deleted from g1_app_globals.ld, so gen_app_string_rodata.py's
 * numeric-literal-only PIN regex can never select it again (report 35.13). */
/* 0xbc083 */ const unsigned char rodata_bc083[20] = { 0x72, 0x65, 0x73, 0x6f, 0x75, 0x72, 0x63, 0x65, 0x5f, 0x6d, 0x61, 0x6e, 0x67, 0x65, 0x72, 0x5f, 0x67, 0x65, 0x74, 0x00 };
/* 0xc7309 */ const unsigned char rodata_c7309[11] = { 0x22, 0x22, 0x22, 0x22, 0x22, 0x22, 0x22, 0x22, 0x22, 0x22, 0x00 };
/* 0xc733b */ const unsigned char rodata_c733b[2] = { 0x22, 0x00 };
/* 0xc736d */ const unsigned char rodata_c736d[12] = { 0x22, 0x22, 0x22, 0x22, 0x22, 0x22, 0x22, 0x22, 0x22, 0x22, 0x22, 0x00 };
/* 0xc768a */ const unsigned char rodata_c768a[2] = { 0x20, 0x00 };
/* 0xc77c4 */ const unsigned char rodata_c77c4[2] = { 0x20, 0x00 };
/* 0xef081 */ const unsigned char rodata_ef081[32] = { 0x25, 0x73, 0x28, 0x29, 0x3a, 0x20, 0x72, 0x75, 0x6e, 0x6e, 0x69, 0x6e, 0x67, 0x20, 0x70, 0x72, 0x6f, 0x78, 0x79, 0x20, 0x74, 0x68, 0x72, 0x65, 0x61, 0x64, 0x2e, 0x2e, 0x2e, 0x20, 0x0a, 0x00 };
/* 0xef0fb */ const unsigned char rodata_ef0fb[58] = { 0x25, 0x73, 0x28, 0x29, 0x3a, 0x20, 0x46, 0x61, 0x69, 0x6c, 0x65, 0x64, 0x20, 0x74, 0x6f, 0x20, 0x73, 0x65, 0x6e, 0x64, 0x20, 0x64, 0x61, 0x74, 0x61, 0x20, 0x6f, 0x76, 0x65, 0x72, 0x20, 0x42, 0x4c, 0x45, 0x20, 0x63, 0x6f, 0x6e, 0x6e, 0x65, 0x63, 0x74, 0x69, 0x6f, 0x6e, 0x3a, 0x20, 0x72, 0x65, 0x74, 0x20, 0x3d, 0x20, 0x25, 0x64, 0x20, 0x0a, 0x00 };
/* 0xef214 */ const unsigned char rodata_ef214[76] = { 0x25, 0x73, 0x28, 0x29, 0x3a, 0x20, 0x73, 0x65, 0x6e, 0x64, 0x20, 0x61, 0x75, 0x64, 0x69, 0x6f, 0x20, 0x73, 0x74, 0x72, 0x65, 0x61, 0x6d, 0x20, 0x6d, 0x6f, 0x72, 0x65, 0x20, 0x74, 0x68, 0x61, 0x6e, 0x20, 0x72, 0x65, 0x74, 0x72, 0x79, 0x20, 0x63, 0x6f, 0x75, 0x6e, 0x74, 0x2c, 0x62, 0x72, 0x65, 0x61, 0x6b, 0x20, 0x61, 0x75, 0x64, 0x69, 0x6f, 0x20, 0x73, 0x65, 0x6e, 0x64, 0x20, 0x70, 0x72, 0x6f, 0x63, 0x65, 0x73, 0x73, 0x2e, 0x2e, 0x2e, 0x2e, 0x0a, 0x00 };
/* 0xef29b */ const unsigned char rodata_ef29b[68] = { 0x25, 0x73, 0x28, 0x29, 0x3a, 0x20, 0x61, 0x70, 0x70, 0x20, 0x72, 0x65, 0x71, 0x75, 0x65, 0x73, 0x74, 0x20, 0x6f, 0x76, 0x65, 0x72, 0x20, 0x73, 0x69, 0x7a, 0x65, 0x20, 0x64, 0x61, 0x74, 0x61, 0x20, 0x2c, 0x62, 0x72, 0x65, 0x61, 0x6b, 0x2c, 0x6c, 0x61, 0x73, 0x74, 0x20, 0x70, 0x61, 0x63, 0x6b, 0x65, 0x74, 0x20, 0x74, 0x69, 0x6d, 0x65, 0x73, 0x74, 0x61, 0x6d, 0x70, 0x20, 0x3d, 0x20, 0x25, 0x64, 0x0a, 0x00 };
/* 0xef3e2 */ const unsigned char rodata_ef3e2[43] = { 0x25, 0x73, 0x28, 0x29, 0x3a, 0x20, 0x61, 0x75, 0x64, 0x69, 0x6f, 0x5f, 0x72, 0x65, 0x73, 0x70, 0x6f, 0x6e, 0x73, 0x65, 0x5f, 0x70, 0x61, 0x63, 0x6b, 0x65, 0x74, 0x5f, 0x62, 0x75, 0x66, 0x5b, 0x25, 0x64, 0x5d, 0x20, 0x3d, 0x20, 0x25, 0x64, 0x0a, 0x0a, 0x00 };
/* 0xef596 */ const unsigned char rodata_ef596[8] = { 0x75, 0x6e, 0x6b, 0x6e, 0x6f, 0x77, 0x6e, 0x00 };
/* 0xef5df */ const unsigned char rodata_ef5df[20] = { 0x64, 0x6f, 0x75, 0x62, 0x6c, 0x65, 0x20, 0x63, 0x6c, 0x69, 0x63, 0x6b, 0x20, 0x73, 0x74, 0x61, 0x72, 0x74, 0x20, 0x00 };
/* 0xef76f */ const unsigned char rodata_ef76f[21] = { 0x70, 0x72, 0x6f, 0x78, 0x79, 0x5f, 0x74, 0x68, 0x72, 0x65, 0x61, 0x64, 0x5f, 0x68, 0x61, 0x6e, 0x64, 0x6c, 0x65, 0x72, 0x00 };
/* 0xf0000 */ const unsigned char rodata_f0000[28] = { 0x65, 0x66, 0x6c, 0x61, 0x73, 0x68, 0x20, 0x63, 0x6f, 0x6d, 0x6d, 0x61, 0x6e, 0x64, 0x20, 0x65, 0x6e, 0x64, 0x20, 0x2e, 0x2e, 0x2e, 0x2e, 0x2e, 0x2e, 0x2e, 0x0a, 0x00 };
/* 0xf02a3 */ const unsigned char rodata_f02a3[2] = { 0x3a, 0x00 };
/* 0xf08c7 */ const unsigned char rodata_f08c7[45] = { 0x57, 0x45, 0x53, 0x54, 0x5f, 0x54, 0x4f, 0x50, 0x44, 0x49, 0x52, 0x2f, 0x7a, 0x65, 0x70, 0x68, 0x79, 0x72, 0x2f, 0x69, 0x6e, 0x63, 0x6c, 0x75, 0x64, 0x65, 0x2f, 0x7a, 0x65, 0x70, 0x68, 0x79, 0x72, 0x2f, 0x73, 0x70, 0x69, 0x6e, 0x6c, 0x6f, 0x63, 0x6b, 0x2e, 0x68, 0x00 };
/* 0xf09d1 */ const unsigned char rodata_f09d1[51] = { 0x57, 0x45, 0x53, 0x54, 0x5f, 0x54, 0x4f, 0x50, 0x44, 0x49, 0x52, 0x2f, 0x6d, 0x6f, 0x64, 0x75, 0x6c, 0x65, 0x73, 0x2f, 0x68, 0x61, 0x6c, 0x2f, 0x6e, 0x6f, 0x72, 0x64, 0x69, 0x63, 0x2f, 0x6e, 0x72, 0x66, 0x78, 0x2f, 0x68, 0x61, 0x6c, 0x2f, 0x6e, 0x72, 0x66, 0x5f, 0x67, 0x70, 0x69, 0x6f, 0x2e, 0x68, 0x00 };
/* 0xf0c14 */ const unsigned char rodata_f0c14[30] = { 0x49, 0x6e, 0x76, 0x61, 0x6c, 0x69, 0x64, 0x20, 0x62, 0x61, 0x63, 0x6b, 0x65, 0x6e, 0x64, 0x20, 0x63, 0x6f, 0x6e, 0x66, 0x69, 0x67, 0x75, 0x72, 0x61, 0x74, 0x69, 0x6f, 0x6e, 0x00 };
/* 0xf0c32 */ const unsigned char rodata_f0c32[44] = { 0x49, 0x6e, 0x76, 0x61, 0x6c, 0x69, 0x64, 0x20, 0x69, 0x6e, 0x73, 0x74, 0x61, 0x6e, 0x63, 0x65, 0x2c, 0x20, 0x65, 0x6e, 0x64, 0x70, 0x6f, 0x69, 0x6e, 0x74, 0x20, 0x6f, 0x72, 0x20, 0x63, 0x6f, 0x6e, 0x66, 0x69, 0x67, 0x75, 0x72, 0x61, 0x74, 0x69, 0x6f, 0x6e, 0x00 };
/* 0xf0cae */ const unsigned char rodata_f0cae[45] = { 0x57, 0x45, 0x53, 0x54, 0x5f, 0x54, 0x4f, 0x50, 0x44, 0x49, 0x52, 0x2f, 0x7a, 0x65, 0x70, 0x68, 0x79, 0x72, 0x2f, 0x73, 0x75, 0x62, 0x73, 0x79, 0x73, 0x2f, 0x6c, 0x6f, 0x67, 0x67, 0x69, 0x6e, 0x67, 0x2f, 0x6c, 0x6f, 0x67, 0x5f, 0x63, 0x6f, 0x72, 0x65, 0x2e, 0x63, 0x00 };
/* 0xf0da7 */ const unsigned char rodata_f0da7[56] = { 0x57, 0x45, 0x53, 0x54, 0x5f, 0x54, 0x4f, 0x50, 0x44, 0x49, 0x52, 0x2f, 0x7a, 0x65, 0x70, 0x68, 0x79, 0x72, 0x2f, 0x69, 0x6e, 0x63, 0x6c, 0x75, 0x64, 0x65, 0x2f, 0x7a, 0x65, 0x70, 0x68, 0x79, 0x72, 0x2f, 0x6c, 0x6f, 0x67, 0x67, 0x69, 0x6e, 0x67, 0x2f, 0x6c, 0x6f, 0x67, 0x5f, 0x62, 0x61, 0x63, 0x6b, 0x65, 0x6e, 0x64, 0x2e, 0x68, 0x00 };
/* 0xf1031 */ const unsigned char rodata_f1031[5] = { 0x69, 0x6e, 0x66, 0x6f, 0x00 };
/* 0xf11bc */ const unsigned char rodata_f11bc[43] = { 0x57, 0x45, 0x53, 0x54, 0x5f, 0x54, 0x4f, 0x50, 0x44, 0x49, 0x52, 0x2f, 0x6e, 0x72, 0x66, 0x2f, 0x73, 0x75, 0x62, 0x73, 0x79, 0x73, 0x2f, 0x62, 0x6c, 0x75, 0x65, 0x74, 0x6f, 0x6f, 0x74, 0x68, 0x2f, 0x67, 0x61, 0x74, 0x74, 0x5f, 0x64, 0x6d, 0x2e, 0x63, 0x00 };
/* 0xf1237 */ const unsigned char rodata_f1237[28] = { 0x4e, 0x6f, 0x20, 0x73, 0x70, 0x61, 0x63, 0x65, 0x20, 0x66, 0x6f, 0x72, 0x20, 0x6e, 0x65, 0x77, 0x20, 0x61, 0x74, 0x74, 0x72, 0x69, 0x62, 0x75, 0x74, 0x65, 0x2e, 0x00 };
/* 0xf1253 */ const unsigned char rodata_f1253[29] = { 0x4e, 0x6f, 0x20, 0x73, 0x70, 0x61, 0x63, 0x65, 0x20, 0x66, 0x6f, 0x72, 0x20, 0x61, 0x74, 0x74, 0x72, 0x69, 0x62, 0x75, 0x74, 0x65, 0x20, 0x64, 0x61, 0x74, 0x61, 0x2e, 0x00 };
/* 0xf1270 */ const unsigned char rodata_f1270[20] = { 0x55, 0x6e, 0x69, 0x6e, 0x69, 0x74, 0x69, 0x61, 0x6c, 0x69, 0x7a, 0x65, 0x64, 0x20, 0x55, 0x55, 0x49, 0x44, 0x2e, 0x00 };
/* 0xf1284 */ const unsigned char rodata_f1284[21] = { 0x4e, 0x6f, 0x20, 0x73, 0x70, 0x61, 0x63, 0x65, 0x20, 0x66, 0x6f, 0x72, 0x20, 0x61, 0x20, 0x55, 0x55, 0x49, 0x44, 0x2e, 0x00 };
/* 0xf1299 */ const unsigned char rodata_f1299[34] = { 0x55, 0x6e, 0x65, 0x78, 0x70, 0x65, 0x63, 0x74, 0x65, 0x64, 0x20, 0x63, 0x6f, 0x6e, 0x6e, 0x20, 0x6f, 0x62, 0x6a, 0x65, 0x63, 0x74, 0x2e, 0x20, 0x41, 0x62, 0x6f, 0x72, 0x74, 0x69, 0x6e, 0x67, 0x2e, 0x00 };
/* 0xf13bc */ const unsigned char rodata_f13bc[41] = { 0x4e, 0x6f, 0x74, 0x20, 0x65, 0x6e, 0x6f, 0x75, 0x67, 0x68, 0x20, 0x6d, 0x65, 0x6d, 0x6f, 0x72, 0x79, 0x20, 0x66, 0x6f, 0x72, 0x20, 0x73, 0x65, 0x72, 0x76, 0x69, 0x63, 0x65, 0x20, 0x61, 0x74, 0x74, 0x72, 0x69, 0x62, 0x75, 0x74, 0x65, 0x2e, 0x00 };
/* 0xf1404 */ const unsigned char rodata_f1404[46] = { 0x4e, 0x6f, 0x74, 0x20, 0x65, 0x6e, 0x6f, 0x75, 0x67, 0x68, 0x20, 0x6d, 0x65, 0x6d, 0x6f, 0x72, 0x79, 0x20, 0x66, 0x6f, 0x72, 0x20, 0x73, 0x65, 0x72, 0x76, 0x69, 0x63, 0x65, 0x20, 0x61, 0x74, 0x74, 0x72, 0x69, 0x62, 0x75, 0x74, 0x65, 0x20, 0x64, 0x61, 0x74, 0x61, 0x2e, 0x00 };
/* 0xf1432 */ const unsigned char rodata_f1432[39] = { 0x44, 0x65, 0x73, 0x63, 0x72, 0x69, 0x70, 0x74, 0x6f, 0x72, 0x20, 0x64, 0x69, 0x73, 0x63, 0x6f, 0x76, 0x65, 0x72, 0x20, 0x66, 0x61, 0x69, 0x6c, 0x65, 0x64, 0x2c, 0x20, 0x65, 0x72, 0x72, 0x6f, 0x72, 0x3a, 0x20, 0x25, 0x64, 0x2e, 0x00 };
/* 0xf1459 */ const unsigned char rodata_f1459[43] = { 0x43, 0x68, 0x61, 0x72, 0x61, 0x63, 0x74, 0x65, 0x72, 0x69, 0x73, 0x74, 0x69, 0x63, 0x20, 0x64, 0x69, 0x73, 0x63, 0x6f, 0x76, 0x65, 0x72, 0x20, 0x66, 0x61, 0x69, 0x6c, 0x65, 0x64, 0x2c, 0x20, 0x65, 0x72, 0x72, 0x6f, 0x72, 0x3a, 0x20, 0x25, 0x64, 0x2e, 0x00 };
/* 0xf1484 */ const unsigned char rodata_f1484[62] = { 0x4e, 0x6f, 0x74, 0x20, 0x65, 0x6e, 0x6f, 0x75, 0x67, 0x68, 0x20, 0x6d, 0x65, 0x6d, 0x6f, 0x72, 0x79, 0x20, 0x66, 0x6f, 0x72, 0x20, 0x6e, 0x65, 0x78, 0x74, 0x20, 0x61, 0x74, 0x74, 0x72, 0x69, 0x62, 0x75, 0x74, 0x65, 0x20, 0x64, 0x65, 0x73, 0x63, 0x72, 0x69, 0x70, 0x74, 0x6f, 0x72, 0x20, 0x61, 0x74, 0x20, 0x68, 0x61, 0x6e, 0x64, 0x6c, 0x65, 0x20, 0x25, 0x75, 0x2e, 0x00 };
/* 0xf154a */ const unsigned char rodata_f154a[20] = { 0x63, 0x68, 0x72, 0x63, 0x20, 0x21, 0x3d, 0x20, 0x28, 0x28, 0x76, 0x6f, 0x69, 0x64, 0x20, 0x2a, 0x29, 0x30, 0x29, 0x00 };
/* 0xf1574 */ const unsigned char rodata_f1574[28] = { 0x44, 0x69, 0x73, 0x63, 0x6f, 0x76, 0x65, 0x72, 0x20, 0x66, 0x61, 0x69, 0x6c, 0x65, 0x64, 0x2c, 0x20, 0x65, 0x72, 0x72, 0x6f, 0x72, 0x3a, 0x20, 0x25, 0x64, 0x2e, 0x00 };
/* 0xf159e */ const unsigned char rodata_f159e[46] = { 0x53, 0x75, 0x62, 0x73, 0x63, 0x72, 0x69, 0x62, 0x65, 0x20, 0x4e, 0x6f, 0x74, 0x69, 0x66, 0x69, 0x63, 0x61, 0x74, 0x69, 0x6f, 0x6e, 0x20, 0x53, 0x6f, 0x75, 0x72, 0x63, 0x65, 0x20, 0x66, 0x61, 0x69, 0x6c, 0x65, 0x64, 0x20, 0x28, 0x65, 0x72, 0x72, 0x20, 0x25, 0x64, 0x29, 0x00 };
/* 0xf15cc */ const unsigned char rodata_f15cc[38] = { 0x53, 0x75, 0x62, 0x73, 0x63, 0x72, 0x69, 0x62, 0x65, 0x20, 0x44, 0x61, 0x74, 0x61, 0x20, 0x53, 0x6f, 0x75, 0x72, 0x63, 0x65, 0x20, 0x66, 0x61, 0x69, 0x6c, 0x65, 0x64, 0x20, 0x28, 0x65, 0x72, 0x72, 0x20, 0x25, 0x64, 0x29, 0x00 };
/* 0xf1625 */ const unsigned char rodata_f1625[42] = { 0x53, 0x75, 0x62, 0x73, 0x63, 0x72, 0x69, 0x62, 0x65, 0x20, 0x53, 0x65, 0x72, 0x76, 0x69, 0x63, 0x65, 0x20, 0x43, 0x68, 0x61, 0x6e, 0x67, 0x65, 0x64, 0x20, 0x66, 0x61, 0x69, 0x6c, 0x65, 0x64, 0x20, 0x28, 0x65, 0x72, 0x72, 0x20, 0x25, 0x64, 0x29, 0x00 };
/* 0xf1681 */ const unsigned char rodata_f1681[61] = { 0x57, 0x45, 0x53, 0x54, 0x5f, 0x54, 0x4f, 0x50, 0x44, 0x49, 0x52, 0x2f, 0x6e, 0x72, 0x66, 0x2f, 0x73, 0x75, 0x62, 0x73, 0x79, 0x73, 0x2f, 0x61, 0x70, 0x70, 0x5f, 0x65, 0x76, 0x65, 0x6e, 0x74, 0x5f, 0x6d, 0x61, 0x6e, 0x61, 0x67, 0x65, 0x72, 0x2f, 0x61, 0x70, 0x70, 0x5f, 0x65, 0x76, 0x65, 0x6e, 0x74, 0x5f, 0x6d, 0x61, 0x6e, 0x61, 0x67, 0x65, 0x72, 0x2e, 0x63, 0x00 };
/* 0xf1754 */ const unsigned char rodata_f1754[4] = { 0x61, 0x65, 0x68, 0x00 };
/* 0xf1ba8 */ const unsigned char rodata_f1ba8[54] = { 0x57, 0x45, 0x53, 0x54, 0x5f, 0x54, 0x4f, 0x50, 0x44, 0x49, 0x52, 0x2f, 0x7a, 0x65, 0x70, 0x68, 0x79, 0x72, 0x2f, 0x61, 0x72, 0x63, 0x68, 0x2f, 0x61, 0x72, 0x6d, 0x2f, 0x63, 0x6f, 0x72, 0x65, 0x2f, 0x61, 0x61, 0x72, 0x63, 0x68, 0x33, 0x32, 0x2f, 0x69, 0x72, 0x71, 0x5f, 0x6d, 0x61, 0x6e, 0x61, 0x67, 0x65, 0x2e, 0x63, 0x00 };
/* 0xf212c */ const unsigned char rodata_f212c[2] = { 0x2a, 0x00 };
/* 0xf23d4 */ const unsigned char rodata_f23d4[20] = { 0x6c, 0x6f, 0x63, 0x6b, 0x20, 0x21, 0x3d, 0x20, 0x28, 0x28, 0x76, 0x6f, 0x69, 0x64, 0x20, 0x2a, 0x29, 0x30, 0x29, 0x00 };
/* 0xf2432 */ const unsigned char rodata_f2432[30] = { 0x2a, 0x20, 0x62, 0x75, 0x66, 0x66, 0x65, 0x72, 0x20, 0x6f, 0x76, 0x65, 0x72, 0x66, 0x6c, 0x6f, 0x77, 0x20, 0x64, 0x65, 0x74, 0x65, 0x63, 0x74, 0x65, 0x64, 0x20, 0x2a, 0x0a, 0x00 };
/* 0xf26c1 */ const unsigned char rodata_f26c1[3] = { 0x25, 0x64, 0x00 };
/* 0xf289a */ const unsigned char rodata_f289a[26] = { 0x46, 0x61, 0x69, 0x6c, 0x65, 0x64, 0x20, 0x74, 0x6f, 0x20, 0x6f, 0x70, 0x65, 0x6e, 0x20, 0x66, 0x6c, 0x61, 0x73, 0x68, 0x20, 0x61, 0x72, 0x65, 0x61, 0x00 };
/* 0xf28b4 */ const unsigned char rodata_f28b4[32] = { 0x46, 0x61, 0x69, 0x6c, 0x65, 0x64, 0x20, 0x74, 0x6f, 0x20, 0x67, 0x65, 0x74, 0x20, 0x66, 0x6c, 0x61, 0x73, 0x68, 0x20, 0x61, 0x72, 0x65, 0x61, 0x20, 0x64, 0x65, 0x76, 0x69, 0x63, 0x65, 0x00 };
/* 0xf28d4 */ const unsigned char rodata_f28d4[27] = { 0x46, 0x61, 0x69, 0x6c, 0x65, 0x64, 0x20, 0x74, 0x6f, 0x20, 0x65, 0x72, 0x61, 0x73, 0x65, 0x20, 0x66, 0x6c, 0x61, 0x73, 0x68, 0x20, 0x61, 0x72, 0x65, 0x61, 0x00 };
/* 0xf2abf */ const unsigned char rodata_f2abf[57] = { 0x57, 0x45, 0x53, 0x54, 0x5f, 0x54, 0x4f, 0x50, 0x44, 0x49, 0x52, 0x2f, 0x7a, 0x65, 0x70, 0x68, 0x79, 0x72, 0x2f, 0x73, 0x75, 0x62, 0x73, 0x79, 0x73, 0x2f, 0x72, 0x61, 0x6e, 0x64, 0x6f, 0x6d, 0x2f, 0x72, 0x61, 0x6e, 0x64, 0x33, 0x32, 0x5f, 0x65, 0x6e, 0x74, 0x72, 0x6f, 0x70, 0x79, 0x5f, 0x64, 0x65, 0x76, 0x69, 0x63, 0x65, 0x2e, 0x63, 0x00 };
/* 0xf2b65 */ const unsigned char rodata_f2b65[33] = { 0x49, 0x6e, 0x73, 0x75, 0x66, 0x66, 0x69, 0x63, 0x69, 0x65, 0x6e, 0x74, 0x20, 0x6e, 0x75, 0x6d, 0x62, 0x65, 0x72, 0x20, 0x6f, 0x66, 0x20, 0x61, 0x72, 0x67, 0x75, 0x6d, 0x65, 0x6e, 0x74, 0x73, 0x00 };
/* 0xf2b86 */ const unsigned char rodata_f2b86[36] = { 0x49, 0x67, 0x6e, 0x6f, 0x72, 0x69, 0x6e, 0x67, 0x20, 0x69, 0x64, 0x65, 0x6e, 0x74, 0x69, 0x74, 0x69, 0x65, 0x73, 0x20, 0x73, 0x74, 0x6f, 0x72, 0x65, 0x64, 0x20, 0x69, 0x6e, 0x20, 0x66, 0x6c, 0x61, 0x73, 0x68, 0x00 };
/* 0xf2baa */ const unsigned char rodata_f2baa[37] = { 0x49, 0x6e, 0x76, 0x61, 0x6c, 0x69, 0x64, 0x20, 0x6c, 0x65, 0x6e, 0x67, 0x74, 0x68, 0x20, 0x49, 0x44, 0x20, 0x61, 0x64, 0x64, 0x72, 0x65, 0x73, 0x73, 0x20, 0x69, 0x6e, 0x20, 0x73, 0x74, 0x6f, 0x72, 0x61, 0x67, 0x65, 0x00 };
/* 0xf2bcf */ const unsigned char rodata_f2bcf[50] = { 0x46, 0x61, 0x69, 0x6c, 0x65, 0x64, 0x20, 0x74, 0x6f, 0x20, 0x72, 0x65, 0x61, 0x64, 0x20, 0x64, 0x65, 0x76, 0x69, 0x63, 0x65, 0x20, 0x6e, 0x61, 0x6d, 0x65, 0x20, 0x66, 0x72, 0x6f, 0x6d, 0x20, 0x73, 0x74, 0x6f, 0x72, 0x61, 0x67, 0x65, 0x20, 0x28, 0x65, 0x72, 0x72, 0x20, 0x25, 0x7a, 0x64, 0x29, 0x00 };
/* 0xf2c71 */ const unsigned char rodata_f2c71[27] = { 0x46, 0x61, 0x69, 0x6c, 0x65, 0x64, 0x20, 0x74, 0x6f, 0x20, 0x73, 0x61, 0x76, 0x65, 0x20, 0x49, 0x44, 0x20, 0x28, 0x65, 0x72, 0x72, 0x20, 0x25, 0x64, 0x29, 0x00 };
/* 0xf2c8c */ const unsigned char rodata_f2c8c[36] = { 0x55, 0x6e, 0x61, 0x62, 0x6c, 0x65, 0x20, 0x74, 0x6f, 0x20, 0x73, 0x65, 0x74, 0x75, 0x70, 0x20, 0x61, 0x6e, 0x20, 0x69, 0x64, 0x65, 0x6e, 0x74, 0x69, 0x74, 0x79, 0x20, 0x61, 0x64, 0x64, 0x72, 0x65, 0x73, 0x73, 0x00 };
/* 0xf2db7 */ const unsigned char rodata_f2db7[36] = { 0x55, 0x6e, 0x61, 0x62, 0x6c, 0x65, 0x20, 0x74, 0x6f, 0x20, 0x6c, 0x6f, 0x6f, 0x6b, 0x75, 0x70, 0x20, 0x63, 0x6f, 0x6e, 0x6e, 0x20, 0x66, 0x6f, 0x72, 0x20, 0x68, 0x61, 0x6e, 0x64, 0x6c, 0x65, 0x20, 0x25, 0x75, 0x00 };
/* 0xf2e3c */ const unsigned char rodata_f2e3c[38] = { 0x55, 0x6e, 0x61, 0x62, 0x6c, 0x65, 0x20, 0x74, 0x6f, 0x20, 0x6c, 0x6f, 0x6f, 0x6b, 0x20, 0x75, 0x70, 0x20, 0x63, 0x6f, 0x6e, 0x6e, 0x20, 0x77, 0x69, 0x74, 0x68, 0x20, 0x68, 0x61, 0x6e, 0x64, 0x6c, 0x65, 0x20, 0x25, 0x75, 0x00 };
/* 0xf2f59 */ const unsigned char rodata_f2f59[53] = { 0x6f, 0x70, 0x63, 0x6f, 0x64, 0x65, 0x20, 0x30, 0x78, 0x25, 0x30, 0x34, 0x78, 0x20, 0x70, 0x6f, 0x6f, 0x6c, 0x20, 0x69, 0x64, 0x20, 0x25, 0x75, 0x20, 0x70, 0x6f, 0x6f, 0x6c, 0x20, 0x25, 0x70, 0x20, 0x21, 0x3d, 0x20, 0x26, 0x68, 0x63, 0x69, 0x5f, 0x63, 0x6d, 0x64, 0x5f, 0x70, 0x6f, 0x6f, 0x6c, 0x20, 0x25, 0x70, 0x00 };
/* 0xf2f8e */ const unsigned char rodata_f2f8e[51] = { 0x4f, 0x70, 0x43, 0x6f, 0x64, 0x65, 0x20, 0x30, 0x78, 0x25, 0x30, 0x34, 0x78, 0x20, 0x63, 0x6f, 0x6d, 0x70, 0x6c, 0x65, 0x74, 0x65, 0x64, 0x20, 0x69, 0x6e, 0x73, 0x74, 0x65, 0x61, 0x64, 0x20, 0x6f, 0x66, 0x20, 0x65, 0x78, 0x70, 0x65, 0x63, 0x74, 0x65, 0x64, 0x20, 0x30, 0x78, 0x25, 0x30, 0x34, 0x78, 0x00 };
/* 0xf30dd */ const unsigned char rodata_f30dd[38] = { 0x46, 0x61, 0x69, 0x6c, 0x65, 0x64, 0x20, 0x74, 0x6f, 0x20, 0x73, 0x65, 0x74, 0x20, 0x72, 0x65, 0x71, 0x75, 0x69, 0x72, 0x65, 0x64, 0x20, 0x73, 0x65, 0x63, 0x75, 0x72, 0x69, 0x74, 0x79, 0x20, 0x6c, 0x65, 0x76, 0x65, 0x6c, 0x00 };
/* 0xf3103 */ const unsigned char rodata_f3103[34] = { 0x55, 0x6e, 0x61, 0x62, 0x6c, 0x65, 0x20, 0x74, 0x6f, 0x20, 0x73, 0x65, 0x6e, 0x64, 0x20, 0x74, 0x6f, 0x20, 0x64, 0x72, 0x69, 0x76, 0x65, 0x72, 0x20, 0x28, 0x65, 0x72, 0x72, 0x20, 0x25, 0x64, 0x29, 0x00 };
/* 0xf3191 */ const unsigned char rodata_f3191[20] = { 0x49, 0x6e, 0x76, 0x61, 0x6c, 0x69, 0x64, 0x20, 0x62, 0x75, 0x66, 0x20, 0x74, 0x79, 0x70, 0x65, 0x20, 0x25, 0x75, 0x00 };
/* 0xf31a5 */ const unsigned char rodata_f31a5[4] = { 0x5b, 0x30, 0x5d, 0x00 };
/* 0xf33d4 */ const unsigned char rodata_f33d4[21] = { 0x55, 0x6e, 0x61, 0x62, 0x6c, 0x65, 0x20, 0x74, 0x6f, 0x20, 0x73, 0x74, 0x6f, 0x72, 0x65, 0x20, 0x6e, 0x61, 0x6d, 0x65, 0x00 };
/* 0xf33e4 */ const unsigned char rodata_f33e4[5] = { 0x6e, 0x61, 0x6d, 0x65, 0x00 };
/* 0xf341d */ const unsigned char rodata_f341d[2] = { 0x31, 0x00 };
/* 0xf3449 */ const unsigned char rodata_f3449[2] = { 0x33, 0x00 };
/* 0xf3509 */ const unsigned char rodata_f3509[46] = { 0x57, 0x45, 0x53, 0x54, 0x5f, 0x54, 0x4f, 0x50, 0x44, 0x49, 0x52, 0x2f, 0x7a, 0x65, 0x70, 0x68, 0x79, 0x72, 0x2f, 0x73, 0x75, 0x62, 0x73, 0x79, 0x73, 0x2f, 0x62, 0x6c, 0x75, 0x65, 0x74, 0x6f, 0x6f, 0x74, 0x68, 0x2f, 0x68, 0x6f, 0x73, 0x74, 0x2f, 0x69, 0x64, 0x2e, 0x63, 0x00 };
/* 0xf3630 */ const unsigned char rodata_f3630[5] = { 0x6c, 0x69, 0x73, 0x74, 0x00 };
/* 0xf3733 */ const unsigned char rodata_f3733[25] = { 0x49, 0x6e, 0x76, 0x61, 0x6c, 0x69, 0x64, 0x20, 0x69, 0x6e, 0x70, 0x75, 0x74, 0x20, 0x70, 0x61, 0x72, 0x61, 0x6d, 0x65, 0x74, 0x65, 0x72, 0x73, 0x00 };
/* 0xf374c */ const unsigned char rodata_f374c[30] = { 0x46, 0x61, 0x69, 0x6c, 0x65, 0x64, 0x20, 0x74, 0x6f, 0x20, 0x72, 0x65, 0x61, 0x64, 0x20, 0x70, 0x75, 0x62, 0x6c, 0x69, 0x63, 0x20, 0x61, 0x64, 0x64, 0x72, 0x65, 0x73, 0x73, 0x00 };
/* 0xf376a */ const unsigned char rodata_f376a[44] = { 0x52, 0x65, 0x61, 0x64, 0x20, 0x53, 0x74, 0x61, 0x74, 0x69, 0x63, 0x20, 0x41, 0x64, 0x64, 0x72, 0x65, 0x73, 0x73, 0x65, 0x73, 0x20, 0x63, 0x6f, 0x6d, 0x6d, 0x61, 0x6e, 0x64, 0x20, 0x6e, 0x6f, 0x74, 0x20, 0x61, 0x76, 0x61, 0x69, 0x6c, 0x61, 0x62, 0x6c, 0x65, 0x00 };
/* 0xf3796 */ const unsigned char rodata_f3796[32] = { 0x46, 0x61, 0x69, 0x6c, 0x65, 0x64, 0x20, 0x74, 0x6f, 0x20, 0x72, 0x65, 0x61, 0x64, 0x20, 0x73, 0x74, 0x61, 0x74, 0x69, 0x63, 0x20, 0x61, 0x64, 0x64, 0x72, 0x65, 0x73, 0x73, 0x65, 0x73, 0x00 };
/* 0xf37b6 */ const unsigned char rodata_f37b6[41] = { 0x4e, 0x6f, 0x20, 0x73, 0x74, 0x61, 0x74, 0x69, 0x63, 0x20, 0x61, 0x64, 0x64, 0x72, 0x65, 0x73, 0x73, 0x65, 0x73, 0x20, 0x73, 0x74, 0x6f, 0x72, 0x65, 0x64, 0x20, 0x69, 0x6e, 0x20, 0x63, 0x6f, 0x6e, 0x74, 0x72, 0x6f, 0x6c, 0x6c, 0x65, 0x72, 0x00 };
/* 0xf381d */ const unsigned char rodata_f381d[27] = { 0x46, 0x61, 0x69, 0x6c, 0x65, 0x64, 0x20, 0x74, 0x6f, 0x20, 0x73, 0x74, 0x61, 0x72, 0x74, 0x20, 0x61, 0x64, 0x76, 0x65, 0x72, 0x74, 0x69, 0x73, 0x65, 0x72, 0x00 };
/* 0xf3966 */ const unsigned char rodata_f3966[26] = { 0x46, 0x61, 0x69, 0x6c, 0x65, 0x64, 0x20, 0x74, 0x6f, 0x20, 0x69, 0x6e, 0x69, 0x74, 0x69, 0x61, 0x6c, 0x69, 0x7a, 0x65, 0x20, 0x50, 0x52, 0x4e, 0x47, 0x00 };
/* 0xf39f4 */ const unsigned char rodata_f39f4[34] = { 0x46, 0x61, 0x69, 0x6c, 0x65, 0x64, 0x20, 0x74, 0x6f, 0x20, 0x67, 0x65, 0x6e, 0x65, 0x72, 0x61, 0x74, 0x65, 0x20, 0x44, 0x48, 0x4b, 0x65, 0x79, 0x20, 0x28, 0x65, 0x72, 0x72, 0x20, 0x25, 0x64, 0x29, 0x00 };
/* 0xf3a5d */ const unsigned char rodata_f3a5d[48] = { 0x57, 0x45, 0x53, 0x54, 0x5f, 0x54, 0x4f, 0x50, 0x44, 0x49, 0x52, 0x2f, 0x7a, 0x65, 0x70, 0x68, 0x79, 0x72, 0x2f, 0x73, 0x75, 0x62, 0x73, 0x79, 0x73, 0x2f, 0x62, 0x6c, 0x75, 0x65, 0x74, 0x6f, 0x6f, 0x74, 0x68, 0x2f, 0x68, 0x6f, 0x73, 0x74, 0x2f, 0x63, 0x6f, 0x6e, 0x6e, 0x2e, 0x63, 0x00 };
/* 0xf3aa8 */ const unsigned char rodata_f3aa8[3] = { 0x74, 0x78, 0x00 };
/* 0xf3b6f */ const unsigned char rodata_f3b6f[5] = { 0x64, 0x61, 0x74, 0x61, 0x00 };
/* 0xf3c02 */ const unsigned char rodata_f3c02[5] = { 0x74, 0x65, 0x78, 0x74, 0x00 };
/* 0xf3ebd */ const unsigned char rodata_f3ebd[5] = { 0x63, 0x6f, 0x6e, 0x6e, 0x00 };
/* 0xf3ec2 */ const unsigned char rodata_f3ec2[40] = { 0x55, 0x6e, 0x61, 0x62, 0x6c, 0x65, 0x20, 0x74, 0x6f, 0x20, 0x61, 0x6c, 0x6c, 0x6f, 0x63, 0x61, 0x74, 0x65, 0x20, 0x62, 0x75, 0x66, 0x66, 0x65, 0x72, 0x20, 0x66, 0x6f, 0x72, 0x20, 0x6f, 0x70, 0x20, 0x30, 0x78, 0x25, 0x30, 0x32, 0x78, 0x00 };
/* 0xf3eea */ const unsigned char rodata_f3eea[39] = { 0x4e, 0x6f, 0x20, 0x61, 0x76, 0x61, 0x69, 0x6c, 0x61, 0x62, 0x6c, 0x65, 0x20, 0x4c, 0x32, 0x43, 0x41, 0x50, 0x20, 0x63, 0x6f, 0x6e, 0x74, 0x65, 0x78, 0x74, 0x20, 0x66, 0x6f, 0x72, 0x20, 0x63, 0x6f, 0x6e, 0x6e, 0x20, 0x25, 0x70, 0x00 };
/* 0xf3f11 */ const unsigned char rodata_f3f11[52] = { 0x53, 0x65, 0x67, 0x6d, 0x65, 0x6e, 0x74, 0x61, 0x74, 0x69, 0x6f, 0x6e, 0x20, 0x64, 0x69, 0x73, 0x61, 0x62, 0x6c, 0x65, 0x64, 0x20, 0x62, 0x75, 0x74, 0x20, 0x4d, 0x54, 0x55, 0x20, 0x3e, 0x20, 0x4d, 0x50, 0x53, 0x2c, 0x20, 0x74, 0x72, 0x75, 0x6e, 0x63, 0x61, 0x74, 0x69, 0x6e, 0x67, 0x20, 0x4d, 0x54, 0x55, 0x00 };
/* 0xf3f55 */ const unsigned char rodata_f3f55[49] = { 0x57, 0x45, 0x53, 0x54, 0x5f, 0x54, 0x4f, 0x50, 0x44, 0x49, 0x52, 0x2f, 0x7a, 0x65, 0x70, 0x68, 0x79, 0x72, 0x2f, 0x73, 0x75, 0x62, 0x73, 0x79, 0x73, 0x2f, 0x62, 0x6c, 0x75, 0x65, 0x74, 0x6f, 0x6f, 0x74, 0x68, 0x2f, 0x68, 0x6f, 0x73, 0x74, 0x2f, 0x6c, 0x32, 0x63, 0x61, 0x70, 0x2e, 0x63, 0x00 };
/* 0xf3f86 */ const unsigned char rodata_f3f86[4] = { 0x73, 0x65, 0x67, 0x00 };
/* 0xf3fde */ const unsigned char rodata_f3fde[5] = { 0x64, 0x61, 0x74, 0x65, 0x00 };
/* 0xf4079 */ const unsigned char rodata_f4079[7] = { 0x65, 0x72, 0x72, 0x20, 0x25, 0x64, 0x00 };
/* 0xf4240 */ const unsigned char rodata_f4240[5] = { 0x73, 0x69, 0x7a, 0x65, 0x00 };
/* 0xf4388 */ const unsigned char rodata_f4388[47] = { 0x57, 0x45, 0x53, 0x54, 0x5f, 0x54, 0x4f, 0x50, 0x44, 0x49, 0x52, 0x2f, 0x7a, 0x65, 0x70, 0x68, 0x79, 0x72, 0x2f, 0x73, 0x75, 0x62, 0x73, 0x79, 0x73, 0x2f, 0x62, 0x6c, 0x75, 0x65, 0x74, 0x6f, 0x6f, 0x74, 0x68, 0x2f, 0x68, 0x6f, 0x73, 0x74, 0x2f, 0x61, 0x74, 0x74, 0x2e, 0x63, 0x00 };
/* 0xf43b8 */ const unsigned char rodata_f43b8[18] = { 0x61, 0x6c, 0x6c, 0x6f, 0x63, 0x5f, 0x66, 0x72, 0x6f, 0x6d, 0x5f, 0x67, 0x6c, 0x6f, 0x62, 0x61, 0x6c, 0x00 };
/* 0xf43ca */ const unsigned char rodata_f43ca[31] = { 0x55, 0x6e, 0x61, 0x62, 0x6c, 0x65, 0x20, 0x74, 0x6f, 0x20, 0x63, 0x72, 0x65, 0x61, 0x74, 0x65, 0x20, 0x55, 0x55, 0x49, 0x44, 0x3a, 0x20, 0x73, 0x69, 0x7a, 0x65, 0x20, 0x25, 0x75, 0x00 };
/* 0xf43e9 */ const unsigned char rodata_f43e9[31] = { 0x55, 0x6e, 0x61, 0x62, 0x6c, 0x65, 0x20, 0x74, 0x6f, 0x20, 0x63, 0x72, 0x65, 0x61, 0x74, 0x65, 0x20, 0x55, 0x55, 0x49, 0x44, 0x3a, 0x20, 0x73, 0x69, 0x7a, 0x65, 0x20, 0x25, 0x64, 0x00 };
/* 0xf4557 */ const unsigned char rodata_f4557[35] = { 0x52, 0x61, 0x6e, 0x20, 0x6f, 0x75, 0x74, 0x20, 0x6f, 0x66, 0x20, 0x54, 0x58, 0x20, 0x62, 0x75, 0x66, 0x66, 0x65, 0x72, 0x73, 0x20, 0x6f, 0x72, 0x20, 0x63, 0x6f, 0x6e, 0x74, 0x65, 0x78, 0x74, 0x73, 0x2e, 0x00 };
/* 0xf4590 */ const unsigned char rodata_f4590[4] = { 0x72, 0x65, 0x71, 0x00 };
/* 0xf45be */ const unsigned char rodata_f45be[4] = { 0x62, 0x75, 0x66, 0x00 };
/* 0xf4680 */ const unsigned char rodata_f4680[23] = { 0x4e, 0x6f, 0x20, 0x70, 0x65, 0x6e, 0x64, 0x69, 0x6e, 0x67, 0x20, 0x41, 0x54, 0x54, 0x20, 0x72, 0x65, 0x71, 0x75, 0x65, 0x73, 0x74, 0x00 };
/* 0xf4697 */ const unsigned char rodata_f4697[26] = { 0x41, 0x54, 0x54, 0x20, 0x54, 0x69, 0x6d, 0x65, 0x6f, 0x75, 0x74, 0x20, 0x66, 0x6f, 0x72, 0x20, 0x64, 0x65, 0x76, 0x69, 0x63, 0x65, 0x20, 0x25, 0x73, 0x00 };
/* 0xf46b8 */ const unsigned char rodata_f46b8[48] = { 0x57, 0x45, 0x53, 0x54, 0x5f, 0x54, 0x4f, 0x50, 0x44, 0x49, 0x52, 0x2f, 0x7a, 0x65, 0x70, 0x68, 0x79, 0x72, 0x2f, 0x73, 0x75, 0x62, 0x73, 0x79, 0x73, 0x2f, 0x62, 0x6c, 0x75, 0x65, 0x74, 0x6f, 0x6f, 0x74, 0x68, 0x2f, 0x68, 0x6f, 0x73, 0x74, 0x2f, 0x67, 0x61, 0x74, 0x74, 0x2e, 0x63, 0x00 };
/* 0xf472a */ const unsigned char rodata_f472a[28] = { 0x55, 0x6e, 0x61, 0x62, 0x6c, 0x65, 0x20, 0x74, 0x6f, 0x20, 0x64, 0x65, 0x63, 0x6f, 0x64, 0x65, 0x20, 0x61, 0x64, 0x64, 0x72, 0x65, 0x73, 0x73, 0x20, 0x25, 0x73, 0x00 };
/* 0xf4746 */ const unsigned char rodata_f4746[27] = { 0x49, 0x6e, 0x76, 0x61, 0x6c, 0x69, 0x64, 0x20, 0x6c, 0x6f, 0x63, 0x61, 0x6c, 0x20, 0x69, 0x64, 0x65, 0x6e, 0x74, 0x69, 0x74, 0x79, 0x20, 0x25, 0x6c, 0x75, 0x00 };
/* 0xf4761 */ const unsigned char rodata_f4761[34] = { 0x55, 0x6e, 0x61, 0x62, 0x6c, 0x65, 0x20, 0x74, 0x6f, 0x20, 0x72, 0x65, 0x73, 0x74, 0x6f, 0x72, 0x65, 0x20, 0x53, 0x43, 0x3a, 0x20, 0x6e, 0x6f, 0x20, 0x63, 0x66, 0x67, 0x20, 0x6c, 0x65, 0x66, 0x74, 0x00 };
/* 0xf4783 */ const unsigned char rodata_f4783[33] = { 0x46, 0x61, 0x69, 0x6c, 0x65, 0x64, 0x20, 0x74, 0x6f, 0x20, 0x64, 0x65, 0x63, 0x6f, 0x64, 0x65, 0x20, 0x76, 0x61, 0x6c, 0x75, 0x65, 0x20, 0x28, 0x65, 0x72, 0x72, 0x20, 0x25, 0x7a, 0x64, 0x29, 0x00 };
/* 0xf47a4 */ const unsigned char rodata_f47a4[29] = { 0x66, 0x61, 0x69, 0x6c, 0x65, 0x64, 0x20, 0x74, 0x6f, 0x20, 0x64, 0x65, 0x6c, 0x65, 0x74, 0x65, 0x20, 0x53, 0x43, 0x20, 0x28, 0x65, 0x72, 0x72, 0x20, 0x25, 0x64, 0x29, 0x00 };
/* 0xf47d7 */ const unsigned char rodata_f47d7[28] = { 0x66, 0x61, 0x69, 0x6c, 0x65, 0x64, 0x20, 0x74, 0x6f, 0x20, 0x73, 0x74, 0x6f, 0x72, 0x65, 0x20, 0x53, 0x43, 0x20, 0x28, 0x65, 0x72, 0x72, 0x20, 0x25, 0x64, 0x29, 0x00 };
/* 0xf47f3 */ const unsigned char rodata_f47f3[31] = { 0x75, 0x6e, 0x61, 0x62, 0x6c, 0x65, 0x20, 0x74, 0x6f, 0x20, 0x73, 0x61, 0x76, 0x65, 0x20, 0x53, 0x43, 0x3a, 0x20, 0x6e, 0x6f, 0x20, 0x63, 0x66, 0x67, 0x20, 0x6c, 0x65, 0x66, 0x74, 0x00 };
/* 0xf4812 */ const unsigned char rodata_f4812[55] = { 0x77, 0x72, 0x69, 0x74, 0x65, 0x20, 0x63, 0x61, 0x6c, 0x6c, 0x62, 0x61, 0x63, 0x6b, 0x20, 0x69, 0x73, 0x20, 0x64, 0x65, 0x70, 0x72, 0x65, 0x63, 0x61, 0x74, 0x65, 0x64, 0x2c, 0x20, 0x75, 0x73, 0x65, 0x20, 0x73, 0x75, 0x62, 0x73, 0x63, 0x72, 0x69, 0x62, 0x65, 0x20, 0x63, 0x62, 0x20, 0x69, 0x6e, 0x73, 0x74, 0x65, 0x61, 0x64, 0x00 };
/* 0xf4889 */ const unsigned char rodata_f4889[44] = { 0x4e, 0x6f, 0x20, 0x73, 0x70, 0x61, 0x63, 0x65, 0x20, 0x74, 0x6f, 0x20, 0x73, 0x74, 0x6f, 0x72, 0x65, 0x20, 0x43, 0x6c, 0x69, 0x65, 0x6e, 0x74, 0x20, 0x53, 0x75, 0x70, 0x70, 0x6f, 0x72, 0x74, 0x65, 0x64, 0x20, 0x46, 0x65, 0x61, 0x74, 0x75, 0x72, 0x65, 0x73, 0x00 };
/* 0xf48b5 */ const unsigned char rodata_f48b5[34] = { 0x55, 0x6e, 0x61, 0x62, 0x6c, 0x65, 0x20, 0x74, 0x6f, 0x20, 0x72, 0x65, 0x73, 0x74, 0x6f, 0x72, 0x65, 0x20, 0x43, 0x46, 0x3a, 0x20, 0x6e, 0x6f, 0x20, 0x63, 0x66, 0x67, 0x20, 0x6c, 0x65, 0x66, 0x74, 0x00 };
/* 0xf48d7 */ const unsigned char rodata_f48d7[84] = { 0x43, 0x68, 0x61, 0x6e, 0x67, 0x65, 0x2d, 0x61, 0x77, 0x61, 0x72, 0x65, 0x20, 0x73, 0x74, 0x61, 0x74, 0x75, 0x73, 0x20, 0x6e, 0x6f, 0x74, 0x20, 0x66, 0x6f, 0x75, 0x6e, 0x64, 0x20, 0x69, 0x6e, 0x20, 0x73, 0x65, 0x74, 0x74, 0x69, 0x6e, 0x67, 0x73, 0x2c, 0x20, 0x64, 0x65, 0x66, 0x61, 0x75, 0x6c, 0x74, 0x69, 0x6e, 0x67, 0x20, 0x70, 0x65, 0x65, 0x72, 0x20, 0x73, 0x74, 0x61, 0x74, 0x75, 0x73, 0x20, 0x74, 0x6f, 0x20, 0x63, 0x68, 0x61, 0x6e, 0x67, 0x65, 0x2d, 0x75, 0x6e, 0x61, 0x77, 0x61, 0x72, 0x65, 0x00 };
/* 0xf492b */ const unsigned char rodata_f492b[81] = { 0x52, 0x65, 0x61, 0x64, 0x20, 0x62, 0x61, 0x63, 0x6b, 0x20, 0x62, 0x61, 0x64, 0x20, 0x63, 0x68, 0x61, 0x6e, 0x67, 0x65, 0x2d, 0x61, 0x77, 0x61, 0x72, 0x65, 0x20, 0x76, 0x61, 0x6c, 0x75, 0x65, 0x3a, 0x20, 0x30, 0x78, 0x25, 0x78, 0x2c, 0x20, 0x64, 0x65, 0x66, 0x61, 0x75, 0x6c, 0x74, 0x69, 0x6e, 0x67, 0x20, 0x70, 0x65, 0x65, 0x72, 0x20, 0x73, 0x74, 0x61, 0x74, 0x75, 0x73, 0x20, 0x74, 0x6f, 0x20, 0x63, 0x68, 0x61, 0x6e, 0x67, 0x65, 0x2d, 0x75, 0x6e, 0x61, 0x77, 0x61, 0x72, 0x65, 0x00 };
/* 0xf497c */ const unsigned char rodata_f497c[41] = { 0x46, 0x61, 0x69, 0x6c, 0x65, 0x64, 0x20, 0x74, 0x6f, 0x20, 0x73, 0x74, 0x6f, 0x72, 0x65, 0x20, 0x43, 0x6c, 0x69, 0x65, 0x6e, 0x74, 0x20, 0x46, 0x65, 0x61, 0x74, 0x75, 0x72, 0x65, 0x73, 0x20, 0x28, 0x65, 0x72, 0x72, 0x20, 0x25, 0x64, 0x29, 0x00 };
/* 0xf49ac */ const unsigned char rodata_f49ac[40] = { 0x73, 0x76, 0x63, 0x20, 0x3c, 0x3d, 0x20, 0x5f, 0x62, 0x74, 0x5f, 0x67, 0x61, 0x74, 0x74, 0x5f, 0x73, 0x65, 0x72, 0x76, 0x69, 0x63, 0x65, 0x5f, 0x73, 0x74, 0x61, 0x74, 0x69, 0x63, 0x5f, 0x6c, 0x69, 0x73, 0x74, 0x5f, 0x65, 0x6e, 0x64, 0x00 };
/* 0xf49d4 */ const unsigned char rodata_f49d4[25] = { 0x55, 0x6e, 0x61, 0x62, 0x6c, 0x65, 0x20, 0x74, 0x6f, 0x20, 0x73, 0x65, 0x74, 0x75, 0x70, 0x20, 0x41, 0x45, 0x53, 0x20, 0x43, 0x4d, 0x41, 0x43, 0x00 };
/* 0xf4a01 */ const unsigned char rodata_f4a01[5] = { 0x68, 0x61, 0x73, 0x68, 0x00 };
/* 0xf4a9e */ const unsigned char rodata_f4a9e[7] = { 0x62, 0x74, 0x2f, 0x63, 0x63, 0x63, 0x00 };
/* 0xf4aa1 */ const unsigned char rodata_f4aa1[4] = { 0x63, 0x63, 0x63, 0x00 };
/* 0xf4ca5 */ const unsigned char rodata_f4ca5[3] = { 0x25, 0x75, 0x00 };
/* 0xf4ca8 */ const unsigned char rodata_f4ca8[20] = { 0x49, 0x6e, 0x76, 0x61, 0x6c, 0x69, 0x64, 0x20, 0x64, 0x61, 0x74, 0x61, 0x20, 0x6c, 0x65, 0x6e, 0x20, 0x25, 0x75, 0x00 };
/* 0xf4de3 */ const unsigned char rodata_f4de3[3] = { 0x73, 0x63, 0x00 };
/* 0xf4e22 */ const unsigned char rodata_f4e22[37] = { 0x4e, 0x6f, 0x20, 0x61, 0x76, 0x61, 0x69, 0x6c, 0x61, 0x62, 0x6c, 0x65, 0x20, 0x53, 0x4d, 0x50, 0x20, 0x63, 0x6f, 0x6e, 0x74, 0x65, 0x78, 0x74, 0x20, 0x66, 0x6f, 0x72, 0x20, 0x63, 0x6f, 0x6e, 0x6e, 0x20, 0x25, 0x70, 0x00 };
/* 0xf4e60 */ const unsigned char rodata_f4e60[26] = { 0x55, 0x6e, 0x61, 0x62, 0x6c, 0x65, 0x20, 0x74, 0x6f, 0x20, 0x67, 0x65, 0x74, 0x20, 0x6b, 0x65, 0x79, 0x73, 0x20, 0x66, 0x6f, 0x72, 0x20, 0x25, 0x73, 0x00 };
/* 0xf4e7a */ const unsigned char rodata_f4e7a[28] = { 0x55, 0x6e, 0x6b, 0x6e, 0x6f, 0x77, 0x6e, 0x20, 0x70, 0x61, 0x69, 0x72, 0x69, 0x6e, 0x67, 0x20, 0x6d, 0x65, 0x74, 0x68, 0x6f, 0x64, 0x20, 0x28, 0x25, 0x75, 0x29, 0x00 };
/* 0xf4e96 */ const unsigned char rodata_f4e96[27] = { 0x52, 0x65, 0x6d, 0x6f, 0x74, 0x65, 0x20, 0x70, 0x75, 0x62, 0x6c, 0x69, 0x63, 0x20, 0x6b, 0x65, 0x79, 0x20, 0x72, 0x65, 0x6a, 0x65, 0x63, 0x74, 0x65, 0x64, 0x00 };
/* 0xf4f98 */ const unsigned char rodata_f4f98[88] = { 0x53, 0x4d, 0x50, 0x20, 0x64, 0x6f, 0x65, 0x73, 0x20, 0x6e, 0x6f, 0x74, 0x20, 0x61, 0x6c, 0x6c, 0x6f, 0x77, 0x20, 0x61, 0x20, 0x70, 0x61, 0x69, 0x72, 0x69, 0x6e, 0x67, 0x20, 0x66, 0x61, 0x69, 0x6c, 0x75, 0x72, 0x65, 0x20, 0x61, 0x74, 0x20, 0x74, 0x68, 0x69, 0x73, 0x20, 0x70, 0x6f, 0x69, 0x6e, 0x74, 0x2e, 0x20, 0x4b, 0x6e, 0x6f, 0x77, 0x6e, 0x20, 0x69, 0x73, 0x73, 0x75, 0x65, 0x2e, 0x20, 0x44, 0x69, 0x73, 0x63, 0x6f, 0x6e, 0x6e, 0x65, 0x63, 0x74, 0x69, 0x6e, 0x67, 0x20, 0x69, 0x6e, 0x73, 0x74, 0x65, 0x61, 0x64, 0x2e, 0x00 };
/* 0xf5071 */ const unsigned char rodata_f5071[7] = { 0x30, 0x78, 0x25, 0x30, 0x32, 0x78, 0x00 };
/* 0xf5373 */ const unsigned char rodata_f5373[5] = { 0x6b, 0x65, 0x79, 0x73, 0x00 };
/* 0xf53ff */ const unsigned char rodata_f53ff[3] = { 0x09, 0x0a, 0x00 };
/* 0xf5400 */ const unsigned char rodata_f5400[2] = { 0x0a, 0x00 };
/* 0xf5503 */ const unsigned char rodata_f5503[31] = { 0x53, 0x65, 0x6c, 0x65, 0x63, 0x74, 0x65, 0x64, 0x20, 0x41, 0x44, 0x43, 0x20, 0x67, 0x61, 0x69, 0x6e, 0x20, 0x69, 0x73, 0x20, 0x6e, 0x6f, 0x74, 0x20, 0x76, 0x61, 0x6c, 0x69, 0x64, 0x00 };
/* 0xf5522 */ const unsigned char rodata_f5522[36] = { 0x53, 0x65, 0x6c, 0x65, 0x63, 0x74, 0x65, 0x64, 0x20, 0x41, 0x44, 0x43, 0x20, 0x72, 0x65, 0x66, 0x65, 0x72, 0x65, 0x6e, 0x63, 0x65, 0x20, 0x69, 0x73, 0x20, 0x6e, 0x6f, 0x74, 0x20, 0x76, 0x61, 0x6c, 0x69, 0x64, 0x00 };
/* 0xf5546 */ const unsigned char rodata_f5546[43] = { 0x53, 0x65, 0x6c, 0x65, 0x63, 0x74, 0x65, 0x64, 0x20, 0x41, 0x44, 0x43, 0x20, 0x61, 0x63, 0x71, 0x75, 0x69, 0x73, 0x69, 0x74, 0x69, 0x6f, 0x6e, 0x20, 0x74, 0x69, 0x6d, 0x65, 0x20, 0x69, 0x73, 0x20, 0x6e, 0x6f, 0x74, 0x20, 0x76, 0x61, 0x6c, 0x69, 0x64, 0x00 };
/* 0xf5660 */ const unsigned char rodata_f5660[25] = { 0x44, 0x65, 0x76, 0x69, 0x63, 0x65, 0x20, 0x69, 0x73, 0x20, 0x6e, 0x6f, 0x74, 0x20, 0x63, 0x6f, 0x6e, 0x66, 0x69, 0x67, 0x75, 0x72, 0x65, 0x64, 0x00 };
/* 0xf5679 */ const unsigned char rodata_f5679[25] = { 0x4e, 0x6f, 0x20, 0x61, 0x75, 0x64, 0x69, 0x6f, 0x20, 0x64, 0x61, 0x74, 0x61, 0x20, 0x74, 0x6f, 0x20, 0x62, 0x65, 0x20, 0x72, 0x65, 0x61, 0x64, 0x00 };
/* 0xf5692 */ const unsigned char rodata_f5692[28] = { 0x46, 0x61, 0x69, 0x6c, 0x65, 0x64, 0x20, 0x74, 0x6f, 0x20, 0x73, 0x74, 0x61, 0x72, 0x74, 0x20, 0x50, 0x44, 0x4d, 0x3a, 0x20, 0x30, 0x78, 0x25, 0x30, 0x38, 0x78, 0x00 };
/* 0xf5871 */ const unsigned char rodata_f5871[2] = { 0x40, 0x00 };
/* 0xf5bd6 */ const unsigned char rodata_f5bd6[74] = { 0x65, 0x72, 0x61, 0x73, 0x65, 0x20, 0x65, 0x72, 0x72, 0x6f, 0x72, 0x3a, 0x20, 0x61, 0x64, 0x64, 0x72, 0x65, 0x73, 0x73, 0x20, 0x6f, 0x72, 0x20, 0x73, 0x69, 0x7a, 0x65, 0x20, 0x65, 0x78, 0x63, 0x65, 0x65, 0x64, 0x73, 0x20, 0x65, 0x78, 0x70, 0x65, 0x63, 0x74, 0x65, 0x64, 0x20, 0x76, 0x61, 0x6c, 0x75, 0x65, 0x73, 0x2e, 0x41, 0x64, 0x64, 0x72, 0x3a, 0x20, 0x30, 0x78, 0x25, 0x6c, 0x78, 0x20, 0x73, 0x69, 0x7a, 0x65, 0x20, 0x25, 0x7a, 0x75, 0x00 };
/* 0xf5c20 */ const unsigned char rodata_f5c20[35] = { 0x63, 0x69, 0x6e, 0x73, 0x74, 0x72, 0x20, 0x25, 0x30, 0x32, 0x78, 0x20, 0x74, 0x72, 0x61, 0x6e, 0x73, 0x66, 0x65, 0x72, 0x20, 0x74, 0x6f, 0x6f, 0x20, 0x6c, 0x6f, 0x6e, 0x67, 0x3a, 0x20, 0x25, 0x7a, 0x75, 0x00 };
/* 0xf5d81 */ const unsigned char rodata_f5d81[29] = { 0x69, 0x6e, 0x76, 0x61, 0x6c, 0x69, 0x64, 0x20, 0x61, 0x64, 0x64, 0x72, 0x65, 0x73, 0x73, 0x3a, 0x20, 0x30, 0x78, 0x25, 0x30, 0x38, 0x6c, 0x78, 0x3a, 0x25, 0x7a, 0x75, 0x00 };
/* 0xf5dfc */ const unsigned char rodata_f5dfc[60] = { 0x57, 0x45, 0x53, 0x54, 0x5f, 0x54, 0x4f, 0x50, 0x44, 0x49, 0x52, 0x2f, 0x7a, 0x65, 0x70, 0x68, 0x79, 0x72, 0x2f, 0x69, 0x6e, 0x63, 0x6c, 0x75, 0x64, 0x65, 0x2f, 0x7a, 0x65, 0x70, 0x68, 0x79, 0x72, 0x2f, 0x64, 0x72, 0x69, 0x76, 0x65, 0x72, 0x73, 0x2f, 0x67, 0x70, 0x69, 0x6f, 0x2f, 0x67, 0x70, 0x69, 0x6f, 0x5f, 0x75, 0x74, 0x69, 0x6c, 0x73, 0x2e, 0x68, 0x00 };
/* 0xf5e79 */ const unsigned char rodata_f5e79[44] = { 0x57, 0x45, 0x53, 0x54, 0x5f, 0x54, 0x4f, 0x50, 0x44, 0x49, 0x52, 0x2f, 0x7a, 0x65, 0x70, 0x68, 0x79, 0x72, 0x2f, 0x64, 0x72, 0x69, 0x76, 0x65, 0x72, 0x73, 0x2f, 0x67, 0x70, 0x69, 0x6f, 0x2f, 0x67, 0x70, 0x69, 0x6f, 0x5f, 0x6e, 0x72, 0x66, 0x78, 0x2e, 0x63, 0x00 };
/* 0xf5eeb */ const unsigned char rodata_f5eeb[6] = { 0x65, 0x3a, 0x20, 0x25, 0x73, 0x00 };
/* 0xf60c5 */ const unsigned char rodata_f60c5[27] = { 0x53, 0x65, 0x6e, 0x64, 0x69, 0x6e, 0x67, 0x20, 0x64, 0x61, 0x74, 0x61, 0x20, 0x6e, 0x6f, 0x74, 0x20, 0x73, 0x75, 0x70, 0x70, 0x6f, 0x72, 0x74, 0x65, 0x64, 0x00 };
/* 0xf6292 */ const unsigned char rodata_f6292[26] = { 0x46, 0x61, 0x69, 0x6c, 0x65, 0x64, 0x20, 0x74, 0x6f, 0x20, 0x73, 0x65, 0x74, 0x20, 0x75, 0x73, 0x65, 0x72, 0x20, 0x62, 0x61, 0x6e, 0x6b, 0x0d, 0x0a, 0x00 };
/* 0xf62ac */ const unsigned char rodata_f62ac[25] = { 0x46, 0x61, 0x69, 0x6c, 0x65, 0x64, 0x20, 0x72, 0x65, 0x61, 0x64, 0x69, 0x6e, 0x67, 0x20, 0x63, 0x68, 0x69, 0x70, 0x20, 0x69, 0x64, 0x0d, 0x0a, 0x00 };
/* 0xf62e6 */ const unsigned char rodata_f62e6[23] = { 0x49, 0x6e, 0x76, 0x61, 0x6c, 0x69, 0x64, 0x20, 0x63, 0x68, 0x69, 0x70, 0x20, 0x69, 0x64, 0x20, 0x30, 0x78, 0x25, 0x78, 0x0d, 0x0a, 0x00 };
/* 0xf62fd */ const unsigned char rodata_f62fd[24] = { 0x46, 0x61, 0x69, 0x6c, 0x65, 0x64, 0x20, 0x74, 0x6f, 0x20, 0x64, 0x69, 0x73, 0x61, 0x62, 0x6c, 0x65, 0x20, 0x49, 0x33, 0x43, 0x0d, 0x0a, 0x00 };
/* 0xf6315 */ const unsigned char rodata_f6315[34] = { 0x46, 0x61, 0x69, 0x6c, 0x65, 0x64, 0x20, 0x74, 0x6f, 0x20, 0x67, 0x65, 0x74, 0x20, 0x49, 0x32, 0x43, 0x5f, 0x4d, 0x41, 0x53, 0x54, 0x45, 0x52, 0x20, 0x73, 0x74, 0x61, 0x74, 0x75, 0x73, 0x0d, 0x0a, 0x00 };
/* 0xf6378 */ const unsigned char rodata_f6378[39] = { 0x66, 0x61, 0x69, 0x6c, 0x65, 0x64, 0x20, 0x74, 0x6f, 0x20, 0x73, 0x65, 0x74, 0x20, 0x61, 0x63, 0x63, 0x65, 0x6c, 0x65, 0x72, 0x6f, 0x6d, 0x65, 0x74, 0x65, 0x72, 0x20, 0x72, 0x61, 0x6e, 0x67, 0x65, 0x20, 0x25, 0x64, 0x0d, 0x0a, 0x00 };
/* 0xf639f */ const unsigned char rodata_f639f[18] = { 0x61, 0x63, 0x63, 0x65, 0x6c, 0x20, 0x6f, 0x64, 0x72, 0x20, 0x69, 0x73, 0x20, 0x25, 0x64, 0x0d, 0x0a, 0x00 };
/* 0xf63c1 */ const unsigned char rodata_f63c1[37] = { 0x66, 0x61, 0x69, 0x6c, 0x65, 0x64, 0x20, 0x74, 0x6f, 0x20, 0x73, 0x65, 0x74, 0x20, 0x61, 0x63, 0x63, 0x65, 0x6c, 0x65, 0x72, 0x6f, 0x6d, 0x65, 0x74, 0x65, 0x72, 0x20, 0x6f, 0x64, 0x72, 0x20, 0x25, 0x64, 0x0d, 0x0a, 0x00 };
/* 0xf63f9 */ const unsigned char rodata_f63f9[35] = { 0x66, 0x61, 0x69, 0x6c, 0x65, 0x64, 0x20, 0x74, 0x6f, 0x20, 0x73, 0x65, 0x74, 0x20, 0x67, 0x79, 0x72, 0x6f, 0x73, 0x63, 0x6f, 0x70, 0x65, 0x20, 0x72, 0x61, 0x6e, 0x67, 0x65, 0x20, 0x25, 0x64, 0x0d, 0x0a, 0x00 };
/* 0xf642d */ const unsigned char rodata_f642d[33] = { 0x66, 0x61, 0x69, 0x6c, 0x65, 0x64, 0x20, 0x74, 0x6f, 0x20, 0x73, 0x65, 0x74, 0x20, 0x67, 0x79, 0x72, 0x6f, 0x73, 0x63, 0x6f, 0x70, 0x65, 0x20, 0x6f, 0x64, 0x72, 0x20, 0x25, 0x64, 0x0d, 0x0a, 0x00 };
/* 0xf644e */ const unsigned char rodata_f644e[26] = { 0x66, 0x61, 0x69, 0x6c, 0x65, 0x64, 0x20, 0x74, 0x6f, 0x20, 0x73, 0x65, 0x74, 0x20, 0x46, 0x49, 0x46, 0x4f, 0x20, 0x6d, 0x6f, 0x64, 0x65, 0x0d, 0x0a, 0x00 };
/* 0xf6468 */ const unsigned char rodata_f6468[25] = { 0x66, 0x61, 0x69, 0x6c, 0x65, 0x64, 0x20, 0x74, 0x6f, 0x20, 0x73, 0x65, 0x74, 0x20, 0x42, 0x44, 0x55, 0x20, 0x6d, 0x6f, 0x64, 0x65, 0x0d, 0x0a, 0x00 };
/* 0xf6607 */ const unsigned char rodata_f6607[31] = { 0x46, 0x61, 0x69, 0x6c, 0x65, 0x64, 0x20, 0x74, 0x6f, 0x20, 0x61, 0x6c, 0x6c, 0x6f, 0x63, 0x61, 0x74, 0x65, 0x20, 0x50, 0x50, 0x49, 0x20, 0x43, 0x68, 0x61, 0x6e, 0x6e, 0x65, 0x6c, 0x00 };
/* 0xf6659 */ const unsigned char rodata_f6659[49] = { 0x57, 0x45, 0x53, 0x54, 0x5f, 0x54, 0x4f, 0x50, 0x44, 0x49, 0x52, 0x2f, 0x7a, 0x65, 0x70, 0x68, 0x79, 0x72, 0x2f, 0x64, 0x72, 0x69, 0x76, 0x65, 0x72, 0x73, 0x2f, 0x74, 0x69, 0x6d, 0x65, 0x72, 0x2f, 0x6e, 0x72, 0x66, 0x5f, 0x72, 0x74, 0x63, 0x5f, 0x74, 0x69, 0x6d, 0x65, 0x72, 0x2e, 0x63, 0x00 };
/* 0xf6716 */ const unsigned char rodata_f6716[51] = { 0x57, 0x45, 0x53, 0x54, 0x5f, 0x54, 0x4f, 0x50, 0x44, 0x49, 0x52, 0x2f, 0x6e, 0x72, 0x66, 0x2f, 0x73, 0x75, 0x62, 0x73, 0x79, 0x73, 0x2f, 0x63, 0x61, 0x66, 0x2f, 0x6d, 0x6f, 0x64, 0x75, 0x6c, 0x65, 0x73, 0x2f, 0x70, 0x6f, 0x77, 0x65, 0x72, 0x5f, 0x6d, 0x61, 0x6e, 0x61, 0x67, 0x65, 0x72, 0x2e, 0x63, 0x00 };
/* 0xf680e */ const unsigned char rodata_f680e[6] = { 0x65, 0x72, 0x72, 0x6f, 0x72, 0x00 };
/* 0xf696e */ const unsigned char rodata_f696e[6] = { 0x75, 0x25, 0x30, 0x34, 0x78, 0x00 };
/* 0xf6977 */ const unsigned char rodata_f6977[5] = { 0x6e, 0x75, 0x6c, 0x6c, 0x00 };
/* 0xf6983 */ const unsigned char rodata_f6983[4] = { 0x25, 0x6c, 0x67, 0x00 };
/* 0xf698e */ const unsigned char rodata_f698e[6] = { 0x66, 0x61, 0x6c, 0x73, 0x65, 0x00 };
/* 0xf6994 */ const unsigned char rodata_f6994[5] = { 0x74, 0x72, 0x75, 0x65, 0x00 };
/* 0xf6b00 */ const unsigned char rodata_f6b00[62] = { 0x57, 0x45, 0x53, 0x54, 0x5f, 0x54, 0x4f, 0x50, 0x44, 0x49, 0x52, 0x2f, 0x6d, 0x6f, 0x64, 0x75, 0x6c, 0x65, 0x73, 0x2f, 0x68, 0x61, 0x6c, 0x2f, 0x6e, 0x6f, 0x72, 0x64, 0x69, 0x63, 0x2f, 0x6e, 0x72, 0x66, 0x78, 0x2f, 0x64, 0x72, 0x69, 0x76, 0x65, 0x72, 0x73, 0x2f, 0x73, 0x72, 0x63, 0x2f, 0x6e, 0x72, 0x66, 0x78, 0x5f, 0x67, 0x70, 0x69, 0x6f, 0x74, 0x65, 0x2e, 0x63, 0x00 };
/* 0xf6bc5 */ const unsigned char rodata_f6bc5[59] = { 0x57, 0x45, 0x53, 0x54, 0x5f, 0x54, 0x4f, 0x50, 0x44, 0x49, 0x52, 0x2f, 0x6d, 0x6f, 0x64, 0x75, 0x6c, 0x65, 0x73, 0x2f, 0x68, 0x61, 0x6c, 0x2f, 0x6e, 0x6f, 0x72, 0x64, 0x69, 0x63, 0x2f, 0x6e, 0x72, 0x66, 0x78, 0x2f, 0x64, 0x72, 0x69, 0x76, 0x65, 0x72, 0x73, 0x2f, 0x73, 0x72, 0x63, 0x2f, 0x6e, 0x72, 0x66, 0x78, 0x5f, 0x69, 0x70, 0x63, 0x2e, 0x63, 0x00 };
/* 0xf6e2c */ const unsigned char rodata_f6e2c[14] = { 0x70, 0x5f, 0x63, 0x62, 0x2d, 0x3e, 0x68, 0x61, 0x6e, 0x64, 0x6c, 0x65, 0x72, 0x00 };
/* 0xf6fef */ const unsigned char rodata_f6fef[60] = { 0x57, 0x45, 0x53, 0x54, 0x5f, 0x54, 0x4f, 0x50, 0x44, 0x49, 0x52, 0x2f, 0x6d, 0x6f, 0x64, 0x75, 0x6c, 0x65, 0x73, 0x2f, 0x68, 0x61, 0x6c, 0x2f, 0x6e, 0x6f, 0x72, 0x64, 0x69, 0x63, 0x2f, 0x6e, 0x72, 0x66, 0x78, 0x2f, 0x64, 0x72, 0x69, 0x76, 0x65, 0x72, 0x73, 0x2f, 0x73, 0x72, 0x63, 0x2f, 0x6e, 0x72, 0x66, 0x78, 0x5f, 0x74, 0x77, 0x69, 0x6d, 0x2e, 0x63, 0x00 };
/* 0xf7052 */ const unsigned char rodata_f7052[42] = { 0x70, 0x5f, 0x63, 0x62, 0x2d, 0x3e, 0x73, 0x74, 0x61, 0x74, 0x65, 0x20, 0x3d, 0x3d, 0x20, 0x4e, 0x52, 0x46, 0x58, 0x5f, 0x44, 0x52, 0x56, 0x5f, 0x53, 0x54, 0x41, 0x54, 0x45, 0x5f, 0x49, 0x4e, 0x49, 0x54, 0x49, 0x41, 0x4c, 0x49, 0x5a, 0x45, 0x44, 0x00 };
/* 0xf79c8 */ const unsigned char rodata_f79c8[59] = { 0x57, 0x45, 0x53, 0x54, 0x5f, 0x54, 0x4f, 0x50, 0x44, 0x49, 0x52, 0x2f, 0x6d, 0x6f, 0x64, 0x75, 0x6c, 0x65, 0x73, 0x2f, 0x68, 0x61, 0x6c, 0x2f, 0x6e, 0x6f, 0x72, 0x64, 0x69, 0x63, 0x2f, 0x6e, 0x72, 0x66, 0x78, 0x2f, 0x64, 0x72, 0x69, 0x76, 0x65, 0x72, 0x73, 0x2f, 0x73, 0x72, 0x63, 0x2f, 0x6e, 0x72, 0x66, 0x78, 0x5f, 0x77, 0x64, 0x74, 0x2e, 0x63, 0x00 };
/* 0xf7a03 */ const unsigned char rodata_f7a03[24] = { 0x74, 0x69, 0x63, 0x6b, 0x73, 0x20, 0x3c, 0x3d, 0x20, 0x28, 0x30, 0x78, 0x66, 0x66, 0x66, 0x66, 0x66, 0x66, 0x66, 0x66, 0x55, 0x4c, 0x29, 0x00 };
/* 0xf7a1b */ const unsigned char rodata_f7a1b[23] = { 0x70, 0x5f, 0x63, 0x62, 0x2d, 0x3e, 0x61, 0x6c, 0x6c, 0x6f, 0x63, 0x5f, 0x69, 0x6e, 0x64, 0x65, 0x78, 0x20, 0x21, 0x3d, 0x20, 0x30, 0x00 };
/* 0xf7a30 */ const unsigned char rodata_f7a30[2] = { 0x30, 0x00 };
/* 0xf7a32 */ const unsigned char rodata_f7a32[13] = { 0x70, 0x5f, 0x63, 0x68, 0x61, 0x6e, 0x6e, 0x65, 0x6c, 0x5f, 0x69, 0x64, 0x00 };
/* 0xf7a3f */ const unsigned char rodata_f7a3f[66] = { 0x6d, 0x5f, 0x63, 0x62, 0x5b, 0x70, 0x5f, 0x69, 0x6e, 0x73, 0x74, 0x61, 0x6e, 0x63, 0x65, 0x2d, 0x3e, 0x64, 0x72, 0x76, 0x5f, 0x69, 0x6e, 0x73, 0x74, 0x5f, 0x69, 0x64, 0x78, 0x5d, 0x2e, 0x73, 0x74, 0x61, 0x74, 0x65, 0x20, 0x3d, 0x3d, 0x20, 0x4e, 0x52, 0x46, 0x58, 0x5f, 0x44, 0x52, 0x56, 0x5f, 0x53, 0x54, 0x41, 0x54, 0x45, 0x5f, 0x50, 0x4f, 0x57, 0x45, 0x52, 0x45, 0x44, 0x5f, 0x4f, 0x4e, 0x00 };
/* 0xf7b6f */ const unsigned char rodata_f7b6f[2] = { 0x20, 0x00 };
/* 0xf7ba6 */ const unsigned char rodata_f7ba6[67] = { 0x57, 0x45, 0x53, 0x54, 0x5f, 0x54, 0x4f, 0x50, 0x44, 0x49, 0x52, 0x2f, 0x6d, 0x6f, 0x64, 0x75, 0x6c, 0x65, 0x73, 0x2f, 0x6c, 0x69, 0x62, 0x2f, 0x6f, 0x70, 0x65, 0x6e, 0x2d, 0x61, 0x6d, 0x70, 0x2f, 0x6f, 0x70, 0x65, 0x6e, 0x2d, 0x61, 0x6d, 0x70, 0x2f, 0x6c, 0x69, 0x62, 0x2f, 0x72, 0x70, 0x6d, 0x73, 0x67, 0x2f, 0x72, 0x70, 0x6d, 0x73, 0x67, 0x5f, 0x76, 0x69, 0x72, 0x74, 0x69, 0x6f, 0x2e, 0x63, 0x00 };
/* 0xf7be9 */ const unsigned char rodata_f7be9[25] = { 0x73, 0x74, 0x61, 0x74, 0x75, 0x73, 0x20, 0x3d, 0x3d, 0x20, 0x73, 0x69, 0x7a, 0x65, 0x6f, 0x66, 0x28, 0x72, 0x70, 0x5f, 0x68, 0x64, 0x72, 0x29, 0x00 };
/* 0xf7c02 */ const unsigned char rodata_f7c02[12] = { 0x73, 0x74, 0x61, 0x74, 0x75, 0x73, 0x20, 0x3d, 0x3d, 0x20, 0x30, 0x00 };
/* 0xf7c0e */ const unsigned char rodata_f7c0e[12] = { 0x73, 0x74, 0x61, 0x74, 0x75, 0x73, 0x20, 0x3e, 0x3d, 0x20, 0x30, 0x00 };
/* 0xf7c1a */ const unsigned char rodata_f7c1a[14] = { 0x73, 0x74, 0x61, 0x74, 0x75, 0x73, 0x20, 0x3d, 0x3d, 0x20, 0x6c, 0x65, 0x6e, 0x00 };
/* 0xf7c28 */ const unsigned char rodata_f7c28[6] = { 0x72, 0x78, 0x5f, 0x76, 0x71, 0x00 };
/* 0xf7c34 */ const unsigned char rodata_f7c34[3] = { 0x4e, 0x53, 0x00 };
/* 0xf7df6 */ const unsigned char rodata_f7df6[70] = { 0x21, 0x61, 0x72, 0x63, 0x68, 0x5f, 0x69, 0x73, 0x5f, 0x69, 0x6e, 0x5f, 0x69, 0x73, 0x72, 0x28, 0x29, 0x20, 0x7c, 0x7c, 0x20, 0x28, 0x28, 0x74, 0x69, 0x6d, 0x65, 0x6f, 0x75, 0x74, 0x29, 0x2e, 0x74, 0x69, 0x63, 0x6b, 0x73, 0x20, 0x3d, 0x3d, 0x20, 0x28, 0x28, 0x28, 0x6b, 0x5f, 0x74, 0x69, 0x6d, 0x65, 0x6f, 0x75, 0x74, 0x5f, 0x74, 0x29, 0x20, 0x7b, 0x30, 0x7d, 0x29, 0x29, 0x2e, 0x74, 0x69, 0x63, 0x6b, 0x73, 0x29, 0x00 };
/* 0xf7fee */ const unsigned char rodata_f7fee[49] = { 0x09, 0x69, 0x6e, 0x76, 0x61, 0x6c, 0x69, 0x64, 0x20, 0x70, 0x72, 0x69, 0x6f, 0x72, 0x69, 0x74, 0x79, 0x20, 0x28, 0x25, 0x64, 0x29, 0x3b, 0x20, 0x61, 0x6c, 0x6c, 0x6f, 0x77, 0x65, 0x64, 0x20, 0x72, 0x61, 0x6e, 0x67, 0x65, 0x3a, 0x20, 0x25, 0x64, 0x20, 0x74, 0x6f, 0x20, 0x25, 0x64, 0x0a, 0x00 };
/* 0xf801f */ const unsigned char rodata_f801f[18] = { 0x21, 0x61, 0x72, 0x63, 0x68, 0x5f, 0x69, 0x73, 0x5f, 0x69, 0x6e, 0x5f, 0x69, 0x73, 0x72, 0x28, 0x29, 0x00 };
/* 0xf80cc */ const unsigned char rodata_f80cc[34] = { 0x57, 0x45, 0x53, 0x54, 0x5f, 0x54, 0x4f, 0x50, 0x44, 0x49, 0x52, 0x2f, 0x7a, 0x65, 0x70, 0x68, 0x79, 0x72, 0x2f, 0x6b, 0x65, 0x72, 0x6e, 0x65, 0x6c, 0x2f, 0x6d, 0x73, 0x67, 0x5f, 0x71, 0x2e, 0x63, 0x00 };
/* 0xf80ee */ const unsigned char rodata_f80ee[76] = { 0x6d, 0x73, 0x67, 0x71, 0x2d, 0x3e, 0x77, 0x72, 0x69, 0x74, 0x65, 0x5f, 0x70, 0x74, 0x72, 0x20, 0x3e, 0x3d, 0x20, 0x6d, 0x73, 0x67, 0x71, 0x2d, 0x3e, 0x62, 0x75, 0x66, 0x66, 0x65, 0x72, 0x5f, 0x73, 0x74, 0x61, 0x72, 0x74, 0x20, 0x26, 0x26, 0x20, 0x6d, 0x73, 0x67, 0x71, 0x2d, 0x3e, 0x77, 0x72, 0x69, 0x74, 0x65, 0x5f, 0x70, 0x74, 0x72, 0x20, 0x3c, 0x20, 0x6d, 0x73, 0x67, 0x71, 0x2d, 0x3e, 0x62, 0x75, 0x66, 0x66, 0x65, 0x72, 0x5f, 0x65, 0x6e, 0x64, 0x00 };
/* 0xf813a */ const unsigned char rodata_f813a[34] = { 0x57, 0x45, 0x53, 0x54, 0x5f, 0x54, 0x4f, 0x50, 0x44, 0x49, 0x52, 0x2f, 0x7a, 0x65, 0x70, 0x68, 0x79, 0x72, 0x2f, 0x6b, 0x65, 0x72, 0x6e, 0x65, 0x6c, 0x2f, 0x6d, 0x75, 0x74, 0x65, 0x78, 0x2e, 0x63, 0x00 };
/* 0xf815c */ const unsigned char rodata_f815c[37] = { 0x09, 0x6d, 0x75, 0x74, 0x65, 0x78, 0x65, 0x73, 0x20, 0x63, 0x61, 0x6e, 0x6e, 0x6f, 0x74, 0x20, 0x62, 0x65, 0x20, 0x75, 0x73, 0x65, 0x64, 0x20, 0x69, 0x6e, 0x73, 0x69, 0x64, 0x65, 0x20, 0x49, 0x53, 0x52, 0x73, 0x0a, 0x00 };
/* 0xf8181 */ const unsigned char rodata_f8181[23] = { 0x6d, 0x75, 0x74, 0x65, 0x78, 0x2d, 0x3e, 0x6c, 0x6f, 0x63, 0x6b, 0x5f, 0x63, 0x6f, 0x75, 0x6e, 0x74, 0x20, 0x3e, 0x20, 0x30, 0x55, 0x00 };
/* 0xf8198 */ const unsigned char rodata_f8198[32] = { 0x57, 0x45, 0x53, 0x54, 0x5f, 0x54, 0x4f, 0x50, 0x44, 0x49, 0x52, 0x2f, 0x7a, 0x65, 0x70, 0x68, 0x79, 0x72, 0x2f, 0x6b, 0x65, 0x72, 0x6e, 0x65, 0x6c, 0x2f, 0x73, 0x65, 0x6d, 0x2e, 0x63, 0x00 };
/* 0xf81b8 */ const unsigned char rodata_f81b8[78] = { 0x28, 0x28, 0x61, 0x72, 0x63, 0x68, 0x5f, 0x69, 0x73, 0x5f, 0x69, 0x6e, 0x5f, 0x69, 0x73, 0x72, 0x28, 0x29, 0x20, 0x3d, 0x3d, 0x20, 0x30, 0x29, 0x20, 0x7c, 0x7c, 0x20, 0x28, 0x28, 0x74, 0x69, 0x6d, 0x65, 0x6f, 0x75, 0x74, 0x29, 0x2e, 0x74, 0x69, 0x63, 0x6b, 0x73, 0x20, 0x3d, 0x3d, 0x20, 0x28, 0x28, 0x28, 0x6b, 0x5f, 0x74, 0x69, 0x6d, 0x65, 0x6f, 0x75, 0x74, 0x5f, 0x74, 0x29, 0x20, 0x7b, 0x30, 0x7d, 0x29, 0x29, 0x2e, 0x74, 0x69, 0x63, 0x6b, 0x73, 0x29, 0x29, 0x00 };
/* 0xf82f4 */ const unsigned char rodata_f82f4[34] = { 0x57, 0x45, 0x53, 0x54, 0x5f, 0x54, 0x4f, 0x50, 0x44, 0x49, 0x52, 0x2f, 0x7a, 0x65, 0x70, 0x68, 0x79, 0x72, 0x2f, 0x6b, 0x65, 0x72, 0x6e, 0x65, 0x6c, 0x2f, 0x73, 0x63, 0x68, 0x65, 0x64, 0x2e, 0x63, 0x00 };
/* 0xf84af */ const unsigned char rodata_f84af[39] = { 0x5f, 0x6b, 0x65, 0x72, 0x6e, 0x65, 0x6c, 0x2e, 0x63, 0x70, 0x75, 0x73, 0x5b, 0x30, 0x5d, 0x2e, 0x63, 0x75, 0x72, 0x72, 0x65, 0x6e, 0x74, 0x20, 0x21, 0x3d, 0x20, 0x28, 0x28, 0x76, 0x6f, 0x69, 0x64, 0x20, 0x2a, 0x29, 0x30, 0x29, 0x00 };
/* 0xf84d6 */ const unsigned char rodata_f84d6[33] = { 0x21, 0x7a, 0x5f, 0x69, 0x73, 0x5f, 0x69, 0x64, 0x6c, 0x65, 0x5f, 0x74, 0x68, 0x72, 0x65, 0x61, 0x64, 0x5f, 0x6f, 0x62, 0x6a, 0x65, 0x63, 0x74, 0x28, 0x74, 0x68, 0x72, 0x65, 0x61, 0x64, 0x29, 0x00 };
/* 0xf85bb */ const unsigned char rodata_f85bb[23] = { 0x74, 0x68, 0x72, 0x65, 0x61, 0x64, 0x2d, 0x3e, 0x62, 0x61, 0x73, 0x65, 0x2e, 0x70, 0x65, 0x6e, 0x64, 0x65, 0x64, 0x5f, 0x6f, 0x6e, 0x00 };
/* 0xf85d2 */ const unsigned char rodata_f85d2[134] = { 0x28, 0x28, 0x28, 0x28, 0x70, 0x72, 0x69, 0x6f, 0x29, 0x29, 0x20, 0x3d, 0x3d, 0x20, 0x31, 0x35, 0x20, 0x26, 0x26, 0x20, 0x7a, 0x5f, 0x69, 0x73, 0x5f, 0x69, 0x64, 0x6c, 0x65, 0x5f, 0x74, 0x68, 0x72, 0x65, 0x61, 0x64, 0x5f, 0x65, 0x6e, 0x74, 0x72, 0x79, 0x28, 0x28, 0x28, 0x28, 0x76, 0x6f, 0x69, 0x64, 0x20, 0x2a, 0x29, 0x30, 0x29, 0x29, 0x29, 0x29, 0x20, 0x7c, 0x7c, 0x20, 0x28, 0x28, 0x28, 0x31, 0x35, 0x20, 0x2d, 0x20, 0x31, 0x29, 0x20, 0x3e, 0x3d, 0x20, 0x28, 0x28, 0x2d, 0x31, 0x36, 0x29, 0x29, 0x29, 0x20, 0x26, 0x26, 0x20, 0x28, 0x28, 0x70, 0x72, 0x69, 0x6f, 0x29, 0x29, 0x20, 0x3e, 0x3d, 0x20, 0x28, 0x28, 0x2d, 0x31, 0x36, 0x29, 0x29, 0x20, 0x26, 0x26, 0x20, 0x28, 0x28, 0x70, 0x72, 0x69, 0x6f, 0x29, 0x29, 0x20, 0x3c, 0x3d, 0x20, 0x28, 0x31, 0x35, 0x20, 0x2d, 0x20, 0x31, 0x29, 0x29, 0x29, 0x00 };
/* 0xf8658 */ const unsigned char rodata_f8658[64] = { 0x21, 0x7a, 0x5f, 0x69, 0x73, 0x5f, 0x74, 0x68, 0x72, 0x65, 0x61, 0x64, 0x5f, 0x73, 0x74, 0x61, 0x74, 0x65, 0x5f, 0x73, 0x65, 0x74, 0x28, 0x5f, 0x6b, 0x65, 0x72, 0x6e, 0x65, 0x6c, 0x2e, 0x63, 0x70, 0x75, 0x73, 0x5b, 0x30, 0x5d, 0x2e, 0x63, 0x75, 0x72, 0x72, 0x65, 0x6e, 0x74, 0x2c, 0x20, 0x28, 0x28, 0x31, 0x55, 0x4c, 0x20, 0x3c, 0x3c, 0x20, 0x28, 0x34, 0x29, 0x29, 0x29, 0x29, 0x00 };
/* 0xf891e */ const unsigned char rodata_f891e[36] = { 0x57, 0x45, 0x53, 0x54, 0x5f, 0x54, 0x4f, 0x50, 0x44, 0x49, 0x52, 0x2f, 0x7a, 0x65, 0x70, 0x68, 0x79, 0x72, 0x2f, 0x6b, 0x65, 0x72, 0x6e, 0x65, 0x6c, 0x2f, 0x6d, 0x65, 0x6d, 0x70, 0x6f, 0x6f, 0x6c, 0x2e, 0x63, 0x00 };
/* 0xf8942 */ const unsigned char rodata_f8942[50] = { 0x61, 0x6c, 0x69, 0x67, 0x6e, 0x20, 0x3d, 0x3d, 0x20, 0x30, 0x20, 0x7c, 0x7c, 0x20, 0x28, 0x28, 0x75, 0x69, 0x6e, 0x74, 0x70, 0x74, 0x72, 0x5f, 0x74, 0x29, 0x6d, 0x65, 0x6d, 0x20, 0x26, 0x20, 0x28, 0x61, 0x6c, 0x69, 0x67, 0x6e, 0x20, 0x2d, 0x20, 0x31, 0x29, 0x29, 0x20, 0x3d, 0x3d, 0x20, 0x30, 0x00 };
/* 0xf8974 */ const unsigned char rodata_f8974[40] = { 0x09, 0x6d, 0x69, 0x73, 0x61, 0x6c, 0x69, 0x67, 0x6e, 0x65, 0x64, 0x20, 0x6d, 0x65, 0x6d, 0x6f, 0x72, 0x79, 0x20, 0x61, 0x74, 0x20, 0x25, 0x70, 0x20, 0x28, 0x61, 0x6c, 0x69, 0x67, 0x6e, 0x20, 0x3d, 0x20, 0x25, 0x7a, 0x75, 0x29, 0x0a, 0x00 };
/* 0xf8a2e */ const unsigned char rodata_f8a2e[13] = { 0x2c, 0x20, 0x66, 0x75, 0x6e, 0x63, 0x74, 0x69, 0x6f, 0x6e, 0x3a, 0x20, 0x00 };
/* 0xf8a3b */ const unsigned char rodata_f8a3b[47] = { 0x61, 0x73, 0x73, 0x65, 0x72, 0x74, 0x69, 0x6f, 0x6e, 0x20, 0x22, 0x25, 0x73, 0x22, 0x20, 0x66, 0x61, 0x69, 0x6c, 0x65, 0x64, 0x3a, 0x20, 0x66, 0x69, 0x6c, 0x65, 0x20, 0x22, 0x25, 0x73, 0x22, 0x2c, 0x20, 0x6c, 0x69, 0x6e, 0x65, 0x20, 0x25, 0x64, 0x25, 0x73, 0x25, 0x73, 0x0a, 0x00 };
/* 0xf8b6b */ const unsigned char rodata_f8b6b[6] = { 0x23, 0x2d, 0x30, 0x2b, 0x20, 0x00 };
/* 0xf8b71 */ const unsigned char rodata_f8b71[4] = { 0x68, 0x6c, 0x4c, 0x00 };
/* 0xf8b75 */ const unsigned char rodata_f8b75[7] = { 0x65, 0x66, 0x67, 0x45, 0x46, 0x47, 0x00 };
/* 0xf8b88 */ const unsigned char rodata_f8b88[17] = { 0x30, 0x31, 0x32, 0x33, 0x34, 0x35, 0x36, 0x37, 0x38, 0x39, 0x41, 0x42, 0x43, 0x44, 0x45, 0x46, 0x00 };
/* 0xf8baa */ const unsigned char rodata_f8baa[9] = { 0x49, 0x6e, 0x66, 0x69, 0x6e, 0x69, 0x74, 0x79, 0x00 };
/* 0xf8bb3 */ const unsigned char rodata_f8bb3[4] = { 0x4e, 0x61, 0x4e, 0x00 };
/* 0xf8bb7 */ const unsigned char rodata_f8bb7[23] = { 0x52, 0x45, 0x45, 0x4e, 0x54, 0x20, 0x6d, 0x61, 0x6c, 0x6c, 0x6f, 0x63, 0x20, 0x73, 0x75, 0x63, 0x63, 0x65, 0x65, 0x64, 0x65, 0x64, 0x00 };
/* 0xf8bce */ const unsigned char rodata_f8bce[116] = { 0x2f, 0x5f, 0x5f, 0x77, 0x2f, 0x5f, 0x74, 0x65, 0x6d, 0x70, 0x2f, 0x77, 0x6f, 0x72, 0x6b, 0x73, 0x70, 0x61, 0x63, 0x65, 0x2f, 0x62, 0x75, 0x69, 0x6c, 0x64, 0x2f, 0x2e, 0x62, 0x75, 0x69, 0x6c, 0x64, 0x2f, 0x48, 0x4f, 0x53, 0x54, 0x2d, 0x78, 0x38, 0x36, 0x5f, 0x36, 0x34, 0x2d, 0x77, 0x36, 0x34, 0x2d, 0x6d, 0x69, 0x6e, 0x67, 0x77, 0x33, 0x32, 0x2f, 0x61, 0x72, 0x6d, 0x2d, 0x7a, 0x65, 0x70, 0x68, 0x79, 0x72, 0x2d, 0x65, 0x61, 0x62, 0x69, 0x2f, 0x73, 0x72, 0x63, 0x2f, 0x6e, 0x65, 0x77, 0x6c, 0x69, 0x62, 0x2d, 0x6e, 0x61, 0x6e, 0x6f, 0x2f, 0x6e, 0x65, 0x77, 0x6c, 0x69, 0x62, 0x2f, 0x6c, 0x69, 0x62, 0x63, 0x2f, 0x73, 0x74, 0x64, 0x6c, 0x69, 0x62, 0x2f, 0x64, 0x74, 0x6f, 0x61, 0x2e, 0x63, 0x00 };
/* 0xf8c42 */ const unsigned char rodata_f8c42[17] = { 0x42, 0x61, 0x6c, 0x6c, 0x6f, 0x63, 0x20, 0x73, 0x75, 0x63, 0x63, 0x65, 0x65, 0x64, 0x65, 0x64, 0x00 };
/* 0xf8cd5 */ const unsigned char rodata_f8cd5[117] = { 0x2f, 0x5f, 0x5f, 0x77, 0x2f, 0x5f, 0x74, 0x65, 0x6d, 0x70, 0x2f, 0x77, 0x6f, 0x72, 0x6b, 0x73, 0x70, 0x61, 0x63, 0x65, 0x2f, 0x62, 0x75, 0x69, 0x6c, 0x64, 0x2f, 0x2e, 0x62, 0x75, 0x69, 0x6c, 0x64, 0x2f, 0x48, 0x4f, 0x53, 0x54, 0x2d, 0x78, 0x38, 0x36, 0x5f, 0x36, 0x34, 0x2d, 0x77, 0x36, 0x34, 0x2d, 0x6d, 0x69, 0x6e, 0x67, 0x77, 0x33, 0x32, 0x2f, 0x61, 0x72, 0x6d, 0x2d, 0x7a, 0x65, 0x70, 0x68, 0x79, 0x72, 0x2d, 0x65, 0x61, 0x62, 0x69, 0x2f, 0x73, 0x72, 0x63, 0x2f, 0x6e, 0x65, 0x77, 0x6c, 0x69, 0x62, 0x2d, 0x6e, 0x61, 0x6e, 0x6f, 0x2f, 0x6e, 0x65, 0x77, 0x6c, 0x69, 0x62, 0x2f, 0x6c, 0x69, 0x62, 0x63, 0x2f, 0x73, 0x74, 0x64, 0x6c, 0x69, 0x62, 0x2f, 0x6d, 0x70, 0x72, 0x65, 0x63, 0x2e, 0x63, 0x00 };
