/* GENERATED by recon/application/gen_app_rodata_sources.py -- DO NOT EDIT.
 * G6-B1 (recon/analysis/prerefactor_progress.md): a further 7 string objects
 * WITHDRAWN as one transaction -- every reference is now a C string literal and
 * the matching numeric PROVIDE pin is deleted from recon/symbols/g1_app_globals.ld.
 * G6-B3 (recon/analysis/prerefactor_progress.md): 7 string objects were
 * WITHDRAWN from this file as one transaction -- every reference to them is now
 * a C string literal in the symbolized/readable sources and the matching
 * `PROVIDE(rodata_<hex> = 0x<hex>)` pin is deleted from
 * recon/symbols/g1_app_globals.ld.  A regeneration reproduces this file without
 * those lines: the generators select only symbols that still carry a numeric pin.
 *
 *
 * Byte-exact CPUAPP `.rodata` objects decoded out of app_update.bin through
 * tools/extract.py.  Each object replaces one or more absolute
 * `PROVIDE(rodata_<hex> = 0x<hex>)` pins in recon/symbols/g1_app_globals.ld
 * with a real, relocatable C definition.  See the generator's docstring for
 * the sector-extent proof, the region/extent rule and the per-kind decode
 * policy; see recon/ownership/rodata_decode_ledger.json for the per-region
 * receipt (VA, extent, kind, C type, verification status, pins retired).
 *
 * shard 0 of 8 -- 41 objects, 68690 bytes
 */
#include <stddef.h>

/* 0x8af10  blob             72 B  opaque read-only blob
 * interior pins: rodata_8af4c
 */
const unsigned char g1_ro_8af10[72] __asm__("rodata_8af10") = {
	0x98, 0x2f, 0x8a, 0x42, 0x91, 0x44, 0x37, 0x71, 0xcf, 0xfb, 0xc0, 0xb5, 0xa5, 0xdb, 0xb5, 0xe9,
	0x5b, 0xc2, 0x56, 0x39, 0xf1, 0x11, 0xf1, 0x59, 0xa4, 0x82, 0x3f, 0x92, 0xd5, 0x5e, 0x1c, 0xab,
	0x98, 0xaa, 0x07, 0xd8, 0x01, 0x5b, 0x83, 0x12, 0xbe, 0x85, 0x31, 0x24, 0xc3, 0x7d, 0x0c, 0x55,
	0x74, 0x5d, 0xbe, 0x72, 0xfe, 0xb1, 0xde, 0x80, 0xa7, 0x06, 0xdc, 0x9b, 0x74, 0xf1, 0x9b, 0xc1,
	0xc1, 0x69, 0x9b, 0xe4, 0x86, 0x47, 0xbe, 0xef,
};

/* 0x8b190  blob              4 B  opaque read-only blob
 */
const unsigned char g1_ro_8b190[4] __asm__("rodata_8b190") = {
	0xff, 0x01, 0x00, 0x00,
};

/* 0x8b508  zero_fill         8 B  all-zero region
 */
const unsigned char g1_ro_8b508[8] __asm__("rodata_8b508") = {
	0x00, 0x00, 0x00, 0x00, 0x00, 0x00, 0x00, 0x00,
};

/* 0x988a8  blob            100 B  opaque read-only blob
 */
const unsigned char g1_ro_988a8[100] __asm__("rodata_988a8") = {
	0x0a, 0x63, 0x74, 0x78, 0x20, 0x69, 0x73, 0x20, 0x4e, 0x55, 0x4c, 0x4c, 0x0a, 0x00, 0x00, 0x00,
	0x67, 0xe6, 0x09, 0x6a, 0x85, 0xae, 0x67, 0xbb, 0x72, 0xf3, 0x6e, 0x3c, 0x3a, 0xf5, 0x4f, 0xa5,
	0x7f, 0x52, 0x0e, 0x51, 0x8c, 0x68, 0x05, 0x9b, 0xab, 0xd9, 0x83, 0x1f, 0x19, 0xcd, 0xe0, 0x5b,
	0xd8, 0x9e, 0x05, 0xc1, 0x07, 0xd5, 0x7c, 0x36, 0x17, 0xdd, 0x70, 0x30, 0x39, 0x59, 0x0e, 0xf7,
	0x31, 0x0b, 0xc0, 0xff, 0x11, 0x15, 0x58, 0x68, 0xa7, 0x8f, 0xf9, 0x64, 0xa4, 0x4f, 0xfa, 0xbe,
	0x01, 0x23, 0x45, 0x67, 0x89, 0xab, 0xcd, 0xef, 0xfe, 0xdc, 0xba, 0x98, 0x76, 0x54, 0x32, 0x10,
	0xf0, 0xe1, 0xd2, 0xc3,
};

/* 0x99e30  blob              4 B  opaque read-only blob
 */
const unsigned char g1_ro_99e30[4] __asm__("rodata_99e30") = {
	0x28, 0x66, 0x6c, 0x61,
};

/* 0x9d6d8  string           22 B  C string
 *   +0x0000 '%s(): #发送: %d/%d\n'
 */

/* 0xa24e0  string            4 B  C string
 *   +0x0000 'off'
 */
const char g1_ro_a24e0[4] __asm__("rodata_a24e0") = {
	0x6f, 0x66, 0x66, 0x00,
};

/* 0xa2f08  string           79 B  C string
 *   +0x0000 '%s(): [temeprompter]等待退出:%d, expect_ts: %d, imu:%d, unread_msg_num:%d\n'
 */
const char g1_ro_a2f08[79] __asm__("rodata_a2f08") = {
	0x25, 0x73, 0x28, 0x29, 0x3a, 0x20, 0x5b, 0x74, 0x65, 0x6d, 0x65, 0x70, 0x72, 0x6f, 0x6d, 0x70,
	0x74, 0x65, 0x72, 0x5d, 0xe7, 0xad, 0x89, 0xe5, 0xbe, 0x85, 0xe9, 0x80, 0x80, 0xe5, 0x87, 0xba,
	0x3a, 0x25, 0x64, 0x2c, 0x20, 0x65, 0x78, 0x70, 0x65, 0x63, 0x74, 0x5f, 0x74, 0x73, 0x3a, 0x20,
	0x25, 0x64, 0x2c, 0x20, 0x69, 0x6d, 0x75, 0x3a, 0x25, 0x64, 0x2c, 0x20, 0x75, 0x6e, 0x72, 0x65,
	0x61, 0x64, 0x5f, 0x6d, 0x73, 0x67, 0x5f, 0x6e, 0x75, 0x6d, 0x3a, 0x25, 0x64, 0x0a, 0x00,
};

/* 0xa3558  string           74 B  C string
 *   +0x0000 '%s(): [even ai]等待退出:%d, expect_ts: %d, imu:%d, unread_msg_num:%d\n'
 */

/* 0xa8d20  string           26 B  C string
 *   +0x0000 '陀螺仪姿态解算:YPR'
 */

/* 0xa8e98  blob              9 B  opaque read-only blob
 * interior pins: rodata_a8ea0
 */
const unsigned char g1_ro_a8e98[9] __asm__("rodata_a8e98") = {
	0x01, 0x02, 0x03, 0x04, 0x05, 0x06, 0x07, 0x07, 0x00,
};

/* 0xaae20  u8_table      66560 B  66560 x uint8 (width from access footprint)
 */
const unsigned char g1_ro_aae20[66560] __asm__("rodata_aae20") = {
	0x00, 0x00, 0x00, 0x00, 0x00, 0x00, 0x00, 0x00, 0x00, 0x00, 0x00, 0x00, 0x00, 0x00, 0x00, 0x00,
	0x00, 0x00, 0x00, 0x00, 0x00, 0x00, 0x00, 0x00, 0x00, 0x00, 0x00, 0x00, 0x00, 0x00, 0x00, 0x00,
	0x00, 0x00, 0x00, 0x00, 0x00, 0x00, 0x00, 0x00, 0x00, 0x00, 0x00, 0x00, 0x00, 0x00, 0x00, 0x00,
	0x00, 0x00, 0x00, 0x00, 0x00, 0x00, 0x00, 0x00, 0x00, 0x00, 0x00, 0x00, 0x00, 0x00, 0x00, 0x00,
	0x00, 0x00, 0x00, 0x00, 0x00, 0x00, 0x00, 0x00, 0x00, 0x00, 0x00, 0x00, 0x00, 0x00, 0x00, 0x00,
	0x00, 0x00, 0x00, 0x00, 0x00, 0x00, 0x00, 0x00, 0x00, 0x00, 0x00, 0x00, 0x00, 0x00, 0x00, 0x00,
	0x00, 0x00, 0x00, 0x00, 0x00, 0x00, 0x00, 0x00, 0x00, 0x00, 0x00, 0x00, 0x00, 0x00, 0x00, 0x00,
	0x00, 0x00, 0x00, 0x00, 0x00, 0x00, 0x00, 0x00, 0x00, 0x00, 0x00, 0x00, 0x00, 0x00, 0x00, 0x00,
	0x00, 0x00, 0x00, 0x00, 0x00, 0x00, 0x00, 0x00, 0x00, 0x00, 0x00, 0x00, 0x00, 0x00, 0x00, 0x00,
	0x00, 0x00, 0x00, 0x00, 0x00, 0x00, 0x00, 0x00, 0x00, 0x00, 0x00, 0x00, 0x00, 0x00, 0x00, 0x00,
	0x00, 0x00, 0x00, 0x00, 0x00, 0x00, 0x00, 0x00, 0x00, 0x00, 0x00, 0x00, 0x00, 0x00, 0x00, 0x00,
	0x00, 0x00, 0x00, 0x00, 0x00, 0x00, 0x00, 0x00, 0x00, 0x00, 0x00, 0x00, 0x00, 0x00, 0x00, 0x00,
	0x00, 0x00, 0x00, 0x00, 0x00, 0x00, 0x00, 0x00, 0x00, 0x00, 0x00, 0x00, 0x00, 0x00, 0x00, 0x00,
	0x00, 0x00, 0x00, 0x00, 0x00, 0x00, 0x00, 0x00, 0x00, 0x00, 0x00, 0x00, 0x00, 0x00, 0x00, 0x00,
	0x00, 0x00, 0x00, 0x00, 0x00, 0x00, 0x00, 0x00, 0x00, 0x00, 0x00, 0x00, 0x00, 0x00, 0x00, 0x00,
	0x00, 0x00, 0x00, 0x00, 0x00, 0x00, 0x00, 0x00, 0x00, 0x00, 0x00, 0x00, 0x00, 0x00, 0x00, 0x00,
	0x00, 0x00, 0x00, 0x00, 0x00, 0x00, 0x00, 0x00, 0x00, 0x00, 0x00, 0x00, 0x00, 0x00, 0x00, 0x00,
	0x00, 0x00, 0x00, 0x00, 0x00, 0x00, 0x00, 0x00, 0x00, 0x00, 0x00, 0x00, 0x00, 0x00, 0x00, 0x00,
	0x00, 0x00, 0x00, 0x00, 0x00, 0x00, 0x00, 0x00, 0x00, 0x00, 0x00, 0x00, 0x00, 0x00, 0x00, 0x00,
	0x00, 0x00, 0x00, 0x00, 0x00, 0x00, 0x00, 0x00, 0x00, 0x00, 0x00, 0x00, 0x00, 0x00, 0x00, 0x00,
	0x00, 0x00, 0x0f, 0x00, 0x00, 0x00, 0x00, 0xff, 0x00, 0x00, 0x00, 0x00, 0x00, 0x0f, 0x00, 0x00,
	0x00, 0x00, 0x00, 0x00, 0x00, 0x00, 0x00, 0x00, 0x00, 0x00, 0x00, 0x00, 0x0f, 0xf0, 0xf0, 0x00,
	0x00, 0x00, 0x0f, 0x00, 0x00, 0x00, 0x00, 0xff, 0x00, 0x00, 0x00, 0x00, 0x00, 0x0f, 0x00, 0x00,
	0x00, 0x00, 0x00, 0x00, 0x00, 0x00, 0x00, 0x00, 0x00, 0x00, 0x00, 0x00, 0x0f, 0xf0, 0xf0, 0x00,
	0x00, 0x00, 0x0f, 0x00, 0x00, 0x00, 0x00, 0xff, 0x00, 0x00, 0x00, 0x00, 0x00, 0x0f, 0x00, 0x00,
	0x00, 0x00, 0x00, 0x00, 0x00, 0x00, 0x00, 0x00, 0x00, 0x00, 0x00, 0x00, 0x0f, 0xf0, 0xf0, 0x00,
	0x00, 0x00, 0x0f, 0x00, 0x00, 0x00, 0x00, 0xff, 0x00, 0x00, 0x00, 0x00, 0x00, 0x0f, 0x00, 0x00,
	0x00, 0x00, 0x00, 0x00, 0x00, 0x00, 0x00, 0x00, 0x00, 0x00, 0x00, 0x00, 0x0f, 0xf0, 0xf0, 0x00,
	0x00, 0x00, 0x0f, 0x00, 0x00, 0x00, 0x00, 0xff, 0x00, 0x00, 0x00, 0x00, 0x00, 0x0f, 0x00, 0x00,
	0x00, 0x00, 0x00, 0x00, 0x00, 0x00, 0x00, 0x00, 0x00, 0x00, 0x00, 0x00, 0x0f, 0xf0, 0xf0, 0x00,
	0x00, 0x00, 0x0f, 0x00, 0x00, 0x00, 0x00, 0xff, 0x00, 0x00, 0x00, 0x00, 0x00, 0x0f, 0x00, 0x00,
	0x00, 0x00, 0x00, 0x00, 0x00, 0x00, 0x00, 0x00, 0x00, 0x00, 0x00, 0x00, 0x0f, 0xf0, 0xf0, 0x00,
	0x00, 0x00, 0x0f, 0x00, 0x00, 0x00, 0x00, 0xff, 0x00, 0x00, 0x00, 0x00, 0x00, 0x0f, 0x00, 0x00,
	0x00, 0x00, 0x00, 0x00, 0x00, 0x00, 0x00, 0x00, 0x00, 0x00, 0x00, 0x00, 0x0f, 0xf0, 0xf0, 0x00,
	0x00, 0x00, 0x0f, 0x00, 0x00, 0x00, 0x00, 0xff, 0x00, 0x00, 0x00, 0x00, 0x00, 0x0f, 0x00, 0x00,
	0x00, 0x00, 0x00, 0x00, 0x00, 0x00, 0x00, 0x00, 0x00, 0x00, 0x00, 0x00, 0x0f, 0xf0, 0xf0, 0x00,
	0x00, 0x00, 0x0f, 0x00, 0x00, 0x00, 0x00, 0xff, 0x00, 0x00, 0x00, 0x00, 0x00, 0x0f, 0x00, 0x00,
	0x00, 0x00, 0x00, 0x00, 0x00, 0x00, 0x00, 0x00, 0x00, 0x00, 0x00, 0x00, 0x0f, 0xf0, 0xf0, 0x00,
	0x00, 0x00, 0x0f, 0x00, 0x00, 0x00, 0x00, 0xff, 0x00, 0x00, 0x00, 0x00, 0x00, 0x0f, 0x00, 0x00,
	0x00, 0x00, 0x00, 0x00, 0x00, 0x00, 0x00, 0x00, 0x00, 0x00, 0x00, 0x00, 0x0f, 0xf0, 0xf0, 0x00,
	0x00, 0x00, 0xff, 0xf0, 0x00, 0x00, 0x0f, 0xff, 0xf0, 0x00, 0x00, 0x00, 0x00, 0xff, 0xf0, 0x00,
	0x00, 0x00, 0x00, 0xf0, 0xf0, 0x00, 0x00, 0x00, 0x00, 0x00, 0x00, 0x00, 0x0f, 0xf0, 0xf0, 0x00,
	0x00, 0x00, 0xff, 0xf0, 0x00, 0x00, 0x0f, 0xff, 0xf0, 0x00, 0x00, 0x00, 0x00, 0xff, 0xf0, 0x00,
	0x00, 0x00, 0x00, 0xf0, 0xf0, 0x00, 0x00, 0x00, 0x00, 0x00, 0x00, 0x00, 0x0f, 0xf0, 0xf0, 0x00,
	0x00, 0x00, 0xff, 0xf0, 0x00, 0x00, 0x0f, 0xff, 0xf0, 0x00, 0x00, 0x00, 0x00, 0xff, 0xf0, 0x00,
	0x00, 0x00, 0x00, 0xf0, 0xf0, 0x00, 0x00, 0x00, 0x00, 0x00, 0x00, 0x00, 0x0f, 0xf0, 0xf0, 0x00,
	0x00, 0x00, 0xff, 0xf0, 0x00, 0x00, 0x0f, 0xff, 0xf0, 0x00, 0x00, 0x00, 0x00, 0xff, 0xf0, 0x00,
	0x00, 0x00, 0x00, 0xf0, 0xf0, 0x00, 0x00, 0x00, 0x00, 0x00, 0x00, 0x00, 0x0f, 0xf0, 0xf0, 0x00,
	0x00, 0x00, 0xff, 0xf0, 0x00, 0x00, 0x0f, 0xff, 0xf0, 0x00, 0x00, 0x00, 0x00, 0xff, 0xf0, 0x00,
	0x00, 0x00, 0x00, 0xf0, 0xf0, 0x00, 0x00, 0x00, 0x00, 0x00, 0x00, 0x00, 0x0f, 0xf0, 0xf0, 0x00,
	0x00, 0x00, 0xff, 0xf0, 0x00, 0x00, 0x0f, 0xff, 0xf0, 0x00, 0x00, 0x00, 0x00, 0xff, 0xf0, 0x00,
	0x00, 0x00, 0x00, 0xf0, 0xf0, 0x00, 0x00, 0x00, 0x00, 0x00, 0x00, 0x00, 0x0f, 0xf0, 0xf0, 0x00,
	0x00, 0x00, 0xff, 0xf0, 0x00, 0x00, 0x0f, 0xff, 0xf0, 0x00, 0x00, 0x00, 0x00, 0xff, 0xf0, 0x00,
	0x00, 0x00, 0x00, 0xf0, 0xf0, 0x00, 0x00, 0x00, 0x00, 0x00, 0x00, 0x00, 0x0f, 0xf0, 0xf0, 0x00,
	0x00, 0x00, 0xff, 0xf0, 0x00, 0x00, 0x0f, 0xff, 0xf0, 0x00, 0x00, 0x00, 0x00, 0xff, 0xf0, 0x00,
	0x00, 0x00, 0x00, 0xf0, 0xf0, 0x00, 0x00, 0x00, 0x00, 0x00, 0x00, 0x00, 0x0f, 0xf0, 0xf0, 0x00,
	0x00, 0x00, 0xff, 0xf0, 0x00, 0x00, 0x0f, 0xff, 0xf0, 0x00, 0x00, 0x00, 0x00, 0xff, 0xf0, 0x00,
	0x00, 0x00, 0x00, 0xf0, 0xf0, 0x00, 0x00, 0x00, 0x00, 0x00, 0x00, 0x00, 0x0f, 0xf0, 0xf0, 0x00,
	0x00, 0x00, 0xff, 0xf0, 0x00, 0x00, 0x0f, 0xff, 0xf0, 0x00, 0x00, 0x00, 0x00, 0xff, 0xf0, 0x00,
	0x00, 0x00, 0x00, 0xf0, 0xf0, 0x00, 0x00, 0x00, 0x00, 0x00, 0x00, 0x00, 0x0f, 0xf0, 0xf0, 0x00,
	0x00, 0xff, 0xff, 0xff, 0x00, 0x00, 0xff, 0xff, 0xff, 0x00, 0x00, 0x00, 0x00, 0xff, 0xff, 0x00,
	0xf0, 0x00, 0x00, 0xff, 0xff, 0x00, 0x00, 0x0f, 0x00, 0x00, 0x0f, 0x00, 0xff, 0xff, 0xff, 0x00,
	0x00, 0xff, 0xff, 0xff, 0x00, 0x00, 0xff, 0xff, 0xff, 0x00, 0x00, 0x00, 0x00, 0xff, 0xff, 0x00,
	0xf0, 0x00, 0x00, 0xff, 0xff, 0x00, 0x00, 0x0f, 0x00, 0x00, 0x0f, 0x00, 0xff, 0xff, 0xff, 0x00,
	0x00, 0xff, 0xff, 0xff, 0x00, 0x00, 0xff, 0xff, 0xff, 0x00, 0x00, 0x00, 0x00, 0xff, 0xff, 0x00,
	0xf0, 0x00, 0x00, 0xff, 0xff, 0x00, 0x00, 0x0f, 0x00, 0x00, 0x0f, 0x00, 0xff, 0xff, 0xff, 0x00,
	0x00, 0xff, 0xff, 0xff, 0x00, 0x00, 0xff, 0xff, 0xff, 0x00, 0x00, 0x00, 0x00, 0xff, 0xff, 0x00,
	0xf0, 0x00, 0x00, 0xff, 0xff, 0x00, 0x00, 0x0f, 0x00, 0x00, 0x0f, 0x00, 0xff, 0xff, 0xff, 0x00,
	0x00, 0xff, 0xff, 0xff, 0x00, 0x00, 0xff, 0xff, 0xff, 0x00, 0x00, 0x00, 0x00, 0xff, 0xff, 0x00,
	0xf0, 0x00, 0x00, 0xff, 0xff, 0x00, 0x00, 0x0f, 0x00, 0x00, 0x0f, 0x00, 0xff, 0xff, 0xff, 0x00,
	0x00, 0xff, 0xff, 0xff, 0x00, 0x00, 0xff, 0xff, 0xff, 0x00, 0x00, 0x00, 0x00, 0xff, 0xff, 0x00,
	0xf0, 0x00, 0x00, 0xff, 0xff, 0x00, 0x00, 0x0f, 0x00, 0x00, 0x0f, 0x00, 0xff, 0xff, 0xff, 0x00,
	0x00, 0xff, 0xff, 0xff, 0x00, 0x00, 0xff, 0xff, 0xff, 0x00, 0x00, 0x00, 0x00, 0xff, 0xff, 0x00,
	0xf0, 0x00, 0x00, 0xff, 0xff, 0x00, 0x00, 0x0f, 0x00, 0x00, 0x0f, 0x00, 0xff, 0xff, 0xff, 0x00,
	0x00, 0xff, 0xff, 0xff, 0x00, 0x00, 0xff, 0xff, 0xff, 0x00, 0x00, 0x00, 0x00, 0xff, 0xff, 0x00,
	0xf0, 0x00, 0x00, 0xff, 0xff, 0x00, 0x00, 0x0f, 0x00, 0x00, 0x0f, 0x00, 0xff, 0xff, 0xff, 0x00,
	0x00, 0xff, 0xff, 0xff, 0x00, 0x00, 0xff, 0xff, 0xff, 0x00, 0x00, 0x00, 0x00, 0xff, 0xff, 0x00,
	0xf0, 0x00, 0x00, 0xff, 0xff, 0x00, 0x00, 0x0f, 0x00, 0x00, 0x0f, 0x00, 0xff, 0xff, 0xff, 0x00,
	0x00, 0xff, 0xff, 0xff, 0x00, 0x00, 0xff, 0xff, 0xff, 0x00, 0x00, 0x00, 0x00, 0xff, 0xff, 0x00,
	0xf0, 0x00, 0x00, 0xff, 0xff, 0x00, 0x00, 0x0f, 0x00, 0x00, 0x0f, 0x00, 0xff, 0xff, 0xff, 0x00,
	0x00, 0xff, 0xff, 0xff, 0x00, 0x00, 0xff, 0xff, 0xff, 0x00, 0x0f, 0x0f, 0x0f, 0xff, 0xff, 0x00,
	0xf0, 0x0f, 0x00, 0xff, 0xff, 0x00, 0x00, 0x0f, 0x00, 0xf0, 0x0f, 0x00, 0xff, 0xff, 0xff, 0x00,
	0x00, 0xff, 0xff, 0xff, 0x00, 0x00, 0xff, 0xff, 0xff, 0x00, 0x0f, 0x0f, 0x0f, 0xff, 0xff, 0x00,
	0xf0, 0x0f, 0x00, 0xff, 0xff, 0x00, 0x00, 0x0f, 0x00, 0xf0, 0x0f, 0x00, 0xff, 0xff, 0xff, 0x00,
	0x00, 0xff, 0xff, 0xff, 0x00, 0x00, 0xff, 0xff, 0xff, 0x00, 0x0f, 0x0f, 0x0f, 0xff, 0xff, 0x00,
	0xf0, 0x0f, 0x00, 0xff, 0xff, 0x00, 0x00, 0x0f, 0x00, 0xf0, 0x0f, 0x00, 0xff, 0xff, 0xff, 0x00,
	0x00, 0xff, 0xff, 0xff, 0x00, 0x00, 0xff, 0xff, 0xff, 0x00, 0x0f, 0x0f, 0x0f, 0xff, 0xff, 0x00,
	0xf0, 0x0f, 0x00, 0xff, 0xff, 0x00, 0x00, 0x0f, 0x00, 0xf0, 0x0f, 0x00, 0xff, 0xff, 0xff, 0x00,
	0x00, 0xff, 0xff, 0xff, 0x00, 0x00, 0xff, 0xff, 0xff, 0x00, 0x0f, 0x0f, 0x0f, 0xff, 0xff, 0x00,
	0xf0, 0x0f, 0x00, 0xff, 0xff, 0x00, 0x00, 0x0f, 0x00, 0xf0, 0x0f, 0x00, 0xff, 0xff, 0xff, 0x00,
	0x00, 0xff, 0xff, 0xff, 0x00, 0x00, 0xff, 0xff, 0xff, 0x00, 0x0f, 0x0f, 0x0f, 0xff, 0xff, 0x00,
	0xf0, 0x0f, 0x00, 0xff, 0xff, 0x00, 0x00, 0x0f, 0x00, 0xf0, 0x0f, 0x00, 0xff, 0xff, 0xff, 0x00,
	0x00, 0xff, 0xff, 0xff, 0x00, 0x00, 0xff, 0xff, 0xff, 0x00, 0x0f, 0x0f, 0x0f, 0xff, 0xff, 0x00,
	0xf0, 0x0f, 0x00, 0xff, 0xff, 0x00, 0x00, 0x0f, 0x00, 0xf0, 0x0f, 0x00, 0xff, 0xff, 0xff, 0x00,
	0x00, 0xff, 0xff, 0xff, 0x00, 0x00, 0xff, 0xff, 0xff, 0x00, 0x0f, 0x0f, 0x0f, 0xff, 0xff, 0x00,
	0xf0, 0x0f, 0x00, 0xff, 0xff, 0x00, 0x00, 0x0f, 0x00, 0xf0, 0x0f, 0x00, 0xff, 0xff, 0xff, 0x00,
	0x00, 0xff, 0xff, 0xff, 0x00, 0x00, 0xff, 0xff, 0xff, 0x00, 0x0f, 0x0f, 0x0f, 0xff, 0xff, 0x00,
	0xf0, 0x0f, 0x00, 0xff, 0xff, 0x00, 0x00, 0x0f, 0x00, 0xf0, 0x0f, 0x00, 0xff, 0xff, 0xff, 0x00,
	0x00, 0xff, 0xff, 0xff, 0x00, 0x00, 0xff, 0xff, 0xff, 0x00, 0x0f, 0x0f, 0x0f, 0xff, 0xff, 0x00,
	0xf0, 0x0f, 0x00, 0xff, 0xff, 0x00, 0x00, 0x0f, 0x00, 0xf0, 0x0f, 0x00, 0xff, 0xff, 0xff, 0x00,
	0x0f, 0xff, 0xff, 0xff, 0x00, 0xf0, 0xff, 0xff, 0xff, 0x0f, 0x0f, 0x0f, 0x0f, 0xff, 0xff, 0x0f,
	0xf0, 0x0f, 0x00, 0xff, 0xff, 0x00, 0x0f, 0x0f, 0x00, 0xf0, 0x0f, 0x00, 0xff, 0xff, 0xff, 0x00,
	0x0f, 0xff, 0xff, 0xff, 0x00, 0xf0, 0xff, 0xff, 0xff, 0x0f, 0x0f, 0x0f, 0x0f, 0xff, 0xff, 0x0f,
	0xf0, 0x0f, 0x00, 0xff, 0xff, 0x00, 0x0f, 0x0f, 0x00, 0xf0, 0x0f, 0x00, 0xff, 0xff, 0xff, 0x00,
	0x0f, 0xff, 0xff, 0xff, 0x00, 0xf0, 0xff, 0xff, 0xff, 0x0f, 0x0f, 0x0f, 0x0f, 0xff, 0xff, 0x0f,
	0xf0, 0x0f, 0x00, 0xff, 0xff, 0x00, 0x0f, 0x0f, 0x00, 0xf0, 0x0f, 0x00, 0xff, 0xff, 0xff, 0x00,
	0x0f, 0xff, 0xff, 0xff, 0x00, 0xf0, 0xff, 0xff, 0xff, 0x0f, 0x0f, 0x0f, 0x0f, 0xff, 0xff, 0x0f,
	0xf0, 0x0f, 0x00, 0xff, 0xff, 0x00, 0x0f, 0x0f, 0x00, 0xf0, 0x0f, 0x00, 0xff, 0xff, 0xff, 0x00,
	0x0f, 0xff, 0xff, 0xff, 0x00, 0xf0, 0xff, 0xff, 0xff, 0x0f, 0x0f, 0x0f, 0x0f, 0xff, 0xff, 0x0f,
	0xf0, 0x0f, 0x00, 0xff, 0xff, 0x00, 0x0f, 0x0f, 0x00, 0xf0, 0x0f, 0x00, 0xff, 0xff, 0xff, 0x00,
	0x0f, 0xff, 0xff, 0xff, 0x00, 0xf0, 0xff, 0xff, 0xff, 0x0f, 0x0f, 0x0f, 0x0f, 0xff, 0xff, 0x0f,
	0xf0, 0x0f, 0x00, 0xff, 0xff, 0x00, 0x0f, 0x0f, 0x00, 0xf0, 0x0f, 0x00, 0xff, 0xff, 0xff, 0x00,
	0x0f, 0xff, 0xff, 0xff, 0x00, 0xf0, 0xff, 0xff, 0xff, 0x0f, 0x0f, 0x0f, 0x0f, 0xff, 0xff, 0x0f,
	0xf0, 0x0f, 0x00, 0xff, 0xff, 0x00, 0x0f, 0x0f, 0x00, 0xf0, 0x0f, 0x00, 0xff, 0xff, 0xff, 0x00,
	0x0f, 0xff, 0xff, 0xff, 0x00, 0xf0, 0xff, 0xff, 0xff, 0x0f, 0x0f, 0x0f, 0x0f, 0xff, 0xff, 0x0f,
	0xf0, 0x0f, 0x00, 0xff, 0xff, 0x00, 0x0f, 0x0f, 0x00, 0xf0, 0x0f, 0x00, 0xff, 0xff, 0xff, 0x00,
	0x0f, 0xff, 0xff, 0xff, 0x00, 0xf0, 0xff, 0xff, 0xff, 0x0f, 0x0f, 0x0f, 0x0f, 0xff, 0xff, 0x0f,
	0xf0, 0x0f, 0x00, 0xff, 0xff, 0x00, 0x0f, 0x0f, 0x00, 0xf0, 0x0f, 0x00, 0xff, 0xff, 0xff, 0x00,
	0x0f, 0xff, 0xff, 0xff, 0x00, 0xf0, 0xff, 0xff, 0xff, 0x0f, 0x0f, 0x0f, 0x0f, 0xff, 0xff, 0x0f,
	0xf0, 0x0f, 0x00, 0xff, 0xff, 0x00, 0x0f, 0x0f, 0x00, 0xf0, 0x0f, 0x00, 0xff, 0xff, 0xff, 0x00,
	0xff, 0xff, 0xff, 0xff, 0x0f, 0xf0, 0xff, 0xff, 0xff, 0x0f, 0x0f, 0x0f, 0x0f, 0xff, 0xff, 0x0f,
	0xf0, 0x0f, 0xf0, 0xff, 0xff, 0xff, 0x0f, 0x0f, 0x0f, 0xf0, 0x0f, 0x0f, 0xff, 0xff, 0xff, 0x0f,
	0xff, 0xff, 0xff, 0xff, 0x0f, 0xf0, 0xff, 0xff, 0xff, 0x0f, 0x0f, 0x0f, 0x0f, 0xff, 0xff, 0x0f,
	0xf0, 0x0f, 0xf0, 0xff, 0xff, 0xff, 0x0f, 0x0f, 0x0f, 0xf0, 0x0f, 0x0f, 0xff, 0xff, 0xff, 0x0f,
	0xff, 0xff, 0xff, 0xff, 0x0f, 0xf0, 0xff, 0xff, 0xff, 0x0f, 0x0f, 0x0f, 0x0f, 0xff, 0xff, 0x0f,
	0xf0, 0x0f, 0xf0, 0xff, 0xff, 0xff, 0x0f, 0x0f, 0x0f, 0xf0, 0x0f, 0x0f, 0xff, 0xff, 0xff, 0x0f,
	0xff, 0xff, 0xff, 0xff, 0x0f, 0xf0, 0xff, 0xff, 0xff, 0x0f, 0x0f, 0x0f, 0x0f, 0xff, 0xff, 0x0f,
	0xf0, 0x0f, 0xf0, 0xff, 0xff, 0xff, 0x0f, 0x0f, 0x0f, 0xf0, 0x0f, 0x0f, 0xff, 0xff, 0xff, 0x0f,
	0xff, 0xff, 0xff, 0xff, 0x0f, 0xf0, 0xff, 0xff, 0xff, 0x0f, 0x0f, 0x0f, 0x0f, 0xff, 0xff, 0x0f,
	0xf0, 0x0f, 0xf0, 0xff, 0xff, 0xff, 0x0f, 0x0f, 0x0f, 0xf0, 0x0f, 0x0f, 0xff, 0xff, 0xff, 0x0f,
	0xff, 0xff, 0xff, 0xff, 0x0f, 0xf0, 0xff, 0xff, 0xff, 0x0f, 0x0f, 0x0f, 0x0f, 0xff, 0xff, 0x0f,
	0xf0, 0x0f, 0xf0, 0xff, 0xff, 0xff, 0x0f, 0x0f, 0x0f, 0xf0, 0x0f, 0x0f, 0xff, 0xff, 0xff, 0x0f,
	0xff, 0xff, 0xff, 0xff, 0x0f, 0xf0, 0xff, 0xff, 0xff, 0x0f, 0x0f, 0x0f, 0x0f, 0xff, 0xff, 0x0f,
	0xf0, 0x0f, 0xf0, 0xff, 0xff, 0xff, 0x0f, 0x0f, 0x0f, 0xf0, 0x0f, 0x0f, 0xff, 0xff, 0xff, 0x0f,
	0xff, 0xff, 0xff, 0xff, 0x0f, 0xf0, 0xff, 0xff, 0xff, 0x0f, 0x0f, 0x0f, 0x0f, 0xff, 0xff, 0x0f,
	0xf0, 0x0f, 0xf0, 0xff, 0xff, 0xff, 0x0f, 0x0f, 0x0f, 0xf0, 0x0f, 0x0f, 0xff, 0xff, 0xff, 0x0f,
	0xff, 0xff, 0xff, 0xff, 0x0f, 0xf0, 0xff, 0xff, 0xff, 0x0f, 0x0f, 0x0f, 0x0f, 0xff, 0xff, 0x0f,
	0xf0, 0x0f, 0xf0, 0xff, 0xff, 0xff, 0x0f, 0x0f, 0x0f, 0xf0, 0x0f, 0x0f, 0xff, 0xff, 0xff, 0x0f,
	0xff, 0xff, 0xff, 0xff, 0x0f, 0xf0, 0xff, 0xff, 0xff, 0x0f, 0x0f, 0x0f, 0x0f, 0xff, 0xff, 0x0f,
	0xf0, 0x0f, 0xf0, 0xff, 0xff, 0xff, 0x0f, 0x0f, 0x0f, 0xf0, 0x0f, 0x0f, 0xff, 0xff, 0xff, 0x0f,
	0xff, 0xff, 0xff, 0xff, 0xff, 0xff, 0xff, 0xff, 0xff, 0xff, 0xff, 0xff, 0xff, 0xff, 0xff, 0xff,
	0xff, 0xff, 0xff, 0xff, 0xff, 0xff, 0xff, 0xff, 0xff, 0xff, 0xff, 0xff, 0xff, 0xff, 0xff, 0xff,
	0xff, 0xff, 0xff, 0xff, 0xff, 0xff, 0xff, 0xff, 0xff, 0xff, 0xff, 0xff, 0xff, 0xff, 0xff, 0xff,
	0xff, 0xff, 0xff, 0xff, 0xff, 0xff, 0xff, 0xff, 0xff, 0xff, 0xff, 0xff, 0xff, 0xff, 0xff, 0xff,
	0xff, 0xff, 0xff, 0xff, 0xff, 0xff, 0xff, 0xff, 0xff, 0xff, 0xff, 0xff, 0xff, 0xff, 0xff, 0xff,
	0xff, 0xff, 0xff, 0xff, 0xff, 0xff, 0xff, 0xff, 0xff, 0xff, 0xff, 0xff, 0xff, 0xff, 0xff, 0xff,
	0xff, 0xff, 0xff, 0xff, 0xff, 0xff, 0xff, 0xff, 0xff, 0xff, 0xff, 0xff, 0xff, 0xff, 0xff, 0xff,
	0xff, 0xff, 0xff, 0xff, 0xff, 0xff, 0xff, 0xff, 0xff, 0xff, 0xff, 0xff, 0xff, 0xff, 0xff, 0xff,
	0xff, 0xff, 0xff, 0xff, 0xff, 0xff, 0xff, 0xff, 0xff, 0xff, 0xff, 0xff, 0xff, 0xff, 0xff, 0xff,
	0xff, 0xff, 0xff, 0xff, 0xff, 0xff, 0xff, 0xff, 0xff, 0xff, 0xff, 0xff, 0xff, 0xff, 0xff, 0xff,
	0xff, 0xff, 0xff, 0xff, 0xff, 0xff, 0xff, 0xff, 0xff, 0xff, 0xff, 0xff, 0xff, 0xff, 0xff, 0xff,
	0xff, 0xff, 0xff, 0xff, 0xff, 0xff, 0xff, 0xff, 0xff, 0xff, 0xff, 0xff, 0xff, 0xff, 0xff, 0xff,
	0xff, 0xff, 0xff, 0xff, 0xff, 0xff, 0xff, 0xff, 0xff, 0xff, 0xff, 0xff, 0xff, 0xff, 0xff, 0xff,
	0xff, 0xff, 0xff, 0xff, 0xff, 0xff, 0xff, 0xff, 0xff, 0xff, 0xff, 0xff, 0xff, 0xff, 0xff, 0xff,
	0xff, 0xff, 0xff, 0xff, 0xff, 0xff, 0xff, 0xff, 0xff, 0xff, 0xff, 0xff, 0xff, 0xff, 0xff, 0xff,
	0xff, 0xff, 0xff, 0xff, 0xff, 0xff, 0xff, 0xff, 0xff, 0xff, 0xff, 0xff, 0xff, 0xff, 0xff, 0xff,
	0xff, 0xff, 0xff, 0xff, 0xff, 0xff, 0xff, 0xff, 0xff, 0xff, 0xff, 0xff, 0xff, 0xff, 0xff, 0xff,
	0xff, 0xff, 0xff, 0xff, 0xff, 0xff, 0xff, 0xff, 0xff, 0xff, 0xff, 0xff, 0xff, 0xff, 0xff, 0xff,
	0xff, 0xff, 0xff, 0xff, 0xff, 0xff, 0xff, 0xff, 0xff, 0xff, 0xff, 0xff, 0xff, 0xff, 0xff, 0xff,
	0xff, 0xff, 0xff, 0xff, 0xff, 0xff, 0xff, 0xff, 0xff, 0xff, 0xff, 0xff, 0xff, 0xff, 0xff, 0xff,
	0x00, 0x00, 0x00, 0x00, 0x00, 0x00, 0x00, 0x00, 0x00, 0x00, 0x00, 0x00, 0x00, 0x00, 0x00, 0x00,
	0x00, 0x00, 0x00, 0x00, 0x00, 0x00, 0x00, 0x00, 0x00, 0x00, 0x00, 0x00, 0x00, 0x00, 0x00, 0x00,
	0x00, 0x00, 0x00, 0x00, 0x00, 0x00, 0x00, 0x00, 0x00, 0x00, 0x00, 0x00, 0x00, 0x00, 0x00, 0x00,
	0x00, 0x00, 0x00, 0x00, 0x00, 0x00, 0x00, 0x00, 0x00, 0x00, 0x00, 0x00, 0x00, 0x00, 0x00, 0x00,
	0x00, 0x00, 0x00, 0x00, 0x00, 0x00, 0x00, 0x00, 0x00, 0x00, 0x00, 0x00, 0x00, 0x00, 0x00, 0x00,
	0x00, 0x00, 0x00, 0x00, 0x00, 0x00, 0x00, 0x00, 0x00, 0x00, 0x00, 0x00, 0x00, 0x00, 0x00, 0x00,
	0x00, 0x00, 0x00, 0x00, 0x00, 0x00, 0x00, 0x00, 0x00, 0x00, 0x00, 0x00, 0x00, 0x00, 0x00, 0x00,
	0x00, 0x00, 0x00, 0x00, 0x00, 0x00, 0x00, 0x00, 0x00, 0x00, 0x00, 0x00, 0x00, 0x00, 0x00, 0x00,
	0x00, 0x00, 0x00, 0x00, 0x00, 0x00, 0x00, 0x00, 0x00, 0x00, 0x00, 0x00, 0x00, 0x00, 0x00, 0x00,
	0x00, 0x00, 0x00, 0x00, 0x00, 0x00, 0x00, 0x00, 0x00, 0x00, 0x00, 0x00, 0x00, 0x00, 0x00, 0x00,
	0x00, 0x00, 0x00, 0x00, 0x00, 0x00, 0x00, 0x00, 0x00, 0x00, 0x00, 0x00, 0x00, 0x00, 0x00, 0x00,
	0x00, 0x00, 0x00, 0x00, 0x00, 0x00, 0x00, 0x00, 0x00, 0x00, 0x00, 0x00, 0x00, 0x00, 0x00, 0x00,
	0x00, 0x00, 0x00, 0x00, 0x00, 0x00, 0x00, 0x00, 0x00, 0x00, 0x00, 0x00, 0x00, 0x00, 0x00, 0x00,
	0x00, 0x00, 0x00, 0x00, 0x00, 0x00, 0x00, 0x00, 0x00, 0x00, 0x00, 0x00, 0x00, 0x00, 0x00, 0x00,
	0x00, 0x00, 0x00, 0x00, 0x00, 0x00, 0x00, 0x00, 0x00, 0x00, 0x00, 0x00, 0x00, 0x00, 0x00, 0x00,
	0x00, 0x00, 0x00, 0x00, 0x00, 0x00, 0x00, 0x00, 0x00, 0x00, 0x00, 0x00, 0x00, 0x00, 0x00, 0x00,
	0x00, 0x00, 0x00, 0x00, 0x00, 0x00, 0x00, 0x00, 0x00, 0x00, 0x00, 0x00, 0x00, 0x00, 0x00, 0x00,
	0x00, 0x00, 0x00, 0x00, 0x00, 0x00, 0x00, 0x00, 0x00, 0x00, 0x00, 0x00, 0x00, 0x00, 0x00, 0x00,
	0x00, 0x00, 0x00, 0x00, 0x00, 0x00, 0x00, 0x00, 0x00, 0x00, 0x00, 0x00, 0x00, 0x00, 0x00, 0x00,
	0x00, 0x00, 0x00, 0x00, 0x00, 0x00, 0x00, 0x00, 0x00, 0x00, 0x00, 0x00, 0x00, 0x00, 0x00, 0x00,
	0x00, 0x00, 0x00, 0x0f, 0x00, 0x00, 0x00, 0x00, 0x00, 0x00, 0x00, 0x00, 0x00, 0x00, 0x00, 0x00,
	0x00, 0x00, 0x00, 0x0f, 0xff, 0x00, 0x00, 0x0f, 0x0f, 0x00, 0x00, 0x00, 0xf0, 0x00, 0x00, 0x00,
	0x00, 0x00, 0x00, 0x00, 0x00, 0x00, 0x00, 0x00, 0x00, 0x00, 0xff, 0xf0, 0x00, 0x00, 0x00, 0xff,
	0x00, 0x00, 0x00, 0xff, 0x00, 0x00, 0x00, 0x00, 0x00, 0x00, 0xff, 0xf0, 0x00, 0x00, 0xf0, 0x00,
	0xf0, 0x00, 0xff, 0x00, 0x00, 0x0f, 0x00, 0x00, 0x00, 0x00, 0x00, 0xf0, 0x0f, 0x0f, 0xf0, 0x00,
	0x00, 0x00, 0x00, 0x00, 0x00, 0x00, 0x00, 0x00, 0x00, 0x0f, 0x00, 0x00, 0x00, 0x00, 0x00, 0x00,
	0x00, 0x0f, 0x00, 0x00, 0xf0, 0x00, 0x00, 0x0f, 0x00, 0xf0, 0x00, 0x00, 0xff, 0x00, 0x00, 0x00,
	0x00, 0x00, 0x00, 0x00, 0x00, 0x00, 0x00, 0x0f, 0x00, 0x00, 0x00, 0x00, 0x00, 0x00, 0x00, 0x00,
	0x00, 0x00, 0x00, 0x00, 0x00, 0x00, 0x00, 0x00, 0x00, 0x00, 0x00, 0x00, 0x00, 0xf0, 0x00, 0x00,
	0x0f, 0x00, 0x00, 0x00, 0x00, 0x00, 0x00, 0x00, 0x00, 0xf0, 0xff, 0x00, 0x00, 0x00, 0x00, 0x00,
	0x00, 0x0f, 0x00, 0x00, 0xff, 0xf0, 0x00, 0x00, 0x00, 0x00, 0xff, 0x00, 0x00, 0x0f, 0x00, 0x00,
	0xff, 0x00, 0x0f, 0xff, 0x00, 0x0f, 0x00, 0x00, 0x00, 0x00, 0x00, 0x00, 0x00, 0xff, 0x00, 0x00,
	0x00, 0x00, 0x00, 0x00, 0x00, 0x00, 0x00, 0x00, 0x00, 0x00, 0x00, 0x00, 0x00, 0xff, 0x00, 0x00,
	0x00, 0x00, 0xff, 0x00, 0x00, 0x00, 0x00, 0x00, 0x00, 0x00, 0x00, 0xff, 0xf0, 0x00, 0xf0, 0x00,
	0x00, 0x00, 0x0f, 0x00, 0x00, 0x00, 0xff, 0x00, 0x0f, 0x00, 0x0f, 0x0f, 0x00, 0x00, 0x00, 0x00,
	0x00, 0x00, 0x00, 0x00, 0x00, 0x00, 0x00, 0xff, 0x00, 0x00, 0x00, 0x00, 0x00, 0x00, 0x00, 0xf0,
	0x00, 0x00, 0x00, 0x00, 0x00, 0x00, 0x00, 0x00, 0x00, 0x00, 0x00, 0x00, 0x00, 0x00, 0x00, 0x00,
	0x00, 0x00, 0x00, 0x00, 0xf0, 0x00, 0x00, 0x00, 0x00, 0x00, 0x00, 0x00, 0x00, 0x00, 0x0f, 0x00,
	0x00, 0x00, 0x00, 0x00, 0xf0, 0x00, 0x0f, 0xff, 0xff, 0x0f, 0x00, 0x00, 0xf0, 0x0f, 0x00, 0x00,
	0x00, 0x00, 0xf0, 0x00, 0x00, 0x00, 0x00, 0x00, 0x00, 0xff, 0x00, 0x00, 0x00, 0x00, 0x00, 0x00,
	0xff, 0x0f, 0x00, 0x00, 0x00, 0x00, 0x00, 0xf0, 0x00, 0xf0, 0xff, 0xf0, 0x00, 0x00, 0x00, 0x00,
	0x0f, 0xf0, 0xf0, 0x00, 0xf0, 0x00, 0x0f, 0x00, 0xff, 0x00, 0x00, 0x00, 0x00, 0xf0, 0x00, 0x0f,
	0x00, 0x00, 0x00, 0xff, 0x00, 0x00, 0xf0, 0x00, 0x00, 0x00, 0xf0, 0x00, 0x00, 0x00, 0xff, 0xf0,
	0xf0, 0xf0, 0xff, 0x00, 0x0f, 0xff, 0x00, 0x00, 0x00, 0x00, 0x00, 0x00, 0x00, 0x00, 0x00, 0x00,
	0x00, 0xf0, 0x00, 0xff, 0x00, 0x00, 0x00, 0xf0, 0xf0, 0x00, 0x00, 0x0f, 0x00, 0x00, 0x00, 0x0f,
	0xf0, 0x00, 0xf0, 0x00, 0x0f, 0x00, 0x0f, 0x00, 0x00, 0x0f, 0x00, 0x0f, 0x00, 0x00, 0xf0, 0x0f,
	0x00, 0x00, 0x00, 0x00, 0x00, 0xff, 0x00, 0x00, 0x0f, 0x00, 0x00, 0x00, 0xf0, 0x00, 0x00, 0x00,
	0x00, 0xff, 0x00, 0x00, 0x00, 0xf0, 0x00, 0x00, 0x00, 0x00, 0xf0, 0x00, 0xf0, 0x00, 0x00, 0x00,
	0x00, 0xff, 0x00, 0x00, 0x00, 0x00, 0x00, 0x00, 0x0f, 0x0f, 0x00, 0x00, 0x00, 0x00, 0x00, 0x00,
	0x00, 0xff, 0x0f, 0xff, 0x00, 0x00, 0x00, 0x0f, 0x00, 0x00, 0x00, 0x00, 0x00, 0x00, 0x00, 0x00,
	0xff, 0x00, 0x00, 0xff, 0xf0, 0xf0, 0x00, 0x00, 0x0f, 0xf0, 0x00, 0x00, 0x00, 0x00, 0x0f, 0x00,
	0xff, 0x00, 0x0f, 0xff, 0x00, 0xff, 0x00, 0xff, 0x00, 0x00, 0x00, 0x00, 0x0f, 0x0f, 0x00, 0x00,
	0x0f, 0xff, 0x0f, 0x00, 0xff, 0x00, 0x00, 0xf0, 0x00, 0x00, 0x00, 0x00, 0x00, 0x00, 0xff, 0x00,
	0x00, 0x00, 0x00, 0x0f, 0x00, 0x0f, 0x00, 0x00, 0x00, 0x00, 0x00, 0x0f, 0xf0, 0xff, 0x00, 0x0f,
	0x00, 0x00, 0x0f, 0x00, 0xf0, 0x00, 0xff, 0xff, 0x00, 0xff, 0xff, 0x00, 0x00, 0xf0, 0x00, 0x00,
	0xff, 0x00, 0x00, 0xf0, 0x0f, 0x00, 0xf0, 0x0f, 0x00, 0x00, 0xf0, 0xff, 0xff, 0x00, 0x00, 0x00,
	0x00, 0x0f, 0x00, 0x0f, 0x0f, 0xf0, 0x00, 0x00, 0x00, 0xf0, 0x00, 0xf0, 0x0f, 0x00, 0x00, 0x00,
	0x00, 0x00, 0x00, 0x00, 0x0f, 0x0f, 0x00, 0x00, 0x00, 0x00, 0x00, 0xff, 0x0f, 0xff, 0x00, 0x00,
	0xf0, 0x00, 0x00, 0x00, 0x00, 0x00, 0x00, 0x00, 0x00, 0x00, 0x00, 0x0f, 0xf0, 0x0f, 0xff, 0xff,
	0x00, 0x00, 0x00, 0x00, 0x00, 0x00, 0x00, 0x00, 0x00, 0x00, 0x00, 0x00, 0xf0, 0x00, 0x00, 0x00,
	0x0f, 0x0f, 0x0f, 0xff, 0x00, 0xff, 0x00, 0xf0, 0x00, 0xf0, 0x0f, 0xff, 0xf0, 0x00, 0x00, 0x00,
	0xff, 0xff, 0x0f, 0x00, 0xf0, 0x0f, 0xff, 0xff, 0x00, 0x00, 0x00, 0x0f, 0xff, 0x0f, 0xf0, 0x00,
	0xf0, 0xff, 0x0f, 0x00, 0x00, 0xf0, 0x0f, 0x00, 0x00, 0xf0, 0x0f, 0x00, 0x00, 0x00, 0x00, 0x00,
	0xff, 0xff, 0xff, 0x00, 0x00, 0x0f, 0x00, 0x00, 0xff, 0xf0, 0x00, 0xf0, 0xf0, 0xff, 0xff, 0x0f,
	0xf0, 0x00, 0xf0, 0x00, 0xff, 0xff, 0x00, 0x00, 0x00, 0x0f, 0xf0, 0x00, 0xf0, 0x00, 0xf0, 0x00,
	0xff, 0xf0, 0xf0, 0xf0, 0x00, 0xf0, 0xff, 0x00, 0x0f, 0xf0, 0x00, 0xff, 0x00, 0xff, 0x00, 0xff,
	0x00, 0x00, 0x00, 0xf0, 0x00, 0x00, 0xff, 0x00, 0x00, 0x0f, 0x00, 0x0f, 0xff, 0x0f, 0xf0, 0xff,
	0x00, 0x00, 0x00, 0x0f, 0x00, 0xff, 0x0f, 0xf0, 0xff, 0xff, 0x00, 0xff, 0x00, 0xf0, 0xf0, 0x00,
	0x00, 0x00, 0x0f, 0xff, 0xff, 0x0f, 0x00, 0x00, 0x00, 0x00, 0xf0, 0xff, 0xf0, 0xff, 0x00, 0x00,
	0xff, 0x0f, 0x00, 0x00, 0x00, 0x0f, 0x00, 0x00, 0xff, 0x00, 0x00, 0x00, 0xff, 0x0f, 0x00, 0x0f,
	0xff, 0x0f, 0x00, 0x00, 0xff, 0x00, 0x00, 0x0f, 0xf0, 0xf0, 0xf0, 0xf0, 0x00, 0xf0, 0x00, 0x00,
	0xff, 0xf0, 0x00, 0xf0, 0x00, 0xf0, 0x00, 0xff, 0x00, 0x00, 0x00, 0x0f, 0x0f, 0x0f, 0xff, 0x00,
	0xff, 0x00, 0x0f, 0xf0, 0x00, 0x00, 0x00, 0xff, 0x00, 0xff, 0xf0, 0x0f, 0x00, 0x00, 0xf0, 0x00,
	0xf0, 0x00, 0x00, 0x00, 0xff, 0xff, 0xf0, 0xf0, 0x00, 0x00, 0x00, 0xff, 0x00, 0x0f, 0xff, 0x00,
	0x00, 0x0f, 0xf0, 0x00, 0x00, 0x0f, 0x00, 0x00, 0x00, 0xff, 0x00, 0x00, 0xf0, 0x00, 0x00, 0xf0,
	0x00, 0x0f, 0x00, 0xf0, 0xff, 0x00, 0x0f, 0x00, 0x00, 0xf0, 0x0f, 0x00, 0xf0, 0x00, 0xf0, 0x00,
	0x00, 0xff, 0x00, 0xf0, 0x00, 0xff, 0xf0, 0x00, 0x00, 0x00, 0x00, 0x0f, 0x00, 0xf0, 0xf0, 0x0f,
	0x0f, 0xf0, 0x00, 0xff, 0x00, 0xf0, 0x00, 0x0f, 0x0f, 0x0f, 0x00, 0x00, 0x00, 0x00, 0x00, 0x00,
	0xf0, 0x00, 0x00, 0x00, 0x00, 0x0f, 0x00, 0x00, 0x00, 0x00, 0x00, 0x00, 0x00, 0x00, 0x00, 0x00,
	0x0f, 0x00, 0xff, 0x00, 0x00, 0x00, 0x00, 0x00, 0xff, 0x00, 0x00, 0x0f, 0x0f, 0x00, 0x00, 0x00,
	0xff, 0x00, 0x00, 0x0f, 0x00, 0xf0, 0x0f, 0x00, 0x00, 0xf0, 0x00, 0x00, 0xf0, 0x0f, 0xf0, 0x00,
	0x00, 0x00, 0x00, 0x00, 0x00, 0x0f, 0xff, 0x00, 0xff, 0x00, 0x0f, 0x0f, 0x00, 0x00, 0x0f, 0x00,
	0xff, 0x0f, 0xff, 0x0f, 0xff, 0x00, 0x0f, 0x00, 0x0f, 0xff, 0x0f, 0x00, 0xff, 0x0f, 0xff, 0x0f,
	0xf0, 0xff, 0x00, 0xf0, 0xf0, 0xff, 0x0f, 0x0f, 0x00, 0x00, 0x0f, 0xf0, 0xff, 0xf0, 0x0f, 0xf0,
	0x00, 0x00, 0xff, 0x00, 0x00, 0xf0, 0xf0, 0x00, 0x00, 0x00, 0x00, 0xf0, 0x00, 0x00, 0x0f, 0xf0,
	0x0f, 0x00, 0xff, 0x00, 0x00, 0xf0, 0x0f, 0x0f, 0xff, 0xff, 0xff, 0xff, 0x0f, 0x00, 0x0f, 0x00,
	0x00, 0x00, 0xff, 0x00, 0xff, 0xf0, 0x00, 0x00, 0x00, 0x00, 0xf0, 0x0f, 0xff, 0xff, 0xff, 0xf0,
	0x0f, 0x00, 0xff, 0x00, 0x00, 0x00, 0x00, 0x00, 0x00, 0xff, 0xf0, 0x0f, 0x00, 0x0f, 0xff, 0xf0,
	0x00, 0x00, 0x00, 0xff, 0x00, 0x00, 0xff, 0xff, 0xff, 0x0f, 0x0f, 0xf0, 0x00, 0xff, 0xf0, 0x00,
	0xf0, 0x00, 0x00, 0xf0, 0x00, 0x00, 0xf0, 0x00, 0x00, 0x00, 0xf0, 0xf0, 0x00, 0x00, 0xff, 0xf0,
	0x00, 0x0f, 0x00, 0x0f, 0xff, 0x0f, 0x00, 0xf0, 0xff, 0xf0, 0x00, 0x00, 0x00, 0xf0, 0x0f, 0x0f,
	0xff, 0xf0, 0x00, 0x00, 0x00, 0xff, 0x0f, 0x00, 0xff, 0xff, 0x00, 0x00, 0x0f, 0x00, 0x00, 0xf0,
	0xff, 0x00, 0xff, 0x00, 0xff, 0x0f, 0x00, 0x00, 0x0f, 0xff, 0xf0, 0x0f, 0x00, 0x00, 0xf0, 0x00,
	0xf0, 0xff, 0xf0, 0x0f, 0xff, 0x00, 0x0f, 0xff, 0xf0, 0x00, 0x00, 0x0f, 0x0f, 0xff, 0xf0, 0xff,
	0x00, 0x0f, 0xff, 0xff, 0xf0, 0x0f, 0x00, 0x0f, 0x00, 0x00, 0x00, 0x00, 0xff, 0xf0, 0x0f, 0xff,
	0xff, 0xff, 0xff, 0x00, 0xff, 0x0f, 0xf0, 0xff, 0x00, 0xf0, 0x0f, 0xf0, 0xf0, 0xff, 0x0f, 0x00,
	0xff, 0xf0, 0xf0, 0x0f, 0xf0, 0x00, 0xff, 0x00, 0x00, 0x00, 0x0f, 0x0f, 0x00, 0xff, 0x00, 0xf0,
	0x00, 0x00, 0xf0, 0xf0, 0xff, 0xff, 0xff, 0xff, 0x00, 0x00, 0x00, 0x0f, 0x00, 0xff, 0x00, 0xf0,
	0x00, 0x00, 0xf0, 0x0f, 0x00, 0xff, 0xff, 0x0f, 0xf0, 0x00, 0xff, 0xff, 0x00, 0xff, 0xff, 0xf0,
	0xf0, 0x00, 0x00, 0x00, 0xf0, 0xf0, 0x00, 0xf0, 0x00, 0xff, 0x00, 0x0f, 0xff, 0xff, 0x00, 0xff,
	0x00, 0x0f, 0xf0, 0x00, 0xff, 0x0f, 0x0f, 0xff, 0xff, 0xff, 0x00, 0xff, 0xff, 0x00, 0x0f, 0x0f,
	0x0f, 0xf0, 0x0f, 0xff, 0x0f, 0xff, 0x0f, 0xf0, 0xf0, 0x00, 0x0f, 0x00, 0x00, 0xf0, 0xff, 0xff,
	0x00, 0x0f, 0xf0, 0xff, 0xff, 0xf0, 0xf0, 0xf0, 0x0f, 0x0f, 0xff, 0xff, 0xff, 0x0f, 0xff, 0x0f,
	0xf0, 0xf0, 0x0f, 0xff, 0xf0, 0xf0, 0xf0, 0xf0, 0x0f, 0xf0, 0xff, 0x0f, 0xf0, 0x00, 0x0f, 0xff,
	0x00, 0xf0, 0x00, 0xf0, 0x0f, 0xff, 0x00, 0xf0, 0xff, 0x0f, 0xf0, 0x00, 0xff, 0x0f, 0xff, 0xff,
	0x0f, 0x00, 0x00, 0xf0, 0x0f, 0x00, 0xff, 0x0f, 0xf0, 0xf0, 0xff, 0xff, 0x00, 0xff, 0xf0, 0xf0,
	0x00, 0xf0, 0xff, 0xff, 0x0f, 0x0f, 0x00, 0x0f, 0xff, 0x0f, 0xff, 0xff, 0xff, 0xff, 0x00, 0xf0,
	0xf0, 0xf0, 0x00, 0x00, 0xf0, 0xff, 0xff, 0xff, 0xff, 0x0f, 0x0f, 0xff, 0x0f, 0x0f, 0xff, 0x00,
	0x00, 0xf0, 0x0f, 0x0f, 0x00, 0xf0, 0xf0, 0x0f, 0x00, 0x00, 0xff, 0xf0, 0xf0, 0x0f, 0x00, 0x00,
	0xff, 0xff, 0xf0, 0xf0, 0x00, 0xf0, 0x0f, 0xff, 0xf0, 0xff, 0x0f, 0xf0, 0x00, 0x0f, 0xff, 0xf0,
	0xff, 0x0f, 0xf0, 0xf0, 0xf0, 0xff, 0xf0, 0x0f, 0x00, 0x0f, 0xff, 0xf0, 0xf0, 0x0f, 0xff, 0xff,
	0x0f, 0x0f, 0x00, 0x00, 0x00, 0x0f, 0x0f, 0xff, 0x0f, 0x00, 0xff, 0x0f, 0xf0, 0xf0, 0xff, 0xf0,
	0x00, 0x00, 0xf0, 0xf0, 0xff, 0x0f, 0x00, 0xff, 0x00, 0xf0, 0x00, 0xf0, 0x00, 0x00, 0xff, 0x00,
	0x0f, 0x0f, 0x0f, 0x00, 0x0f, 0xf0, 0x00, 0x00, 0x00, 0xff, 0xff, 0xf0, 0x00, 0xff, 0x00, 0xf0,
	0x00, 0xff, 0xff, 0x0f, 0xff, 0x00, 0x00, 0x0f, 0xff, 0x0f, 0xff, 0xff, 0xf0, 0xf0, 0xff, 0xff,
	0x0f, 0xff, 0xff, 0xf0, 0xf0, 0x0f, 0xff, 0xff, 0xf0, 0xf0, 0x0f, 0x0f, 0xf0, 0xff, 0xff, 0x00,
	0xff, 0xf0, 0x00, 0xff, 0xff, 0xf0, 0xf0, 0x0f, 0x0f, 0xf0, 0xf0, 0xf0, 0xf0, 0xf0, 0xff, 0xff,
	0xf0, 0x0f, 0x0f, 0xf0, 0xf0, 0xff, 0x0f, 0x00, 0x00, 0x0f, 0xff, 0xf0, 0x0f, 0xff, 0xf0, 0x0f,
	0x0f, 0x00, 0xff, 0x00, 0x0f, 0x0f, 0xf0, 0x0f, 0x00, 0xff, 0x0f, 0xff, 0xff, 0xff, 0xff, 0x0f,
	0xf0, 0xff, 0x00, 0xff, 0xff, 0x00, 0x0f, 0xff, 0xff, 0xff, 0xf0, 0x00, 0x0f, 0xff, 0xf0, 0x00,
	0xf0, 0xff, 0xff, 0xff, 0xf0, 0xf0, 0x0f, 0xff, 0xf0, 0xf0, 0xff, 0x0f, 0xf0, 0x0f, 0xff, 0xf0,
	0xf0, 0xff, 0xff, 0x0f, 0x0f, 0xff, 0xff, 0xff, 0x0f, 0xf0, 0xff, 0xff, 0x0f, 0xff, 0x0f, 0x00,
	0x00, 0xf0, 0x0f, 0xf0, 0xf0, 0xf0, 0xff, 0xf0, 0x0f, 0x00, 0xff, 0xf0, 0x00, 0xf0, 0xf0, 0xf0,
	0xff, 0xff, 0x00, 0x0f, 0x0f, 0x0f, 0x0f, 0x0f, 0x0f, 0xff, 0xf0, 0xf0, 0x0f, 0x00, 0x00, 0xf0,
	0xff, 0xf0, 0x00, 0x0f, 0x0f, 0xff, 0xff, 0xf0, 0xff, 0xff, 0xff, 0xf0, 0xff, 0x0f, 0xff, 0x00,
	0xff, 0xf0, 0xff, 0xff, 0xff, 0x0f, 0x0f, 0xf0, 0x0f, 0xff, 0x0f, 0xff, 0xff, 0xf0, 0xff, 0xf0,
	0xf0, 0xff, 0xf0, 0x0f, 0xf0, 0x00, 0xf0, 0x00, 0xf0, 0xff, 0xff, 0x0f, 0xf0, 0xff, 0xff, 0xff,
	0xff, 0xff, 0xff, 0xf0, 0xff, 0x00, 0xf0, 0x0f, 0x0f, 0xf0, 0xff, 0xf0, 0xff, 0xff, 0xf0, 0xf0,
	0x0f, 0x0f, 0xf0, 0x0f, 0xff, 0xf0, 0xf0, 0xf0, 0x0f, 0xf0, 0x00, 0x00, 0xf0, 0xff, 0xf0, 0xf0,
	0xf0, 0x0f, 0x0f, 0x0f, 0xff, 0xff, 0xf0, 0xf0, 0xff, 0xff, 0xff, 0xff, 0xf0, 0x0f, 0xff, 0x0f,
	0x0f, 0x00, 0x0f, 0x0f, 0xf0, 0xff, 0xf0, 0xf0, 0xf0, 0x0f, 0x0f, 0x0f, 0x0f, 0xf0, 0xf0, 0xf0,
	0x00, 0xf0, 0x0f, 0xf0, 0xf0, 0x0f, 0xff, 0xf0, 0xff, 0xf0, 0xf0, 0xf0, 0x0f, 0xf0, 0x00, 0xf0,
	0xff, 0xff, 0xf0, 0x00, 0x0f, 0xf0, 0xf0, 0xf0, 0xff, 0x0f, 0xf0, 0x0f, 0x0f, 0x00, 0x00, 0x0f,
	0xff, 0x0f, 0x0f, 0xff, 0x0f, 0xf0, 0xff, 0x0f, 0xf0, 0xf0, 0xff, 0xff, 0x0f, 0xf0, 0xff, 0xff,
	0x0f, 0x00, 0x0f, 0x0f, 0xf0, 0x0f, 0xff, 0xff, 0xf0, 0x0f, 0xf0, 0xf0, 0x00, 0x0f, 0x00, 0xf0,
	0x00, 0xf0, 0x00, 0x00, 0xff, 0x0f, 0xf0, 0xf0, 0xff, 0xff, 0xf0, 0xff, 0x0f, 0x0f, 0x0f, 0x0f,
	0xff, 0x0f, 0x0f, 0x00, 0x0f, 0xf0, 0xf0, 0xff, 0xf0, 0xf0, 0xf0, 0x0f, 0xff, 0x00, 0xff, 0x0f,
	0x0f, 0x00, 0x0f, 0xff, 0x0f, 0x0f, 0xf0, 0xf0, 0x00, 0xf0, 0x0f, 0xff, 0xf0, 0xff, 0xf0, 0x0f,
	0x0f, 0xf0, 0xff, 0x0f, 0xff, 0xff, 0xff, 0xff, 0xff, 0x0f, 0xff, 0x0f, 0x0f, 0x0f, 0x00, 0xff,
	0xf0, 0xf0, 0xff, 0xf0, 0xf0, 0x0f, 0x0f, 0x00, 0xf0, 0xff, 0x0f, 0xff, 0x0f, 0x0f, 0xff, 0x0f,
	0xff, 0xff, 0xff, 0xff, 0xff, 0xff, 0xff, 0xff, 0xff, 0xff, 0xff, 0xff, 0xff, 0xff, 0xff, 0xff,
	0xff, 0xff, 0xff, 0xff, 0xff, 0xff, 0xff, 0xff, 0xff, 0xff, 0xff, 0xff, 0xff, 0xff, 0xff, 0xff,
	0xff, 0xff, 0xff, 0xff, 0xff, 0xff, 0xff, 0xff, 0xff, 0xff, 0xff, 0xff, 0xff, 0xff, 0xff, 0xff,
	0xff, 0xff, 0xff, 0xff, 0xff, 0xff, 0xff, 0xff, 0xff, 0xff, 0xff, 0xff, 0xff, 0xff, 0xff, 0xff,
	0xff, 0xff, 0xff, 0xff, 0xff, 0xff, 0xff, 0xff, 0xff, 0xff, 0xff, 0xff, 0xff, 0xff, 0xff, 0xff,
	0xff, 0xff, 0xff, 0xff, 0xff, 0xff, 0xff, 0xff, 0xff, 0xff, 0xff, 0xff, 0xff, 0xff, 0xff, 0xff,
	0xff, 0xff, 0xff, 0xff, 0xff, 0xff, 0xff, 0xff, 0xff, 0xff, 0xff, 0xff, 0xff, 0xff, 0xff, 0xff,
	0xff, 0xff, 0xff, 0xff, 0xff, 0xff, 0xff, 0xff, 0xff, 0xff, 0xff, 0xff, 0xff, 0xff, 0xff, 0xff,
	0xff, 0xff, 0xff, 0xff, 0xff, 0xff, 0xff, 0xff, 0xff, 0xff, 0xff, 0xff, 0xff, 0xff, 0xff, 0xff,
	0xff, 0xff, 0xff, 0xff, 0xff, 0xff, 0xff, 0xff, 0xff, 0xff, 0xff, 0xff, 0xff, 0xff, 0xff, 0xff,
	0xff, 0xff, 0xff, 0xff, 0xff, 0xff, 0xff, 0xff, 0xff, 0xff, 0xff, 0xff, 0xff, 0xff, 0xff, 0xff,
	0xff, 0xff, 0xff, 0xff, 0xff, 0xff, 0xff, 0xff, 0xff, 0xff, 0xff, 0xff, 0xff, 0xff, 0xff, 0xff,
	0xff, 0xff, 0xff, 0xff, 0xff, 0xff, 0xff, 0xff, 0xff, 0xff, 0xff, 0xff, 0xff, 0xff, 0xff, 0xff,
	0xff, 0xff, 0xff, 0xff, 0xff, 0xff, 0xff, 0xff, 0xff, 0xff, 0xff, 0xff, 0xff, 0xff, 0xff, 0xff,
	0xff, 0xff, 0xff, 0xff, 0xff, 0xff, 0xff, 0xff, 0xff, 0xff, 0xff, 0xff, 0xff, 0xff, 0xff, 0xff,
	0xff, 0xff, 0xff, 0xff, 0xff, 0xff, 0xff, 0xff, 0xff, 0xff, 0xff, 0xff, 0xff, 0xff, 0xff, 0xff,
	0xff, 0xff, 0xff, 0xff, 0xff, 0xff, 0xff, 0xff, 0xff, 0xff, 0xff, 0xff, 0xff, 0xff, 0xff, 0xff,
	0xff, 0xff, 0xff, 0xff, 0xff, 0xff, 0xff, 0xff, 0xff, 0xff, 0xff, 0xff, 0xff, 0xff, 0xff, 0xff,
	0xff, 0xff, 0xff, 0xff, 0xff, 0xff, 0xff, 0xff, 0xff, 0xff, 0xff, 0xff, 0xff, 0xff, 0xff, 0xff,
	0xff, 0xff, 0xff, 0xff, 0xff, 0xff, 0xff, 0xff, 0xff, 0xff, 0xff, 0xff, 0xff, 0xff, 0xff, 0xff,
	0x00, 0x00, 0x00, 0x00, 0x00, 0x00, 0x00, 0x00, 0x00, 0x00, 0x00, 0x00, 0x00, 0x00, 0x00, 0x00,
	0x00, 0x00, 0x00, 0x00, 0x00, 0x00, 0x00, 0x00, 0x00, 0x00, 0x00, 0x00, 0x00, 0x00, 0x00, 0x00,
	0x00, 0x00, 0x00, 0x00, 0x00, 0x00, 0x00, 0x00, 0x00, 0x00, 0x00, 0x00, 0x00, 0x00, 0x00, 0x00,
	0x00, 0x00, 0x00, 0x00, 0x00, 0x00, 0x00, 0x00, 0x00, 0x00, 0x00, 0x00, 0x00, 0x00, 0x00, 0x00,
	0x00, 0x00, 0x00, 0x00, 0x00, 0x00, 0x00, 0x00, 0x00, 0x00, 0x00, 0x00, 0x00, 0x00, 0x00, 0x00,
	0x00, 0x00, 0x00, 0x00, 0x00, 0x00, 0x00, 0x00, 0x00, 0x00, 0x00, 0x00, 0x00, 0x00, 0x00, 0x00,
	0x00, 0x00, 0x00, 0x00, 0x00, 0x00, 0x00, 0x00, 0x00, 0x00, 0x00, 0x00, 0x00, 0x00, 0x00, 0x00,
	0x00, 0x00, 0x00, 0x00, 0x00, 0x00, 0x00, 0x00, 0x00, 0x00, 0x00, 0x00, 0x00, 0x00, 0x00, 0x00,
	0x00, 0x00, 0x00, 0x00, 0x00, 0x00, 0x00, 0x00, 0x00, 0x00, 0x00, 0x00, 0x00, 0x00, 0x00, 0x00,
	0x00, 0x00, 0x00, 0x00, 0x00, 0x00, 0x00, 0x00, 0x00, 0x00, 0x00, 0x00, 0x00, 0x00, 0x00, 0x00,
	0x00, 0x00, 0x00, 0x00, 0x00, 0x00, 0x00, 0x00, 0x00, 0x00, 0x00, 0x00, 0x00, 0x00, 0x00, 0x00,
	0x00, 0x00, 0x00, 0x00, 0x00, 0x00, 0x00, 0x00, 0x00, 0x00, 0x00, 0x00, 0x00, 0x00, 0x00, 0x00,
	0x00, 0x00, 0x00, 0x00, 0x00, 0x00, 0x00, 0x00, 0x00, 0x00, 0x00, 0x00, 0x00, 0x00, 0x00, 0x00,
	0x00, 0x00, 0x00, 0x00, 0x00, 0x00, 0x00, 0x00, 0x00, 0x00, 0x00, 0x00, 0x00, 0x00, 0x00, 0x00,
	0x00, 0x00, 0x00, 0x00, 0x00, 0x00, 0x00, 0x00, 0x00, 0x00, 0x00, 0x00, 0x00, 0x00, 0x00, 0x00,
	0x00, 0x00, 0x00, 0x00, 0x00, 0x00, 0x00, 0x00, 0x00, 0x00, 0x00, 0x00, 0x00, 0x00, 0x00, 0x00,
	0x00, 0x00, 0x00, 0x00, 0x00, 0x00, 0x00, 0x00, 0x00, 0x00, 0x00, 0x00, 0x00, 0x00, 0x00, 0x00,
	0x00, 0x00, 0x00, 0x00, 0x00, 0x00, 0x00, 0x00, 0x00, 0x00, 0x00, 0x00, 0x00, 0x00, 0x00, 0x00,
	0x00, 0x00, 0x00, 0x00, 0x00, 0x00, 0x00, 0x00, 0x00, 0x00, 0x00, 0x00, 0x00, 0x00, 0x00, 0x00,
	0x00, 0x00, 0x00, 0x00, 0x00, 0x00, 0x00, 0x00, 0x00, 0x00, 0x00, 0x00, 0x00, 0x00, 0x00, 0x00,
	0x00, 0x00, 0x00, 0x00, 0x00, 0x00, 0x00, 0x00, 0x00, 0x00, 0x00, 0x00, 0x00, 0xff, 0x00, 0x00,
	0x00, 0x00, 0x00, 0x00, 0x0f, 0x00, 0x00, 0x00, 0xf0, 0x00, 0x00, 0x00, 0x00, 0x00, 0xf0, 0x00,
	0xff, 0x00, 0x00, 0x00, 0x00, 0x00, 0x00, 0x00, 0x00, 0x00, 0x00, 0x00, 0xff, 0x00, 0x00, 0xff,
	0x00, 0x00, 0x00, 0x0f, 0x00, 0x00, 0x00, 0x00, 0x00, 0x00, 0xf0, 0x00, 0x00, 0x00, 0x00, 0x00,
	0x00, 0x00, 0x00, 0x00, 0xff, 0x00, 0x0f, 0x00, 0x00, 0x00, 0x00, 0x00, 0xff, 0x00, 0x00, 0x00,
	0x00, 0x0f, 0x00, 0x00, 0x00, 0x00, 0xf0, 0x00, 0x00, 0x00, 0x00, 0x00, 0x00, 0x00, 0x00, 0x0f,
	0x00, 0x00, 0x00, 0xf0, 0x00, 0x00, 0x0f, 0x00, 0x00, 0x00, 0x00, 0x00, 0x00, 0xf0, 0x00, 0x00,
	0xf0, 0x00, 0xff, 0x00, 0x00, 0xff, 0x00, 0x00, 0x00, 0x00, 0x00, 0x00, 0xff, 0x00, 0x00, 0x00,
	0x00, 0x00, 0xf0, 0x00, 0x00, 0x00, 0x00, 0x0f, 0x00, 0x00, 0xff, 0x00, 0xf0, 0x00, 0x00, 0x00,
	0x00, 0x00, 0x00, 0xf0, 0x00, 0x00, 0x00, 0x00, 0x00, 0x00, 0x00, 0x00, 0x0f, 0x00, 0x00, 0x00,
	0x00, 0x00, 0xff, 0xf0, 0x00, 0x00, 0xff, 0x00, 0x0f, 0x00, 0x0f, 0x00, 0x0f, 0xf0, 0x00, 0xf0,
	0x00, 0x00, 0x00, 0x00, 0xf0, 0x00, 0x0f, 0x00, 0x00, 0xff, 0x00, 0x00, 0xff, 0xf0, 0x00, 0xf0,
	0x00, 0x00, 0x00, 0x00, 0x00, 0xff, 0xff, 0xf0, 0x00, 0x00, 0x00, 0x00, 0x00, 0x00, 0x00, 0x00,
	0x00, 0x00, 0x0f, 0x00, 0x00, 0xf0, 0x00, 0x00, 0x00, 0x00, 0x00, 0x00, 0x00, 0x00, 0x00, 0x00,
	0x00, 0x00, 0x00, 0x00, 0x00, 0x00, 0x00, 0x00, 0x00, 0x00, 0x00, 0xff, 0x00, 0x00, 0x00, 0x00,
	0x0f, 0x0f, 0x00, 0x00, 0x00, 0x00, 0x00, 0x00, 0x0f, 0x00, 0x00, 0x00, 0x0f, 0x00, 0x00, 0x00,
	0x00, 0x00, 0xff, 0x00, 0x00, 0x00, 0x00, 0x00, 0x00, 0x00, 0xf0, 0x00, 0x00, 0x00, 0xf0, 0x00,
	0x00, 0x0f, 0xf0, 0x00, 0x00, 0x00, 0x00, 0x0f, 0x00, 0x00, 0x00, 0x00, 0x00, 0x0f, 0x00, 0x00,
	0x00, 0x00, 0x00, 0x00, 0x00, 0x00, 0x00, 0x00, 0xf0, 0x00, 0x00, 0x00, 0x00, 0x00, 0x00, 0x00,
	0x00, 0x00, 0xf0, 0x00, 0x00, 0x00, 0x00, 0x00, 0x00, 0xf0, 0x0f, 0x00, 0x00, 0x00, 0x00, 0x0f,
	0xf0, 0x0f, 0x00, 0x00, 0xf0, 0x00, 0x00, 0x00, 0x00, 0x00, 0x00, 0xff, 0x00, 0x00, 0xff, 0x00,
	0x00, 0x0f, 0xf0, 0xf0, 0x00, 0x00, 0x00, 0x0f, 0x0f, 0x00, 0x00, 0xf0, 0x00, 0xf0, 0x0f, 0x00,
	0xf0, 0x00, 0x00, 0x00, 0x00, 0x00, 0x00, 0x00, 0x00, 0x00, 0x00, 0x0f, 0x0f, 0x0f, 0x00, 0x00,
	0xf0, 0x00, 0xff, 0x00, 0x00, 0x00, 0xff, 0xff, 0x00, 0x00, 0x00, 0x00, 0xff, 0x00, 0xf0, 0x00,
	0x00, 0x00, 0x00, 0x00, 0x00, 0xff, 0xf0, 0x00, 0x00, 0xff, 0x00, 0x00, 0x00, 0xf0, 0x00, 0x00,
	0x00, 0x0f, 0x0f, 0xff, 0x0f, 0x00, 0x00, 0xf0, 0x00, 0x00, 0x00, 0xff, 0x00, 0x00, 0x00, 0x00,
	0x00, 0x00, 0x0f, 0x00, 0x00, 0x0f, 0x00, 0x0f, 0x0f, 0xf0, 0x00, 0x00, 0x0f, 0xf0, 0x00, 0x00,
	0x00, 0x0f, 0x0f, 0xff, 0x00, 0x00, 0x00, 0x00, 0x00, 0x0f, 0x00, 0x00, 0x00, 0xf0, 0x00, 0x00,
	0x00, 0x00, 0xff, 0x00, 0xf0, 0xff, 0xff, 0x00, 0x00, 0x00, 0xf0, 0xff, 0x0f, 0x0f, 0xf0, 0x00,
	0x0f, 0x00, 0x00, 0x00, 0xf0, 0x00, 0x00, 0x00, 0x0f, 0x0f, 0xf0, 0x00, 0x00, 0x00, 0xf0, 0x00,
	0x00, 0x00, 0x00, 0x00, 0xf0, 0x00, 0x0f, 0x0f, 0xff, 0x0f, 0x00, 0x00, 0x00, 0x00, 0x00, 0x00,
	0xf0, 0x00, 0x00, 0x00, 0x00, 0x00, 0x00, 0x00, 0x00, 0xff, 0x0f, 0x00, 0x00, 0x00, 0x0f, 0xff,
	0x00, 0xff, 0x00, 0x00, 0x00, 0x00, 0x00, 0xf0, 0x00, 0x00, 0x00, 0x00, 0xf0, 0xf0, 0x0f, 0xff,
	0x00, 0x00, 0x00, 0x00, 0x00, 0x00, 0x0f, 0xff, 0x00, 0x00, 0x00, 0x0f, 0xff, 0x00, 0x00, 0x0f,
	0x00, 0x00, 0x00, 0x00, 0xff, 0x00, 0xf0, 0xf0, 0x00, 0x00, 0x00, 0xf0, 0x00, 0x0f, 0x00, 0x00,
	0x00, 0x00, 0x0f, 0x00, 0x0f, 0x00, 0x00, 0x0f, 0xff, 0x00, 0x00, 0x00, 0x00, 0x00, 0xff, 0x00,
	0x00, 0x00, 0x00, 0x00, 0x00, 0x00, 0x00, 0xff, 0x00, 0x00, 0xff, 0x00, 0xf0, 0x00, 0x00, 0xf0,
	0x00, 0x00, 0x0f, 0x00, 0x0f, 0x00, 0x00, 0x00, 0x00, 0x00, 0x00, 0x00, 0xff, 0x00, 0xf0, 0x00,
	0x0f, 0xf0, 0xff, 0x00, 0x00, 0xff, 0x00, 0x00, 0x00, 0x00, 0xf0, 0x00, 0xff, 0x00, 0x00, 0x00,
	0x0f, 0x00, 0xf0, 0x00, 0xff, 0x00, 0x0f, 0x00, 0xff, 0x00, 0x00, 0x00, 0xf0, 0x00, 0x00, 0xf0,
	0x00, 0x00, 0x00, 0x0f, 0x00, 0x00, 0x00, 0x00, 0x00, 0x0f, 0x0f, 0xff, 0x00, 0xf0, 0xf0, 0x00,
	0xff, 0x00, 0x00, 0xf0, 0x0f, 0xf0, 0x00, 0xf0, 0x00, 0x00, 0x00, 0xff, 0x0f, 0x0f, 0xff, 0x00,
	0x0f, 0x00, 0x00, 0xf0, 0x00, 0xf0, 0xff, 0xff, 0x00, 0xff, 0xff, 0x00, 0x00, 0x00, 0xf0, 0x00,
	0x0f, 0x00, 0xf0, 0x00, 0x00, 0xf0, 0xf0, 0x00, 0x00, 0x00, 0x00, 0x0f, 0xff, 0x00, 0x0f, 0xf0,
	0x0f, 0x00, 0xf0, 0x00, 0x0f, 0x0f, 0x0f, 0xf0, 0xf0, 0x00, 0xff, 0x0f, 0xff, 0x00, 0x0f, 0x0f,
	0xf0, 0x00, 0xff, 0xf0, 0x00, 0x00, 0x0f, 0x0f, 0xf0, 0x00, 0x0f, 0x00, 0xf0, 0x00, 0x00, 0x00,
	0x00, 0x00, 0x00, 0x00, 0x00, 0x00, 0x00, 0x00, 0x00, 0x00, 0x00, 0x00, 0x00, 0x00, 0x00, 0xf0,
	0x00, 0x00, 0xf0, 0xff, 0xf0, 0xff, 0xf0, 0x00, 0xff, 0xff, 0x0f, 0xf0, 0x00, 0x00, 0xf0, 0x00,
	0x00, 0xff, 0xff, 0x00, 0x00, 0x00, 0x00, 0x00, 0xf0, 0x00, 0x00, 0xff, 0xf0, 0x00, 0xff, 0x00,
	0x0f, 0xf0, 0xf0, 0xff, 0xf0, 0x00, 0x00, 0x00, 0x00, 0x00, 0xf0, 0xff, 0x00, 0x0f, 0x00, 0x0f,
	0xff, 0x00, 0xf0, 0xff, 0xf0, 0x00, 0xf0, 0x00, 0x00, 0x0f, 0x00, 0x00, 0x00, 0x00, 0x00, 0x00,
	0x00, 0x00, 0x0f, 0x00, 0xff, 0x00, 0xff, 0xff, 0x0f, 0xf0, 0x00, 0x00, 0x00, 0xf0, 0x00, 0x00,
	0x00, 0x00, 0x00, 0x00, 0xff, 0x0f, 0x0f, 0x00, 0x0f, 0xf0, 0x00, 0xff, 0x0f, 0xf0, 0x0f, 0x00,
	0x00, 0x0f, 0x0f, 0x00, 0x00, 0xf0, 0x00, 0x0f, 0xf0, 0x00, 0x00, 0x00, 0x00, 0xff, 0x00, 0x00,
	0x00, 0xf0, 0x00, 0x00, 0x00, 0x0f, 0x00, 0x0f, 0xf0, 0xf0, 0x00, 0xff, 0x00, 0xff, 0x00, 0x00,
	0x00, 0xf0, 0xff, 0x0f, 0x0f, 0x00, 0x00, 0xff, 0x0f, 0xff, 0x00, 0xff, 0x00, 0x00, 0x0f, 0x00,
	0x00, 0xff, 0x00, 0xff, 0xff, 0x00, 0xf0, 0xf0, 0x0f, 0x00, 0x0f, 0x00, 0x00, 0xf0, 0x00, 0x0f,
	0xff, 0xff, 0x0f, 0xff, 0xf0, 0x00, 0x00, 0xff, 0x00, 0xff, 0x00, 0xff, 0x00, 0xf0, 0x0f, 0xff,
	0xff, 0x00, 0x0f, 0x0f, 0xff, 0x00, 0x00, 0x00, 0xf0, 0xf0, 0x00, 0x0f, 0xff, 0x0f, 0x00, 0xff,
	0x00, 0x00, 0x0f, 0x0f, 0x00, 0x0f, 0x00, 0x0f, 0x00, 0x0f, 0x0f, 0x00, 0x00, 0x0f, 0xf0, 0xf0,
	0x00, 0xf0, 0xf0, 0x0f, 0xff, 0x00, 0x0f, 0xf0, 0x00, 0x00, 0x00, 0xf0, 0x00, 0x0f, 0xf0, 0xf0,
	0x00, 0x0f, 0x00, 0x00, 0xff, 0xf0, 0x00, 0xf0, 0x00, 0xff, 0x00, 0xf0, 0x00, 0x00, 0xf0, 0xf0,
	0xff, 0x00, 0x0f, 0x0f, 0xf0, 0xf0, 0xf0, 0x0f, 0x0f, 0x00, 0xff, 0x00, 0xff, 0xff, 0xf0, 0x0f,
	0x0f, 0x0f, 0x00, 0xf0, 0xff, 0x00, 0x00, 0x0f, 0x0f, 0xff, 0x00, 0xff, 0x00, 0xf0, 0x00, 0x00,
	0x0f, 0x0f, 0x00, 0xff, 0xff, 0xf0, 0x00, 0xf0, 0x0f, 0x00, 0xf0, 0x00, 0x00, 0x0f, 0xf0, 0x0f,
	0x0f, 0xff, 0xf0, 0x0f, 0xff, 0x00, 0x00, 0x00, 0xf0, 0x00, 0x00, 0x0f, 0x00, 0x0f, 0xff, 0x00,
	0x00, 0xff, 0xff, 0xf0, 0x00, 0x0f, 0x0f, 0xff, 0x00, 0xff, 0x00, 0x0f, 0x0f, 0xf0, 0xf0, 0x00,
	0x00, 0xf0, 0xf0, 0x00, 0x00, 0xf0, 0xff, 0xf0, 0x00, 0xff, 0xff, 0x00, 0xff, 0xf0, 0x0f, 0x0f,
	0xf0, 0x00, 0xff, 0x00, 0xff, 0xf0, 0x0f, 0x00, 0xf0, 0x00, 0xf0, 0xf0, 0x00, 0xf0, 0x00, 0x00,
	0x00, 0xff, 0xff, 0x00, 0xf0, 0x0f, 0x0f, 0x00, 0x0f, 0x00, 0x00, 0x00, 0x00, 0x00, 0x0f, 0x0f,
	0xf0, 0x00, 0x00, 0xff, 0xff, 0x00, 0x00, 0xf0, 0x0f, 0x0f, 0xff, 0x00, 0xff, 0xf0, 0x00, 0x00,
	0x00, 0xf0, 0x00, 0x00, 0x00, 0x00, 0x00, 0x0f, 0x00, 0x00, 0xf0, 0xf0, 0xf0, 0x0f, 0x00, 0xf0,
	0x00, 0x0f, 0x0f, 0x00, 0x00, 0x0f, 0xf0, 0xff, 0xff, 0x00, 0xf0, 0x00, 0xff, 0x0f, 0x00, 0xf0,
	0x00, 0xf0, 0x0f, 0x0f, 0x00, 0x00, 0x00, 0xf0, 0x00, 0x00, 0x0f, 0x00, 0x0f, 0x00, 0xff, 0xf0,
	0xff, 0xf0, 0xff, 0x00, 0xf0, 0xf0, 0x00, 0x00, 0xff, 0x0f, 0x00, 0x0f, 0x0f, 0x00, 0xf0, 0x00,
	0x00, 0xf0, 0xff, 0xf0, 0xf0, 0xf0, 0x0f, 0x00, 0x0f, 0xf0, 0x00, 0x0f, 0x00, 0xff, 0x00, 0x00,
	0xf0, 0x0f, 0x00, 0x0f, 0x00, 0x0f, 0x00, 0x00, 0x0f, 0x0f, 0xf0, 0x00, 0xff, 0x00, 0x0f, 0xf0,
	0x0f, 0xff, 0x00, 0x00, 0x00, 0xf0, 0x00, 0xff, 0x00, 0x00, 0x00, 0xf0, 0xf0, 0x00, 0xf0, 0x00,
	0xf0, 0x0f, 0x0f, 0x00, 0x0f, 0xff, 0xff, 0xf0, 0x00, 0xff, 0xff, 0xff, 0x00, 0x00, 0x0f, 0xff,
	0x00, 0xff, 0xff, 0xf0, 0x00, 0xf0, 0xf0, 0x00, 0xf0, 0xf0, 0x00, 0x00, 0xff, 0xff, 0xff, 0x00,
	0x00, 0x0f, 0xf0, 0xff, 0x0f, 0xf0, 0xff, 0xf0, 0x0f, 0x0f, 0xf0, 0x0f, 0xf0, 0xf0, 0x00, 0x00,
	0x00, 0xff, 0xf0, 0xf0, 0x0f, 0xff, 0xff, 0xff, 0xf0, 0xf0, 0xf0, 0xf0, 0xff, 0x0f, 0x00, 0xf0,
	0xf0, 0xff, 0xf0, 0xf0, 0x0f, 0x0f, 0xf0, 0x0f, 0xf0, 0xf0, 0x00, 0xf0, 0x00, 0xff, 0xf0, 0xff,
	0x00, 0x00, 0xff, 0xf0, 0x00, 0x0f, 0x0f, 0xff, 0x0f, 0xff, 0x0f, 0x0f, 0x00, 0x0f, 0xff, 0x0f,
	0xf0, 0xff, 0xff, 0xf0, 0x0f, 0x00, 0x00, 0xff, 0xf0, 0x00, 0xff, 0xff, 0xf0, 0xf0, 0x00, 0x0f,
	0xff, 0x00, 0xff, 0x00, 0xf0, 0x0f, 0x00, 0x0f, 0xff, 0xf0, 0xf0, 0xf0, 0x0f, 0xf0, 0xff, 0x00,
	0x0f, 0xf0, 0x00, 0x00, 0x0f, 0xf0, 0x0f, 0x0f, 0xf0, 0x00, 0x00, 0x0f, 0x0f, 0x0f, 0x0f, 0xff,
	0x0f, 0x00, 0x00, 0x0f, 0xf0, 0x0f, 0xf0, 0x00, 0xff, 0x0f, 0x00, 0x00, 0x00, 0x00, 0xf0, 0xff,
	0x00, 0x00, 0xf0, 0x0f, 0xf0, 0x0f, 0xf0, 0x0f, 0x00, 0x00, 0x0f, 0x00, 0xf0, 0x0f, 0x0f, 0xff,
	0xff, 0xf0, 0xf0, 0x0f, 0xf0, 0xff, 0x0f, 0xff, 0xf0, 0x00, 0xf0, 0x00, 0x0f, 0xf0, 0xf0, 0x0f,
	0x00, 0x0f, 0x0f, 0x0f, 0x0f, 0xff, 0x0f, 0xff, 0x0f, 0xff, 0x0f, 0x00, 0x0f, 0x0f, 0xf0, 0x00,
	0x0f, 0x0f, 0x0f, 0xff, 0xf0, 0x00, 0xf0, 0xff, 0x0f, 0xf0, 0xf0, 0x00, 0x0f, 0xf0, 0xff, 0x0f,
	0xf0, 0x00, 0xff, 0x0f, 0xf0, 0x0f, 0x0f, 0xff, 0xff, 0xf0, 0x0f, 0x0f, 0x00, 0xff, 0x00, 0x0f,
	0xff, 0xff, 0xff, 0xf0, 0xf0, 0x0f, 0x00, 0x0f, 0xf0, 0xff, 0xf0, 0x0f, 0x0f, 0x0f, 0x0f, 0xf0,
	0xff, 0xff, 0x0f, 0x0f, 0x00, 0x0f, 0xff, 0xf0, 0x00, 0xf0, 0xff, 0x0f, 0xf0, 0xf0, 0x0f, 0x0f,
	0x0f, 0x00, 0x0f, 0x00, 0xff, 0xf0, 0x00, 0x00, 0xff, 0x00, 0x0f, 0xf0, 0x00, 0xff, 0x0f, 0x0f,
	0x0f, 0xff, 0x0f, 0xf0, 0xf0, 0x0f, 0x00, 0xff, 0x0f, 0xf0, 0xf0, 0x0f, 0x0f, 0x0f, 0x0f, 0xf0,
	0xf0, 0xf0, 0x0f, 0x0f, 0x0f, 0x00, 0x00, 0x00, 0xff, 0xff, 0x0f, 0xf0, 0xff, 0xf0, 0xff, 0x00,
	0x0f, 0x00, 0xf0, 0xf0, 0x0f, 0xff, 0xf0, 0x00, 0xff, 0x0f, 0xf0, 0xff, 0x00, 0xf0, 0xf0, 0xf0,
	0xf0, 0xf0, 0x00, 0x0f, 0xf0, 0xf0, 0xff, 0xff, 0xff, 0xf0, 0x0f, 0xf0, 0xff, 0x00, 0xf0, 0xf0,
	0xff, 0xf0, 0xff, 0xff, 0x00, 0xff, 0xf0, 0xff, 0xff, 0xf0, 0xf0, 0x00, 0x0f, 0x00, 0x00, 0xf0,
	0xff, 0xff, 0xf0, 0xf0, 0xf0, 0x0f, 0xff, 0x0f, 0xf0, 0x0f, 0x0f, 0x0f, 0x0f, 0xff, 0xf0, 0x00,
	0x0f, 0xf0, 0x0f, 0x0f, 0xf0, 0x00, 0xf0, 0xf0, 0x0f, 0x0f, 0xf0, 0xff, 0xf0, 0xf0, 0xff, 0xf0,
	0x0f, 0xf0, 0xff, 0xf0, 0xf0, 0x0f, 0xff, 0x0f, 0x0f, 0x00, 0xff, 0xff, 0xf0, 0xff, 0x0f, 0x0f,
	0xff, 0x0f, 0xff, 0xf0, 0x0f, 0xf0, 0x0f, 0xff, 0x0f, 0x00, 0xf0, 0xff, 0xff, 0xf0, 0x00, 0x0f,
	0xf0, 0x0f, 0xf0, 0xf0, 0xff, 0xff, 0xff, 0xff, 0xf0, 0xf0, 0xf0, 0xf0, 0x00, 0xff, 0xff, 0xf0,
	0xf0, 0xf0, 0xff, 0x0f, 0xf0, 0x0f, 0x0f, 0xff, 0x00, 0xf0, 0xff, 0x0f, 0xff, 0x00, 0x0f, 0xff,
	0xff, 0xff, 0xff, 0xff, 0xf0, 0xf0, 0xf0, 0x00, 0x0f, 0x0f, 0xff, 0xff, 0xf0, 0xf0, 0x0f, 0xff,
	0xf0, 0xf0, 0x0f, 0xff, 0xf0, 0xff, 0xf0, 0x00, 0x0f, 0xf0, 0xff, 0xff, 0x00, 0xff, 0xf0, 0xff,
	0x0f, 0x0f, 0xff, 0xf0, 0xf0, 0xff, 0xf0, 0xf0, 0xff, 0xf0, 0x0f, 0x0f, 0x0f, 0x0f, 0x0f, 0xf0,
	0x0f, 0x0f, 0xf0, 0xf0, 0x00, 0xff, 0x0f, 0x0f, 0xff, 0x0f, 0x0f, 0x00, 0x00, 0xff, 0xff, 0x00,
	0x0f, 0xf0, 0x00, 0xf0, 0x0f, 0xf0, 0xff, 0xff, 0xf0, 0xf0, 0xf0, 0x0f, 0xf0, 0xff, 0xff, 0x0f,
	0xff, 0x0f, 0x0f, 0x0f, 0xf0, 0x00, 0xff, 0xf0, 0xf0, 0x00, 0xf0, 0x0f, 0x0f, 0x0f, 0x0f, 0xff,
	0x0f, 0xf0, 0xff, 0xf0, 0xff, 0xf0, 0xf0, 0xf0, 0xf0, 0xf0, 0xf0, 0x0f, 0xff, 0x0f, 0x00, 0x0f,
	0xf0, 0x00, 0xf0, 0xf0, 0xff, 0x0f, 0x0f, 0xf0, 0x0f, 0x0f, 0x0f, 0xf0, 0x0f, 0x0f, 0xf0, 0x00,
	0xff, 0xff, 0xff, 0xf0, 0xff, 0x0f, 0xff, 0xf0, 0xff, 0x0f, 0xff, 0x0f, 0xf0, 0xff, 0x0f, 0xf0,
	0xff, 0xff, 0x00, 0xf0, 0xff, 0xf0, 0xff, 0xff, 0x0f, 0xff, 0xf0, 0xff, 0x0f, 0x0f, 0xff, 0x0f,
	0xff, 0xff, 0x0f, 0xff, 0x0f, 0xf0, 0xff, 0x0f, 0xf0, 0x0f, 0x0f, 0xff, 0x0f, 0xf0, 0x00, 0xff,
	0x00, 0x0f, 0xff, 0xff, 0xff, 0x00, 0x0f, 0x0f, 0xff, 0xf0, 0xff, 0x0f, 0x0f, 0xff, 0xff, 0x0f,
	0xf0, 0xf0, 0xf0, 0x0f, 0x0f, 0xff, 0x0f, 0xff, 0x0f, 0x0f, 0x0f, 0x00, 0xff, 0x00, 0xff, 0x00,
	0xff, 0xff, 0xff, 0xff, 0xff, 0xff, 0xff, 0xff, 0xff, 0xff, 0xff, 0xff, 0xff, 0xff, 0xff, 0xff,
	0xff, 0xff, 0xff, 0xff, 0xff, 0xff, 0xff, 0xff, 0xff, 0xff, 0xff, 0xff, 0xff, 0xff, 0xff, 0xff,
	0xff, 0xff, 0xff, 0xff, 0xff, 0xff, 0xff, 0xff, 0xff, 0xff, 0xff, 0xff, 0xff, 0xff, 0xff, 0xff,
	0xff, 0xff, 0xff, 0xff, 0xff, 0xff, 0xff, 0xff, 0xff, 0xff, 0xff, 0xff, 0xff, 0xff, 0xff, 0xff,
	0xff, 0xff, 0xff, 0xff, 0xff, 0xff, 0xff, 0xff, 0xff, 0xff, 0xff, 0xff, 0xff, 0xff, 0xff, 0xff,
	0xff, 0xff, 0xff, 0xff, 0xff, 0xff, 0xff, 0xff, 0xff, 0xff, 0xff, 0xff, 0xff, 0xff, 0xff, 0xff,
	0xff, 0xff, 0xff, 0xff, 0xff, 0xff, 0xff, 0xff, 0xff, 0xff, 0xff, 0xff, 0xff, 0xff, 0xff, 0xff,
	0xff, 0xff, 0xff, 0xff, 0xff, 0xff, 0xff, 0xff, 0xff, 0xff, 0xff, 0xff, 0xff, 0xff, 0xff, 0xff,
	0xff, 0xff, 0xff, 0xff, 0xff, 0xff, 0xff, 0xff, 0xff, 0xff, 0xff, 0xff, 0xff, 0xff, 0xff, 0xff,
	0xff, 0xff, 0xff, 0xff, 0xff, 0xff, 0xff, 0xff, 0xff, 0xff, 0xff, 0xff, 0xff, 0xff, 0xff, 0xff,
	0xff, 0xff, 0xff, 0xff, 0xff, 0xff, 0xff, 0xff, 0xff, 0xff, 0xff, 0xff, 0xff, 0xff, 0xff, 0xff,
	0xff, 0xff, 0xff, 0xff, 0xff, 0xff, 0xff, 0xff, 0xff, 0xff, 0xff, 0xff, 0xff, 0xff, 0xff, 0xff,
	0xff, 0xff, 0xff, 0xff, 0xff, 0xff, 0xff, 0xff, 0xff, 0xff, 0xff, 0xff, 0xff, 0xff, 0xff, 0xff,
	0xff, 0xff, 0xff, 0xff, 0xff, 0xff, 0xff, 0xff, 0xff, 0xff, 0xff, 0xff, 0xff, 0xff, 0xff, 0xff,
	0xff, 0xff, 0xff, 0xff, 0xff, 0xff, 0xff, 0xff, 0xff, 0xff, 0xff, 0xff, 0xff, 0xff, 0xff, 0xff,
	0xff, 0xff, 0xff, 0xff, 0xff, 0xff, 0xff, 0xff, 0xff, 0xff, 0xff, 0xff, 0xff, 0xff, 0xff, 0xff,
	0xff, 0xff, 0xff, 0xff, 0xff, 0xff, 0xff, 0xff, 0xff, 0xff, 0xff, 0xff, 0xff, 0xff, 0xff, 0xff,
	0xff, 0xff, 0xff, 0xff, 0xff, 0xff, 0xff, 0xff, 0xff, 0xff, 0xff, 0xff, 0xff, 0xff, 0xff, 0xff,
	0xff, 0xff, 0xff, 0xff, 0xff, 0xff, 0xff, 0xff, 0xff, 0xff, 0xff, 0xff, 0xff, 0xff, 0xff, 0xff,
	0xff, 0xff, 0xff, 0xff, 0xff, 0xff, 0xff, 0xff, 0xff, 0xff, 0xff, 0xff, 0xff, 0xff, 0xff, 0xff,
	0x00, 0x00, 0x00, 0x00, 0x00, 0x00, 0x00, 0x00, 0x00, 0x00, 0x00, 0x00, 0x00, 0x00, 0x00, 0x00,
	0x00, 0x00, 0x00, 0x00, 0x00, 0x00, 0x00, 0x00, 0x00, 0x00, 0x00, 0x00, 0x00, 0x00, 0x00, 0x00,
	0x00, 0x00, 0x00, 0x00, 0x00, 0x00, 0x00, 0x00, 0x00, 0x00, 0x00, 0x00, 0x00, 0x00, 0x00, 0x00,
	0x00, 0x00, 0x00, 0x00, 0x00, 0x00, 0x00, 0x00, 0x00, 0x00, 0x00, 0x00, 0x00, 0x00, 0x00, 0x00,
	0x00, 0x00, 0x00, 0x00, 0x00, 0x00, 0x00, 0x00, 0x00, 0x00, 0x00, 0x00, 0x00, 0x00, 0x00, 0x00,
	0x00, 0x00, 0x00, 0x00, 0x00, 0x00, 0x00, 0x00, 0x00, 0x00, 0x00, 0x00, 0x00, 0x00, 0x00, 0x00,
	0x00, 0x00, 0x00, 0x00, 0x00, 0x00, 0x00, 0x00, 0x00, 0x00, 0x00, 0x00, 0x00, 0x00, 0x00, 0x00,
	0x00, 0x00, 0x00, 0x00, 0x00, 0x00, 0x00, 0x00, 0x00, 0x00, 0x00, 0x00, 0x00, 0x00, 0x00, 0x00,
	0x00, 0x00, 0x00, 0x00, 0x00, 0x00, 0x00, 0x00, 0x00, 0x00, 0x00, 0x00, 0x00, 0x00, 0x00, 0x00,
	0x00, 0x00, 0x00, 0x00, 0x00, 0x00, 0x00, 0x00, 0x00, 0x00, 0x00, 0x00, 0x00, 0x00, 0x00, 0x00,
	0x00, 0x00, 0x00, 0x00, 0x00, 0x00, 0x00, 0x00, 0x00, 0x00, 0x00, 0x00, 0x00, 0x00, 0x00, 0x00,
	0x00, 0x00, 0x00, 0x00, 0x00, 0x00, 0x00, 0x00, 0x00, 0x00, 0x00, 0x00, 0x00, 0x00, 0x00, 0x00,
	0x00, 0x00, 0x00, 0x00, 0x00, 0x00, 0x00, 0x00, 0x00, 0x00, 0x00, 0x00, 0x00, 0x00, 0x00, 0x00,
	0x00, 0x00, 0x00, 0x00, 0x00, 0x00, 0x00, 0x00, 0x00, 0x00, 0x00, 0x00, 0x00, 0x00, 0x00, 0x00,
	0x00, 0x00, 0x00, 0x00, 0x00, 0x00, 0x00, 0x00, 0x00, 0x00, 0x00, 0x00, 0x00, 0x00, 0x00, 0x00,
	0x00, 0x00, 0x00, 0x00, 0x00, 0x00, 0x00, 0x00, 0x00, 0x00, 0x00, 0x00, 0x00, 0x00, 0x00, 0x00,
	0x00, 0x00, 0x00, 0x00, 0x00, 0x00, 0x00, 0x00, 0x00, 0x00, 0x00, 0x00, 0x00, 0x00, 0x00, 0x00,
	0x00, 0x00, 0x00, 0x00, 0x00, 0x00, 0x00, 0x00, 0x00, 0x00, 0x00, 0x00, 0x00, 0x00, 0x00, 0x00,
	0x00, 0x00, 0x00, 0x00, 0x00, 0x00, 0x00, 0x00, 0x00, 0x00, 0x00, 0x00, 0x00, 0x00, 0x00, 0x00,
	0x00, 0x00, 0x00, 0x00, 0x00, 0x00, 0x00, 0x00, 0x00, 0x00, 0x00, 0x00, 0x00, 0x00, 0x00, 0x00,
	0x00, 0xff, 0x00, 0x00, 0x00, 0x00, 0x00, 0x00, 0x00, 0x00, 0x00, 0x00, 0x00, 0xf0, 0x00, 0x00,
	0x00, 0x00, 0x00, 0x00, 0x00, 0xf0, 0x00, 0x00, 0x00, 0x00, 0x00, 0x00, 0x00, 0x00, 0x00, 0x00,
	0x00, 0x00, 0x00, 0x00, 0x00, 0x00, 0x00, 0xf0, 0x00, 0xf0, 0x00, 0x00, 0x00, 0x00, 0x00, 0x00,
	0x00, 0x00, 0x00, 0x00, 0x00, 0x00, 0x00, 0x00, 0x00, 0x00, 0xff, 0x00, 0x00, 0x00, 0x00, 0x00,
	0x00, 0x00, 0xff, 0x00, 0x00, 0x00, 0x00, 0x00, 0xff, 0x00, 0x0f, 0x0f, 0x0f, 0x00, 0x00, 0x00,
	0x00, 0xff, 0x00, 0x00, 0x00, 0x00, 0x00, 0x00, 0xff, 0x00, 0x00, 0x00, 0x00, 0x00, 0x0f, 0x00,
	0x00, 0x00, 0x00, 0x00, 0xff, 0x00, 0x0f, 0x00, 0x00, 0x00, 0xff, 0x00, 0x00, 0x00, 0x00, 0x00,
	0xff, 0x00, 0xff, 0x00, 0x00, 0x00, 0x00, 0x00, 0x0f, 0x00, 0x00, 0xf0, 0x00, 0x00, 0xff, 0x00,
	0x00, 0x00, 0xff, 0x00, 0xf0, 0x00, 0x00, 0x00, 0x00, 0x00, 0x00, 0x00, 0x00, 0x00, 0x00, 0x00,
	0x00, 0x00, 0x0f, 0x00, 0x00, 0xff, 0xff, 0x00, 0x00, 0x00, 0x00, 0x00, 0x00, 0xf0, 0x00, 0x00,
	0x00, 0xff, 0x00, 0x00, 0x00, 0x00, 0x00, 0x00, 0x00, 0x00, 0x00, 0x00, 0xf0, 0x0f, 0x00, 0x00,
	0x00, 0x00, 0x00, 0x00, 0x00, 0x00, 0x00, 0x00, 0x00, 0x00, 0x00, 0x0f, 0x00, 0xff, 0x00, 0x00,
	0xff, 0x00, 0x00, 0x00, 0xf0, 0xf0, 0x00, 0x00, 0xff, 0xf0, 0x00, 0x00, 0x00, 0x00, 0x00, 0xf0,
	0x00, 0x00, 0xf0, 0x00, 0x00, 0x00, 0x00, 0x00, 0x00, 0x00, 0x00, 0x00, 0x00, 0x0f, 0x00, 0xf0,
	0x0f, 0x00, 0x00, 0x0f, 0x00, 0x00, 0x00, 0x00, 0x00, 0x00, 0x00, 0x00, 0x00, 0x00, 0x00, 0x00,
	0x00, 0xff, 0x00, 0x0f, 0x00, 0x00, 0x00, 0x00, 0x0f, 0x00, 0x00, 0xf0, 0x00, 0x00, 0x00, 0x00,
	0x00, 0x0f, 0x00, 0x00, 0x0f, 0x00, 0x00, 0x00, 0x00, 0xf0, 0x00, 0x00, 0x00, 0x00, 0xf0, 0x00,
	0x00, 0x00, 0x00, 0xff, 0x00, 0x00, 0xff, 0x00, 0xf0, 0x00, 0xf0, 0x00, 0x00, 0x00, 0x0f, 0x00,
	0x00, 0xf0, 0x00, 0x00, 0x00, 0x00, 0x00, 0x0f, 0x00, 0x00, 0x00, 0x00, 0xf0, 0x0f, 0x00, 0xf0,
	0x00, 0x00, 0x00, 0x00, 0x00, 0x00, 0x00, 0x00, 0x00, 0xf0, 0x00, 0x00, 0x00, 0x00, 0x00, 0xf0,
	0x00, 0x00, 0x0f, 0x00, 0x00, 0x00, 0x00, 0x00, 0x00, 0x00, 0x00, 0x00, 0x0f, 0x00, 0xff, 0x00,
	0x00, 0x0f, 0xff, 0xf0, 0x0f, 0x00, 0x00, 0x00, 0x00, 0x00, 0x00, 0x0f, 0x00, 0xf0, 0x00, 0xf0,
	0x00, 0x00, 0x00, 0x00, 0x00, 0xff, 0x00, 0x00, 0xf0, 0x00, 0x00, 0x00, 0xff, 0xff, 0x0f, 0x00,
	0xf0, 0xff, 0x00, 0x00, 0x00, 0x00, 0xff, 0x00, 0xf0, 0x00, 0x00, 0xff, 0x00, 0x0f, 0x00, 0xff,
	0x00, 0x00, 0xf0, 0x00, 0xf0, 0x00, 0x00, 0x00, 0x00, 0x0f, 0xf0, 0x00, 0xff, 0xf0, 0xff, 0x00,
	0x00, 0x00, 0x00, 0x00, 0xf0, 0x00, 0x00, 0x00, 0x0f, 0x00, 0xf0, 0xff, 0xf0, 0x00, 0xf0, 0x0f,
	0x00, 0x00, 0xff, 0x00, 0x00, 0x00, 0x00, 0x00, 0x00, 0x00, 0x00, 0x00, 0x0f, 0x00, 0x00, 0x00,
	0x00, 0xf0, 0x00, 0x00, 0x00, 0x00, 0x00, 0xf0, 0x00, 0x00, 0x00, 0x00, 0x00, 0x00, 0x00, 0x0f,
	0x00, 0x00, 0x00, 0x0f, 0x00, 0x00, 0x00, 0x0f, 0xf0, 0xff, 0x00, 0xff, 0xff, 0xf0, 0x00, 0xff,
	0x00, 0x00, 0xf0, 0x00, 0xff, 0x00, 0x00, 0xf0, 0x00, 0x0f, 0x00, 0x00, 0x00, 0x00, 0x00, 0x00,
	0x00, 0x00, 0x00, 0x00, 0x00, 0x00, 0x00, 0x00, 0x00, 0x00, 0x00, 0x0f, 0x00, 0x00, 0x00, 0x00,
	0x00, 0xf0, 0x00, 0xff, 0x00, 0x00, 0x0f, 0xf0, 0xf0, 0x00, 0x00, 0x00, 0x0f, 0xf0, 0x00, 0xf0,
	0x00, 0x00, 0x00, 0x00, 0x00, 0xff, 0x00, 0xff, 0x00, 0xf0, 0xf0, 0x00, 0x00, 0xff, 0x00, 0x00,
	0xf0, 0xff, 0xf0, 0x00, 0x0f, 0x00, 0xf0, 0x00, 0x00, 0x00, 0xff, 0x00, 0x00, 0xff, 0x00, 0x00,
	0xff, 0x0f, 0x00, 0x00, 0xff, 0xf0, 0x00, 0x00, 0x00, 0xff, 0x00, 0x00, 0x00, 0xf0, 0xf0, 0x00,
	0x00, 0x00, 0xf0, 0x00, 0x00, 0x00, 0xff, 0x0f, 0x00, 0xf0, 0xff, 0x00, 0x00, 0xff, 0x00, 0x00,
	0xf0, 0x00, 0x00, 0x00, 0x00, 0x0f, 0x00, 0x00, 0x00, 0x00, 0x00, 0x0f, 0x00, 0x0f, 0xf0, 0x0f,
	0xff, 0x00, 0xf0, 0xff, 0x00, 0x00, 0x00, 0x00, 0x00, 0xff, 0xff, 0x00, 0x0f, 0x00, 0x00, 0x00,
	0x00, 0x00, 0xff, 0xf0, 0x00, 0x00, 0xf0, 0x00, 0x00, 0xf0, 0x00, 0x00, 0xff, 0x00, 0x00, 0xff,
	0xff, 0xf0, 0xf0, 0x0f, 0x00, 0x0f, 0x00, 0x00, 0x00, 0x00, 0xf0, 0x00, 0xf0, 0x00, 0x00, 0x00,
	0xff, 0xf0, 0x00, 0x00, 0x00, 0x00, 0xf0, 0x00, 0x00, 0x00, 0x00, 0x0f, 0xf0, 0x00, 0xf0, 0x00,
	0xff, 0x00, 0xf0, 0xf0, 0xf0, 0x00, 0xff, 0xf0, 0xf0, 0x0f, 0x0f, 0x00, 0x00, 0x00, 0xf0, 0xff,
	0xf0, 0xf0, 0xf0, 0x00, 0xff, 0x00, 0xf0, 0x00, 0x0f, 0x00, 0xf0, 0xf0, 0xf0, 0xff, 0x0f, 0x00,
	0x00, 0x00, 0x00, 0x00, 0x00, 0x00, 0xff, 0x0f, 0xff, 0x0f, 0x00, 0x0f, 0x00, 0x00, 0x0f, 0x00,
	0x00, 0x0f, 0x00, 0x00, 0x00, 0x00, 0x00, 0x00, 0x00, 0xf0, 0xf0, 0x0f, 0xff, 0x00, 0x0f, 0xff,
	0x0f, 0x00, 0x00, 0x00, 0x00, 0xf0, 0x00, 0x0f, 0x00, 0x00, 0x0f, 0x0f, 0xf0, 0x00, 0x00, 0xf0,
	0x0f, 0x0f, 0xf0, 0xff, 0x00, 0xf0, 0x00, 0x00, 0x00, 0x00, 0x00, 0x00, 0x0f, 0xf0, 0xf0, 0x00,
	0xf0, 0xf0, 0x00, 0x0f, 0x00, 0x00, 0xff, 0xff, 0xff, 0x0f, 0x00, 0x0f, 0x00, 0x0f, 0x00, 0x00,
	0x0f, 0x00, 0xff, 0x00, 0x0f, 0x00, 0x00, 0x00, 0x00, 0x00, 0xff, 0x00, 0x00, 0x00, 0xf0, 0x00,
	0x00, 0x00, 0xf0, 0x00, 0x00, 0xff, 0x00, 0x00, 0x00, 0x0f, 0xf0, 0xf0, 0xff, 0x00, 0x0f, 0x00,
	0x0f, 0x00, 0xff, 0x0f, 0xff, 0xf0, 0xf0, 0xf0, 0x00, 0x00, 0xf0, 0x00, 0xff, 0xff, 0x00, 0xff,
	0xf0, 0x0f, 0x00, 0xf0, 0x00, 0x00, 0x00, 0x0f, 0xf0, 0x00, 0x00, 0xf0, 0x00, 0x0f, 0xff, 0xf0,
	0x00, 0xf0, 0xff, 0x00, 0x00, 0x0f, 0xf0, 0x00, 0x00, 0x00, 0xf0, 0xff, 0xf0, 0x00, 0x00, 0x00,
	0xf0, 0x00, 0x00, 0x0f, 0xf0, 0xf0, 0x00, 0x00, 0x00, 0x00, 0xf0, 0x00, 0xff, 0x00, 0x00, 0x00,
	0x0f, 0x0f, 0xf0, 0xf0, 0x00, 0x00, 0x00, 0x00, 0x00, 0xf0, 0xf0, 0xf0, 0x00, 0x00, 0x0f, 0xff,
	0x00, 0x00, 0x00, 0x00, 0x00, 0xf0, 0x00, 0x00, 0x00, 0xff, 0x00, 0x00, 0xf0, 0x0f, 0x00, 0x00,
	0xff, 0x00, 0x00, 0xf0, 0xf0, 0xff, 0x0f, 0x00, 0x0f, 0xf0, 0x0f, 0x00, 0x00, 0xf0, 0x0f, 0xff,
	0x00, 0x00, 0xff, 0xf0, 0xff, 0x00, 0x0f, 0x00, 0x00, 0xff, 0xf0, 0xff, 0x00, 0xff, 0xff, 0x00,
	0xf0, 0xff, 0x00, 0x00, 0xf0, 0x0f, 0x00, 0xff, 0x00, 0x00, 0x00, 0x0f, 0xff, 0x00, 0x00, 0xf0,
	0xf0, 0x00, 0x00, 0x00, 0x0f, 0x00, 0xff, 0xff, 0x00, 0x0f, 0x00, 0x0f, 0xf0, 0x0f, 0x00, 0xff,
	0x00, 0xf0, 0xff, 0x00, 0x0f, 0x00, 0x00, 0x00, 0x00, 0x0f, 0xff, 0x00, 0x00, 0xf0, 0xf0, 0xff,
	0xf0, 0x00, 0xf0, 0xff, 0x0f, 0x0f, 0x0f, 0x00, 0x0f, 0x00, 0x00, 0x0f, 0x0f, 0x0f, 0xff, 0xff,
	0x00, 0x00, 0x00, 0x00, 0x0f, 0x00, 0x00, 0x00, 0x00, 0x00, 0xff, 0x0f, 0x0f, 0x00, 0xf0, 0xf0,
	0x00, 0xff, 0xff, 0x0f, 0x0f, 0xff, 0xff, 0x00, 0xf0, 0xff, 0x00, 0x00, 0x0f, 0x00, 0xff, 0xf0,
	0xff, 0xf0, 0xf0, 0xf0, 0x00, 0x00, 0x00, 0x00, 0xf0, 0x0f, 0xff, 0xf0, 0x0f, 0x0f, 0xff, 0x00,
	0xf0, 0xf0, 0x0f, 0xf0, 0x0f, 0xf0, 0x0f, 0x0f, 0x0f, 0xf0, 0x0f, 0xff, 0x00, 0xff, 0x0f, 0x00,
	0x0f, 0xff, 0x00, 0xf0, 0xff, 0xff, 0xf0, 0xff, 0x0f, 0x00, 0xf0, 0xff, 0xf0, 0x00, 0xf0, 0x0f,
	0xf0, 0x00, 0xff, 0x00, 0x0f, 0x00, 0x0f, 0x00, 0x00, 0x0f, 0x00, 0x00, 0xf0, 0x0f, 0xf0, 0x00,
	0x00, 0x00, 0x00, 0x00, 0x00, 0x0f, 0x0f, 0x00, 0xff, 0xff, 0x00, 0xf0, 0x0f, 0x0f, 0x00, 0xff,
	0xff, 0x00, 0x00, 0x00, 0x0f, 0xff, 0x00, 0x0f, 0x00, 0xff, 0xff, 0x0f, 0x00, 0x00, 0xff, 0x00,
	0x00, 0xf0, 0x0f, 0xf0, 0xf0, 0x00, 0x0f, 0xf0, 0x0f, 0xff, 0x00, 0x00, 0xf0, 0xf0, 0x00, 0xf0,
	0x00, 0x0f, 0xff, 0xf0, 0x00, 0x0f, 0x0f, 0xff, 0x00, 0x00, 0xf0, 0xf0, 0x00, 0x00, 0x0f, 0xff,
	0x00, 0x00, 0xff, 0x00, 0x00, 0x00, 0xf0, 0x0f, 0xf0, 0xff, 0x00, 0xf0, 0x00, 0xff, 0x00, 0xf0,
	0xf0, 0x00, 0xf0, 0xff, 0xff, 0x00, 0x00, 0x0f, 0x00, 0xff, 0x0f, 0xf0, 0x00, 0x00, 0x00, 0xf0,
	0x00, 0xf0, 0x00, 0x0f, 0x0f, 0xf0, 0x00, 0xff, 0xff, 0x00, 0xff, 0x00, 0x0f, 0x00, 0x00, 0xff,
	0xff, 0x00, 0x0f, 0xff, 0x0f, 0x00, 0x0f, 0xf0, 0x00, 0x00, 0x00, 0x00, 0x00, 0xff, 0xff, 0x00,
	0x00, 0x00, 0x0f, 0x0f, 0xf0, 0xff, 0x0f, 0x0f, 0xff, 0x00, 0xf0, 0x00, 0xff, 0x00, 0x00, 0xff,
	0x00, 0x00, 0xf0, 0xff, 0xff, 0x0f, 0xf0, 0xf0, 0x00, 0x00, 0x0f, 0x00, 0xf0, 0x0f, 0x0f, 0x00,
	0xf0, 0x0f, 0xf0, 0xff, 0x00, 0xf0, 0xf0, 0x0f, 0xf0, 0x00, 0x00, 0x00, 0x00, 0xff, 0x00, 0xf0,
	0x00, 0x00, 0x0f, 0x00, 0x0f, 0x00, 0x0f, 0xff, 0x00, 0xff, 0xff, 0xff, 0xf0, 0x00, 0x00, 0x00,
	0xf0, 0x00, 0xf0, 0xff, 0x00, 0xff, 0x00, 0xf0, 0x0f, 0xf0, 0xf0, 0xff, 0xf0, 0xff, 0x0f, 0x0f,
	0x00, 0x0f, 0xff, 0xf0, 0xff, 0xf0, 0x0f, 0xf0, 0xff, 0xff, 0xf0, 0x00, 0x0f, 0xff, 0x00, 0xf0,
	0xff, 0xff, 0x0f, 0x0f, 0xf0, 0xf0, 0x00, 0x0f, 0xf0, 0xff, 0xff, 0x00, 0xff, 0xff, 0xff, 0x00,
	0x00, 0x0f, 0xf0, 0x00, 0x0f, 0xf0, 0x0f, 0x0f, 0x00, 0xf0, 0xf0, 0x0f, 0x0f, 0x00, 0x00, 0x0f,
	0x0f, 0x0f, 0xf0, 0x00, 0xff, 0x0f, 0x00, 0xff, 0x0f, 0xf0, 0x0f, 0x00, 0x00, 0xff, 0x0f, 0xff,
	0xf0, 0x0f, 0x0f, 0xff, 0x0f, 0x0f, 0xff, 0xff, 0xf0, 0xff, 0xff, 0xff, 0x00, 0x00, 0xf0, 0xff,
	0xf0, 0x0f, 0xf0, 0xff, 0xf0, 0x00, 0xf0, 0xf0, 0xff, 0xf0, 0xf0, 0xf0, 0x0f, 0x00, 0x0f, 0xf0,
	0xff, 0x0f, 0xff, 0xf0, 0x0f, 0xf0, 0x0f, 0xf0, 0xff, 0xff, 0x00, 0x0f, 0xf0, 0xff, 0x0f, 0xff,
	0x0f, 0xff, 0xff, 0x0f, 0xf0, 0x0f, 0xff, 0xff, 0x00, 0x00, 0xf0, 0xff, 0x0f, 0xff, 0xf0, 0x00,
	0xf0, 0xf0, 0xff, 0xf0, 0xf0, 0xff, 0x0f, 0xff, 0xf0, 0x0f, 0xff, 0x0f, 0x0f, 0x00, 0x00, 0x0f,
	0x00, 0xf0, 0x00, 0xf0, 0x00, 0x0f, 0xff, 0x0f, 0xf0, 0xff, 0xf0, 0xf0, 0x0f, 0xff, 0x00, 0xff,
	0xff, 0x00, 0xff, 0xff, 0x0f, 0xff, 0x00, 0xff, 0xff, 0x0f, 0x00, 0x0f, 0xff, 0xff, 0xff, 0x0f,
	0x0f, 0x0f, 0x00, 0xf0, 0x00, 0x0f, 0x00, 0xf0, 0xf0, 0x00, 0xff, 0x0f, 0x0f, 0x00, 0x00, 0xff,
	0xff, 0x0f, 0x0f, 0xf0, 0xf0, 0xff, 0x0f, 0xf0, 0x00, 0xff, 0xf0, 0xf0, 0x00, 0xff, 0xf0, 0xff,
	0xf0, 0x00, 0x00, 0x0f, 0xf0, 0xff, 0xf0, 0xf0, 0x0f, 0xff, 0x0f, 0x0f, 0x00, 0x00, 0xff, 0x0f,
	0x00, 0xff, 0xff, 0xf0, 0xff, 0x00, 0x0f, 0x0f, 0xf0, 0xf0, 0x00, 0xff, 0xff, 0xff, 0xff, 0xff,
	0xff, 0xf0, 0xf0, 0x0f, 0x00, 0x00, 0x00, 0xf0, 0x0f, 0xf0, 0x0f, 0x0f, 0x00, 0xff, 0x0f, 0x0f,
	0xf0, 0x0f, 0x0f, 0x0f, 0x0f, 0xff, 0xff, 0x00, 0xff, 0xff, 0x0f, 0xf0, 0x0f, 0xff, 0xff, 0xf0,
	0x00, 0x0f, 0x00, 0xff, 0xf0, 0x0f, 0xff, 0xff, 0x0f, 0xff, 0xf0, 0x00, 0x0f, 0xff, 0xff, 0xff,
	0xf0, 0x00, 0x00, 0x00, 0x00, 0xf0, 0xff, 0xf0, 0x00, 0x0f, 0xff, 0x0f, 0xff, 0x00, 0x0f, 0x0f,
	0x0f, 0x0f, 0xff, 0xff, 0x00, 0xf0, 0xf0, 0x00, 0xff, 0x0f, 0x0f, 0x0f, 0xf0, 0x0f, 0xf0, 0xff,
	0xf0, 0xff, 0xff, 0xf0, 0x0f, 0xf0, 0xff, 0xff, 0x0f, 0xff, 0x0f, 0x0f, 0xf0, 0xf0, 0x00, 0x0f,
	0xff, 0x00, 0xff, 0xf0, 0xff, 0x0f, 0x0f, 0x0f, 0xf0, 0xff, 0xf0, 0xf0, 0x0f, 0x0f, 0x0f, 0x0f,
	0x0f, 0x00, 0x0f, 0xf0, 0x0f, 0x0f, 0x0f, 0x0f, 0xff, 0x0f, 0xff, 0xf0, 0x0f, 0x00, 0xf0, 0x0f,
	0x0f, 0xff, 0x00, 0xff, 0x0f, 0x00, 0xff, 0x00, 0x0f, 0xff, 0xf0, 0xff, 0xf0, 0x00, 0xff, 0x00,
	0xf0, 0xff, 0x0f, 0xff, 0xf0, 0x0f, 0xf0, 0xf0, 0xf0, 0xff, 0x0f, 0x0f, 0xff, 0xf0, 0xff, 0x0f,
	0xff, 0xff, 0x0f, 0xff, 0x0f, 0xff, 0xff, 0x0f, 0x0f, 0x0f, 0xff, 0xff, 0x0f, 0x0f, 0x00, 0x0f,
	0xf0, 0x00, 0x0f, 0xff, 0xf0, 0xf0, 0xf0, 0xff, 0x0f, 0xf0, 0x0f, 0xf0, 0xf0, 0x0f, 0x0f, 0xff,
	0xff, 0xff, 0xff, 0xff, 0xf0, 0xff, 0xff, 0x00, 0x0f, 0xff, 0xf0, 0xff, 0x0f, 0xff, 0xf0, 0xf0,
	0xff, 0x0f, 0xff, 0xf0, 0xf0, 0x00, 0x0f, 0xf0, 0xff, 0xff, 0xff, 0x00, 0xf0, 0x00, 0xf0, 0xf0,
	0xff, 0xff, 0xf0, 0x0f, 0xff, 0x0f, 0xff, 0xff, 0xf0, 0x00, 0xf0, 0x0f, 0x0f, 0xf0, 0xf0, 0x0f,
	0xf0, 0xf0, 0xf0, 0x0f, 0xff, 0x0f, 0xf0, 0x0f, 0xf0, 0x0f, 0x00, 0x00, 0xff, 0xff, 0x0f, 0x0f,
	0xf0, 0x0f, 0x0f, 0xff, 0xf0, 0xf0, 0x0f, 0xff, 0xf0, 0xff, 0xf0, 0xf0, 0x0f, 0xf0, 0x0f, 0x0f,
	0x0f, 0x0f, 0xff, 0xff, 0xff, 0x0f, 0xff, 0x00, 0x00, 0x0f, 0x0f, 0x0f, 0xff, 0xff, 0xf0, 0x0f,
	0x00, 0xff, 0xf0, 0x00, 0xf0, 0xf0, 0xff, 0xf0, 0x00, 0xff, 0x0f, 0x00, 0x0f, 0x0f, 0xff, 0xf0,
	0xff, 0xf0, 0xff, 0xff, 0x0f, 0xff, 0xff, 0xff, 0x00, 0xf0, 0x00, 0x0f, 0xf0, 0xf0, 0x0f, 0xf0,
	0xf0, 0xff, 0xf0, 0xff, 0xff, 0xf0, 0x0f, 0xff, 0xff, 0xff, 0xf0, 0xf0, 0xff, 0xf0, 0xff, 0xff,
	0xf0, 0x0f, 0xff, 0xf0, 0xff, 0xff, 0x0f, 0xf0, 0xff, 0x0f, 0xff, 0xff, 0x0f, 0xff, 0xff, 0x0f,
	0xff, 0x00, 0xf0, 0x00, 0x0f, 0xf0, 0xf0, 0xff, 0xf0, 0xf0, 0xf0, 0x0f, 0x00, 0x0f, 0xff, 0xf0,
	0xff, 0xff, 0xff, 0x0f, 0xff, 0xff, 0x00, 0xff, 0x0f, 0x0f, 0x0f, 0x0f, 0x0f, 0x0f, 0xff, 0xf0,
	0xff, 0xff, 0xff, 0xff, 0xff, 0xff, 0xff, 0xff, 0xff, 0xff, 0xff, 0xff, 0xff, 0xff, 0xff, 0xff,
	0xff, 0xff, 0xff, 0xff, 0xff, 0xff, 0xff, 0xff, 0xff, 0xff, 0xff, 0xff, 0xff, 0xff, 0xff, 0xff,
	0xff, 0xff, 0xff, 0xff, 0xff, 0xff, 0xff, 0xff, 0xff, 0xff, 0xff, 0xff, 0xff, 0xff, 0xff, 0xff,
	0xff, 0xff, 0xff, 0xff, 0xff, 0xff, 0xff, 0xff, 0xff, 0xff, 0xff, 0xff, 0xff, 0xff, 0xff, 0xff,
	0xff, 0xff, 0xff, 0xff, 0xff, 0xff, 0xff, 0xff, 0xff, 0xff, 0xff, 0xff, 0xff, 0xff, 0xff, 0xff,
	0xff, 0xff, 0xff, 0xff, 0xff, 0xff, 0xff, 0xff, 0xff, 0xff, 0xff, 0xff, 0xff, 0xff, 0xff, 0xff,
	0xff, 0xff, 0xff, 0xff, 0xff, 0xff, 0xff, 0xff, 0xff, 0xff, 0xff, 0xff, 0xff, 0xff, 0xff, 0xff,
	0xff, 0xff, 0xff, 0xff, 0xff, 0xff, 0xff, 0xff, 0xff, 0xff, 0xff, 0xff, 0xff, 0xff, 0xff, 0xff,
	0xff, 0xff, 0xff, 0xff, 0xff, 0xff, 0xff, 0xff, 0xff, 0xff, 0xff, 0xff, 0xff, 0xff, 0xff, 0xff,
	0xff, 0xff, 0xff, 0xff, 0xff, 0xff, 0xff, 0xff, 0xff, 0xff, 0xff, 0xff, 0xff, 0xff, 0xff, 0xff,
	0xff, 0xff, 0xff, 0xff, 0xff, 0xff, 0xff, 0xff, 0xff, 0xff, 0xff, 0xff, 0xff, 0xff, 0xff, 0xff,
	0xff, 0xff, 0xff, 0xff, 0xff, 0xff, 0xff, 0xff, 0xff, 0xff, 0xff, 0xff, 0xff, 0xff, 0xff, 0xff,
	0xff, 0xff, 0xff, 0xff, 0xff, 0xff, 0xff, 0xff, 0xff, 0xff, 0xff, 0xff, 0xff, 0xff, 0xff, 0xff,
	0xff, 0xff, 0xff, 0xff, 0xff, 0xff, 0xff, 0xff, 0xff, 0xff, 0xff, 0xff, 0xff, 0xff, 0xff, 0xff,
	0xff, 0xff, 0xff, 0xff, 0xff, 0xff, 0xff, 0xff, 0xff, 0xff, 0xff, 0xff, 0xff, 0xff, 0xff, 0xff,
	0xff, 0xff, 0xff, 0xff, 0xff, 0xff, 0xff, 0xff, 0xff, 0xff, 0xff, 0xff, 0xff, 0xff, 0xff, 0xff,
	0xff, 0xff, 0xff, 0xff, 0xff, 0xff, 0xff, 0xff, 0xff, 0xff, 0xff, 0xff, 0xff, 0xff, 0xff, 0xff,
	0xff, 0xff, 0xff, 0xff, 0xff, 0xff, 0xff, 0xff, 0xff, 0xff, 0xff, 0xff, 0xff, 0xff, 0xff, 0xff,
	0xff, 0xff, 0xff, 0xff, 0xff, 0xff, 0xff, 0xff, 0xff, 0xff, 0xff, 0xff, 0xff, 0xff, 0xff, 0xff,
	0xff, 0xff, 0xff, 0xff, 0xff, 0xff, 0xff, 0xff, 0xff, 0xff, 0xff, 0xff, 0xff, 0xff, 0xff, 0xff,
	0x00, 0x00, 0x00, 0x00, 0x00, 0x00, 0x00, 0x00, 0x00, 0x00, 0x00, 0x00, 0x00, 0x00, 0x00, 0x00,
	0x00, 0x00, 0x00, 0x00, 0x00, 0x00, 0x00, 0x00, 0x00, 0x00, 0x00, 0x00, 0x00, 0x00, 0x00, 0x00,
	0x00, 0x00, 0x00, 0x00, 0x00, 0x00, 0x00, 0x00, 0x00, 0x00, 0x00, 0x00, 0x00, 0x00, 0x00, 0x00,
	0x00, 0x00, 0x00, 0x00, 0x00, 0x00, 0x00, 0x00, 0x00, 0x00, 0x00, 0x00, 0x00, 0x00, 0x00, 0x00,
	0x00, 0x00, 0x00, 0x00, 0x00, 0x00, 0x00, 0x00, 0x00, 0x00, 0x00, 0x00, 0x00, 0x00, 0x00, 0x00,
	0x00, 0x00, 0x00, 0x00, 0x00, 0x00, 0x00, 0x00, 0x00, 0x00, 0x00, 0x00, 0x00, 0x00, 0x00, 0x00,
	0x00, 0x00, 0x00, 0x00, 0x00, 0x00, 0x00, 0x00, 0x00, 0x00, 0x00, 0x00, 0x00, 0x00, 0x00, 0x00,
	0x00, 0x00, 0x00, 0x00, 0x00, 0x00, 0x00, 0x00, 0x00, 0x00, 0x00, 0x00, 0x00, 0x00, 0x00, 0x00,
	0x00, 0x00, 0x00, 0x00, 0x00, 0x00, 0x00, 0x00, 0x00, 0x00, 0x00, 0x00, 0x00, 0x00, 0x00, 0x00,
	0x00, 0x00, 0x00, 0x00, 0x00, 0x00, 0x00, 0x00, 0x00, 0x00, 0x00, 0x00, 0x00, 0x00, 0x00, 0x00,
	0x00, 0x00, 0x00, 0x00, 0x00, 0x00, 0x00, 0x00, 0x00, 0x00, 0x00, 0x00, 0x00, 0x00, 0x00, 0x00,
	0x00, 0x00, 0x00, 0x00, 0x00, 0x00, 0x00, 0x00, 0x00, 0x00, 0x00, 0x00, 0x00, 0x00, 0x00, 0x00,
	0x00, 0x00, 0x00, 0x00, 0x00, 0x00, 0x00, 0x00, 0x00, 0x00, 0x00, 0x00, 0x00, 0x00, 0x00, 0x00,
	0x00, 0x00, 0x00, 0x00, 0x00, 0x00, 0x00, 0x00, 0x00, 0x00, 0x00, 0x00, 0x00, 0x00, 0x00, 0x00,
	0x00, 0x00, 0x00, 0x00, 0x00, 0x00, 0x00, 0x00, 0x00, 0x00, 0x00, 0x00, 0x00, 0x00, 0x00, 0x00,
	0x00, 0x00, 0x00, 0x00, 0x00, 0x00, 0x00, 0x00, 0x00, 0x00, 0x00, 0x00, 0x00, 0x00, 0x00, 0x00,
	0x00, 0x00, 0x00, 0x00, 0x00, 0x00, 0x00, 0x00, 0x00, 0x00, 0x00, 0x00, 0x00, 0x00, 0x00, 0x00,
	0x00, 0x00, 0x00, 0x00, 0x00, 0x00, 0x00, 0x00, 0x00, 0x00, 0x00, 0x00, 0x00, 0x00, 0x00, 0x00,
	0x00, 0x00, 0x00, 0x00, 0x00, 0x00, 0x00, 0x00, 0x00, 0x00, 0x00, 0x00, 0x00, 0x00, 0x00, 0x00,
	0x00, 0x00, 0x00, 0x00, 0x00, 0x00, 0x00, 0x00, 0x00, 0x00, 0x00, 0x00, 0x00, 0x00, 0x00, 0x00,
	0x0f, 0x00, 0x00, 0x00, 0x00, 0xf0, 0x00, 0x00, 0x00, 0x00, 0x00, 0x00, 0x00, 0x00, 0x00, 0x00,
	0x0f, 0x00, 0x00, 0xf0, 0xff, 0x00, 0x00, 0x00, 0xff, 0xff, 0x00, 0x00, 0x00, 0x00, 0x00, 0x00,
	0x00, 0xf0, 0x00, 0xf0, 0x0f, 0xf0, 0x00, 0xff, 0x00, 0x0f, 0xff, 0x00, 0x00, 0x00, 0x00, 0x00,
	0x00, 0x00, 0x00, 0x00, 0x00, 0x00, 0x00, 0x00, 0x00, 0x00, 0x00, 0x00, 0x00, 0x00, 0xff, 0x00,
	0x00, 0xf0, 0x0f, 0x00, 0x00, 0x00, 0x00, 0x00, 0x00, 0x00, 0x00, 0x0f, 0x00, 0xff, 0x00, 0x00,
	0x00, 0x00, 0x0f, 0x00, 0x00, 0x00, 0xf0, 0x00, 0x00, 0x00, 0x00, 0x00, 0x00, 0xf0, 0x00, 0x00,
	0x00, 0x00, 0x0f, 0x00, 0x00, 0x0f, 0xff, 0x00, 0x00, 0x00, 0x00, 0x0f, 0x00, 0x00, 0xf0, 0x00,
	0x0f, 0xff, 0x00, 0x00, 0x00, 0x00, 0x00, 0x0f, 0x00, 0x0f, 0x00, 0x00, 0x00, 0x00, 0x00, 0xf0,
	0x00, 0x00, 0x00, 0x00, 0x00, 0xff, 0x00, 0x00, 0xff, 0x00, 0x00, 0xf0, 0x00, 0x00, 0x00, 0x00,
	0x00, 0xff, 0xf0, 0x0f, 0xff, 0x00, 0xff, 0x00, 0x00, 0x00, 0x00, 0x00, 0x00, 0x00, 0x00, 0x00,
	0x00, 0xf0, 0x00, 0x00, 0x00, 0x0f, 0x00, 0xff, 0x00, 0x00, 0x0f, 0x00, 0x00, 0xf0, 0x00, 0x00,
	0x00, 0x00, 0x00, 0x00, 0x00, 0x0f, 0x00, 0x00, 0x00, 0x00, 0x00, 0xff, 0xf0, 0x00, 0x00, 0x00,
	0x00, 0x00, 0x00, 0x00, 0x00, 0x00, 0x00, 0x0f, 0xf0, 0x00, 0xf0, 0xff, 0x00, 0xf0, 0x00, 0xf0,
	0xf0, 0xf0, 0xff, 0x00, 0x0f, 0x00, 0xff, 0x00, 0x00, 0x0f, 0x00, 0xf0, 0x0f, 0x00, 0x00, 0x00,
	0x00, 0x00, 0x00, 0x00, 0x0f, 0x00, 0x00, 0x00, 0xf0, 0x00, 0x00, 0x00, 0x00, 0x00, 0x00, 0x0f,
	0x00, 0x00, 0x00, 0x00, 0x00, 0x00, 0x00, 0x00, 0x0f, 0x00, 0x00, 0x00, 0x00, 0x00, 0xf0, 0x00,
	0x00, 0x00, 0xff, 0x00, 0xff, 0x00, 0x00, 0x00, 0x0f, 0x00, 0x00, 0x00, 0x00, 0x00, 0x00, 0x00,
	0x00, 0x00, 0x00, 0x00, 0x0f, 0xff, 0xf0, 0xf0, 0x00, 0x00, 0x00, 0x00, 0x00, 0x00, 0x00, 0x00,
	0x00, 0x00, 0x00, 0x00, 0x0f, 0x00, 0x00, 0x00, 0x00, 0xff, 0x00, 0x00, 0x00, 0x00, 0xf0, 0x0f,
	0x00, 0x00, 0x00, 0x0f, 0x00, 0x00, 0x00, 0x00, 0x00, 0x00, 0x00, 0x00, 0xf0, 0x00, 0x00, 0x00,
	0xff, 0x00, 0xf0, 0x00, 0xf0, 0x00, 0x00, 0x00, 0xf0, 0x00, 0x00, 0x00, 0x0f, 0x00, 0x00, 0x00,
	0x00, 0x0f, 0x00, 0xf0, 0x00, 0x00, 0x00, 0x00, 0x00, 0xf0, 0x00, 0xf0, 0x00, 0x00, 0xff, 0x00,
	0x00, 0x00, 0xff, 0x00, 0x00, 0x00, 0x00, 0x00, 0x00, 0x00, 0x00, 0x00, 0x00, 0x00, 0x00, 0xff,
	0x00, 0x00, 0x00, 0x00, 0x00, 0x00, 0xff, 0x00, 0x0f, 0x00, 0xf0, 0x00, 0x00, 0x00, 0xf0, 0xf0,
	0xff, 0x00, 0xff, 0x00, 0x00, 0x00, 0x00, 0x00, 0x00, 0x00, 0x00, 0x00, 0x00, 0x00, 0x0f, 0x00,
	0x00, 0x00, 0xf0, 0xf0, 0x00, 0x00, 0x0f, 0xff, 0x00, 0x00, 0x00, 0x00, 0x00, 0x00, 0x00, 0x0f,
	0x00, 0x00, 0x00, 0x00, 0xff, 0x00, 0x00, 0x00, 0x00, 0x00, 0x00, 0x00, 0xff, 0xf0, 0x00, 0x00,
	0xff, 0x0f, 0x00, 0x00, 0x0f, 0x00, 0x00, 0x00, 0x00, 0x00, 0x00, 0x00, 0x00, 0x00, 0x0f, 0x00,
	0x00, 0xff, 0xff, 0x00, 0x00, 0x00, 0x00, 0x00, 0x00, 0x00, 0x00, 0x00, 0x00, 0x00, 0x00, 0xf0,
	0xff, 0x00, 0x00, 0x00, 0xf0, 0x00, 0x00, 0xff, 0x0f, 0x00, 0x0f, 0x00, 0x00, 0x00, 0x00, 0x00,
	0x00, 0x0f, 0xff, 0x00, 0xff, 0x00, 0x00, 0xff, 0x00, 0xf0, 0xff, 0x00, 0x0f, 0xff, 0x00, 0x00,
	0x00, 0x0f, 0x00, 0x00, 0xf0, 0x00, 0x00, 0x00, 0xf0, 0x00, 0x00, 0xff, 0x0f, 0x00, 0x00, 0xf0,
	0x0f, 0x00, 0xff, 0x0f, 0xf0, 0x00, 0xff, 0xff, 0x00, 0x00, 0x00, 0x0f, 0x00, 0x00, 0x00, 0x00,
	0x00, 0x00, 0x00, 0x00, 0x00, 0x00, 0x00, 0xf0, 0xf0, 0xf0, 0xf0, 0x00, 0x00, 0x0f, 0x00, 0x00,
	0x00, 0xf0, 0xf0, 0xff, 0x00, 0x00, 0x00, 0x00, 0x00, 0xf0, 0x00, 0x0f, 0x00, 0x00, 0x00, 0x00,
	0x00, 0x00, 0x00, 0xff, 0x00, 0x00, 0x00, 0x00, 0x00, 0x00, 0x00, 0xf0, 0x00, 0x00, 0xff, 0x00,
	0x00, 0x00, 0xf0, 0x00, 0x00, 0x00, 0x00, 0xff, 0x00, 0x00, 0x00, 0x00, 0x00, 0x00, 0x00, 0x00,
	0x00, 0x00, 0x00, 0x00, 0x0f, 0x00, 0x00, 0x00, 0x00, 0x00, 0x00, 0xf0, 0xff, 0x00, 0xff, 0x00,
	0xff, 0xff, 0x00, 0x00, 0x00, 0x00, 0x00, 0x00, 0x00, 0x00, 0xf0, 0x0f, 0xf0, 0x00, 0x00, 0x00,
	0xf0, 0x00, 0xf0, 0x0f, 0xff, 0x00, 0x00, 0x00, 0x00, 0xf0, 0x00, 0x00, 0x00, 0x00, 0x00, 0x00,
	0x00, 0x00, 0x0f, 0x0f, 0x00, 0x00, 0x00, 0xf0, 0xff, 0x00, 0x00, 0x00, 0xf0, 0x00, 0xff, 0x0f,
	0xff, 0x0f, 0x0f, 0x0f, 0x0f, 0x00, 0x0f, 0xff, 0x00, 0xf0, 0x00, 0xf0, 0x00, 0x00, 0x00, 0xff,
	0xf0, 0xff, 0x00, 0x00, 0xff, 0xff, 0x0f, 0x0f, 0xf0, 0xff, 0xf0, 0x00, 0xf0, 0x00, 0x00, 0xf0,
	0xf0, 0x0f, 0x0f, 0xf0, 0x0f, 0xf0, 0xff, 0x00, 0x00, 0x00, 0x00, 0x00, 0xf0, 0x00, 0x00, 0xf0,
	0xff, 0xf0, 0x00, 0x0f, 0xf0, 0xff, 0x00, 0x0f, 0x0f, 0x00, 0x00, 0xf0, 0xff, 0x00, 0xff, 0x0f,
	0xf0, 0x0f, 0x00, 0xf0, 0xf0, 0x0f, 0x00, 0x00, 0x00, 0x00, 0xf0, 0x00, 0x00, 0x00, 0x00, 0x0f,
	0x00, 0x00, 0x00, 0xf0, 0x0f, 0x00, 0x00, 0x00, 0x0f, 0xff, 0x00, 0x00, 0x00, 0xf0, 0x00, 0x00,
	0x00, 0x0f, 0x00, 0x00, 0x00, 0x00, 0xf0, 0xff, 0x0f, 0x0f, 0x00, 0x00, 0xff, 0xf0, 0x0f, 0x00,
	0x00, 0xf0, 0xff, 0xff, 0xff, 0x00, 0x00, 0x00, 0x00, 0x00, 0x00, 0xf0, 0x00, 0xff, 0x00, 0x00,
	0x0f, 0x00, 0x0f, 0x00, 0x00, 0x00, 0x00, 0x00, 0x00, 0x00, 0xff, 0x00, 0x0f, 0x0f, 0x00, 0x00,
	0xf0, 0xf0, 0xff, 0xff, 0x00, 0xf0, 0xf0, 0x00, 0x0f, 0x0f, 0x00, 0x00, 0x00, 0xf0, 0xf0, 0xf0,
	0x00, 0x00, 0x0f, 0xff, 0x00, 0x00, 0x00, 0x00, 0xf0, 0x00, 0x00, 0x00, 0x00, 0xf0, 0x00, 0xf0,
	0x00, 0xf0, 0x00, 0x00, 0x00, 0xf0, 0x00, 0x00, 0x00, 0xff, 0x00, 0x0f, 0x00, 0xf0, 0x00, 0x00,
	0xff, 0x0f, 0xf0, 0x0f, 0x0f, 0x00, 0x00, 0x00, 0xf0, 0xf0, 0xff, 0x00, 0x00, 0x0f, 0xf0, 0x00,
	0xf0, 0x00, 0xff, 0x00, 0xff, 0xff, 0xff, 0xf0, 0x00, 0xff, 0x00, 0x00, 0x00, 0x00, 0x0f, 0xf0,
	0x00, 0x00, 0x00, 0x00, 0x00, 0x00, 0x00, 0x00, 0x00, 0xff, 0x0f, 0x00, 0x00, 0xf0, 0x00, 0xf0,
	0x00, 0x00, 0xf0, 0xf0, 0x00, 0xff, 0x0f, 0x0f, 0x00, 0x00, 0x0f, 0x00, 0x00, 0xf0, 0xf0, 0x00,
	0x0f, 0x00, 0x00, 0x00, 0x00, 0x00, 0x00, 0x00, 0x00, 0x0f, 0x00, 0x00, 0xff, 0x0f, 0x00, 0x0f,
	0x00, 0xf0, 0x00, 0xff, 0x00, 0xf0, 0x00, 0xff, 0xf0, 0x00, 0xff, 0x00, 0x00, 0x00, 0x00, 0x0f,
	0xff, 0x00, 0x00, 0x00, 0xff, 0x00, 0x00, 0xff, 0x00, 0x00, 0xf0, 0x00, 0xff, 0xff, 0x0f, 0x00,
	0xff, 0x0f, 0x00, 0x0f, 0x00, 0x00, 0xf0, 0xf0, 0x0f, 0xff, 0xff, 0xff, 0xff, 0x00, 0xff, 0x0f,
	0x00, 0x0f, 0x00, 0x00, 0xf0, 0xff, 0xf0, 0x0f, 0xf0, 0xf0, 0xf0, 0x0f, 0xff, 0xf0, 0x0f, 0xff,
	0xf0, 0xff, 0x00, 0xf0, 0xf0, 0x00, 0xf0, 0x00, 0xff, 0x00, 0x00, 0xf0, 0xf0, 0x00, 0xff, 0xff,
	0xff, 0x00, 0xff, 0x0f, 0x00, 0xff, 0xff, 0x00, 0xff, 0xf0, 0x0f, 0x00, 0xf0, 0x00, 0x00, 0x0f,
	0xf0, 0xff, 0x00, 0xff, 0x0f, 0x0f, 0x0f, 0x0f, 0x00, 0x00, 0xff, 0x00, 0xff, 0x00, 0x00, 0x00,
	0x00, 0x0f, 0xf0, 0x00, 0xff, 0xff, 0x00, 0x0f, 0x0f, 0x0f, 0xf0, 0x00, 0xff, 0x0f, 0x00, 0xf0,
	0x00, 0xf0, 0x0f, 0xf0, 0x00, 0xff, 0x00, 0xff, 0x0f, 0xff, 0x0f, 0xff, 0xff, 0xf0, 0xf0, 0x0f,
	0x0f, 0xff, 0xff, 0x0f, 0x0f, 0x0f, 0xf0, 0x00, 0xf0, 0xf0, 0x0f, 0x00, 0x00, 0xff, 0xff, 0xf0,
	0xf0, 0x0f, 0xff, 0x00, 0xf0, 0x00, 0x00, 0xff, 0xff, 0x00, 0x0f, 0x00, 0x0f, 0xff, 0x00, 0x0f,
	0xf0, 0xff, 0xf0, 0xf0, 0x00, 0xf0, 0x0f, 0x00, 0xff, 0xf0, 0xff, 0x0f, 0xff, 0x00, 0xff, 0xf0,
	0xf0, 0x0f, 0x0f, 0x00, 0x0f, 0x00, 0x0f, 0x00, 0xf0, 0xff, 0x0f, 0x00, 0x0f, 0xff, 0x0f, 0xff,
	0xf0, 0xff, 0x0f, 0x00, 0xff, 0xf0, 0x0f, 0xff, 0x0f, 0x00, 0x00, 0x0f, 0x0f, 0xf0, 0xf0, 0xff,
	0x0f, 0x00, 0x00, 0x0f, 0x00, 0x0f, 0x00, 0x00, 0x0f, 0xf0, 0xff, 0xf0, 0x00, 0xff, 0x0f, 0xf0,
	0x00, 0xff, 0x00, 0x00, 0x00, 0xff, 0xff, 0x00, 0xff, 0x00, 0xf0, 0xff, 0x0f, 0x00, 0xf0, 0x00,
	0x0f, 0xf0, 0xff, 0xf0, 0xff, 0xff, 0x00, 0xff, 0xff, 0x0f, 0x00, 0x00, 0xff, 0xf0, 0xf0, 0x00,
	0x0f, 0x00, 0xff, 0x00, 0xff, 0x00, 0x0f, 0x00, 0x00, 0xf0, 0x0f, 0x00, 0x00, 0x00, 0xf0, 0x0f,
	0xff, 0x0f, 0x00, 0x00, 0x00, 0x0f, 0x0f, 0xf0, 0x0f, 0xff, 0x00, 0xf0, 0x00, 0xff, 0xf0, 0x00,
	0xf0, 0xff, 0xf0, 0x00, 0x0f, 0xf0, 0xf0, 0x0f, 0x00, 0x00, 0xff, 0x00, 0xff, 0xf0, 0xf0, 0xf0,
	0xf0, 0xff, 0x0f, 0x00, 0xf0, 0x00, 0xff, 0xff, 0x0f, 0x0f, 0x00, 0x00, 0x0f, 0xf0, 0xff, 0x00,
	0x0f, 0x00, 0x00, 0xff, 0x0f, 0x0f, 0x00, 0x0f, 0x0f, 0x00, 0x0f, 0x00, 0xff, 0xf0, 0x00, 0x0f,
	0xff, 0x0f, 0xff, 0x0f, 0x00, 0x0f, 0xff, 0x0f, 0xff, 0x0f, 0xf0, 0x00, 0xff, 0xf0, 0x00, 0x00,
	0x00, 0x00, 0x0f, 0x0f, 0x00, 0xff, 0x0f, 0x00, 0x00, 0xff, 0x00, 0x00, 0xf0, 0xff, 0xf0, 0x00,
	0xf0, 0xf0, 0x00, 0xff, 0x00, 0x00, 0x0f, 0x0f, 0xf0, 0xff, 0xff, 0xf0, 0xf0, 0x00, 0xf0, 0x0f,
	0x0f, 0xf0, 0xf0, 0xf0, 0xf0, 0xff, 0x0f, 0xff, 0xf0, 0x00, 0x00, 0xf0, 0xf0, 0xf0, 0xf0, 0x00,
	0xf0, 0xff, 0x00, 0x00, 0xf0, 0x00, 0x0f, 0xf0, 0xf0, 0xff, 0x00, 0x00, 0x00, 0x0f, 0x00, 0x00,
	0xf0, 0xf0, 0xff, 0xf0, 0x00, 0x0f, 0x00, 0x0f, 0x0f, 0xff, 0xff, 0x0f, 0xf0, 0xff, 0x00, 0x0f,
	0xff, 0xff, 0x0f, 0x00, 0x0f, 0xff, 0x0f, 0xff, 0x00, 0x0f, 0x0f, 0x00, 0x00, 0x0f, 0xf0, 0x00,
	0xf0, 0x00, 0x00, 0x00, 0xf0, 0x0f, 0x00, 0x0f, 0x00, 0x00, 0xf0, 0x00, 0xf0, 0xff, 0x00, 0x00,
	0x0f, 0x0f, 0xf0, 0x00, 0x0f, 0xff, 0x0f, 0x00, 0x00, 0x0f, 0xf0, 0xf0, 0x0f, 0xff, 0x00, 0xf0,
	0x0f, 0x0f, 0x00, 0x00, 0xf0, 0xf0, 0x00, 0x0f, 0xff, 0xff, 0xff, 0x0f, 0xf0, 0xf0, 0x0f, 0x00,
	0x00, 0x00, 0x00, 0xff, 0x0f, 0x0f, 0xf0, 0x0f, 0x0f, 0xff, 0xff, 0xf0, 0x0f, 0x0f, 0xf0, 0xf0,
	0x00, 0x0f, 0xf0, 0x0f, 0x00, 0xf0, 0xff, 0x0f, 0x0f, 0xf0, 0x00, 0xf0, 0xff, 0x0f, 0x0f, 0xff,
	0xff, 0xff, 0xf0, 0xf0, 0xf0, 0xf0, 0x0f, 0x0f, 0xf0, 0x00, 0xf0, 0x0f, 0xf0, 0x00, 0xf0, 0xff,
	0xff, 0x00, 0xf0, 0x0f, 0xff, 0x0f, 0x00, 0x00, 0xf0, 0x00, 0xf0, 0xff, 0x0f, 0x0f, 0xff, 0xf0,
	0x0f, 0xf0, 0x0f, 0x0f, 0x0f, 0x0f, 0xf0, 0x00, 0xff, 0xf0, 0x00, 0x0f, 0xf0, 0xf0, 0x0f, 0x00,
	0x00, 0xff, 0x0f, 0xf0, 0x00, 0xf0, 0xf0, 0xf0, 0x00, 0x00, 0xff, 0x0f, 0x00, 0x0f, 0x0f, 0xf0,
	0xff, 0xff, 0x0f, 0xff, 0xf0, 0xf0, 0xff, 0x0f, 0xf0, 0xf0, 0x0f, 0xf0, 0xf0, 0x0f, 0x00, 0x0f,
	0x00, 0x0f, 0xff, 0x00, 0xf0, 0x0f, 0x0f, 0xf0, 0x0f, 0x0f, 0xf0, 0x00, 0x00, 0xf0, 0x00, 0xf0,
	0xff, 0x00, 0x0f, 0xff, 0xff, 0x00, 0x00, 0x0f, 0x00, 0xff, 0x00, 0xf0, 0xf0, 0x0f, 0xff, 0x0f,
	0xff, 0xff, 0xf0, 0xff, 0x00, 0x0f, 0x00, 0x00, 0xf0, 0x00, 0x00, 0x00, 0xff, 0xff, 0x00, 0xf0,
	0x0f, 0x00, 0xff, 0xf0, 0xf0, 0xf0, 0xf0, 0xf0, 0x0f, 0x00, 0xff, 0xf0, 0xf0, 0xff, 0xf0, 0x0f,
	0x0f, 0xf0, 0xff, 0x0f, 0xff, 0xf0, 0x0f, 0xf0, 0xff, 0xf0, 0xf0, 0xf0, 0xf0, 0x0f, 0xff, 0x0f,
	0xf0, 0x00, 0x0f, 0xff, 0xff, 0xff, 0x0f, 0x0f, 0xff, 0xff, 0x0f, 0xff, 0xf0, 0xf0, 0x00, 0x0f,
	0xf0, 0xf0, 0xf0, 0x0f, 0xf0, 0xff, 0x00, 0xf0, 0xff, 0x0f, 0xff, 0x0f, 0x0f, 0xf0, 0x00, 0xf0,
	0xff, 0x0f, 0xf0, 0xf0, 0xf0, 0x0f, 0xff, 0xff, 0x0f, 0xf0, 0x00, 0x0f, 0x0f, 0xf0, 0xf0, 0xf0,
	0xff, 0xf0, 0xff, 0x00, 0x0f, 0x00, 0xff, 0x00, 0x0f, 0x0f, 0xff, 0xff, 0x0f, 0xf0, 0x0f, 0xff,
	0xf0, 0xf0, 0x0f, 0xff, 0xff, 0x0f, 0xf0, 0xf0, 0xf0, 0xf0, 0xff, 0xff, 0x0f, 0x0f, 0x0f, 0x00,
	0x0f, 0x0f, 0x00, 0x0f, 0xf0, 0x0f, 0xff, 0xf0, 0x0f, 0xff, 0xff, 0x0f, 0xff, 0xf0, 0xf0, 0x0f,
	0x0f, 0xff, 0xf0, 0x0f, 0xf0, 0x0f, 0x0f, 0xf0, 0x0f, 0xff, 0x0f, 0x00, 0xff, 0xf0, 0x0f, 0xff,
	0xf0, 0x0f, 0xff, 0x00, 0xf0, 0xff, 0xf0, 0xff, 0xff, 0xff, 0xff, 0x00, 0x0f, 0x0f, 0xff, 0xf0,
	0x00, 0x0f, 0xff, 0xf0, 0xf0, 0x0f, 0x0f, 0x0f, 0xf0, 0xff, 0xf0, 0xf0, 0x00, 0xf0, 0xff, 0x0f,
	0xff, 0x0f, 0x0f, 0xff, 0xff, 0xff, 0xf0, 0x0f, 0xff, 0x0f, 0xff, 0xf0, 0xf0, 0xff, 0x0f, 0xff,
	0xff, 0xf0, 0x0f, 0xff, 0xf0, 0xff, 0x0f, 0xff, 0xf0, 0xff, 0x0f, 0x0f, 0xf0, 0x0f, 0x0f, 0xff,
	0xf0, 0xf0, 0xff, 0xff, 0xff, 0xff, 0x00, 0xf0, 0xf0, 0xf0, 0xf0, 0xff, 0xff, 0xff, 0x0f, 0x0f,
	0x0f, 0x0f, 0x0f, 0xf0, 0xff, 0x0f, 0xff, 0xff, 0xff, 0x0f, 0x0f, 0xf0, 0x00, 0x0f, 0x00, 0x00,
	0x0f, 0x0f, 0xff, 0xff, 0xf0, 0xff, 0xff, 0x0f, 0xf0, 0x0f, 0xff, 0xf0, 0xff, 0xf0, 0x00, 0x00,
	0xff, 0x0f, 0x0f, 0xff, 0xf0, 0xf0, 0xff, 0xf0, 0xf0, 0xf0, 0x00, 0x0f, 0xff, 0x00, 0x0f, 0x0f,
	0x0f, 0x0f, 0x00, 0x00, 0xff, 0x0f, 0xff, 0xff, 0x0f, 0x0f, 0xff, 0xf0, 0xff, 0x0f, 0xff, 0xff,
	0x0f, 0x0f, 0xff, 0x0f, 0xff, 0xf0, 0xff, 0xff, 0xff, 0xff, 0xff, 0xff, 0x0f, 0xf0, 0xff, 0x0f,
	0xf0, 0xff, 0x0f, 0xff, 0xff, 0xf0, 0xf0, 0xff, 0x0f, 0xf0, 0x00, 0x0f, 0xff, 0xf0, 0x0f, 0xf0,
	0xff, 0xff, 0xff, 0xff, 0xff, 0xff, 0xff, 0xff, 0xff, 0xff, 0xff, 0xff, 0xff, 0xff, 0xff, 0xff,
	0xff, 0xff, 0xff, 0xff, 0xff, 0xff, 0xff, 0xff, 0xff, 0xff, 0xff, 0xff, 0xff, 0xff, 0xff, 0xff,
	0xff, 0xff, 0xff, 0xff, 0xff, 0xff, 0xff, 0xff, 0xff, 0xff, 0xff, 0xff, 0xff, 0xff, 0xff, 0xff,
	0xff, 0xff, 0xff, 0xff, 0xff, 0xff, 0xff, 0xff, 0xff, 0xff, 0xff, 0xff, 0xff, 0xff, 0xff, 0xff,
	0xff, 0xff, 0xff, 0xff, 0xff, 0xff, 0xff, 0xff, 0xff, 0xff, 0xff, 0xff, 0xff, 0xff, 0xff, 0xff,
	0xff, 0xff, 0xff, 0xff, 0xff, 0xff, 0xff, 0xff, 0xff, 0xff, 0xff, 0xff, 0xff, 0xff, 0xff, 0xff,
	0xff, 0xff, 0xff, 0xff, 0xff, 0xff, 0xff, 0xff, 0xff, 0xff, 0xff, 0xff, 0xff, 0xff, 0xff, 0xff,
	0xff, 0xff, 0xff, 0xff, 0xff, 0xff, 0xff, 0xff, 0xff, 0xff, 0xff, 0xff, 0xff, 0xff, 0xff, 0xff,
	0xff, 0xff, 0xff, 0xff, 0xff, 0xff, 0xff, 0xff, 0xff, 0xff, 0xff, 0xff, 0xff, 0xff, 0xff, 0xff,
	0xff, 0xff, 0xff, 0xff, 0xff, 0xff, 0xff, 0xff, 0xff, 0xff, 0xff, 0xff, 0xff, 0xff, 0xff, 0xff,
	0xff, 0xff, 0xff, 0xff, 0xff, 0xff, 0xff, 0xff, 0xff, 0xff, 0xff, 0xff, 0xff, 0xff, 0xff, 0xff,
	0xff, 0xff, 0xff, 0xff, 0xff, 0xff, 0xff, 0xff, 0xff, 0xff, 0xff, 0xff, 0xff, 0xff, 0xff, 0xff,
	0xff, 0xff, 0xff, 0xff, 0xff, 0xff, 0xff, 0xff, 0xff, 0xff, 0xff, 0xff, 0xff, 0xff, 0xff, 0xff,
	0xff, 0xff, 0xff, 0xff, 0xff, 0xff, 0xff, 0xff, 0xff, 0xff, 0xff, 0xff, 0xff, 0xff, 0xff, 0xff,
	0xff, 0xff, 0xff, 0xff, 0xff, 0xff, 0xff, 0xff, 0xff, 0xff, 0xff, 0xff, 0xff, 0xff, 0xff, 0xff,
	0xff, 0xff, 0xff, 0xff, 0xff, 0xff, 0xff, 0xff, 0xff, 0xff, 0xff, 0xff, 0xff, 0xff, 0xff, 0xff,
	0xff, 0xff, 0xff, 0xff, 0xff, 0xff, 0xff, 0xff, 0xff, 0xff, 0xff, 0xff, 0xff, 0xff, 0xff, 0xff,
	0xff, 0xff, 0xff, 0xff, 0xff, 0xff, 0xff, 0xff, 0xff, 0xff, 0xff, 0xff, 0xff, 0xff, 0xff, 0xff,
	0xff, 0xff, 0xff, 0xff, 0xff, 0xff, 0xff, 0xff, 0xff, 0xff, 0xff, 0xff, 0xff, 0xff, 0xff, 0xff,
	0xff, 0xff, 0xff, 0xff, 0xff, 0xff, 0xff, 0xff, 0xff, 0xff, 0xff, 0xff, 0xff, 0xff, 0xff, 0xff,
	0x00, 0x00, 0x00, 0x00, 0x00, 0x00, 0x00, 0x00, 0x00, 0x00, 0x00, 0x00, 0x00, 0x00, 0x00, 0x00,
	0x00, 0x00, 0x00, 0x00, 0x00, 0x00, 0x00, 0x00, 0x00, 0x00, 0x00, 0x00, 0x00, 0x00, 0x00, 0x00,
	0x00, 0x00, 0x00, 0x00, 0x00, 0x00, 0x00, 0x00, 0x00, 0x00, 0x00, 0x00, 0x00, 0x00, 0x00, 0x00,
	0x00, 0x00, 0x00, 0x00, 0x00, 0x00, 0x00, 0x00, 0x00, 0x00, 0x00, 0x00, 0x00, 0x00, 0x00, 0x00,
	0x00, 0x00, 0x00, 0x00, 0x00, 0x00, 0x00, 0x00, 0x00, 0x00, 0x00, 0x00, 0x00, 0x00, 0x00, 0x00,
	0x00, 0x00, 0x00, 0x00, 0x00, 0x00, 0x00, 0x00, 0x00, 0x00, 0x00, 0x00, 0x00, 0x00, 0x00, 0x00,
	0x00, 0x00, 0x00, 0x00, 0x00, 0x00, 0x00, 0x00, 0x00, 0x00, 0x00, 0x00, 0x00, 0x00, 0x00, 0x00,
	0x00, 0x00, 0x00, 0x00, 0x00, 0x00, 0x00, 0x00, 0x00, 0x00, 0x00, 0x00, 0x00, 0x00, 0x00, 0x00,
	0x00, 0x00, 0x00, 0x00, 0x00, 0x00, 0x00, 0x00, 0x00, 0x00, 0x00, 0x00, 0x00, 0x00, 0x00, 0x00,
	0x00, 0x00, 0x00, 0x00, 0x00, 0x00, 0x00, 0x00, 0x00, 0x00, 0x00, 0x00, 0x00, 0x00, 0x00, 0x00,
	0x00, 0x00, 0x00, 0x00, 0x00, 0x00, 0x00, 0x00, 0x00, 0x00, 0x00, 0x00, 0x00, 0x00, 0x00, 0x00,
	0x00, 0x00, 0x00, 0x00, 0x00, 0x00, 0x00, 0x00, 0x00, 0x00, 0x00, 0x00, 0x00, 0x00, 0x00, 0x00,
	0x00, 0x00, 0x00, 0x00, 0x00, 0x00, 0x00, 0x00, 0x00, 0x00, 0x00, 0x00, 0x00, 0x00, 0x00, 0x00,
	0x00, 0x00, 0x00, 0x00, 0x00, 0x00, 0x00, 0x00, 0x00, 0x00, 0x00, 0x00, 0x00, 0x00, 0x00, 0x00,
	0x00, 0x00, 0x00, 0x00, 0x00, 0x00, 0x00, 0x00, 0x00, 0x00, 0x00, 0x00, 0x00, 0x00, 0x00, 0x00,
	0x00, 0x00, 0x00, 0x00, 0x00, 0x00, 0x00, 0x00, 0x00, 0x00, 0x00, 0x00, 0x00, 0x00, 0x00, 0x00,
	0x00, 0x00, 0x00, 0x00, 0x00, 0x00, 0x00, 0x00, 0x00, 0x00, 0x00, 0x00, 0x00, 0x00, 0x00, 0x00,
	0x00, 0x00, 0x00, 0x00, 0x00, 0x00, 0x00, 0x00, 0x00, 0x00, 0x00, 0x00, 0x00, 0x00, 0x00, 0x00,
	0x00, 0x00, 0x00, 0x00, 0x00, 0x00, 0x00, 0x00, 0x00, 0x00, 0x00, 0x00, 0x00, 0x00, 0x00, 0x00,
	0x00, 0x00, 0x00, 0x00, 0x00, 0x00, 0x00, 0x00, 0x00, 0x00, 0x00, 0x00, 0x00, 0x00, 0x00, 0x00,
	0x0f, 0x00, 0x00, 0x00, 0x00, 0x00, 0xf0, 0x00, 0x00, 0xf0, 0x00, 0x00, 0xff, 0x00, 0x00, 0x00,
	0x00, 0x00, 0x00, 0xf0, 0x00, 0x00, 0x00, 0x00, 0xff, 0x00, 0xff, 0x00, 0x00, 0x00, 0x00, 0x00,
	0x00, 0x0f, 0x00, 0x00, 0x00, 0x00, 0x00, 0x00, 0xff, 0x00, 0x00, 0x00, 0x00, 0x00, 0xf0, 0x00,
	0x0f, 0x00, 0x00, 0x00, 0x00, 0x0f, 0xff, 0x00, 0x00, 0x00, 0x00, 0x00, 0x00, 0x00, 0x00, 0x0f,
	0x00, 0x00, 0x00, 0x00, 0x00, 0x0f, 0x00, 0x00, 0x00, 0x0f, 0xff, 0x00, 0x00, 0xf0, 0x00, 0x00,
	0xf0, 0x00, 0x0f, 0x00, 0x00, 0x00, 0x0f, 0x00, 0x00, 0x00, 0x00, 0x00, 0x00, 0x00, 0x00, 0x00,
	0x00, 0x00, 0x00, 0x00, 0x0f, 0x00, 0x00, 0x00, 0x00, 0x00, 0x00, 0x00, 0x00, 0x00, 0x00, 0x00,
	0x00, 0x00, 0x0f, 0x00, 0x0f, 0x00, 0x00, 0x00, 0x00, 0x00, 0x00, 0x00, 0x00, 0x00, 0x00, 0x00,
	0xf0, 0xff, 0x0f, 0xf0, 0x0f, 0xf0, 0x00, 0xf0, 0x00, 0x00, 0x0f, 0x00, 0x00, 0xff, 0x00, 0x0f,
	0x00, 0x00, 0xf0, 0x00, 0x00, 0x00, 0x00, 0x00, 0x00, 0x00, 0xf0, 0x00, 0x00, 0x00, 0x00, 0x00,
	0x00, 0x00, 0x00, 0x00, 0xff, 0x00, 0x00, 0x00, 0x00, 0xf0, 0x00, 0x00, 0xf0, 0x0f, 0xf0, 0x0f,
	0x00, 0x00, 0x00, 0x00, 0xff, 0xff, 0xff, 0xff, 0x00, 0xff, 0x00, 0x00, 0x00, 0x00, 0x00, 0x00,
	0x00, 0x00, 0xf0, 0x00, 0x00, 0x00, 0x00, 0x00, 0x00, 0x0f, 0x00, 0x00, 0x00, 0xf0, 0x00, 0xf0,
	0x00, 0x0f, 0x0f, 0xff, 0x00, 0x00, 0x00, 0xf0, 0x00, 0x00, 0x00, 0x00, 0x00, 0xf0, 0x00, 0x00,
	0x00, 0x0f, 0xf0, 0x00, 0x00, 0x00, 0x00, 0x00, 0x00, 0xff, 0xf0, 0x00, 0x00, 0xff, 0x00, 0x00,
	0x00, 0x00, 0x00, 0x00, 0x00, 0x00, 0x00, 0x00, 0x00, 0x00, 0x00, 0x00, 0x0f, 0x00, 0x00, 0x00,
	0x00, 0xff, 0x00, 0x00, 0x00, 0x00, 0x00, 0x00, 0x00, 0xf0, 0xf0, 0x00, 0x0f, 0x00, 0x00, 0x00,
	0xff, 0xf0, 0x00, 0x00, 0x00, 0x00, 0x00, 0x00, 0x00, 0x00, 0x00, 0x0f, 0x00, 0x00, 0x00, 0x0f,
	0xf0, 0x00, 0xff, 0xf0, 0x00, 0x00, 0xf0, 0x00, 0xff, 0x00, 0x00, 0x00, 0x00, 0x00, 0x00, 0xff,
	0x00, 0x00, 0x00, 0xf0, 0xf0, 0x00, 0x00, 0x00, 0x00, 0xf0, 0x00, 0x00, 0x00, 0x00, 0x0f, 0x00,
	0x00, 0x00, 0x00, 0x00, 0x00, 0xf0, 0x00, 0x00, 0x00, 0x00, 0x00, 0x00, 0xf0, 0xff, 0x00, 0x00,
	0x00, 0xff, 0xf0, 0x0f, 0xff, 0xff, 0xf0, 0x00, 0xf0, 0x0f, 0xf0, 0x00, 0x00, 0x00, 0x00, 0x00,
	0x00, 0x00, 0x00, 0x00, 0x0f, 0x00, 0x00, 0x00, 0x00, 0xff, 0x00, 0x0f, 0x00, 0x00, 0x00, 0x0f,
	0x0f, 0x00, 0x00, 0x00, 0x00, 0x00, 0x00, 0x00, 0x0f, 0x00, 0x0f, 0x0f, 0x00, 0x00, 0x00, 0x00,
	0xf0, 0x00, 0x0f, 0x00, 0x00, 0x00, 0x00, 0xf0, 0x00, 0xff, 0x00, 0x00, 0x00, 0x00, 0x00, 0x00,
	0x00, 0x00, 0x00, 0x00, 0x00, 0xf0, 0x00, 0x00, 0x00, 0x00, 0x00, 0x00, 0xff, 0x00, 0x00, 0x00,
	0x00, 0xf0, 0x00, 0x00, 0x00, 0xff, 0x00, 0x0f, 0x00, 0x00, 0x00, 0x00, 0x00, 0xf0, 0x00, 0x00,
	0x00, 0xff, 0x00, 0x00, 0xf0, 0x00, 0xf0, 0x00, 0x0f, 0xff, 0x00, 0xf0, 0x00, 0x00, 0x00, 0x00,
	0xff, 0x00, 0x00, 0xff, 0x00, 0x00, 0xf0, 0x00, 0x00, 0x00, 0x00, 0x00, 0x00, 0x00, 0xf0, 0x00,
	0xf0, 0x0f, 0xff, 0x00, 0x00, 0x00, 0x00, 0x00, 0x00, 0x00, 0x00, 0xff, 0xff, 0xff, 0x00, 0x00,
	0x00, 0x00, 0x00, 0x00, 0x00, 0x00, 0x00, 0x0f, 0x00, 0x0f, 0x00, 0x00, 0x00, 0x00, 0x00, 0x00,
	0x0f, 0x00, 0x0f, 0x0f, 0x00, 0x00, 0x00, 0x00, 0x00, 0x00, 0x00, 0x00, 0xf0, 0x00, 0x00, 0x00,
	0x00, 0x00, 0xf0, 0x00, 0x00, 0xff, 0x0f, 0x0f, 0x00, 0x00, 0x00, 0x00, 0x00, 0x00, 0xf0, 0x00,
	0x00, 0x00, 0x00, 0x00, 0xf0, 0x00, 0x00, 0x00, 0x00, 0x00, 0x00, 0x00, 0x00, 0x00, 0x00, 0x00,
	0xf0, 0x0f, 0xff, 0x00, 0x0f, 0x00, 0xff, 0xf0, 0x00, 0x00, 0x00, 0x00, 0x00, 0xff, 0x00, 0x00,
	0x0f, 0x0f, 0x00, 0x00, 0x00, 0x00, 0xf0, 0x00, 0x00, 0x00, 0x00, 0x00, 0x00, 0xf0, 0x00, 0xf0,
	0x00, 0x00, 0x00, 0x00, 0xff, 0x0f, 0x00, 0x0f, 0x00, 0x0f, 0x00, 0x00, 0x0f, 0xff, 0xf0, 0xff,
	0x00, 0x00, 0x00, 0x00, 0xff, 0x00, 0x00, 0x00, 0xf0, 0x00, 0x00, 0x00, 0x00, 0x0f, 0x00, 0xff,
	0xf0, 0x00, 0x00, 0x00, 0x00, 0x0f, 0x00, 0xff, 0x00, 0x00, 0x00, 0x00, 0x00, 0x00, 0x00, 0xff,
	0xff, 0x00, 0x00, 0x00, 0xff, 0x00, 0xff, 0x00, 0x00, 0x00, 0x00, 0x00, 0x00, 0xff, 0x00, 0x00,
	0x0f, 0x0f, 0x00, 0x00, 0xf0, 0xf0, 0x00, 0x0f, 0x0f, 0x00, 0x00, 0xff, 0xf0, 0x00, 0x00, 0x00,
	0xff, 0x00, 0x00, 0x00, 0x00, 0xf0, 0x00, 0x00, 0xff, 0xf0, 0x00, 0x00, 0x00, 0x00, 0xf0, 0xff,
	0xf0, 0xf0, 0xf0, 0x00, 0x00, 0xff, 0xff, 0x00, 0x0f, 0x00, 0x00, 0x00, 0xff, 0x00, 0x00, 0x00,
	0xff, 0x00, 0x0f, 0x00, 0x00, 0x00, 0xff, 0x00, 0x00, 0xff, 0xf0, 0x00, 0x0f, 0x0f, 0xff, 0x00,
	0x00, 0xf0, 0xff, 0x00, 0xff, 0x00, 0xf0, 0x00, 0xf0, 0x00, 0x0f, 0x0f, 0x00, 0x00, 0xff, 0x00,
	0x00, 0xf0, 0xff, 0x00, 0xff, 0x00, 0x00, 0x00, 0x0f, 0x00, 0x00, 0x0f, 0x00, 0xf0, 0x00, 0x00,
	0xf0, 0x00, 0x0f, 0xf0, 0xf0, 0x00, 0x00, 0x00, 0xff, 0x00, 0x0f, 0xff, 0xf0, 0x0f, 0xff, 0xff,
	0x0f, 0x0f, 0x00, 0xff, 0x00, 0xff, 0xf0, 0x00, 0xf0, 0x00, 0xff, 0x0f, 0xff, 0x00, 0x00, 0x00,
	0x00, 0x00, 0x0f, 0x00, 0xf0, 0xff, 0xf0, 0x00, 0x00, 0xf0, 0x00, 0xf0, 0xf0, 0x00, 0xff, 0x0f,
	0x0f, 0x00, 0x0f, 0x00, 0xff, 0xff, 0x00, 0x00, 0xf0, 0x00, 0x0f, 0x00, 0x0f, 0x0f, 0x00, 0x00,
	0x0f, 0xff, 0x0f, 0x0f, 0x00, 0x00, 0x00, 0x00, 0x00, 0x00, 0xf0, 0x00, 0x0f, 0x00, 0x00, 0x00,
	0xff, 0x00, 0x00, 0xff, 0x0f, 0x0f, 0x0f, 0xf0, 0x00, 0x00, 0xff, 0x00, 0x00, 0xf0, 0xff, 0x00,
	0x0f, 0xff, 0x00, 0x00, 0x0f, 0x00, 0xff, 0x00, 0xf0, 0x00, 0xf0, 0x00, 0xff, 0xff, 0x0f, 0x00,
	0x0f, 0x00, 0xff, 0x00, 0xff, 0xff, 0xf0, 0x00, 0x00, 0xf0, 0x00, 0xf0, 0x00, 0x00, 0x00, 0x00,
	0x00, 0x00, 0xff, 0x00, 0x00, 0x00, 0xff, 0x00, 0xf0, 0x00, 0x00, 0x00, 0x00, 0xf0, 0x00, 0xf0,
	0x00, 0xff, 0xff, 0x00, 0x00, 0x00, 0xf0, 0xff, 0x0f, 0xf0, 0x00, 0x00, 0xf0, 0x00, 0x00, 0x00,
	0xf0, 0x00, 0xff, 0xff, 0x0f, 0x00, 0x0f, 0xff, 0x00, 0x00, 0x00, 0x00, 0x00, 0x00, 0xf0, 0xff,
	0x0f, 0x00, 0x0f, 0x00, 0x00, 0x00, 0x00, 0x00, 0x00, 0x0f, 0x00, 0x00, 0x00, 0x00, 0xf0, 0x00,
	0x00, 0x00, 0x00, 0x00, 0xf0, 0x0f, 0x00, 0x00, 0x00, 0x0f, 0x00, 0xff, 0x0f, 0x00, 0x0f, 0x00,
	0x00, 0xff, 0x00, 0x00, 0xff, 0x0f, 0x00, 0xf0, 0x0f, 0x0f, 0x00, 0xff, 0x00, 0x0f, 0xff, 0x00,
	0xff, 0xf0, 0xf0, 0x00, 0xff, 0x00, 0x0f, 0x00, 0xff, 0x0f, 0xff, 0xf0, 0x00, 0x0f, 0xff, 0x00,
	0x0f, 0x00, 0xf0, 0xf0, 0xf0, 0xf0, 0x00, 0x00, 0xf0, 0xff, 0x00, 0x00, 0x00, 0x00, 0xf0, 0xff,
	0x00, 0xff, 0xff, 0xff, 0x0f, 0xff, 0x00, 0x00, 0x0f, 0x00, 0x00, 0x00, 0xf0, 0x0f, 0x0f, 0x00,
	0x00, 0xf0, 0x00, 0xf0, 0xf0, 0x00, 0xff, 0x00, 0xf0, 0x00, 0xf0, 0x0f, 0x0f, 0xf0, 0x00, 0x00,
	0x0f, 0xff, 0xf0, 0xff, 0x0f, 0xf0, 0xff, 0x0f, 0xff, 0xff, 0xff, 0x0f, 0x0f, 0xff, 0x00, 0x00,
	0xf0, 0xff, 0xff, 0x00, 0x0f, 0x00, 0x0f, 0xf0, 0xff, 0xf0, 0xf0, 0x00, 0x00, 0x0f, 0x00, 0xff,
	0xff, 0x00, 0x0f, 0x00, 0x00, 0xf0, 0x00, 0xff, 0x00, 0xf0, 0x00, 0x00, 0xf0, 0x0f, 0x0f, 0x00,
	0xff, 0xf0, 0xff, 0xf0, 0x00, 0x00, 0x0f, 0xf0, 0xff, 0x00, 0xf0, 0xf0, 0x00, 0xff, 0xff, 0x00,
	0x00, 0xff, 0x0f, 0x00, 0xff, 0xff, 0xff, 0x00, 0xf0, 0x0f, 0x0f, 0xf0, 0x00, 0x00, 0x00, 0x0f,
	0xff, 0xff, 0x0f, 0xf0, 0xf0, 0xff, 0x0f, 0xff, 0x00, 0xff, 0xff, 0x00, 0x0f, 0xf0, 0x0f, 0x0f,
	0x00, 0x00, 0xff, 0x0f, 0xf0, 0xff, 0xff, 0xff, 0x0f, 0x00, 0xff, 0x0f, 0x0f, 0x00, 0xff, 0xff,
	0xff, 0x0f, 0xf0, 0x0f, 0x0f, 0x0f, 0xff, 0x0f, 0xf0, 0xf0, 0xff, 0xff, 0x0f, 0x00, 0xf0, 0xff,
	0xff, 0xf0, 0xf0, 0x0f, 0x00, 0xf0, 0xff, 0x00, 0x00, 0x00, 0xff, 0x0f, 0x00, 0x00, 0xf0, 0x00,
	0xf0, 0xff, 0x00, 0x0f, 0x0f, 0xf0, 0x0f, 0x00, 0x00, 0xff, 0x0f, 0xff, 0xf0, 0xf0, 0x00, 0x00,
	0x00, 0x00, 0x00, 0xf0, 0xff, 0xff, 0x0f, 0x00, 0x0f, 0xff, 0xf0, 0x00, 0x00, 0xff, 0x00, 0x00,
	0x0f, 0x0f, 0x00, 0x0f, 0x00, 0xff, 0xff, 0x0f, 0xff, 0x0f, 0xff, 0xf0, 0xff, 0xf0, 0xff, 0x0f,
	0x00, 0x00, 0x0f, 0xf0, 0x00, 0x0f, 0xff, 0xff, 0x00, 0x00, 0xf0, 0xff, 0xf0, 0xf0, 0x0f, 0xff,
	0x00, 0x0f, 0xff, 0xff, 0x00, 0x0f, 0xff, 0xf0, 0x00, 0x00, 0x0f, 0x00, 0x0f, 0x0f, 0xf0, 0x0f,
	0x00, 0x00, 0xf0, 0xf0, 0x0f, 0x00, 0x0f, 0xf0, 0xff, 0x0f, 0xf0, 0xff, 0xff, 0x0f, 0x00, 0x00,
	0xff, 0xff, 0xff, 0x00, 0x00, 0xff, 0x00, 0x0f, 0x00, 0xff, 0x0f, 0xf0, 0x0f, 0x0f, 0xff, 0xff,
	0xff, 0x0f, 0x00, 0xff, 0x0f, 0x00, 0x0f, 0x0f, 0x0f, 0x00, 0x00, 0x00, 0x00, 0xff, 0xff, 0x00,
	0xf0, 0xff, 0xff, 0x0f, 0xff, 0xf0, 0xf0, 0x00, 0x00, 0x0f, 0x0f, 0xff, 0xff, 0x00, 0xf0, 0xff,
	0xf0, 0x00, 0xf0, 0xff, 0xff, 0x0f, 0x0f, 0xf0, 0x0f, 0xf0, 0xff, 0x00, 0x0f, 0x00, 0xff, 0xf0,
	0xf0, 0x00, 0x0f, 0xf0, 0x00, 0x0f, 0xf0, 0x0f, 0xf0, 0xf0, 0xf0, 0x00, 0x00, 0x0f, 0x0f, 0xf0,
	0x0f, 0xff, 0x00, 0xff, 0x00, 0xff, 0xf0, 0x00, 0x0f, 0x0f, 0xff, 0xf0, 0xff, 0x00, 0xf0, 0xff,
	0x00, 0x0f, 0xff, 0x0f, 0x0f, 0x00, 0xff, 0xff, 0xf0, 0xf0, 0xf0, 0x0f, 0xf0, 0x0f, 0xf0, 0x00,
	0xf0, 0x0f, 0x00, 0x00, 0x00, 0xff, 0xf0, 0xf0, 0x0f, 0x0f, 0x0f, 0x0f, 0xf0, 0xf0, 0x00, 0xf0,
	0xff, 0xff, 0x0f, 0x0f, 0xff, 0x00, 0x0f, 0x00, 0x0f, 0xff, 0x00, 0xf0, 0x00, 0x0f, 0x0f, 0xff,
	0x00, 0xf0, 0xf0, 0xff, 0xff, 0x00, 0x00, 0x0f, 0xf0, 0x00, 0x00, 0x0f, 0x00, 0x0f, 0xf0, 0x00,
	0x0f, 0x0f, 0xff, 0x0f, 0x00, 0x00, 0x0f, 0x0f, 0xff, 0x0f, 0xff, 0xf0, 0x00, 0x0f, 0xf0, 0xff,
	0xf0, 0x0f, 0x00, 0xff, 0x0f, 0xff, 0x0f, 0x00, 0x00, 0xff, 0x0f, 0xf0, 0x00, 0x00, 0x0f, 0x00,
	0xf0, 0xf0, 0x00, 0xff, 0xff, 0xff, 0x0f, 0x0f, 0xff, 0x00, 0xff, 0x0f, 0xff, 0x00, 0xff, 0xff,
	0xf0, 0xff, 0x00, 0xff, 0x00, 0x00, 0x0f, 0xff, 0x0f, 0xf0, 0x00, 0xf0, 0xff, 0x0f, 0xf0, 0x00,
	0x00, 0xff, 0x00, 0x00, 0x00, 0xff, 0x00, 0xff, 0xf0, 0xf0, 0x00, 0xff, 0xf0, 0x00, 0xff, 0x00,
	0x0f, 0xf0, 0x0f, 0xf0, 0x00, 0x0f, 0x00, 0xf0, 0xf0, 0xf0, 0x00, 0xf0, 0xff, 0xf0, 0xff, 0x0f,
	0xff, 0xff, 0x0f, 0xf0, 0x00, 0x00, 0xf0, 0x0f, 0x0f, 0xff, 0x00, 0x0f, 0xff, 0xf0, 0xf0, 0xff,
	0xff, 0xf0, 0xff, 0x00, 0x00, 0x0f, 0x00, 0xff, 0x0f, 0xff, 0x00, 0x0f, 0x00, 0x00, 0xf0, 0x0f,
	0xf0, 0x0f, 0xff, 0xf0, 0x00, 0xff, 0x00, 0xff, 0x00, 0x0f, 0x00, 0xf0, 0x0f, 0xff, 0x00, 0xff,
	0x0f, 0x00, 0x0f, 0x0f, 0x0f, 0x0f, 0x0f, 0x0f, 0x00, 0xff, 0xff, 0xf0, 0xff, 0x00, 0xff, 0xf0,
	0x00, 0x00, 0x00, 0x00, 0xf0, 0xf0, 0xff, 0x0f, 0x00, 0xf0, 0x00, 0x0f, 0xff, 0xff, 0x0f, 0xf0,
	0xf0, 0x00, 0xf0, 0xf0, 0xff, 0x0f, 0xf0, 0x0f, 0x0f, 0xff, 0xff, 0x0f, 0xff, 0xf0, 0xf0, 0xf0,
	0x00, 0xf0, 0xf0, 0x0f, 0xff, 0xff, 0x0f, 0xff, 0xf0, 0xff, 0xff, 0xf0, 0xff, 0xff, 0xf0, 0xf0,
	0x0f, 0xff, 0xf0, 0xff, 0x0f, 0x00, 0xf0, 0xff, 0x0f, 0xf0, 0xff, 0xf0, 0x0f, 0x0f, 0x0f, 0xff,
	0x0f, 0x00, 0xf0, 0xff, 0xf0, 0x0f, 0x0f, 0xff, 0x0f, 0xf0, 0x0f, 0xff, 0x0f, 0x0f, 0xf0, 0xf0,
	0xf0, 0x0f, 0xf0, 0xf0, 0xf0, 0xff, 0xf0, 0xf0, 0xff, 0xff, 0xf0, 0xf0, 0xf0, 0x00, 0x0f, 0x00,
	0x0f, 0xf0, 0xff, 0x0f, 0xff, 0x00, 0xff, 0xf0, 0xf0, 0xf0, 0xf0, 0x00, 0xf0, 0xf0, 0x0f, 0xf0,
	0xf0, 0xf0, 0xf0, 0xff, 0xff, 0x0f, 0x0f, 0x0f, 0xff, 0xff, 0xff, 0xff, 0xff, 0x0f, 0xf0, 0xff,
	0xf0, 0xf0, 0xf0, 0xf0, 0x0f, 0xff, 0x00, 0x0f, 0xff, 0x0f, 0x0f, 0xf0, 0x00, 0xff, 0x0f, 0x0f,
	0x0f, 0x0f, 0xff, 0xf0, 0x0f, 0x0f, 0xf0, 0x0f, 0xf0, 0x0f, 0xff, 0xf0, 0xff, 0xff, 0x00, 0x0f,
	0x00, 0xff, 0xf0, 0xf0, 0xf0, 0x0f, 0xf0, 0xf0, 0x00, 0x0f, 0x0f, 0xf0, 0xf0, 0x0f, 0xf0, 0xf0,
	0x00, 0xf0, 0x0f, 0xf0, 0xff, 0xf0, 0x0f, 0xff, 0xff, 0xf0, 0xf0, 0xf0, 0x0f, 0x0f, 0xf0, 0x0f,
	0x0f, 0xff, 0xff, 0x00, 0x00, 0xff, 0xff, 0xff, 0xf0, 0x0f, 0xf0, 0xf0, 0x0f, 0xf0, 0xff, 0x0f,
	0x0f, 0x0f, 0x0f, 0x0f, 0xff, 0x0f, 0xff, 0x00, 0xff, 0x0f, 0xf0, 0x0f, 0xf0, 0xf0, 0x0f, 0x00,
	0xff, 0xff, 0xff, 0x0f, 0xff, 0xff, 0x0f, 0x0f, 0xf0, 0xff, 0x0f, 0xff, 0xff, 0xf0, 0xff, 0x0f,
	0xf0, 0xf0, 0x0f, 0x00, 0xff, 0x0f, 0x0f, 0x0f, 0x0f, 0xf0, 0xff, 0x00, 0x0f, 0xf0, 0xff, 0xff,
	0xf0, 0x00, 0x0f, 0x00, 0xf0, 0x0f, 0xf0, 0x0f, 0xf0, 0xf0, 0xff, 0xf0, 0xff, 0xff, 0x00, 0xf0,
	0x0f, 0x00, 0xff, 0xf0, 0x0f, 0xf0, 0xf0, 0xff, 0xff, 0x0f, 0xf0, 0x0f, 0xf0, 0xf0, 0xff, 0xf0,
	0x0f, 0xf0, 0x0f, 0xff, 0xff, 0xff, 0x0f, 0xf0, 0x0f, 0xff, 0x0f, 0xf0, 0xff, 0xf0, 0xff, 0xf0,
	0xf0, 0xf0, 0xf0, 0x0f, 0x0f, 0x0f, 0xf0, 0xf0, 0xff, 0xff, 0x00, 0xf0, 0xf0, 0xff, 0x00, 0x00,
	0xf0, 0x00, 0xf0, 0x0f, 0x0f, 0x0f, 0x0f, 0x0f, 0x0f, 0x0f, 0x0f, 0xf0, 0xff, 0xff, 0xff, 0x0f,
	0xff, 0xff, 0xff, 0xff, 0xff, 0xff, 0xff, 0xff, 0xff, 0xff, 0xff, 0xff, 0xff, 0xff, 0xff, 0xff,
	0xff, 0xff, 0xff, 0xff, 0xff, 0xff, 0xff, 0xff, 0xff, 0xff, 0xff, 0xff, 0xff, 0xff, 0xff, 0xff,
	0xff, 0xff, 0xff, 0xff, 0xff, 0xff, 0xff, 0xff, 0xff, 0xff, 0xff, 0xff, 0xff, 0xff, 0xff, 0xff,
	0xff, 0xff, 0xff, 0xff, 0xff, 0xff, 0xff, 0xff, 0xff, 0xff, 0xff, 0xff, 0xff, 0xff, 0xff, 0xff,
	0xff, 0xff, 0xff, 0xff, 0xff, 0xff, 0xff, 0xff, 0xff, 0xff, 0xff, 0xff, 0xff, 0xff, 0xff, 0xff,
	0xff, 0xff, 0xff, 0xff, 0xff, 0xff, 0xff, 0xff, 0xff, 0xff, 0xff, 0xff, 0xff, 0xff, 0xff, 0xff,
	0xff, 0xff, 0xff, 0xff, 0xff, 0xff, 0xff, 0xff, 0xff, 0xff, 0xff, 0xff, 0xff, 0xff, 0xff, 0xff,
	0xff, 0xff, 0xff, 0xff, 0xff, 0xff, 0xff, 0xff, 0xff, 0xff, 0xff, 0xff, 0xff, 0xff, 0xff, 0xff,
	0xff, 0xff, 0xff, 0xff, 0xff, 0xff, 0xff, 0xff, 0xff, 0xff, 0xff, 0xff, 0xff, 0xff, 0xff, 0xff,
	0xff, 0xff, 0xff, 0xff, 0xff, 0xff, 0xff, 0xff, 0xff, 0xff, 0xff, 0xff, 0xff, 0xff, 0xff, 0xff,
	0xff, 0xff, 0xff, 0xff, 0xff, 0xff, 0xff, 0xff, 0xff, 0xff, 0xff, 0xff, 0xff, 0xff, 0xff, 0xff,
	0xff, 0xff, 0xff, 0xff, 0xff, 0xff, 0xff, 0xff, 0xff, 0xff, 0xff, 0xff, 0xff, 0xff, 0xff, 0xff,
	0xff, 0xff, 0xff, 0xff, 0xff, 0xff, 0xff, 0xff, 0xff, 0xff, 0xff, 0xff, 0xff, 0xff, 0xff, 0xff,
	0xff, 0xff, 0xff, 0xff, 0xff, 0xff, 0xff, 0xff, 0xff, 0xff, 0xff, 0xff, 0xff, 0xff, 0xff, 0xff,
	0xff, 0xff, 0xff, 0xff, 0xff, 0xff, 0xff, 0xff, 0xff, 0xff, 0xff, 0xff, 0xff, 0xff, 0xff, 0xff,
	0xff, 0xff, 0xff, 0xff, 0xff, 0xff, 0xff, 0xff, 0xff, 0xff, 0xff, 0xff, 0xff, 0xff, 0xff, 0xff,
	0xff, 0xff, 0xff, 0xff, 0xff, 0xff, 0xff, 0xff, 0xff, 0xff, 0xff, 0xff, 0xff, 0xff, 0xff, 0xff,
	0xff, 0xff, 0xff, 0xff, 0xff, 0xff, 0xff, 0xff, 0xff, 0xff, 0xff, 0xff, 0xff, 0xff, 0xff, 0xff,
	0xff, 0xff, 0xff, 0xff, 0xff, 0xff, 0xff, 0xff, 0xff, 0xff, 0xff, 0xff, 0xff, 0xff, 0xff, 0xff,
	0xff, 0xff, 0xff, 0xff, 0xff, 0xff, 0xff, 0xff, 0xff, 0xff, 0xff, 0xff, 0xff, 0xff, 0xff, 0xff,
	0x00, 0x00, 0x00, 0x00, 0x00, 0x00, 0x00, 0x00, 0x00, 0x00, 0x00, 0x00, 0x00, 0x00, 0x00, 0x00,
	0x00, 0x00, 0x00, 0x00, 0x00, 0x00, 0x00, 0x00, 0x00, 0x00, 0x00, 0x00, 0x00, 0x00, 0x00, 0x00,
	0x00, 0x00, 0x00, 0x00, 0x00, 0x00, 0x00, 0x00, 0x00, 0x00, 0x00, 0x00, 0x00, 0x00, 0x00, 0x00,
	0x00, 0x00, 0x00, 0x00, 0x00, 0x00, 0x00, 0x00, 0x00, 0x00, 0x00, 0x00, 0x00, 0x00, 0x00, 0x00,
	0x00, 0x00, 0x00, 0x00, 0x00, 0x00, 0x00, 0x00, 0x00, 0x00, 0x00, 0x00, 0x00, 0x00, 0x00, 0x00,
	0x00, 0x00, 0x00, 0x00, 0x00, 0x00, 0x00, 0x00, 0x00, 0x00, 0x00, 0x00, 0x00, 0x00, 0x00, 0x00,
	0x00, 0x00, 0x00, 0x00, 0x00, 0x00, 0x00, 0x00, 0x00, 0x00, 0x00, 0x00, 0x00, 0x00, 0x00, 0x00,
	0x00, 0x00, 0x00, 0x00, 0x00, 0x00, 0x00, 0x00, 0x00, 0x00, 0x00, 0x00, 0x00, 0x00, 0x00, 0x00,
	0x00, 0x00, 0x00, 0x00, 0x00, 0x00, 0x00, 0x00, 0x00, 0x00, 0x00, 0x00, 0x00, 0x00, 0x00, 0x00,
	0x00, 0x00, 0x00, 0x00, 0x00, 0x00, 0x00, 0x00, 0x00, 0x00, 0x00, 0x00, 0x00, 0x00, 0x00, 0x00,
	0x00, 0x00, 0x00, 0x00, 0x00, 0x00, 0x00, 0x00, 0x00, 0x00, 0x00, 0x00, 0x00, 0x00, 0x00, 0x00,
	0x00, 0x00, 0x00, 0x00, 0x00, 0x00, 0x00, 0x00, 0x00, 0x00, 0x00, 0x00, 0x00, 0x00, 0x00, 0x00,
	0x00, 0x00, 0x00, 0x00, 0x00, 0x00, 0x00, 0x00, 0x00, 0x00, 0x00, 0x00, 0x00, 0x00, 0x00, 0x00,
	0x00, 0x00, 0x00, 0x00, 0x00, 0x00, 0x00, 0x00, 0x00, 0x00, 0x00, 0x00, 0x00, 0x00, 0x00, 0x00,
	0x00, 0x00, 0x00, 0x00, 0x00, 0x00, 0x00, 0x00, 0x00, 0x00, 0x00, 0x00, 0x00, 0x00, 0x00, 0x00,
	0x00, 0x00, 0x00, 0x00, 0x00, 0x00, 0x00, 0x00, 0x00, 0x00, 0x00, 0x00, 0x00, 0x00, 0x00, 0x00,
	0x00, 0x00, 0x00, 0x00, 0x00, 0x00, 0x00, 0x00, 0x00, 0x00, 0x00, 0x00, 0x00, 0x00, 0x00, 0x00,
	0x00, 0x00, 0x00, 0x00, 0x00, 0x00, 0x00, 0x00, 0x00, 0x00, 0x00, 0x00, 0x00, 0x00, 0x00, 0x00,
	0x00, 0x00, 0x00, 0x00, 0x00, 0x00, 0x00, 0x00, 0x00, 0x00, 0x00, 0x00, 0x00, 0x00, 0x00, 0x00,
	0x00, 0x00, 0x00, 0x00, 0x00, 0x00, 0x00, 0x00, 0x00, 0x00, 0x00, 0x00, 0x00, 0x00, 0x00, 0x00,
	0xf0, 0x00, 0x00, 0x00, 0x00, 0x00, 0x00, 0xff, 0xff, 0x00, 0x00, 0xff, 0x00, 0x00, 0x00, 0x00,
	0x00, 0x00, 0x00, 0x00, 0x0f, 0x00, 0x00, 0x00, 0x00, 0x00, 0x00, 0x00, 0x00, 0xff, 0xff, 0x00,
	0x0f, 0x00, 0x00, 0xf0, 0xff, 0x00, 0x00, 0x00, 0x00, 0x00, 0x00, 0x00, 0xf0, 0x00, 0x00, 0x00,
	0x00, 0x00, 0xf0, 0x00, 0x00, 0xf0, 0x00, 0x00, 0x00, 0x00, 0x00, 0x00, 0xf0, 0xf0, 0x00, 0x00,
	0x00, 0x00, 0x00, 0x00, 0xff, 0x00, 0x00, 0x00, 0xff, 0x00, 0xff, 0x0f, 0x00, 0x0f, 0x00, 0x00,
	0x00, 0x00, 0x00, 0x0f, 0xf0, 0x0f, 0x00, 0x00, 0x00, 0x00, 0x00, 0xff, 0xf0, 0xf0, 0x00, 0x00,
	0x0f, 0x00, 0x0f, 0x00, 0x00, 0x0f, 0x00, 0x00, 0x00, 0x00, 0x00, 0x00, 0xf0, 0xf0, 0xff, 0x00,
	0x00, 0x00, 0xff, 0x00, 0x0f, 0x00, 0x00, 0x00, 0x00, 0xff, 0x00, 0x00, 0x00, 0x00, 0x00, 0x00,
	0x00, 0x0f, 0x0f, 0xf0, 0xf0, 0x0f, 0x00, 0x00, 0x00, 0xf0, 0x00, 0x00, 0x00, 0x00, 0x00, 0x00,
	0x00, 0x00, 0x00, 0x00, 0x00, 0x00, 0x00, 0x0f, 0x00, 0x00, 0x00, 0x00, 0x00, 0x00, 0x00, 0x00,
	0x00, 0x00, 0x00, 0x00, 0x00, 0x00, 0x00, 0xff, 0x00, 0xf0, 0x00, 0x00, 0x00, 0x00, 0xff, 0x0f,
	0x00, 0x00, 0xff, 0x00, 0x00, 0x00, 0xff, 0xf0, 0xff, 0x00, 0x00, 0x00, 0x00, 0x00, 0x00, 0xff,
	0x00, 0x00, 0x0f, 0x00, 0x00, 0x00, 0x00, 0xf0, 0x00, 0x00, 0x00, 0x00, 0x00, 0x00, 0x00, 0x00,
	0x00, 0x00, 0x00, 0x00, 0x00, 0x00, 0x00, 0x00, 0x00, 0xff, 0x0f, 0x00, 0x00, 0x0f, 0x00, 0x00,
	0x00, 0x00, 0x00, 0x00, 0x00, 0x00, 0xf0, 0x00, 0x00, 0xf0, 0x00, 0x00, 0x0f, 0x00, 0xf0, 0xff,
	0x00, 0xf0, 0x00, 0x00, 0x00, 0x0f, 0x00, 0x00, 0x00, 0x00, 0x0f, 0x00, 0x00, 0x00, 0xff, 0x00,
	0x00, 0x00, 0x00, 0x00, 0x00, 0x00, 0x00, 0x00, 0x00, 0x00, 0x00, 0x00, 0x0f, 0x00, 0xff, 0x00,
	0x00, 0xff, 0x00, 0x00, 0x0f, 0x00, 0x00, 0x00, 0xff, 0x00, 0xf0, 0x00, 0x00, 0xff, 0xff, 0x00,
	0x00, 0x00, 0x0f, 0x00, 0x00, 0x00, 0x00, 0x00, 0x00, 0x00, 0x00, 0x00, 0x00, 0x00, 0x00, 0xf0,
	0x00, 0xf0, 0x00, 0xf0, 0xff, 0x00, 0x00, 0x00, 0x00, 0xff, 0x00, 0x00, 0x00, 0x00, 0xff, 0x00,
	0x00, 0xf0, 0x00, 0x00, 0x00, 0x00, 0x0f, 0x00, 0x00, 0x00, 0x00, 0x00, 0x00, 0x00, 0xf0, 0x00,
	0x00, 0x00, 0x00, 0x0f, 0x00, 0x00, 0x0f, 0x00, 0xf0, 0x00, 0x00, 0xff, 0x00, 0x00, 0xf0, 0x00,
	0x00, 0xf0, 0xf0, 0x00, 0x00, 0x00, 0x00, 0xf0, 0x00, 0x00, 0xf0, 0x00, 0x00, 0x0f, 0x00, 0x00,
	0xff, 0x00, 0x00, 0x00, 0x0f, 0x00, 0x00, 0xf0, 0x00, 0x00, 0x00, 0x00, 0x00, 0xf0, 0x00, 0x00,
	0x00, 0x00, 0x00, 0x00, 0x00, 0x00, 0x00, 0x00, 0x00, 0x00, 0x00, 0x00, 0x00, 0x00, 0x00, 0x0f,
	0x00, 0x00, 0x00, 0x00, 0x00, 0xf0, 0x0f, 0x00, 0x0f, 0xf0, 0xf0, 0x00, 0x00, 0x00, 0x00, 0xff,
	0xff, 0xf0, 0x00, 0x00, 0x00, 0x0f, 0x00, 0x00, 0x00, 0x00, 0x00, 0x00, 0x00, 0x00, 0x00, 0x00,
	0x0f, 0x00, 0x00, 0xff, 0xf0, 0x00, 0x00, 0x00, 0x00, 0x0f, 0x00, 0x0f, 0x0f, 0x00, 0x0f, 0xff,
	0x00, 0x00, 0x00, 0x0f, 0x00, 0xff, 0x00, 0x00, 0xf0, 0x00, 0xff, 0x00, 0xf0, 0x00, 0x00, 0x0f,
	0x0f, 0xf0, 0x00, 0x00, 0x00, 0x00, 0x00, 0x00, 0x00, 0xff, 0x00, 0x00, 0xf0, 0x00, 0x00, 0x00,
	0x0f, 0x00, 0x0f, 0x00, 0x00, 0xf0, 0xff, 0xff, 0xff, 0x00, 0xff, 0xff, 0x00, 0x00, 0x0f, 0x00,
	0xf0, 0x00, 0xf0, 0x00, 0x00, 0x00, 0x00, 0x00, 0x00, 0x00, 0x00, 0x00, 0xf0, 0x00, 0x00, 0x0f,
	0x00, 0xf0, 0x00, 0x00, 0x00, 0x00, 0x0f, 0x00, 0x0f, 0x00, 0xf0, 0x00, 0xf0, 0x0f, 0x00, 0x00,
	0x00, 0xf0, 0x00, 0x00, 0x00, 0xff, 0x00, 0x00, 0x00, 0x00, 0x00, 0x00, 0x00, 0x00, 0xf0, 0x00,
	0xf0, 0x00, 0x00, 0x0f, 0x00, 0x00, 0x00, 0x00, 0x00, 0x00, 0x00, 0xf0, 0x00, 0xf0, 0x00, 0xff,
	0xff, 0xff, 0x00, 0x00, 0x00, 0x00, 0x00, 0x00, 0x00, 0xf0, 0x00, 0x00, 0x00, 0x00, 0x0f, 0x0f,
	0x00, 0x00, 0x00, 0x0f, 0x00, 0x00, 0x00, 0x00, 0x00, 0x00, 0x00, 0x00, 0x00, 0x0f, 0x00, 0x00,
	0xf0, 0xff, 0x00, 0x00, 0x00, 0xff, 0x00, 0x00, 0x00, 0x00, 0xf0, 0x00, 0xff, 0x00, 0x00, 0x00,
	0x00, 0x00, 0x00, 0xf0, 0xf0, 0x00, 0x00, 0x00, 0x00, 0x00, 0x00, 0x00, 0x00, 0x00, 0xff, 0x00,
	0x00, 0x00, 0x00, 0x00, 0x00, 0x00, 0xf0, 0xf0, 0x00, 0x00, 0x00, 0x00, 0x00, 0xff, 0x00, 0x00,
	0x00, 0x0f, 0x00, 0xff, 0x00, 0xf0, 0x0f, 0x00, 0x00, 0x00, 0x00, 0xf0, 0x00, 0x0f, 0x0f, 0xff,
	0x00, 0x00, 0xf0, 0x0f, 0xff, 0xff, 0x00, 0x0f, 0x00, 0xf0, 0xff, 0xf0, 0x00, 0x00, 0x0f, 0x00,
	0xf0, 0x00, 0x00, 0x0f, 0xff, 0x00, 0xf0, 0x00, 0x00, 0x00, 0xf0, 0xff, 0x0f, 0xf0, 0x00, 0xf0,
	0x00, 0x00, 0x00, 0x00, 0x00, 0x00, 0x00, 0x0f, 0x0f, 0x00, 0x00, 0x0f, 0x00, 0x00, 0x0f, 0x00,
	0xff, 0x00, 0x0f, 0x00, 0xff, 0x00, 0x00, 0x0f, 0x00, 0xf0, 0xf0, 0x00, 0x00, 0xff, 0x00, 0xf0,
	0x0f, 0xff, 0xf0, 0xf0, 0x0f, 0x00, 0xff, 0x0f, 0x00, 0x00, 0xff, 0x00, 0x00, 0x00, 0x00, 0x00,
	0x00, 0x0f, 0xf0, 0xf0, 0x0f, 0x00, 0x00, 0x00, 0x00, 0xf0, 0x00, 0x0f, 0x00, 0x00, 0xf0, 0x00,
	0xf0, 0x00, 0xff, 0xff, 0x00, 0x00, 0x00, 0x00, 0x00, 0xf0, 0xf0, 0x00, 0xff, 0xf0, 0xff, 0x0f,
	0x00, 0x00, 0xf0, 0xf0, 0x00, 0x00, 0xf0, 0xff, 0x00, 0x00, 0xff, 0x00, 0x00, 0x00, 0x0f, 0xf0,
	0x00, 0x00, 0xff, 0x00, 0x00, 0xff, 0x00, 0x00, 0x00, 0xff, 0x00, 0x00, 0x0f, 0xff, 0x00, 0x00,
	0x00, 0x00, 0xf0, 0xff, 0x00, 0x0f, 0x00, 0xf0, 0x0f, 0xff, 0xf0, 0xff, 0xf0, 0x00, 0x00, 0x00,
	0x00, 0x00, 0x00, 0x00, 0x00, 0x00, 0xff, 0x0f, 0x0f, 0x00, 0x0f, 0x00, 0x00, 0x00, 0x00, 0x00,
	0x00, 0x00, 0x0f, 0x00, 0xf0, 0x00, 0x00, 0x00, 0x00, 0xff, 0xff, 0x00, 0xf0, 0x00, 0xf0, 0x00,
	0x0f, 0xf0, 0xf0, 0x00, 0xff, 0xff, 0xf0, 0x0f, 0x0f, 0x0f, 0x00, 0x00, 0x0f, 0x00, 0xf0, 0x00,
	0xf0, 0xff, 0x00, 0x00, 0xff, 0xf0, 0x00, 0x00, 0x0f, 0x0f, 0xff, 0x00, 0x00, 0x0f, 0xff, 0x00,
	0x00, 0xf0, 0x00, 0x00, 0xf0, 0xff, 0xf0, 0x00, 0x00, 0x0f, 0x00, 0x00, 0xff, 0x00, 0x00, 0xf0,
	0x00, 0xf0, 0x0f, 0x00, 0x0f, 0x00, 0x0f, 0x00, 0x00, 0x00, 0x00, 0xf0, 0x00, 0xf0, 0xf0, 0xff,
	0xf0, 0xff, 0xf0, 0x00, 0x00, 0xff, 0x00, 0x0f, 0xf0, 0x00, 0xff, 0x00, 0x00, 0x00, 0xff, 0x00,
	0x0f, 0x00, 0x00, 0x00, 0xff, 0xff, 0x00, 0x0f, 0xf0, 0x00, 0x00, 0xf0, 0x00, 0x00, 0x00, 0x00,
	0xf0, 0xff, 0x0f, 0xff, 0x0f, 0x00, 0x00, 0xff, 0x00, 0x00, 0x00, 0x0f, 0x00, 0x00, 0x0f, 0x00,
	0x0f, 0xff, 0xff, 0xff, 0xf0, 0xff, 0x0f, 0xf0, 0xf0, 0x0f, 0x00, 0xff, 0xff, 0xf0, 0x0f, 0xff,
	0xff, 0x00, 0xf0, 0x0f, 0x0f, 0x0f, 0x0f, 0x0f, 0xff, 0xf0, 0x00, 0x0f, 0x0f, 0x00, 0xff, 0xf0,
	0x0f, 0x00, 0x00, 0xf0, 0x00, 0x00, 0xff, 0x00, 0xf0, 0x0f, 0x0f, 0xf0, 0x0f, 0x0f, 0x0f, 0x00,
	0xff, 0x0f, 0xff, 0xf0, 0xf0, 0xff, 0xf0, 0x0f, 0xff, 0x0f, 0xff, 0x00, 0x0f, 0x0f, 0x0f, 0xff,
	0xf0, 0x00, 0xff, 0xff, 0x0f, 0xff, 0x00, 0xf0, 0x00, 0x00, 0x00, 0x00, 0x00, 0x00, 0xff, 0x0f,
	0x0f, 0xff, 0x0f, 0xf0, 0x0f, 0xf0, 0xf0, 0xf0, 0xf0, 0xf0, 0x00, 0xf0, 0xff, 0x0f, 0x0f, 0x0f,
	0xf0, 0xf0, 0x00, 0xf0, 0x00, 0xf0, 0x0f, 0xff, 0xf0, 0x0f, 0x00, 0xf0, 0x00, 0x0f, 0xff, 0x00,
	0xff, 0x00, 0x00, 0xf0, 0x00, 0x00, 0x00, 0xf0, 0x0f, 0x00, 0x0f, 0x00, 0xff, 0x00, 0x0f, 0xf0,
	0x0f, 0x00, 0x00, 0xf0, 0xf0, 0x0f, 0x00, 0xf0, 0x00, 0x00, 0x00, 0x00, 0xff, 0x0f, 0xf0, 0x00,
	0xf0, 0x0f, 0xf0, 0x00, 0xf0, 0xf0, 0x00, 0x0f, 0x00, 0xf0, 0x0f, 0x00, 0xff, 0xf0, 0x00, 0xf0,
	0x0f, 0xf0, 0x0f, 0xf0, 0xf0, 0x00, 0x0f, 0xf0, 0xf0, 0x00, 0x00, 0x0f, 0x00, 0x0f, 0xf0, 0x0f,
	0x0f, 0x0f, 0xf0, 0xff, 0xff, 0x00, 0x00, 0x0f, 0xf0, 0xff, 0xff, 0x0f, 0x00, 0x0f, 0x00, 0xf0,
	0xff, 0x00, 0x00, 0x00, 0xff, 0x00, 0xff, 0xf0, 0x00, 0xff, 0xf0, 0xf0, 0x0f, 0xf0, 0x00, 0x0f,
	0xf0, 0xf0, 0x0f, 0x0f, 0xff, 0xf0, 0xff, 0xff, 0xff, 0x0f, 0xff, 0x00, 0x0f, 0x00, 0x00, 0xf0,
	0x00, 0x0f, 0x00, 0x00, 0x00, 0x00, 0xf0, 0xff, 0x00, 0x0f, 0x00, 0x00, 0xf0, 0x00, 0x0f, 0x0f,
	0x0f, 0xf0, 0x00, 0xff, 0xf0, 0x00, 0x00, 0xf0, 0xff, 0x00, 0x00, 0xf0, 0x00, 0xf0, 0xff, 0x00,
	0x00, 0x00, 0x00, 0xf0, 0xff, 0xf0, 0x0f, 0xff, 0x00, 0x0f, 0x00, 0xff, 0xf0, 0xff, 0x0f, 0x0f,
	0x00, 0x0f, 0x0f, 0xf0, 0x0f, 0x00, 0x00, 0xff, 0x0f, 0xff, 0x00, 0xf0, 0x00, 0x00, 0x00, 0xff,
	0xf0, 0xf0, 0x0f, 0x0f, 0x00, 0x0f, 0xff, 0x00, 0xff, 0xff, 0xff, 0x00, 0x00, 0x00, 0x00, 0xf0,
	0xf0, 0xff, 0x00, 0xff, 0xff, 0xff, 0x00, 0xff, 0xff, 0xf0, 0xff, 0x00, 0xff, 0x0f, 0xf0, 0xff,
	0x00, 0x00, 0xf0, 0x0f, 0xff, 0xff, 0xff, 0xf0, 0x0f, 0xf0, 0x0f, 0x0f, 0xf0, 0x00, 0x0f, 0x0f,
	0xff, 0xff, 0x00, 0x0f, 0x00, 0xf0, 0x00, 0x00, 0x0f, 0xf0, 0xff, 0x0f, 0x0f, 0xf0, 0xff, 0x00,
	0xff, 0x0f, 0xf0, 0xff, 0x0f, 0x00, 0xf0, 0xff, 0xf0, 0x00, 0xf0, 0x0f, 0x0f, 0xf0, 0x0f, 0x0f,
	0x00, 0xff, 0xff, 0xf0, 0x00, 0xf0, 0xf0, 0x00, 0x0f, 0x0f, 0x0f, 0x0f, 0xf0, 0xff, 0xf0, 0xf0,
	0xf0, 0xff, 0x00, 0x0f, 0xff, 0x00, 0xf0, 0x00, 0xf0, 0x00, 0xff, 0x00, 0xf0, 0xff, 0xff, 0x00,
	0x00, 0xff, 0x0f, 0xf0, 0x00, 0x0f, 0xff, 0x00, 0x00, 0x00, 0xf0, 0xff, 0x00, 0x00, 0x00, 0xf0,
	0x0f, 0xf0, 0x0f, 0x00, 0x0f, 0x0f, 0xff, 0xff, 0x00, 0x00, 0xff, 0x00, 0xff, 0x0f, 0x0f, 0x0f,
	0xff, 0x00, 0x00, 0xf0, 0xff, 0x0f, 0x0f, 0x00, 0xff, 0xf0, 0xff, 0x0f, 0x0f, 0x00, 0xff, 0xff,
	0xff, 0x0f, 0xf0, 0xf0, 0xf0, 0xf0, 0xf0, 0xff, 0x00, 0xf0, 0xff, 0x00, 0xf0, 0xff, 0xff, 0xff,
	0x0f, 0xf0, 0xf0, 0x00, 0xff, 0x0f, 0xf0, 0x0f, 0xf0, 0x00, 0x00, 0xff, 0xff, 0x0f, 0xf0, 0x00,
	0xf0, 0x00, 0x0f, 0xf0, 0xff, 0x00, 0x00, 0x0f, 0x0f, 0x00, 0xf0, 0x00, 0x00, 0x0f, 0xf0, 0x0f,
	0xff, 0x00, 0xff, 0xff, 0xff, 0x00, 0x00, 0x0f, 0xff, 0xf0, 0xf0, 0x00, 0xff, 0x00, 0x00, 0xf0,
	0x0f, 0x00, 0xf0, 0xff, 0x0f, 0x00, 0xf0, 0x00, 0xf0, 0xff, 0x0f, 0xff, 0x00, 0xf0, 0xff, 0x00,
	0xf0, 0x00, 0xf0, 0xff, 0xff, 0xf0, 0x00, 0xff, 0xf0, 0x0f, 0xff, 0xf0, 0xf0, 0x00, 0xf0, 0xf0,
	0x00, 0xf0, 0x00, 0x0f, 0x00, 0xf0, 0x0f, 0x0f, 0x00, 0xff, 0x0f, 0xff, 0x00, 0x0f, 0xff, 0x0f,
	0xf0, 0xf0, 0x00, 0xf0, 0xff, 0xf0, 0xff, 0x00, 0x0f, 0xff, 0x00, 0x0f, 0x0f, 0xff, 0xff, 0x00,
	0x0f, 0x0f, 0xf0, 0xf0, 0x0f, 0xff, 0x00, 0xf0, 0xff, 0xf0, 0x0f, 0xf0, 0x00, 0xff, 0x00, 0x00,
	0x00, 0xf0, 0x0f, 0xff, 0x00, 0xf0, 0x00, 0xff, 0xf0, 0xff, 0x0f, 0xf0, 0x00, 0x0f, 0x00, 0xf0,
	0xf0, 0x00, 0xff, 0x00, 0x00, 0x0f, 0xf0, 0xf0, 0x00, 0xf0, 0x00, 0xff, 0xff, 0xff, 0x00, 0x0f,
	0x0f, 0x0f, 0x00, 0x00, 0xff, 0x0f, 0xf0, 0x00, 0xf0, 0xf0, 0xf0, 0xf0, 0x0f, 0xf0, 0x00, 0x00,
	0xf0, 0xff, 0xff, 0xff, 0xf0, 0xf0, 0xf0, 0xff, 0x0f, 0x0f, 0x00, 0xff, 0xff, 0x0f, 0x0f, 0x0f,
	0xf0, 0xff, 0xff, 0xff, 0xff, 0xff, 0x00, 0x0f, 0x0f, 0xf0, 0xff, 0x0f, 0x0f, 0xf0, 0xff, 0xff,
	0x0f, 0x0f, 0x00, 0xff, 0x0f, 0x0f, 0xf0, 0x0f, 0x00, 0xf0, 0x0f, 0xf0, 0xf0, 0xff, 0xf0, 0x0f,
	0xf0, 0x0f, 0xf0, 0xf0, 0xff, 0xf0, 0xff, 0x0f, 0xff, 0xf0, 0xff, 0xf0, 0x0f, 0xf0, 0xff, 0xf0,
	0x0f, 0x0f, 0xff, 0x0f, 0x0f, 0xff, 0xf0, 0xf0, 0x0f, 0x0f, 0xf0, 0xf0, 0xff, 0x0f, 0xf0, 0xff,
	0x0f, 0xff, 0x0f, 0x0f, 0xff, 0xf0, 0x00, 0xff, 0xf0, 0xf0, 0xf0, 0xff, 0x0f, 0x00, 0x0f, 0xf0,
	0x0f, 0xf0, 0xf0, 0x0f, 0xf0, 0xff, 0xf0, 0xff, 0xff, 0xff, 0xff, 0xf0, 0xf0, 0x0f, 0xf0, 0xf0,
	0x00, 0xff, 0xff, 0xff, 0xff, 0xf0, 0x0f, 0x0f, 0xff, 0x0f, 0x0f, 0xff, 0xff, 0x0f, 0x0f, 0x0f,
	0x0f, 0xff, 0xff, 0xff, 0xff, 0x00, 0xf0, 0x0f, 0xf0, 0xff, 0x00, 0xff, 0x0f, 0x0f, 0x00, 0x00,
	0x0f, 0xf0, 0xff, 0xff, 0xf0, 0xff, 0x00, 0x0f, 0x0f, 0xf0, 0x0f, 0xff, 0x0f, 0x00, 0x0f, 0xff,
	0xf0, 0x0f, 0x0f, 0xf0, 0x0f, 0xff, 0xf0, 0x0f, 0x0f, 0xf0, 0x0f, 0x0f, 0xff, 0xf0, 0xff, 0x0f,
	0xff, 0xff, 0xf0, 0xf0, 0x0f, 0x0f, 0x0f, 0xf0, 0xff, 0xff, 0x00, 0x0f, 0x0f, 0x0f, 0xf0, 0xf0,
	0xff, 0xf0, 0xff, 0x0f, 0xf0, 0xf0, 0xf0, 0x00, 0x0f, 0x0f, 0xff, 0xf0, 0x00, 0x00, 0x00, 0x0f,
	0x0f, 0xf0, 0x0f, 0xff, 0xff, 0xf0, 0xf0, 0xff, 0x0f, 0xff, 0x0f, 0xf0, 0x0f, 0xf0, 0xf0, 0xf0,
	0x0f, 0x00, 0x00, 0x0f, 0xf0, 0xf0, 0xff, 0x0f, 0xf0, 0x0f, 0x0f, 0xf0, 0xff, 0xf0, 0xf0, 0xff,
	0x0f, 0x0f, 0xff, 0xf0, 0xf0, 0xff, 0xff, 0x0f, 0xf0, 0xff, 0xff, 0x0f, 0xf0, 0x0f, 0xf0, 0x0f,
	0xff, 0xf0, 0x0f, 0xf0, 0xff, 0xff, 0xff, 0x0f, 0x00, 0xf0, 0x0f, 0xf0, 0x00, 0x0f, 0xf0, 0x0f,
	0xf0, 0xff, 0xf0, 0x00, 0x0f, 0x00, 0xf0, 0x00, 0x0f, 0xff, 0xff, 0x00, 0xff, 0xf0, 0xff, 0xff,
	0xff, 0xff, 0xf0, 0x0f, 0xff, 0x0f, 0x0f, 0x0f, 0xf0, 0x0f, 0x0f, 0xff, 0x0f, 0xf0, 0xf0, 0xff,
	0xf0, 0xff, 0x00, 0xff, 0xff, 0xf0, 0x0f, 0xf0, 0xff, 0x00, 0xf0, 0x0f, 0xff, 0x0f, 0x0f, 0xff,
	0xff, 0xff, 0xff, 0xff, 0xff, 0xff, 0xff, 0xff, 0xff, 0xff, 0xff, 0xff, 0xff, 0xff, 0xff, 0xff,
	0xff, 0xff, 0xff, 0xff, 0xff, 0xff, 0xff, 0xff, 0xff, 0xff, 0xff, 0xff, 0xff, 0xff, 0xff, 0xff,
	0xff, 0xff, 0xff, 0xff, 0xff, 0xff, 0xff, 0xff, 0xff, 0xff, 0xff, 0xff, 0xff, 0xff, 0xff, 0xff,
	0xff, 0xff, 0xff, 0xff, 0xff, 0xff, 0xff, 0xff, 0xff, 0xff, 0xff, 0xff, 0xff, 0xff, 0xff, 0xff,
	0xff, 0xff, 0xff, 0xff, 0xff, 0xff, 0xff, 0xff, 0xff, 0xff, 0xff, 0xff, 0xff, 0xff, 0xff, 0xff,
	0xff, 0xff, 0xff, 0xff, 0xff, 0xff, 0xff, 0xff, 0xff, 0xff, 0xff, 0xff, 0xff, 0xff, 0xff, 0xff,
	0xff, 0xff, 0xff, 0xff, 0xff, 0xff, 0xff, 0xff, 0xff, 0xff, 0xff, 0xff, 0xff, 0xff, 0xff, 0xff,
	0xff, 0xff, 0xff, 0xff, 0xff, 0xff, 0xff, 0xff, 0xff, 0xff, 0xff, 0xff, 0xff, 0xff, 0xff, 0xff,
	0xff, 0xff, 0xff, 0xff, 0xff, 0xff, 0xff, 0xff, 0xff, 0xff, 0xff, 0xff, 0xff, 0xff, 0xff, 0xff,
	0xff, 0xff, 0xff, 0xff, 0xff, 0xff, 0xff, 0xff, 0xff, 0xff, 0xff, 0xff, 0xff, 0xff, 0xff, 0xff,
	0xff, 0xff, 0xff, 0xff, 0xff, 0xff, 0xff, 0xff, 0xff, 0xff, 0xff, 0xff, 0xff, 0xff, 0xff, 0xff,
	0xff, 0xff, 0xff, 0xff, 0xff, 0xff, 0xff, 0xff, 0xff, 0xff, 0xff, 0xff, 0xff, 0xff, 0xff, 0xff,
	0xff, 0xff, 0xff, 0xff, 0xff, 0xff, 0xff, 0xff, 0xff, 0xff, 0xff, 0xff, 0xff, 0xff, 0xff, 0xff,
	0xff, 0xff, 0xff, 0xff, 0xff, 0xff, 0xff, 0xff, 0xff, 0xff, 0xff, 0xff, 0xff, 0xff, 0xff, 0xff,
	0xff, 0xff, 0xff, 0xff, 0xff, 0xff, 0xff, 0xff, 0xff, 0xff, 0xff, 0xff, 0xff, 0xff, 0xff, 0xff,
	0xff, 0xff, 0xff, 0xff, 0xff, 0xff, 0xff, 0xff, 0xff, 0xff, 0xff, 0xff, 0xff, 0xff, 0xff, 0xff,
	0xff, 0xff, 0xff, 0xff, 0xff, 0xff, 0xff, 0xff, 0xff, 0xff, 0xff, 0xff, 0xff, 0xff, 0xff, 0xff,
	0xff, 0xff, 0xff, 0xff, 0xff, 0xff, 0xff, 0xff, 0xff, 0xff, 0xff, 0xff, 0xff, 0xff, 0xff, 0xff,
	0xff, 0xff, 0xff, 0xff, 0xff, 0xff, 0xff, 0xff, 0xff, 0xff, 0xff, 0xff, 0xff, 0xff, 0xff, 0xff,
	0xff, 0xff, 0xff, 0xff, 0xff, 0xff, 0xff, 0xff, 0xff, 0xff, 0xff, 0xff, 0xff, 0xff, 0xff, 0xff,
	0x00, 0x00, 0x00, 0x00, 0x00, 0x00, 0x00, 0x00, 0x00, 0x00, 0x00, 0x00, 0x00, 0x00, 0x00, 0x00,
	0x00, 0x00, 0x00, 0x00, 0x00, 0x00, 0x00, 0x00, 0x00, 0x00, 0x00, 0x00, 0x00, 0x00, 0x00, 0x00,
	0x00, 0x00, 0x00, 0x00, 0x00, 0x00, 0x00, 0x00, 0x00, 0x00, 0x00, 0x00, 0x00, 0x00, 0x00, 0x00,
	0x00, 0x00, 0x00, 0x00, 0x00, 0x00, 0x00, 0x00, 0x00, 0x00, 0x00, 0x00, 0x00, 0x00, 0x00, 0x00,
	0x00, 0x00, 0x00, 0x00, 0x00, 0x00, 0x00, 0x00, 0x00, 0x00, 0x00, 0x00, 0x00, 0x00, 0x00, 0x00,
	0x00, 0x00, 0x00, 0x00, 0x00, 0x00, 0x00, 0x00, 0x00, 0x00, 0x00, 0x00, 0x00, 0x00, 0x00, 0x00,
	0x00, 0x00, 0x00, 0x00, 0x00, 0x00, 0x00, 0x00, 0x00, 0x00, 0x00, 0x00, 0x00, 0x00, 0x00, 0x00,
	0x00, 0x00, 0x00, 0x00, 0x00, 0x00, 0x00, 0x00, 0x00, 0x00, 0x00, 0x00, 0x00, 0x00, 0x00, 0x00,
	0x00, 0x00, 0x00, 0x00, 0x00, 0x00, 0x00, 0x00, 0x00, 0x00, 0x00, 0x00, 0x00, 0x00, 0x00, 0x00,
	0x00, 0x00, 0x00, 0x00, 0x00, 0x00, 0x00, 0x00, 0x00, 0x00, 0x00, 0x00, 0x00, 0x00, 0x00, 0x00,
	0x00, 0x00, 0x00, 0x00, 0x00, 0x00, 0x00, 0x00, 0x00, 0x00, 0x00, 0x00, 0x00, 0x00, 0x00, 0x00,
	0x00, 0x00, 0x00, 0x00, 0x00, 0x00, 0x00, 0x00, 0x00, 0x00, 0x00, 0x00, 0x00, 0x00, 0x00, 0x00,
	0x00, 0x00, 0x00, 0x00, 0x00, 0x00, 0x00, 0x00, 0x00, 0x00, 0x00, 0x00, 0x00, 0x00, 0x00, 0x00,
	0x00, 0x00, 0x00, 0x00, 0x00, 0x00, 0x00, 0x00, 0x00, 0x00, 0x00, 0x00, 0x00, 0x00, 0x00, 0x00,
	0x00, 0x00, 0x00, 0x00, 0x00, 0x00, 0x00, 0x00, 0x00, 0x00, 0x00, 0x00, 0x00, 0x00, 0x00, 0x00,
	0x00, 0x00, 0x00, 0x00, 0x00, 0x00, 0x00, 0x00, 0x00, 0x00, 0x00, 0x00, 0x00, 0x00, 0x00, 0x00,
	0x00, 0x00, 0x00, 0x00, 0x00, 0x00, 0x00, 0x00, 0x00, 0x00, 0x00, 0x00, 0x00, 0x00, 0x00, 0x00,
	0x00, 0x00, 0x00, 0x00, 0x00, 0x00, 0x00, 0x00, 0x00, 0x00, 0x00, 0x00, 0x00, 0x00, 0x00, 0x00,
	0x00, 0x00, 0x00, 0x00, 0x00, 0x00, 0x00, 0x00, 0x00, 0x00, 0x00, 0x00, 0x00, 0x00, 0x00, 0x00,
	0x00, 0x00, 0x00, 0x00, 0x00, 0x00, 0x00, 0x00, 0x00, 0x00, 0x00, 0x00, 0x00, 0x00, 0x00, 0x00,
	0xf0, 0x00, 0x0f, 0x00, 0x0f, 0xff, 0x00, 0x00, 0x00, 0x00, 0x00, 0x00, 0x00, 0x00, 0x00, 0x00,
	0xf0, 0xff, 0x00, 0x00, 0x00, 0x00, 0x00, 0xf0, 0xf0, 0x0f, 0x00, 0x00, 0x00, 0x00, 0x0f, 0x00,
	0xf0, 0x0f, 0x00, 0x00, 0x00, 0x0f, 0x00, 0x00, 0x00, 0x00, 0xf0, 0x00, 0x00, 0x00, 0x00, 0x00,
	0x00, 0x00, 0x00, 0xff, 0x00, 0x00, 0x00, 0x00, 0xf0, 0x00, 0x00, 0x00, 0x00, 0xf0, 0x00, 0xff,
	0xff, 0xff, 0x00, 0xff, 0x0f, 0x00, 0xf0, 0x00, 0x00, 0x00, 0x00, 0xff, 0x00, 0xf0, 0xf0, 0xf0,
	0x00, 0x00, 0x00, 0x00, 0xff, 0x00, 0xff, 0xf0, 0x00, 0xff, 0x00, 0x00, 0x00, 0x0f, 0xf0, 0xf0,
	0x00, 0x0f, 0x00, 0xf0, 0x00, 0xf0, 0x00, 0x00, 0x0f, 0x0f, 0x0f, 0x00, 0x00, 0xff, 0x00, 0x00,
	0x00, 0x00, 0x00, 0x00, 0x00, 0x00, 0x00, 0x0f, 0x00, 0x00, 0x00, 0x00, 0x00, 0x00, 0x00, 0x00,
	0x00, 0x00, 0x00, 0x00, 0x00, 0x00, 0xf0, 0x00, 0x00, 0x00, 0x0f, 0x00, 0xff, 0x00, 0xf0, 0x00,
	0x00, 0x00, 0x00, 0x00, 0x00, 0x00, 0x00, 0x00, 0x0f, 0x00, 0xff, 0x00, 0xf0, 0x00, 0x00, 0x00,
	0x0f, 0x00, 0x00, 0x0f, 0x00, 0x0f, 0x00, 0x00, 0x00, 0x00, 0x00, 0x0f, 0x00, 0x00, 0x00, 0x00,
	0x00, 0x00, 0x00, 0x00, 0x00, 0x00, 0x00, 0xff, 0x00, 0x00, 0x00, 0x00, 0x00, 0x00, 0xff, 0xff,
	0x00, 0x00, 0x00, 0x00, 0x00, 0x00, 0xff, 0x00, 0x0f, 0x00, 0x00, 0x00, 0x00, 0x00, 0xff, 0xf0,
	0x00, 0x00, 0x00, 0x00, 0x00, 0xff, 0x00, 0xf0, 0x0f, 0x00, 0xf0, 0x00, 0x00, 0x00, 0x00, 0x00,
	0x00, 0x00, 0x00, 0x00, 0x00, 0x00, 0x00, 0x00, 0x00, 0x00, 0x00, 0x00, 0x00, 0x00, 0xff, 0x00,
	0x00, 0x00, 0x00, 0x00, 0x00, 0x00, 0x00, 0x00, 0x00, 0x00, 0x00, 0xf0, 0x00, 0x00, 0x00, 0x00,
	0x00, 0x00, 0x00, 0x00, 0x0f, 0x00, 0x00, 0x00, 0x00, 0x00, 0xf0, 0x00, 0x00, 0x00, 0x00, 0x0f,
	0x00, 0x00, 0x0f, 0x00, 0x0f, 0x00, 0x00, 0x00, 0x00, 0x00, 0x00, 0x00, 0x00, 0x00, 0x00, 0x00,
	0xff, 0x00, 0x00, 0x0f, 0x00, 0x00, 0x00, 0x00, 0xf0, 0x00, 0x00, 0x00, 0x00, 0x00, 0x00, 0x00,
	0x0f, 0x00, 0x00, 0x00, 0x00, 0x0f, 0x00, 0x0f, 0x00, 0xf0, 0xff, 0x00, 0x00, 0x00, 0x00, 0xff,
	0x0f, 0x00, 0xf0, 0x0f, 0x00, 0xf0, 0x00, 0x00, 0x0f, 0x0f, 0x00, 0x00, 0x00, 0x00, 0x00, 0x00,
	0x0f, 0x00, 0x00, 0x0f, 0x00, 0x00, 0x00, 0x00, 0xf0, 0x00, 0x00, 0x00, 0x00, 0x00, 0x00, 0x00,
	0x00, 0x00, 0xff, 0xff, 0xff, 0x00, 0x00, 0x00, 0xf0, 0x00, 0x00, 0x0f, 0x00, 0xf0, 0x0f, 0xff,
	0x00, 0x00, 0x00, 0x00, 0x00, 0xf0, 0x00, 0x00, 0x00, 0x00, 0xf0, 0xf0, 0xff, 0x00, 0x00, 0x00,
	0x00, 0x00, 0x00, 0x00, 0x00, 0x00, 0xf0, 0x00, 0x00, 0x00, 0x00, 0x00, 0x00, 0xff, 0x00, 0x00,
	0x00, 0x00, 0x00, 0x00, 0x00, 0xff, 0x00, 0x00, 0x0f, 0xf0, 0x00, 0xff, 0x00, 0x00, 0x00, 0x00,
	0x00, 0x00, 0x00, 0x00, 0x00, 0x00, 0xff, 0x00, 0xff, 0x00, 0x00, 0x00, 0xff, 0xff, 0x00, 0x00,
	0x00, 0x00, 0x0f, 0x00, 0x00, 0xff, 0x00, 0x00, 0x00, 0x00, 0xff, 0x00, 0xff, 0x00, 0x00, 0x00,
	0x00, 0x00, 0xff, 0x00, 0x00, 0x0f, 0xff, 0x00, 0x00, 0x00, 0x00, 0x00, 0xf0, 0x0f, 0x00, 0x00,
	0x00, 0x00, 0x00, 0x00, 0xff, 0x00, 0x00, 0x00, 0x00, 0x00, 0x00, 0x0f, 0x00, 0x00, 0x00, 0x00,
	0xff, 0x00, 0xf0, 0x00, 0x00, 0x00, 0x00, 0xff, 0x00, 0x00, 0xf0, 0x00, 0x00, 0x00, 0x0f, 0x00,
	0x00, 0xf0, 0x00, 0x00, 0x00, 0x00, 0x00, 0x00, 0x00, 0xff, 0x00, 0x00, 0xf0, 0xff, 0x00, 0xff,
	0x00, 0x00, 0x00, 0xff, 0x0f, 0x00, 0x00, 0x00, 0x00, 0x00, 0x00, 0x00, 0x00, 0x00, 0x0f, 0x00,
	0x00, 0x00, 0x00, 0x00, 0x00, 0xf0, 0x00, 0x00, 0x00, 0xff, 0x00, 0xf0, 0x00, 0x00, 0x00, 0x0f,
	0xf0, 0xff, 0x00, 0xff, 0x0f, 0x00, 0x00, 0xf0, 0xf0, 0x00, 0xff, 0x00, 0x00, 0x00, 0x00, 0x00,
	0x0f, 0x00, 0x00, 0x00, 0xff, 0x00, 0x00, 0x00, 0x00, 0x00, 0x00, 0x00, 0xf0, 0x00, 0xf0, 0xf0,
	0x00, 0x00, 0x0f, 0x00, 0xff, 0x00, 0x0f, 0x00, 0x00, 0x00, 0xff, 0x00, 0x00, 0x00, 0x00, 0x00,
	0x00, 0xff, 0x00, 0x00, 0x0f, 0x00, 0x00, 0x00, 0x00, 0x00, 0x00, 0x00, 0x00, 0x00, 0x0f, 0x00,
	0x00, 0xff, 0x00, 0x00, 0xf0, 0xf0, 0x00, 0xff, 0xff, 0xff, 0x00, 0x00, 0x00, 0x00, 0x00, 0x00,
	0x00, 0xff, 0x00, 0x00, 0xf0, 0x0f, 0x00, 0x00, 0x00, 0x00, 0x00, 0xf0, 0x00, 0xff, 0x00, 0xf0,
	0xf0, 0x00, 0xff, 0x00, 0x00, 0x00, 0x00, 0x00, 0x0f, 0x00, 0x0f, 0x00, 0x00, 0x00, 0x0f, 0xff,
	0x00, 0xf0, 0x00, 0x00, 0x00, 0x00, 0xf0, 0x0f, 0x00, 0x00, 0x00, 0x00, 0x00, 0x00, 0x00, 0x0f,
	0x00, 0x00, 0xf0, 0x00, 0xff, 0x00, 0xf0, 0x0f, 0x0f, 0x00, 0x00, 0x00, 0xff, 0x00, 0xf0, 0x0f,
	0x0f, 0x00, 0x00, 0x00, 0x0f, 0x0f, 0x00, 0xff, 0x00, 0x00, 0x00, 0x0f, 0xf0, 0xff, 0x00, 0x0f,
	0x0f, 0x00, 0x0f, 0xf0, 0x00, 0xff, 0x00, 0x00, 0xf0, 0xff, 0x00, 0x00, 0xf0, 0x0f, 0x00, 0x0f,
	0x0f, 0xff, 0x00, 0xff, 0x00, 0x00, 0x00, 0x00, 0x00, 0xff, 0x0f, 0x00, 0x00, 0x00, 0x00, 0x0f,
	0x0f, 0x0f, 0xf0, 0xff, 0x0f, 0x0f, 0x00, 0x00, 0x00, 0x00, 0x00, 0x00, 0x00, 0x00, 0x00, 0x00,
	0x00, 0x0f, 0x0f, 0x0f, 0x00, 0x00, 0x00, 0x00, 0xff, 0x00, 0x00, 0xf0, 0x0f, 0x00, 0x00, 0x00,
	0x0f, 0xff, 0x0f, 0x00, 0xff, 0xf0, 0x00, 0x00, 0x0f, 0xf0, 0x00, 0x00, 0x00, 0x00, 0x00, 0xf0,
	0xff, 0x00, 0x00, 0x0f, 0x00, 0xf0, 0x0f, 0x00, 0x00, 0x00, 0x0f, 0x00, 0xf0, 0x0f, 0xff, 0x00,
	0x00, 0x00, 0x00, 0x00, 0xff, 0x00, 0x00, 0x00, 0x0f, 0x00, 0x00, 0x0f, 0x00, 0x00, 0xf0, 0x00,
	0xff, 0xff, 0xff, 0x00, 0xff, 0x00, 0x0f, 0xf0, 0x00, 0xff, 0x00, 0x00, 0xf0, 0xff, 0x0f, 0xf0,
	0x00, 0x0f, 0x00, 0x00, 0x0f, 0x00, 0xff, 0x00, 0x00, 0xff, 0x00, 0x00, 0xff, 0x00, 0xf0, 0x0f,
	0x0f, 0x00, 0x00, 0x00, 0xf0, 0x00, 0x00, 0x00, 0x0f, 0x00, 0x00, 0x00, 0x0f, 0xff, 0xf0, 0x00,
	0xff, 0xff, 0x00, 0x00, 0x0f, 0xff, 0xf0, 0x00, 0x00, 0xf0, 0xf0, 0x00, 0xff, 0x00, 0x00, 0x00,
	0x00, 0x0f, 0x00, 0xf0, 0xf0, 0x0f, 0xff, 0xff, 0x00, 0x0f, 0x00, 0x00, 0xf0, 0x00, 0x00, 0x0f,
	0xff, 0x0f, 0xf0, 0x00, 0x0f, 0x00, 0xff, 0x0f, 0xf0, 0x0f, 0xff, 0x00, 0x00, 0xf0, 0x00, 0x0f,
	0x00, 0xf0, 0x00, 0x00, 0xff, 0x00, 0xff, 0xff, 0x00, 0xff, 0x00, 0xf0, 0x0f, 0x00, 0x00, 0x00,
	0x00, 0xff, 0x0f, 0x00, 0xf0, 0xf0, 0xff, 0x00, 0xff, 0x00, 0x00, 0x0f, 0x00, 0xf0, 0xf0, 0x00,
	0x00, 0x0f, 0x0f, 0x00, 0x00, 0xf0, 0x0f, 0xf0, 0x0f, 0x00, 0xf0, 0x00, 0xf0, 0x00, 0x0f, 0x00,
	0x00, 0x00, 0xff, 0x0f, 0xf0, 0xf0, 0x00, 0xf0, 0x00, 0x00, 0xf0, 0xff, 0xf0, 0xff, 0xf0, 0x0f,
	0x00, 0xff, 0x00, 0x0f, 0xf0, 0x0f, 0x0f, 0xf0, 0xff, 0x00, 0x00, 0x00, 0x00, 0x00, 0x0f, 0x00,
	0xf0, 0xff, 0xf0, 0xff, 0x00, 0x0f, 0x00, 0x00, 0x00, 0xf0, 0xff, 0x0f, 0xf0, 0x00, 0xff, 0x0f,
	0xff, 0xff, 0x00, 0x0f, 0xff, 0xf0, 0xf0, 0x0f, 0xf0, 0xf0, 0x00, 0xf0, 0xf0, 0x00, 0x00, 0x0f,
	0x0f, 0xf0, 0xf0, 0xff, 0xff, 0x0f, 0x00, 0x00, 0x00, 0xff, 0xf0, 0x0f, 0x00, 0x00, 0xf0, 0x0f,
	0xf0, 0x0f, 0x00, 0xff, 0x00, 0x0f, 0x00, 0xff, 0xf0, 0xff, 0xff, 0x00, 0x00, 0xff, 0xff, 0xf0,
	0xf0, 0x00, 0x0f, 0xff, 0x00, 0x00, 0x0f, 0x00, 0xf0, 0xf0, 0xff, 0x00, 0x00, 0xff, 0xf0, 0x0f,
	0x00, 0x0f, 0x0f, 0xf0, 0xf0, 0x0f, 0x00, 0xf0, 0x00, 0x00, 0x0f, 0xff, 0xf0, 0xff, 0xff, 0x0f,
	0xf0, 0xff, 0x00, 0x00, 0x00, 0x00, 0x00, 0xf0, 0xf0, 0x00, 0xff, 0x0f, 0xf0, 0xff, 0x0f, 0xff,
	0xf0, 0x0f, 0x0f, 0x00, 0xff, 0x0f, 0x0f, 0xf0, 0x0f, 0xff, 0xff, 0xf0, 0x00, 0x0f, 0x0f, 0x0f,
	0xff, 0xf0, 0x0f, 0x0f, 0xf0, 0x00, 0x0f, 0x0f, 0x0f, 0xf0, 0xf0, 0x0f, 0x00, 0x0f, 0xf0, 0x0f,
	0xff, 0x00, 0xff, 0x00, 0x00, 0xf0, 0x00, 0x00, 0xff, 0x00, 0x0f, 0x0f, 0xf0, 0x0f, 0x0f, 0xff,
	0x00, 0xff, 0xff, 0x00, 0x00, 0x0f, 0x0f, 0xf0, 0xff, 0x0f, 0xff, 0xff, 0xf0, 0x0f, 0xff, 0xff,
	0xff, 0x00, 0xf0, 0xff, 0xf0, 0xff, 0xf0, 0x0f, 0x00, 0x00, 0x0f, 0x00, 0x00, 0xff, 0xf0, 0x00,
	0x0f, 0x00, 0xff, 0x0f, 0x00, 0xf0, 0xff, 0xff, 0x0f, 0x0f, 0x0f, 0xff, 0x0f, 0x00, 0xf0, 0x0f,
	0xff, 0x00, 0x00, 0x00, 0xff, 0xff, 0xf0, 0x0f, 0xf0, 0x00, 0x0f, 0xf0, 0xf0, 0x00, 0xff, 0x0f,
	0x0f, 0x00, 0x00, 0x00, 0xff, 0x00, 0x00, 0xf0, 0x0f, 0xf0, 0xf0, 0x0f, 0x00, 0x0f, 0xff, 0xff,
	0xf0, 0x00, 0x00, 0xf0, 0xff, 0x00, 0x00, 0xf0, 0xff, 0xff, 0xff, 0x00, 0x00, 0xff, 0x0f, 0xff,
	0x0f, 0xff, 0xf0, 0x0f, 0xf0, 0x00, 0x00, 0xf0, 0x0f, 0xf0, 0xff, 0x0f, 0x00, 0x00, 0x00, 0x00,
	0xf0, 0x00, 0x0f, 0xff, 0xf0, 0xff, 0x0f, 0xf0, 0x00, 0x00, 0x0f, 0x00, 0x00, 0xff, 0x00, 0x00,
	0xf0, 0x00, 0xf0, 0x0f, 0x0f, 0xff, 0xff, 0xff, 0xf0, 0xf0, 0xf0, 0xf0, 0x0f, 0x00, 0x0f, 0x00,
	0x00, 0x0f, 0xff, 0x00, 0xf0, 0x00, 0xff, 0x00, 0xff, 0x0f, 0x00, 0xff, 0x00, 0x00, 0x00, 0x0f,
	0x0f, 0x0f, 0xff, 0x00, 0x00, 0x0f, 0x00, 0x00, 0x00, 0xf0, 0x00, 0x00, 0xf0, 0x0f, 0xf0, 0x00,
	0x00, 0x00, 0xf0, 0x0f, 0xf0, 0xff, 0x00, 0x00, 0x00, 0x00, 0x00, 0xff, 0xf0, 0xff, 0xff, 0xff,
	0x0f, 0x00, 0xf0, 0xf0, 0x00, 0xf0, 0xf0, 0xf0, 0xff, 0xf0, 0xf0, 0x0f, 0x00, 0x00, 0xff, 0x0f,
	0xf0, 0x00, 0x0f, 0xff, 0xf0, 0x0f, 0x00, 0xf0, 0xf0, 0xff, 0x00, 0x0f, 0x0f, 0xff, 0xff, 0x0f,
	0xff, 0xf0, 0x0f, 0xf0, 0xf0, 0xff, 0x00, 0xff, 0xf0, 0x00, 0xf0, 0xff, 0x00, 0x0f, 0xf0, 0x00,
	0x00, 0x0f, 0x00, 0xff, 0x00, 0xff, 0xf0, 0xf0, 0xff, 0xf0, 0xff, 0x00, 0xf0, 0x00, 0xf0, 0xff,
	0x00, 0xf0, 0xf0, 0xff, 0xf0, 0x00, 0x0f, 0x00, 0x00, 0x00, 0xff, 0xff, 0x0f, 0xf0, 0xff, 0x00,
	0xff, 0x0f, 0x0f, 0x0f, 0xff, 0x0f, 0x00, 0xff, 0x00, 0x0f, 0x0f, 0xff, 0x00, 0x0f, 0xff, 0xf0,
	0x0f, 0x0f, 0x0f, 0x0f, 0xff, 0x0f, 0x00, 0x00, 0xf0, 0xf0, 0xff, 0xf0, 0x0f, 0x00, 0x0f, 0x0f,
	0xff, 0x00, 0x00, 0x00, 0x0f, 0xf0, 0x00, 0xff, 0x00, 0xf0, 0xf0, 0xf0, 0xff, 0x00, 0xff, 0x0f,
	0x0f, 0x00, 0xf0, 0xff, 0x0f, 0xf0, 0x00, 0xff, 0xf0, 0x0f, 0xf0, 0x0f, 0x0f, 0x0f, 0xff, 0x0f,
	0x0f, 0xf0, 0xff, 0xff, 0xf0, 0x0f, 0x00, 0x0f, 0xff, 0xf0, 0x00, 0xff, 0xf0, 0x00, 0xf0, 0x00,
	0xff, 0x00, 0x00, 0x0f, 0x0f, 0x00, 0xf0, 0xf0, 0x00, 0xf0, 0xff, 0x0f, 0xf0, 0x00, 0x00, 0xff,
	0xff, 0xf0, 0x00, 0x00, 0x0f, 0x00, 0x0f, 0xff, 0xff, 0x00, 0xf0, 0xf0, 0xf0, 0x0f, 0xff, 0x00,
	0xf0, 0x00, 0x0f, 0xf0, 0xff, 0x00, 0xf0, 0x00, 0xff, 0x00, 0xff, 0xf0, 0x0f, 0xf0, 0x0f, 0xff,
	0xff, 0xf0, 0xff, 0x00, 0x0f, 0xf0, 0xff, 0xff, 0x00, 0xf0, 0xff, 0x0f, 0x00, 0x0f, 0x0f, 0xf0,
	0x0f, 0xf0, 0x0f, 0xf0, 0x0f, 0xf0, 0xff, 0x0f, 0xff, 0xf0, 0x00, 0x00, 0xff, 0x00, 0x0f, 0xf0,
	0xff, 0x00, 0xf0, 0x0f, 0xf0, 0xf0, 0xff, 0xf0, 0x00, 0xf0, 0xf0, 0xff, 0xf0, 0x0f, 0x00, 0x0f,
	0x00, 0xff, 0xff, 0x0f, 0xff, 0x0f, 0xff, 0xff, 0xff, 0x00, 0x0f, 0x0f, 0xff, 0xf0, 0x0f, 0x00,
	0xf0, 0xff, 0xf0, 0xf0, 0xff, 0xff, 0xf0, 0x0f, 0x0f, 0x0f, 0x0f, 0xff, 0xf0, 0x00, 0x0f, 0xf0,
	0x0f, 0x0f, 0xff, 0x0f, 0x0f, 0x0f, 0xf0, 0xf0, 0xf0, 0xf0, 0x0f, 0xf0, 0xff, 0xf0, 0x0f, 0x00,
	0x0f, 0x00, 0xf0, 0xf0, 0x00, 0xf0, 0xff, 0x0f, 0x0f, 0x0f, 0x0f, 0xf0, 0xff, 0xf0, 0xf0, 0xf0,
	0xff, 0x0f, 0xf0, 0xff, 0x0f, 0xff, 0xff, 0x00, 0x0f, 0x0f, 0xff, 0x0f, 0x0f, 0xf0, 0x00, 0xf0,
	0xf0, 0x0f, 0xff, 0xf0, 0x0f, 0xff, 0xf0, 0xf0, 0xff, 0x00, 0xf0, 0x0f, 0x0f, 0xff, 0x0f, 0xff,
	0x0f, 0x0f, 0xf0, 0x0f, 0xff, 0x0f, 0xf0, 0xf0, 0x0f, 0xf0, 0xf0, 0x00, 0xff, 0x0f, 0xf0, 0xff,
	0xf0, 0x0f, 0xff, 0xf0, 0x0f, 0x0f, 0x0f, 0x0f, 0xf0, 0xff, 0x0f, 0xf0, 0x00, 0xff, 0x0f, 0xf0,
	0x0f, 0xf0, 0x0f, 0xf0, 0x0f, 0xf0, 0x0f, 0xf0, 0xff, 0xff, 0xf0, 0x0f, 0xf0, 0x0f, 0xf0, 0xff,
	0xff, 0x0f, 0x0f, 0xff, 0xff, 0x00, 0xf0, 0x0f, 0x0f, 0x0f, 0x0f, 0x0f, 0x0f, 0x0f, 0xf0, 0x0f,
	0xff, 0xff, 0xff, 0x0f, 0xff, 0x0f, 0xff, 0x0f, 0x00, 0xff, 0xff, 0xff, 0xff, 0xff, 0x0f, 0xff,
	0x0f, 0x0f, 0xff, 0xff, 0x0f, 0x0f, 0x00, 0x0f, 0xf0, 0x00, 0xff, 0xf0, 0x00, 0xff, 0xf0, 0xf0,
	0x00, 0xff, 0x0f, 0x0f, 0xff, 0xff, 0x0f, 0x0f, 0xff, 0xff, 0x0f, 0x0f, 0xff, 0xff, 0xf0, 0xf0,
	0xff, 0x0f, 0xff, 0x0f, 0xf0, 0xff, 0xf0, 0xff, 0xf0, 0xff, 0xf0, 0x0f, 0xff, 0xf0, 0xf0, 0xff,
	0xf0, 0x0f, 0x0f, 0xf0, 0xff, 0xf0, 0x0f, 0xf0, 0x0f, 0x0f, 0x0f, 0xff, 0xf0, 0xf0, 0xf0, 0x0f,
	0x00, 0xff, 0x0f, 0xf0, 0xf0, 0xff, 0xff, 0xf0, 0xff, 0xff, 0xf0, 0xf0, 0xf0, 0x0f, 0xff, 0xff,
	0x0f, 0x0f, 0xf0, 0xff, 0x0f, 0xf0, 0x0f, 0x00, 0x0f, 0x00, 0xf0, 0x0f, 0x0f, 0xff, 0xf0, 0x00,
	0xff, 0xf0, 0x0f, 0x0f, 0x00, 0x00, 0x0f, 0xf0, 0xf0, 0xf0, 0xff, 0x00, 0xff, 0xff, 0x00, 0x0f,
	0xf0, 0xff, 0xf0, 0xf0, 0x0f, 0xff, 0xff, 0x0f, 0xf0, 0xff, 0xf0, 0xf0, 0x00, 0xf0, 0xf0, 0x0f,
	0xf0, 0x00, 0xf0, 0x0f, 0xf0, 0x0f, 0x0f, 0xf0, 0xf0, 0x0f, 0xff, 0x0f, 0x0f, 0xf0, 0x0f, 0xf0,
	0xff, 0xff, 0xff, 0xff, 0xff, 0xff, 0xff, 0xff, 0xff, 0xff, 0xff, 0xff, 0xff, 0xff, 0xff, 0xff,
	0xff, 0xff, 0xff, 0xff, 0xff, 0xff, 0xff, 0xff, 0xff, 0xff, 0xff, 0xff, 0xff, 0xff, 0xff, 0xff,
	0xff, 0xff, 0xff, 0xff, 0xff, 0xff, 0xff, 0xff, 0xff, 0xff, 0xff, 0xff, 0xff, 0xff, 0xff, 0xff,
	0xff, 0xff, 0xff, 0xff, 0xff, 0xff, 0xff, 0xff, 0xff, 0xff, 0xff, 0xff, 0xff, 0xff, 0xff, 0xff,
	0xff, 0xff, 0xff, 0xff, 0xff, 0xff, 0xff, 0xff, 0xff, 0xff, 0xff, 0xff, 0xff, 0xff, 0xff, 0xff,
	0xff, 0xff, 0xff, 0xff, 0xff, 0xff, 0xff, 0xff, 0xff, 0xff, 0xff, 0xff, 0xff, 0xff, 0xff, 0xff,
	0xff, 0xff, 0xff, 0xff, 0xff, 0xff, 0xff, 0xff, 0xff, 0xff, 0xff, 0xff, 0xff, 0xff, 0xff, 0xff,
	0xff, 0xff, 0xff, 0xff, 0xff, 0xff, 0xff, 0xff, 0xff, 0xff, 0xff, 0xff, 0xff, 0xff, 0xff, 0xff,
	0xff, 0xff, 0xff, 0xff, 0xff, 0xff, 0xff, 0xff, 0xff, 0xff, 0xff, 0xff, 0xff, 0xff, 0xff, 0xff,
	0xff, 0xff, 0xff, 0xff, 0xff, 0xff, 0xff, 0xff, 0xff, 0xff, 0xff, 0xff, 0xff, 0xff, 0xff, 0xff,
	0xff, 0xff, 0xff, 0xff, 0xff, 0xff, 0xff, 0xff, 0xff, 0xff, 0xff, 0xff, 0xff, 0xff, 0xff, 0xff,
	0xff, 0xff, 0xff, 0xff, 0xff, 0xff, 0xff, 0xff, 0xff, 0xff, 0xff, 0xff, 0xff, 0xff, 0xff, 0xff,
	0xff, 0xff, 0xff, 0xff, 0xff, 0xff, 0xff, 0xff, 0xff, 0xff, 0xff, 0xff, 0xff, 0xff, 0xff, 0xff,
	0xff, 0xff, 0xff, 0xff, 0xff, 0xff, 0xff, 0xff, 0xff, 0xff, 0xff, 0xff, 0xff, 0xff, 0xff, 0xff,
	0xff, 0xff, 0xff, 0xff, 0xff, 0xff, 0xff, 0xff, 0xff, 0xff, 0xff, 0xff, 0xff, 0xff, 0xff, 0xff,
	0xff, 0xff, 0xff, 0xff, 0xff, 0xff, 0xff, 0xff, 0xff, 0xff, 0xff, 0xff, 0xff, 0xff, 0xff, 0xff,
	0xff, 0xff, 0xff, 0xff, 0xff, 0xff, 0xff, 0xff, 0xff, 0xff, 0xff, 0xff, 0xff, 0xff, 0xff, 0xff,
	0xff, 0xff, 0xff, 0xff, 0xff, 0xff, 0xff, 0xff, 0xff, 0xff, 0xff, 0xff, 0xff, 0xff, 0xff, 0xff,
	0xff, 0xff, 0xff, 0xff, 0xff, 0xff, 0xff, 0xff, 0xff, 0xff, 0xff, 0xff, 0xff, 0xff, 0xff, 0xff,
	0xff, 0xff, 0xff, 0xff, 0xff, 0xff, 0xff, 0xff, 0xff, 0xff, 0xff, 0xff, 0xff, 0xff, 0xff, 0xff,
	0x00, 0x00, 0x00, 0x00, 0x00, 0x00, 0x00, 0x00, 0x00, 0x00, 0x00, 0x00, 0x00, 0x00, 0x00, 0x00,
	0x00, 0x00, 0x00, 0x00, 0x00, 0x00, 0x00, 0x00, 0x00, 0x00, 0x00, 0x00, 0x00, 0x00, 0x00, 0x00,
	0x00, 0x00, 0x00, 0x00, 0x00, 0x00, 0x00, 0x00, 0x00, 0x00, 0x00, 0x00, 0x00, 0x00, 0x00, 0x00,
	0x00, 0x00, 0x00, 0x00, 0x00, 0x00, 0x00, 0x00, 0x00, 0x00, 0x00, 0x00, 0x00, 0x00, 0x00, 0x00,
	0x00, 0x00, 0x00, 0x00, 0x00, 0x00, 0x00, 0x00, 0x00, 0x00, 0x00, 0x00, 0x00, 0x00, 0x00, 0x00,
	0x00, 0x00, 0x00, 0x00, 0x00, 0x00, 0x00, 0x00, 0x00, 0x00, 0x00, 0x00, 0x00, 0x00, 0x00, 0x00,
	0x00, 0x00, 0x00, 0x00, 0x00, 0x00, 0x00, 0x00, 0x00, 0x00, 0x00, 0x00, 0x00, 0x00, 0x00, 0x00,
	0x00, 0x00, 0x00, 0x00, 0x00, 0x00, 0x00, 0x00, 0x00, 0x00, 0x00, 0x00, 0x00, 0x00, 0x00, 0x00,
	0x00, 0x00, 0x00, 0x00, 0x00, 0x00, 0x00, 0x00, 0x00, 0x00, 0x00, 0x00, 0x00, 0x00, 0x00, 0x00,
	0x00, 0x00, 0x00, 0x00, 0x00, 0x00, 0x00, 0x00, 0x00, 0x00, 0x00, 0x00, 0x00, 0x00, 0x00, 0x00,
	0x00, 0x00, 0x00, 0x00, 0x00, 0x00, 0x00, 0x00, 0x00, 0x00, 0x00, 0x00, 0x00, 0x00, 0x00, 0x00,
	0x00, 0x00, 0x00, 0x00, 0x00, 0x00, 0x00, 0x00, 0x00, 0x00, 0x00, 0x00, 0x00, 0x00, 0x00, 0x00,
	0x00, 0x00, 0x00, 0x00, 0x00, 0x00, 0x00, 0x00, 0x00, 0x00, 0x00, 0x00, 0x00, 0x00, 0x00, 0x00,
	0x00, 0x00, 0x00, 0x00, 0x00, 0x00, 0x00, 0x00, 0x00, 0x00, 0x00, 0x00, 0x00, 0x00, 0x00, 0x00,
	0x00, 0x00, 0x00, 0x00, 0x00, 0x00, 0x00, 0x00, 0x00, 0x00, 0x00, 0x00, 0x00, 0x00, 0x00, 0x00,
	0x00, 0x00, 0x00, 0x00, 0x00, 0x00, 0x00, 0x00, 0x00, 0x00, 0x00, 0x00, 0x00, 0x00, 0x00, 0x00,
	0x00, 0x00, 0x00, 0x00, 0x00, 0x00, 0x00, 0x00, 0x00, 0x00, 0x00, 0x00, 0x00, 0x00, 0x00, 0x00,
	0x00, 0x00, 0x00, 0x00, 0x00, 0x00, 0x00, 0x00, 0x00, 0x00, 0x00, 0x00, 0x00, 0x00, 0x00, 0x00,
	0x00, 0x00, 0x00, 0x00, 0x00, 0x00, 0x00, 0x00, 0x00, 0x00, 0x00, 0x00, 0x00, 0x00, 0x00, 0x00,
	0x00, 0x00, 0x00, 0x00, 0x00, 0x00, 0x00, 0x00, 0x00, 0x00, 0x00, 0x00, 0x00, 0x00, 0x00, 0x00,
	0x00, 0x0f, 0x00, 0x00, 0x00, 0x00, 0xf0, 0x00, 0x00, 0x00, 0x00, 0x00, 0x0f, 0x0f, 0xf0, 0x00,
	0xff, 0xff, 0x00, 0x00, 0x00, 0xff, 0x0f, 0x00, 0x00, 0xff, 0x00, 0x00, 0x00, 0x00, 0xff, 0x00,
	0x00, 0x00, 0xf0, 0x00, 0x00, 0x00, 0x00, 0x00, 0x00, 0x00, 0xf0, 0x00, 0xf0, 0x00, 0x00, 0x00,
	0x00, 0x00, 0x00, 0xff, 0xf0, 0xf0, 0x00, 0x00, 0x00, 0x00, 0xff, 0x00, 0x00, 0x0f, 0x00, 0x00,
	0x00, 0x00, 0x00, 0x00, 0x00, 0x00, 0xff, 0xf0, 0x00, 0x00, 0x00, 0x0f, 0x00, 0x00, 0x00, 0x00,
	0x00, 0x00, 0x00, 0x00, 0x00, 0x00, 0x00, 0x00, 0x00, 0x00, 0x00, 0x00, 0x00, 0x00, 0x00, 0x0f,
	0x00, 0xf0, 0x0f, 0x0f, 0x00, 0x00, 0x00, 0x00, 0xff, 0x00, 0x00, 0x00, 0x00, 0x00, 0x00, 0x00,
	0x00, 0x00, 0x00, 0xff, 0x00, 0xf0, 0xff, 0x00, 0x00, 0x00, 0x00, 0x00, 0xff, 0x00, 0x0f, 0x0f,
	0x00, 0x00, 0xf0, 0x00, 0x00, 0x00, 0x00, 0x00, 0x00, 0x00, 0x00, 0x00, 0xff, 0x00, 0x00, 0x00,
	0xf0, 0x00, 0x00, 0x00, 0x00, 0x00, 0x00, 0x00, 0x00, 0x00, 0x00, 0x00, 0x0f, 0x00, 0x00, 0xf0,
	0x00, 0x00, 0x00, 0x00, 0xff, 0x0f, 0x00, 0x00, 0x00, 0x0f, 0x00, 0x00, 0x0f, 0x00, 0x0f, 0x00,
	0x00, 0x00, 0x00, 0x00, 0x00, 0x00, 0x00, 0x0f, 0xf0, 0x00, 0x00, 0x00, 0x00, 0x00, 0x00, 0x00,
	0x0f, 0x00, 0x00, 0x00, 0xf0, 0x00, 0xf0, 0xf0, 0xff, 0x00, 0x00, 0xf0, 0xff, 0x00, 0xf0, 0x00,
	0x00, 0x00, 0x00, 0xff, 0x00, 0xff, 0x0f, 0x00, 0x00, 0x00, 0x00, 0xf0, 0x0f, 0xff, 0x00, 0xf0,
	0x00, 0xf0, 0x00, 0xff, 0x00, 0x00, 0x00, 0x00, 0x00, 0x00, 0x00, 0x0f, 0x00, 0x00, 0x00, 0xf0,
	0x00, 0x00, 0x00, 0xff, 0x00, 0x00, 0x00, 0x00, 0x00, 0x00, 0x00, 0x00, 0x00, 0x00, 0x00, 0x00,
	0xff, 0x00, 0x0f, 0x00, 0x00, 0x00, 0x00, 0x0f, 0x00, 0x0f, 0x00, 0xff, 0x00, 0x00, 0x00, 0x00,
	0x00, 0x00, 0x00, 0x00, 0xf0, 0x00, 0x00, 0x00, 0xff, 0x0f, 0xf0, 0x00, 0x00, 0x00, 0x00, 0x00,
	0xff, 0x00, 0x00, 0x00, 0xf0, 0x00, 0x00, 0x00, 0x0f, 0x00, 0x00, 0x00, 0x00, 0x00, 0x00, 0x00,
	0x00, 0x00, 0x00, 0x00, 0x00, 0x0f, 0x00, 0x00, 0x00, 0x00, 0xff, 0x00, 0x00, 0x00, 0x00, 0x0f,
	0x0f, 0x0f, 0x00, 0x0f, 0x00, 0x00, 0xf0, 0x00, 0x00, 0x00, 0x00, 0x0f, 0x00, 0x00, 0xff, 0x0f,
	0x0f, 0x00, 0x00, 0x00, 0xff, 0x00, 0x00, 0xff, 0x00, 0x00, 0xf0, 0x00, 0x00, 0x00, 0xf0, 0x00,
	0x0f, 0x00, 0x0f, 0x00, 0xf0, 0x00, 0x00, 0x00, 0x00, 0x00, 0x00, 0x00, 0x00, 0x00, 0x00, 0xf0,
	0xf0, 0xf0, 0x00, 0x00, 0x00, 0x00, 0x00, 0x00, 0xf0, 0x00, 0x00, 0x00, 0x00, 0x00, 0xff, 0x00,
	0x00, 0xf0, 0x00, 0xf0, 0x00, 0x00, 0x00, 0x00, 0x00, 0x00, 0x00, 0x00, 0x00, 0x00, 0x00, 0xff,
	0x00, 0x00, 0x0f, 0x00, 0x00, 0x00, 0x00, 0x00, 0xf0, 0x00, 0x0f, 0x0f, 0x00, 0xf0, 0x00, 0x00,
	0x00, 0x00, 0x00, 0x00, 0x00, 0x00, 0x00, 0x00, 0x00, 0x00, 0x00, 0xf0, 0xf0, 0x00, 0xff, 0xf0,
	0xff, 0x00, 0x00, 0x00, 0x00, 0x00, 0x00, 0x00, 0x00, 0x00, 0xff, 0x00, 0x00, 0x00, 0x00, 0x00,
	0x00, 0x00, 0xf0, 0x00, 0x00, 0x00, 0xf0, 0x0f, 0x00, 0x00, 0x00, 0xf0, 0x00, 0xf0, 0x00, 0x00,
	0x00, 0x00, 0x0f, 0xf0, 0x00, 0x00, 0x00, 0x0f, 0xf0, 0x00, 0x00, 0xff, 0x00, 0x00, 0x00, 0x0f,
	0x00, 0x00, 0xff, 0x00, 0xff, 0x00, 0xff, 0x00, 0x00, 0x00, 0x00, 0x00, 0x00, 0x00, 0x00, 0x00,
	0x00, 0x00, 0x00, 0xff, 0xf0, 0x00, 0x0f, 0x00, 0x00, 0x00, 0x0f, 0x00, 0x00, 0x00, 0x00, 0x00,
	0xf0, 0x00, 0x00, 0xff, 0xf0, 0x00, 0x00, 0x00, 0x00, 0xf0, 0x00, 0x00, 0x00, 0xff, 0xff, 0x00,
	0x0f, 0xf0, 0xf0, 0x00, 0x00, 0x00, 0x00, 0x00, 0xff, 0x00, 0x00, 0xff, 0x0f, 0xf0, 0x00, 0x00,
	0xf0, 0x00, 0x00, 0x00, 0x00, 0x00, 0x00, 0x00, 0x00, 0x00, 0x00, 0xff, 0x00, 0x00, 0xff, 0x0f,
	0x00, 0x00, 0xff, 0x00, 0x00, 0x00, 0x00, 0x00, 0x00, 0xf0, 0x00, 0xff, 0x00, 0x00, 0x00, 0x00,
	0x00, 0x00, 0x00, 0x0f, 0xf0, 0x00, 0xff, 0x00, 0x00, 0x00, 0x00, 0x00, 0x00, 0x0f, 0xf0, 0x00,
	0xff, 0x00, 0xff, 0x00, 0xf0, 0x0f, 0x00, 0x00, 0xff, 0xff, 0x00, 0x00, 0x00, 0x00, 0x00, 0x00,
	0xff, 0x00, 0xf0, 0x00, 0x00, 0x00, 0xf0, 0x0f, 0x00, 0x00, 0x00, 0x00, 0x00, 0x00, 0x00, 0x00,
	0x00, 0xff, 0x00, 0x00, 0x00, 0x00, 0x00, 0x00, 0x00, 0x00, 0xff, 0x00, 0x00, 0x00, 0xff, 0x00,
	0x00, 0x00, 0xff, 0x00, 0xf0, 0x00, 0x00, 0x0f, 0xff, 0x00, 0xf0, 0x0f, 0xff, 0xff, 0xff, 0xff,
	0xf0, 0x00, 0x00, 0x00, 0x00, 0x0f, 0x00, 0x0f, 0x00, 0x00, 0x00, 0x00, 0xff, 0x00, 0xff, 0xf0,
	0x00, 0x00, 0x00, 0x00, 0xf0, 0x00, 0xf0, 0xff, 0x00, 0xf0, 0x00, 0x00, 0x00, 0x00, 0x00, 0x00,
	0x00, 0x00, 0xf0, 0x00, 0x00, 0x00, 0x00, 0x00, 0x0f, 0x0f, 0x00, 0x00, 0xff, 0x00, 0x00, 0x00,
	0x00, 0x0f, 0x00, 0x00, 0x00, 0xff, 0x0f, 0x00, 0xff, 0x00, 0xff, 0x00, 0x00, 0xf0, 0x00, 0x00,
	0x00, 0xf0, 0xf0, 0xff, 0x00, 0xf0, 0x0f, 0xff, 0xf0, 0x00, 0x00, 0xff, 0x00, 0x00, 0xf0, 0x00,
	0x00, 0xff, 0x0f, 0xf0, 0x0f, 0x00, 0x00, 0xff, 0x00, 0xff, 0x00, 0x00, 0xf0, 0x0f, 0xf0, 0x0f,
	0xff, 0x00, 0x00, 0x00, 0x00, 0xff, 0x00, 0x00, 0x00, 0xff, 0xff, 0x0f, 0x00, 0x00, 0x0f, 0xff,
	0x00, 0x00, 0xff, 0x00, 0x00, 0xf0, 0x0f, 0xf0, 0x00, 0x00, 0x00, 0x00, 0xff, 0x00, 0x0f, 0xff,
	0xff, 0x00, 0x00, 0x00, 0x00, 0x00, 0x0f, 0xff, 0xff, 0x00, 0x00, 0x0f, 0x00, 0x00, 0xff, 0x00,
	0x0f, 0x00, 0x0f, 0xf0, 0xf0, 0x0f, 0xff, 0xf0, 0xff, 0x00, 0x00, 0x00, 0xf0, 0x0f, 0x00, 0x00,
	0x00, 0xf0, 0xf0, 0x00, 0xff, 0xf0, 0x00, 0xf0, 0x00, 0x00, 0xf0, 0xff, 0xff, 0x00, 0x00, 0xf0,
	0x00, 0x00, 0x00, 0xf0, 0x00, 0xf0, 0x00, 0x00, 0xf0, 0xf0, 0xf0, 0x00, 0x00, 0x00, 0x00, 0xff,
	0x00, 0x00, 0x0f, 0x00, 0x00, 0x0f, 0x00, 0x0f, 0xff, 0xff, 0xf0, 0xf0, 0x00, 0xff, 0x00, 0x00,
	0xff, 0x00, 0xf0, 0x00, 0x0f, 0x00, 0xf0, 0xf0, 0x00, 0x00, 0x00, 0x00, 0x00, 0x00, 0x00, 0xff,
	0x00, 0xf0, 0xff, 0x00, 0x00, 0x00, 0xff, 0x0f, 0xf0, 0xf0, 0x0f, 0x0f, 0x00, 0xf0, 0x00, 0x0f,
	0x00, 0x00, 0x00, 0x0f, 0xff, 0xff, 0x0f, 0x00, 0x00, 0x00, 0xff, 0x00, 0x00, 0x00, 0x0f, 0x0f,
	0x00, 0x00, 0x00, 0xff, 0x00, 0x00, 0xff, 0xf0, 0x00, 0xf0, 0xf0, 0x00, 0x0f, 0x0f, 0x00, 0xf0,
	0x00, 0xf0, 0x00, 0x00, 0x00, 0x00, 0xff, 0x0f, 0xf0, 0xff, 0xf0, 0x00, 0xf0, 0x00, 0x0f, 0x00,
	0x00, 0xf0, 0x00, 0x00, 0xf0, 0xff, 0xff, 0xf0, 0xff, 0x0f, 0x00, 0x00, 0x00, 0xf0, 0x00, 0xf0,
	0x0f, 0x00, 0xf0, 0x00, 0xf0, 0xff, 0xf0, 0x00, 0x0f, 0x00, 0x00, 0x0f, 0xf0, 0xf0, 0xff, 0x00,
	0x0f, 0xf0, 0xf0, 0xff, 0x00, 0xf0, 0xff, 0xf0, 0x00, 0x0f, 0x0f, 0xf0, 0x00, 0xf0, 0x00, 0x0f,
	0xff, 0x0f, 0xf0, 0x00, 0x0f, 0x00, 0x00, 0x00, 0xf0, 0x00, 0xff, 0xff, 0x00, 0xf0, 0x0f, 0x0f,
	0xff, 0x0f, 0x0f, 0x0f, 0x0f, 0x0f, 0x0f, 0xff, 0xf0, 0x00, 0x0f, 0x00, 0xff, 0xf0, 0x00, 0x00,
	0x00, 0xff, 0x00, 0xf0, 0xff, 0x00, 0xf0, 0xf0, 0xf0, 0x00, 0x00, 0x00, 0x0f, 0x0f, 0x00, 0xf0,
	0xf0, 0x0f, 0x00, 0xff, 0x0f, 0xf0, 0xf0, 0x00, 0x00, 0xff, 0xf0, 0x00, 0xf0, 0x00, 0xff, 0x0f,
	0x00, 0xf0, 0x00, 0xff, 0x00, 0xff, 0xf0, 0xf0, 0x00, 0x00, 0x00, 0x0f, 0x0f, 0x00, 0xf0, 0x0f,
	0xff, 0xff, 0x00, 0x0f, 0xff, 0xff, 0x00, 0x0f, 0x00, 0xff, 0x0f, 0x0f, 0x00, 0xff, 0xff, 0x00,
	0x00, 0x00, 0xf0, 0xf0, 0x0f, 0x00, 0xff, 0xf0, 0x0f, 0xf0, 0xf0, 0xf0, 0x0f, 0x0f, 0xff, 0x0f,
	0xff, 0xf0, 0x00, 0x00, 0xf0, 0x0f, 0x0f, 0x00, 0x00, 0xff, 0x0f, 0xff, 0xff, 0x0f, 0x00, 0x00,
	0xff, 0x0f, 0xff, 0x00, 0x00, 0xff, 0xf0, 0xff, 0x0f, 0x00, 0xff, 0x00, 0x00, 0xff, 0x0f, 0xff,
	0x00, 0x00, 0xff, 0x0f, 0xf0, 0xff, 0xff, 0xf0, 0x00, 0x00, 0x00, 0x00, 0x00, 0xf0, 0x00, 0x0f,
	0xf0, 0xf0, 0x0f, 0x0f, 0x00, 0xf0, 0x00, 0x0f, 0xf0, 0xf0, 0xf0, 0x0f, 0x00, 0x00, 0xff, 0xf0,
	0xff, 0x00, 0x00, 0x0f, 0x0f, 0xf0, 0xf0, 0x0f, 0x0f, 0xff, 0xf0, 0xff, 0xf0, 0xf0, 0xf0, 0xf0,
	0x0f, 0xf0, 0xff, 0xff, 0x0f, 0xff, 0xff, 0x00, 0x00, 0x0f, 0x00, 0xf0, 0xff, 0x00, 0xff, 0x0f,
	0x00, 0x0f, 0x0f, 0x00, 0xff, 0x0f, 0x00, 0xff, 0xf0, 0x0f, 0xff, 0x00, 0x0f, 0x0f, 0x0f, 0x00,
	0x0f, 0x00, 0xf0, 0x00, 0xff, 0xff, 0x0f, 0x0f, 0x00, 0x0f, 0x0f, 0x0f, 0xff, 0xff, 0x00, 0xf0,
	0xf0, 0xf0, 0xf0, 0x0f, 0x00, 0xff, 0xff, 0x00, 0xff, 0x00, 0xf0, 0xf0, 0x0f, 0x00, 0x00, 0x0f,
	0xf0, 0x0f, 0x00, 0x0f, 0x00, 0x0f, 0xff, 0x00, 0x0f, 0xf0, 0xf0, 0x0f, 0x00, 0x00, 0xff, 0xf0,
	0x0f, 0x00, 0xf0, 0xff, 0xf0, 0xf0, 0xf0, 0x00, 0x00, 0x00, 0xff, 0x0f, 0x0f, 0xff, 0xff, 0x00,
	0x00, 0xf0, 0x00, 0xf0, 0xff, 0x00, 0x00, 0x00, 0x0f, 0xf0, 0xff, 0x00, 0x0f, 0xff, 0xf0, 0x00,
	0xf0, 0xf0, 0x00, 0xf0, 0x0f, 0x00, 0x00, 0x00, 0xf0, 0xff, 0xff, 0xf0, 0xff, 0x00, 0xff, 0x00,
	0xf0, 0xf0, 0xf0, 0x00, 0x0f, 0xf0, 0xf0, 0x00, 0x0f, 0x00, 0xf0, 0x00, 0x00, 0x0f, 0x0f, 0xff,
	0xf0, 0x00, 0x0f, 0x0f, 0xff, 0xff, 0x00, 0x00, 0x00, 0xf0, 0xf0, 0xff, 0x0f, 0x00, 0x00, 0x00,
	0x00, 0x00, 0x00, 0xff, 0xf0, 0x0f, 0x0f, 0x00, 0x0f, 0xff, 0xff, 0x00, 0x0f, 0xff, 0x0f, 0xff,
	0x00, 0xff, 0xff, 0x0f, 0xff, 0x00, 0xff, 0xff, 0xff, 0xff, 0xf0, 0x00, 0x00, 0x0f, 0x0f, 0xff,
	0x00, 0xf0, 0xf0, 0x00, 0x00, 0xff, 0x0f, 0xff, 0xf0, 0xff, 0xff, 0xf0, 0x00, 0xff, 0xff, 0xf0,
	0xff, 0xf0, 0x0f, 0x0f, 0x0f, 0xf0, 0x00, 0xff, 0x00, 0x0f, 0xff, 0xff, 0x00, 0xff, 0x00, 0xf0,
	0xf0, 0xf0, 0xff, 0xff, 0xf0, 0xf0, 0xf0, 0xff, 0x0f, 0xff, 0xff, 0xf0, 0x00, 0x00, 0xff, 0x0f,
	0xff, 0xff, 0xf0, 0x00, 0x0f, 0x00, 0x00, 0xf0, 0xf0, 0xf0, 0xff, 0xf0, 0x00, 0xff, 0xf0, 0xf0,
	0x0f, 0x00, 0x00, 0x0f, 0x00, 0x0f, 0x0f, 0x00, 0x0f, 0xff, 0x0f, 0x0f, 0x0f, 0x00, 0x00, 0xff,
	0x00, 0x00, 0xff, 0xff, 0xf0, 0xff, 0x0f, 0x00, 0xf0, 0xf0, 0x0f, 0xf0, 0xff, 0xff, 0xf0, 0xf0,
	0xff, 0x00, 0xff, 0x0f, 0x0f, 0xf0, 0xf0, 0xff, 0x0f, 0x0f, 0x0f, 0xff, 0x0f, 0xf0, 0x00, 0x0f,
	0xff, 0xf0, 0xf0, 0xff, 0x00, 0xff, 0xf0, 0xff, 0xff, 0xf0, 0xff, 0xff, 0x0f, 0xf0, 0x00, 0xf0,
	0x0f, 0xff, 0x00, 0x00, 0xf0, 0x0f, 0x00, 0xff, 0xff, 0x0f, 0x00, 0xff, 0x00, 0xf0, 0xff, 0xff,
	0xf0, 0xf0, 0x00, 0x00, 0x00, 0xff, 0xf0, 0xff, 0x0f, 0x00, 0x0f, 0xf0, 0x00, 0x00, 0xf0, 0x0f,
	0x00, 0x0f, 0x0f, 0x0f, 0xf0, 0x00, 0xff, 0x00, 0xf0, 0x0f, 0x0f, 0x00, 0xf0, 0xff, 0x0f, 0x0f,
	0x00, 0x00, 0x0f, 0x00, 0x00, 0x00, 0xf0, 0x0f, 0x0f, 0x0f, 0x00, 0x0f, 0xff, 0xff, 0xff, 0xf0,
	0xff, 0x00, 0x0f, 0x00, 0x00, 0xf0, 0x0f, 0x0f, 0x0f, 0xff, 0xf0, 0xf0, 0xf0, 0xff, 0xff, 0x00,
	0x0f, 0xff, 0xff, 0x0f, 0x0f, 0x00, 0x0f, 0xff, 0xff, 0xff, 0xff, 0x00, 0x00, 0x0f, 0x00, 0xff,
	0xff, 0xf0, 0x0f, 0x0f, 0x00, 0xf0, 0x0f, 0xff, 0x0f, 0x0f, 0x0f, 0x0f, 0xff, 0xf0, 0xff, 0xff,
	0xf0, 0x0f, 0x0f, 0x0f, 0x0f, 0xf0, 0x0f, 0xf0, 0x0f, 0xf0, 0xff, 0xf0, 0x00, 0x0f, 0x0f, 0xf0,
	0xf0, 0xff, 0xf0, 0x0f, 0xf0, 0x0f, 0xff, 0x0f, 0x0f, 0xf0, 0xf0, 0x00, 0xf0, 0xff, 0xf0, 0xff,
	0x0f, 0xf0, 0xf0, 0x0f, 0x0f, 0x0f, 0x0f, 0x0f, 0xf0, 0x0f, 0x0f, 0xf0, 0xf0, 0xf0, 0x00, 0xf0,
	0xf0, 0xff, 0xf0, 0xff, 0xf0, 0x00, 0xf0, 0xff, 0xff, 0xff, 0x00, 0xff, 0x0f, 0x0f, 0xf0, 0x0f,
	0x0f, 0xff, 0xf0, 0xff, 0xf0, 0x0f, 0xf0, 0x00, 0xff, 0xf0, 0xf0, 0x00, 0xf0, 0x0f, 0xf0, 0xff,
	0x00, 0x00, 0x0f, 0xf0, 0xff, 0x0f, 0xff, 0xf0, 0x0f, 0xf0, 0xff, 0xff, 0x0f, 0xf0, 0xff, 0xf0,
	0x0f, 0xff, 0xf0, 0xff, 0xff, 0xf0, 0xff, 0xff, 0x00, 0x0f, 0xf0, 0xf0, 0xff, 0xff, 0xff, 0xff,
	0x0f, 0xf0, 0x0f, 0xff, 0x0f, 0xf0, 0x0f, 0x0f, 0xf0, 0xf0, 0xff, 0x0f, 0x0f, 0x0f, 0x0f, 0xff,
	0xf0, 0xff, 0xff, 0xf0, 0x0f, 0x00, 0x00, 0xf0, 0xf0, 0xff, 0x0f, 0xff, 0xf0, 0x0f, 0x0f, 0x0f,
	0x0f, 0x0f, 0xf0, 0xff, 0xff, 0xff, 0x00, 0xf0, 0x00, 0xf0, 0xf0, 0x0f, 0x0f, 0xf0, 0xff, 0xf0,
	0x0f, 0xff, 0xff, 0xf0, 0x0f, 0xff, 0x00, 0x00, 0xf0, 0xf0, 0xf0, 0xff, 0x0f, 0xff, 0x0f, 0x0f,
	0xff, 0xff, 0x0f, 0xff, 0x0f, 0xff, 0x0f, 0x0f, 0xff, 0xff, 0x0f, 0x00, 0xff, 0xff, 0xff, 0x0f,
	0xff, 0xf0, 0xf0, 0xff, 0xf0, 0xf0, 0x0f, 0xff, 0xff, 0xf0, 0x00, 0x0f, 0xff, 0x0f, 0xff, 0xff,
	0x0f, 0x00, 0xf0, 0xff, 0xff, 0xff, 0x0f, 0xff, 0xff, 0x0f, 0x00, 0xff, 0xff, 0xf0, 0xff, 0x0f,
	0x0f, 0xff, 0x0f, 0x00, 0x0f, 0xff, 0x0f, 0xff, 0xf0, 0x00, 0xf0, 0x0f, 0xff, 0x0f, 0xff, 0xf0,
	0xf0, 0x00, 0x00, 0x0f, 0xf0, 0xf0, 0x0f, 0xf0, 0xff, 0xff, 0xf0, 0x0f, 0xf0, 0xf0, 0xf0, 0xf0,
	0x0f, 0x0f, 0x0f, 0xff, 0xf0, 0xf0, 0xff, 0xff, 0xf0, 0x00, 0xf0, 0xf0, 0xff, 0xf0, 0xff, 0xff,
	0xff, 0xf0, 0xf0, 0xff, 0x0f, 0x0f, 0xff, 0xf0, 0x00, 0xf0, 0xff, 0x0f, 0x0f, 0xff, 0xf0, 0xff,
	0xff, 0x0f, 0xf0, 0xf0, 0xff, 0x0f, 0xff, 0xff, 0x0f, 0xff, 0x0f, 0xff, 0xff, 0x0f, 0x00, 0xff,
	0xff, 0xff, 0xff, 0xff, 0xff, 0xff, 0xff, 0xff, 0xff, 0xff, 0xff, 0xff, 0xff, 0xff, 0xff, 0xff,
	0xff, 0xff, 0xff, 0xff, 0xff, 0xff, 0xff, 0xff, 0xff, 0xff, 0xff, 0xff, 0xff, 0xff, 0xff, 0xff,
	0xff, 0xff, 0xff, 0xff, 0xff, 0xff, 0xff, 0xff, 0xff, 0xff, 0xff, 0xff, 0xff, 0xff, 0xff, 0xff,
	0xff, 0xff, 0xff, 0xff, 0xff, 0xff, 0xff, 0xff, 0xff, 0xff, 0xff, 0xff, 0xff, 0xff, 0xff, 0xff,
	0xff, 0xff, 0xff, 0xff, 0xff, 0xff, 0xff, 0xff, 0xff, 0xff, 0xff, 0xff, 0xff, 0xff, 0xff, 0xff,
	0xff, 0xff, 0xff, 0xff, 0xff, 0xff, 0xff, 0xff, 0xff, 0xff, 0xff, 0xff, 0xff, 0xff, 0xff, 0xff,
	0xff, 0xff, 0xff, 0xff, 0xff, 0xff, 0xff, 0xff, 0xff, 0xff, 0xff, 0xff, 0xff, 0xff, 0xff, 0xff,
	0xff, 0xff, 0xff, 0xff, 0xff, 0xff, 0xff, 0xff, 0xff, 0xff, 0xff, 0xff, 0xff, 0xff, 0xff, 0xff,
	0xff, 0xff, 0xff, 0xff, 0xff, 0xff, 0xff, 0xff, 0xff, 0xff, 0xff, 0xff, 0xff, 0xff, 0xff, 0xff,
	0xff, 0xff, 0xff, 0xff, 0xff, 0xff, 0xff, 0xff, 0xff, 0xff, 0xff, 0xff, 0xff, 0xff, 0xff, 0xff,
	0xff, 0xff, 0xff, 0xff, 0xff, 0xff, 0xff, 0xff, 0xff, 0xff, 0xff, 0xff, 0xff, 0xff, 0xff, 0xff,
	0xff, 0xff, 0xff, 0xff, 0xff, 0xff, 0xff, 0xff, 0xff, 0xff, 0xff, 0xff, 0xff, 0xff, 0xff, 0xff,
	0xff, 0xff, 0xff, 0xff, 0xff, 0xff, 0xff, 0xff, 0xff, 0xff, 0xff, 0xff, 0xff, 0xff, 0xff, 0xff,
	0xff, 0xff, 0xff, 0xff, 0xff, 0xff, 0xff, 0xff, 0xff, 0xff, 0xff, 0xff, 0xff, 0xff, 0xff, 0xff,
	0xff, 0xff, 0xff, 0xff, 0xff, 0xff, 0xff, 0xff, 0xff, 0xff, 0xff, 0xff, 0xff, 0xff, 0xff, 0xff,
	0xff, 0xff, 0xff, 0xff, 0xff, 0xff, 0xff, 0xff, 0xff, 0xff, 0xff, 0xff, 0xff, 0xff, 0xff, 0xff,
	0xff, 0xff, 0xff, 0xff, 0xff, 0xff, 0xff, 0xff, 0xff, 0xff, 0xff, 0xff, 0xff, 0xff, 0xff, 0xff,
	0xff, 0xff, 0xff, 0xff, 0xff, 0xff, 0xff, 0xff, 0xff, 0xff, 0xff, 0xff, 0xff, 0xff, 0xff, 0xff,
	0xff, 0xff, 0xff, 0xff, 0xff, 0xff, 0xff, 0xff, 0xff, 0xff, 0xff, 0xff, 0xff, 0xff, 0xff, 0xff,
	0xff, 0xff, 0xff, 0xff, 0xff, 0xff, 0xff, 0xff, 0xff, 0xff, 0xff, 0xff, 0xff, 0xff, 0xff, 0xff,
	0x00, 0x00, 0x00, 0x00, 0x00, 0x00, 0x00, 0x00, 0x00, 0x00, 0x00, 0x00, 0x00, 0x00, 0x00, 0x00,
	0x00, 0x00, 0x00, 0x00, 0x00, 0x00, 0x00, 0x00, 0x00, 0x00, 0x00, 0x00, 0x00, 0x00, 0x00, 0x00,
	0x00, 0x00, 0x00, 0x00, 0x00, 0x00, 0x00, 0x00, 0x00, 0x00, 0x00, 0x00, 0x00, 0x00, 0x00, 0x00,
	0x00, 0x00, 0x00, 0x00, 0x00, 0x00, 0x00, 0x00, 0x00, 0x00, 0x00, 0x00, 0x00, 0x00, 0x00, 0x00,
	0x00, 0x00, 0x00, 0x00, 0x00, 0x00, 0x00, 0x00, 0x00, 0x00, 0x00, 0x00, 0x00, 0x00, 0x00, 0x00,
	0x00, 0x00, 0x00, 0x00, 0x00, 0x00, 0x00, 0x00, 0x00, 0x00, 0x00, 0x00, 0x00, 0x00, 0x00, 0x00,
	0x00, 0x00, 0x00, 0x00, 0x00, 0x00, 0x00, 0x00, 0x00, 0x00, 0x00, 0x00, 0x00, 0x00, 0x00, 0x00,
	0x00, 0x00, 0x00, 0x00, 0x00, 0x00, 0x00, 0x00, 0x00, 0x00, 0x00, 0x00, 0x00, 0x00, 0x00, 0x00,
	0x00, 0x00, 0x00, 0x00, 0x00, 0x00, 0x00, 0x00, 0x00, 0x00, 0x00, 0x00, 0x00, 0x00, 0x00, 0x00,
	0x00, 0x00, 0x00, 0x00, 0x00, 0x00, 0x00, 0x00, 0x00, 0x00, 0x00, 0x00, 0x00, 0x00, 0x00, 0x00,
	0x00, 0x00, 0x00, 0x00, 0x00, 0x00, 0x00, 0x00, 0x00, 0x00, 0x00, 0x00, 0x00, 0x00, 0x00, 0x00,
	0x00, 0x00, 0x00, 0x00, 0x00, 0x00, 0x00, 0x00, 0x00, 0x00, 0x00, 0x00, 0x00, 0x00, 0x00, 0x00,
	0x00, 0x00, 0x00, 0x00, 0x00, 0x00, 0x00, 0x00, 0x00, 0x00, 0x00, 0x00, 0x00, 0x00, 0x00, 0x00,
	0x00, 0x00, 0x00, 0x00, 0x00, 0x00, 0x00, 0x00, 0x00, 0x00, 0x00, 0x00, 0x00, 0x00, 0x00, 0x00,
	0x00, 0x00, 0x00, 0x00, 0x00, 0x00, 0x00, 0x00, 0x00, 0x00, 0x00, 0x00, 0x00, 0x00, 0x00, 0x00,
	0x00, 0x00, 0x00, 0x00, 0x00, 0x00, 0x00, 0x00, 0x00, 0x00, 0x00, 0x00, 0x00, 0x00, 0x00, 0x00,
	0x00, 0x00, 0x00, 0x00, 0x00, 0x00, 0x00, 0x00, 0x00, 0x00, 0x00, 0x00, 0x00, 0x00, 0x00, 0x00,
	0x00, 0x00, 0x00, 0x00, 0x00, 0x00, 0x00, 0x00, 0x00, 0x00, 0x00, 0x00, 0x00, 0x00, 0x00, 0x00,
	0x00, 0x00, 0x00, 0x00, 0x00, 0x00, 0x00, 0x00, 0x00, 0x00, 0x00, 0x00, 0x00, 0x00, 0x00, 0x00,
	0x00, 0x00, 0x00, 0x00, 0x00, 0x00, 0x00, 0x00, 0x00, 0x00, 0x00, 0x00, 0x00, 0x00, 0x00, 0x00,
	0x00, 0x00, 0x00, 0x00, 0x00, 0x00, 0x00, 0x00, 0x00, 0x00, 0x00, 0x00, 0x00, 0x00, 0x00, 0x00,
	0x00, 0x00, 0x00, 0x00, 0x00, 0x00, 0x00, 0x00, 0x00, 0x00, 0x00, 0x00, 0x00, 0xff, 0xf0, 0x00,
	0x00, 0x00, 0x00, 0x00, 0x00, 0x00, 0x00, 0x00, 0x00, 0x00, 0x00, 0x00, 0x00, 0x00, 0xff, 0x00,
	0x00, 0x00, 0x00, 0x00, 0x00, 0x00, 0x0f, 0x00, 0x00, 0x00, 0x00, 0x00, 0x00, 0x00, 0x00, 0x00,
	0x00, 0x00, 0x00, 0x00, 0x00, 0x00, 0x00, 0x00, 0x00, 0x00, 0x00, 0x00, 0x00, 0x00, 0x00, 0x00,
	0x00, 0x00, 0x00, 0x00, 0x00, 0x00, 0x00, 0x00, 0x00, 0x00, 0x00, 0x00, 0x00, 0x00, 0x00, 0x00,
	0x00, 0x00, 0x00, 0x00, 0x00, 0x00, 0x00, 0x00, 0x00, 0x00, 0x00, 0x00, 0x00, 0x00, 0x00, 0x00,
	0x00, 0x00, 0x00, 0x00, 0x00, 0x00, 0x00, 0x00, 0x00, 0x00, 0x00, 0x00, 0x00, 0x00, 0x00, 0x00,
	0x00, 0x00, 0x00, 0x00, 0x00, 0x00, 0x00, 0x0f, 0x00, 0x00, 0x00, 0xf0, 0x00, 0x00, 0x00, 0x00,
	0x00, 0x00, 0x00, 0x00, 0x00, 0x00, 0x00, 0x00, 0xf0, 0x00, 0x00, 0x00, 0x00, 0x00, 0x00, 0x00,
	0x00, 0x00, 0x00, 0x00, 0x00, 0x00, 0x00, 0xff, 0xf0, 0x00, 0x00, 0x00, 0x00, 0x00, 0x00, 0x00,
	0x00, 0x00, 0x00, 0xf0, 0x00, 0x00, 0x00, 0x00, 0x00, 0x00, 0x00, 0xf0, 0x00, 0x00, 0x00, 0x00,
	0x00, 0x00, 0x00, 0x00, 0x00, 0x00, 0x00, 0x00, 0x00, 0x00, 0x0f, 0x00, 0x00, 0x00, 0x00, 0x00,
	0x00, 0x00, 0x00, 0x0f, 0x00, 0x00, 0x00, 0x00, 0x00, 0x00, 0x0f, 0x00, 0x00, 0x00, 0x00, 0x00,
	0x00, 0x00, 0x00, 0x00, 0x00, 0x00, 0x00, 0x00, 0x0f, 0x00, 0x00, 0x00, 0x00, 0x00, 0x00, 0xff,
	0x0f, 0x00, 0x00, 0x00, 0x00, 0x00, 0x00, 0x00, 0x00, 0x00, 0x00, 0x00, 0x00, 0xff, 0x00, 0x00,
	0x00, 0x0f, 0x00, 0x00, 0x00, 0x00, 0x00, 0x00, 0x00, 0x00, 0x00, 0x0f, 0x00, 0x00, 0x00, 0x00,
	0x00, 0x00, 0x00, 0x00, 0x00, 0x00, 0x00, 0x00, 0x00, 0x00, 0x00, 0x00, 0x00, 0x00, 0x00, 0x00,
	0x00, 0x00, 0x00, 0x00, 0x00, 0x00, 0x00, 0x00, 0x00, 0x00, 0x00, 0x00, 0x00, 0x00, 0x00, 0x00,
	0x00, 0x00, 0x00, 0x00, 0x00, 0x00, 0x00, 0x00, 0x00, 0x00, 0x00, 0x00, 0x00, 0x00, 0x00, 0x00,
	0x00, 0x00, 0x00, 0x00, 0x00, 0x00, 0x00, 0x00, 0x00, 0x00, 0x00, 0x00, 0xff, 0x00, 0x00, 0x00,
	0x00, 0x0f, 0x00, 0x00, 0x00, 0x00, 0x00, 0x00, 0x0f, 0x00, 0x00, 0x00, 0x00, 0x00, 0x00, 0x0f,
	0x00, 0x00, 0x00, 0xf0, 0x00, 0x00, 0x00, 0x00, 0x0f, 0x00, 0x00, 0x00, 0x00, 0x00, 0x00, 0x00,
	0x00, 0x00, 0x00, 0x00, 0x0f, 0x00, 0xff, 0x00, 0x00, 0x00, 0x00, 0xf0, 0x00, 0x00, 0x00, 0x00,
	0x00, 0x00, 0x00, 0x00, 0x00, 0x00, 0x00, 0x00, 0x00, 0x00, 0x0f, 0x00, 0x00, 0x00, 0x00, 0x00,
	0x00, 0x00, 0x00, 0x00, 0x00, 0xff, 0x00, 0x00, 0x00, 0x00, 0xff, 0xf0, 0x00, 0x00, 0x00, 0x00,
	0x00, 0x00, 0xf0, 0x00, 0x00, 0x00, 0x00, 0x00, 0x00, 0xf0, 0x00, 0x00, 0x00, 0x00, 0x00, 0x00,
	0x00, 0x00, 0x00, 0x00, 0x00, 0x00, 0x00, 0x00, 0x0f, 0xf0, 0xff, 0x00, 0x00, 0xf0, 0x00, 0x00,
	0x00, 0x00, 0x00, 0x00, 0x0f, 0x00, 0x00, 0x00, 0x00, 0x00, 0x00, 0x00, 0xff, 0x00, 0x00, 0x00,
	0x00, 0x00, 0x00, 0x00, 0x00, 0xff, 0x00, 0x00, 0x00, 0x00, 0x00, 0x00, 0x00, 0x00, 0x00, 0x00,
	0x00, 0x00, 0x00, 0x00, 0x00, 0x00, 0x00, 0x00, 0x00, 0x00, 0xff, 0x00, 0x00, 0x00, 0x00, 0x00,
	0x00, 0x00, 0x00, 0x00, 0x00, 0x00, 0x00, 0x00, 0x00, 0x00, 0xf0, 0x00, 0x00, 0x00, 0x00, 0x00,
	0xff, 0x00, 0x00, 0x00, 0x00, 0xf0, 0xf0, 0x00, 0x00, 0x00, 0xf0, 0x00, 0x00, 0x00, 0x0f, 0x00,
	0x00, 0x00, 0xff, 0x00, 0x00, 0x00, 0x00, 0x00, 0x00, 0xff, 0x00, 0x00, 0xff, 0x0f, 0x00, 0x0f,
	0xf0, 0x00, 0x00, 0x00, 0x00, 0x0f, 0x00, 0x00, 0xff, 0x00, 0x00, 0x00, 0x00, 0x00, 0x00, 0xf0,
	0x00, 0x00, 0x00, 0x0f, 0x00, 0x00, 0x00, 0x00, 0xf0, 0x00, 0x0f, 0x00, 0x00, 0x00, 0x00, 0x00,
	0x00, 0xf0, 0x00, 0x00, 0x00, 0x00, 0x00, 0xff, 0x00, 0x00, 0x00, 0x00, 0x00, 0x00, 0x00, 0x00,
	0x00, 0xf0, 0x00, 0x00, 0x00, 0x00, 0x00, 0x00, 0x00, 0x00, 0x00, 0x00, 0x00, 0x00, 0x00, 0x00,
	0x00, 0xff, 0x00, 0x00, 0xff, 0x00, 0x00, 0xf0, 0x00, 0x00, 0x00, 0x00, 0x00, 0x00, 0x00, 0x0f,
	0x00, 0x00, 0x00, 0x00, 0x00, 0x00, 0x00, 0x00, 0x00, 0x00, 0x0f, 0xf0, 0x00, 0x00, 0x00, 0x00,
	0x00, 0xf0, 0x00, 0x0f, 0xf0, 0x0f, 0x00, 0x00, 0xf0, 0xf0, 0x00, 0x00, 0xf0, 0x0f, 0xff, 0x00,
	0x0f, 0x0f, 0xff, 0xff, 0x00, 0x00, 0x0f, 0x0f, 0x00, 0x0f, 0x00, 0x00, 0xff, 0x00, 0x00, 0x00,
	0x0f, 0xf0, 0x0f, 0x0f, 0xf0, 0x00, 0x00, 0xf0, 0x0f, 0x00, 0xff, 0x00, 0xf0, 0xff, 0xf0, 0x00,
	0xf0, 0x00, 0x00, 0xff, 0x0f, 0x00, 0x00, 0x0f, 0xff, 0xf0, 0x0f, 0xff, 0x00, 0xff, 0x00, 0x00,
	0x00, 0x0f, 0xff, 0x00, 0xff, 0x0f, 0x0f, 0x00, 0x0f, 0xf0, 0xf0, 0xf0, 0xff, 0x00, 0x00, 0xf0,
	0xff, 0x00, 0xf0, 0x00, 0x0f, 0x00, 0x00, 0xf0, 0x00, 0x00, 0x0f, 0x00, 0xf0, 0xf0, 0x00, 0xff,
	0xff, 0x0f, 0x0f, 0x00, 0x0f, 0x0f, 0xf0, 0x00, 0xff, 0x00, 0x00, 0xf0, 0x00, 0x00, 0xf0, 0x0f,
	0xf0, 0x0f, 0xf0, 0x00, 0xff, 0xff, 0x00, 0xf0, 0x0f, 0x0f, 0x00, 0x00, 0xf0, 0xf0, 0x00, 0xf0,
	0x00, 0x00, 0x0f, 0x00, 0xff, 0x00, 0x00, 0x00, 0x00, 0xff, 0x0f, 0x00, 0x00, 0xf0, 0x00, 0x00,
	0x00, 0x00, 0x00, 0x00, 0x0f, 0x00, 0xf0, 0xf0, 0xf0, 0x00, 0xff, 0x00, 0x00, 0xff, 0x00, 0x00,
	0x00, 0x0f, 0x00, 0xff, 0x00, 0x00, 0x00, 0xf0, 0x00, 0xf0, 0x0f, 0xf0, 0x00, 0xff, 0xf0, 0xff,
	0x0f, 0x00, 0x00, 0x00, 0x0f, 0x00, 0x00, 0xff, 0xf0, 0x0f, 0x0f, 0x00, 0xff, 0x00, 0xf0, 0xf0,
	0xff, 0xff, 0xf0, 0x00, 0xf0, 0xff, 0x00, 0x00, 0x00, 0x00, 0xf0, 0xff, 0x0f, 0xff, 0xf0, 0x00,
	0x00, 0x00, 0x0f, 0xff, 0x0f, 0x00, 0x0f, 0xf0, 0x00, 0x00, 0x00, 0x0f, 0x0f, 0xf0, 0x00, 0x00,
	0x00, 0x00, 0x0f, 0x0f, 0x00, 0x0f, 0x00, 0x00, 0x00, 0xf0, 0xff, 0xf0, 0x0f, 0x00, 0x0f, 0x00,
	0x0f, 0xf0, 0x00, 0x00, 0x00, 0x0f, 0x00, 0x00, 0x0f, 0xff, 0x00, 0x00, 0xff, 0xf0, 0x0f, 0xf0,
	0x00, 0xff, 0xf0, 0x00, 0x00, 0x00, 0x0f, 0x00, 0x0f, 0x00, 0x0f, 0x00, 0x0f, 0xf0, 0x00, 0xff,
	0xff, 0xf0, 0xff, 0xf0, 0x00, 0xf0, 0x00, 0x00, 0xf0, 0xff, 0xff, 0x0f, 0xff, 0xf0, 0x00, 0xf0,
	0xff, 0xf0, 0x0f, 0x0f, 0x00, 0x00, 0xf0, 0x00, 0x00, 0x0f, 0x0f, 0xf0, 0x00, 0x00, 0xf0, 0xff,
	0x00, 0xf0, 0x00, 0x0f, 0x00, 0x00, 0x00, 0xf0, 0xf0, 0xf0, 0xff, 0x0f, 0x00, 0xff, 0xf0, 0x00,
	0x0f, 0xf0, 0x00, 0xf0, 0x00, 0x00, 0xf0, 0x0f, 0x0f, 0xf0, 0x00, 0x00, 0x0f, 0xf0, 0x00, 0x0f,
	0xf0, 0xff, 0xf0, 0x00, 0x0f, 0xff, 0x0f, 0xf0, 0x00, 0xff, 0xf0, 0xff, 0x0f, 0x00, 0xff, 0xff,
	0x0f, 0x00, 0xff, 0x00, 0xff, 0xf0, 0xff, 0x00, 0xff, 0xf0, 0xff, 0x0f, 0xff, 0xf0, 0xff, 0xf0,
	0xff, 0xf0, 0x0f, 0xff, 0xff, 0x0f, 0x00, 0xff, 0xf0, 0xff, 0x00, 0x0f, 0x00, 0xff, 0x00, 0x0f,
	0x00, 0xff, 0xf0, 0x0f, 0x00, 0xff, 0xf0, 0xff, 0x0f, 0x00, 0xff, 0x0f, 0xf0, 0xf0, 0xf0, 0xff,
	0xff, 0xf0, 0xf0, 0xff, 0xf0, 0x00, 0xff, 0xff, 0xff, 0x00, 0x0f, 0x00, 0xf0, 0xff, 0x0f, 0x00,
	0x00, 0xf0, 0xff, 0x00, 0x00, 0xff, 0x0f, 0x00, 0x0f, 0x00, 0x00, 0xf0, 0x00, 0x00, 0xff, 0xf0,
	0xff, 0x00, 0x00, 0xff, 0x0f, 0x0f, 0xf0, 0xff, 0xf0, 0xf0, 0x00, 0xff, 0x00, 0x00, 0x0f, 0x00,
	0xff, 0xf0, 0x00, 0xff, 0x0f, 0x0f, 0xf0, 0xff, 0x00, 0x0f, 0x00, 0xf0, 0xff, 0xff, 0x0f, 0xff,
	0xf0, 0xf0, 0xf0, 0x0f, 0xf0, 0xff, 0xf0, 0xf0, 0x00, 0x00, 0x0f, 0xff, 0x0f, 0x0f, 0x0f, 0x0f,
	0x00, 0x0f, 0xf0, 0x00, 0x00, 0xf0, 0xff, 0xff, 0x0f, 0xf0, 0x00, 0x0f, 0x00, 0xf0, 0x00, 0xff,
	0x0f, 0x0f, 0x00, 0x00, 0x00, 0xff, 0x0f, 0x0f, 0xf0, 0x0f, 0x00, 0xf0, 0x0f, 0xff, 0x00, 0x0f,
	0x00, 0xf0, 0xff, 0x00, 0xf0, 0x00, 0xff, 0x00, 0x00, 0xf0, 0xff, 0x0f, 0xf0, 0x0f, 0x00, 0x0f,
	0x0f, 0x00, 0x0f, 0x0f, 0x00, 0x00, 0xf0, 0xff, 0x0f, 0xf0, 0x00, 0x00, 0x0f, 0xff, 0x00, 0xff,
	0xf0, 0xf0, 0x00, 0x0f, 0xff, 0xff, 0x0f, 0x00, 0xf0, 0x00, 0xff, 0xf0, 0x00, 0x00, 0x00, 0xff,
	0x0f, 0xf0, 0xf0, 0x00, 0x0f, 0x00, 0x00, 0x00, 0xff, 0xf0, 0x0f, 0xff, 0x0f, 0x0f, 0xff, 0xff,
	0x0f, 0x0f, 0xf0, 0x00, 0xf0, 0xf0, 0xf0, 0xf0, 0xff, 0xf0, 0xff, 0x0f, 0xf0, 0xff, 0xf0, 0x0f,
	0x00, 0x00, 0xf0, 0x0f, 0x0f, 0x00, 0x00, 0xf0, 0x00, 0x0f, 0xf0, 0x00, 0x0f, 0x00, 0xf0, 0x0f,
	0xff, 0xff, 0x00, 0x0f, 0x0f, 0xff, 0xff, 0x00, 0xff, 0x00, 0xff, 0x0f, 0xff, 0xff, 0x0f, 0x00,
	0xf0, 0x00, 0xf0, 0x00, 0xff, 0xff, 0x00, 0xf0, 0xf0, 0xf0, 0x0f, 0xf0, 0xf0, 0xff, 0xff, 0xf0,
	0x0f, 0xf0, 0xf0, 0xf0, 0xff, 0xff, 0xf0, 0xff, 0xff, 0x0f, 0x0f, 0x0f, 0x00, 0x00, 0x0f, 0xff,
	0x00, 0xff, 0xff, 0x00, 0x0f, 0x0f, 0xff, 0xff, 0x00, 0x0f, 0x00, 0xff, 0xff, 0x0f, 0xff, 0xf0,
	0x0f, 0xf0, 0xff, 0xf0, 0x0f, 0xff, 0x00, 0x0f, 0xff, 0x0f, 0xff, 0xf0, 0x0f, 0xf0, 0xf0, 0xff,
	0xf0, 0x00, 0xf0, 0xff, 0xff, 0x0f, 0xff, 0xf0, 0xff, 0x00, 0xf0, 0xf0, 0xf0, 0x00, 0x00, 0x00,
	0x0f, 0x0f, 0x0f, 0x00, 0x00, 0x00, 0xf0, 0x0f, 0x0f, 0xff, 0xff, 0xff, 0x0f, 0xf0, 0x0f, 0x00,
	0xff, 0xff, 0xf0, 0xf0, 0x00, 0x0f, 0xff, 0x0f, 0xf0, 0xf0, 0x00, 0xff, 0x00, 0xf0, 0xff, 0x00,
	0x0f, 0xff, 0x00, 0x0f, 0x00, 0x00, 0xf0, 0xff, 0xf0, 0xff, 0xf0, 0x0f, 0xff, 0x0f, 0xff, 0xff,
	0x0f, 0x00, 0xf0, 0xf0, 0x0f, 0xf0, 0x0f, 0x00, 0xf0, 0xf0, 0x0f, 0xff, 0x0f, 0xf0, 0x0f, 0x0f,
	0x0f, 0xff, 0xff, 0xf0, 0xff, 0x0f, 0x0f, 0xf0, 0xf0, 0x0f, 0xf0, 0xff, 0x0f, 0xf0, 0xff, 0xf0,
	0x00, 0xff, 0x0f, 0x00, 0xff, 0xff, 0x0f, 0xff, 0x0f, 0xff, 0x00, 0x00, 0xff, 0x0f, 0x00, 0x0f,
	0xf0, 0x0f, 0x00, 0x00, 0xff, 0xf0, 0xff, 0xf0, 0xf0, 0xff, 0x0f, 0xf0, 0xff, 0xf0, 0xf0, 0xf0,
	0xf0, 0x0f, 0xf0, 0xff, 0xff, 0xff, 0x0f, 0xff, 0xff, 0x00, 0xf0, 0x0f, 0xf0, 0xf0, 0xff, 0xf0,
	0xf0, 0xff, 0x0f, 0x0f, 0xff, 0xff, 0x0f, 0x0f, 0xff, 0xf0, 0x00, 0x0f, 0x00, 0x00, 0xf0, 0xf0,
	0xf0, 0xf0, 0xf0, 0x0f, 0xf0, 0xff, 0xf0, 0xff, 0xf0, 0x00, 0x0f, 0xff, 0xf0, 0x0f, 0xf0, 0x00,
	0xf0, 0xff, 0xff, 0xf0, 0xff, 0x0f, 0xf0, 0x00, 0xff, 0xf0, 0xf0, 0x0f, 0xf0, 0x0f, 0xf0, 0x0f,
	0x00, 0x00, 0x0f, 0xff, 0xff, 0x00, 0x0f, 0x00, 0x0f, 0xff, 0xf0, 0x0f, 0xf0, 0x00, 0x0f, 0x00,
	0x0f, 0x00, 0x00, 0x00, 0xff, 0x0f, 0xff, 0x00, 0x0f, 0xf0, 0xff, 0x0f, 0x0f, 0xf0, 0xf0, 0x0f,
	0xff, 0xf0, 0xf0, 0x0f, 0x00, 0xff, 0x00, 0xf0, 0xf0, 0xf0, 0x00, 0x00, 0x00, 0x00, 0x00, 0xff,
	0xff, 0x0f, 0x00, 0x0f, 0x00, 0xf0, 0xf0, 0x0f, 0xff, 0xff, 0xf0, 0xff, 0xff, 0xff, 0x00, 0xf0,
	0xff, 0xf0, 0xf0, 0xff, 0x0f, 0xff, 0x0f, 0x00, 0xf0, 0x0f, 0xff, 0x0f, 0xff, 0xf0, 0xff, 0xff,
	0xf0, 0x00, 0xf0, 0xf0, 0xf0, 0xf0, 0xf0, 0x0f, 0x0f, 0xf0, 0xf0, 0x00, 0xf0, 0xf0, 0xf0, 0xff,
	0xf0, 0xff, 0x0f, 0x00, 0x0f, 0xff, 0xf0, 0xf0, 0xff, 0x0f, 0xff, 0x0f, 0x0f, 0xf0, 0xff, 0xff,
	0xff, 0x0f, 0x0f, 0xf0, 0xf0, 0xff, 0x0f, 0xf0, 0x0f, 0x0f, 0xf0, 0xf0, 0x0f, 0x0f, 0xf0, 0xf0,
	0x0f, 0xff, 0xff, 0xf0, 0xff, 0xff, 0xff, 0xf0, 0xf0, 0x0f, 0xff, 0x00, 0xf0, 0xff, 0x0f, 0xf0,
	0xf0, 0x0f, 0xff, 0x0f, 0x00, 0xff, 0xff, 0x0f, 0xff, 0xf0, 0xf0, 0x0f, 0x0f, 0xff, 0xff, 0x0f,
	0xff, 0x0f, 0xf0, 0x0f, 0x0f, 0x0f, 0xf0, 0xf0, 0xff, 0xf0, 0x0f, 0xf0, 0xf0, 0x0f, 0xff, 0xff,
	0x0f, 0x0f, 0xf0, 0xff, 0xff, 0x0f, 0xf0, 0x00, 0xf0, 0x0f, 0xf0, 0xff, 0x0f, 0xf0, 0xf0, 0xf0,
	0xff, 0xf0, 0xff, 0x0f, 0xf0, 0x0f, 0x0f, 0xf0, 0xf0, 0xf0, 0xff, 0x0f, 0xf0, 0x0f, 0x0f, 0xf0,
	0xff, 0xf0, 0x0f, 0xff, 0xf0, 0xff, 0x0f, 0x0f, 0xff, 0xf0, 0x0f, 0x0f, 0xff, 0xf0, 0xff, 0x0f,
	0x00, 0x0f, 0xf0, 0xff, 0x0f, 0xf0, 0xff, 0x0f, 0x00, 0xf0, 0x00, 0x0f, 0x00, 0x0f, 0xff, 0xff,
	0x00, 0xf0, 0x00, 0x0f, 0x0f, 0xf0, 0xff, 0x0f, 0xf0, 0x0f, 0x00, 0x0f, 0x0f, 0x0f, 0xf0, 0x0f,
	0xff, 0xff, 0xff, 0xff, 0xf0, 0xff, 0xf0, 0xff, 0xff, 0xff, 0xff, 0x0f, 0x0f, 0x0f, 0x0f, 0xff,
	0xf0, 0xf0, 0x0f, 0x00, 0xff, 0x0f, 0xff, 0xff, 0x0f, 0xff, 0xff, 0xf0, 0xf0, 0xff, 0xff, 0x00,
	0x00, 0xff, 0xf0, 0x0f, 0xf0, 0xff, 0xff, 0x0f, 0xff, 0xf0, 0xff, 0xf0, 0xf0, 0xf0, 0xff, 0xff,
	0x0f, 0xff, 0xff, 0xf0, 0xf0, 0x0f, 0xf0, 0xf0, 0xff, 0x0f, 0xff, 0xff, 0xff, 0xff, 0xff, 0x0f,
	0xf0, 0xf0, 0x0f, 0xff, 0xff, 0x0f, 0xf0, 0x0f, 0xff, 0xff, 0x0f, 0x00, 0x0f, 0xf0, 0xf0, 0x00,
	0x0f, 0xf0, 0x0f, 0x0f, 0xff, 0xf0, 0xf0, 0xf0, 0xff, 0x0f, 0xf0, 0xf0, 0xf0, 0xf0, 0xf0, 0x0f,
	0x0f, 0xff, 0xff, 0xf0, 0xff, 0x0f, 0x0f, 0xff, 0xf0, 0x0f, 0x00, 0xf0, 0xf0, 0xff, 0xf0, 0xff,
	0x00, 0x0f, 0xff, 0x0f, 0xff, 0xf0, 0xff, 0xf0, 0xff, 0xff, 0x0f, 0xf0, 0x0f, 0xf0, 0xff, 0xf0,
	0xf0, 0xf0, 0xf0, 0xf0, 0xf0, 0xff, 0x0f, 0xf0, 0x0f, 0x0f, 0xff, 0xf0, 0xf0, 0xf0, 0xf0, 0xff,
	0xff, 0xff, 0xff, 0xff, 0xff, 0xff, 0xff, 0xff, 0xff, 0xff, 0xff, 0xff, 0xff, 0xff, 0xff, 0xff,
	0xff, 0xff, 0xff, 0xff, 0xff, 0xff, 0xff, 0xff, 0xff, 0xff, 0xff, 0xff, 0xff, 0xff, 0xff, 0xff,
	0xff, 0xff, 0xff, 0xff, 0xff, 0xff, 0xff, 0xff, 0xff, 0xff, 0xff, 0xff, 0xff, 0xff, 0xff, 0xff,
	0xff, 0xff, 0xff, 0xff, 0xff, 0xff, 0xff, 0xff, 0xff, 0xff, 0xff, 0xff, 0xff, 0xff, 0xff, 0xff,
	0xff, 0xff, 0xff, 0xff, 0xff, 0xff, 0xff, 0xff, 0xff, 0xff, 0xff, 0xff, 0xff, 0xff, 0xff, 0xff,
	0xff, 0xff, 0xff, 0xff, 0xff, 0xff, 0xff, 0xff, 0xff, 0xff, 0xff, 0xff, 0xff, 0xff, 0xff, 0xff,
	0xff, 0xff, 0xff, 0xff, 0xff, 0xff, 0xff, 0xff, 0xff, 0xff, 0xff, 0xff, 0xff, 0xff, 0xff, 0xff,
	0xff, 0xff, 0xff, 0xff, 0xff, 0xff, 0xff, 0xff, 0xff, 0xff, 0xff, 0xff, 0xff, 0xff, 0xff, 0xff,
	0xff, 0xff, 0xff, 0xff, 0xff, 0xff, 0xff, 0xff, 0xff, 0xff, 0xff, 0xff, 0xff, 0xff, 0xff, 0xff,
	0xff, 0xff, 0xff, 0xff, 0xff, 0xff, 0xff, 0xff, 0xff, 0xff, 0xff, 0xff, 0xff, 0xff, 0xff, 0xff,
	0xff, 0xff, 0xff, 0xff, 0xff, 0xff, 0xff, 0xff, 0xff, 0xff, 0xff, 0xff, 0xff, 0xff, 0xff, 0xff,
	0xff, 0xff, 0xff, 0xff, 0xff, 0xff, 0xff, 0xff, 0xff, 0xff, 0xff, 0xff, 0xff, 0xff, 0xff, 0xff,
	0xff, 0xff, 0xff, 0xff, 0xff, 0xff, 0xff, 0xff, 0xff, 0xff, 0xff, 0xff, 0xff, 0xff, 0xff, 0xff,
	0xff, 0xff, 0xff, 0xff, 0xff, 0xff, 0xff, 0xff, 0xff, 0xff, 0xff, 0xff, 0xff, 0xff, 0xff, 0xff,
	0xff, 0xff, 0xff, 0xff, 0xff, 0xff, 0xff, 0xff, 0xff, 0xff, 0xff, 0xff, 0xff, 0xff, 0xff, 0xff,
	0xff, 0xff, 0xff, 0xff, 0xff, 0xff, 0xff, 0xff, 0xff, 0xff, 0xff, 0xff, 0xff, 0xff, 0xff, 0xff,
	0xff, 0xff, 0xff, 0xff, 0xff, 0xff, 0xff, 0xff, 0xff, 0xff, 0xff, 0xff, 0xff, 0xff, 0xff, 0xff,
	0xff, 0xff, 0xff, 0xff, 0xff, 0xff, 0xff, 0xff, 0xff, 0xff, 0xff, 0xff, 0xff, 0xff, 0xff, 0xff,
	0xff, 0xff, 0xff, 0xff, 0xff, 0xff, 0xff, 0xff, 0xff, 0xff, 0xff, 0xff, 0xff, 0xff, 0xff, 0xff,
	0xff, 0xff, 0xff, 0xff, 0xff, 0xff, 0xff, 0xff, 0xff, 0xff, 0xff, 0xff, 0xff, 0xff, 0xff, 0xff,
	0x00, 0x00, 0x00, 0x00, 0x00, 0x00, 0x00, 0x00, 0x00, 0x00, 0x00, 0x00, 0x00, 0x00, 0x00, 0x00,
	0x00, 0x00, 0x00, 0x00, 0x00, 0x00, 0x00, 0x00, 0x00, 0x00, 0x00, 0x00, 0x00, 0x00, 0x00, 0x00,
	0x00, 0x00, 0x00, 0x00, 0x00, 0x00, 0x00, 0x00, 0x00, 0x00, 0x00, 0x00, 0x00, 0x00, 0x00, 0x00,
	0x00, 0x00, 0x00, 0x00, 0x00, 0x00, 0x00, 0x00, 0x00, 0x00, 0x00, 0x00, 0x00, 0x00, 0x00, 0x00,
	0x00, 0x00, 0x00, 0x00, 0x00, 0x00, 0x00, 0x00, 0x00, 0x00, 0x00, 0x00, 0x00, 0x00, 0x00, 0x00,
	0x00, 0x00, 0x00, 0x00, 0x00, 0x00, 0x00, 0x00, 0x00, 0x00, 0x00, 0x00, 0x00, 0x00, 0x00, 0x00,
	0x00, 0x00, 0x00, 0x00, 0x00, 0x00, 0x00, 0x00, 0x00, 0x00, 0x00, 0x00, 0x00, 0x00, 0x00, 0x00,
	0x00, 0x00, 0x00, 0x00, 0x00, 0x00, 0x00, 0x00, 0x00, 0x00, 0x00, 0x00, 0x00, 0x00, 0x00, 0x00,
	0x00, 0x00, 0x00, 0x00, 0x00, 0x00, 0x00, 0x00, 0x00, 0x00, 0x00, 0x00, 0x00, 0x00, 0x00, 0x00,
	0x00, 0x00, 0x00, 0x00, 0x00, 0x00, 0x00, 0x00, 0x00, 0x00, 0x00, 0x00, 0x00, 0x00, 0x00, 0x00,
	0x00, 0x00, 0x00, 0x00, 0x00, 0x00, 0x00, 0x00, 0x00, 0x00, 0x00, 0x00, 0x00, 0x00, 0x00, 0x00,
	0x00, 0x00, 0x00, 0x00, 0x00, 0x00, 0x00, 0x00, 0x00, 0x00, 0x00, 0x00, 0x00, 0x00, 0x00, 0x00,
	0x00, 0x00, 0x00, 0x00, 0x00, 0x00, 0x00, 0x00, 0x00, 0x00, 0x00, 0x00, 0x00, 0x00, 0x00, 0x00,
	0x00, 0x00, 0x00, 0x00, 0x00, 0x00, 0x00, 0x00, 0x00, 0x00, 0x00, 0x00, 0x00, 0x00, 0x00, 0x00,
	0x00, 0x00, 0x00, 0x00, 0x00, 0x00, 0x00, 0x00, 0x00, 0x00, 0x00, 0x00, 0x00, 0x00, 0x00, 0x00,
	0x00, 0x00, 0x00, 0x00, 0x00, 0x00, 0x00, 0x00, 0x00, 0x00, 0x00, 0x00, 0x00, 0x00, 0x00, 0x00,
	0x00, 0x00, 0x00, 0x00, 0x00, 0x00, 0x00, 0x00, 0x00, 0x00, 0x00, 0x00, 0x00, 0x00, 0x00, 0x00,
	0x00, 0x00, 0x00, 0x00, 0x00, 0x00, 0x00, 0x00, 0x00, 0x00, 0x00, 0x00, 0x00, 0x00, 0x00, 0x00,
	0x00, 0x00, 0x00, 0x00, 0x00, 0x00, 0x00, 0x00, 0x00, 0x00, 0x00, 0x00, 0x00, 0x00, 0x00, 0x00,
	0x00, 0x00, 0x00, 0x00, 0x00, 0x00, 0x00, 0x00, 0x00, 0x00, 0x00, 0x00, 0x00, 0x00, 0x00, 0x00,
	0x00, 0x00, 0x00, 0x00, 0x00, 0x00, 0x00, 0x00, 0x0f, 0x00, 0x00, 0xff, 0x00, 0x00, 0x00, 0x00,
	0x00, 0x00, 0x00, 0xff, 0x00, 0x00, 0x00, 0x00, 0x00, 0xff, 0x00, 0xf0, 0x00, 0x00, 0x00, 0x00,
	0x00, 0x00, 0x00, 0x00, 0x00, 0x00, 0x00, 0x00, 0x00, 0x00, 0xf0, 0x00, 0x00, 0x00, 0x00, 0x00,
	0x00, 0x00, 0x00, 0x00, 0x00, 0x00, 0x00, 0x00, 0x00, 0x00, 0x00, 0x00, 0x00, 0x00, 0x00, 0x00,
	0x00, 0x00, 0x00, 0x00, 0x00, 0x00, 0x00, 0xff, 0x00, 0xff, 0x00, 0x00, 0x00, 0x00, 0x00, 0x00,
	0x00, 0x00, 0x00, 0x00, 0xf0, 0x00, 0x00, 0x00, 0x00, 0x00, 0x00, 0x00, 0x00, 0x00, 0x00, 0x00,
	0x00, 0x00, 0x00, 0x00, 0x00, 0x00, 0x00, 0x00, 0x00, 0x00, 0x00, 0x00, 0x00, 0x00, 0x00, 0x00,
	0x00, 0xff, 0x0f, 0x00, 0x00, 0x00, 0x00, 0x00, 0x00, 0x00, 0x00, 0x00, 0x00, 0x00, 0x00, 0x00,
	0x00, 0x00, 0x00, 0x00, 0x00, 0x00, 0x00, 0x00, 0x00, 0x00, 0x00, 0x00, 0x00, 0x00, 0x00, 0x00,
	0x00, 0x00, 0x00, 0x00, 0x00, 0x00, 0x00, 0x00, 0x00, 0x0f, 0x00, 0x00, 0x00, 0x00, 0x00, 0x00,
	0x00, 0x00, 0x00, 0x00, 0x00, 0x00, 0x00, 0xff, 0x00, 0x00, 0x00, 0x00, 0x00, 0x00, 0x00, 0x00,
	0x00, 0x00, 0x00, 0x00, 0x00, 0x00, 0xf0, 0x00, 0x00, 0x00, 0x00, 0x00, 0x00, 0x00, 0x00, 0x00,
	0x00, 0x00, 0x00, 0x00, 0x00, 0x00, 0x00, 0x00, 0x00, 0x00, 0x00, 0x00, 0x00, 0x00, 0x00, 0x00,
	0x00, 0x00, 0x00, 0xff, 0xf0, 0x00, 0x00, 0x00, 0x00, 0x00, 0x00, 0x00, 0x00, 0x00, 0x00, 0x00,
	0x00, 0x00, 0x00, 0x00, 0x00, 0x0f, 0x00, 0x00, 0x00, 0x00, 0x00, 0x00, 0x00, 0x00, 0x00, 0x00,
	0x00, 0x00, 0x0f, 0x00, 0x00, 0x00, 0x00, 0x00, 0x00, 0x00, 0x00, 0x00, 0x00, 0x00, 0x00, 0x00,
	0x00, 0x00, 0x00, 0x00, 0x00, 0x00, 0x00, 0x00, 0x00, 0x00, 0xf0, 0x00, 0x00, 0x00, 0x00, 0x00,
	0x00, 0x00, 0x00, 0x00, 0x00, 0x00, 0x00, 0x00, 0x00, 0x00, 0x00, 0x00, 0x00, 0x00, 0x00, 0x00,
	0x00, 0x00, 0x00, 0x00, 0x00, 0x00, 0x00, 0x00, 0x00, 0x00, 0x00, 0x00, 0x00, 0x00, 0x00, 0x00,
	0x00, 0x00, 0x00, 0x00, 0x00, 0x00, 0x00, 0x0f, 0x00, 0x00, 0x00, 0x00, 0x00, 0x00, 0x00, 0x00,
	0xff, 0x00, 0x00, 0x00, 0x00, 0x00, 0x00, 0xff, 0x00, 0x00, 0x00, 0x00, 0x00, 0x00, 0x00, 0x00,
	0x00, 0xff, 0xff, 0x00, 0x00, 0x00, 0x00, 0x00, 0x00, 0x00, 0x00, 0x00, 0x00, 0x00, 0x0f, 0x00,
	0x00, 0x00, 0x00, 0x00, 0xff, 0xf0, 0x00, 0x0f, 0x00, 0x00, 0x00, 0x00, 0x00, 0x00, 0xf0, 0x00,
	0x00, 0x00, 0x00, 0x00, 0x00, 0x0f, 0x00, 0x00, 0x00, 0x00, 0xff, 0x00, 0x00, 0x0f, 0x00, 0x00,
	0x00, 0x00, 0x00, 0x00, 0x00, 0xf0, 0x00, 0x00, 0x00, 0x00, 0x00, 0x00, 0xff, 0x00, 0x00, 0x00,
	0x00, 0x00, 0x00, 0x00, 0x00, 0x00, 0x00, 0x0f, 0x00, 0x00, 0x00, 0x00, 0x00, 0x00, 0x0f, 0x00,
	0x00, 0xff, 0x00, 0x00, 0x00, 0x00, 0x00, 0x00, 0x00, 0x00, 0xf0, 0xf0, 0x00, 0xf0, 0x00, 0x00,
	0x00, 0x00, 0x00, 0x00, 0x00, 0x00, 0x00, 0xff, 0x00, 0x0f, 0x00, 0x00, 0x00, 0x00, 0x00, 0x00,
	0x00, 0x00, 0x00, 0x00, 0x00, 0x00, 0x00, 0x00, 0x00, 0x00, 0x00, 0x00, 0xf0, 0xf0, 0x00, 0x00,
	0x00, 0x00, 0x00, 0x00, 0x00, 0x00, 0x00, 0xf0, 0xf0, 0x00, 0x00, 0x00, 0x00, 0x00, 0x00, 0x00,
	0x00, 0x00, 0x00, 0x00, 0x00, 0x00, 0x00, 0xff, 0x00, 0x00, 0x00, 0x00, 0x00, 0x00, 0x00, 0x00,
	0x00, 0x00, 0xff, 0x00, 0x00, 0x00, 0x0f, 0x00, 0x00, 0x00, 0x00, 0x00, 0x00, 0x00, 0x00, 0x00,
	0xff, 0x00, 0x00, 0x00, 0x00, 0x00, 0x00, 0x00, 0xff, 0x00, 0x00, 0x00, 0x00, 0x00, 0x00, 0xf0,
	0x00, 0x00, 0x00, 0x00, 0x00, 0x00, 0x00, 0xf0, 0xff, 0x00, 0x00, 0x00, 0x0f, 0x00, 0x00, 0x00,
	0x00, 0x00, 0x00, 0x00, 0x00, 0x00, 0xf0, 0x00, 0x00, 0x00, 0x00, 0xff, 0x00, 0x00, 0xff, 0x00,
	0xff, 0x00, 0x00, 0x00, 0x00, 0xf0, 0x00, 0x00, 0x00, 0x00, 0x00, 0x00, 0x00, 0x00, 0x00, 0x00,
	0x00, 0x00, 0x00, 0x00, 0x00, 0x00, 0x00, 0x00, 0xff, 0x00, 0xff, 0x00, 0x00, 0x00, 0x00, 0x00,
	0xff, 0x00, 0x00, 0x00, 0x00, 0x00, 0x00, 0x00, 0x00, 0x00, 0xff, 0x00, 0x00, 0x00, 0x00, 0x00,
	0x00, 0x00, 0x00, 0x00, 0x00, 0x0f, 0x00, 0x00, 0x00, 0xff, 0x00, 0x00, 0x00, 0x00, 0x00, 0xff,
	0xff, 0xff, 0x00, 0x00, 0x00, 0x00, 0x00, 0x00, 0x00, 0x00, 0x00, 0x00, 0x00, 0x00, 0x00, 0xff,
	0x0f, 0x00, 0x00, 0x00, 0x0f, 0xf0, 0xff, 0x0f, 0x00, 0x0f, 0xff, 0xff, 0x0f, 0xf0, 0x00, 0xf0,
	0xf0, 0x00, 0x00, 0xff, 0x0f, 0xff, 0xf0, 0x00, 0xf0, 0x00, 0xff, 0xff, 0x00, 0xff, 0x00, 0xf0,
	0x0f, 0x00, 0x0f, 0x00, 0x0f, 0xff, 0x00, 0x00, 0x00, 0x00, 0x0f, 0xf0, 0x00, 0xff, 0x00, 0x0f,
	0x00, 0x0f, 0xf0, 0x0f, 0x00, 0x00, 0x00, 0x00, 0xff, 0xf0, 0x00, 0xf0, 0xff, 0x00, 0x00, 0x0f,
	0x00, 0x00, 0x00, 0x00, 0x00, 0xff, 0x00, 0x00, 0xf0, 0x00, 0x0f, 0x00, 0x00, 0xff, 0x00, 0x00,
	0x00, 0x00, 0x0f, 0x00, 0xff, 0x00, 0xf0, 0xff, 0x00, 0x00, 0x0f, 0x00, 0xf0, 0x00, 0x00, 0x00,
	0xff, 0xff, 0xf0, 0x00, 0xf0, 0x0f, 0x0f, 0x0f, 0x0f, 0xff, 0x00, 0x0f, 0xf0, 0xf0, 0xf0, 0x00,
	0x0f, 0x0f, 0x0f, 0xf0, 0xf0, 0xf0, 0xf0, 0x00, 0xf0, 0x00, 0x00, 0xff, 0x00, 0x0f, 0x00, 0xf0,
	0x00, 0x00, 0xff, 0xff, 0x00, 0x00, 0xff, 0x00, 0xf0, 0x00, 0x00, 0x00, 0x00, 0x00, 0xf0, 0x00,
	0x00, 0x00, 0xff, 0x0f, 0x0f, 0x00, 0x0f, 0xff, 0xf0, 0xff, 0xf0, 0xff, 0x0f, 0xff, 0xff, 0x0f,
	0x00, 0x00, 0xf0, 0x00, 0x0f, 0x00, 0x0f, 0x00, 0xff, 0x00, 0xff, 0x00, 0x00, 0x00, 0xf0, 0x00,
	0x00, 0x0f, 0x0f, 0xf0, 0x0f, 0x00, 0xf0, 0xff, 0x00, 0xf0, 0xf0, 0xff, 0xff, 0x00, 0xf0, 0xf0,
	0xff, 0x0f, 0x0f, 0xff, 0x00, 0xff, 0x00, 0x0f, 0x00, 0xff, 0xf0, 0x00, 0xf0, 0xff, 0x0f, 0x00,
	0xf0, 0x00, 0x00, 0x00, 0x00, 0x0f, 0x0f, 0xff, 0xff, 0x00, 0x0f, 0x00, 0xf0, 0x00, 0x0f, 0xff,
	0xff, 0x00, 0x00, 0xf0, 0x0f, 0x00, 0xff, 0x0f, 0xf0, 0x00, 0x00, 0x00, 0x00, 0x00, 0x0f, 0x0f,
	0xf0, 0x00, 0x00, 0xff, 0x00, 0xff, 0xff, 0xf0, 0xff, 0x0f, 0xff, 0x00, 0x00, 0xff, 0x00, 0xff,
	0xff, 0xf0, 0x0f, 0x0f, 0x00, 0xf0, 0x00, 0xff, 0xff, 0x00, 0x00, 0x00, 0x0f, 0xff, 0xf0, 0x00,
	0x0f, 0x00, 0x00, 0x00, 0x00, 0x00, 0x00, 0x00, 0x00, 0xf0, 0x00, 0x00, 0x00, 0xff, 0xf0, 0xff,
	0xf0, 0xf0, 0x00, 0x00, 0xff, 0xff, 0x00, 0xff, 0xff, 0x0f, 0x00, 0x00, 0x00, 0xff, 0xf0, 0x0f,
	0x00, 0x00, 0x0f, 0x00, 0x00, 0xff, 0x0f, 0xf0, 0xf0, 0x00, 0x0f, 0xff, 0x00, 0xff, 0xff, 0x0f,
	0x0f, 0x00, 0x00, 0x00, 0xff, 0x0f, 0x00, 0xf0, 0xff, 0x0f, 0xff, 0x0f, 0xf0, 0xf0, 0xff, 0xf0,
	0xff, 0x00, 0xf0, 0x0f, 0x0f, 0x00, 0x00, 0xf0, 0xf0, 0xf0, 0xf0, 0x0f, 0x0f, 0xf0, 0xf0, 0xff,
	0x0f, 0x00, 0x0f, 0x0f, 0xff, 0x00, 0xf0, 0x00, 0x0f, 0x00, 0xff, 0x00, 0x00, 0xff, 0x0f, 0x00,
	0xff, 0xff, 0x0f, 0xf0, 0xf0, 0xff, 0x00, 0xff, 0x00, 0x00, 0x00, 0xf0, 0xf0, 0xff, 0x00, 0xf0,
	0xf0, 0x00, 0xff, 0xff, 0xf0, 0x0f, 0xff, 0xf0, 0xff, 0xf0, 0x0f, 0xff, 0x00, 0xff, 0x00, 0x00,
	0x0f, 0xf0, 0x00, 0xf0, 0x00, 0x00, 0x00, 0xff, 0x00, 0x00, 0xff, 0xf0, 0x0f, 0x00, 0x00, 0x0f,
	0xff, 0xff, 0x00, 0x00, 0xf0, 0xf0, 0xf0, 0xff, 0xf0, 0x0f, 0x0f, 0xf0, 0xff, 0xf0, 0xf0, 0xff,
	0x0f, 0x00, 0x0f, 0x0f, 0xff, 0xff, 0x0f, 0xff, 0xf0, 0xf0, 0xf0, 0x0f, 0x00, 0xff, 0xff, 0xff,
	0x00, 0xf0, 0x00, 0x00, 0x00, 0x00, 0xff, 0xf0, 0xf0, 0xf0, 0x00, 0x00, 0x0f, 0x00, 0x00, 0x0f,
	0xff, 0x0f, 0x0f, 0x0f, 0xff, 0x0f, 0x0f, 0xf0, 0x00, 0xff, 0x00, 0xff, 0xff, 0xf0, 0xff, 0xf0,
	0x00, 0x0f, 0x0f, 0x00, 0x0f, 0x0f, 0xff, 0x00, 0xff, 0x00, 0x0f, 0xff, 0x00, 0xf0, 0x0f, 0xff,
	0x0f, 0x00, 0xff, 0xf0, 0x00, 0x00, 0x00, 0x00, 0x0f, 0xf0, 0xff, 0x00, 0x0f, 0xf0, 0x0f, 0xf0,
	0x0f, 0x00, 0x00, 0xff, 0xf0, 0x0f, 0xf0, 0x0f, 0xff, 0x0f, 0x0f, 0xf0, 0x00, 0x0f, 0xff, 0x00,
	0xff, 0xff, 0xf0, 0xf0, 0xf0, 0xff, 0x0f, 0xff, 0x00, 0x00, 0x00, 0xff, 0xf0, 0xff, 0x0f, 0xff,
	0x0f, 0xff, 0xff, 0xff, 0xff, 0xff, 0xff, 0xf0, 0x0f, 0x00, 0x0f, 0x0f, 0xf0, 0x00, 0xf0, 0xff,
	0x00, 0x00, 0xff, 0xff, 0xff, 0xff, 0xff, 0x0f, 0x0f, 0x00, 0x00, 0xf0, 0xf0, 0xf0, 0xff, 0xf0,
	0xff, 0x00, 0xff, 0xf0, 0xf0, 0xff, 0xf0, 0x0f, 0xff, 0xff, 0xf0, 0x00, 0x0f, 0xff, 0xf0, 0x00,
	0x00, 0xff, 0x0f, 0x0f, 0xf0, 0xf0, 0x0f, 0x0f, 0xf0, 0x00, 0xff, 0xff, 0xff, 0xff, 0xf0, 0x00,
	0x00, 0x0f, 0x00, 0x00, 0x00, 0xf0, 0x00, 0x00, 0xf0, 0x0f, 0xff, 0x00, 0xff, 0x0f, 0x0f, 0x00,
	0xf0, 0x00, 0x0f, 0xff, 0xff, 0xff, 0x0f, 0xff, 0xf0, 0x00, 0x00, 0x00, 0x0f, 0x00, 0xf0, 0x00,
	0x0f, 0x0f, 0xf0, 0xf0, 0xf0, 0x0f, 0xff, 0x0f, 0x00, 0xff, 0xff, 0xff, 0xff, 0xf0, 0x00, 0x00,
	0xf0, 0xff, 0xff, 0xf0, 0x0f, 0xff, 0xff, 0xff, 0xf0, 0x0f, 0xf0, 0x0f, 0xff, 0x00, 0x0f, 0x00,
	0x00, 0x00, 0xf0, 0x0f, 0x0f, 0x0f, 0x0f, 0x0f, 0xf0, 0xf0, 0xff, 0x00, 0x00, 0x00, 0xff, 0x0f,
	0xf0, 0xf0, 0xf0, 0xff, 0xff, 0xf0, 0xf0, 0x0f, 0xf0, 0xff, 0x00, 0x00, 0x00, 0xff, 0xf0, 0xf0,
	0xf0, 0x0f, 0xf0, 0x00, 0x00, 0x00, 0xff, 0xff, 0x0f, 0xf0, 0xff, 0xf0, 0xff, 0x0f, 0x0f, 0x00,
	0x0f, 0xff, 0xf0, 0x0f, 0xff, 0x0f, 0xf0, 0x00, 0xff, 0xf0, 0xff, 0x0f, 0x0f, 0x0f, 0xff, 0x0f,
	0x0f, 0x0f, 0x00, 0xf0, 0xf0, 0xff, 0xf0, 0xf0, 0x00, 0x0f, 0xff, 0xff, 0xff, 0xf0, 0xff, 0xf0,
	0xf0, 0xff, 0xff, 0xff, 0xff, 0x00, 0x0f, 0x00, 0xff, 0xf0, 0xff, 0x0f, 0x0f, 0xf0, 0x00, 0xf0,
	0x0f, 0xf0, 0xff, 0xff, 0xff, 0xff, 0xf0, 0xff, 0x0f, 0xf0, 0xf0, 0x00, 0xff, 0xf0, 0xf0, 0xff,
	0xf0, 0x00, 0x00, 0xff, 0x0f, 0x00, 0x0f, 0xf0, 0x0f, 0x00, 0x00, 0x0f, 0xf0, 0xf0, 0xf0, 0xff,
	0xf0, 0xff, 0x0f, 0xff, 0x00, 0x0f, 0x0f, 0x00, 0xff, 0xff, 0x0f, 0xf0, 0x0f, 0x0f, 0xff, 0xf0,
	0x0f, 0x0f, 0x0f, 0x00, 0xff, 0x0f, 0x00, 0xf0, 0x0f, 0xff, 0x00, 0xff, 0x00, 0x0f, 0xff, 0xf0,
	0xff, 0xff, 0x0f, 0xff, 0xff, 0xf0, 0x00, 0xf0, 0x0f, 0x00, 0xff, 0xf0, 0x0f, 0xf0, 0x0f, 0xf0,
	0x00, 0xff, 0x0f, 0x00, 0xf0, 0x00, 0xf0, 0xf0, 0x0f, 0xf0, 0x00, 0xf0, 0x0f, 0xff, 0x00, 0xf0,
	0xf0, 0x00, 0xff, 0x0f, 0x0f, 0x0f, 0x0f, 0x0f, 0x0f, 0xf0, 0xf0, 0xff, 0xff, 0xff, 0xff, 0x00,
	0x0f, 0x0f, 0x0f, 0xf0, 0xf0, 0xff, 0x00, 0x0f, 0xf0, 0x00, 0x0f, 0x0f, 0x00, 0x0f, 0x0f, 0x0f,
	0x0f, 0x00, 0x00, 0x00, 0x0f, 0x00, 0xf0, 0x00, 0xf0, 0x0f, 0xf0, 0xf0, 0x0f, 0xff, 0x00, 0x00,
	0xff, 0xff, 0x0f, 0xff, 0x0f, 0xff, 0x00, 0xff, 0xf0, 0x00, 0x0f, 0xf0, 0x0f, 0xf0, 0xf0, 0x00,
	0x0f, 0xf0, 0x0f, 0xff, 0xff, 0xff, 0xff, 0xf0, 0x00, 0x0f, 0x0f, 0xff, 0xf0, 0xff, 0xff, 0xff,
	0xff, 0xf0, 0xf0, 0xf0, 0xff, 0xf0, 0xff, 0x00, 0xf0, 0xff, 0xff, 0xff, 0xf0, 0x00, 0xff, 0xf0,
	0xf0, 0xff, 0xff, 0x0f, 0xf0, 0x0f, 0x0f, 0xf0, 0xf0, 0x0f, 0xf0, 0xff, 0xf0, 0xff, 0xff, 0x0f,
	0x00, 0x0f, 0xf0, 0xff, 0xf0, 0xf0, 0x00, 0x0f, 0x00, 0xff, 0xff, 0x0f, 0xff, 0x0f, 0xf0, 0x0f,
	0x0f, 0xff, 0xf0, 0xff, 0xf0, 0x0f, 0xf0, 0xf0, 0x0f, 0xff, 0x00, 0x0f, 0x0f, 0x0f, 0xff, 0xff,
	0xff, 0xf0, 0x0f, 0xff, 0xf0, 0xf0, 0xff, 0xf0, 0xf0, 0xf0, 0xff, 0xf0, 0x0f, 0xff, 0x0f, 0x0f,
	0xf0, 0xf0, 0xff, 0xf0, 0xf0, 0x0f, 0x00, 0xf0, 0x00, 0x0f, 0xf0, 0xf0, 0xff, 0xf0, 0xf0, 0xf0,
	0x0f, 0x0f, 0xff, 0xf0, 0xff, 0x00, 0xf0, 0x0f, 0xff, 0xff, 0x00, 0xff, 0xf0, 0x00, 0xf0, 0x0f,
	0x00, 0xff, 0xf0, 0xff, 0xff, 0xff, 0xff, 0xf0, 0xf0, 0xf0, 0xf0, 0xff, 0x0f, 0xf0, 0xf0, 0xff,
	0x0f, 0xf0, 0x0f, 0xff, 0xff, 0x0f, 0x0f, 0xff, 0x0f, 0xff, 0xff, 0xff, 0x0f, 0xf0, 0xff, 0xf0,
	0x0f, 0x0f, 0x0f, 0x0f, 0xf0, 0x00, 0x0f, 0x0f, 0xff, 0x0f, 0xf0, 0xf0, 0xff, 0xf0, 0x0f, 0x0f,
	0xf0, 0xff, 0xff, 0x0f, 0x0f, 0x0f, 0xf0, 0xff, 0xff, 0xf0, 0xff, 0xf0, 0xff, 0x0f, 0xff, 0xf0,
	0x00, 0xff, 0x0f, 0xff, 0x0f, 0xf0, 0xff, 0xff, 0xf0, 0xff, 0x0f, 0xff, 0xf0, 0xf0, 0xf0, 0xff,
	0x0f, 0x0f, 0xff, 0xf0, 0xf0, 0x0f, 0xff, 0xff, 0xf0, 0xff, 0xf0, 0xf0, 0xf0, 0x00, 0x0f, 0x0f,
	0xf0, 0xf0, 0xf0, 0xf0, 0xff, 0x0f, 0xf0, 0xf0, 0xf0, 0xff, 0x0f, 0x00, 0xff, 0xf0, 0x0f, 0xff,
	0x0f, 0x0f, 0x0f, 0xff, 0x0f, 0xff, 0xf0, 0xf0, 0xf0, 0x0f, 0xff, 0x0f, 0xff, 0xff, 0xf0, 0xf0,
	0xff, 0x00, 0x0f, 0xff, 0xf0, 0xff, 0x00, 0x0f, 0xff, 0xff, 0xff, 0xff, 0xff, 0x00, 0x0f, 0xf0,
	0x0f, 0x0f, 0xff, 0x0f, 0x0f, 0x0f, 0xff, 0x0f, 0xf0, 0xf0, 0x0f, 0xf0, 0x0f, 0xff, 0xff, 0xff,
	0x0f, 0xff, 0xff, 0xff, 0xff, 0xff, 0x00, 0x0f, 0xf0, 0xf0, 0xff, 0xf0, 0x0f, 0xf0, 0xff, 0xf0,
	0x0f, 0x0f, 0xf0, 0xf0, 0xff, 0xf0, 0xf0, 0x00, 0x0f, 0x0f, 0xff, 0xff, 0xff, 0x0f, 0x00, 0x0f,
	0x0f, 0xf0, 0xff, 0x0f, 0xff, 0x0f, 0xf0, 0xf0, 0x0f, 0x0f, 0xf0, 0x0f, 0x0f, 0xf0, 0x0f, 0x0f,
	0xf0, 0x0f, 0xff, 0xf0, 0xf0, 0x0f, 0xf0, 0xff, 0xf0, 0xf0, 0xff, 0xff, 0x0f, 0x0f, 0x0f, 0xf0,
	0xff, 0xff, 0xff, 0xff, 0xff, 0xff, 0xff, 0xff, 0xff, 0xff, 0xff, 0xff, 0xff, 0xff, 0xff, 0xff,
	0xff, 0xff, 0xff, 0xff, 0xff, 0xff, 0xff, 0xff, 0xff, 0xff, 0xff, 0xff, 0xff, 0xff, 0xff, 0xff,
	0xff, 0xff, 0xff, 0xff, 0xff, 0xff, 0xff, 0xff, 0xff, 0xff, 0xff, 0xff, 0xff, 0xff, 0xff, 0xff,
	0xff, 0xff, 0xff, 0xff, 0xff, 0xff, 0xff, 0xff, 0xff, 0xff, 0xff, 0xff, 0xff, 0xff, 0xff, 0xff,
	0xff, 0xff, 0xff, 0xff, 0xff, 0xff, 0xff, 0xff, 0xff, 0xff, 0xff, 0xff, 0xff, 0xff, 0xff, 0xff,
	0xff, 0xff, 0xff, 0xff, 0xff, 0xff, 0xff, 0xff, 0xff, 0xff, 0xff, 0xff, 0xff, 0xff, 0xff, 0xff,
	0xff, 0xff, 0xff, 0xff, 0xff, 0xff, 0xff, 0xff, 0xff, 0xff, 0xff, 0xff, 0xff, 0xff, 0xff, 0xff,
	0xff, 0xff, 0xff, 0xff, 0xff, 0xff, 0xff, 0xff, 0xff, 0xff, 0xff, 0xff, 0xff, 0xff, 0xff, 0xff,
	0xff, 0xff, 0xff, 0xff, 0xff, 0xff, 0xff, 0xff, 0xff, 0xff, 0xff, 0xff, 0xff, 0xff, 0xff, 0xff,
	0xff, 0xff, 0xff, 0xff, 0xff, 0xff, 0xff, 0xff, 0xff, 0xff, 0xff, 0xff, 0xff, 0xff, 0xff, 0xff,
	0xff, 0xff, 0xff, 0xff, 0xff, 0xff, 0xff, 0xff, 0xff, 0xff, 0xff, 0xff, 0xff, 0xff, 0xff, 0xff,
	0xff, 0xff, 0xff, 0xff, 0xff, 0xff, 0xff, 0xff, 0xff, 0xff, 0xff, 0xff, 0xff, 0xff, 0xff, 0xff,
	0xff, 0xff, 0xff, 0xff, 0xff, 0xff, 0xff, 0xff, 0xff, 0xff, 0xff, 0xff, 0xff, 0xff, 0xff, 0xff,
	0xff, 0xff, 0xff, 0xff, 0xff, 0xff, 0xff, 0xff, 0xff, 0xff, 0xff, 0xff, 0xff, 0xff, 0xff, 0xff,
	0xff, 0xff, 0xff, 0xff, 0xff, 0xff, 0xff, 0xff, 0xff, 0xff, 0xff, 0xff, 0xff, 0xff, 0xff, 0xff,
	0xff, 0xff, 0xff, 0xff, 0xff, 0xff, 0xff, 0xff, 0xff, 0xff, 0xff, 0xff, 0xff, 0xff, 0xff, 0xff,
	0xff, 0xff, 0xff, 0xff, 0xff, 0xff, 0xff, 0xff, 0xff, 0xff, 0xff, 0xff, 0xff, 0xff, 0xff, 0xff,
	0xff, 0xff, 0xff, 0xff, 0xff, 0xff, 0xff, 0xff, 0xff, 0xff, 0xff, 0xff, 0xff, 0xff, 0xff, 0xff,
	0xff, 0xff, 0xff, 0xff, 0xff, 0xff, 0xff, 0xff, 0xff, 0xff, 0xff, 0xff, 0xff, 0xff, 0xff, 0xff,
	0xff, 0xff, 0xff, 0xff, 0xff, 0xff, 0xff, 0xff, 0xff, 0xff, 0xff, 0xff, 0xff, 0xff, 0xff, 0xff,
	0x00, 0x00, 0x00, 0x00, 0x00, 0x00, 0x00, 0x00, 0x00, 0x00, 0x00, 0x00, 0x00, 0x00, 0x00, 0x00,
	0x00, 0x00, 0x00, 0x00, 0x00, 0x00, 0x00, 0x00, 0x00, 0x00, 0x00, 0x00, 0x00, 0x00, 0x00, 0x00,
	0x00, 0x00, 0x00, 0x00, 0x00, 0x00, 0x00, 0x00, 0x00, 0x00, 0x00, 0x00, 0x00, 0x00, 0x00, 0x00,
	0x00, 0x00, 0x00, 0x00, 0x00, 0x00, 0x00, 0x00, 0x00, 0x00, 0x00, 0x00, 0x00, 0x00, 0x00, 0x00,
	0x00, 0x00, 0x00, 0x00, 0x00, 0x00, 0x00, 0x00, 0x00, 0x00, 0x00, 0x00, 0x00, 0x00, 0x00, 0x00,
	0x00, 0x00, 0x00, 0x00, 0x00, 0x00, 0x00, 0x00, 0x00, 0x00, 0x00, 0x00, 0x00, 0x00, 0x00, 0x00,
	0x00, 0x00, 0x00, 0x00, 0x00, 0x00, 0x00, 0x00, 0x00, 0x00, 0x00, 0x00, 0x00, 0x00, 0x00, 0x00,
	0x00, 0x00, 0x00, 0x00, 0x00, 0x00, 0x00, 0x00, 0x00, 0x00, 0x00, 0x00, 0x00, 0x00, 0x00, 0x00,
	0x00, 0x00, 0x00, 0x00, 0x00, 0x00, 0x00, 0x00, 0x00, 0x00, 0x00, 0x00, 0x00, 0x00, 0x00, 0x00,
	0x00, 0x00, 0x00, 0x00, 0x00, 0x00, 0x00, 0x00, 0x00, 0x00, 0x00, 0x00, 0x00, 0x00, 0x00, 0x00,
	0x00, 0x00, 0x00, 0x00, 0x00, 0x00, 0x00, 0x00, 0x00, 0x00, 0x00, 0x00, 0x00, 0x00, 0x00, 0x00,
	0x00, 0x00, 0x00, 0x00, 0x00, 0x00, 0x00, 0x00, 0x00, 0x00, 0x00, 0x00, 0x00, 0x00, 0x00, 0x00,
	0x00, 0x00, 0x00, 0x00, 0x00, 0x00, 0x00, 0x00, 0x00, 0x00, 0x00, 0x00, 0x00, 0x00, 0x00, 0x00,
	0x00, 0x00, 0x00, 0x00, 0x00, 0x00, 0x00, 0x00, 0x00, 0x00, 0x00, 0x00, 0x00, 0x00, 0x00, 0x00,
	0x00, 0x00, 0x00, 0x00, 0x00, 0x00, 0x00, 0x00, 0x00, 0x00, 0x00, 0x00, 0x00, 0x00, 0x00, 0x00,
	0x00, 0x00, 0x00, 0x00, 0x00, 0x00, 0x00, 0x00, 0x00, 0x00, 0x00, 0x00, 0x00, 0x00, 0x00, 0x00,
	0x00, 0x00, 0x00, 0x00, 0x00, 0x00, 0x00, 0x00, 0x00, 0x00, 0x00, 0x00, 0x00, 0x00, 0x00, 0x00,
	0x00, 0x00, 0x00, 0x00, 0x00, 0x00, 0x00, 0x00, 0x00, 0x00, 0x00, 0x00, 0x00, 0x00, 0x00, 0x00,
	0x00, 0x00, 0x00, 0x00, 0x00, 0x00, 0x00, 0x00, 0x00, 0x00, 0x00, 0x00, 0x00, 0x00, 0x00, 0x00,
	0x00, 0x00, 0x00, 0x00, 0x00, 0x00, 0x00, 0x00, 0x00, 0x00, 0x00, 0x00, 0x00, 0x00, 0x00, 0x00,
	0x00, 0x00, 0x00, 0x00, 0x00, 0x00, 0x00, 0x00, 0x00, 0x00, 0x00, 0xf0, 0xf0, 0x00, 0x00, 0x00,
	0x00, 0x00, 0x00, 0x00, 0x00, 0x00, 0x00, 0x00, 0x00, 0x00, 0xf0, 0x00, 0x00, 0x00, 0x00, 0x00,
	0x0f, 0x00, 0x00, 0x00, 0x00, 0x00, 0x00, 0x00, 0x00, 0xff, 0x00, 0x00, 0x00, 0x00, 0x00, 0x00,
	0x00, 0x00, 0x00, 0x00, 0xf0, 0x00, 0x00, 0x00, 0x00, 0x00, 0xf0, 0x00, 0x00, 0x00, 0x00, 0x00,
	0x00, 0x00, 0x00, 0x00, 0x00, 0x00, 0x00, 0x00, 0x00, 0xf0, 0x00, 0x00, 0x00, 0x00, 0x00, 0x00,
	0x00, 0x00, 0xff, 0x00, 0x00, 0x00, 0x00, 0x00, 0x00, 0x00, 0x00, 0x00, 0x00, 0x00, 0x00, 0x00,
	0x00, 0x00, 0x00, 0x00, 0x00, 0x00, 0x00, 0x00, 0x00, 0x00, 0x00, 0x00, 0x00, 0x00, 0x00, 0x00,
	0x00, 0x00, 0x00, 0x00, 0x00, 0x00, 0x00, 0x00, 0x00, 0x00, 0x00, 0xff, 0x00, 0x00, 0x00, 0x00,
	0x00, 0xf0, 0x00, 0x00, 0x00, 0x00, 0x00, 0x00, 0x00, 0x00, 0x00, 0x00, 0x00, 0x00, 0x00, 0x00,
	0x00, 0x00, 0x00, 0x00, 0x00, 0x00, 0x00, 0x00, 0x00, 0x00, 0x00, 0x00, 0x00, 0x00, 0x00, 0x00,
	0x00, 0x0f, 0x00, 0x00, 0x00, 0x00, 0x00, 0x00, 0x00, 0x00, 0x00, 0x00, 0x00, 0x00, 0x00, 0x00,
	0x00, 0x00, 0x00, 0x00, 0x00, 0x00, 0xff, 0x00, 0x00, 0x00, 0x00, 0x00, 0x00, 0x00, 0x00, 0x00,
	0x00, 0x00, 0x00, 0x00, 0xff, 0x00, 0x00, 0x00, 0xff, 0x00, 0x00, 0x00, 0x00, 0x00, 0x00, 0x00,
	0x00, 0x00, 0x00, 0x00, 0x00, 0x00, 0x00, 0x00, 0x00, 0x00, 0x00, 0x00, 0x00, 0x00, 0x00, 0x00,
	0x00, 0x00, 0x00, 0x00, 0x00, 0x00, 0x00, 0x00, 0x00, 0x00, 0x00, 0x00, 0x00, 0x00, 0x00, 0x00,
	0x00, 0x00, 0x00, 0x00, 0x00, 0x00, 0x00, 0x00, 0x00, 0x00, 0x00, 0x00, 0x00, 0x00, 0x00, 0x00,
	0xff, 0x00, 0x00, 0x00, 0x00, 0x00, 0x00, 0x00, 0x00, 0x00, 0x00, 0x00, 0x00, 0x00, 0x00, 0x00,
	0x00, 0x00, 0x00, 0x00, 0x00, 0x00, 0x00, 0x00, 0x00, 0x00, 0xff, 0x00, 0x00, 0x00, 0x00, 0xff,
	0x00, 0x00, 0x00, 0x00, 0x00, 0x00, 0x00, 0x00, 0x00, 0x00, 0x00, 0x00, 0x00, 0x00, 0x00, 0xff,
	0x00, 0x00, 0x00, 0x00, 0x00, 0x00, 0x00, 0x00, 0x00, 0x00, 0x00, 0x00, 0x00, 0x00, 0x00, 0xf0,
	0x00, 0x00, 0x00, 0x00, 0x00, 0x00, 0x00, 0x00, 0xff, 0x00, 0xf0, 0x00, 0x0f, 0x00, 0x00, 0x00,
	0x00, 0x00, 0x00, 0x00, 0x00, 0x00, 0xf0, 0x00, 0x00, 0x00, 0xf0, 0x00, 0x00, 0x00, 0xf0, 0x00,
	0x00, 0x00, 0x00, 0x00, 0x00, 0x00, 0x00, 0x00, 0x0f, 0x00, 0x00, 0x00, 0x00, 0x00, 0x00, 0x00,
	0x00, 0x00, 0x00, 0x00, 0x00, 0x00, 0x00, 0x00, 0x00, 0x00, 0x00, 0x00, 0x00, 0x00, 0xf0, 0x00,
	0x00, 0x00, 0x00, 0x0f, 0x00, 0x00, 0x00, 0x00, 0x00, 0x00, 0x00, 0x00, 0x00, 0x00, 0x00, 0x0f,
	0x00, 0x00, 0x00, 0x00, 0x00, 0x00, 0xf0, 0x00, 0x00, 0x00, 0x0f, 0x00, 0x00, 0x00, 0x00, 0x00,
	0xf0, 0x00, 0x00, 0x00, 0x00, 0xff, 0x00, 0x00, 0xff, 0x00, 0x00, 0xf0, 0x00, 0x00, 0x00, 0x00,
	0x00, 0x00, 0x00, 0x00, 0x00, 0x00, 0x00, 0x00, 0x00, 0x00, 0xf0, 0x00, 0x00, 0x00, 0x00, 0x00,
	0x00, 0x00, 0xf0, 0x00, 0x00, 0x00, 0x00, 0x00, 0x00, 0x00, 0x00, 0x00, 0x00, 0x00, 0x00, 0x00,
	0x00, 0x00, 0xf0, 0x00, 0x00, 0x00, 0x00, 0x00, 0x00, 0x0f, 0x00, 0x00, 0x00, 0x00, 0x00, 0xff,
	0x00, 0x00, 0x00, 0x00, 0xff, 0x00, 0x00, 0x00, 0xff, 0x0f, 0x00, 0x00, 0x00, 0xff, 0x00, 0xff,
	0x00, 0x00, 0x00, 0x00, 0x0f, 0x00, 0x00, 0x00, 0x00, 0x0f, 0x00, 0x00, 0x00, 0x00, 0x00, 0x00,
	0x00, 0x00, 0x00, 0x00, 0x00, 0x00, 0x00, 0x00, 0x00, 0x00, 0xf0, 0x00, 0x00, 0x00, 0x00, 0x00,
	0xf0, 0x00, 0x00, 0x0f, 0x00, 0x00, 0x00, 0xff, 0x00, 0x00, 0x00, 0x00, 0x00, 0x00, 0xf0, 0x00,
	0x00, 0xff, 0x0f, 0x00, 0x00, 0x00, 0x00, 0x00, 0x00, 0x00, 0x00, 0xff, 0x00, 0x00, 0x00, 0x0f,
	0xff, 0x00, 0x00, 0x00, 0xff, 0x00, 0x00, 0x00, 0x00, 0x00, 0x00, 0x00, 0x00, 0xff, 0x00, 0x00,
	0x0f, 0xf0, 0x00, 0xf0, 0x00, 0x00, 0x00, 0x00, 0x00, 0x00, 0x00, 0xf0, 0x00, 0x00, 0x00, 0x00,
	0x00, 0x00, 0x00, 0x00, 0x00, 0x00, 0x00, 0x00, 0x00, 0x0f, 0x00, 0x00, 0x00, 0x00, 0x00, 0xf0,
	0x00, 0x00, 0x00, 0x00, 0x00, 0x00, 0x00, 0x00, 0x00, 0x00, 0x00, 0x00, 0x00, 0x00, 0x00, 0x00,
	0x00, 0x00, 0xf0, 0x00, 0x00, 0x00, 0x00, 0xf0, 0x00, 0x00, 0x00, 0xf0, 0x00, 0x00, 0x00, 0x0f,
	0xf0, 0xf0, 0xff, 0x0f, 0x00, 0xff, 0xf0, 0x0f, 0x00, 0xff, 0x00, 0x0f, 0x0f, 0x00, 0x00, 0xff,
	0x00, 0x00, 0xf0, 0x00, 0xff, 0x00, 0xf0, 0x0f, 0xff, 0x00, 0x00, 0x00, 0x00, 0x00, 0x00, 0x0f,
	0x00, 0xf0, 0x00, 0x00, 0x00, 0xff, 0x0f, 0x00, 0xf0, 0xf0, 0x00, 0x00, 0x00, 0x0f, 0x0f, 0x00,
	0x00, 0x0f, 0x0f, 0x00, 0xf0, 0xff, 0x0f, 0x0f, 0x00, 0xff, 0x00, 0x00, 0xf0, 0xf0, 0x00, 0xf0,
	0x00, 0x00, 0xff, 0xf0, 0x00, 0x00, 0x0f, 0x00, 0x00, 0xf0, 0x00, 0x00, 0x00, 0x00, 0xf0, 0x00,
	0x00, 0xff, 0x00, 0xf0, 0xf0, 0x00, 0x00, 0x0f, 0xff, 0xff, 0x00, 0xff, 0xf0, 0x00, 0xf0, 0x00,
	0x00, 0x00, 0x00, 0xf0, 0x00, 0x00, 0xff, 0x00, 0xf0, 0x0f, 0x00, 0x00, 0x00, 0xff, 0xf0, 0xf0,
	0xf0, 0x0f, 0xf0, 0xf0, 0x00, 0x0f, 0xff, 0x00, 0x00, 0xff, 0xf0, 0xf0, 0xff, 0x00, 0xff, 0xff,
	0x00, 0x00, 0x00, 0xff, 0x00, 0x00, 0xff, 0x0f, 0x00, 0xf0, 0x00, 0x0f, 0x00, 0xff, 0xf0, 0x0f,
	0xf0, 0x00, 0xff, 0xf0, 0xff, 0xff, 0x0f, 0x0f, 0xf0, 0x00, 0x00, 0x00, 0xf0, 0x00, 0xff, 0x0f,
	0xf0, 0xff, 0x0f, 0x0f, 0xff, 0x00, 0xff, 0x00, 0x00, 0xff, 0xf0, 0x00, 0x00, 0x00, 0x0f, 0xf0,
	0xf0, 0x0f, 0xff, 0xf0, 0x0f, 0x00, 0x0f, 0x00, 0x0f, 0x00, 0x0f, 0xf0, 0x0f, 0xff, 0x00, 0xff,
	0x0f, 0x00, 0x0f, 0x00, 0x00, 0x0f, 0x0f, 0x0f, 0xff, 0x00, 0x00, 0x00, 0x0f, 0xff, 0x0f, 0xff,
	0xff, 0xff, 0x00, 0x00, 0xff, 0xf0, 0xf0, 0xff, 0x0f, 0x0f, 0x0f, 0xff, 0xf0, 0x00, 0x0f, 0x00,
	0x00, 0xff, 0xf0, 0x00, 0x00, 0x00, 0x00, 0x00, 0xff, 0xf0, 0x00, 0xf0, 0xf0, 0xff, 0xff, 0x00,
	0x00, 0xf0, 0x00, 0xf0, 0x00, 0x00, 0xff, 0x00, 0xf0, 0xf0, 0xf0, 0xff, 0x00, 0x00, 0x00, 0xff,
	0x0f, 0xf0, 0x00, 0xff, 0x00, 0x00, 0x00, 0xff, 0x00, 0x00, 0xff, 0x0f, 0x0f, 0x00, 0xf0, 0x0f,
	0x0f, 0x00, 0xff, 0x00, 0x00, 0x00, 0xf0, 0xf0, 0x0f, 0x00, 0x00, 0xff, 0xff, 0x00, 0x00, 0x00,
	0x0f, 0x0f, 0xff, 0x00, 0x00, 0x00, 0xf0, 0xff, 0x00, 0x00, 0x00, 0xff, 0xff, 0xff, 0xf0, 0x0f,
	0x00, 0x00, 0x00, 0xf0, 0x0f, 0xf0, 0x0f, 0x00, 0x00, 0xf0, 0x00, 0x0f, 0x00, 0xf0, 0x00, 0xf0,
	0x00, 0x00, 0x0f, 0x00, 0x00, 0x0f, 0xf0, 0x00, 0x00, 0x00, 0x0f, 0xf0, 0x00, 0xff, 0x00, 0xff,
	0xff, 0xf0, 0xff, 0xff, 0x00, 0x0f, 0x0f, 0xf0, 0x00, 0xf0, 0x00, 0x00, 0x0f, 0x0f, 0x00, 0x00,
	0xff, 0x00, 0x00, 0xf0, 0x0f, 0x00, 0x0f, 0x00, 0xff, 0x0f, 0x00, 0x00, 0x00, 0xf0, 0x00, 0x00,
	0xff, 0x0f, 0x0f, 0x00, 0x0f, 0xf0, 0x00, 0x0f, 0xf0, 0xf0, 0x00, 0x00, 0x00, 0x0f, 0x00, 0xff,
	0x0f, 0x0f, 0xff, 0xff, 0x0f, 0x00, 0x00, 0xff, 0xff, 0xff, 0x00, 0x0f, 0x00, 0x0f, 0x0f, 0x0f,
	0x00, 0xff, 0x0f, 0x00, 0xff, 0xf0, 0xff, 0xff, 0xff, 0xff, 0x00, 0xf0, 0xf0, 0x0f, 0xf0, 0x0f,
	0xf0, 0x0f, 0x0f, 0x0f, 0x0f, 0xf0, 0x0f, 0xff, 0xf0, 0xff, 0x00, 0x00, 0x00, 0x00, 0x00, 0x0f,
	0xff, 0x00, 0xf0, 0x0f, 0xff, 0xff, 0x00, 0x00, 0x00, 0xf0, 0x0f, 0x00, 0x00, 0x0f, 0x0f, 0xff,
	0xff, 0x0f, 0xf0, 0xff, 0xff, 0x0f, 0x0f, 0xff, 0xff, 0xff, 0x00, 0xf0, 0x00, 0x0f, 0x00, 0x0f,
	0xf0, 0x0f, 0x0f, 0x00, 0x0f, 0x00, 0xf0, 0xf0, 0xff, 0xff, 0x00, 0x0f, 0x0f, 0xf0, 0x0f, 0x00,
	0xff, 0x00, 0x00, 0xf0, 0xff, 0xf0, 0xff, 0xff, 0x00, 0x0f, 0xf0, 0xf0, 0xff, 0xff, 0xff, 0x0f,
	0xf0, 0xf0, 0xff, 0xf0, 0xff, 0xf0, 0x00, 0xf0, 0x0f, 0xff, 0xf0, 0xff, 0x00, 0x00, 0xf0, 0xff,
	0x0f, 0xff, 0x00, 0x0f, 0xff, 0x0f, 0x0f, 0xf0, 0x0f, 0x00, 0x0f, 0x0f, 0xf0, 0xf0, 0xf0, 0xff,
	0xff, 0xf0, 0xff, 0xf0, 0x0f, 0xf0, 0xf0, 0x0f, 0x00, 0x0f, 0xff, 0xf0, 0x00, 0xf0, 0xf0, 0xf0,
	0x00, 0x00, 0x0f, 0x0f, 0xff, 0x0f, 0x00, 0xf0, 0xff, 0x0f, 0x0f, 0xf0, 0xf0, 0x00, 0xff, 0xff,
	0xff, 0xf0, 0xf0, 0xff, 0xf0, 0xf0, 0x00, 0x0f, 0xff, 0x0f, 0x0f, 0xf0, 0x00, 0x0f, 0x00, 0xf0,
	0xff, 0x00, 0x00, 0xf0, 0x00, 0x00, 0x0f, 0x00, 0xf0, 0x00, 0xf0, 0x0f, 0x00, 0xff, 0x0f, 0xff,
	0xf0, 0x0f, 0xf0, 0x0f, 0x0f, 0x00, 0xf0, 0xff, 0x0f, 0xf0, 0x00, 0xff, 0xf0, 0x00, 0x0f, 0x0f,
	0xff, 0xf0, 0x0f, 0xff, 0xf0, 0x0f, 0xf0, 0xff, 0xff, 0xff, 0x00, 0xff, 0xff, 0x00, 0x00, 0xf0,
	0x0f, 0x00, 0xff, 0xff, 0x0f, 0xf0, 0x00, 0x0f, 0xf0, 0x00, 0xff, 0xff, 0x00, 0x0f, 0x00, 0x0f,
	0xff, 0x00, 0x00, 0xff, 0x0f, 0x0f, 0x00, 0x00, 0x00, 0x00, 0x00, 0x0f, 0x0f, 0xf0, 0x0f, 0xff,
	0xff, 0x00, 0x0f, 0xf0, 0x00, 0x0f, 0x0f, 0x0f, 0x00, 0x0f, 0xf0, 0x00, 0x00, 0xff, 0x0f, 0x0f,
	0xf0, 0x0f, 0xf0, 0x0f, 0xff, 0x00, 0x00, 0xf0, 0xff, 0x00, 0xff, 0x00, 0x0f, 0x0f, 0xf0, 0x0f,
	0xf0, 0x0f, 0xff, 0x00, 0xff, 0xf0, 0x0f, 0xf0, 0x0f, 0x0f, 0xff, 0x0f, 0xff, 0xf0, 0x0f, 0xff,
	0x0f, 0xf0, 0x00, 0x0f, 0x00, 0x0f, 0x0f, 0x0f, 0xff, 0x00, 0xf0, 0xff, 0xff, 0xf0, 0x00, 0xff,
	0x00, 0x0f, 0xff, 0xff, 0x0f, 0xff, 0xf0, 0xff, 0xf0, 0xff, 0xf0, 0x00, 0xff, 0x0f, 0x0f, 0x0f,
	0xf0, 0xf0, 0xff, 0xff, 0x0f, 0x0f, 0x0f, 0x0f, 0x0f, 0xff, 0xf0, 0x0f, 0xff, 0x00, 0x00, 0x0f,
	0xff, 0xf0, 0xf0, 0xf0, 0xff, 0xf0, 0xf0, 0xf0, 0xff, 0x00, 0x00, 0xff, 0xff, 0xff, 0xff, 0xf0,
	0x0f, 0x00, 0xff, 0x00, 0x0f, 0xf0, 0x00, 0xff, 0x00, 0xf0, 0x0f, 0x00, 0x0f, 0xf0, 0xf0, 0xff,
	0xff, 0x0f, 0xf0, 0x0f, 0xff, 0x0f, 0x00, 0x0f, 0xff, 0xff, 0xff, 0xff, 0xf0, 0xff, 0x00, 0xf0,
	0xf0, 0xf0, 0x0f, 0xf0, 0xff, 0x00, 0x0f, 0x0f, 0x0f, 0x00, 0x0f, 0x0f, 0x0f, 0xff, 0x00, 0xf0,
	0x0f, 0x00, 0xf0, 0xf0, 0xf0, 0xf0, 0x0f, 0xff, 0x0f, 0xff, 0x0f, 0xff, 0x0f, 0x0f, 0x00, 0x0f,
	0x00, 0x0f, 0x00, 0xf0, 0x0f, 0x0f, 0xf0, 0xff, 0x0f, 0xf0, 0x0f, 0xff, 0x00, 0xf0, 0xff, 0x0f,
	0xff, 0x0f, 0xff, 0xff, 0xf0, 0x00, 0xff, 0xff, 0xf0, 0x0f, 0x00, 0x00, 0xf0, 0x0f, 0x00, 0x00,
	0x0f, 0x00, 0x0f, 0x0f, 0x0f, 0x0f, 0x0f, 0xff, 0x0f, 0x00, 0xf0, 0x0f, 0x0f, 0xff, 0x00, 0x00,
	0xff, 0x0f, 0x0f, 0xf0, 0x0f, 0xf0, 0x0f, 0xff, 0xf0, 0xff, 0x0f, 0xff, 0xf0, 0x00, 0xff, 0xff,
	0xf0, 0x0f, 0x0f, 0xff, 0xff, 0xff, 0x0f, 0xf0, 0xff, 0xf0, 0xff, 0xf0, 0x0f, 0xff, 0x00, 0xff,
	0x0f, 0xf0, 0xff, 0xf0, 0xff, 0x0f, 0xff, 0xff, 0x00, 0x0f, 0xf0, 0x00, 0xff, 0x0f, 0x00, 0x0f,
	0xff, 0xf0, 0xf0, 0x0f, 0x00, 0xf0, 0x00, 0xff, 0xff, 0xff, 0xff, 0xf0, 0x0f, 0x00, 0xff, 0xff,
	0x0f, 0xff, 0xff, 0xff, 0xf0, 0xff, 0xff, 0x0f, 0x0f, 0xf0, 0x00, 0xff, 0x0f, 0x0f, 0x0f, 0xff,
	0xff, 0xf0, 0xff, 0xff, 0x0f, 0xf0, 0xff, 0xf0, 0x0f, 0xff, 0x00, 0xff, 0xf0, 0x0f, 0xf0, 0xf0,
	0x0f, 0xff, 0xff, 0xf0, 0xf0, 0x0f, 0x0f, 0xff, 0xf0, 0xf0, 0x0f, 0xf0, 0xf0, 0xf0, 0xf0, 0x0f,
	0xf0, 0x0f, 0x0f, 0x0f, 0xf0, 0x0f, 0x0f, 0xf0, 0x00, 0xff, 0xf0, 0x0f, 0xff, 0x0f, 0xf0, 0x0f,
	0xff, 0xff, 0xf0, 0x0f, 0xf0, 0xf0, 0x0f, 0x0f, 0xff, 0x0f, 0x0f, 0xf0, 0xf0, 0x0f, 0x0f, 0xff,
	0x0f, 0x0f, 0x00, 0xff, 0xff, 0x0f, 0xff, 0xf0, 0x0f, 0x0f, 0xff, 0xf0, 0x0f, 0x0f, 0x0f, 0xf0,
	0x0f, 0xf0, 0xff, 0xff, 0xf0, 0x0f, 0x00, 0x0f, 0xff, 0xf0, 0x0f, 0x00, 0xff, 0x0f, 0xff, 0xff,
	0xff, 0xf0, 0x0f, 0x0f, 0x0f, 0xff, 0xf0, 0xff, 0xf0, 0xff, 0xf0, 0x0f, 0x0f, 0x0f, 0x0f, 0xf0,
	0xff, 0x0f, 0x00, 0xf0, 0xff, 0x0f, 0xff, 0xff, 0xf0, 0xf0, 0x0f, 0xff, 0xff, 0xf0, 0xf0, 0xff,
	0xff, 0x0f, 0xf0, 0xff, 0xff, 0xf0, 0x0f, 0xff, 0xff, 0x00, 0xf0, 0xff, 0xff, 0x00, 0xf0, 0x0f,
	0xff, 0xff, 0x0f, 0xf0, 0xff, 0x0f, 0x0f, 0xf0, 0xf0, 0xf0, 0x0f, 0xf0, 0x0f, 0xf0, 0xff, 0xf0,
	0xf0, 0x00, 0x0f, 0xff, 0x0f, 0xf0, 0xff, 0x0f, 0x0f, 0x00, 0xff, 0xff, 0xf0, 0x0f, 0xf0, 0xf0,
	0xf0, 0x0f, 0xff, 0xf0, 0xf0, 0xff, 0xf0, 0xff, 0x0f, 0x00, 0x0f, 0x00, 0x00, 0xf0, 0xff, 0xf0,
	0xff, 0xff, 0x0f, 0xff, 0xf0, 0x00, 0xf0, 0x00, 0x0f, 0xff, 0xf0, 0x0f, 0x0f, 0xff, 0xff, 0x0f,
	0xf0, 0xff, 0x0f, 0xff, 0xf0, 0x00, 0xf0, 0x0f, 0xff, 0xff, 0x0f, 0xf0, 0xff, 0xff, 0xff, 0x0f,
	0x0f, 0xff, 0x0f, 0xf0, 0xff, 0x0f, 0xff, 0xff, 0x0f, 0xff, 0x0f, 0xff, 0x0f, 0x0f, 0x0f, 0xf0,
	0xff, 0xf0, 0xf0, 0xff, 0xff, 0xff, 0xf0, 0x0f, 0x0f, 0xff, 0xf0, 0x0f, 0xf0, 0xf0, 0x0f, 0xf0,
	0x0f, 0xf0, 0xf0, 0x00, 0x0f, 0xff, 0xf0, 0x00, 0xf0, 0xf0, 0xf0, 0xff, 0x0f, 0xf0, 0x00, 0xff,
	0x0f, 0x0f, 0xff, 0xff, 0xff, 0xf0, 0xf0, 0xff, 0xff, 0x0f, 0x0f, 0xff, 0xff, 0xff, 0x0f, 0xff,
	0xf0, 0xff, 0xf0, 0xff, 0xf0, 0xf0, 0x0f, 0xf0, 0xff, 0xff, 0xff, 0xf0, 0xff, 0x00, 0x0f, 0xff,
	0xff, 0x0f, 0xf0, 0xf0, 0xf0, 0xff, 0xf0, 0x0f, 0xff, 0xff, 0xf0, 0x0f, 0xf0, 0x0f, 0xf0, 0x0f,
	0xff, 0xff, 0xff, 0xff, 0xff, 0xff, 0xff, 0xff, 0xff, 0xff, 0xff, 0xff, 0xff, 0xff, 0xff, 0xff,
	0xff, 0xff, 0xff, 0xff, 0xff, 0xff, 0xff, 0xff, 0xff, 0xff, 0xff, 0xff, 0xff, 0xff, 0xff, 0xff,
	0xff, 0xff, 0xff, 0xff, 0xff, 0xff, 0xff, 0xff, 0xff, 0xff, 0xff, 0xff, 0xff, 0xff, 0xff, 0xff,
	0xff, 0xff, 0xff, 0xff, 0xff, 0xff, 0xff, 0xff, 0xff, 0xff, 0xff, 0xff, 0xff, 0xff, 0xff, 0xff,
	0xff, 0xff, 0xff, 0xff, 0xff, 0xff, 0xff, 0xff, 0xff, 0xff, 0xff, 0xff, 0xff, 0xff, 0xff, 0xff,
	0xff, 0xff, 0xff, 0xff, 0xff, 0xff, 0xff, 0xff, 0xff, 0xff, 0xff, 0xff, 0xff, 0xff, 0xff, 0xff,
	0xff, 0xff, 0xff, 0xff, 0xff, 0xff, 0xff, 0xff, 0xff, 0xff, 0xff, 0xff, 0xff, 0xff, 0xff, 0xff,
	0xff, 0xff, 0xff, 0xff, 0xff, 0xff, 0xff, 0xff, 0xff, 0xff, 0xff, 0xff, 0xff, 0xff, 0xff, 0xff,
	0xff, 0xff, 0xff, 0xff, 0xff, 0xff, 0xff, 0xff, 0xff, 0xff, 0xff, 0xff, 0xff, 0xff, 0xff, 0xff,
	0xff, 0xff, 0xff, 0xff, 0xff, 0xff, 0xff, 0xff, 0xff, 0xff, 0xff, 0xff, 0xff, 0xff, 0xff, 0xff,
	0xff, 0xff, 0xff, 0xff, 0xff, 0xff, 0xff, 0xff, 0xff, 0xff, 0xff, 0xff, 0xff, 0xff, 0xff, 0xff,
	0xff, 0xff, 0xff, 0xff, 0xff, 0xff, 0xff, 0xff, 0xff, 0xff, 0xff, 0xff, 0xff, 0xff, 0xff, 0xff,
	0xff, 0xff, 0xff, 0xff, 0xff, 0xff, 0xff, 0xff, 0xff, 0xff, 0xff, 0xff, 0xff, 0xff, 0xff, 0xff,
	0xff, 0xff, 0xff, 0xff, 0xff, 0xff, 0xff, 0xff, 0xff, 0xff, 0xff, 0xff, 0xff, 0xff, 0xff, 0xff,
	0xff, 0xff, 0xff, 0xff, 0xff, 0xff, 0xff, 0xff, 0xff, 0xff, 0xff, 0xff, 0xff, 0xff, 0xff, 0xff,
	0xff, 0xff, 0xff, 0xff, 0xff, 0xff, 0xff, 0xff, 0xff, 0xff, 0xff, 0xff, 0xff, 0xff, 0xff, 0xff,
	0xff, 0xff, 0xff, 0xff, 0xff, 0xff, 0xff, 0xff, 0xff, 0xff, 0xff, 0xff, 0xff, 0xff, 0xff, 0xff,
	0xff, 0xff, 0xff, 0xff, 0xff, 0xff, 0xff, 0xff, 0xff, 0xff, 0xff, 0xff, 0xff, 0xff, 0xff, 0xff,
	0xff, 0xff, 0xff, 0xff, 0xff, 0xff, 0xff, 0xff, 0xff, 0xff, 0xff, 0xff, 0xff, 0xff, 0xff, 0xff,
	0xff, 0xff, 0xff, 0xff, 0xff, 0xff, 0xff, 0xff, 0xff, 0xff, 0xff, 0xff, 0xff, 0xff, 0xff, 0xff,
	0x00, 0x00, 0x00, 0x00, 0x00, 0x00, 0x00, 0x00, 0x00, 0x00, 0x00, 0x00, 0x00, 0x00, 0x00, 0x00,
	0x00, 0x00, 0x00, 0x00, 0x00, 0x00, 0x00, 0x00, 0x00, 0x00, 0x00, 0x00, 0x00, 0x00, 0x00, 0x00,
	0x00, 0x00, 0x00, 0x00, 0x00, 0x00, 0x00, 0x00, 0x00, 0x00, 0x00, 0x00, 0x00, 0x00, 0x00, 0x00,
	0x00, 0x00, 0x00, 0x00, 0x00, 0x00, 0x00, 0x00, 0x00, 0x00, 0x00, 0x00, 0x00, 0x00, 0x00, 0x00,
	0x00, 0x00, 0x00, 0x00, 0x00, 0x00, 0x00, 0x00, 0x00, 0x00, 0x00, 0x00, 0x00, 0x00, 0x00, 0x00,
	0x00, 0x00, 0x00, 0x00, 0x00, 0x00, 0x00, 0x00, 0x00, 0x00, 0x00, 0x00, 0x00, 0x00, 0x00, 0x00,
	0x00, 0x00, 0x00, 0x00, 0x00, 0x00, 0x00, 0x00, 0x00, 0x00, 0x00, 0x00, 0x00, 0x00, 0x00, 0x00,
	0x00, 0x00, 0x00, 0x00, 0x00, 0x00, 0x00, 0x00, 0x00, 0x00, 0x00, 0x00, 0x00, 0x00, 0x00, 0x00,
	0x00, 0x00, 0x00, 0x00, 0x00, 0x00, 0x00, 0x00, 0x00, 0x00, 0x00, 0x00, 0x00, 0x00, 0x00, 0x00,
	0x00, 0x00, 0x00, 0x00, 0x00, 0x00, 0x00, 0x00, 0x00, 0x00, 0x00, 0x00, 0x00, 0x00, 0x00, 0x00,
	0x00, 0x00, 0x00, 0x00, 0x00, 0x00, 0x00, 0x00, 0x00, 0x00, 0x00, 0x00, 0x00, 0x00, 0x00, 0x00,
	0x00, 0x00, 0x00, 0x00, 0x00, 0x00, 0x00, 0x00, 0x00, 0x00, 0x00, 0x00, 0x00, 0x00, 0x00, 0x00,
	0x00, 0x00, 0x00, 0x00, 0x00, 0x00, 0x00, 0x00, 0x00, 0x00, 0x00, 0x00, 0x00, 0x00, 0x00, 0x00,
	0x00, 0x00, 0x00, 0x00, 0x00, 0x00, 0x00, 0x00, 0x00, 0x00, 0x00, 0x00, 0x00, 0x00, 0x00, 0x00,
	0x00, 0x00, 0x00, 0x00, 0x00, 0x00, 0x00, 0x00, 0x00, 0x00, 0x00, 0x00, 0x00, 0x00, 0x00, 0x00,
	0x00, 0x00, 0x00, 0x00, 0x00, 0x00, 0x00, 0x00, 0x00, 0x00, 0x00, 0x00, 0x00, 0x00, 0x00, 0x00,
	0x00, 0x00, 0x00, 0x00, 0x00, 0x00, 0x00, 0x00, 0x00, 0x00, 0x00, 0x00, 0x00, 0x00, 0x00, 0x00,
	0x00, 0x00, 0x00, 0x00, 0x00, 0x00, 0x00, 0x00, 0x00, 0x00, 0x00, 0x00, 0x00, 0x00, 0x00, 0x00,
	0x00, 0x00, 0x00, 0x00, 0x00, 0x00, 0x00, 0x00, 0x00, 0x00, 0x00, 0x00, 0x00, 0x00, 0x00, 0x00,
	0x00, 0x00, 0x00, 0x00, 0x00, 0x00, 0x00, 0x00, 0x00, 0x00, 0x00, 0x00, 0x00, 0x00, 0x00, 0x00,
	0x00, 0x00, 0x00, 0x00, 0x00, 0xff, 0x00, 0x00, 0x00, 0x00, 0x00, 0x00, 0x00, 0x00, 0x00, 0x00,
	0x00, 0x00, 0x00, 0x00, 0x00, 0x00, 0x00, 0x00, 0x00, 0x00, 0x00, 0x00, 0x00, 0x00, 0x00, 0x00,
	0x00, 0x00, 0x00, 0x00, 0x00, 0x00, 0x00, 0x00, 0x00, 0x00, 0x00, 0x00, 0x00, 0x00, 0x00, 0x00,
	0x00, 0x00, 0x00, 0x00, 0x00, 0x00, 0x00, 0x00, 0x00, 0x00, 0x00, 0x00, 0x00, 0x00, 0x00, 0x00,
	0x00, 0x00, 0x00, 0x00, 0x00, 0x00, 0x00, 0x00, 0x00, 0x00, 0x00, 0x00, 0x00, 0x00, 0x00, 0x00,
	0x00, 0x00, 0x00, 0x00, 0x00, 0x00, 0x00, 0xf0, 0x00, 0x00, 0x00, 0x00, 0x00, 0x00, 0x00, 0x00,
	0x00, 0x00, 0x00, 0x00, 0x00, 0x00, 0x00, 0x00, 0x00, 0x00, 0x00, 0x0f, 0x00, 0x00, 0x00, 0x00,
	0x00, 0x00, 0x00, 0x00, 0x00, 0x00, 0x00, 0x00, 0x00, 0x00, 0x00, 0x00, 0x00, 0x00, 0x00, 0x00,
	0x00, 0x00, 0x00, 0x00, 0x00, 0x00, 0x00, 0x00, 0x00, 0x00, 0x00, 0x00, 0x00, 0x00, 0x00, 0x00,
	0x00, 0xff, 0x00, 0x00, 0x00, 0x00, 0x0f, 0x00, 0x00, 0x00, 0x0f, 0x00, 0x00, 0x00, 0x0f, 0xff,
	0x00, 0x00, 0x00, 0x00, 0x00, 0x00, 0x0f, 0x00, 0x00, 0x00, 0xff, 0x0f, 0x00, 0x00, 0x00, 0x00,
	0x00, 0x00, 0x00, 0x00, 0x00, 0x00, 0x00, 0x00, 0x00, 0x00, 0x00, 0x00, 0x00, 0x00, 0x00, 0x00,
	0x00, 0x00, 0x00, 0x00, 0x00, 0x00, 0x00, 0x00, 0x00, 0x00, 0x00, 0x00, 0x00, 0x00, 0x00, 0x00,
	0x00, 0x00, 0x00, 0x00, 0x00, 0x00, 0x00, 0x00, 0x00, 0x00, 0x00, 0x00, 0x00, 0x00, 0x00, 0x00,
	0x00, 0x00, 0x00, 0x00, 0x00, 0x00, 0x00, 0x00, 0x00, 0x00, 0x00, 0x00, 0x00, 0xff, 0x00, 0x00,
	0x00, 0x00, 0x00, 0x00, 0x00, 0x00, 0x00, 0x00, 0x00, 0x00, 0x00, 0x00, 0x00, 0x00, 0x00, 0x00,
	0x00, 0x00, 0x00, 0x00, 0x00, 0x00, 0xf0, 0x00, 0x00, 0x00, 0x0f, 0x00, 0x00, 0x00, 0x00, 0x00,
	0x00, 0xff, 0x00, 0x00, 0x00, 0x00, 0xff, 0x00, 0x00, 0x00, 0x00, 0x00, 0xff, 0x00, 0x0f, 0xf0,
	0x00, 0x00, 0x00, 0x00, 0x00, 0x00, 0x00, 0x00, 0x00, 0x00, 0x00, 0x00, 0x00, 0x00, 0x00, 0x00,
	0x0f, 0x00, 0x00, 0x00, 0x00, 0x00, 0x00, 0x00, 0x00, 0x00, 0x00, 0x00, 0x00, 0x00, 0x00, 0x00,
	0x00, 0x00, 0x00, 0x00, 0x00, 0x00, 0xf0, 0x00, 0x00, 0x00, 0xff, 0x00, 0x00, 0x00, 0x00, 0x00,
	0x00, 0x00, 0x00, 0xff, 0x00, 0x00, 0x00, 0x00, 0x00, 0x00, 0x00, 0x00, 0x0f, 0x00, 0x00, 0x00,
	0x00, 0x00, 0x00, 0x00, 0xff, 0x00, 0x00, 0x00, 0xf0, 0x0f, 0x00, 0x00, 0x00, 0x00, 0x00, 0x00,
	0x0f, 0x00, 0x00, 0x00, 0x00, 0x00, 0x00, 0xf0, 0x00, 0x00, 0x00, 0xff, 0x00, 0x00, 0x00, 0x00,
	0xff, 0x00, 0x00, 0x00, 0x00, 0x00, 0x00, 0x00, 0x00, 0xff, 0x00, 0xf0, 0xf0, 0x00, 0x00, 0x00,
	0x00, 0x00, 0x00, 0x00, 0x00, 0x00, 0x00, 0x0f, 0x00, 0x00, 0x00, 0x00, 0x00, 0x0f, 0xf0, 0x0f,
	0x00, 0x00, 0x00, 0x0f, 0x00, 0x00, 0x00, 0xf0, 0xff, 0x00, 0x00, 0xf0, 0x00, 0x00, 0x00, 0xff,
	0x00, 0x00, 0x00, 0xff, 0x00, 0x00, 0x00, 0xf0, 0x00, 0x00, 0x00, 0x00, 0x00, 0x00, 0x00, 0x00,
	0x00, 0x00, 0x00, 0x00, 0x00, 0xf0, 0x00, 0xf0, 0x00, 0x0f, 0xf0, 0x00, 0x00, 0x00, 0x00, 0x00,
	0x00, 0x00, 0x00, 0x00, 0xff, 0x00, 0x00, 0x00, 0x00, 0x00, 0xf0, 0x00, 0x0f, 0x00, 0x00, 0x00,
	0x00, 0x00, 0x00, 0x00, 0x00, 0xf0, 0x00, 0xf0, 0x00, 0x00, 0x00, 0x00, 0x00, 0x00, 0x00, 0x00,
	0x00, 0x00, 0x00, 0x00, 0xff, 0x00, 0x00, 0x00, 0x0f, 0x00, 0x00, 0x00, 0x00, 0xf0, 0x00, 0x00,
	0x00, 0x00, 0x00, 0x00, 0x00, 0x00, 0x00, 0xf0, 0x00, 0x00, 0x00, 0x00, 0x00, 0x00, 0x00, 0x00,
	0x00, 0x00, 0x00, 0x00, 0x00, 0x00, 0x00, 0x00, 0x00, 0x00, 0x00, 0x00, 0x00, 0x00, 0x00, 0x00,
	0x00, 0x00, 0x00, 0x00, 0x00, 0x00, 0x00, 0x00, 0x00, 0x0f, 0x00, 0x00, 0xf0, 0x00, 0x00, 0x00,
	0x00, 0x00, 0x00, 0x00, 0xff, 0x00, 0xff, 0x00, 0x00, 0x00, 0x00, 0x00, 0xf0, 0xf0, 0x00, 0x00,
	0x00, 0x00, 0x00, 0x00, 0x00, 0x00, 0x00, 0x00, 0x00, 0x00, 0x00, 0x00, 0x00, 0x00, 0x00, 0x00,
	0x00, 0x0f, 0x00, 0x00, 0x00, 0x00, 0x00, 0x00, 0x00, 0x00, 0x00, 0x00, 0x00, 0x00, 0x00, 0x00,
	0x00, 0x00, 0xf0, 0x00, 0x00, 0x00, 0x00, 0x00, 0x00, 0x00, 0x00, 0xff, 0x00, 0xf0, 0x00, 0xf0,
	0x00, 0x00, 0x00, 0x00, 0x00, 0x00, 0x0f, 0x00, 0x00, 0x00, 0x00, 0x00, 0x00, 0x00, 0x00, 0x00,
	0x0f, 0xf0, 0xff, 0x0f, 0x0f, 0x0f, 0xf0, 0xff, 0xff, 0xf0, 0x00, 0xff, 0xf0, 0xf0, 0x00, 0x00,
	0x00, 0x00, 0x0f, 0x00, 0xff, 0x0f, 0xff, 0x00, 0xff, 0xf0, 0xf0, 0xff, 0x00, 0x0f, 0x0f, 0x0f,
	0x0f, 0x00, 0x00, 0x00, 0xff, 0x0f, 0x00, 0x00, 0xf0, 0xf0, 0x00, 0x00, 0x00, 0xff, 0xf0, 0xf0,
	0x0f, 0x00, 0x00, 0x00, 0xf0, 0xf0, 0xf0, 0x00, 0x00, 0x0f, 0x00, 0xff, 0x00, 0x00, 0x00, 0xf0,
	0x00, 0x00, 0x00, 0x00, 0x0f, 0xff, 0x0f, 0x0f, 0x00, 0x00, 0x0f, 0x00, 0x00, 0x00, 0x00, 0x00,
	0x00, 0xff, 0x0f, 0x00, 0xf0, 0x00, 0xff, 0x0f, 0xf0, 0x00, 0x0f, 0x00, 0x00, 0x0f, 0x0f, 0x0f,
	0xff, 0x00, 0x00, 0x0f, 0x0f, 0x00, 0x0f, 0x0f, 0xf0, 0x0f, 0x0f, 0xf0, 0x00, 0x00, 0x0f, 0xf0,
	0x00, 0x0f, 0x00, 0x0f, 0xf0, 0x00, 0x00, 0x00, 0x00, 0x00, 0x00, 0xf0, 0xff, 0xf0, 0x00, 0xf0,
	0xf0, 0xff, 0x00, 0xf0, 0xff, 0xff, 0xff, 0xff, 0x00, 0x00, 0xff, 0x00, 0x00, 0x0f, 0xf0, 0xff,
	0xf0, 0x00, 0x0f, 0xf0, 0x00, 0x00, 0xff, 0xff, 0x0f, 0x00, 0xf0, 0x00, 0x00, 0xf0, 0x0f, 0x00,
	0x00, 0x0f, 0xf0, 0x0f, 0x00, 0x0f, 0x00, 0xff, 0x00, 0x00, 0x0f, 0xff, 0xf0, 0x00, 0xff, 0x0f,
	0x00, 0xff, 0x00, 0xf0, 0x0f, 0x0f, 0xf0, 0x0f, 0x00, 0x00, 0x00, 0x00, 0x00, 0xff, 0xf0, 0xf0,
	0x00, 0x00, 0x00, 0xff, 0xff, 0x00, 0x00, 0xff, 0x00, 0xff, 0xf0, 0x00, 0x00, 0x00, 0xf0, 0xf0,
	0xf0, 0x0f, 0x00, 0xff, 0x00, 0x00, 0xf0, 0x0f, 0xff, 0x0f, 0xff, 0x00, 0x00, 0xff, 0x00, 0x00,
	0xf0, 0x00, 0xff, 0xf0, 0x00, 0xff, 0x00, 0x00, 0x0f, 0xf0, 0x0f, 0x00, 0x00, 0x00, 0xf0, 0x00,
	0x0f, 0x0f, 0x00, 0xf0, 0x00, 0x00, 0x00, 0xf0, 0x00, 0x00, 0x0f, 0xf0, 0x00, 0x00, 0x00, 0x00,
	0xf0, 0x0f, 0xff, 0x0f, 0xf0, 0xf0, 0xff, 0x0f, 0x0f, 0xff, 0xf0, 0x00, 0xff, 0x00, 0x00, 0x0f,
	0x00, 0xf0, 0xff, 0xf0, 0x00, 0x00, 0xf0, 0xf0, 0x00, 0xf0, 0x00, 0x00, 0x00, 0x0f, 0xff, 0x00,
	0x00, 0x00, 0xff, 0xff, 0x00, 0xf0, 0x0f, 0x00, 0xff, 0x00, 0xff, 0x0f, 0x0f, 0x00, 0xff, 0x0f,
	0x0f, 0x00, 0xff, 0x00, 0x00, 0x0f, 0xff, 0x00, 0x00, 0x00, 0xff, 0x0f, 0x00, 0x00, 0xf0, 0x0f,
	0xff, 0xf0, 0xf0, 0x00, 0x00, 0xf0, 0x00, 0x00, 0x0f, 0x00, 0xff, 0x00, 0xf0, 0x00, 0xf0, 0xff,
	0x00, 0x00, 0xff, 0x00, 0x00, 0xf0, 0xff, 0x00, 0x00, 0x0f, 0xf0, 0x00, 0x0f, 0xff, 0x0f, 0xff,
	0xff, 0xf0, 0xff, 0xf0, 0x0f, 0x00, 0xff, 0x00, 0xf0, 0xff, 0xf0, 0xf0, 0x00, 0x0f, 0xff, 0xf0,
	0x0f, 0x00, 0xff, 0xff, 0x0f, 0xff, 0xff, 0xf0, 0xff, 0x00, 0x0f, 0x00, 0xff, 0x0f, 0x00, 0x00,
	0xf0, 0xff, 0xff, 0xf0, 0x00, 0xff, 0x0f, 0x00, 0xf0, 0x0f, 0xf0, 0xff, 0xff, 0x0f, 0x0f, 0x00,
	0xf0, 0xff, 0xf0, 0x00, 0xff, 0x00, 0xf0, 0xff, 0x00, 0x00, 0x0f, 0xf0, 0xf0, 0xff, 0xff, 0x0f,
	0x0f, 0x00, 0x0f, 0x0f, 0xff, 0xff, 0xff, 0x00, 0x0f, 0xff, 0x0f, 0x00, 0x00, 0x0f, 0xff, 0x00,
	0x0f, 0xff, 0xff, 0xf0, 0xff, 0x0f, 0x0f, 0x00, 0xff, 0x00, 0xff, 0xff, 0x00, 0x00, 0x00, 0xff,
	0x0f, 0xf0, 0x0f, 0xf0, 0x0f, 0xf0, 0xff, 0x00, 0xff, 0x0f, 0x00, 0x00, 0xff, 0x00, 0xf0, 0xff,
	0xff, 0xf0, 0xff, 0xf0, 0xf0, 0x0f, 0x00, 0x0f, 0xff, 0xff, 0x00, 0xff, 0xff, 0x0f, 0xff, 0x00,
	0x00, 0x0f, 0x00, 0xff, 0x0f, 0xff, 0x00, 0xf0, 0x00, 0x0f, 0x00, 0x0f, 0xff, 0x00, 0x0f, 0xff,
	0xff, 0xff, 0x00, 0x0f, 0x0f, 0xf0, 0x00, 0xf0, 0xff, 0x00, 0x0f, 0x0f, 0x00, 0xf0, 0x00, 0x0f,
	0xff, 0x00, 0xff, 0x0f, 0x00, 0xf0, 0xff, 0x00, 0xf0, 0x0f, 0xf0, 0xff, 0x00, 0x00, 0x0f, 0x00,
	0x0f, 0xf0, 0x0f, 0x0f, 0x00, 0xf0, 0x00, 0x00, 0xff, 0xf0, 0xf0, 0xff, 0x0f, 0xff, 0x0f, 0xff,
	0x00, 0x0f, 0xff, 0xf0, 0xf0, 0xf0, 0xff, 0xf0, 0xff, 0x0f, 0x00, 0xf0, 0x0f, 0x0f, 0xff, 0xf0,
	0x0f, 0xf0, 0xf0, 0x00, 0xff, 0xff, 0x0f, 0x00, 0xff, 0x00, 0xff, 0x00, 0x00, 0xf0, 0x0f, 0x00,
	0x0f, 0x00, 0xff, 0x00, 0x0f, 0x0f, 0x00, 0x0f, 0x0f, 0xff, 0xf0, 0xff, 0x00, 0x0f, 0xf0, 0x00,
	0x0f, 0xff, 0xff, 0xf0, 0xf0, 0xff, 0xff, 0x0f, 0xff, 0x00, 0xff, 0x00, 0xf0, 0x00, 0xf0, 0x0f,
	0x00, 0x00, 0xff, 0xf0, 0xff, 0xff, 0x0f, 0x0f, 0x00, 0xf0, 0xff, 0x00, 0xff, 0xff, 0xff, 0x0f,
	0x0f, 0xff, 0xff, 0x0f, 0x0f, 0xf0, 0x00, 0xf0, 0xff, 0x00, 0x00, 0xff, 0xff, 0xff, 0x00, 0x0f,
	0x00, 0x00, 0xff, 0xf0, 0x00, 0xff, 0x0f, 0xf0, 0xff, 0x00, 0x00, 0xf0, 0x0f, 0xf0, 0x0f, 0xf0,
	0xf0, 0x0f, 0x00, 0x00, 0x0f, 0x0f, 0xff, 0x00, 0xff, 0x00, 0xff, 0xff, 0xf0, 0xf0, 0xff, 0xff,
	0x0f, 0x0f, 0x00, 0x0f, 0x00, 0x0f, 0xf0, 0xf0, 0x0f, 0x00, 0x00, 0x0f, 0xf0, 0x00, 0xf0, 0x0f,
	0x00, 0x0f, 0xf0, 0x00, 0x0f, 0xf0, 0x0f, 0xff, 0xf0, 0xff, 0xff, 0x0f, 0x00, 0xf0, 0xf0, 0xf0,
	0x00, 0xf0, 0xff, 0x00, 0x0f, 0xff, 0xff, 0xff, 0xff, 0xf0, 0x0f, 0xff, 0x0f, 0xf0, 0x0f, 0xff,
	0x0f, 0x00, 0xf0, 0xf0, 0xff, 0x0f, 0xff, 0xff, 0xf0, 0xff, 0xf0, 0xf0, 0x00, 0xf0, 0xff, 0x0f,
	0xf0, 0x0f, 0xf0, 0x0f, 0x00, 0xff, 0xff, 0xf0, 0xf0, 0x0f, 0xff, 0xf0, 0xf0, 0x0f, 0xf0, 0x00,
	0x0f, 0xf0, 0xff, 0x00, 0x00, 0x00, 0xff, 0xf0, 0x0f, 0x00, 0x0f, 0xf0, 0xf0, 0xff, 0xf0, 0x0f,
	0xff, 0x0f, 0xf0, 0xff, 0xff, 0x00, 0xf0, 0x0f, 0x0f, 0x00, 0x0f, 0xf0, 0xff, 0x0f, 0xf0, 0x00,
	0x0f, 0xff, 0xf0, 0xf0, 0x0f, 0xf0, 0xf0, 0x00, 0x0f, 0x0f, 0xf0, 0x00, 0xff, 0xf0, 0x0f, 0x00,
	0x00, 0xff, 0xf0, 0xf0, 0x00, 0x0f, 0xf0, 0x0f, 0xf0, 0xff, 0x0f, 0x0f, 0x00, 0x0f, 0x0f, 0xff,
	0x0f, 0x00, 0xf0, 0xf0, 0x0f, 0x0f, 0xf0, 0x0f, 0xff, 0xf0, 0x00, 0xf0, 0xf0, 0xf0, 0xff, 0xff,
	0x0f, 0xf0, 0xff, 0x00, 0xff, 0xf0, 0x0f, 0x0f, 0xf0, 0x00, 0xff, 0x0f, 0xf0, 0x0f, 0xf0, 0x00,
	0x0f, 0x0f, 0xf0, 0x0f, 0xf0, 0xf0, 0xf0, 0x0f, 0x0f, 0xff, 0x00, 0xf0, 0x00, 0x00, 0x0f, 0x0f,
	0xff, 0xf0, 0x0f, 0x0f, 0x00, 0x0f, 0x0f, 0x0f, 0xff, 0xff, 0x00, 0xf0, 0xff, 0xff, 0xf0, 0xff,
	0xff, 0xf0, 0xff, 0xf0, 0x0f, 0x00, 0xf0, 0xff, 0xf0, 0xf0, 0x0f, 0x0f, 0xff, 0x00, 0x00, 0xff,
	0xff, 0x0f, 0x0f, 0xff, 0x00, 0xff, 0x0f, 0xff, 0xff, 0xf0, 0xf0, 0x0f, 0x0f, 0xf0, 0xf0, 0x0f,
	0x00, 0xf0, 0x0f, 0xff, 0x00, 0x0f, 0x0f, 0x00, 0x00, 0xf0, 0xf0, 0xff, 0xff, 0x0f, 0x0f, 0x0f,
	0x00, 0x00, 0xf0, 0x00, 0xff, 0x00, 0x0f, 0xf0, 0xf0, 0xf0, 0x0f, 0xf0, 0xf0, 0xf0, 0xf0, 0xf0,
	0x00, 0xff, 0xff, 0xf0, 0xff, 0x0f, 0xf0, 0xff, 0x00, 0xff, 0x0f, 0xf0, 0x0f, 0x0f, 0xff, 0xff,
	0x00, 0xf0, 0xff, 0x00, 0xff, 0xff, 0xff, 0x0f, 0xff, 0xf0, 0x0f, 0xf0, 0xf0, 0x0f, 0x0f, 0x00,
	0x0f, 0xf0, 0xff, 0x0f, 0xff, 0xf0, 0xf0, 0xf0, 0xf0, 0x0f, 0xff, 0x0f, 0x0f, 0xff, 0xf0, 0x0f,
	0x0f, 0x0f, 0x0f, 0xff, 0xff, 0xf0, 0xf0, 0xf0, 0xff, 0xf0, 0xf0, 0xf0, 0xff, 0xf0, 0xf0, 0xff,
	0x0f, 0xff, 0xff, 0x0f, 0xff, 0xf0, 0xf0, 0x0f, 0xff, 0xff, 0x0f, 0xff, 0xff, 0xff, 0xf0, 0xf0,
	0xf0, 0x0f, 0x0f, 0x0f, 0xff, 0x00, 0xf0, 0xf0, 0x0f, 0x0f, 0xf0, 0xff, 0xf0, 0xff, 0x0f, 0xf0,
	0x0f, 0xff, 0x0f, 0x0f, 0xff, 0xf0, 0x0f, 0x0f, 0xf0, 0xf0, 0xf0, 0xf0, 0x0f, 0xff, 0xf0, 0xf0,
	0xf0, 0x0f, 0x0f, 0xff, 0xf0, 0xff, 0xf0, 0xf0, 0xf0, 0x00, 0x0f, 0xf0, 0xf0, 0xff, 0xff, 0x0f,
	0x0f, 0xff, 0xf0, 0xf0, 0xf0, 0x00, 0x0f, 0xff, 0xf0, 0x0f, 0xf0, 0xf0, 0x0f, 0xf0, 0xff, 0xf0,
	0x00, 0xff, 0x0f, 0xff, 0xff, 0xf0, 0xf0, 0x00, 0xff, 0xff, 0xff, 0x0f, 0xff, 0x00, 0xf0, 0x0f,
	0xff, 0x0f, 0x0f, 0x0f, 0xf0, 0xf0, 0xf0, 0xf0, 0x0f, 0xf0, 0x0f, 0x0f, 0x0f, 0x0f, 0x0f, 0xf0,
	0x00, 0xf0, 0xf0, 0xff, 0x0f, 0x0f, 0xf0, 0xff, 0x0f, 0xf0, 0x0f, 0xf0, 0xf0, 0xf0, 0xff, 0x0f,
	0xff, 0xf0, 0x00, 0xff, 0x0f, 0xf0, 0x00, 0xf0, 0x0f, 0x0f, 0xf0, 0xff, 0x0f, 0x0f, 0xf0, 0xf0,
	0x0f, 0xff, 0xff, 0x0f, 0xff, 0x0f, 0xff, 0xff, 0xff, 0x0f, 0x0f, 0xff, 0xff, 0xff, 0xf0, 0xff,
	0xf0, 0xf0, 0xff, 0x0f, 0xff, 0x0f, 0xff, 0xff, 0xff, 0xff, 0xff, 0x0f, 0x00, 0x0f, 0xff, 0x0f,
	0x0f, 0xf0, 0x0f, 0xff, 0xff, 0xf0, 0xf0, 0x0f, 0xff, 0xf0, 0xf0, 0xff, 0xff, 0x0f, 0x0f, 0xf0,
	0xf0, 0xff, 0xff, 0x0f, 0xf0, 0xff, 0x00, 0x0f, 0x0f, 0xf0, 0xf0, 0x00, 0xff, 0xf0, 0xf0, 0x0f,
	0xf0, 0xff, 0x00, 0xff, 0xff, 0xff, 0xf0, 0x00, 0xff, 0xf0, 0x0f, 0xff, 0xff, 0xf0, 0xf0, 0x0f,
	0xf0, 0xf0, 0xf0, 0xff, 0xf0, 0x0f, 0x0f, 0xff, 0xff, 0x0f, 0xf0, 0xff, 0xff, 0x0f, 0xf0, 0xff,
	0x00, 0x0f, 0xff, 0x0f, 0xf0, 0xff, 0xf0, 0x00, 0x0f, 0xf0, 0x0f, 0xff, 0xf0, 0xf0, 0xf0, 0xff,
	0xff, 0x0f, 0x0f, 0xff, 0x0f, 0xff, 0xf0, 0xff, 0x0f, 0x00, 0x0f, 0xff, 0xff, 0x0f, 0xff, 0xf0,
	0xff, 0xff, 0xff, 0xff, 0xff, 0xff, 0xff, 0xff, 0xff, 0xff, 0xff, 0xff, 0xff, 0xff, 0xff, 0xff,
	0xff, 0xff, 0xff, 0xff, 0xff, 0xff, 0xff, 0xff, 0xff, 0xff, 0xff, 0xff, 0xff, 0xff, 0xff, 0xff,
	0xff, 0xff, 0xff, 0xff, 0xff, 0xff, 0xff, 0xff, 0xff, 0xff, 0xff, 0xff, 0xff, 0xff, 0xff, 0xff,
	0xff, 0xff, 0xff, 0xff, 0xff, 0xff, 0xff, 0xff, 0xff, 0xff, 0xff, 0xff, 0xff, 0xff, 0xff, 0xff,
	0xff, 0xff, 0xff, 0xff, 0xff, 0xff, 0xff, 0xff, 0xff, 0xff, 0xff, 0xff, 0xff, 0xff, 0xff, 0xff,
	0xff, 0xff, 0xff, 0xff, 0xff, 0xff, 0xff, 0xff, 0xff, 0xff, 0xff, 0xff, 0xff, 0xff, 0xff, 0xff,
	0xff, 0xff, 0xff, 0xff, 0xff, 0xff, 0xff, 0xff, 0xff, 0xff, 0xff, 0xff, 0xff, 0xff, 0xff, 0xff,
	0xff, 0xff, 0xff, 0xff, 0xff, 0xff, 0xff, 0xff, 0xff, 0xff, 0xff, 0xff, 0xff, 0xff, 0xff, 0xff,
	0xff, 0xff, 0xff, 0xff, 0xff, 0xff, 0xff, 0xff, 0xff, 0xff, 0xff, 0xff, 0xff, 0xff, 0xff, 0xff,
	0xff, 0xff, 0xff, 0xff, 0xff, 0xff, 0xff, 0xff, 0xff, 0xff, 0xff, 0xff, 0xff, 0xff, 0xff, 0xff,
	0xff, 0xff, 0xff, 0xff, 0xff, 0xff, 0xff, 0xff, 0xff, 0xff, 0xff, 0xff, 0xff, 0xff, 0xff, 0xff,
	0xff, 0xff, 0xff, 0xff, 0xff, 0xff, 0xff, 0xff, 0xff, 0xff, 0xff, 0xff, 0xff, 0xff, 0xff, 0xff,
	0xff, 0xff, 0xff, 0xff, 0xff, 0xff, 0xff, 0xff, 0xff, 0xff, 0xff, 0xff, 0xff, 0xff, 0xff, 0xff,
	0xff, 0xff, 0xff, 0xff, 0xff, 0xff, 0xff, 0xff, 0xff, 0xff, 0xff, 0xff, 0xff, 0xff, 0xff, 0xff,
	0xff, 0xff, 0xff, 0xff, 0xff, 0xff, 0xff, 0xff, 0xff, 0xff, 0xff, 0xff, 0xff, 0xff, 0xff, 0xff,
	0xff, 0xff, 0xff, 0xff, 0xff, 0xff, 0xff, 0xff, 0xff, 0xff, 0xff, 0xff, 0xff, 0xff, 0xff, 0xff,
	0xff, 0xff, 0xff, 0xff, 0xff, 0xff, 0xff, 0xff, 0xff, 0xff, 0xff, 0xff, 0xff, 0xff, 0xff, 0xff,
	0xff, 0xff, 0xff, 0xff, 0xff, 0xff, 0xff, 0xff, 0xff, 0xff, 0xff, 0xff, 0xff, 0xff, 0xff, 0xff,
	0xff, 0xff, 0xff, 0xff, 0xff, 0xff, 0xff, 0xff, 0xff, 0xff, 0xff, 0xff, 0xff, 0xff, 0xff, 0xff,
	0xff, 0xff, 0xff, 0xff, 0xff, 0xff, 0xff, 0xff, 0xff, 0xff, 0xff, 0xff, 0xff, 0xff, 0xff, 0xff,
	0x00, 0x00, 0x00, 0x00, 0x00, 0x00, 0x00, 0x00, 0x00, 0x00, 0x00, 0x00, 0x00, 0x00, 0x00, 0x00,
	0x00, 0x00, 0x00, 0x00, 0x00, 0x00, 0x00, 0x00, 0x00, 0x00, 0x00, 0x00, 0x00, 0x00, 0x00, 0x00,
	0x00, 0x00, 0x00, 0x00, 0x00, 0x00, 0x00, 0x00, 0x00, 0x00, 0x00, 0x00, 0x00, 0x00, 0x00, 0x00,
	0x00, 0x00, 0x00, 0x00, 0x00, 0x00, 0x00, 0x00, 0x00, 0x00, 0x00, 0x00, 0x00, 0x00, 0x00, 0x00,
	0x00, 0x00, 0x00, 0x00, 0x00, 0x00, 0x00, 0x00, 0x00, 0x00, 0x00, 0x00, 0x00, 0x00, 0x00, 0x00,
	0x00, 0x00, 0x00, 0x00, 0x00, 0x00, 0x00, 0x00, 0x00, 0x00, 0x00, 0x00, 0x00, 0x00, 0x00, 0x00,
	0x00, 0x00, 0x00, 0x00, 0x00, 0x00, 0x00, 0x00, 0x00, 0x00, 0x00, 0x00, 0x00, 0x00, 0x00, 0x00,
	0x00, 0x00, 0x00, 0x00, 0x00, 0x00, 0x00, 0x00, 0x00, 0x00, 0x00, 0x00, 0x00, 0x00, 0x00, 0x00,
	0x00, 0x00, 0x00, 0x00, 0x00, 0x00, 0x00, 0x00, 0x00, 0x00, 0x00, 0x00, 0x00, 0x00, 0x00, 0x00,
	0x00, 0x00, 0x00, 0x00, 0x00, 0x00, 0x00, 0x00, 0x00, 0x00, 0x00, 0x00, 0x00, 0x00, 0x00, 0x00,
	0x00, 0x00, 0x00, 0x00, 0x00, 0x00, 0x00, 0x00, 0x00, 0x00, 0x00, 0x00, 0x00, 0x00, 0x00, 0x00,
	0x00, 0x00, 0x00, 0x00, 0x00, 0x00, 0x00, 0x00, 0x00, 0x00, 0x00, 0x00, 0x00, 0x00, 0x00, 0x00,
	0x00, 0x00, 0x00, 0x00, 0x00, 0x00, 0x00, 0x00, 0x00, 0x00, 0x00, 0x00, 0x00, 0x00, 0x00, 0x00,
	0x00, 0x00, 0x00, 0x00, 0x00, 0x00, 0x00, 0x00, 0x00, 0x00, 0x00, 0x00, 0x00, 0x00, 0x00, 0x00,
	0x00, 0x00, 0x00, 0x00, 0x00, 0x00, 0x00, 0x00, 0x00, 0x00, 0x00, 0x00, 0x00, 0x00, 0x00, 0x00,
	0x00, 0x00, 0x00, 0x00, 0x00, 0x00, 0x00, 0x00, 0x00, 0x00, 0x00, 0x00, 0x00, 0x00, 0x00, 0x00,
	0x00, 0x00, 0x00, 0x00, 0x00, 0x00, 0x00, 0x00, 0x00, 0x00, 0x00, 0x00, 0x00, 0x00, 0x00, 0x00,
	0x00, 0x00, 0x00, 0x00, 0x00, 0x00, 0x00, 0x00, 0x00, 0x00, 0x00, 0x00, 0x00, 0x00, 0x00, 0x00,
	0x00, 0x00, 0x00, 0x00, 0x00, 0x00, 0x00, 0x00, 0x00, 0x00, 0x00, 0x00, 0x00, 0x00, 0x00, 0x00,
	0x00, 0x00, 0x00, 0x00, 0x00, 0x00, 0x00, 0x00, 0x00, 0x00, 0x00, 0x00, 0x00, 0x00, 0x00, 0x00,
	0x00, 0x00, 0x00, 0x00, 0x00, 0x00, 0x00, 0x00, 0x00, 0x00, 0x00, 0x00, 0x00, 0x00, 0x00, 0x00,
	0x00, 0x00, 0x00, 0x00, 0x00, 0x00, 0x00, 0x00, 0x00, 0x00, 0x00, 0x00, 0x00, 0x00, 0x00, 0x00,
	0x00, 0x00, 0xff, 0xff, 0x00, 0x00, 0x00, 0x00, 0x00, 0x0f, 0x00, 0x00, 0x00, 0x00, 0x00, 0x00,
	0x00, 0x00, 0x00, 0x00, 0x00, 0xff, 0x00, 0x00, 0x00, 0x00, 0x00, 0x00, 0x00, 0x00, 0x00, 0x00,
	0x00, 0x00, 0x00, 0x00, 0x00, 0x00, 0x00, 0x00, 0x00, 0x00, 0x00, 0x00, 0x00, 0x00, 0x00, 0x00,
	0x00, 0x00, 0x00, 0x00, 0x00, 0x00, 0x00, 0x00, 0x00, 0x00, 0x00, 0x00, 0x00, 0x00, 0x00, 0x00,
	0x00, 0x00, 0x00, 0x00, 0x00, 0x00, 0x00, 0x00, 0x0f, 0x00, 0x00, 0x00, 0x00, 0x00, 0x00, 0x00,
	0x00, 0x00, 0x00, 0x00, 0x00, 0x00, 0x00, 0x00, 0x00, 0x00, 0x00, 0x00, 0x00, 0x00, 0x00, 0x00,
	0x00, 0x00, 0x00, 0x00, 0x00, 0x00, 0x00, 0x00, 0x00, 0x00, 0x00, 0x00, 0x00, 0x00, 0x00, 0x00,
	0x00, 0x00, 0x00, 0x00, 0x00, 0x00, 0x00, 0x00, 0x00, 0x00, 0x00, 0x00, 0x00, 0x00, 0x00, 0x00,
	0x00, 0x00, 0xff, 0x00, 0x00, 0x00, 0x00, 0x00, 0x00, 0x00, 0x00, 0x00, 0x00, 0x00, 0x00, 0x00,
	0x00, 0x00, 0x00, 0x00, 0x0f, 0x00, 0x00, 0x00, 0x00, 0x00, 0x00, 0x00, 0x00, 0x00, 0x00, 0x00,
	0x00, 0x00, 0x00, 0x00, 0x00, 0x00, 0x00, 0x00, 0x00, 0x00, 0x00, 0x00, 0x00, 0x00, 0x00, 0x00,
	0x00, 0x00, 0x00, 0x00, 0x00, 0x00, 0x00, 0x00, 0x0f, 0x00, 0x00, 0x00, 0x00, 0x00, 0x0f, 0x00,
	0x00, 0x00, 0x00, 0x00, 0x00, 0x00, 0x00, 0x00, 0xf0, 0x00, 0x00, 0x00, 0x00, 0x00, 0x00, 0x00,
	0x0f, 0x0f, 0x00, 0x00, 0x00, 0x00, 0x00, 0x00, 0x00, 0x00, 0x00, 0x00, 0x00, 0x00, 0x00, 0x00,
	0xff, 0x00, 0xff, 0x00, 0x00, 0x00, 0x00, 0x00, 0x00, 0xf0, 0x00, 0x00, 0x00, 0x00, 0x00, 0x00,
	0x00, 0x00, 0x00, 0x00, 0x00, 0x00, 0x00, 0x00, 0x00, 0x00, 0x00, 0x00, 0x00, 0x00, 0x00, 0x00,
	0xf0, 0x00, 0x00, 0x00, 0xff, 0x00, 0x00, 0x00, 0x00, 0x00, 0x00, 0x00, 0x00, 0x00, 0xf0, 0x00,
	0x00, 0x0f, 0x00, 0x00, 0x00, 0x00, 0x00, 0x00, 0x00, 0x00, 0x00, 0xf0, 0x00, 0x00, 0x00, 0x00,
	0x00, 0x00, 0x00, 0x00, 0x00, 0x00, 0x00, 0x00, 0x00, 0x0f, 0x00, 0x00, 0x00, 0x00, 0x00, 0x00,
	0x00, 0x00, 0x00, 0x00, 0x00, 0x00, 0x00, 0x00, 0x00, 0x00, 0x00, 0xff, 0x00, 0x00, 0xff, 0x00,
	0x00, 0x00, 0x00, 0x00, 0xff, 0x0f, 0x00, 0xff, 0x00, 0x00, 0x00, 0x0f, 0x00, 0x00, 0x00, 0x00,
	0x00, 0x00, 0x00, 0x00, 0x00, 0x00, 0x00, 0xf0, 0x00, 0x00, 0x00, 0x00, 0x00, 0xff, 0x00, 0xff,
	0x00, 0x00, 0x00, 0x00, 0x00, 0x00, 0xf0, 0x00, 0x00, 0x00, 0x00, 0xff, 0x00, 0x00, 0x00, 0x00,
	0x00, 0x00, 0x00, 0x00, 0xff, 0x00, 0x00, 0x00, 0x00, 0x00, 0x00, 0x00, 0x00, 0x00, 0x00, 0x0f,
	0x00, 0x00, 0x00, 0x00, 0x00, 0x00, 0x0f, 0x00, 0x00, 0x00, 0x00, 0x00, 0x00, 0x00, 0x00, 0x00,
	0x00, 0x00, 0x00, 0x00, 0xff, 0x00, 0x00, 0x00, 0x00, 0x00, 0x00, 0x0f, 0x00, 0x00, 0x00, 0x00,
	0x00, 0x00, 0x00, 0x00, 0x00, 0x00, 0x00, 0xf0, 0x00, 0x00, 0x00, 0xff, 0x00, 0x00, 0x00, 0x00,
	0x00, 0x00, 0x00, 0x00, 0x00, 0xff, 0x00, 0x00, 0x00, 0x00, 0x00, 0x00, 0x00, 0x00, 0x00, 0x00,
	0x00, 0x00, 0x00, 0x00, 0x00, 0x00, 0x00, 0x00, 0xff, 0x0f, 0x00, 0xff, 0x0f, 0x00, 0xff, 0x00,
	0x00, 0x00, 0xff, 0x00, 0x00, 0x00, 0x00, 0x00, 0x00, 0x00, 0x00, 0xf0, 0x00, 0x00, 0xf0, 0x00,
	0xff, 0xff, 0x00, 0x00, 0x00, 0x00, 0x0f, 0xff, 0xf0, 0x00, 0x00, 0x00, 0x00, 0x00, 0x00, 0x00,
	0x00, 0x00, 0x00, 0xf0, 0x00, 0x00, 0x00, 0x00, 0x00, 0x00, 0x00, 0x00, 0x00, 0x00, 0x00, 0x00,
	0xff, 0x00, 0x00, 0x00, 0x00, 0x0f, 0x00, 0x00, 0x00, 0x00, 0x00, 0x00, 0x00, 0x00, 0x0f, 0x00,
	0x00, 0x00, 0xff, 0x0f, 0xff, 0x00, 0x00, 0x00, 0xf0, 0x00, 0x00, 0x00, 0x0f, 0x00, 0x00, 0x00,
	0x00, 0x00, 0x00, 0x00, 0x00, 0x00, 0x00, 0x00, 0x00, 0x00, 0x00, 0x00, 0x00, 0x00, 0x00, 0x00,
	0xff, 0x00, 0x00, 0x00, 0x00, 0x00, 0x00, 0x00, 0x00, 0x00, 0xff, 0x00, 0x00, 0x0f, 0x00, 0x00,
	0x00, 0x00, 0xff, 0x00, 0x00, 0x00, 0x0f, 0x00, 0x00, 0x00, 0x00, 0x00, 0x0f, 0x00, 0x00, 0x00,
	0x00, 0x00, 0xf0, 0x00, 0x00, 0x00, 0x00, 0x00, 0x00, 0x00, 0xff, 0x00, 0x00, 0x00, 0x00, 0x00,
	0xff, 0xff, 0x00, 0xff, 0xff, 0x0f, 0x00, 0xff, 0x0f, 0xff, 0xff, 0xff, 0xff, 0x00, 0x00, 0x00,
	0x00, 0x0f, 0x00, 0xf0, 0x00, 0xf0, 0x00, 0x00, 0x00, 0x0f, 0x00, 0xff, 0xf0, 0xff, 0xff, 0xff,
	0x00, 0x00, 0xf0, 0x00, 0x0f, 0x00, 0x00, 0x0f, 0xff, 0x00, 0x0f, 0xff, 0x00, 0x00, 0x00, 0xff,
	0xf0, 0x00, 0xf0, 0xff, 0x00, 0x0f, 0xff, 0x00, 0xff, 0x0f, 0x00, 0x00, 0x00, 0xff, 0x0f, 0x00,
	0xf0, 0xf0, 0x00, 0xff, 0x00, 0xf0, 0x00, 0xff, 0xff, 0xf0, 0xf0, 0x00, 0xff, 0x00, 0x0f, 0xff,
	0x00, 0x00, 0xf0, 0x00, 0x00, 0x0f, 0xff, 0x00, 0x0f, 0x00, 0x00, 0xff, 0x00, 0x00, 0x00, 0x00,
	0xff, 0x00, 0xff, 0xf0, 0x00, 0xff, 0x00, 0x00, 0x0f, 0xff, 0xf0, 0x0f, 0x0f, 0x00, 0x00, 0x00,
	0xf0, 0x00, 0xff, 0x00, 0x00, 0x00, 0x0f, 0xf0, 0xff, 0x00, 0x0f, 0x00, 0x00, 0xf0, 0xff, 0x0f,
	0xff, 0x00, 0xf0, 0x00, 0x0f, 0xf0, 0xf0, 0xff, 0x0f, 0x00, 0xf0, 0xf0, 0x00, 0x00, 0x0f, 0x00,
	0xf0, 0x00, 0x00, 0xf0, 0x00, 0x00, 0xff, 0x00, 0x00, 0x00, 0xf0, 0x00, 0xf0, 0x0f, 0xf0, 0x0f,
	0x00, 0x00, 0xf0, 0x0f, 0x00, 0x0f, 0x00, 0x00, 0x00, 0xff, 0x0f, 0x0f, 0xf0, 0xf0, 0x00, 0x00,
	0x0f, 0xf0, 0x0f, 0x0f, 0x00, 0xf0, 0xff, 0x00, 0x00, 0x00, 0xf0, 0xff, 0x00, 0x00, 0x00, 0x00,
	0xf0, 0xff, 0x00, 0x0f, 0x00, 0xf0, 0x0f, 0x00, 0xff, 0x0f, 0x0f, 0xff, 0x00, 0x00, 0xf0, 0xff,
	0x00, 0x00, 0xf0, 0x0f, 0x0f, 0x0f, 0xf0, 0x00, 0xff, 0xf0, 0x0f, 0xf0, 0x00, 0xf0, 0x00, 0xf0,
	0x0f, 0xff, 0x00, 0x00, 0x00, 0xf0, 0x00, 0x00, 0xf0, 0xf0, 0x00, 0xff, 0x0f, 0x0f, 0x00, 0xf0,
	0x00, 0xf0, 0x0f, 0x00, 0x0f, 0xf0, 0xf0, 0x00, 0xf0, 0xff, 0xf0, 0xf0, 0x0f, 0xf0, 0x00, 0x00,
	0xff, 0x00, 0x0f, 0xff, 0x00, 0xff, 0x00, 0x0f, 0xf0, 0xff, 0xf0, 0x00, 0xff, 0xf0, 0x00, 0x0f,
	0x00, 0xff, 0x00, 0x00, 0x00, 0xff, 0xff, 0x00, 0xf0, 0x0f, 0x00, 0x00, 0x00, 0x00, 0x00, 0xff,
	0xf0, 0x00, 0x00, 0x00, 0xf0, 0x0f, 0xff, 0x00, 0xff, 0x00, 0x00, 0x00, 0xf0, 0x00, 0xff, 0xf0,
	0x00, 0x0f, 0x0f, 0x00, 0xff, 0x00, 0x00, 0x0f, 0x0f, 0x0f, 0x00, 0x00, 0xff, 0x0f, 0x00, 0xf0,
	0x00, 0xff, 0xff, 0xf0, 0xf0, 0x0f, 0x00, 0x0f, 0xff, 0x00, 0x0f, 0xf0, 0xf0, 0xf0, 0xff, 0xf0,
	0xff, 0x0f, 0x00, 0xff, 0xf0, 0x00, 0x0f, 0x00, 0x0f, 0x0f, 0xff, 0xf0, 0xf0, 0x0f, 0x00, 0xf0,
	0xff, 0x00, 0x0f, 0x0f, 0x00, 0xf0, 0xf0, 0x00, 0xf0, 0x00, 0x0f, 0x00, 0xff, 0xf0, 0xff, 0x0f,
	0x00, 0xff, 0xff, 0x00, 0xf0, 0x0f, 0xff, 0xf0, 0x0f, 0x00, 0x00, 0x0f, 0xff, 0x00, 0x00, 0x0f,
	0xf0, 0x0f, 0xff, 0xf0, 0x00, 0xff, 0x00, 0xff, 0xff, 0xf0, 0x00, 0xff, 0x00, 0x00, 0x0f, 0xff,
	0x00, 0xff, 0x00, 0x00, 0x00, 0x0f, 0xff, 0x00, 0xf0, 0xf0, 0x0f, 0x0f, 0x0f, 0xff, 0x0f, 0xf0,
	0x0f, 0xff, 0xff, 0x0f, 0xf0, 0x00, 0x00, 0xf0, 0x00, 0xff, 0x0f, 0xf0, 0xff, 0x0f, 0x00, 0xff,
	0x00, 0x0f, 0xff, 0xff, 0xf0, 0xff, 0x00, 0xf0, 0x00, 0x00, 0x0f, 0xf0, 0xff, 0xff, 0xf0, 0x0f,
	0xf0, 0x00, 0xf0, 0x00, 0x00, 0x0f, 0x00, 0xf0, 0xff, 0x0f, 0x00, 0xff, 0x00, 0xf0, 0xf0, 0xff,
	0xf0, 0x0f, 0xf0, 0x0f, 0x00, 0x0f, 0x00, 0x00, 0xf0, 0xf0, 0x00, 0xff, 0x0f, 0x00, 0xf0, 0xff,
	0xf0, 0x0f, 0x0f, 0xf0, 0x00, 0xf0, 0x00, 0x00, 0x0f, 0x00, 0xff, 0x00, 0xff, 0xf0, 0x00, 0x00,
	0x00, 0xf0, 0xf0, 0x00, 0xff, 0xf0, 0xff, 0x00, 0x0f, 0x00, 0xf0, 0xf0, 0xff, 0xff, 0x00, 0xf0,
	0xf0, 0x0f, 0xff, 0xff, 0xf0, 0x00, 0x00, 0x0f, 0xff, 0x0f, 0x0f, 0xf0, 0xf0, 0x00, 0xf0, 0x00,
	0x0f, 0x0f, 0x00, 0x0f, 0x00, 0xff, 0x0f, 0xf0, 0x0f, 0x0f, 0xff, 0x0f, 0x0f, 0x00, 0x0f, 0xff,
	0xf0, 0xff, 0x00, 0x0f, 0xff, 0xf0, 0xf0, 0x0f, 0xff, 0x00, 0xff, 0x00, 0xf0, 0xf0, 0x00, 0xf0,
	0x00, 0xff, 0x00, 0xff, 0x00, 0xff, 0x00, 0xf0, 0x0f, 0xff, 0xf0, 0x00, 0xf0, 0x00, 0xf0, 0xff,
	0x0f, 0xff, 0x00, 0xf0, 0xf0, 0x0f, 0x0f, 0xf0, 0xff, 0x00, 0x0f, 0xff, 0x0f, 0x0f, 0xf0, 0xff,
	0x0f, 0x0f, 0x00, 0xf0, 0xf0, 0xff, 0xf0, 0xf0, 0xff, 0xf0, 0x0f, 0x00, 0x0f, 0x00, 0xff, 0xf0,
	0x00, 0xff, 0xf0, 0xf0, 0x00, 0x0f, 0xf0, 0x0f, 0xf0, 0x0f, 0x0f, 0xff, 0x0f, 0x0f, 0x00, 0x00,
	0xf0, 0x00, 0xff, 0xf0, 0x0f, 0x00, 0x00, 0xf0, 0x0f, 0x00, 0x0f, 0x0f, 0x00, 0xf0, 0xff, 0x0f,
	0xff, 0x00, 0x0f, 0x0f, 0xff, 0x0f, 0x0f, 0xff, 0xf0, 0xff, 0xf0, 0xff, 0xf0, 0x00, 0xff, 0xff,
	0x0f, 0xff, 0xff, 0xf0, 0x00, 0xff, 0x0f, 0x0f, 0xf0, 0xff, 0xff, 0x0f, 0x00, 0x0f, 0xff, 0xff,
	0xff, 0x0f, 0x0f, 0xf0, 0x0f, 0x00, 0x00, 0xf0, 0xf0, 0x0f, 0x0f, 0x00, 0xff, 0x0f, 0xf0, 0x0f,
	0xff, 0xf0, 0xff, 0x0f, 0xff, 0xf0, 0xff, 0xf0, 0x00, 0xff, 0x00, 0xff, 0x0f, 0xf0, 0xf0, 0x00,
	0xf0, 0xf0, 0xff, 0xff, 0xff, 0xf0, 0xf0, 0x00, 0x0f, 0x0f, 0xff, 0xff, 0xf0, 0xf0, 0x0f, 0x0f,
	0xff, 0xff, 0xf0, 0x00, 0xff, 0x0f, 0x0f, 0xf0, 0xf0, 0x00, 0x00, 0xff, 0x00, 0xff, 0x0f, 0xff,
	0x0f, 0x0f, 0xf0, 0x00, 0x0f, 0xff, 0x0f, 0xff, 0x00, 0x00, 0xf0, 0xff, 0xff, 0xff, 0xf0, 0xf0,
	0xff, 0xff, 0x00, 0xff, 0x0f, 0x0f, 0xff, 0xff, 0x00, 0xf0, 0x0f, 0xff, 0x0f, 0xff, 0xf0, 0x00,
	0xf0, 0xff, 0xf0, 0xf0, 0x00, 0xf0, 0x00, 0x00, 0xff, 0x0f, 0x0f, 0x0f, 0x00, 0x0f, 0xf0, 0x00,
	0xf0, 0x0f, 0x00, 0xf0, 0xff, 0x00, 0xf0, 0xff, 0x00, 0xf0, 0x0f, 0xf0, 0x00, 0xf0, 0x0f, 0x0f,
	0x00, 0xff, 0xff, 0xff, 0xff, 0xff, 0x0f, 0x0f, 0xff, 0x00, 0xff, 0x0f, 0xff, 0xff, 0xff, 0x00,
	0x0f, 0xff, 0x00, 0xff, 0x0f, 0xff, 0xf0, 0xff, 0xff, 0x00, 0x00, 0x00, 0x0f, 0xff, 0x0f, 0x0f,
	0xff, 0xff, 0x0f, 0x0f, 0x0f, 0xff, 0x0f, 0xf0, 0xf0, 0xff, 0xf0, 0xf0, 0x0f, 0x00, 0x0f, 0xf0,
	0x0f, 0x00, 0xf0, 0xff, 0x00, 0xff, 0x00, 0xf0, 0xff, 0xff, 0x0f, 0x00, 0xf0, 0x00, 0x00, 0xf0,
	0xff, 0x0f, 0x0f, 0x0f, 0xf0, 0x00, 0xf0, 0x0f, 0x0f, 0x0f, 0x00, 0x00, 0xf0, 0x0f, 0x00, 0x0f,
	0x0f, 0x0f, 0x0f, 0xf0, 0x0f, 0x00, 0xff, 0xf0, 0xff, 0x0f, 0x00, 0xf0, 0x00, 0x0f, 0xf0, 0xff,
	0xf0, 0xff, 0xff, 0xf0, 0xff, 0xff, 0x00, 0xff, 0x0f, 0x0f, 0xff, 0xf0, 0xf0, 0xf0, 0xff, 0xff,
	0x00, 0xff, 0xff, 0xff, 0x00, 0xff, 0xf0, 0xf0, 0x00, 0xf0, 0xff, 0x0f, 0x0f, 0xf0, 0xff, 0x00,
	0x0f, 0xf0, 0xf0, 0x0f, 0xff, 0xf0, 0x00, 0xff, 0x00, 0xff, 0x00, 0xf0, 0x0f, 0x0f, 0x0f, 0xf0,
	0x0f, 0x0f, 0x0f, 0xf0, 0xff, 0x00, 0xf0, 0xff, 0x0f, 0xff, 0xf0, 0x0f, 0xff, 0x0f, 0xf0, 0x0f,
	0xf0, 0x0f, 0xff, 0xf0, 0x0f, 0x0f, 0x0f, 0x0f, 0x0f, 0xf0, 0xf0, 0xf0, 0x0f, 0x0f, 0x0f, 0x0f,
	0xf0, 0x0f, 0xf0, 0x0f, 0xf0, 0xf0, 0xf0, 0x0f, 0xff, 0x0f, 0xff, 0x0f, 0xff, 0xff, 0xff, 0xf0,
	0xff, 0xff, 0x0f, 0xff, 0xf0, 0xff, 0xff, 0xf0, 0x0f, 0xf0, 0xf0, 0xf0, 0xff, 0xf0, 0xff, 0xf0,
	0x0f, 0xff, 0xf0, 0x0f, 0xff, 0xf0, 0x0f, 0xff, 0xff, 0xf0, 0xf0, 0xff, 0x0f, 0xff, 0xf0, 0xf0,
	0x0f, 0x0f, 0x0f, 0x0f, 0x0f, 0xff, 0x0f, 0xf0, 0x0f, 0xf0, 0xf0, 0x0f, 0xf0, 0xff, 0xf0, 0x0f,
	0xf0, 0xf0, 0xf0, 0xf0, 0xf0, 0xff, 0xff, 0x0f, 0xf0, 0xf0, 0xf0, 0xf0, 0x0f, 0xff, 0x00, 0xf0,
	0xff, 0x0f, 0xf0, 0xf0, 0x0f, 0x0f, 0xf0, 0xff, 0xf0, 0xff, 0x0f, 0x0f, 0xf0, 0x0f, 0x0f, 0xf0,
	0x0f, 0x00, 0x0f, 0xff, 0x0f, 0xf0, 0x00, 0xff, 0xff, 0x00, 0x0f, 0x0f, 0xff, 0xf0, 0x0f, 0xf0,
	0xff, 0xf0, 0xff, 0xf0, 0xff, 0x0f, 0xf0, 0xff, 0xf0, 0xff, 0x0f, 0xff, 0x0f, 0x0f, 0xf0, 0xf0,
	0x0f, 0xf0, 0x0f, 0xff, 0xff, 0xf0, 0x0f, 0xff, 0xf0, 0x00, 0x0f, 0x0f, 0xf0, 0x0f, 0xff, 0xf0,
	0x0f, 0xff, 0x0f, 0x0f, 0x0f, 0x00, 0x0f, 0xff, 0x0f, 0xf0, 0xf0, 0xff, 0xff, 0x0f, 0x0f, 0xff,
	0xff, 0xf0, 0xff, 0xff, 0xf0, 0x0f, 0xff, 0xf0, 0xff, 0xff, 0x0f, 0xff, 0xff, 0x0f, 0xff, 0x00,
	0x0f, 0xff, 0xf0, 0x0f, 0xf0, 0xf0, 0x0f, 0xff, 0xff, 0xff, 0x00, 0x0f, 0x0f, 0xff, 0x0f, 0x0f,
	0xff, 0x0f, 0xf0, 0x0f, 0xf0, 0x00, 0x0f, 0x0f, 0x0f, 0xff, 0xff, 0x00, 0x0f, 0xf0, 0x0f, 0x00,
	0x0f, 0x00, 0x0f, 0xf0, 0x0f, 0xf0, 0xf0, 0xff, 0xf0, 0x00, 0x0f, 0x0f, 0x0f, 0x00, 0x0f, 0xf0,
	0xff, 0x0f, 0x0f, 0xf0, 0xf0, 0x0f, 0xf0, 0xf0, 0xff, 0x00, 0xf0, 0xff, 0xf0, 0xff, 0x0f, 0xff,
	0xf0, 0x0f, 0xf0, 0x0f, 0x0f, 0x0f, 0x0f, 0x0f, 0xff, 0xff, 0xf0, 0x0f, 0x0f, 0x00, 0x0f, 0xff,
	0xf0, 0xf0, 0xff, 0xff, 0x0f, 0xff, 0x0f, 0xff, 0xf0, 0xff, 0x0f, 0xff, 0xff, 0x0f, 0x00, 0xf0,
	0x0f, 0x0f, 0x00, 0xff, 0xff, 0xff, 0xff, 0x0f, 0x0f, 0xf0, 0x0f, 0xff, 0xff, 0xf0, 0x00, 0xf0,
	0xf0, 0xff, 0xff, 0xf0, 0xf0, 0xf0, 0x00, 0xf0, 0x0f, 0xf0, 0x0f, 0x0f, 0xff, 0x0f, 0x0f, 0xf0,
	0xff, 0xff, 0xff, 0xff, 0xff, 0xff, 0xff, 0xff, 0xff, 0xff, 0xff, 0xff, 0xff, 0xff, 0xff, 0xff,
	0xff, 0xff, 0xff, 0xff, 0xff, 0xff, 0xff, 0xff, 0xff, 0xff, 0xff, 0xff, 0xff, 0xff, 0xff, 0xff,
	0xff, 0xff, 0xff, 0xff, 0xff, 0xff, 0xff, 0xff, 0xff, 0xff, 0xff, 0xff, 0xff, 0xff, 0xff, 0xff,
	0xff, 0xff, 0xff, 0xff, 0xff, 0xff, 0xff, 0xff, 0xff, 0xff, 0xff, 0xff, 0xff, 0xff, 0xff, 0xff,
	0xff, 0xff, 0xff, 0xff, 0xff, 0xff, 0xff, 0xff, 0xff, 0xff, 0xff, 0xff, 0xff, 0xff, 0xff, 0xff,
	0xff, 0xff, 0xff, 0xff, 0xff, 0xff, 0xff, 0xff, 0xff, 0xff, 0xff, 0xff, 0xff, 0xff, 0xff, 0xff,
	0xff, 0xff, 0xff, 0xff, 0xff, 0xff, 0xff, 0xff, 0xff, 0xff, 0xff, 0xff, 0xff, 0xff, 0xff, 0xff,
	0xff, 0xff, 0xff, 0xff, 0xff, 0xff, 0xff, 0xff, 0xff, 0xff, 0xff, 0xff, 0xff, 0xff, 0xff, 0xff,
	0xff, 0xff, 0xff, 0xff, 0xff, 0xff, 0xff, 0xff, 0xff, 0xff, 0xff, 0xff, 0xff, 0xff, 0xff, 0xff,
	0xff, 0xff, 0xff, 0xff, 0xff, 0xff, 0xff, 0xff, 0xff, 0xff, 0xff, 0xff, 0xff, 0xff, 0xff, 0xff,
	0xff, 0xff, 0xff, 0xff, 0xff, 0xff, 0xff, 0xff, 0xff, 0xff, 0xff, 0xff, 0xff, 0xff, 0xff, 0xff,
	0xff, 0xff, 0xff, 0xff, 0xff, 0xff, 0xff, 0xff, 0xff, 0xff, 0xff, 0xff, 0xff, 0xff, 0xff, 0xff,
	0xff, 0xff, 0xff, 0xff, 0xff, 0xff, 0xff, 0xff, 0xff, 0xff, 0xff, 0xff, 0xff, 0xff, 0xff, 0xff,
	0xff, 0xff, 0xff, 0xff, 0xff, 0xff, 0xff, 0xff, 0xff, 0xff, 0xff, 0xff, 0xff, 0xff, 0xff, 0xff,
	0xff, 0xff, 0xff, 0xff, 0xff, 0xff, 0xff, 0xff, 0xff, 0xff, 0xff, 0xff, 0xff, 0xff, 0xff, 0xff,
	0xff, 0xff, 0xff, 0xff, 0xff, 0xff, 0xff, 0xff, 0xff, 0xff, 0xff, 0xff, 0xff, 0xff, 0xff, 0xff,
	0xff, 0xff, 0xff, 0xff, 0xff, 0xff, 0xff, 0xff, 0xff, 0xff, 0xff, 0xff, 0xff, 0xff, 0xff, 0xff,
	0xff, 0xff, 0xff, 0xff, 0xff, 0xff, 0xff, 0xff, 0xff, 0xff, 0xff, 0xff, 0xff, 0xff, 0xff, 0xff,
	0xff, 0xff, 0xff, 0xff, 0xff, 0xff, 0xff, 0xff, 0xff, 0xff, 0xff, 0xff, 0xff, 0xff, 0xff, 0xff,
	0xff, 0xff, 0xff, 0xff, 0xff, 0xff, 0xff, 0xff, 0xff, 0xff, 0xff, 0xff, 0xff, 0xff, 0xff, 0xff,
	0x00, 0x00, 0x00, 0x00, 0x00, 0x00, 0x00, 0x00, 0x00, 0x00, 0x00, 0x00, 0x00, 0x00, 0x00, 0x00,
	0x00, 0x00, 0x00, 0x00, 0x00, 0x00, 0x00, 0x00, 0x00, 0x00, 0x00, 0x00, 0x00, 0x00, 0x00, 0x00,
	0x00, 0x00, 0x00, 0x00, 0x00, 0x00, 0x00, 0x00, 0x00, 0x00, 0x00, 0x00, 0x00, 0x00, 0x00, 0x00,
	0x00, 0x00, 0x00, 0x00, 0x00, 0x00, 0x00, 0x00, 0x00, 0x00, 0x00, 0x00, 0x00, 0x00, 0x00, 0x00,
	0x00, 0x00, 0x00, 0x00, 0x00, 0x00, 0x00, 0x00, 0x00, 0x00, 0x00, 0x00, 0x00, 0x00, 0x00, 0x00,
	0x00, 0x00, 0x00, 0x00, 0x00, 0x00, 0x00, 0x00, 0x00, 0x00, 0x00, 0x00, 0x00, 0x00, 0x00, 0x00,
	0x00, 0x00, 0x00, 0x00, 0x00, 0x00, 0x00, 0x00, 0x00, 0x00, 0x00, 0x00, 0x00, 0x00, 0x00, 0x00,
	0x00, 0x00, 0x00, 0x00, 0x00, 0x00, 0x00, 0x00, 0x00, 0x00, 0x00, 0x00, 0x00, 0x00, 0x00, 0x00,
	0x00, 0x00, 0x00, 0x00, 0x00, 0x00, 0x00, 0x00, 0x00, 0x00, 0x00, 0x00, 0x00, 0x00, 0x00, 0x00,
	0x00, 0x00, 0x00, 0x00, 0x00, 0x00, 0x00, 0x00, 0x00, 0x00, 0x00, 0x00, 0x00, 0x00, 0x00, 0x00,
	0x00, 0x00, 0x00, 0x00, 0x00, 0x00, 0x00, 0x00, 0x00, 0x00, 0x00, 0x00, 0x00, 0x00, 0x00, 0x00,
	0x00, 0x00, 0x00, 0x00, 0x00, 0x00, 0x00, 0x00, 0x00, 0x00, 0x00, 0x00, 0x00, 0x00, 0x00, 0x00,
	0x00, 0x00, 0x00, 0x00, 0x00, 0x00, 0x00, 0x00, 0x00, 0x00, 0x00, 0x00, 0x00, 0x00, 0x00, 0x00,
	0x00, 0x00, 0x00, 0x00, 0x00, 0x00, 0x00, 0x00, 0x00, 0x00, 0x00, 0x00, 0x00, 0x00, 0x00, 0x00,
	0x00, 0x00, 0x00, 0x00, 0x00, 0x00, 0x00, 0x00, 0x00, 0x00, 0x00, 0x00, 0x00, 0x00, 0x00, 0x00,
	0x00, 0x00, 0x00, 0x00, 0x00, 0x00, 0x00, 0x00, 0x00, 0x00, 0x00, 0x00, 0x00, 0x00, 0x00, 0x00,
	0x00, 0x00, 0x00, 0x00, 0x00, 0x00, 0x00, 0x00, 0x00, 0x00, 0x00, 0x00, 0x00, 0x00, 0x00, 0x00,
	0x00, 0x00, 0x00, 0x00, 0x00, 0x00, 0x00, 0x00, 0x00, 0x00, 0x00, 0x00, 0x00, 0x00, 0x00, 0x00,
	0x00, 0x00, 0x00, 0x00, 0x00, 0x00, 0x00, 0x00, 0x00, 0x00, 0x00, 0x00, 0x00, 0x00, 0x00, 0x00,
	0x00, 0x00, 0x00, 0x00, 0x00, 0x00, 0x00, 0x00, 0x00, 0x00, 0x00, 0x00, 0x00, 0x00, 0x00, 0x00,
	0x00, 0x00, 0x00, 0x00, 0xf0, 0x00, 0x00, 0x00, 0x00, 0x00, 0x00, 0x00, 0x00, 0x00, 0xff, 0x00,
	0x00, 0x00, 0x00, 0x00, 0x00, 0x00, 0x00, 0x00, 0x00, 0x00, 0x00, 0x00, 0x00, 0x00, 0x00, 0x00,
	0x00, 0x00, 0x00, 0x00, 0x00, 0x00, 0x00, 0x00, 0x00, 0x00, 0x00, 0x00, 0x00, 0x00, 0x00, 0x00,
	0x00, 0x00, 0x00, 0x00, 0x00, 0x00, 0x00, 0x00, 0x00, 0x00, 0x00, 0x00, 0x00, 0x00, 0x00, 0x00,
	0xf0, 0x00, 0x00, 0x00, 0x00, 0x00, 0x00, 0x00, 0x00, 0x00, 0x00, 0x00, 0x00, 0x00, 0x00, 0x00,
	0x00, 0x00, 0x00, 0x00, 0x00, 0x00, 0x00, 0x00, 0x00, 0x00, 0x00, 0x00, 0x00, 0x00, 0x00, 0x00,
	0x00, 0xf0, 0x00, 0x00, 0x00, 0x00, 0x00, 0x00, 0x00, 0x00, 0x00, 0x00, 0x0f, 0x00, 0x00, 0x00,
	0x00, 0x00, 0x00, 0x00, 0x00, 0xff, 0x0f, 0x00, 0x00, 0x00, 0x00, 0xff, 0x00, 0x00, 0x00, 0x00,
	0x00, 0x00, 0x00, 0x00, 0xf0, 0x00, 0x00, 0x00, 0x00, 0x00, 0x00, 0x00, 0x00, 0x00, 0x00, 0xf0,
	0x00, 0x0f, 0x00, 0x00, 0x00, 0x00, 0x00, 0x00, 0x00, 0x00, 0x00, 0x00, 0x00, 0x00, 0x0f, 0x00,
	0x00, 0x00, 0x00, 0x00, 0x00, 0x00, 0x00, 0x00, 0x00, 0x00, 0x00, 0x00, 0x00, 0x00, 0x00, 0x00,
	0x00, 0x00, 0x00, 0x00, 0x00, 0x00, 0xff, 0x00, 0x00, 0x00, 0x00, 0x00, 0x00, 0x00, 0x00, 0x00,
	0x00, 0x00, 0x00, 0x00, 0x00, 0x00, 0x00, 0x00, 0x00, 0x0f, 0x00, 0x00, 0x00, 0x00, 0x00, 0x00,
	0x00, 0x00, 0x00, 0x00, 0x0f, 0x00, 0x00, 0x00, 0x00, 0x00, 0x00, 0x00, 0x00, 0x00, 0x00, 0x00,
	0x00, 0x00, 0x00, 0x00, 0x00, 0x00, 0x00, 0x00, 0x00, 0xf0, 0x00, 0x00, 0x00, 0x00, 0x00, 0x00,
	0x00, 0x00, 0x00, 0x00, 0x00, 0x00, 0x00, 0x00, 0x00, 0x00, 0x00, 0x00, 0x00, 0x00, 0x00, 0x00,
	0x00, 0x0f, 0x00, 0x00, 0x00, 0x00, 0x00, 0x00, 0x00, 0x00, 0x00, 0x00, 0x00, 0x00, 0x00, 0x00,
	0x00, 0x00, 0x00, 0x00, 0x00, 0x00, 0x00, 0x00, 0x00, 0x00, 0x00, 0xff, 0xf0, 0x00, 0x00, 0x00,
	0x00, 0x00, 0x00, 0xff, 0x00, 0x00, 0x00, 0x00, 0x00, 0x00, 0x00, 0x00, 0x00, 0x00, 0x00, 0x00,
	0x00, 0x00, 0x00, 0x00, 0x00, 0x00, 0x00, 0x00, 0x00, 0x00, 0x00, 0x00, 0x00, 0x00, 0x00, 0x00,
	0x00, 0x00, 0x0f, 0x00, 0x00, 0x00, 0x00, 0x00, 0x00, 0x00, 0x00, 0x00, 0x00, 0x00, 0x00, 0x00,
	0x00, 0x00, 0x00, 0x00, 0x00, 0x00, 0x00, 0x00, 0x00, 0xf0, 0xff, 0x00, 0x0f, 0x00, 0x00, 0x00,
	0x0f, 0x00, 0x00, 0x00, 0x0f, 0x00, 0x00, 0x00, 0xf0, 0xf0, 0x00, 0x00, 0xff, 0x00, 0x00, 0xf0,
	0x00, 0x00, 0x00, 0x00, 0x00, 0xff, 0x00, 0x00, 0x00, 0x00, 0x00, 0x00, 0x00, 0x00, 0x00, 0x00,
	0x00, 0xff, 0xff, 0xf0, 0x00, 0x00, 0x00, 0x00, 0x00, 0x00, 0x00, 0x00, 0x00, 0x00, 0x00, 0x00,
	0x00, 0x00, 0x00, 0x00, 0x00, 0x00, 0x0f, 0x00, 0x00, 0x00, 0x00, 0x00, 0xf0, 0x00, 0x00, 0x00,
	0x00, 0x00, 0xf0, 0x00, 0x00, 0x00, 0x00, 0x00, 0x00, 0x00, 0x00, 0x00, 0x0f, 0xf0, 0x00, 0x00,
	0x00, 0x00, 0x00, 0x00, 0x00, 0x00, 0x00, 0x00, 0x00, 0xff, 0x00, 0x00, 0x00, 0x0f, 0x00, 0x00,
	0x00, 0x00, 0x00, 0x0f, 0x00, 0x00, 0x00, 0x00, 0x00, 0x00, 0x00, 0x00, 0x00, 0x00, 0x00, 0xff,
	0x00, 0x00, 0xf0, 0x00, 0x0f, 0xff, 0x00, 0x00, 0x00, 0x00, 0x00, 0x00, 0x00, 0x00, 0x00, 0x00,
	0x0f, 0x00, 0x00, 0x00, 0x00, 0x00, 0xf0, 0x00, 0x00, 0x00, 0x00, 0xf0, 0x00, 0x00, 0x00, 0x00,
	0x00, 0x00, 0x00, 0x00, 0x00, 0x00, 0x00, 0x00, 0x00, 0x00, 0x0f, 0x00, 0x00, 0x00, 0xff, 0x00,
	0x0f, 0x00, 0x00, 0x00, 0x00, 0x00, 0x00, 0x00, 0x0f, 0x00, 0x00, 0x00, 0x00, 0xff, 0xff, 0x00,
	0x00, 0x00, 0x00, 0x00, 0x00, 0x00, 0x00, 0x00, 0x00, 0x00, 0x00, 0x00, 0x00, 0x0f, 0x00, 0x00,
	0xf0, 0x00, 0xf0, 0x00, 0x0f, 0xf0, 0x00, 0x00, 0x00, 0x00, 0x00, 0x00, 0x00, 0x00, 0x00, 0x00,
	0x00, 0xff, 0x00, 0x00, 0x00, 0x00, 0x00, 0x00, 0x00, 0x00, 0x00, 0x00, 0x00, 0x00, 0x00, 0x00,
	0x00, 0x00, 0x00, 0x00, 0x00, 0x00, 0xff, 0x00, 0x00, 0x00, 0x00, 0x00, 0x00, 0x00, 0x00, 0x00,
	0xf0, 0x00, 0x00, 0x00, 0x00, 0x00, 0xff, 0xf0, 0x00, 0x00, 0x00, 0xf0, 0x00, 0x00, 0x00, 0x00,
	0x0f, 0x00, 0x00, 0x00, 0x00, 0x00, 0x00, 0x00, 0x00, 0x00, 0x00, 0x00, 0x00, 0x00, 0x00, 0x00,
	0x00, 0xf0, 0x00, 0x00, 0xf0, 0x00, 0x00, 0x00, 0x0f, 0x00, 0x00, 0x00, 0x00, 0x00, 0x00, 0x00,
	0x00, 0xf0, 0x0f, 0x00, 0xf0, 0x00, 0xf0, 0x00, 0x00, 0x00, 0xff, 0x0f, 0x00, 0x0f, 0xff, 0x00,
	0x00, 0xff, 0x0f, 0x00, 0xf0, 0xff, 0x0f, 0xf0, 0x00, 0xf0, 0xf0, 0xf0, 0x0f, 0x00, 0xf0, 0xff,
	0x00, 0x00, 0xf0, 0x00, 0x00, 0xff, 0x00, 0xf0, 0xf0, 0xf0, 0x00, 0xff, 0xff, 0x00, 0xff, 0x00,
	0x00, 0x00, 0x0f, 0x00, 0xff, 0x00, 0x00, 0x0f, 0x0f, 0x00, 0x00, 0xff, 0xf0, 0x00, 0xff, 0xff,
	0x00, 0x0f, 0x0f, 0x00, 0xff, 0x0f, 0x00, 0xf0, 0xf0, 0x00, 0xff, 0x00, 0x0f, 0x0f, 0x00, 0x00,
	0x00, 0xf0, 0x0f, 0x0f, 0xf0, 0x00, 0x00, 0x00, 0x00, 0xf0, 0xff, 0x00, 0xf0, 0x0f, 0xff, 0x0f,
	0x00, 0xf0, 0x0f, 0x0f, 0x00, 0x00, 0x00, 0x00, 0x00, 0x0f, 0x00, 0xf0, 0xff, 0x00, 0x00, 0x0f,
	0xff, 0x0f, 0xf0, 0x00, 0x00, 0x00, 0xff, 0x00, 0x0f, 0x0f, 0xf0, 0x00, 0xff, 0x0f, 0x00, 0xff,
	0x0f, 0xff, 0xff, 0xff, 0x00, 0x00, 0x00, 0xff, 0x00, 0xf0, 0xf0, 0x00, 0x0f, 0xf0, 0x00, 0x00,
	0x0f, 0x0f, 0xf0, 0xf0, 0xff, 0x00, 0xf0, 0x00, 0xff, 0x0f, 0xff, 0x00, 0xff, 0x00, 0xf0, 0x00,
	0x00, 0xff, 0x00, 0x00, 0x0f, 0x00, 0xff, 0xf0, 0x00, 0xf0, 0x00, 0x00, 0xff, 0x00, 0xf0, 0xff,
	0xf0, 0x0f, 0xff, 0x00, 0x00, 0xff, 0x0f, 0x00, 0x00, 0x00, 0x00, 0x0f, 0xff, 0x00, 0x0f, 0x00,
	0x00, 0x0f, 0xf0, 0x00, 0x0f, 0xff, 0xff, 0x00, 0x00, 0xff, 0x00, 0x00, 0x00, 0xf0, 0xf0, 0xf0,
	0xf0, 0x00, 0x00, 0x00, 0x00, 0xff, 0x00, 0xf0, 0xff, 0x0f, 0x00, 0xff, 0xf0, 0x00, 0x0f, 0x00,
	0x00, 0x00, 0x00, 0xff, 0x00, 0x00, 0x0f, 0x00, 0x0f, 0xff, 0xf0, 0xf0, 0x0f, 0x00, 0xff, 0x00,
	0xff, 0x0f, 0x0f, 0x0f, 0x00, 0x00, 0x0f, 0x00, 0x00, 0x00, 0x0f, 0x0f, 0xf0, 0x00, 0x0f, 0x00,
	0xf0, 0x00, 0x0f, 0x00, 0x0f, 0x00, 0x00, 0x00, 0xff, 0xf0, 0xff, 0xf0, 0x0f, 0x0f, 0xf0, 0x00,
	0x00, 0x00, 0xf0, 0xff, 0xff, 0xff, 0x00, 0x0f, 0x00, 0xf0, 0xf0, 0xf0, 0xff, 0x00, 0x00, 0x00,
	0x00, 0x00, 0x00, 0x0f, 0xff, 0x0f, 0xff, 0xff, 0x0f, 0x00, 0xf0, 0x00, 0xff, 0xf0, 0x00, 0x0f,
	0x0f, 0x0f, 0xff, 0x00, 0x00, 0x00, 0xf0, 0x00, 0xf0, 0x00, 0x0f, 0x00, 0xf0, 0xf0, 0x00, 0xf0,
	0xf0, 0x00, 0x0f, 0x00, 0x0f, 0xf0, 0x0f, 0x0f, 0xf0, 0xf0, 0x00, 0x0f, 0xff, 0xf0, 0xf0, 0xf0,
	0x0f, 0x0f, 0x00, 0x0f, 0x00, 0xf0, 0x00, 0x00, 0x00, 0x0f, 0x00, 0xff, 0xf0, 0x0f, 0x0f, 0xf0,
	0xff, 0xff, 0x0f, 0x0f, 0x00, 0xff, 0x00, 0x0f, 0x0f, 0xff, 0xf0, 0x00, 0xf0, 0xff, 0x00, 0x0f,
	0x00, 0xf0, 0x0f, 0xff, 0xff, 0x00, 0x00, 0x00, 0xff, 0xff, 0xff, 0x0f, 0x0f, 0x00, 0x0f, 0xff,
	0xf0, 0x0f, 0x0f, 0x0f, 0xff, 0xff, 0x00, 0xf0, 0xf0, 0x0f, 0xf0, 0xf0, 0x00, 0x00, 0xff, 0x0f,
	0x00, 0x00, 0x0f, 0x0f, 0xff, 0xf0, 0x0f, 0xff, 0xf0, 0x00, 0xff, 0x00, 0xff, 0xff, 0x00, 0x0f,
	0xf0, 0x00, 0x0f, 0xf0, 0x0f, 0x00, 0x0f, 0xff, 0x00, 0xff, 0xff, 0x0f, 0xf0, 0x0f, 0xf0, 0x00,
	0x0f, 0xff, 0x00, 0x00, 0xf0, 0x00, 0xf0, 0xf0, 0x0f, 0x00, 0x00, 0xf0, 0xf0, 0xff, 0x00, 0x00,
	0x0f, 0xff, 0xff, 0xf0, 0x0f, 0x0f, 0x0f, 0x00, 0xf0, 0x00, 0x0f, 0xf0, 0xff, 0x0f, 0xff, 0xf0,
	0xff, 0x0f, 0x0f, 0xf0, 0x00, 0xf0, 0x0f, 0xff, 0x00, 0xff, 0xf0, 0x00, 0x0f, 0x0f, 0xff, 0x0f,
	0xf0, 0x0f, 0x00, 0x00, 0x0f, 0xf0, 0xf0, 0xf0, 0x00, 0x0f, 0x00, 0xff, 0xff, 0x00, 0x0f, 0xf0,
	0x00, 0x00, 0xf0, 0xf0, 0x0f, 0x00, 0xff, 0xff, 0x0f, 0xf0, 0x00, 0x00, 0xf0, 0xf0, 0x0f, 0xff,
	0x00, 0x0f, 0x00, 0xf0, 0xf0, 0x00, 0xf0, 0x00, 0xf0, 0x00, 0x0f, 0xff, 0x0f, 0x0f, 0xf0, 0xf0,
	0x00, 0x00, 0xf0, 0xff, 0xff, 0x00, 0x0f, 0x00, 0x00, 0xff, 0xff, 0xff, 0x0f, 0xf0, 0x0f, 0x0f,
	0x00, 0x00, 0x0f, 0xff, 0xf0, 0xff, 0xff, 0x00, 0x00, 0xf0, 0xf0, 0x00, 0xf0, 0xff, 0xff, 0xf0,
	0x0f, 0xf0, 0xf0, 0xff, 0xff, 0x0f, 0xff, 0x00, 0x00, 0x00, 0x0f, 0x00, 0xff, 0xff, 0xf0, 0x0f,
	0xf0, 0xf0, 0xf0, 0xf0, 0xff, 0x0f, 0xf0, 0xf0, 0xff, 0xf0, 0xff, 0x0f, 0x00, 0x0f, 0x00, 0x0f,
	0x0f, 0x0f, 0xf0, 0x0f, 0x00, 0x0f, 0xf0, 0x00, 0xf0, 0x00, 0x00, 0x00, 0xff, 0xf0, 0x0f, 0x00,
	0x0f, 0x00, 0xf0, 0x00, 0x0f, 0x00, 0xf0, 0xf0, 0xf0, 0x00, 0x00, 0xff, 0xff, 0x0f, 0x0f, 0x0f,
	0x0f, 0x00, 0xff, 0xf0, 0x00, 0x00, 0x00, 0x00, 0xff, 0xff, 0xff, 0xf0, 0xff, 0x0f, 0x00, 0xf0,
	0xff, 0xff, 0x00, 0xff, 0xff, 0x0f, 0xff, 0x0f, 0xf0, 0x00, 0x0f, 0xf0, 0xf0, 0xff, 0x00, 0xff,
	0x00, 0x0f, 0xff, 0xf0, 0x0f, 0xf0, 0xf0, 0xff, 0xf0, 0x0f, 0x00, 0x00, 0xf0, 0xf0, 0xf0, 0x0f,
	0x00, 0xf0, 0x0f, 0x0f, 0xff, 0xff, 0x00, 0xf0, 0xf0, 0xff, 0xf0, 0xff, 0xf0, 0xff, 0x0f, 0xff,
	0x0f, 0xff, 0xff, 0xff, 0xf0, 0xf0, 0x00, 0x0f, 0xff, 0xff, 0x00, 0x0f, 0x0f, 0x0f, 0xff, 0x0f,
	0xff, 0x0f, 0xf0, 0x0f, 0x00, 0xff, 0xff, 0xff, 0x0f, 0xf0, 0xf0, 0x0f, 0x0f, 0x00, 0x0f, 0xff,
	0xf0, 0xf0, 0xf0, 0xf0, 0x0f, 0xff, 0x0f, 0x00, 0x00, 0x0f, 0x00, 0xff, 0x0f, 0xf0, 0xff, 0x0f,
	0xf0, 0x0f, 0xff, 0xff, 0x00, 0x0f, 0xf0, 0xf0, 0xf0, 0x00, 0x0f, 0x0f, 0xff, 0x0f, 0x00, 0x00,
	0xff, 0xf0, 0x0f, 0xf0, 0x00, 0x0f, 0x0f, 0x00, 0xf0, 0x0f, 0x0f, 0x0f, 0x00, 0x0f, 0xff, 0x0f,
	0x0f, 0xff, 0xf0, 0xf0, 0x0f, 0x00, 0xf0, 0x0f, 0xff, 0xff, 0x0f, 0x0f, 0xf0, 0x00, 0xf0, 0x0f,
	0xf0, 0xf0, 0x0f, 0xff, 0xff, 0xff, 0x00, 0x00, 0xff, 0x0f, 0x0f, 0x00, 0xf0, 0x00, 0xff, 0x0f,
	0xff, 0x00, 0xf0, 0xff, 0xf0, 0xff, 0xf0, 0xf0, 0x00, 0xf0, 0xff, 0x0f, 0x0f, 0x0f, 0x0f, 0xf0,
	0xf0, 0xff, 0xff, 0xf0, 0xf0, 0x0f, 0x00, 0x00, 0xf0, 0xf0, 0xff, 0x0f, 0x0f, 0xff, 0x00, 0xff,
	0xf0, 0x00, 0x00, 0xff, 0x0f, 0x0f, 0xf0, 0xff, 0x0f, 0x00, 0x0f, 0xff, 0xff, 0xf0, 0x00, 0x0f,
	0xff, 0xff, 0xf0, 0xff, 0xff, 0xff, 0xf0, 0xff, 0x00, 0x00, 0x00, 0x0f, 0xff, 0xf0, 0xf0, 0x00,
	0x0f, 0x00, 0x00, 0x0f, 0x0f, 0xff, 0x0f, 0xf0, 0xf0, 0xf0, 0xf0, 0x00, 0x0f, 0xff, 0x00, 0xff,
	0x00, 0x00, 0xff, 0xf0, 0x0f, 0x0f, 0xf0, 0x0f, 0x00, 0xff, 0x0f, 0xf0, 0xf0, 0x0f, 0xf0, 0xff,
	0xf0, 0xff, 0x00, 0x0f, 0x0f, 0x00, 0xff, 0x0f, 0xf0, 0xf0, 0xff, 0xf0, 0x00, 0xff, 0xf0, 0x0f,
	0x0f, 0x0f, 0x0f, 0x0f, 0x0f, 0xff, 0xf0, 0x0f, 0xf0, 0x00, 0xff, 0xff, 0x00, 0xf0, 0x0f, 0x0f,
	0xff, 0xff, 0xf0, 0x0f, 0xf0, 0x00, 0x00, 0x0f, 0xf0, 0x00, 0xf0, 0xf0, 0xff, 0xff, 0xf0, 0x0f,
	0x0f, 0xf0, 0x00, 0xff, 0x0f, 0xf0, 0xf0, 0x00, 0xf0, 0xf0, 0x00, 0xf0, 0x0f, 0xf0, 0x0f, 0x00,
	0xff, 0x0f, 0x0f, 0xf0, 0xf0, 0xf0, 0xff, 0x0f, 0x0f, 0x0f, 0xff, 0x0f, 0xff, 0xf0, 0xf0, 0xff,
	0x0f, 0xf0, 0xff, 0xff, 0xf0, 0xf0, 0xf0, 0x0f, 0xf0, 0xff, 0x0f, 0xff, 0xff, 0x0f, 0x0f, 0x0f,
	0x0f, 0x0f, 0xf0, 0x0f, 0xff, 0x0f, 0x00, 0xff, 0xf0, 0xf0, 0xf0, 0x0f, 0xff, 0x0f, 0x00, 0xf0,
	0xf0, 0x0f, 0xff, 0x0f, 0xff, 0x0f, 0xff, 0x00, 0xf0, 0xf0, 0x0f, 0x0f, 0x0f, 0xf0, 0x0f, 0x0f,
	0xff, 0xf0, 0xf0, 0x0f, 0x0f, 0xff, 0x00, 0xf0, 0x00, 0x0f, 0x0f, 0xff, 0xff, 0xff, 0xf0, 0x00,
	0xff, 0x0f, 0xf0, 0xf0, 0x00, 0xf0, 0x0f, 0xff, 0xf0, 0x0f, 0xff, 0xff, 0xff, 0xff, 0xf0, 0xff,
	0xf0, 0xff, 0xf0, 0xff, 0xf0, 0xf0, 0xf0, 0xff, 0x0f, 0xf0, 0xf0, 0xf0, 0xff, 0xff, 0xff, 0xff,
	0xff, 0x0f, 0xff, 0xf0, 0xf0, 0xf0, 0xf0, 0x0f, 0xf0, 0xf0, 0x0f, 0x0f, 0xf0, 0xf0, 0x0f, 0x0f,
	0xf0, 0xf0, 0xff, 0xff, 0x00, 0xf0, 0x0f, 0x0f, 0x0f, 0xf0, 0xf0, 0xff, 0x0f, 0xff, 0x0f, 0xf0,
	0xf0, 0xf0, 0xf0, 0xff, 0x0f, 0xf0, 0xff, 0x0f, 0xff, 0x0f, 0x0f, 0xff, 0x0f, 0xff, 0xff, 0xf0,
	0xf0, 0x00, 0x00, 0xff, 0x0f, 0xff, 0xff, 0xf0, 0x0f, 0x0f, 0xff, 0xf0, 0x0f, 0x0f, 0x00, 0xf0,
	0xff, 0x0f, 0xff, 0x0f, 0xf0, 0x0f, 0xf0, 0x00, 0xf0, 0xff, 0xff, 0xff, 0xff, 0xff, 0xff, 0xff,
	0xf0, 0x00, 0xf0, 0x0f, 0x0f, 0xf0, 0xf0, 0xff, 0xff, 0x00, 0xf0, 0x0f, 0xff, 0xf0, 0x0f, 0x00,
	0xf0, 0xff, 0x0f, 0xff, 0xf0, 0xff, 0xff, 0x0f, 0xff, 0x00, 0xf0, 0xf0, 0x0f, 0x0f, 0xff, 0x0f,
	0xf0, 0xff, 0xf0, 0x0f, 0xf0, 0x0f, 0x0f, 0xf0, 0xf0, 0xf0, 0x0f, 0xf0, 0x0f, 0xff, 0xff, 0xf0,
	0x0f, 0x00, 0xff, 0x0f, 0x0f, 0xf0, 0x00, 0x00, 0x0f, 0x0f, 0xff, 0xf0, 0x0f, 0x0f, 0xff, 0x0f,
	0xff, 0x0f, 0xf0, 0xff, 0xff, 0x0f, 0xff, 0xff, 0xf0, 0xff, 0xf0, 0xf0, 0xff, 0x0f, 0xf0, 0x0f,
	0x0f, 0xf0, 0xff, 0xf0, 0xff, 0xff, 0x0f, 0x0f, 0xff, 0xff, 0xff, 0x0f, 0xf0, 0xff, 0xf0, 0xff,
	0xff, 0x0f, 0xf0, 0xf0, 0x0f, 0xf0, 0xf0, 0xf0, 0xff, 0x0f, 0xf0, 0xff, 0x0f, 0xf0, 0x0f, 0xf0,
	0xf0, 0xf0, 0x0f, 0xff, 0x00, 0xf0, 0xff, 0xff, 0x0f, 0xf0, 0xff, 0xf0, 0xf0, 0x0f, 0xf0, 0xff,
	0xff, 0xff, 0xff, 0xff, 0xff, 0xff, 0xff, 0xff, 0xff, 0xff, 0xff, 0xff, 0xff, 0xff, 0xff, 0xff,
	0xff, 0xff, 0xff, 0xff, 0xff, 0xff, 0xff, 0xff, 0xff, 0xff, 0xff, 0xff, 0xff, 0xff, 0xff, 0xff,
	0xff, 0xff, 0xff, 0xff, 0xff, 0xff, 0xff, 0xff, 0xff, 0xff, 0xff, 0xff, 0xff, 0xff, 0xff, 0xff,
	0xff, 0xff, 0xff, 0xff, 0xff, 0xff, 0xff, 0xff, 0xff, 0xff, 0xff, 0xff, 0xff, 0xff, 0xff, 0xff,
	0xff, 0xff, 0xff, 0xff, 0xff, 0xff, 0xff, 0xff, 0xff, 0xff, 0xff, 0xff, 0xff, 0xff, 0xff, 0xff,
	0xff, 0xff, 0xff, 0xff, 0xff, 0xff, 0xff, 0xff, 0xff, 0xff, 0xff, 0xff, 0xff, 0xff, 0xff, 0xff,
	0xff, 0xff, 0xff, 0xff, 0xff, 0xff, 0xff, 0xff, 0xff, 0xff, 0xff, 0xff, 0xff, 0xff, 0xff, 0xff,
	0xff, 0xff, 0xff, 0xff, 0xff, 0xff, 0xff, 0xff, 0xff, 0xff, 0xff, 0xff, 0xff, 0xff, 0xff, 0xff,
	0xff, 0xff, 0xff, 0xff, 0xff, 0xff, 0xff, 0xff, 0xff, 0xff, 0xff, 0xff, 0xff, 0xff, 0xff, 0xff,
	0xff, 0xff, 0xff, 0xff, 0xff, 0xff, 0xff, 0xff, 0xff, 0xff, 0xff, 0xff, 0xff, 0xff, 0xff, 0xff,
	0xff, 0xff, 0xff, 0xff, 0xff, 0xff, 0xff, 0xff, 0xff, 0xff, 0xff, 0xff, 0xff, 0xff, 0xff, 0xff,
	0xff, 0xff, 0xff, 0xff, 0xff, 0xff, 0xff, 0xff, 0xff, 0xff, 0xff, 0xff, 0xff, 0xff, 0xff, 0xff,
	0xff, 0xff, 0xff, 0xff, 0xff, 0xff, 0xff, 0xff, 0xff, 0xff, 0xff, 0xff, 0xff, 0xff, 0xff, 0xff,
	0xff, 0xff, 0xff, 0xff, 0xff, 0xff, 0xff, 0xff, 0xff, 0xff, 0xff, 0xff, 0xff, 0xff, 0xff, 0xff,
	0xff, 0xff, 0xff, 0xff, 0xff, 0xff, 0xff, 0xff, 0xff, 0xff, 0xff, 0xff, 0xff, 0xff, 0xff, 0xff,
	0xff, 0xff, 0xff, 0xff, 0xff, 0xff, 0xff, 0xff, 0xff, 0xff, 0xff, 0xff, 0xff, 0xff, 0xff, 0xff,
	0xff, 0xff, 0xff, 0xff, 0xff, 0xff, 0xff, 0xff, 0xff, 0xff, 0xff, 0xff, 0xff, 0xff, 0xff, 0xff,
	0xff, 0xff, 0xff, 0xff, 0xff, 0xff, 0xff, 0xff, 0xff, 0xff, 0xff, 0xff, 0xff, 0xff, 0xff, 0xff,
	0xff, 0xff, 0xff, 0xff, 0xff, 0xff, 0xff, 0xff, 0xff, 0xff, 0xff, 0xff, 0xff, 0xff, 0xff, 0xff,
	0xff, 0xff, 0xff, 0xff, 0xff, 0xff, 0xff, 0xff, 0xff, 0xff, 0xff, 0xff, 0xff, 0xff, 0xff, 0xff,
	0x00, 0x00, 0x00, 0x00, 0x00, 0x00, 0x00, 0x00, 0x00, 0x00, 0x00, 0x00, 0x00, 0x00, 0x00, 0x00,
	0x00, 0x00, 0x00, 0x00, 0x00, 0x00, 0x00, 0x00, 0x00, 0x00, 0x00, 0x00, 0x00, 0x00, 0x00, 0x00,
	0x00, 0x00, 0x00, 0x00, 0x00, 0x00, 0x00, 0x00, 0x00, 0x00, 0x00, 0x00, 0x00, 0x00, 0x00, 0x00,
	0x00, 0x00, 0x00, 0x00, 0x00, 0x00, 0x00, 0x00, 0x00, 0x00, 0x00, 0x00, 0x00, 0x00, 0x00, 0x00,
	0x00, 0x00, 0x00, 0x00, 0x00, 0x00, 0x00, 0x00, 0x00, 0x00, 0x00, 0x00, 0x00, 0x00, 0x00, 0x00,
	0x00, 0x00, 0x00, 0x00, 0x00, 0x00, 0x00, 0x00, 0x00, 0x00, 0x00, 0x00, 0x00, 0x00, 0x00, 0x00,
	0x00, 0x00, 0x00, 0x00, 0x00, 0x00, 0x00, 0x00, 0x00, 0x00, 0x00, 0x00, 0x00, 0x00, 0x00, 0x00,
	0x00, 0x00, 0x00, 0x00, 0x00, 0x00, 0x00, 0x00, 0x00, 0x00, 0x00, 0x00, 0x00, 0x00, 0x00, 0x00,
	0x00, 0x00, 0x00, 0x00, 0x00, 0x00, 0x00, 0x00, 0x00, 0x00, 0x00, 0x00, 0x00, 0x00, 0x00, 0x00,
	0x00, 0x00, 0x00, 0x00, 0x00, 0x00, 0x00, 0x00, 0x00, 0x00, 0x00, 0x00, 0x00, 0x00, 0x00, 0x00,
	0x00, 0x00, 0x00, 0x00, 0x00, 0x00, 0x00, 0x00, 0x00, 0x00, 0x00, 0x00, 0x00, 0x00, 0x00, 0x00,
	0x00, 0x00, 0x00, 0x00, 0x00, 0x00, 0x00, 0x00, 0x00, 0x00, 0x00, 0x00, 0x00, 0x00, 0x00, 0x00,
	0x00, 0x00, 0x00, 0x00, 0x00, 0x00, 0x00, 0x00, 0x00, 0x00, 0x00, 0x00, 0x00, 0x00, 0x00, 0x00,
	0x00, 0x00, 0x00, 0x00, 0x00, 0x00, 0x00, 0x00, 0x00, 0x00, 0x00, 0x00, 0x00, 0x00, 0x00, 0x00,
	0x00, 0x00, 0x00, 0x00, 0x00, 0x00, 0x00, 0x00, 0x00, 0x00, 0x00, 0x00, 0x00, 0x00, 0x00, 0x00,
	0x00, 0x00, 0x00, 0x00, 0x00, 0x00, 0x00, 0x00, 0x00, 0x00, 0x00, 0x00, 0x00, 0x00, 0x00, 0x00,
	0x00, 0x00, 0x00, 0x00, 0x00, 0x00, 0x00, 0x00, 0x00, 0x00, 0x00, 0x00, 0x00, 0x00, 0x00, 0x00,
	0x00, 0x00, 0x00, 0x00, 0x00, 0x00, 0x00, 0x00, 0x00, 0x00, 0x00, 0x00, 0x00, 0x00, 0x00, 0x00,
	0x00, 0x00, 0x00, 0x00, 0x00, 0x00, 0x00, 0x00, 0x00, 0x00, 0x00, 0x00, 0x00, 0x00, 0x00, 0x00,
	0x00, 0x00, 0x00, 0x00, 0x00, 0x00, 0x00, 0x00, 0x00, 0x00, 0x00, 0x00, 0x00, 0x00, 0x00, 0x00,
	0x00, 0x00, 0x00, 0xf0, 0x00, 0x00, 0x00, 0x00, 0x00, 0x00, 0x00, 0x00, 0x00, 0x00, 0x00, 0x00,
	0x00, 0x00, 0x00, 0x00, 0xf0, 0x00, 0x00, 0x00, 0x00, 0x00, 0x00, 0x00, 0x00, 0x00, 0x00, 0x00,
	0x00, 0x00, 0x00, 0x00, 0x00, 0x00, 0x00, 0x00, 0x00, 0x00, 0x00, 0x00, 0x00, 0x0f, 0x00, 0x00,
	0x00, 0x00, 0x00, 0x00, 0x00, 0x00, 0x00, 0x00, 0x00, 0x00, 0x00, 0x00, 0x00, 0x00, 0x00, 0x00,
	0x00, 0x00, 0x00, 0x00, 0x00, 0x00, 0x00, 0x00, 0x00, 0x00, 0x00, 0x0f, 0x0f, 0x00, 0x00, 0x00,
	0x00, 0xf0, 0x00, 0x00, 0x00, 0x00, 0x00, 0x00, 0x00, 0x00, 0x00, 0x00, 0x00, 0x00, 0x00, 0x00,
	0x00, 0x00, 0x00, 0x00, 0x00, 0x00, 0x00, 0x00, 0x00, 0x00, 0x00, 0x00, 0x00, 0x00, 0x00, 0x00,
	0x00, 0xf0, 0x00, 0x00, 0x00, 0x00, 0x00, 0x00, 0x00, 0x00, 0x00, 0x00, 0x00, 0x00, 0x00, 0x00,
	0xff, 0x00, 0xf0, 0x00, 0x00, 0x00, 0xff, 0x00, 0x00, 0x00, 0x00, 0x00, 0x00, 0x00, 0x0f, 0x00,
	0x00, 0x00, 0x00, 0x00, 0x00, 0x00, 0x00, 0x00, 0x00, 0x00, 0x00, 0x00, 0x00, 0x00, 0x00, 0x00,
	0x00, 0x00, 0xf0, 0x00, 0x00, 0x00, 0x00, 0x00, 0x0f, 0x00, 0x00, 0x00, 0x00, 0x00, 0xff, 0x00,
	0x00, 0x00, 0x00, 0x00, 0x00, 0xff, 0x00, 0x00, 0x00, 0x00, 0x00, 0xff, 0x00, 0x00, 0x00, 0x00,
	0x00, 0x00, 0x00, 0x00, 0x00, 0x00, 0x00, 0x00, 0x00, 0x00, 0x00, 0x00, 0x00, 0x00, 0x00, 0x00,
	0x00, 0x00, 0x00, 0x00, 0x00, 0x00, 0x00, 0x00, 0x00, 0x00, 0x00, 0x00, 0x00, 0x00, 0x00, 0x00,
	0x00, 0x00, 0x00, 0x00, 0x00, 0x00, 0x00, 0x00, 0x00, 0x00, 0x00, 0x00, 0x00, 0x00, 0x00, 0x00,
	0x00, 0x00, 0x00, 0x00, 0x00, 0x00, 0x00, 0x00, 0xf0, 0x00, 0x00, 0x00, 0x00, 0x00, 0x00, 0x00,
	0x00, 0x00, 0x00, 0x00, 0x00, 0x00, 0x00, 0x00, 0x00, 0x00, 0x00, 0x00, 0x00, 0x00, 0x00, 0x00,
	0x00, 0x00, 0x00, 0x00, 0x00, 0x00, 0x00, 0x00, 0xf0, 0x00, 0x00, 0x00, 0x00, 0x00, 0xff, 0x00,
	0x00, 0x00, 0x00, 0x00, 0x00, 0xff, 0x00, 0x00, 0x00, 0x00, 0x00, 0x00, 0x00, 0x00, 0x00, 0x00,
	0x00, 0x00, 0x00, 0x00, 0x00, 0x00, 0x00, 0x00, 0x00, 0x00, 0x00, 0x00, 0x00, 0x00, 0x00, 0x00,
	0x00, 0x00, 0x00, 0x00, 0x00, 0x00, 0x00, 0x00, 0x00, 0x00, 0x00, 0x00, 0x00, 0x00, 0x00, 0x0f,
	0x00, 0x00, 0x00, 0x00, 0x00, 0x00, 0x00, 0x00, 0xff, 0x0f, 0x00, 0x00, 0x00, 0x00, 0xff, 0x0f,
	0x00, 0x00, 0x00, 0x00, 0x0f, 0x00, 0x00, 0x00, 0xff, 0x00, 0xf0, 0x00, 0xff, 0x00, 0x00, 0x00,
	0x0f, 0x00, 0x00, 0x00, 0x00, 0x00, 0x00, 0x00, 0x00, 0xf0, 0x00, 0x00, 0x00, 0x00, 0x00, 0x00,
	0x00, 0x00, 0x00, 0x00, 0x00, 0x00, 0x00, 0x00, 0x00, 0x00, 0xff, 0x00, 0x00, 0x00, 0x00, 0x00,
	0x00, 0x00, 0xff, 0x0f, 0x00, 0xf0, 0x00, 0x00, 0x00, 0x00, 0x00, 0x00, 0x0f, 0x00, 0x00, 0x00,
	0x00, 0xf0, 0x00, 0x00, 0x00, 0x00, 0x00, 0x00, 0x00, 0xff, 0x00, 0x00, 0x00, 0x00, 0x00, 0x00,
	0x00, 0x00, 0x00, 0x00, 0x00, 0x00, 0x00, 0x00, 0x00, 0x00, 0x00, 0x00, 0x00, 0x0f, 0x00, 0x00,
	0x00, 0xff, 0x00, 0x00, 0x00, 0x0f, 0x00, 0xf0, 0x00, 0x00, 0x00, 0x00, 0x00, 0x00, 0x00, 0x00,
	0x00, 0x00, 0x00, 0x00, 0x00, 0x00, 0x00, 0x00, 0x00, 0x00, 0x00, 0x00, 0x00, 0xff, 0x00, 0x00,
	0x00, 0x00, 0x00, 0x00, 0x00, 0x00, 0xff, 0xf0, 0x00, 0x00, 0x00, 0x00, 0x00, 0x00, 0xff, 0x00,
	0x00, 0x00, 0x00, 0xff, 0x00, 0x0f, 0x00, 0x00, 0x00, 0x00, 0x00, 0x00, 0x00, 0x00, 0x00, 0x00,
	0xff, 0x00, 0x00, 0x00, 0xff, 0xff, 0x00, 0x00, 0x00, 0x00, 0x00, 0x00, 0x00, 0x00, 0x00, 0x00,
	0x00, 0x00, 0xf0, 0xf0, 0x00, 0x00, 0x00, 0x00, 0x00, 0x00, 0x00, 0xf0, 0xff, 0x00, 0xff, 0x00,
	0x00, 0x00, 0x00, 0x00, 0x00, 0x00, 0x00, 0x00, 0xff, 0x00, 0x00, 0x00, 0x00, 0x00, 0x00, 0x00,
	0x00, 0x00, 0x00, 0x00, 0x00, 0x00, 0xff, 0xf0, 0x00, 0x00, 0x00, 0x00, 0x00, 0x00, 0x00, 0x00,
	0xf0, 0x00, 0x00, 0x00, 0x00, 0x00, 0x00, 0x00, 0x00, 0x0f, 0x00, 0x00, 0x00, 0x00, 0x00, 0x00,
	0x00, 0x00, 0xf0, 0x00, 0xf0, 0x00, 0x00, 0xff, 0x00, 0x00, 0x00, 0x00, 0x00, 0x00, 0x0f, 0x00,
	0x0f, 0x00, 0x00, 0x00, 0xf0, 0x00, 0x00, 0x00, 0x00, 0x00, 0x00, 0x00, 0x00, 0x00, 0x00, 0x00,
	0x0f, 0x00, 0x0f, 0x00, 0x00, 0x00, 0x00, 0x00, 0x00, 0x00, 0x00, 0x00, 0x00, 0x00, 0x00, 0x0f,
	0x00, 0x00, 0x00, 0x00, 0x00, 0x0f, 0x00, 0xf0, 0x00, 0x00, 0x0f, 0x00, 0x00, 0x00, 0xff, 0x00,
	0x00, 0xff, 0xf0, 0xf0, 0x00, 0x00, 0x00, 0xff, 0x00, 0xff, 0x00, 0xff, 0x00, 0xf0, 0x0f, 0xf0,
	0x00, 0x0f, 0x0f, 0x0f, 0x0f, 0x0f, 0x0f, 0x00, 0x0f, 0x00, 0x00, 0x0f, 0x0f, 0xff, 0x0f, 0xff,
	0x00, 0x00, 0x00, 0xf0, 0xff, 0xff, 0x00, 0xf0, 0x00, 0x0f, 0x00, 0x00, 0x00, 0x00, 0x00, 0xf0,
	0x00, 0x00, 0xf0, 0x0f, 0x00, 0x00, 0x00, 0x00, 0xf0, 0x00, 0xf0, 0x00, 0xf0, 0x00, 0xff, 0x00,
	0xff, 0x00, 0x0f, 0x00, 0x0f, 0x0f, 0xff, 0x00, 0x00, 0xf0, 0xff, 0x00, 0x00, 0xf0, 0xff, 0x0f,
	0xf0, 0xff, 0x00, 0x0f, 0x00, 0xff, 0x00, 0x00, 0x0f, 0x0f, 0x00, 0x0f, 0xff, 0x00, 0x00, 0xf0,
	0x00, 0x00, 0x0f, 0x00, 0x00, 0x00, 0xf0, 0x00, 0xf0, 0x00, 0x00, 0xf0, 0xf0, 0x00, 0x00, 0x0f,
	0x00, 0xf0, 0xff, 0x0f, 0xf0, 0x00, 0x0f, 0xf0, 0x00, 0xff, 0xff, 0x00, 0x00, 0x00, 0x0f, 0x0f,
	0xff, 0xf0, 0x00, 0xf0, 0xff, 0xff, 0x00, 0xf0, 0xf0, 0x00, 0x00, 0x00, 0xf0, 0x0f, 0xff, 0xff,
	0x0f, 0x0f, 0x00, 0xff, 0xff, 0x00, 0x0f, 0x00, 0x00, 0x00, 0xff, 0x0f, 0xff, 0x0f, 0x00, 0xff,
	0xf0, 0x0f, 0xf0, 0xff, 0x0f, 0xff, 0x0f, 0x00, 0xf0, 0xff, 0x00, 0xf0, 0x00, 0x0f, 0xff, 0x0f,
	0x0f, 0x0f, 0xf0, 0xf0, 0x0f, 0xff, 0xff, 0x0f, 0x00, 0x00, 0x0f, 0x0f, 0x0f, 0xf0, 0x0f, 0x0f,
	0xff, 0x00, 0x00, 0xff, 0xff, 0x0f, 0x0f, 0xf0, 0x00, 0x0f, 0x00, 0xf0, 0xff, 0x00, 0x00, 0xf0,
	0xf0, 0x0f, 0x0f, 0x00, 0xff, 0x00, 0xf0, 0xf0, 0x0f, 0x00, 0x0f, 0xff, 0x00, 0x00, 0xff, 0x00,
	0x00, 0x00, 0x00, 0x00, 0x00, 0x0f, 0xff, 0x0f, 0x00, 0x00, 0x00, 0x00, 0xff, 0x0f, 0xff, 0x0f,
	0x00, 0x00, 0xf0, 0x00, 0x0f, 0x00, 0xf0, 0x00, 0x00, 0x00, 0x0f, 0xf0, 0x0f, 0xf0, 0x00, 0xff,
	0xff, 0x00, 0x00, 0xf0, 0x0f, 0xff, 0x00, 0x00, 0x00, 0x00, 0x00, 0x00, 0x0f, 0x0f, 0xf0, 0x0f,
	0xff, 0xf0, 0x00, 0x0f, 0xf0, 0xf0, 0x00, 0x00, 0x00, 0x00, 0xf0, 0x0f, 0x0f, 0x00, 0xff, 0xf0,
	0xff, 0x00, 0x00, 0xff, 0xff, 0xf0, 0x00, 0x00, 0xff, 0x00, 0xff, 0x00, 0x00, 0x00, 0xff, 0x00,
	0x00, 0x0f, 0x0f, 0x0f, 0xff, 0xf0, 0x0f, 0xff, 0xff, 0x00, 0x0f, 0xf0, 0xff, 0x00, 0x0f, 0xff,
	0x00, 0x00, 0x00, 0xff, 0x0f, 0xf0, 0xff, 0xf0, 0xff, 0xff, 0x00, 0xf0, 0xf0, 0x0f, 0xff, 0xff,
	0xf0, 0x0f, 0x0f, 0xff, 0xff, 0x0f, 0x00, 0xf0, 0xff, 0x0f, 0x00, 0xff, 0x00, 0xff, 0xf0, 0x0f,
	0x0f, 0x0f, 0xff, 0xf0, 0xf0, 0x00, 0x00, 0xff, 0xff, 0x00, 0xff, 0x0f, 0xff, 0x00, 0x0f, 0x00,
	0x00, 0x0f, 0xf0, 0xff, 0xf0, 0x0f, 0xff, 0x0f, 0xff, 0xf0, 0xff, 0x0f, 0xf0, 0x0f, 0x0f, 0x0f,
	0xf0, 0x00, 0x0f, 0x0f, 0xff, 0x0f, 0x00, 0x0f, 0x00, 0x00, 0xff, 0xf0, 0xf0, 0x00, 0xf0, 0x00,
	0xf0, 0x00, 0x00, 0x0f, 0xf0, 0x0f, 0x00, 0x00, 0x00, 0x00, 0x0f, 0x00, 0x0f, 0xf0, 0x0f, 0x00,
	0x00, 0x0f, 0xff, 0xff, 0xf0, 0xf0, 0xff, 0xff, 0x00, 0xf0, 0x0f, 0x00, 0xf0, 0x0f, 0x0f, 0xf0,
	0x00, 0x0f, 0xff, 0xf0, 0xf0, 0x00, 0xff, 0xf0, 0x00, 0x0f, 0x00, 0x00, 0x00, 0xff, 0x0f, 0xf0,
	0x0f, 0x0f, 0xff, 0x00, 0xf0, 0x00, 0x00, 0xff, 0xf0, 0xff, 0x00, 0x0f, 0x0f, 0xff, 0xff, 0x0f,
	0x00, 0x00, 0xf0, 0x00, 0xf0, 0xff, 0xff, 0x00, 0x00, 0x0f, 0x0f, 0x0f, 0x00, 0x00, 0xf0, 0xff,
	0x0f, 0xff, 0x0f, 0x00, 0xff, 0xf0, 0x00, 0x0f, 0xff, 0x0f, 0x00, 0x0f, 0x00, 0x0f, 0xff, 0xff,
	0xff, 0x0f, 0xf0, 0xf0, 0x0f, 0x0f, 0x00, 0x0f, 0xf0, 0xf0, 0x00, 0xf0, 0xf0, 0xff, 0x00, 0xff,
	0x00, 0x0f, 0x00, 0x00, 0x0f, 0x0f, 0xff, 0x0f, 0xf0, 0xf0, 0x00, 0x00, 0xf0, 0x00, 0x00, 0x00,
	0xf0, 0xff, 0xf0, 0xf0, 0x0f, 0xf0, 0xf0, 0xf0, 0xf0, 0xff, 0x00, 0xf0, 0x0f, 0xf0, 0xff, 0xff,
	0x0f, 0xf0, 0x0f, 0x00, 0xf0, 0x00, 0xff, 0x00, 0x0f, 0xf0, 0x00, 0x0f, 0xf0, 0xff, 0x00, 0xff,
	0x0f, 0x0f, 0xff, 0xff, 0x00, 0x0f, 0x0f, 0x0f, 0xff, 0x00, 0x00, 0x00, 0xff, 0x00, 0xf0, 0xf0,
	0x00, 0xf0, 0x00, 0x0f, 0x00, 0x0f, 0xff, 0xff, 0x00, 0xff, 0xff, 0xff, 0x00, 0x00, 0x0f, 0x0f,
	0x00, 0x00, 0x00, 0xf0, 0xff, 0xff, 0xff, 0xf0, 0xf0, 0x0f, 0x0f, 0xf0, 0x0f, 0x00, 0x0f, 0x0f,
	0xff, 0x0f, 0xff, 0x0f, 0x0f, 0xf0, 0x0f, 0xf0, 0x00, 0xff, 0xf0, 0x0f, 0xf0, 0x00, 0x00, 0x00,
	0x00, 0xf0, 0x00, 0xff, 0xf0, 0x00, 0x0f, 0x0f, 0xf0, 0xf0, 0x0f, 0xff, 0x0f, 0xff, 0x00, 0xff,
	0xf0, 0xff, 0xf0, 0x0f, 0x0f, 0xf0, 0x00, 0xff, 0x00, 0x0f, 0x00, 0xff, 0xf0, 0x00, 0xff, 0xff,
	0x00, 0x0f, 0x0f, 0x0f, 0x0f, 0x00, 0x0f, 0xf0, 0xf0, 0xf0, 0x0f, 0xff, 0xff, 0xff, 0xff, 0x00,
	0xf0, 0xf0, 0x0f, 0xf0, 0x00, 0xf0, 0xf0, 0xf0, 0xff, 0x0f, 0x0f, 0x00, 0x00, 0x0f, 0xff, 0xf0,
	0xff, 0xf0, 0x0f, 0x00, 0xff, 0x00, 0x00, 0xff, 0xf0, 0xf0, 0xf0, 0xff, 0x0f, 0x00, 0xf0, 0xff,
	0x00, 0xff, 0xf0, 0xff, 0x0f, 0xf0, 0xf0, 0xf0, 0xff, 0xff, 0x0f, 0xf0, 0xf0, 0x0f, 0x0f, 0x00,
	0x00, 0xf0, 0xf0, 0x0f, 0xff, 0xff, 0xff, 0xff, 0xf0, 0xff, 0x00, 0xff, 0xf0, 0xf0, 0xff, 0x0f,
	0x00, 0x0f, 0xf0, 0x0f, 0x0f, 0x0f, 0x00, 0xff, 0x0f, 0x0f, 0x00, 0x0f, 0xff, 0x0f, 0xf0, 0x0f,
	0xf0, 0x0f, 0x0f, 0x0f, 0xf0, 0xff, 0xf0, 0x0f, 0x0f, 0x00, 0x0f, 0x0f, 0x0f, 0xff, 0x0f, 0x0f,
	0x00, 0x00, 0xf0, 0x00, 0xff, 0x0f, 0x0f, 0xff, 0xff, 0x0f, 0xff, 0x00, 0xf0, 0x0f, 0x0f, 0x0f,
	0xff, 0x00, 0xf0, 0xff, 0x0f, 0x00, 0x00, 0xff, 0x00, 0xf0, 0xf0, 0x00, 0x00, 0x0f, 0xf0, 0xf0,
	0xf0, 0xf0, 0xf0, 0xf0, 0xff, 0x0f, 0xf0, 0xf0, 0x00, 0xff, 0xff, 0x0f, 0xf0, 0xff, 0xff, 0x0f,
	0xff, 0xf0, 0x0f, 0x0f, 0xff, 0x00, 0x0f, 0xf0, 0x00, 0x0f, 0x0f, 0x00, 0xf0, 0xf0, 0xf0, 0xff,
	0x0f, 0xf0, 0xf0, 0x0f, 0x0f, 0xff, 0x0f, 0xff, 0x0f, 0x00, 0x00, 0x00, 0x0f, 0xff, 0xff, 0x0f,
	0x00, 0x00, 0xf0, 0xff, 0xff, 0x00, 0xf0, 0xff, 0xf0, 0xf0, 0xff, 0xff, 0xff, 0xf0, 0xff, 0x00,
	0x00, 0xff, 0x00, 0x0f, 0x00, 0xff, 0x00, 0x00, 0x0f, 0xf0, 0x0f, 0xf0, 0xf0, 0xf0, 0x0f, 0xff,
	0xf0, 0xf0, 0x0f, 0x00, 0x0f, 0x00, 0xf0, 0xff, 0xf0, 0x0f, 0xf0, 0x00, 0x0f, 0xff, 0x00, 0x0f,
	0x0f, 0x0f, 0xf0, 0x0f, 0xff, 0xf0, 0x0f, 0x0f, 0xf0, 0x0f, 0x0f, 0xff, 0xf0, 0xff, 0x00, 0xf0,
	0xf0, 0xff, 0xf0, 0xf0, 0xf0, 0xff, 0x0f, 0x00, 0xf0, 0x0f, 0xf0, 0x0f, 0xff, 0x0f, 0xf0, 0x0f,
	0xf0, 0xf0, 0xf0, 0xf0, 0x00, 0x0f, 0xff, 0xf0, 0xff, 0xff, 0xff, 0x00, 0xff, 0x0f, 0x0f, 0x0f,
	0xff, 0x0f, 0xf0, 0xf0, 0x0f, 0xf0, 0xf0, 0xf0, 0xf0, 0xff, 0xf0, 0xff, 0x0f, 0x00, 0x0f, 0x0f,
	0x0f, 0xf0, 0x0f, 0x0f, 0x0f, 0x0f, 0xf0, 0x0f, 0xff, 0xf0, 0xff, 0xf0, 0xf0, 0x00, 0xff, 0xff,
	0x0f, 0xf0, 0xf0, 0xf0, 0x0f, 0x00, 0xff, 0x00, 0x0f, 0x0f, 0xf0, 0xff, 0xf0, 0x0f, 0xff, 0x0f,
	0xff, 0xf0, 0x0f, 0xf0, 0xf0, 0x0f, 0xff, 0xff, 0xff, 0xff, 0xf0, 0xff, 0x00, 0xf0, 0x0f, 0xf0,
	0xff, 0xf0, 0xf0, 0xf0, 0xff, 0xf0, 0xff, 0x0f, 0x0f, 0x0f, 0xff, 0x0f, 0xf0, 0x0f, 0xff, 0x0f,
	0xf0, 0x00, 0xff, 0xf0, 0xff, 0x0f, 0xf0, 0x0f, 0xf0, 0xf0, 0xff, 0xf0, 0xf0, 0xf0, 0xf0, 0xf0,
	0xf0, 0xf0, 0xff, 0xf0, 0xf0, 0x00, 0xf0, 0xff, 0x00, 0xf0, 0xf0, 0x00, 0x0f, 0xff, 0xf0, 0xff,
	0xf0, 0x0f, 0xf0, 0x0f, 0xf0, 0x0f, 0xff, 0xf0, 0xf0, 0x0f, 0xff, 0xf0, 0x0f, 0x0f, 0x0f, 0xff,
	0xf0, 0x0f, 0xff, 0xff, 0x0f, 0x0f, 0x0f, 0xf0, 0xff, 0xff, 0xff, 0x0f, 0xff, 0x0f, 0x0f, 0x0f,
	0x0f, 0x00, 0xf0, 0xf0, 0xff, 0xf0, 0x0f, 0xf0, 0x0f, 0xf0, 0xff, 0xf0, 0xff, 0xf0, 0x00, 0x0f,
	0x0f, 0x0f, 0x0f, 0x00, 0xff, 0xf0, 0xf0, 0xff, 0x0f, 0x00, 0xf0, 0xff, 0xff, 0xff, 0xff, 0xf0,
	0x0f, 0x0f, 0x0f, 0x00, 0xf0, 0x0f, 0xff, 0xff, 0xff, 0xff, 0xff, 0xff, 0x0f, 0xf0, 0xf0, 0xff,
	0xff, 0xf0, 0x0f, 0x0f, 0xff, 0xff, 0xff, 0x00, 0xf0, 0xff, 0x0f, 0xf0, 0xff, 0xff, 0x0f, 0xff,
	0x0f, 0x0f, 0xf0, 0x0f, 0xff, 0x0f, 0xff, 0x0f, 0xff, 0xf0, 0xff, 0xf0, 0x00, 0xf0, 0x0f, 0xff,
	0xff, 0xf0, 0xff, 0xf0, 0x0f, 0xff, 0xf0, 0xf0, 0xff, 0xff, 0xf0, 0xff, 0xff, 0xff, 0xff, 0xff,
	0xf0, 0x0f, 0x0f, 0xf0, 0x0f, 0xff, 0xff, 0x0f, 0x00, 0xff, 0xff, 0xff, 0x0f, 0xf0, 0x0f, 0xff,
	0x0f, 0xf0, 0xff, 0xff, 0x0f, 0x0f, 0xf0, 0xf0, 0xff, 0xf0, 0x0f, 0x0f, 0xf0, 0x0f, 0xff, 0x00,
	0xff, 0xf0, 0x0f, 0x0f, 0xff, 0xff, 0xff, 0x0f, 0xff, 0xff, 0xf0, 0xf0, 0xff, 0xff, 0x0f, 0xff,
	0xff, 0x0f, 0xf0, 0xff, 0xf0, 0x0f, 0x0f, 0xff, 0xff, 0x00, 0x0f, 0xf0, 0x0f, 0xf0, 0xff, 0xf0,
	0xf0, 0xff, 0x00, 0x0f, 0xff, 0xf0, 0x0f, 0xff, 0xf0, 0x0f, 0x0f, 0xff, 0xf0, 0xff, 0xf0, 0xff,
	0xff, 0xff, 0xff, 0xff, 0xff, 0xff, 0xff, 0xff, 0xff, 0xff, 0xff, 0xff, 0xff, 0xff, 0xff, 0xff,
	0xff, 0xff, 0xff, 0xff, 0xff, 0xff, 0xff, 0xff, 0xff, 0xff, 0xff, 0xff, 0xff, 0xff, 0xff, 0xff,
	0xff, 0xff, 0xff, 0xff, 0xff, 0xff, 0xff, 0xff, 0xff, 0xff, 0xff, 0xff, 0xff, 0xff, 0xff, 0xff,
	0xff, 0xff, 0xff, 0xff, 0xff, 0xff, 0xff, 0xff, 0xff, 0xff, 0xff, 0xff, 0xff, 0xff, 0xff, 0xff,
	0xff, 0xff, 0xff, 0xff, 0xff, 0xff, 0xff, 0xff, 0xff, 0xff, 0xff, 0xff, 0xff, 0xff, 0xff, 0xff,
	0xff, 0xff, 0xff, 0xff, 0xff, 0xff, 0xff, 0xff, 0xff, 0xff, 0xff, 0xff, 0xff, 0xff, 0xff, 0xff,
	0xff, 0xff, 0xff, 0xff, 0xff, 0xff, 0xff, 0xff, 0xff, 0xff, 0xff, 0xff, 0xff, 0xff, 0xff, 0xff,
	0xff, 0xff, 0xff, 0xff, 0xff, 0xff, 0xff, 0xff, 0xff, 0xff, 0xff, 0xff, 0xff, 0xff, 0xff, 0xff,
	0xff, 0xff, 0xff, 0xff, 0xff, 0xff, 0xff, 0xff, 0xff, 0xff, 0xff, 0xff, 0xff, 0xff, 0xff, 0xff,
	0xff, 0xff, 0xff, 0xff, 0xff, 0xff, 0xff, 0xff, 0xff, 0xff, 0xff, 0xff, 0xff, 0xff, 0xff, 0xff,
	0xff, 0xff, 0xff, 0xff, 0xff, 0xff, 0xff, 0xff, 0xff, 0xff, 0xff, 0xff, 0xff, 0xff, 0xff, 0xff,
	0xff, 0xff, 0xff, 0xff, 0xff, 0xff, 0xff, 0xff, 0xff, 0xff, 0xff, 0xff, 0xff, 0xff, 0xff, 0xff,
	0xff, 0xff, 0xff, 0xff, 0xff, 0xff, 0xff, 0xff, 0xff, 0xff, 0xff, 0xff, 0xff, 0xff, 0xff, 0xff,
	0xff, 0xff, 0xff, 0xff, 0xff, 0xff, 0xff, 0xff, 0xff, 0xff, 0xff, 0xff, 0xff, 0xff, 0xff, 0xff,
	0xff, 0xff, 0xff, 0xff, 0xff, 0xff, 0xff, 0xff, 0xff, 0xff, 0xff, 0xff, 0xff, 0xff, 0xff, 0xff,
	0xff, 0xff, 0xff, 0xff, 0xff, 0xff, 0xff, 0xff, 0xff, 0xff, 0xff, 0xff, 0xff, 0xff, 0xff, 0xff,
	0xff, 0xff, 0xff, 0xff, 0xff, 0xff, 0xff, 0xff, 0xff, 0xff, 0xff, 0xff, 0xff, 0xff, 0xff, 0xff,
	0xff, 0xff, 0xff, 0xff, 0xff, 0xff, 0xff, 0xff, 0xff, 0xff, 0xff, 0xff, 0xff, 0xff, 0xff, 0xff,
	0xff, 0xff, 0xff, 0xff, 0xff, 0xff, 0xff, 0xff, 0xff, 0xff, 0xff, 0xff, 0xff, 0xff, 0xff, 0xff,
	0xff, 0xff, 0xff, 0xff, 0xff, 0xff, 0xff, 0xff, 0xff, 0xff, 0xff, 0xff, 0xff, 0xff, 0xff, 0xff,
	0x00, 0x00, 0x00, 0x00, 0x00, 0x00, 0x00, 0x00, 0x00, 0x00, 0x00, 0x00, 0x00, 0x00, 0x00, 0x00,
	0x00, 0x00, 0x00, 0x00, 0x00, 0x00, 0x00, 0x00, 0x00, 0x00, 0x00, 0x00, 0x00, 0x00, 0x00, 0x00,
	0x00, 0x00, 0x00, 0x00, 0x00, 0x00, 0x00, 0x00, 0x00, 0x00, 0x00, 0x00, 0x00, 0x00, 0x00, 0x00,
	0x00, 0x00, 0x00, 0x00, 0x00, 0x00, 0x00, 0x00, 0x00, 0x00, 0x00, 0x00, 0x00, 0x00, 0x00, 0x00,
	0x00, 0x00, 0x00, 0x00, 0x00, 0x00, 0x00, 0x00, 0x00, 0x00, 0x00, 0x00, 0x00, 0x00, 0x00, 0x00,
	0x00, 0x00, 0x00, 0x00, 0x00, 0x00, 0x00, 0x00, 0x00, 0x00, 0x00, 0x00, 0x00, 0x00, 0x00, 0x00,
	0x00, 0x00, 0x00, 0x00, 0x00, 0x00, 0x00, 0x00, 0x00, 0x00, 0x00, 0x00, 0x00, 0x00, 0x00, 0x00,
	0x00, 0x00, 0x00, 0x00, 0x00, 0x00, 0x00, 0x00, 0x00, 0x00, 0x00, 0x00, 0x00, 0x00, 0x00, 0x00,
	0x00, 0x00, 0x00, 0x00, 0x00, 0x00, 0x00, 0x00, 0x00, 0x00, 0x00, 0x00, 0x00, 0x00, 0x00, 0x00,
	0x00, 0x00, 0x00, 0x00, 0x00, 0x00, 0x00, 0x00, 0x00, 0x00, 0x00, 0x00, 0x00, 0x00, 0x00, 0x00,
	0x00, 0x00, 0x00, 0x00, 0x00, 0x00, 0x00, 0x00, 0x00, 0x00, 0x00, 0x00, 0x00, 0x00, 0x00, 0x00,
	0x00, 0x00, 0x00, 0x00, 0x00, 0x00, 0x00, 0x00, 0x00, 0x00, 0x00, 0x00, 0x00, 0x00, 0x00, 0x00,
	0x00, 0x00, 0x00, 0x00, 0x00, 0x00, 0x00, 0x00, 0x00, 0x00, 0x00, 0x00, 0x00, 0x00, 0x00, 0x00,
	0x00, 0x00, 0x00, 0x00, 0x00, 0x00, 0x00, 0x00, 0x00, 0x00, 0x00, 0x00, 0x00, 0x00, 0x00, 0x00,
	0x00, 0x00, 0x00, 0x00, 0x00, 0x00, 0x00, 0x00, 0x00, 0x00, 0x00, 0x00, 0x00, 0x00, 0x00, 0x00,
	0x00, 0x00, 0x00, 0x00, 0x00, 0x00, 0x00, 0x00, 0x00, 0x00, 0x00, 0x00, 0x00, 0x00, 0x00, 0x00,
	0x00, 0x00, 0x00, 0x00, 0x00, 0x00, 0x00, 0x00, 0x00, 0x00, 0x00, 0x00, 0x00, 0x00, 0x00, 0x00,
	0x00, 0x00, 0x00, 0x00, 0x00, 0x00, 0x00, 0x00, 0x00, 0x00, 0x00, 0x00, 0x00, 0x00, 0x00, 0x00,
	0x00, 0x00, 0x00, 0x00, 0x00, 0x00, 0x00, 0x00, 0x00, 0x00, 0x00, 0x00, 0x00, 0x00, 0x00, 0x00,
	0x00, 0x00, 0x00, 0x00, 0x00, 0x00, 0x00, 0x00, 0x00, 0x00, 0x00, 0x00, 0x00, 0x00, 0x00, 0x00,
	0x00, 0xf0, 0x00, 0x00, 0x00, 0x00, 0x00, 0x00, 0x00, 0x00, 0x00, 0x00, 0x00, 0x00, 0x00, 0x00,
	0x00, 0x00, 0x00, 0x00, 0x00, 0x00, 0x00, 0x00, 0x00, 0x00, 0x00, 0x00, 0x00, 0x00, 0x00, 0x00,
	0x00, 0x00, 0x00, 0x00, 0x00, 0x00, 0x00, 0xf0, 0x00, 0x00, 0x00, 0x00, 0x00, 0x00, 0x00, 0x00,
	0xf0, 0x00, 0x00, 0x00, 0x00, 0x00, 0x00, 0x00, 0x0f, 0x00, 0x00, 0x00, 0x00, 0x00, 0x00, 0x00,
	0x00, 0x00, 0x00, 0x00, 0x00, 0x00, 0x00, 0x00, 0x00, 0x00, 0x00, 0x00, 0x00, 0xff, 0x00, 0x00,
	0x00, 0x00, 0x00, 0x00, 0x00, 0x00, 0x00, 0x00, 0x00, 0x00, 0x00, 0x00, 0x00, 0x00, 0x00, 0x00,
	0x00, 0x00, 0x00, 0x00, 0x00, 0x00, 0x00, 0x00, 0x00, 0x00, 0x00, 0x00, 0x00, 0x00, 0x00, 0xff,
	0x00, 0x00, 0x00, 0x00, 0x00, 0x00, 0x00, 0x00, 0x00, 0x00, 0x00, 0x00, 0x00, 0x00, 0x00, 0x00,
	0x00, 0x00, 0x00, 0x00, 0x00, 0x00, 0xf0, 0xff, 0x00, 0x00, 0x00, 0x00, 0x00, 0x00, 0x00, 0x00,
	0x00, 0x00, 0x0f, 0x00, 0x00, 0x00, 0x00, 0xff, 0x00, 0x00, 0x00, 0xf0, 0x00, 0x00, 0x00, 0x00,
	0x00, 0x00, 0x00, 0x00, 0x00, 0x00, 0x00, 0x00, 0x00, 0x00, 0x00, 0x00, 0x00, 0x00, 0x00, 0x00,
	0x00, 0x00, 0x00, 0x00, 0x00, 0x00, 0x00, 0xff, 0x00, 0x00, 0x00, 0x00, 0x00, 0x0f, 0x00, 0x00,
	0x00, 0x00, 0x00, 0x00, 0x00, 0x00, 0x00, 0x00, 0x00, 0x00, 0x00, 0x00, 0x00, 0x00, 0x00, 0x00,
	0x00, 0x00, 0x00, 0x00, 0x00, 0x00, 0x00, 0xf0, 0x00, 0x00, 0x00, 0x00, 0x00, 0x00, 0x00, 0x00,
	0x00, 0x00, 0x00, 0x00, 0x00, 0x00, 0x00, 0x00, 0x00, 0x00, 0x00, 0x00, 0x00, 0x00, 0x00, 0x00,
	0x00, 0x00, 0x00, 0x00, 0x00, 0x00, 0x00, 0x00, 0x00, 0xf0, 0x00, 0x00, 0xf0, 0x00, 0x00, 0x00,
	0x00, 0x00, 0x00, 0x00, 0x00, 0x00, 0x00, 0x00, 0x00, 0x00, 0x00, 0x00, 0x00, 0x00, 0x00, 0xf0,
	0xf0, 0x00, 0x00, 0x00, 0x00, 0x00, 0x00, 0x00, 0xff, 0x00, 0x00, 0x00, 0x00, 0x00, 0x00, 0x00,
	0x00, 0x00, 0x00, 0x00, 0x00, 0x00, 0x00, 0x00, 0x00, 0x00, 0x00, 0x00, 0x00, 0x00, 0x00, 0x00,
	0x00, 0x00, 0x00, 0x00, 0x00, 0x00, 0x00, 0x00, 0x00, 0x0f, 0x00, 0x00, 0x00, 0x00, 0x00, 0x00,
	0xff, 0x00, 0x00, 0x00, 0x00, 0x00, 0x00, 0x00, 0x00, 0x00, 0xf0, 0x00, 0x00, 0x00, 0x00, 0x00,
	0x00, 0x00, 0x00, 0x00, 0xf0, 0xf0, 0x00, 0xff, 0x00, 0x00, 0x00, 0x00, 0x00, 0x00, 0x00, 0x00,
	0x00, 0x00, 0x00, 0xf0, 0x00, 0x00, 0x00, 0x00, 0xff, 0x00, 0x00, 0x00, 0x00, 0xff, 0x00, 0x00,
	0xf0, 0x00, 0x00, 0x00, 0x00, 0x00, 0xff, 0xf0, 0x00, 0xf0, 0x00, 0x00, 0x00, 0x00, 0x00, 0x00,
	0x00, 0x00, 0xf0, 0xf0, 0x00, 0x00, 0x00, 0x00, 0xff, 0x00, 0x00, 0x00, 0x00, 0x00, 0x00, 0x00,
	0x00, 0x00, 0xff, 0x00, 0x00, 0x00, 0xf0, 0x00, 0x00, 0x00, 0xff, 0x00, 0x00, 0x00, 0x00, 0xff,
	0x00, 0x00, 0x00, 0x00, 0xff, 0xf0, 0x00, 0x0f, 0x00, 0xff, 0x00, 0x00, 0x00, 0x00, 0x00, 0x00,
	0x00, 0x00, 0x00, 0x00, 0x00, 0xff, 0x00, 0xff, 0x00, 0x00, 0x00, 0x00, 0x00, 0x00, 0x00, 0x00,
	0x00, 0x0f, 0x00, 0x00, 0x00, 0x00, 0x0f, 0x00, 0x00, 0x00, 0x00, 0x00, 0x0f, 0x00, 0x00, 0xf0,
	0xf0, 0x00, 0x00, 0x00, 0x00, 0xf0, 0x00, 0x0f, 0x00, 0x00, 0x00, 0x00, 0x00, 0x00, 0x00, 0x00,
	0x00, 0x00, 0x00, 0x00, 0x00, 0x00, 0x00, 0x00, 0x00, 0x00, 0x00, 0x00, 0x00, 0x00, 0xff, 0x00,
	0xf0, 0x00, 0x00, 0x00, 0x00, 0x00, 0x00, 0x00, 0x00, 0x00, 0x00, 0x00, 0x00, 0x00, 0x00, 0x00,
	0x00, 0x00, 0xf0, 0x00, 0x00, 0x00, 0x00, 0x00, 0x00, 0x00, 0x00, 0x00, 0x00, 0x00, 0x00, 0x00,
	0xf0, 0x00, 0x00, 0x00, 0x00, 0x00, 0x00, 0x00, 0x00, 0x00, 0x00, 0x00, 0x00, 0x00, 0x00, 0x0f,
	0x00, 0x00, 0x00, 0x00, 0x00, 0x00, 0x00, 0x00, 0x00, 0x00, 0x00, 0xf0, 0x00, 0x00, 0x00, 0x0f,
	0xf0, 0x00, 0x00, 0x00, 0x00, 0x00, 0x00, 0x00, 0x00, 0x00, 0x00, 0x00, 0x00, 0x00, 0xff, 0xf0,
	0x00, 0x0f, 0x00, 0x00, 0x00, 0xff, 0x0f, 0x00, 0x00, 0x00, 0x00, 0x00, 0x00, 0x00, 0x00, 0x00,
	0x00, 0x00, 0xf0, 0x0f, 0x00, 0x00, 0xf0, 0x00, 0x00, 0x00, 0x00, 0xff, 0x00, 0x00, 0x00, 0x00,
	0x00, 0x00, 0x00, 0x00, 0x00, 0x00, 0x00, 0x00, 0x00, 0x00, 0x00, 0x00, 0x00, 0x00, 0x00, 0x00,
	0x00, 0x00, 0x00, 0x00, 0x00, 0x00, 0x00, 0x00, 0x00, 0x00, 0x00, 0x00, 0x0f, 0x00, 0x00, 0x00,
	0x00, 0x0f, 0xf0, 0x00, 0xff, 0x0f, 0xf0, 0x00, 0x00, 0x0f, 0x0f, 0xf0, 0x00, 0xf0, 0x00, 0x00,
	0x0f, 0x00, 0x00, 0x00, 0x0f, 0xff, 0x0f, 0x00, 0x00, 0x00, 0x0f, 0x00, 0x0f, 0x00, 0x00, 0x00,
	0x0f, 0x00, 0x0f, 0x0f, 0x00, 0x0f, 0xff, 0x00, 0xf0, 0x00, 0xff, 0x00, 0xf0, 0x0f, 0x00, 0xff,
	0x00, 0x00, 0x0f, 0xf0, 0x00, 0x00, 0x0f, 0xf0, 0x00, 0x00, 0xf0, 0xff, 0x0f, 0x0f, 0x00, 0x00,
	0xff, 0xf0, 0x00, 0x00, 0x00, 0xff, 0x0f, 0x00, 0x0f, 0xff, 0x00, 0xf0, 0xff, 0x00, 0x0f, 0xff,
	0xf0, 0xf0, 0x0f, 0x00, 0xf0, 0x00, 0x00, 0xff, 0x00, 0x00, 0xff, 0x0f, 0x0f, 0xf0, 0x00, 0xf0,
	0x00, 0x00, 0x0f, 0xf0, 0xf0, 0xf0, 0x00, 0x00, 0x00, 0xff, 0x00, 0x00, 0x0f, 0x00, 0x00, 0x00,
	0x00, 0xff, 0x00, 0xff, 0x00, 0x0f, 0x00, 0x00, 0xff, 0x00, 0xff, 0x0f, 0xf0, 0x00, 0xff, 0x0f,
	0x00, 0xff, 0x00, 0xf0, 0xf0, 0xf0, 0xff, 0x0f, 0x00, 0x00, 0x00, 0xff, 0x00, 0xf0, 0x0f, 0x00,
	0x00, 0x0f, 0x0f, 0xff, 0x00, 0x00, 0x00, 0xf0, 0xf0, 0x0f, 0xff, 0x00, 0x0f, 0x00, 0xf0, 0x0f,
	0xff, 0x0f, 0x0f, 0x00, 0x00, 0x0f, 0x00, 0xff, 0x00, 0xf0, 0x00, 0x00, 0x00, 0xf0, 0x00, 0x00,
	0xf0, 0xff, 0x00, 0x0f, 0x0f, 0x00, 0x00, 0xff, 0x00, 0xff, 0x0f, 0x00, 0xf0, 0x00, 0xf0, 0xf0,
	0x00, 0x0f, 0xff, 0xf0, 0xf0, 0x0f, 0x0f, 0xff, 0x0f, 0xff, 0xf0, 0x0f, 0x00, 0x00, 0x0f, 0x00,
	0xf0, 0x00, 0x00, 0xff, 0xff, 0xf0, 0xff, 0xf0, 0x0f, 0xff, 0xff, 0x00, 0x0f, 0x00, 0x00, 0x0f,
	0x00, 0x00, 0xf0, 0x00, 0x00, 0x0f, 0xff, 0xf0, 0xff, 0x00, 0x00, 0x00, 0xf0, 0x00, 0x00, 0xf0,
	0x00, 0x00, 0x0f, 0x00, 0x00, 0x00, 0xff, 0x00, 0xf0, 0x00, 0xff, 0xff, 0xff, 0x00, 0x00, 0x0f,
	0xf0, 0x00, 0xff, 0x0f, 0xff, 0xf0, 0xf0, 0xf0, 0x0f, 0xff, 0x00, 0xff, 0x00, 0x00, 0xff, 0xff,
	0x00, 0xf0, 0x00, 0xff, 0xf0, 0xff, 0xf0, 0xf0, 0xff, 0xff, 0x00, 0x0f, 0x00, 0x00, 0xff, 0xff,
	0x00, 0x00, 0x00, 0x00, 0x00, 0xf0, 0xf0, 0x00, 0x00, 0x00, 0x0f, 0xf0, 0xff, 0xff, 0x00, 0x00,
	0xff, 0x00, 0xf0, 0x0f, 0xf0, 0x0f, 0x00, 0xff, 0x00, 0x00, 0x00, 0xf0, 0xf0, 0xff, 0x00, 0x0f,
	0xff, 0xf0, 0xff, 0x00, 0xff, 0x0f, 0xff, 0x0f, 0x00, 0x00, 0xff, 0x0f, 0x0f, 0xff, 0x00, 0xf0,
	0xf0, 0x00, 0x0f, 0xf0, 0xff, 0x00, 0x0f, 0x00, 0xff, 0x00, 0xff, 0x00, 0x0f, 0x0f, 0x00, 0xf0,
	0x00, 0xf0, 0x00, 0x00, 0x00, 0xff, 0xf0, 0x00, 0x00, 0x0f, 0x0f, 0xf0, 0x00, 0xff, 0x00, 0x0f,
	0x0f, 0xf0, 0x0f, 0xff, 0x0f, 0xf0, 0x0f, 0xff, 0xff, 0x0f, 0x00, 0x00, 0x00, 0xff, 0x0f, 0x0f,
	0x00, 0x0f, 0x00, 0xf0, 0xff, 0x00, 0xf0, 0x0f, 0x00, 0xf0, 0x00, 0xf0, 0x0f, 0xff, 0xf0, 0xf0,
	0x00, 0x00, 0xff, 0x0f, 0x0f, 0x00, 0xff, 0x0f, 0x0f, 0xf0, 0xff, 0x0f, 0xf0, 0x00, 0x0f, 0x0f,
	0xff, 0x00, 0x00, 0x0f, 0xf0, 0xf0, 0xf0, 0x00, 0xf0, 0xf0, 0xf0, 0x00, 0x00, 0xf0, 0xf0, 0x00,
	0xf0, 0xf0, 0xff, 0xf0, 0x00, 0xf0, 0xff, 0xff, 0x00, 0xf0, 0x00, 0xf0, 0x00, 0x0f, 0x00, 0xf0,
	0x0f, 0xff, 0x00, 0xff, 0x0f, 0xf0, 0x0f, 0xff, 0x00, 0xf0, 0x00, 0x00, 0xff, 0x00, 0xf0, 0xff,
	0x00, 0xff, 0xf0, 0xf0, 0x0f, 0x0f, 0xf0, 0xf0, 0x0f, 0x00, 0xff, 0xf0, 0x00, 0xf0, 0xff, 0x00,
	0xf0, 0xf0, 0x0f, 0xff, 0x0f, 0x00, 0xf0, 0x00, 0x00, 0xf0, 0xff, 0xff, 0x0f, 0xff, 0xf0, 0xf0,
	0x00, 0x00, 0xf0, 0xff, 0x0f, 0xf0, 0x00, 0x0f, 0xf0, 0x00, 0xff, 0xff, 0xff, 0xff, 0xf0, 0xf0,
	0x00, 0x0f, 0xff, 0x0f, 0x00, 0xf0, 0x0f, 0x0f, 0x0f, 0x00, 0xf0, 0x00, 0xf0, 0xf0, 0x0f, 0xf0,
	0xf0, 0x0f, 0xff, 0xff, 0x0f, 0xf0, 0xf0, 0x00, 0xf0, 0x00, 0x00, 0xff, 0xff, 0xf0, 0x00, 0xff,
	0x0f, 0x0f, 0x0f, 0xff, 0x0f, 0xf0, 0xf0, 0xff, 0xf0, 0xff, 0xf0, 0xf0, 0x0f, 0x0f, 0x0f, 0x0f,
	0xf0, 0x00, 0xf0, 0x00, 0xff, 0x0f, 0x00, 0x00, 0x0f, 0xff, 0xf0, 0xf0, 0x00, 0x00, 0xff, 0xff,
	0x0f, 0xff, 0xf0, 0xff, 0x00, 0xf0, 0x00, 0x00, 0x0f, 0xf0, 0x0f, 0xf0, 0xff, 0xf0, 0x0f, 0xff,
	0xf0, 0x00, 0x00, 0xff, 0x00, 0x00, 0x00, 0xff, 0x0f, 0x00, 0x00, 0x00, 0xf0, 0xff, 0xff, 0xff,
	0xff, 0xf0, 0x0f, 0xff, 0x00, 0xff, 0x00, 0x00, 0x00, 0x0f, 0x0f, 0x0f, 0x00, 0xff, 0x0f, 0xf0,
	0xff, 0xf0, 0x00, 0xf0, 0x00, 0xf0, 0x0f, 0xff, 0xff, 0x0f, 0xff, 0x00, 0x0f, 0xf0, 0xff, 0x0f,
	0x0f, 0xff, 0xf0, 0x0f, 0x00, 0xff, 0xff, 0xf0, 0xff, 0xf0, 0xff, 0x00, 0xff, 0x00, 0x0f, 0x00,
	0x0f, 0xf0, 0xf0, 0x00, 0x00, 0x00, 0xff, 0xff, 0x00, 0xff, 0xff, 0x00, 0x0f, 0xff, 0xff, 0x0f,
	0x0f, 0xff, 0xff, 0x0f, 0x00, 0xf0, 0xf0, 0xff, 0xff, 0x00, 0xff, 0x0f, 0xf0, 0xff, 0xf0, 0x0f,
	0x0f, 0xf0, 0xf0, 0xff, 0xff, 0xff, 0xf0, 0x0f, 0x00, 0xf0, 0xff, 0x00, 0x0f, 0xf0, 0xf0, 0xff,
	0x0f, 0xff, 0xff, 0xff, 0xff, 0x00, 0x00, 0x0f, 0x0f, 0xff, 0xf0, 0xff, 0x00, 0x0f, 0xf0, 0xf0,
	0xff, 0x00, 0xf0, 0x0f, 0x0f, 0x00, 0xff, 0x0f, 0x00, 0x0f, 0xf0, 0x00, 0xff, 0xff, 0x0f, 0xf0,
	0x0f, 0x00, 0xf0, 0xf0, 0x00, 0xf0, 0xf0, 0x0f, 0xff, 0xff, 0xf0, 0xff, 0xff, 0x00, 0xf0, 0xf0,
	0xff, 0xff, 0x00, 0xf0, 0xf0, 0xff, 0x0f, 0xf0, 0x00, 0x0f, 0x0f, 0x00, 0x00, 0xf0, 0x00, 0xf0,
	0x00, 0x0f, 0xf0, 0x0f, 0x0f, 0xf0, 0xf0, 0xff, 0x0f, 0x00, 0xf0, 0xff, 0xff, 0xff, 0x0f, 0x0f,
	0xf0, 0x0f, 0xf0, 0xff, 0x00, 0xff, 0xf0, 0xf0, 0x00, 0x00, 0x0f, 0x0f, 0xff, 0x0f, 0xf0, 0x0f,
	0xff, 0x0f, 0xff, 0xf0, 0x00, 0x0f, 0xff, 0x00, 0xf0, 0xff, 0x00, 0x0f, 0xff, 0x0f, 0x00, 0x0f,
	0x0f, 0xf0, 0x00, 0x0f, 0x00, 0xff, 0x00, 0x0f, 0xf0, 0x00, 0xf0, 0xff, 0x00, 0x0f, 0x00, 0x0f,
	0x00, 0x0f, 0xf0, 0x0f, 0xf0, 0xf0, 0xf0, 0xf0, 0xf0, 0xf0, 0xf0, 0xff, 0xff, 0x00, 0x0f, 0xff,
	0xff, 0xff, 0x0f, 0x0f, 0xff, 0x0f, 0xf0, 0xf0, 0x0f, 0xf0, 0xff, 0x0f, 0xf0, 0xff, 0x00, 0x0f,
	0xf0, 0x0f, 0xff, 0x0f, 0x0f, 0xff, 0xf0, 0xff, 0xff, 0xf0, 0x0f, 0x00, 0x0f, 0x0f, 0xff, 0xf0,
	0xff, 0x0f, 0xf0, 0xf0, 0x0f, 0x00, 0xf0, 0xf0, 0xf0, 0xff, 0xf0, 0xff, 0x0f, 0xf0, 0x00, 0x0f,
	0x00, 0x00, 0xff, 0xf0, 0x00, 0xff, 0x00, 0xf0, 0x0f, 0x00, 0xff, 0x0f, 0x0f, 0xff, 0x0f, 0xff,
	0xff, 0xff, 0xf0, 0xff, 0x00, 0xf0, 0x00, 0xff, 0x0f, 0xf0, 0xff, 0x0f, 0xf0, 0xff, 0x0f, 0x0f,
	0xf0, 0xff, 0x00, 0xff, 0x0f, 0x0f, 0x00, 0xff, 0xff, 0x0f, 0x0f, 0xf0, 0x0f, 0xff, 0xf0, 0xff,
	0xff, 0xff, 0x0f, 0x0f, 0x0f, 0x00, 0x0f, 0xff, 0x0f, 0x0f, 0xff, 0xff, 0xff, 0xf0, 0xff, 0x00,
	0x0f, 0xff, 0xff, 0xff, 0xff, 0xff, 0xff, 0xff, 0xf0, 0xf0, 0xf0, 0x0f, 0xf0, 0xff, 0xf0, 0xff,
	0xf0, 0x00, 0xf0, 0xf0, 0x0f, 0xff, 0xf0, 0x0f, 0xff, 0xff, 0x0f, 0x0f, 0xf0, 0x0f, 0xff, 0xf0,
	0xf0, 0xf0, 0xf0, 0x0f, 0xf0, 0x00, 0x0f, 0xff, 0xf0, 0xff, 0x0f, 0xff, 0xff, 0xff, 0xf0, 0x0f,
	0x0f, 0x0f, 0xff, 0xff, 0x0f, 0xf0, 0xf0, 0xf0, 0xf0, 0xff, 0xf0, 0x0f, 0xf0, 0x0f, 0x0f, 0xf0,
	0x0f, 0xf0, 0xf0, 0x0f, 0xf0, 0x0f, 0x0f, 0xf0, 0xf0, 0xf0, 0xff, 0x00, 0xff, 0xf0, 0x0f, 0x0f,
	0xff, 0xf0, 0xf0, 0x00, 0xf0, 0x0f, 0x0f, 0xf0, 0xf0, 0xf0, 0xff, 0xf0, 0xff, 0xff, 0x0f, 0xf0,
	0x00, 0xf0, 0xff, 0x0f, 0x0f, 0xff, 0xf0, 0xf0, 0x00, 0x0f, 0xf0, 0xff, 0xff, 0xf0, 0xff, 0xff,
	0xff, 0xff, 0x0f, 0xff, 0xff, 0xff, 0xf0, 0x0f, 0x0f, 0xff, 0xff, 0xf0, 0xff, 0x0f, 0xff, 0xff,
	0xf0, 0x00, 0x00, 0x0f, 0xf0, 0xff, 0xff, 0xff, 0xff, 0x0f, 0xff, 0x0f, 0xf0, 0xf0, 0x0f, 0xff,
	0x0f, 0x0f, 0xff, 0xff, 0xff, 0xf0, 0xff, 0x00, 0x0f, 0xff, 0x00, 0xff, 0xf0, 0x0f, 0xf0, 0x0f,
	0xff, 0xff, 0x0f, 0x0f, 0xf0, 0xff, 0xf0, 0x0f, 0xf0, 0xff, 0xf0, 0xff, 0xf0, 0xf0, 0xff, 0x0f,
	0x0f, 0xff, 0xf0, 0xf0, 0xff, 0x0f, 0xff, 0x00, 0xf0, 0xf0, 0xff, 0x0f, 0xf0, 0x0f, 0xff, 0xf0,
	0xff, 0x0f, 0xff, 0x0f, 0x0f, 0xf0, 0xf0, 0x0f, 0xff, 0x00, 0xff, 0x0f, 0x0f, 0x0f, 0xff, 0xff,
	0xff, 0xff, 0xf0, 0x0f, 0xf0, 0x0f, 0xff, 0xf0, 0xff, 0x0f, 0xf0, 0x00, 0xff, 0xf0, 0xff, 0xf0,
	0x00, 0xff, 0xf0, 0xf0, 0xf0, 0xff, 0xff, 0x0f, 0xf0, 0xff, 0x0f, 0xff, 0xf0, 0xf0, 0x0f, 0xf0,
	0xff, 0xff, 0xf0, 0xf0, 0xf0, 0xf0, 0xf0, 0x0f, 0xff, 0x00, 0xff, 0xff, 0x0f, 0xff, 0x00, 0xff,
	0xff, 0xf0, 0xff, 0x00, 0x0f, 0xff, 0x0f, 0x0f, 0xf0, 0xff, 0xff, 0xf0, 0x00, 0x0f, 0xff, 0xf0,
	0xff, 0x0f, 0xff, 0xf0, 0xf0, 0xff, 0x0f, 0x0f, 0x00, 0xff, 0x0f, 0x0f, 0xf0, 0xf0, 0xf0, 0xff,
	0x0f, 0x0f, 0xff, 0xf0, 0x0f, 0xf0, 0xff, 0xf0, 0x0f, 0xf0, 0xf0, 0xf0, 0xff, 0x00, 0x0f, 0xff,
	0xf0, 0x0f, 0xff, 0xf0, 0x0f, 0xf0, 0xf0, 0xff, 0x0f, 0xff, 0xf0, 0xff, 0xff, 0x0f, 0xff, 0x0f,
	0xff, 0xff, 0xff, 0xff, 0xff, 0xff, 0xff, 0xff, 0xff, 0xff, 0xff, 0xff, 0xff, 0xff, 0xff, 0xff,
	0xff, 0xff, 0xff, 0xff, 0xff, 0xff, 0xff, 0xff, 0xff, 0xff, 0xff, 0xff, 0xff, 0xff, 0xff, 0xff,
	0xff, 0xff, 0xff, 0xff, 0xff, 0xff, 0xff, 0xff, 0xff, 0xff, 0xff, 0xff, 0xff, 0xff, 0xff, 0xff,
	0xff, 0xff, 0xff, 0xff, 0xff, 0xff, 0xff, 0xff, 0xff, 0xff, 0xff, 0xff, 0xff, 0xff, 0xff, 0xff,
	0xff, 0xff, 0xff, 0xff, 0xff, 0xff, 0xff, 0xff, 0xff, 0xff, 0xff, 0xff, 0xff, 0xff, 0xff, 0xff,
	0xff, 0xff, 0xff, 0xff, 0xff, 0xff, 0xff, 0xff, 0xff, 0xff, 0xff, 0xff, 0xff, 0xff, 0xff, 0xff,
	0xff, 0xff, 0xff, 0xff, 0xff, 0xff, 0xff, 0xff, 0xff, 0xff, 0xff, 0xff, 0xff, 0xff, 0xff, 0xff,
	0xff, 0xff, 0xff, 0xff, 0xff, 0xff, 0xff, 0xff, 0xff, 0xff, 0xff, 0xff, 0xff, 0xff, 0xff, 0xff,
	0xff, 0xff, 0xff, 0xff, 0xff, 0xff, 0xff, 0xff, 0xff, 0xff, 0xff, 0xff, 0xff, 0xff, 0xff, 0xff,
	0xff, 0xff, 0xff, 0xff, 0xff, 0xff, 0xff, 0xff, 0xff, 0xff, 0xff, 0xff, 0xff, 0xff, 0xff, 0xff,
	0xff, 0xff, 0xff, 0xff, 0xff, 0xff, 0xff, 0xff, 0xff, 0xff, 0xff, 0xff, 0xff, 0xff, 0xff, 0xff,
	0xff, 0xff, 0xff, 0xff, 0xff, 0xff, 0xff, 0xff, 0xff, 0xff, 0xff, 0xff, 0xff, 0xff, 0xff, 0xff,
	0xff, 0xff, 0xff, 0xff, 0xff, 0xff, 0xff, 0xff, 0xff, 0xff, 0xff, 0xff, 0xff, 0xff, 0xff, 0xff,
	0xff, 0xff, 0xff, 0xff, 0xff, 0xff, 0xff, 0xff, 0xff, 0xff, 0xff, 0xff, 0xff, 0xff, 0xff, 0xff,
	0xff, 0xff, 0xff, 0xff, 0xff, 0xff, 0xff, 0xff, 0xff, 0xff, 0xff, 0xff, 0xff, 0xff, 0xff, 0xff,
	0xff, 0xff, 0xff, 0xff, 0xff, 0xff, 0xff, 0xff, 0xff, 0xff, 0xff, 0xff, 0xff, 0xff, 0xff, 0xff,
	0xff, 0xff, 0xff, 0xff, 0xff, 0xff, 0xff, 0xff, 0xff, 0xff, 0xff, 0xff, 0xff, 0xff, 0xff, 0xff,
	0xff, 0xff, 0xff, 0xff, 0xff, 0xff, 0xff, 0xff, 0xff, 0xff, 0xff, 0xff, 0xff, 0xff, 0xff, 0xff,
	0xff, 0xff, 0xff, 0xff, 0xff, 0xff, 0xff, 0xff, 0xff, 0xff, 0xff, 0xff, 0xff, 0xff, 0xff, 0xff,
	0xff, 0xff, 0xff, 0xff, 0xff, 0xff, 0xff, 0xff, 0xff, 0xff, 0xff, 0xff, 0xff, 0xff, 0xff, 0xff,
	0x00, 0x00, 0x00, 0x00, 0x00, 0x00, 0x00, 0x00, 0x00, 0x00, 0x00, 0x00, 0x00, 0x00, 0x00, 0x00,
	0x00, 0x00, 0x00, 0x00, 0x00, 0x00, 0x00, 0x00, 0x00, 0x00, 0x00, 0x00, 0x00, 0x00, 0x00, 0x00,
	0x00, 0x00, 0x00, 0x00, 0x00, 0x00, 0x00, 0x00, 0x00, 0x00, 0x00, 0x00, 0x00, 0x00, 0x00, 0x00,
	0x00, 0x00, 0x00, 0x00, 0x00, 0x00, 0x00, 0x00, 0x00, 0x00, 0x00, 0x00, 0x00, 0x00, 0x00, 0x00,
	0x00, 0x00, 0x00, 0x00, 0x00, 0x00, 0x00, 0x00, 0x00, 0x00, 0x00, 0x00, 0x00, 0x00, 0x00, 0x00,
	0x00, 0x00, 0x00, 0x00, 0x00, 0x00, 0x00, 0x00, 0x00, 0x00, 0x00, 0x00, 0x00, 0x00, 0x00, 0x00,
	0x00, 0x00, 0x00, 0x00, 0x00, 0x00, 0x00, 0x00, 0x00, 0x00, 0x00, 0x00, 0x00, 0x00, 0x00, 0x00,
	0x00, 0x00, 0x00, 0x00, 0x00, 0x00, 0x00, 0x00, 0x00, 0x00, 0x00, 0x00, 0x00, 0x00, 0x00, 0x00,
	0x00, 0x00, 0x00, 0x00, 0x00, 0x00, 0x00, 0x00, 0x00, 0x00, 0x00, 0x00, 0x00, 0x00, 0x00, 0x00,
	0x00, 0x00, 0x00, 0x00, 0x00, 0x00, 0x00, 0x00, 0x00, 0x00, 0x00, 0x00, 0x00, 0x00, 0x00, 0x00,
	0x00, 0x00, 0x00, 0x00, 0x00, 0x00, 0x00, 0x00, 0x00, 0x00, 0x00, 0x00, 0x00, 0x00, 0x00, 0x00,
	0x00, 0x00, 0x00, 0x00, 0x00, 0x00, 0x00, 0x00, 0x00, 0x00, 0x00, 0x00, 0x00, 0x00, 0x00, 0x00,
	0x00, 0x00, 0x00, 0x00, 0x00, 0x00, 0x00, 0x00, 0x00, 0x00, 0x00, 0x00, 0x00, 0x00, 0x00, 0x00,
	0x00, 0x00, 0x00, 0x00, 0x00, 0x00, 0x00, 0x00, 0x00, 0x00, 0x00, 0x00, 0x00, 0x00, 0x00, 0x00,
	0x00, 0x00, 0x00, 0x00, 0x00, 0x00, 0x00, 0x00, 0x00, 0x00, 0x00, 0x00, 0x00, 0x00, 0x00, 0x00,
	0x00, 0x00, 0x00, 0x00, 0x00, 0x00, 0x00, 0x00, 0x00, 0x00, 0x00, 0x00, 0x00, 0x00, 0x00, 0x00,
	0x00, 0x00, 0x00, 0x00, 0x00, 0x00, 0x00, 0x00, 0x00, 0x00, 0x00, 0x00, 0x00, 0x00, 0x00, 0x00,
	0x00, 0x00, 0x00, 0x00, 0x00, 0x00, 0x00, 0x00, 0x00, 0x00, 0x00, 0x00, 0x00, 0x00, 0x00, 0x00,
	0x00, 0x00, 0x00, 0x00, 0x00, 0x00, 0x00, 0x00, 0x00, 0x00, 0x00, 0x00, 0x00, 0x00, 0x00, 0x00,
	0x00, 0x00, 0x00, 0x00, 0x00, 0x00, 0x00, 0x00, 0x00, 0x00, 0x00, 0x00, 0x00, 0x00, 0x00, 0x00,
	0x00, 0x00, 0x00, 0x0f, 0x00, 0x00, 0xff, 0xf0, 0x0f, 0xf0, 0x00, 0x00, 0x00, 0xff, 0x00, 0x00,
	0x0f, 0x00, 0xf0, 0x00, 0xf0, 0x00, 0x00, 0x00, 0x0f, 0x00, 0x00, 0x00, 0x00, 0x00, 0x00, 0x00,
	0x00, 0x00, 0x00, 0x00, 0x00, 0x00, 0x00, 0x0f, 0x00, 0x00, 0x00, 0x00, 0x0f, 0x00, 0x00, 0x00,
	0x00, 0x00, 0x00, 0xff, 0x00, 0xf0, 0x0f, 0x00, 0x00, 0x00, 0xf0, 0xf0, 0xf0, 0x00, 0x00, 0x00,
	0x00, 0x00, 0x00, 0x00, 0x00, 0x00, 0x00, 0x00, 0x00, 0x00, 0x00, 0x00, 0x00, 0x00, 0x00, 0x00,
	0x00, 0x00, 0x00, 0x00, 0x00, 0x00, 0x00, 0x00, 0x00, 0x00, 0x00, 0x00, 0x00, 0x0f, 0x00, 0x00,
	0x00, 0x00, 0x0f, 0xff, 0x00, 0x00, 0x0f, 0x00, 0x00, 0x00, 0x00, 0x00, 0x0f, 0x00, 0xf0, 0x0f,
	0x00, 0x00, 0x00, 0x00, 0x00, 0xff, 0xf0, 0xff, 0x00, 0x00, 0x00, 0x00, 0xf0, 0x00, 0xff, 0x00,
	0x00, 0x00, 0x00, 0xff, 0xff, 0x00, 0x00, 0x00, 0x00, 0x00, 0x00, 0x00, 0x00, 0x0f, 0x00, 0x00,
	0x00, 0x00, 0x00, 0x00, 0x00, 0x00, 0x00, 0x00, 0x00, 0x00, 0xff, 0x00, 0x00, 0x00, 0x00, 0xff,
	0x00, 0x00, 0x00, 0x00, 0xff, 0x00, 0x00, 0xff, 0x00, 0x00, 0x00, 0x00, 0x00, 0x00, 0x00, 0x00,
	0xff, 0x00, 0x00, 0x00, 0xf0, 0x00, 0x00, 0x00, 0xf0, 0x00, 0x00, 0x00, 0x00, 0x00, 0xff, 0x00,
	0x00, 0x00, 0x00, 0x00, 0x00, 0x00, 0x00, 0x00, 0x00, 0x00, 0x00, 0x0f, 0x00, 0x00, 0x00, 0x00,
	0x00, 0x00, 0xff, 0x00, 0x00, 0x00, 0xf0, 0x00, 0x00, 0x00, 0x00, 0x00, 0x00, 0x00, 0x00, 0x00,
	0x00, 0x00, 0x00, 0x00, 0x00, 0xf0, 0xff, 0x00, 0x00, 0xff, 0xf0, 0x00, 0x00, 0x00, 0x00, 0x00,
	0xf0, 0x00, 0x00, 0x00, 0x00, 0x00, 0x00, 0x00, 0x00, 0x00, 0x00, 0x00, 0xf0, 0x00, 0x00, 0x00,
	0x00, 0xf0, 0x00, 0x00, 0x00, 0x00, 0x00, 0xf0, 0xff, 0x00, 0xf0, 0x00, 0x00, 0xff, 0x00, 0x00,
	0x00, 0x00, 0x00, 0xf0, 0x0f, 0x0f, 0x00, 0x00, 0x00, 0x00, 0x00, 0x00, 0x00, 0x00, 0x00, 0xff,
	0x00, 0x00, 0x00, 0x00, 0x00, 0x0f, 0x00, 0x00, 0x00, 0x00, 0x00, 0x00, 0x00, 0x00, 0x00, 0x00,
	0x00, 0x00, 0x00, 0x00, 0x00, 0x00, 0xf0, 0x0f, 0x00, 0x00, 0x00, 0xf0, 0xf0, 0x00, 0x00, 0x00,
	0x00, 0x0f, 0x0f, 0x00, 0x00, 0x00, 0xff, 0x00, 0x00, 0x00, 0x00, 0xf0, 0x00, 0xf0, 0x00, 0x00,
	0x00, 0x0f, 0xff, 0x00, 0xff, 0xf0, 0x00, 0xf0, 0x00, 0x00, 0xff, 0x00, 0x00, 0xf0, 0x00, 0x00,
	0xff, 0x0f, 0x00, 0x00, 0x00, 0x0f, 0xf0, 0x0f, 0x00, 0xf0, 0x0f, 0xff, 0x00, 0xff, 0x00, 0x00,
	0x0f, 0x00, 0x00, 0xff, 0x00, 0x00, 0xff, 0x00, 0x00, 0x00, 0x00, 0xff, 0x0f, 0x0f, 0x00, 0x00,
	0x00, 0x0f, 0x00, 0x00, 0x0f, 0x0f, 0x00, 0xff, 0xff, 0x0f, 0xf0, 0x00, 0x00, 0x00, 0x00, 0x00,
	0x00, 0x0f, 0x0f, 0x00, 0x0f, 0x00, 0x00, 0x00, 0x0f, 0x00, 0xff, 0x00, 0x00, 0x0f, 0xf0, 0x00,
	0x00, 0xf0, 0x0f, 0xff, 0x00, 0x00, 0x00, 0x00, 0x00, 0x00, 0x00, 0x0f, 0x00, 0x00, 0xf0, 0x00,
	0x00, 0x00, 0x00, 0x00, 0x00, 0x00, 0x0f, 0x00, 0x00, 0xf0, 0x00, 0x00, 0x00, 0x00, 0x00, 0x00,
	0x00, 0x00, 0x0f, 0x00, 0x0f, 0x00, 0x00, 0x00, 0x00, 0x00, 0xff, 0xf0, 0x00, 0x00, 0xff, 0x0f,
	0x00, 0x00, 0xf0, 0x00, 0xf0, 0x00, 0x0f, 0x00, 0x00, 0xff, 0x00, 0x00, 0x00, 0x00, 0xf0, 0x00,
	0xff, 0x00, 0x00, 0x00, 0xff, 0x00, 0x00, 0x0f, 0xff, 0x00, 0x00, 0xff, 0xf0, 0x00, 0x00, 0xf0,
	0x0f, 0x00, 0x00, 0x00, 0x00, 0xf0, 0x00, 0xff, 0xff, 0x00, 0x00, 0x0f, 0x00, 0xf0, 0x00, 0x0f,
	0xff, 0x00, 0xf0, 0x00, 0x00, 0x00, 0x00, 0x00, 0xff, 0x00, 0xff, 0x00, 0x0f, 0x0f, 0xf0, 0x00,
	0xff, 0x00, 0xff, 0x00, 0xff, 0x00, 0xf0, 0x00, 0xf0, 0xf0, 0xff, 0x00, 0x00, 0xf0, 0x00, 0xf0,
	0x00, 0x00, 0x00, 0x00, 0x00, 0x00, 0x00, 0x00, 0xf0, 0x0f, 0x00, 0x00, 0x0f, 0x00, 0x00, 0x00,
	0xff, 0x00, 0x00, 0x00, 0x00, 0x00, 0x00, 0x00, 0xf0, 0x0f, 0x00, 0xf0, 0x0f, 0x00, 0x00, 0x00,
	0xff, 0xf0, 0x00, 0x00, 0x00, 0xf0, 0x0f, 0x00, 0x00, 0x00, 0x00, 0x00, 0x00, 0x00, 0xff, 0xff,
	0x00, 0x00, 0xff, 0xff, 0x00, 0x00, 0xff, 0x00, 0x00, 0x00, 0xff, 0x0f, 0x00, 0xff, 0xf0, 0xff,
	0x00, 0x00, 0x00, 0x00, 0x00, 0xff, 0x00, 0x00, 0x00, 0x00, 0x00, 0x00, 0x0f, 0x00, 0x00, 0xf0,
	0x00, 0x00, 0x00, 0xff, 0x00, 0x00, 0x00, 0x00, 0x0f, 0x0f, 0x00, 0x0f, 0xf0, 0x00, 0x00, 0xf0,
	0x00, 0x00, 0x0f, 0xf0, 0x00, 0x00, 0x00, 0x00, 0x00, 0x00, 0x0f, 0x00, 0xff, 0xf0, 0x00, 0xff,
	0xf0, 0xff, 0x00, 0xff, 0x00, 0x00, 0xf0, 0x00, 0xf0, 0x00, 0x00, 0xf0, 0x00, 0xff, 0x00, 0xf0,
	0xf0, 0x00, 0xff, 0xf0, 0xff, 0x00, 0xff, 0x00, 0xff, 0xf0, 0x00, 0xf0, 0x00, 0xff, 0x00, 0xf0,
	0xf0, 0x0f, 0x00, 0x00, 0x00, 0x00, 0xff, 0xf0, 0x00, 0x0f, 0x00, 0x00, 0xff, 0x00, 0x0f, 0x00,
	0x00, 0x0f, 0x00, 0xf0, 0x0f, 0x0f, 0x00, 0x00, 0x00, 0x00, 0x00, 0x00, 0x00, 0x00, 0x00, 0x0f,
	0x0f, 0x00, 0x00, 0x00, 0x00, 0xf0, 0x00, 0x00, 0x00, 0xff, 0xff, 0x00, 0x00, 0x00, 0x00, 0x00,
	0x00, 0xff, 0x00, 0x0f, 0x00, 0x0f, 0x00, 0xf0, 0xf0, 0x00, 0xff, 0x00, 0x00, 0x0f, 0xf0, 0x00,
	0x00, 0x0f, 0xff, 0xf0, 0x0f, 0x00, 0x00, 0x0f, 0x0f, 0x00, 0x00, 0x00, 0x00, 0x00, 0x0f, 0xf0,
	0xff, 0x00, 0x00, 0x0f, 0x00, 0x00, 0x00, 0x00, 0x0f, 0xff, 0xf0, 0xff, 0x00, 0xf0, 0xff, 0xff,
	0x00, 0x0f, 0x00, 0xf0, 0xf0, 0x00, 0xf0, 0x00, 0x00, 0x0f, 0x00, 0x00, 0xff, 0xf0, 0x00, 0x00,
	0xf0, 0x00, 0x00, 0xff, 0x00, 0x00, 0xff, 0x00, 0x0f, 0x00, 0x00, 0xf0, 0xf0, 0x00, 0xf0, 0xf0,
	0xf0, 0x00, 0x00, 0xf0, 0x00, 0xff, 0x00, 0x00, 0x00, 0x00, 0x00, 0x0f, 0xff, 0x00, 0x00, 0x00,
	0x00, 0x00, 0x00, 0xf0, 0x00, 0x0f, 0x00, 0x00, 0x00, 0x00, 0x00, 0xf0, 0x00, 0x0f, 0x0f, 0x00,
	0x00, 0xff, 0x00, 0x00, 0x00, 0xf0, 0x00, 0x00, 0xff, 0x00, 0xff, 0xff, 0xff, 0xff, 0x00, 0xff,
	0xff, 0x00, 0x00, 0xff, 0x00, 0xf0, 0x00, 0xff, 0xff, 0x00, 0x00, 0x0f, 0x00, 0x00, 0x0f, 0x0f,
	0x00, 0xff, 0x00, 0xff, 0xff, 0xf0, 0x0f, 0x00, 0x0f, 0x0f, 0xff, 0xf0, 0xff, 0xf0, 0xff, 0x00,
	0x00, 0x00, 0x00, 0x00, 0x00, 0x0f, 0x00, 0x00, 0xf0, 0x00, 0x00, 0x00, 0x0f, 0x0f, 0xf0, 0xf0,
	0x00, 0x00, 0x0f, 0x0f, 0x00, 0x00, 0x00, 0x0f, 0xff, 0x00, 0xff, 0xff, 0x00, 0x00, 0xf0, 0x00,
	0xff, 0x00, 0x00, 0xf0, 0xf0, 0x0f, 0xf0, 0xff, 0x00, 0x00, 0x0f, 0xff, 0x00, 0x00, 0x00, 0x0f,
	0xf0, 0xff, 0x0f, 0xff, 0x00, 0xf0, 0xff, 0xf0, 0xf0, 0x00, 0x00, 0x00, 0xff, 0x00, 0xf0, 0x00,
	0xf0, 0xff, 0xf0, 0x0f, 0x00, 0x0f, 0x0f, 0x0f, 0xff, 0x00, 0xf0, 0xff, 0x00, 0xf0, 0x0f, 0x0f,
	0xf0, 0x00, 0x0f, 0x0f, 0x0f, 0x0f, 0x00, 0x0f, 0xf0, 0xf0, 0x0f, 0x0f, 0x00, 0x00, 0x0f, 0x0f,
	0xf0, 0x0f, 0x0f, 0x00, 0x00, 0xf0, 0xff, 0x00, 0x00, 0x00, 0xff, 0xf0, 0x00, 0x00, 0xf0, 0x0f,
	0x00, 0xf0, 0xf0, 0x00, 0xf0, 0xff, 0xff, 0x0f, 0x0f, 0xff, 0x00, 0xf0, 0x00, 0xff, 0xf0, 0xf0,
	0x00, 0x0f, 0xff, 0x00, 0xf0, 0xff, 0xff, 0x00, 0xff, 0x0f, 0xf0, 0xf0, 0x00, 0xf0, 0x0f, 0x00,
	0x0f, 0x00, 0x00, 0x00, 0xff, 0x00, 0x00, 0xff, 0x0f, 0xff, 0xf0, 0xff, 0x00, 0x0f, 0xf0, 0x0f,
	0x00, 0xf0, 0xf0, 0xf0, 0x0f, 0x0f, 0x00, 0x00, 0x0f, 0xf0, 0xff, 0xff, 0x00, 0x0f, 0x00, 0xf0,
	0xff, 0x0f, 0xf0, 0xf0, 0x00, 0x00, 0x0f, 0xff, 0x0f, 0xf0, 0x00, 0x0f, 0x00, 0xf0, 0x00, 0x00,
	0x00, 0x00, 0xff, 0xf0, 0x00, 0xff, 0xf0, 0xff, 0xf0, 0xf0, 0x00, 0xf0, 0x00, 0x0f, 0x0f, 0xf0,
	0xf0, 0xff, 0x0f, 0x0f, 0x00, 0x00, 0xff, 0x0f, 0x00, 0x00, 0x00, 0x0f, 0x00, 0x00, 0xf0, 0xf0,
	0xff, 0x0f, 0x0f, 0xf0, 0xff, 0x00, 0x00, 0xf0, 0x00, 0x00, 0xf0, 0x00, 0x00, 0x00, 0x0f, 0x00,
	0x0f, 0x0f, 0x00, 0x0f, 0x0f, 0xf0, 0x0f, 0x0f, 0x00, 0x00, 0xf0, 0xff, 0xf0, 0xf0, 0x00, 0x00,
	0x00, 0xff, 0x00, 0x0f, 0xf0, 0x00, 0xff, 0x0f, 0x0f, 0x00, 0xf0, 0xff, 0xff, 0xf0, 0x0f, 0x0f,
	0xff, 0xf0, 0xf0, 0x0f, 0x0f, 0x00, 0x0f, 0x00, 0x0f, 0x00, 0xff, 0xf0, 0x0f, 0xff, 0x0f, 0x0f,
	0xff, 0xff, 0xf0, 0x00, 0x00, 0x00, 0x0f, 0x0f, 0x00, 0xff, 0xff, 0x00, 0xf0, 0x00, 0xf0, 0x00,
	0xff, 0xff, 0xf0, 0x00, 0xf0, 0xf0, 0xff, 0xff, 0x0f, 0x00, 0x00, 0x00, 0x0f, 0x0f, 0x00, 0xff,
	0x0f, 0xff, 0x0f, 0x00, 0xff, 0x0f, 0xff, 0xf0, 0xf0, 0x0f, 0xf0, 0xf0, 0x00, 0x00, 0x00, 0x0f,
	0x0f, 0xff, 0x00, 0x0f, 0x00, 0x0f, 0xf0, 0x0f, 0xff, 0x0f, 0x0f, 0xf0, 0xff, 0xff, 0x0f, 0x00,
	0xff, 0xf0, 0x00, 0x0f, 0xff, 0x00, 0xf0, 0x00, 0xf0, 0xf0, 0xf0, 0x00, 0xff, 0xf0, 0x00, 0xf0,
	0xf0, 0x00, 0x00, 0x0f, 0xff, 0x0f, 0xf0, 0xff, 0x00, 0xff, 0xff, 0x0f, 0xf0, 0x0f, 0x0f, 0x00,
	0x00, 0xf0, 0xff, 0x0f, 0x0f, 0xff, 0x0f, 0x00, 0x0f, 0x0f, 0xff, 0xf0, 0x0f, 0xf0, 0x00, 0xf0,
	0xff, 0x0f, 0xf0, 0x0f, 0x0f, 0xff, 0xf0, 0x00, 0x0f, 0x0f, 0xf0, 0x0f, 0x0f, 0xf0, 0xff, 0x0f,
	0xff, 0xf0, 0xf0, 0xf0, 0xff, 0x0f, 0xff, 0xf0, 0xff, 0xf0, 0x0f, 0xf0, 0xf0, 0x0f, 0xf0, 0x0f,
	0x00, 0x0f, 0x00, 0x0f, 0x00, 0x0f, 0x00, 0x0f, 0xf0, 0xf0, 0xff, 0x00, 0xf0, 0x00, 0x0f, 0x0f,
	0x0f, 0xf0, 0x0f, 0x0f, 0xf0, 0x0f, 0xff, 0xff, 0xf0, 0x0f, 0xf0, 0xf0, 0xff, 0xff, 0xff, 0xff,
	0xf0, 0xf0, 0xf0, 0x0f, 0xf0, 0xf0, 0x0f, 0xf0, 0xf0, 0x0f, 0xff, 0xf0, 0xff, 0xf0, 0x0f, 0x00,
	0xf0, 0xff, 0xff, 0x0f, 0xff, 0xff, 0x00, 0xf0, 0x0f, 0x0f, 0x0f, 0xf0, 0xff, 0xff, 0xff, 0x0f,
	0x0f, 0xf0, 0x00, 0x00, 0x0f, 0xff, 0x0f, 0x0f, 0x00, 0xf0, 0xf0, 0xf0, 0xff, 0x00, 0x0f, 0x0f,
	0xff, 0x0f, 0xf0, 0xf0, 0xff, 0x00, 0xf0, 0x0f, 0x0f, 0xff, 0x0f, 0xff, 0x00, 0xf0, 0xf0, 0xf0,
	0xff, 0x0f, 0xf0, 0xff, 0x00, 0x00, 0xf0, 0xff, 0x00, 0xff, 0xff, 0xf0, 0xf0, 0xf0, 0xff, 0x0f,
	0x0f, 0x0f, 0xff, 0xff, 0x0f, 0xff, 0xff, 0xf0, 0x0f, 0x0f, 0xf0, 0x0f, 0x00, 0xf0, 0x00, 0xf0,
	0xff, 0xff, 0x0f, 0xff, 0x0f, 0xff, 0x0f, 0xf0, 0x0f, 0xf0, 0xff, 0x0f, 0xf0, 0xff, 0xf0, 0x00,
	0xff, 0x00, 0x0f, 0xff, 0x0f, 0x0f, 0x00, 0xff, 0x0f, 0xff, 0xff, 0xff, 0x00, 0x0f, 0xff, 0xf0,
	0xf0, 0xf0, 0xff, 0xf0, 0xf0, 0xff, 0xff, 0x0f, 0xf0, 0xff, 0x00, 0x0f, 0x00, 0xff, 0xff, 0xff,
	0xff, 0xf0, 0x0f, 0xf0, 0xff, 0x0f, 0x0f, 0x0f, 0xf0, 0xff, 0x00, 0x0f, 0x00, 0x0f, 0x00, 0x00,
	0x0f, 0x0f, 0x0f, 0xf0, 0x0f, 0xf0, 0xff, 0xf0, 0xf0, 0x00, 0xf0, 0xff, 0xff, 0xff, 0xff, 0xff,
	0xf0, 0xf0, 0xff, 0x0f, 0xf0, 0xf0, 0x0f, 0x0f, 0xf0, 0xf0, 0xff, 0xff, 0xf0, 0x0f, 0xf0, 0xff,
	0x0f, 0xff, 0xff, 0x00, 0x0f, 0xff, 0x0f, 0xff, 0xf0, 0xf0, 0xff, 0xff, 0xf0, 0xf0, 0x0f, 0xff,
	0xff, 0xf0, 0xf0, 0x0f, 0xff, 0xf0, 0xf0, 0x00, 0xf0, 0xf0, 0xff, 0x00, 0x0f, 0xf0, 0xff, 0x00,
	0x0f, 0xff, 0x0f, 0x00, 0x0f, 0x00, 0xf0, 0xf0, 0x0f, 0x0f, 0xf0, 0xf0, 0xff, 0xf0, 0xf0, 0xf0,
	0xff, 0xf0, 0xff, 0x0f, 0xff, 0xf0, 0xff, 0xf0, 0xff, 0xf0, 0x0f, 0x0f, 0x0f, 0x0f, 0x0f, 0xff,
	0xf0, 0xf0, 0xff, 0x0f, 0x0f, 0x00, 0xf0, 0x0f, 0x0f, 0xff, 0xf0, 0xf0, 0xf0, 0x0f, 0xf0, 0xf0,
	0x0f, 0xff, 0xf0, 0xff, 0xff, 0xff, 0xf0, 0x0f, 0x0f, 0xf0, 0xff, 0x0f, 0xff, 0xff, 0xff, 0x0f,
	0xff, 0x0f, 0xf0, 0x0f, 0xf0, 0xf0, 0x0f, 0x0f, 0x00, 0xf0, 0xff, 0x0f, 0xff, 0x0f, 0x0f, 0x0f,
	0xf0, 0x0f, 0xf0, 0xf0, 0xff, 0x0f, 0xff, 0xf0, 0x0f, 0xf0, 0xff, 0x00, 0xf0, 0xff, 0x0f, 0x0f,
	0xff, 0x00, 0xf0, 0xf0, 0xff, 0xff, 0xff, 0x0f, 0xf0, 0x0f, 0xf0, 0x0f, 0x0f, 0xf0, 0xf0, 0x00,
	0xff, 0x0f, 0x0f, 0xf0, 0xff, 0xf0, 0xff, 0x0f, 0x0f, 0xff, 0xff, 0xff, 0xf0, 0x0f, 0xff, 0xf0,
	0xff, 0xf0, 0x0f, 0x0f, 0x0f, 0x00, 0xf0, 0xff, 0xf0, 0x0f, 0xf0, 0x0f, 0x0f, 0xff, 0xff, 0x0f,
	0xf0, 0xf0, 0xf0, 0xf0, 0xff, 0xf0, 0xff, 0xf0, 0xf0, 0x0f, 0xff, 0xff, 0xff, 0xf0, 0x0f, 0xf0,
	0x0f, 0xff, 0xff, 0x0f, 0xf0, 0xff, 0xff, 0x0f, 0xff, 0xf0, 0x0f, 0xf0, 0x0f, 0xf0, 0xf0, 0xff,
	0xff, 0xf0, 0xf0, 0xf0, 0x0f, 0xf0, 0xf0, 0x0f, 0x00, 0xff, 0x0f, 0xff, 0xf0, 0x0f, 0xf0, 0xf0,
	0xf0, 0x0f, 0xf0, 0x0f, 0x0f, 0xff, 0xf0, 0xff, 0xff, 0xff, 0xff, 0xf0, 0x0f, 0xf0, 0x0f, 0xff,
	0xff, 0xf0, 0xff, 0xf0, 0xff, 0xf0, 0xff, 0x0f, 0x0f, 0x0f, 0x0f, 0xf0, 0xff, 0xff, 0x0f, 0xf0,
	0x0f, 0xf0, 0xff, 0x0f, 0x0f, 0xff, 0xff, 0xff, 0xf0, 0xff, 0xff, 0xf0, 0xff, 0x0f, 0xff, 0x0f,
	0xf0, 0xff, 0x0f, 0xff, 0xff, 0xf0, 0xff, 0xff, 0x0f, 0xf0, 0x0f, 0x0f, 0xf0, 0x0f, 0x0f, 0x0f,
	0xff, 0x0f, 0x00, 0xff, 0xff, 0xff, 0xf0, 0xf0, 0x0f, 0x0f, 0x0f, 0xf0, 0x0f, 0xf0, 0x0f, 0x0f,
	0xf0, 0x0f, 0x0f, 0x0f, 0xf0, 0xff, 0x0f, 0x0f, 0x0f, 0xf0, 0x0f, 0x00, 0xff, 0x0f, 0xf0, 0x0f,
	0xff, 0xff, 0xf0, 0xf0, 0xff, 0xf0, 0xff, 0xf0, 0xff, 0xf0, 0x0f, 0xf0, 0xf0, 0xff, 0xf0, 0xff,
	0xf0, 0xf0, 0xf0, 0xf0, 0xf0, 0xf0, 0xf0, 0xff, 0xf0, 0xf0, 0x00, 0xf0, 0xff, 0x0f, 0xff, 0xf0,
	0x0f, 0xff, 0x0f, 0x0f, 0xff, 0xff, 0x0f, 0x0f, 0x0f, 0xf0, 0xf0, 0x0f, 0xff, 0x0f, 0xff, 0x0f,
	0xff, 0xff, 0xff, 0xff, 0xff, 0xff, 0xff, 0xff, 0xff, 0xff, 0xff, 0xff, 0xff, 0xff, 0xff, 0xff,
	0xff, 0xff, 0xff, 0xff, 0xff, 0xff, 0xff, 0xff, 0xff, 0xff, 0xff, 0xff, 0xff, 0xff, 0xff, 0xff,
	0xff, 0xff, 0xff, 0xff, 0xff, 0xff, 0xff, 0xff, 0xff, 0xff, 0xff, 0xff, 0xff, 0xff, 0xff, 0xff,
	0xff, 0xff, 0xff, 0xff, 0xff, 0xff, 0xff, 0xff, 0xff, 0xff, 0xff, 0xff, 0xff, 0xff, 0xff, 0xff,
	0xff, 0xff, 0xff, 0xff, 0xff, 0xff, 0xff, 0xff, 0xff, 0xff, 0xff, 0xff, 0xff, 0xff, 0xff, 0xff,
	0xff, 0xff, 0xff, 0xff, 0xff, 0xff, 0xff, 0xff, 0xff, 0xff, 0xff, 0xff, 0xff, 0xff, 0xff, 0xff,
	0xff, 0xff, 0xff, 0xff, 0xff, 0xff, 0xff, 0xff, 0xff, 0xff, 0xff, 0xff, 0xff, 0xff, 0xff, 0xff,
	0xff, 0xff, 0xff, 0xff, 0xff, 0xff, 0xff, 0xff, 0xff, 0xff, 0xff, 0xff, 0xff, 0xff, 0xff, 0xff,
	0xff, 0xff, 0xff, 0xff, 0xff, 0xff, 0xff, 0xff, 0xff, 0xff, 0xff, 0xff, 0xff, 0xff, 0xff, 0xff,
	0xff, 0xff, 0xff, 0xff, 0xff, 0xff, 0xff, 0xff, 0xff, 0xff, 0xff, 0xff, 0xff, 0xff, 0xff, 0xff,
	0xff, 0xff, 0xff, 0xff, 0xff, 0xff, 0xff, 0xff, 0xff, 0xff, 0xff, 0xff, 0xff, 0xff, 0xff, 0xff,
	0xff, 0xff, 0xff, 0xff, 0xff, 0xff, 0xff, 0xff, 0xff, 0xff, 0xff, 0xff, 0xff, 0xff, 0xff, 0xff,
	0xff, 0xff, 0xff, 0xff, 0xff, 0xff, 0xff, 0xff, 0xff, 0xff, 0xff, 0xff, 0xff, 0xff, 0xff, 0xff,
	0xff, 0xff, 0xff, 0xff, 0xff, 0xff, 0xff, 0xff, 0xff, 0xff, 0xff, 0xff, 0xff, 0xff, 0xff, 0xff,
	0xff, 0xff, 0xff, 0xff, 0xff, 0xff, 0xff, 0xff, 0xff, 0xff, 0xff, 0xff, 0xff, 0xff, 0xff, 0xff,
	0xff, 0xff, 0xff, 0xff, 0xff, 0xff, 0xff, 0xff, 0xff, 0xff, 0xff, 0xff, 0xff, 0xff, 0xff, 0xff,
	0xff, 0xff, 0xff, 0xff, 0xff, 0xff, 0xff, 0xff, 0xff, 0xff, 0xff, 0xff, 0xff, 0xff, 0xff, 0xff,
	0xff, 0xff, 0xff, 0xff, 0xff, 0xff, 0xff, 0xff, 0xff, 0xff, 0xff, 0xff, 0xff, 0xff, 0xff, 0xff,
	0xff, 0xff, 0xff, 0xff, 0xff, 0xff, 0xff, 0xff, 0xff, 0xff, 0xff, 0xff, 0xff, 0xff, 0xff, 0xff,
	0xff, 0xff, 0xff, 0xff, 0xff, 0xff, 0xff, 0xff, 0xff, 0xff, 0xff, 0xff, 0xff, 0xff, 0xff, 0xff,
	0x00, 0x00, 0x00, 0x00, 0x00, 0x00, 0x00, 0x00, 0x00, 0x00, 0x00, 0x00, 0x00, 0x00, 0x00, 0x00,
	0x00, 0x00, 0x00, 0x00, 0x00, 0x00, 0x00, 0x00, 0x00, 0x00, 0x00, 0x00, 0x00, 0x00, 0x00, 0x00,
	0x00, 0x00, 0x00, 0x00, 0x00, 0x00, 0x00, 0x00, 0x00, 0x00, 0x00, 0x00, 0x00, 0x00, 0x00, 0x00,
	0x00, 0x00, 0x00, 0x00, 0x00, 0x00, 0x00, 0x00, 0x00, 0x00, 0x00, 0x00, 0x00, 0x00, 0x00, 0x00,
	0x00, 0x00, 0x00, 0x00, 0x00, 0x00, 0x00, 0x00, 0x00, 0x00, 0x00, 0x00, 0x00, 0x00, 0x00, 0x00,
	0x00, 0x00, 0x00, 0x00, 0x00, 0x00, 0x00, 0x00, 0x00, 0x00, 0x00, 0x00, 0x00, 0x00, 0x00, 0x00,
	0x00, 0x00, 0x00, 0x00, 0x00, 0x00, 0x00, 0x00, 0x00, 0x00, 0x00, 0x00, 0x00, 0x00, 0x00, 0x00,
	0x00, 0x00, 0x00, 0x00, 0x00, 0x00, 0x00, 0x00, 0x00, 0x00, 0x00, 0x00, 0x00, 0x00, 0x00, 0x00,
	0x00, 0x00, 0x00, 0x00, 0x00, 0x00, 0x00, 0x00, 0x00, 0x00, 0x00, 0x00, 0x00, 0x00, 0x00, 0x00,
	0x00, 0x00, 0x00, 0x00, 0x00, 0x00, 0x00, 0x00, 0x00, 0x00, 0x00, 0x00, 0x00, 0x00, 0x00, 0x00,
	0x00, 0x00, 0x00, 0x00, 0x00, 0x00, 0x00, 0x00, 0x00, 0x00, 0x00, 0x00, 0x00, 0x00, 0x00, 0x00,
	0x00, 0x00, 0x00, 0x00, 0x00, 0x00, 0x00, 0x00, 0x00, 0x00, 0x00, 0x00, 0x00, 0x00, 0x00, 0x00,
	0x00, 0x00, 0x00, 0x00, 0x00, 0x00, 0x00, 0x00, 0x00, 0x00, 0x00, 0x00, 0x00, 0x00, 0x00, 0x00,
	0x00, 0x00, 0x00, 0x00, 0x00, 0x00, 0x00, 0x00, 0x00, 0x00, 0x00, 0x00, 0x00, 0x00, 0x00, 0x00,
	0x00, 0x00, 0x00, 0x00, 0x00, 0x00, 0x00, 0x00, 0x00, 0x00, 0x00, 0x00, 0x00, 0x00, 0x00, 0x00,
	0x00, 0x00, 0x00, 0x00, 0x00, 0x00, 0x00, 0x00, 0x00, 0x00, 0x00, 0x00, 0x00, 0x00, 0x00, 0x00,
	0x00, 0x00, 0x00, 0x00, 0x00, 0x00, 0x00, 0x00, 0x00, 0x00, 0x00, 0x00, 0x00, 0x00, 0x00, 0x00,
	0x00, 0x00, 0x00, 0x00, 0x00, 0x00, 0x00, 0x00, 0x00, 0x00, 0x00, 0x00, 0x00, 0x00, 0x00, 0x00,
	0x00, 0x00, 0x00, 0x00, 0x00, 0x00, 0x00, 0x00, 0x00, 0x00, 0x00, 0x00, 0x00, 0x00, 0x00, 0x00,
	0x00, 0x00, 0x00, 0x00, 0x00, 0x00, 0x00, 0x00, 0x00, 0x00, 0x00, 0x00, 0x00, 0x00, 0x00, 0x00,
	0x00, 0x00, 0x00, 0x00, 0xff, 0x00, 0x00, 0x00, 0xff, 0x00, 0x0f, 0x00, 0x00, 0x00, 0x00, 0x00,
	0x00, 0x00, 0xf0, 0xf0, 0x00, 0x00, 0x00, 0x00, 0x00, 0x00, 0x00, 0x00, 0xff, 0x00, 0xf0, 0x00,
	0x00, 0x0f, 0x00, 0x00, 0x00, 0x0f, 0x00, 0x00, 0x00, 0x00, 0xf0, 0x00, 0x00, 0x00, 0xff, 0x00,
	0x00, 0x00, 0x00, 0xf0, 0xf0, 0x00, 0x00, 0x00, 0x00, 0x00, 0x00, 0x00, 0x00, 0x00, 0x00, 0x00,
	0x00, 0x00, 0x0f, 0x00, 0x00, 0x00, 0x00, 0x00, 0x00, 0x00, 0x00, 0x00, 0x0f, 0x00, 0x0f, 0x00,
	0x00, 0x00, 0x00, 0xff, 0x00, 0x00, 0x0f, 0x00, 0x00, 0x00, 0x00, 0x00, 0x00, 0xff, 0x00, 0x00,
	0xf0, 0x00, 0x00, 0x00, 0x00, 0x00, 0x00, 0x00, 0x00, 0x00, 0x00, 0x00, 0x00, 0x00, 0x00, 0x00,
	0x00, 0x00, 0x0f, 0x00, 0x00, 0x0f, 0x0f, 0x0f, 0x00, 0x00, 0x00, 0x00, 0x00, 0x00, 0x00, 0x00,
	0x00, 0x00, 0x00, 0x00, 0x00, 0x00, 0x00, 0x00, 0x00, 0xf0, 0x00, 0x00, 0x00, 0xf0, 0xff, 0x00,
	0x0f, 0x00, 0x00, 0xff, 0x00, 0x00, 0x00, 0x00, 0xf0, 0x00, 0x00, 0x00, 0x0f, 0x00, 0xff, 0x00,
	0x00, 0x00, 0x0f, 0x0f, 0xf0, 0xf0, 0x00, 0x00, 0xf0, 0x00, 0x00, 0x00, 0x00, 0x00, 0x00, 0xf0,
	0x00, 0x00, 0x0f, 0x00, 0x00, 0x00, 0x00, 0x00, 0x00, 0x00, 0x00, 0x00, 0x00, 0x00, 0x00, 0xff,
	0x00, 0x00, 0x00, 0x00, 0x00, 0x0f, 0x00, 0x00, 0xf0, 0x00, 0x00, 0x00, 0x00, 0xff, 0xf0, 0x00,
	0x00, 0x00, 0x0f, 0xf0, 0x00, 0x00, 0x00, 0x00, 0x00, 0xf0, 0x00, 0x00, 0x00, 0x00, 0x00, 0x00,
	0x00, 0x00, 0x00, 0x00, 0x00, 0x00, 0x00, 0xf0, 0x00, 0x00, 0x00, 0x00, 0x00, 0x00, 0x00, 0x00,
	0x00, 0x00, 0x00, 0xf0, 0x00, 0x0f, 0x00, 0x00, 0x0f, 0x00, 0xff, 0x00, 0x00, 0xff, 0x00, 0x00,
	0x00, 0x00, 0x00, 0x00, 0x00, 0x00, 0x00, 0x00, 0x00, 0x00, 0x00, 0xf0, 0x00, 0x00, 0x00, 0x00,
	0x00, 0x00, 0x00, 0x00, 0x00, 0x00, 0xf0, 0x00, 0x00, 0x0f, 0x00, 0xf0, 0x00, 0x00, 0x00, 0x00,
	0x00, 0xf0, 0x00, 0x00, 0x00, 0x00, 0x00, 0x0f, 0x00, 0x00, 0x00, 0xff, 0x00, 0x00, 0x00, 0x00,
	0x00, 0x00, 0x00, 0x00, 0x0f, 0x00, 0x00, 0x00, 0x00, 0x00, 0x0f, 0x00, 0x0f, 0xf0, 0x00, 0x00,
	0x00, 0x00, 0xf0, 0x00, 0xff, 0x00, 0x00, 0xf0, 0x0f, 0xff, 0x00, 0x00, 0xff, 0x00, 0x00, 0xf0,
	0x00, 0x0f, 0x00, 0x00, 0xff, 0x00, 0xff, 0xf0, 0x00, 0xff, 0x00, 0x00, 0x00, 0xff, 0x00, 0x00,
	0x00, 0x00, 0xff, 0x00, 0x00, 0xff, 0x00, 0x00, 0x00, 0x00, 0x00, 0xff, 0x00, 0x00, 0x00, 0xff,
	0x0f, 0x00, 0x00, 0x00, 0x00, 0x00, 0x00, 0x00, 0x00, 0x00, 0xf0, 0x00, 0x0f, 0xf0, 0xff, 0x00,
	0xf0, 0x0f, 0x00, 0x00, 0xff, 0xff, 0x00, 0x00, 0x00, 0x0f, 0x00, 0x0f, 0xff, 0x00, 0xf0, 0x00,
	0x00, 0x0f, 0x0f, 0xf0, 0x00, 0x00, 0x00, 0x00, 0xff, 0x00, 0xff, 0x00, 0x00, 0xff, 0x00, 0x00,
	0x0f, 0xff, 0x00, 0x00, 0x00, 0x00, 0x00, 0x00, 0x00, 0x00, 0x00, 0x00, 0x00, 0x00, 0x00, 0x00,
	0xff, 0xf0, 0x00, 0x00, 0xff, 0x00, 0x00, 0x00, 0x00, 0x00, 0x00, 0x0f, 0x00, 0x00, 0x00, 0x0f,
	0x00, 0x0f, 0x00, 0x0f, 0x0f, 0x00, 0x0f, 0x00, 0x00, 0x00, 0x00, 0x0f, 0x00, 0x00, 0x00, 0x00,
	0xf0, 0x00, 0x00, 0x00, 0xf0, 0xf0, 0x00, 0x00, 0xf0, 0x00, 0x00, 0x00, 0x00, 0x00, 0xff, 0x00,
	0x00, 0x00, 0xf0, 0xff, 0xf0, 0x00, 0x00, 0xff, 0x00, 0xff, 0x00, 0xff, 0x00, 0x00, 0xf0, 0x00,
	0x00, 0x0f, 0x00, 0xf0, 0xf0, 0x00, 0x00, 0x0f, 0x00, 0xff, 0xff, 0x0f, 0x0f, 0x00, 0x00, 0xf0,
	0x00, 0x00, 0xff, 0x00, 0xf0, 0x00, 0x00, 0xff, 0xff, 0xf0, 0x0f, 0x00, 0x00, 0x0f, 0xf0, 0x0f,
	0x00, 0xff, 0xf0, 0x00, 0x00, 0xf0, 0x00, 0x00, 0x00, 0x00, 0x0f, 0x0f, 0x00, 0x00, 0x00, 0x00,
	0x00, 0x00, 0x00, 0x00, 0x00, 0x00, 0x00, 0x0f, 0xf0, 0x00, 0x00, 0x00, 0x00, 0x00, 0x0f, 0x00,
	0x00, 0x00, 0x00, 0x00, 0xf0, 0x00, 0x00, 0xff, 0xff, 0x0f, 0x0f, 0x0f, 0x00, 0xff, 0xf0, 0x0f,
	0x0f, 0x00, 0x00, 0xf0, 0x00, 0x00, 0x00, 0xff, 0x00, 0x00, 0x0f, 0xf0, 0x00, 0xff, 0x00, 0x00,
	0xf0, 0xff, 0x00, 0xff, 0x00, 0x00, 0x00, 0xf0, 0x00, 0xf0, 0xff, 0x00, 0x00, 0xf0, 0x00, 0x00,
	0x0f, 0x00, 0xf0, 0x00, 0x0f, 0x0f, 0x0f, 0x0f, 0x00, 0x00, 0x00, 0x00, 0x00, 0x00, 0x0f, 0x00,
	0x00, 0x0f, 0x00, 0x00, 0xf0, 0x00, 0x00, 0x00, 0xff, 0x00, 0x00, 0x0f, 0xff, 0x00, 0x00, 0x00,
	0x00, 0xf0, 0x00, 0x00, 0x0f, 0x00, 0xff, 0xf0, 0x0f, 0x0f, 0x00, 0xf0, 0x00, 0xff, 0x00, 0x0f,
	0xff, 0x00, 0xf0, 0x0f, 0xff, 0x00, 0x00, 0x00, 0x00, 0x00, 0xf0, 0x00, 0x0f, 0x00, 0xff, 0x00,
	0xf0, 0x00, 0xf0, 0x00, 0xff, 0xff, 0x00, 0x00, 0x00, 0x00, 0x00, 0x00, 0xff, 0x0f, 0x0f, 0x00,
	0xff, 0xff, 0xff, 0xff, 0x0f, 0xf0, 0x00, 0x00, 0xff, 0xff, 0x00, 0x00, 0x00, 0x00, 0x00, 0x0f,
	0xf0, 0xf0, 0xf0, 0xff, 0x0f, 0xf0, 0x00, 0x00, 0xf0, 0x00, 0x00, 0x0f, 0x00, 0x00, 0x00, 0xff,
	0xff, 0xff, 0xf0, 0x0f, 0x00, 0xff, 0x00, 0x0f, 0x00, 0x00, 0x0f, 0x00, 0x00, 0x00, 0x0f, 0x00,
	0xff, 0x00, 0xf0, 0x0f, 0x00, 0x0f, 0x00, 0xff, 0xff, 0x00, 0x00, 0x0f, 0x0f, 0xff, 0x00, 0x00,
	0xff, 0xf0, 0xf0, 0x00, 0x0f, 0x00, 0x00, 0x00, 0x00, 0x00, 0x00, 0x00, 0x00, 0x00, 0xf0, 0x00,
	0x00, 0x00, 0x0f, 0xf0, 0x00, 0x00, 0xf0, 0x00, 0xf0, 0x00, 0x00, 0x00, 0xf0, 0x00, 0x00, 0xf0,
	0x00, 0x0f, 0xf0, 0x00, 0x0f, 0x00, 0x00, 0x00, 0x00, 0xff, 0x00, 0x0f, 0x00, 0x00, 0x0f, 0x0f,
	0x00, 0xf0, 0x0f, 0xff, 0xff, 0x00, 0x00, 0xf0, 0xff, 0xff, 0x00, 0xf0, 0x00, 0x00, 0xff, 0x00,
	0x00, 0x00, 0x00, 0x00, 0x0f, 0xf0, 0x00, 0x00, 0xff, 0x00, 0x00, 0x00, 0x00, 0x00, 0xff, 0xff,
	0x00, 0x00, 0x00, 0x00, 0x00, 0xff, 0x00, 0x00, 0x00, 0x00, 0x00, 0x00, 0x00, 0x00, 0x00, 0xff,
	0xff, 0xff, 0x00, 0x0f, 0x0f, 0x00, 0xf0, 0x00, 0x00, 0x00, 0x0f, 0x00, 0x0f, 0x00, 0x00, 0x0f,
	0xff, 0x0f, 0x00, 0xf0, 0xf0, 0x00, 0xff, 0x0f, 0x00, 0x00, 0x00, 0xff, 0x00, 0x00, 0xff, 0x00,
	0xf0, 0xff, 0xff, 0xff, 0x00, 0x0f, 0x00, 0x00, 0x0f, 0xff, 0x0f, 0xf0, 0x00, 0xf0, 0x0f, 0xff,
	0x00, 0xff, 0x00, 0x00, 0xf0, 0xf0, 0xff, 0x0f, 0x00, 0x0f, 0x00, 0xf0, 0x00, 0x00, 0x0f, 0x00,
	0x00, 0x0f, 0xff, 0x00, 0x00, 0x00, 0x00, 0xf0, 0x00, 0x0f, 0xff, 0xff, 0xf0, 0x00, 0xff, 0x00,
	0xf0, 0x00, 0x00, 0x00, 0xff, 0x00, 0x00, 0xf0, 0xf0, 0x00, 0x00, 0x0f, 0x0f, 0x00, 0xff, 0x00,
	0x0f, 0xff, 0x00, 0xff, 0xf0, 0x00, 0x00, 0x00, 0x0f, 0x0f, 0x00, 0x00, 0x00, 0x00, 0xff, 0x00,
	0xf0, 0xf0, 0x00, 0xff, 0xff, 0xf0, 0xf0, 0xff, 0xff, 0xff, 0x0f, 0x00, 0x00, 0x00, 0x00, 0xff,
	0xf0, 0x0f, 0x0f, 0x0f, 0x00, 0xf0, 0xf0, 0xff, 0x00, 0x0f, 0x00, 0xf0, 0xff, 0x0f, 0x00, 0x00,
	0xff, 0x0f, 0x00, 0x00, 0xff, 0xf0, 0xf0, 0xff, 0xff, 0x00, 0x0f, 0x0f, 0xf0, 0x0f, 0xf0, 0x00,
	0xf0, 0x0f, 0x0f, 0x00, 0x00, 0x0f, 0x00, 0xf0, 0xf0, 0x00, 0xf0, 0x00, 0xf0, 0xff, 0xff, 0xff,
	0xf0, 0x0f, 0x00, 0xf0, 0x00, 0x00, 0xff, 0x0f, 0x00, 0xf0, 0x00, 0x00, 0xff, 0xf0, 0x00, 0x0f,
	0x0f, 0x0f, 0xf0, 0x0f, 0xf0, 0x0f, 0x0f, 0x0f, 0xff, 0xf0, 0x00, 0xff, 0x00, 0x00, 0x00, 0xf0,
	0x0f, 0xf0, 0x00, 0x00, 0x00, 0xf0, 0x0f, 0x0f, 0x00, 0xf0, 0xf0, 0xf0, 0x00, 0x0f, 0xf0, 0xf0,
	0x0f, 0xff, 0xf0, 0x0f, 0x00, 0xff, 0xf0, 0x0f, 0xff, 0xff, 0x00, 0x0f, 0xff, 0x0f, 0x00, 0xf0,
	0xf0, 0x0f, 0xf0, 0x00, 0x00, 0x0f, 0x00, 0x0f, 0x0f, 0xff, 0x00, 0xf0, 0x0f, 0x00, 0xff, 0xff,
	0x00, 0x00, 0xff, 0x00, 0x00, 0x0f, 0x0f, 0x00, 0x00, 0x00, 0xff, 0xff, 0x0f, 0x00, 0xf0, 0xf0,
	0xf0, 0xf0, 0x00, 0x0f, 0xf0, 0x00, 0xff, 0xf0, 0xf0, 0xf0, 0x0f, 0x00, 0x00, 0xf0, 0xff, 0x0f,
	0x00, 0x00, 0x0f, 0xff, 0x0f, 0x00, 0x00, 0x0f, 0x0f, 0xff, 0x00, 0xf0, 0xf0, 0xff, 0xff, 0x00,
	0xf0, 0xf0, 0xf0, 0x0f, 0x00, 0x00, 0x0f, 0xff, 0x0f, 0xf0, 0xf0, 0xf0, 0x00, 0xff, 0xf0, 0x00,
	0x0f, 0xff, 0xff, 0xf0, 0x00, 0x0f, 0xf0, 0xff, 0x0f, 0x0f, 0x00, 0xf0, 0xff, 0x0f, 0x00, 0xf0,
	0x00, 0x00, 0xf0, 0x00, 0xf0, 0x00, 0x0f, 0x00, 0x00, 0x00, 0xf0, 0x00, 0xf0, 0xff, 0xff, 0x00,
	0x0f, 0xf0, 0xff, 0xff, 0x00, 0x00, 0xf0, 0xf0, 0x00, 0xf0, 0x0f, 0x00, 0x00, 0x00, 0x0f, 0x00,
	0x00, 0xff, 0x0f, 0x0f, 0x0f, 0xf0, 0xf0, 0xf0, 0xff, 0xff, 0x00, 0x00, 0xf0, 0x0f, 0x00, 0xff,
	0x0f, 0x00, 0xff, 0x0f, 0x00, 0x00, 0xff, 0x00, 0xff, 0xf0, 0x00, 0xf0, 0x00, 0xf0, 0x00, 0x0f,
	0x00, 0x0f, 0xff, 0x00, 0xf0, 0xf0, 0xf0, 0xff, 0x00, 0xff, 0xf0, 0xff, 0x0f, 0xf0, 0x0f, 0xf0,
	0x0f, 0x00, 0x00, 0xf0, 0xf0, 0xff, 0xf0, 0x0f, 0x0f, 0xff, 0x0f, 0x0f, 0xf0, 0x0f, 0x0f, 0xff,
	0x00, 0xff, 0x0f, 0x0f, 0x0f, 0xf0, 0x0f, 0xf0, 0xf0, 0x0f, 0x00, 0x00, 0xff, 0xf0, 0x0f, 0xf0,
	0x00, 0xf0, 0xf0, 0x00, 0x0f, 0xf0, 0x0f, 0x00, 0xff, 0x0f, 0xf0, 0xf0, 0xff, 0x00, 0x0f, 0xff,
	0xff, 0xf0, 0x0f, 0xff, 0xff, 0xf0, 0xf0, 0xff, 0x0f, 0x0f, 0x0f, 0xf0, 0xf0, 0xf0, 0xf0, 0xff,
	0xff, 0xff, 0xff, 0xff, 0x00, 0xff, 0x0f, 0x0f, 0xff, 0xf0, 0xff, 0x0f, 0xff, 0xf0, 0xff, 0x00,
	0xf0, 0xf0, 0xf0, 0xf0, 0x0f, 0xff, 0xff, 0xf0, 0x0f, 0xff, 0xff, 0x0f, 0xff, 0x00, 0x00, 0xf0,
	0xf0, 0x0f, 0x00, 0xf0, 0xf0, 0x0f, 0xff, 0x0f, 0x0f, 0xff, 0x00, 0x00, 0x0f, 0xf0, 0xf0, 0x0f,
	0xf0, 0xff, 0x0f, 0xf0, 0xf0, 0xff, 0x0f, 0x00, 0x0f, 0xff, 0xf0, 0xff, 0xf0, 0xff, 0x0f, 0x00,
	0x0f, 0xff, 0xff, 0xf0, 0xff, 0xf0, 0xf0, 0x00, 0x00, 0xff, 0xf0, 0xf0, 0xf0, 0x00, 0x0f, 0x00,
	0x00, 0xff, 0x0f, 0xff, 0xff, 0xf0, 0xff, 0x0f, 0xf0, 0x0f, 0x00, 0xff, 0x00, 0x00, 0x0f, 0xf0,
	0x0f, 0x00, 0x0f, 0x0f, 0xf0, 0xff, 0x0f, 0xff, 0xf0, 0xf0, 0xff, 0xff, 0xf0, 0xf0, 0xf0, 0xf0,
	0x0f, 0x0f, 0xff, 0x00, 0x0f, 0xff, 0xff, 0xf0, 0xf0, 0xf0, 0xf0, 0xf0, 0xff, 0xf0, 0x0f, 0xf0,
	0xf0, 0x00, 0x0f, 0x0f, 0x0f, 0xff, 0xf0, 0x0f, 0xf0, 0xff, 0xff, 0x0f, 0x0f, 0x0f, 0x0f, 0xf0,
	0xf0, 0xff, 0xff, 0xf0, 0xf0, 0xf0, 0xff, 0x0f, 0xff, 0xff, 0x0f, 0xff, 0x0f, 0xff, 0x0f, 0xff,
	0x0f, 0xff, 0x0f, 0xf0, 0xf0, 0x0f, 0xff, 0x0f, 0x0f, 0xff, 0x00, 0x0f, 0x0f, 0x00, 0xf0, 0x0f,
	0x0f, 0xf0, 0xff, 0xf0, 0x0f, 0xff, 0xf0, 0xf0, 0xff, 0xf0, 0x00, 0xf0, 0x0f, 0x0f, 0xff, 0x0f,
	0xff, 0xf0, 0xf0, 0x00, 0xf0, 0xff, 0x0f, 0x0f, 0xf0, 0xf0, 0xf0, 0xf0, 0x0f, 0xf0, 0x0f, 0x0f,
	0xf0, 0x00, 0xff, 0xf0, 0xf0, 0x0f, 0x0f, 0xf0, 0xf0, 0x00, 0xf0, 0x0f, 0x00, 0x00, 0xff, 0xff,
	0x0f, 0xf0, 0x0f, 0xf0, 0x00, 0x0f, 0xf0, 0x0f, 0xf0, 0x00, 0xff, 0x0f, 0xff, 0xf0, 0x0f, 0xf0,
	0xf0, 0x00, 0x00, 0x0f, 0xf0, 0xf0, 0xf0, 0xff, 0xf0, 0x0f, 0x00, 0xff, 0xf0, 0x0f, 0xf0, 0x0f,
	0x0f, 0x0f, 0xf0, 0x0f, 0x0f, 0x0f, 0x0f, 0xf0, 0xff, 0xff, 0xff, 0xff, 0xff, 0xff, 0xff, 0x0f,
	0x0f, 0xff, 0x0f, 0x0f, 0x0f, 0xff, 0x0f, 0x0f, 0x0f, 0xff, 0x0f, 0x00, 0xff, 0x00, 0xf0, 0xff,
	0x0f, 0x0f, 0x0f, 0xf0, 0xf0, 0x0f, 0xf0, 0x0f, 0x0f, 0xff, 0xf0, 0xff, 0x0f, 0xff, 0xff, 0x0f,
	0xff, 0xff, 0xf0, 0x0f, 0xff, 0xff, 0xf0, 0x0f, 0xff, 0xf0, 0x0f, 0x0f, 0xf0, 0x0f, 0xff, 0xf0,
	0x0f, 0xff, 0xff, 0x0f, 0xf0, 0x0f, 0xf0, 0x0f, 0xf0, 0xff, 0xf0, 0xf0, 0xf0, 0xff, 0xf0, 0xf0,
	0xff, 0xff, 0x0f, 0x0f, 0xff, 0xff, 0xf0, 0xf0, 0xf0, 0xf0, 0x0f, 0x0f, 0xff, 0xf0, 0x0f, 0xf0,
	0x0f, 0x0f, 0xf0, 0xf0, 0x0f, 0x0f, 0xff, 0xf0, 0xff, 0xf0, 0xf0, 0xff, 0xf0, 0xff, 0xff, 0xf0,
	0xff, 0xff, 0xff, 0x00, 0x00, 0x0f, 0xff, 0xff, 0x0f, 0xf0, 0xf0, 0xff, 0x0f, 0x0f, 0xff, 0xff,
	0xff, 0x0f, 0xff, 0xff, 0xf0, 0x0f, 0xff, 0xf0, 0xff, 0xff, 0xff, 0x0f, 0xf0, 0xf0, 0xff, 0x0f,
	0xff, 0xff, 0x0f, 0xff, 0x0f, 0x0f, 0xf0, 0xff, 0x0f, 0xf0, 0x0f, 0xff, 0x0f, 0xf0, 0xf0, 0xf0,
	0xf0, 0xf0, 0xf0, 0x0f, 0xff, 0x00, 0x0f, 0x0f, 0xff, 0xff, 0x0f, 0x00, 0xff, 0xf0, 0xff, 0x0f,
	0xf0, 0x0f, 0xff, 0x0f, 0x0f, 0xff, 0x0f, 0x00, 0xf0, 0xf0, 0x0f, 0x0f, 0x0f, 0x0f, 0xff, 0xf0,
	0x0f, 0x0f, 0xf0, 0xff, 0xf0, 0x00, 0xf0, 0x0f, 0xf0, 0x0f, 0x0f, 0xf0, 0xf0, 0x0f, 0xff, 0x00,
	0xff, 0xff, 0x0f, 0xff, 0x0f, 0xff, 0xf0, 0xff, 0xff, 0x0f, 0x0f, 0x0f, 0xf0, 0xff, 0xf0, 0xff,
	0xf0, 0xf0, 0xf0, 0x0f, 0x0f, 0xf0, 0xff, 0xff, 0xf0, 0x0f, 0xf0, 0xf0, 0xf0, 0xf0, 0xf0, 0xf0,
	0xf0, 0xff, 0x0f, 0x0f, 0xff, 0xf0, 0x0f, 0x0f, 0x0f, 0xf0, 0xf0, 0x0f, 0xf0, 0x0f, 0xff, 0xff,
	0xf0, 0xff, 0x0f, 0xf0, 0xf0, 0x0f, 0xff, 0xf0, 0xff, 0xff, 0x0f, 0x0f, 0x0f, 0x0f, 0xff, 0x0f,
	0x0f, 0xf0, 0xf0, 0xff, 0x0f, 0x00, 0xff, 0x0f, 0x0f, 0x0f, 0xff, 0x0f, 0x0f, 0x0f, 0x0f, 0xf0,
	0xff, 0x0f, 0xf0, 0x0f, 0xf0, 0xf0, 0x0f, 0xff, 0xf0, 0x0f, 0xff, 0xf0, 0xf0, 0x0f, 0x0f, 0x0f,
	0x0f, 0xff, 0xff, 0xff, 0x0f, 0xf0, 0x0f, 0x0f, 0xff, 0x0f, 0xff, 0xf0, 0xff, 0x0f, 0x0f, 0x0f,
	0x0f, 0xff, 0xff, 0x0f, 0xff, 0xf0, 0x0f, 0x0f, 0xf0, 0xf0, 0xff, 0xf0, 0xf0, 0x0f, 0xf0, 0xff,
	0xff, 0xff, 0xff, 0xff, 0xff, 0xff, 0xff, 0xff, 0xff, 0xff, 0xff, 0xff, 0xff, 0xff, 0xff, 0xff,
	0xff, 0xff, 0xff, 0xff, 0xff, 0xff, 0xff, 0xff, 0xff, 0xff, 0xff, 0xff, 0xff, 0xff, 0xff, 0xff,
	0xff, 0xff, 0xff, 0xff, 0xff, 0xff, 0xff, 0xff, 0xff, 0xff, 0xff, 0xff, 0xff, 0xff, 0xff, 0xff,
	0xff, 0xff, 0xff, 0xff, 0xff, 0xff, 0xff, 0xff, 0xff, 0xff, 0xff, 0xff, 0xff, 0xff, 0xff, 0xff,
	0xff, 0xff, 0xff, 0xff, 0xff, 0xff, 0xff, 0xff, 0xff, 0xff, 0xff, 0xff, 0xff, 0xff, 0xff, 0xff,
	0xff, 0xff, 0xff, 0xff, 0xff, 0xff, 0xff, 0xff, 0xff, 0xff, 0xff, 0xff, 0xff, 0xff, 0xff, 0xff,
	0xff, 0xff, 0xff, 0xff, 0xff, 0xff, 0xff, 0xff, 0xff, 0xff, 0xff, 0xff, 0xff, 0xff, 0xff, 0xff,
	0xff, 0xff, 0xff, 0xff, 0xff, 0xff, 0xff, 0xff, 0xff, 0xff, 0xff, 0xff, 0xff, 0xff, 0xff, 0xff,
	0xff, 0xff, 0xff, 0xff, 0xff, 0xff, 0xff, 0xff, 0xff, 0xff, 0xff, 0xff, 0xff, 0xff, 0xff, 0xff,
	0xff, 0xff, 0xff, 0xff, 0xff, 0xff, 0xff, 0xff, 0xff, 0xff, 0xff, 0xff, 0xff, 0xff, 0xff, 0xff,
	0xff, 0xff, 0xff, 0xff, 0xff, 0xff, 0xff, 0xff, 0xff, 0xff, 0xff, 0xff, 0xff, 0xff, 0xff, 0xff,
	0xff, 0xff, 0xff, 0xff, 0xff, 0xff, 0xff, 0xff, 0xff, 0xff, 0xff, 0xff, 0xff, 0xff, 0xff, 0xff,
	0xff, 0xff, 0xff, 0xff, 0xff, 0xff, 0xff, 0xff, 0xff, 0xff, 0xff, 0xff, 0xff, 0xff, 0xff, 0xff,
	0xff, 0xff, 0xff, 0xff, 0xff, 0xff, 0xff, 0xff, 0xff, 0xff, 0xff, 0xff, 0xff, 0xff, 0xff, 0xff,
	0xff, 0xff, 0xff, 0xff, 0xff, 0xff, 0xff, 0xff, 0xff, 0xff, 0xff, 0xff, 0xff, 0xff, 0xff, 0xff,
	0xff, 0xff, 0xff, 0xff, 0xff, 0xff, 0xff, 0xff, 0xff, 0xff, 0xff, 0xff, 0xff, 0xff, 0xff, 0xff,
	0xff, 0xff, 0xff, 0xff, 0xff, 0xff, 0xff, 0xff, 0xff, 0xff, 0xff, 0xff, 0xff, 0xff, 0xff, 0xff,
	0xff, 0xff, 0xff, 0xff, 0xff, 0xff, 0xff, 0xff, 0xff, 0xff, 0xff, 0xff, 0xff, 0xff, 0xff, 0xff,
	0xff, 0xff, 0xff, 0xff, 0xff, 0xff, 0xff, 0xff, 0xff, 0xff, 0xff, 0xff, 0xff, 0xff, 0xff, 0xff,
	0xff, 0xff, 0xff, 0xff, 0xff, 0xff, 0xff, 0xff, 0xff, 0xff, 0xff, 0xff, 0xff, 0xff, 0xff, 0xff,
	0x00, 0x00, 0x00, 0x00, 0x00, 0x00, 0x00, 0x00, 0x00, 0x00, 0x00, 0x00, 0x00, 0x00, 0x00, 0x00,
	0x00, 0x00, 0x00, 0x00, 0x00, 0x00, 0x00, 0x00, 0x00, 0x00, 0x00, 0x00, 0x00, 0x00, 0x00, 0x00,
	0x00, 0x00, 0x00, 0x00, 0x00, 0x00, 0x00, 0x00, 0x00, 0x00, 0x00, 0x00, 0x00, 0x00, 0x00, 0x00,
	0x00, 0x00, 0x00, 0x00, 0x00, 0x00, 0x00, 0x00, 0x00, 0x00, 0x00, 0x00, 0x00, 0x00, 0x00, 0x00,
	0x00, 0x00, 0x00, 0x00, 0x00, 0x00, 0x00, 0x00, 0x00, 0x00, 0x00, 0x00, 0x00, 0x00, 0x00, 0x00,
	0x00, 0x00, 0x00, 0x00, 0x00, 0x00, 0x00, 0x00, 0x00, 0x00, 0x00, 0x00, 0x00, 0x00, 0x00, 0x00,
	0x00, 0x00, 0x00, 0x00, 0x00, 0x00, 0x00, 0x00, 0x00, 0x00, 0x00, 0x00, 0x00, 0x00, 0x00, 0x00,
	0x00, 0x00, 0x00, 0x00, 0x00, 0x00, 0x00, 0x00, 0x00, 0x00, 0x00, 0x00, 0x00, 0x00, 0x00, 0x00,
	0x00, 0x00, 0x00, 0x00, 0x00, 0x00, 0x00, 0x00, 0x00, 0x00, 0x00, 0x00, 0x00, 0x00, 0x00, 0x00,
	0x00, 0x00, 0x00, 0x00, 0x00, 0x00, 0x00, 0x00, 0x00, 0x00, 0x00, 0x00, 0x00, 0x00, 0x00, 0x00,
	0x00, 0x00, 0x00, 0x00, 0x00, 0x00, 0x00, 0x00, 0x00, 0x00, 0x00, 0x00, 0x00, 0x00, 0x00, 0x00,
	0x00, 0x00, 0x00, 0x00, 0x00, 0x00, 0x00, 0x00, 0x00, 0x00, 0x00, 0x00, 0x00, 0x00, 0x00, 0x00,
	0x00, 0x00, 0x00, 0x00, 0x00, 0x00, 0x00, 0x00, 0x00, 0x00, 0x00, 0x00, 0x00, 0x00, 0x00, 0x00,
	0x00, 0x00, 0x00, 0x00, 0x00, 0x00, 0x00, 0x00, 0x00, 0x00, 0x00, 0x00, 0x00, 0x00, 0x00, 0x00,
	0x00, 0x00, 0x00, 0x00, 0x00, 0x00, 0x00, 0x00, 0x00, 0x00, 0x00, 0x00, 0x00, 0x00, 0x00, 0x00,
	0x00, 0x00, 0x00, 0x00, 0x00, 0x00, 0x00, 0x00, 0x00, 0x00, 0x00, 0x00, 0x00, 0x00, 0x00, 0x00,
	0x00, 0x00, 0x00, 0x00, 0x00, 0x00, 0x00, 0x00, 0x00, 0x00, 0x00, 0x00, 0x00, 0x00, 0x00, 0x00,
	0x00, 0x00, 0x00, 0x00, 0x00, 0x00, 0x00, 0x00, 0x00, 0x00, 0x00, 0x00, 0x00, 0x00, 0x00, 0x00,
	0x00, 0x00, 0x00, 0x00, 0x00, 0x00, 0x00, 0x00, 0x00, 0x00, 0x00, 0x00, 0x00, 0x00, 0x00, 0x00,
	0x00, 0x00, 0x00, 0x00, 0x00, 0x00, 0x00, 0x00, 0x00, 0x00, 0x00, 0x00, 0x00, 0x00, 0x00, 0x00,
	0x00, 0x00, 0x00, 0x00, 0x00, 0x00, 0xf0, 0x00, 0x00, 0x00, 0x00, 0x00, 0x00, 0x00, 0x00, 0x00,
	0x0f, 0x00, 0x00, 0x00, 0x00, 0x00, 0x00, 0x00, 0x00, 0x00, 0x0f, 0x00, 0x00, 0x00, 0xff, 0xf0,
	0x00, 0xf0, 0xf0, 0x00, 0x00, 0x00, 0x00, 0x00, 0x00, 0x00, 0xf0, 0x00, 0x00, 0xf0, 0x00, 0x00,
	0x00, 0x00, 0x00, 0x00, 0x00, 0x00, 0x0f, 0x00, 0xf0, 0x00, 0x00, 0xf0, 0x00, 0x0f, 0x00, 0x00,
	0x00, 0x00, 0xf0, 0x00, 0x00, 0x00, 0x00, 0x00, 0x00, 0x00, 0x00, 0x00, 0x00, 0x00, 0x0f, 0x00,
	0x0f, 0x00, 0x00, 0x00, 0x00, 0x00, 0x00, 0x00, 0x00, 0xff, 0x00, 0x00, 0x00, 0x00, 0xff, 0xff,
	0x0f, 0x00, 0x00, 0x00, 0x00, 0x00, 0x0f, 0xff, 0x0f, 0x00, 0x00, 0x00, 0x00, 0x00, 0xff, 0x00,
	0x00, 0x00, 0x0f, 0xf0, 0x00, 0x00, 0x00, 0x00, 0x00, 0x00, 0x00, 0x00, 0x00, 0x00, 0x00, 0x00,
	0xf0, 0x00, 0x00, 0x00, 0x00, 0x00, 0x00, 0x00, 0x00, 0x00, 0x00, 0x00, 0x00, 0x00, 0x00, 0x00,
	0x00, 0xf0, 0x00, 0xff, 0x00, 0x00, 0x00, 0x00, 0xff, 0x00, 0x00, 0x00, 0x00, 0x00, 0xff, 0x00,
	0x00, 0x00, 0x00, 0x00, 0x00, 0x00, 0x00, 0xff, 0x00, 0x00, 0xff, 0x00, 0x00, 0x0f, 0x00, 0x00,
	0x00, 0xff, 0x00, 0x0f, 0xff, 0xf0, 0x00, 0x0f, 0x00, 0x00, 0x00, 0x00, 0x00, 0x00, 0x00, 0x00,
	0x00, 0x00, 0xff, 0x00, 0x00, 0x00, 0x00, 0x00, 0xf0, 0x00, 0x00, 0x00, 0x00, 0xff, 0x00, 0xff,
	0x00, 0x00, 0x00, 0x0f, 0x00, 0x00, 0x00, 0x00, 0x00, 0x00, 0x00, 0x00, 0x00, 0x00, 0x00, 0x00,
	0x00, 0x00, 0x00, 0x00, 0x00, 0x00, 0x00, 0x00, 0xff, 0x00, 0x00, 0x00, 0x00, 0xff, 0x00, 0x00,
	0x00, 0x00, 0xf0, 0x00, 0x00, 0x00, 0x00, 0x00, 0x00, 0x00, 0x00, 0x00, 0x00, 0xf0, 0x00, 0x00,
	0x00, 0xf0, 0x00, 0x00, 0xf0, 0x00, 0x00, 0x00, 0x00, 0x0f, 0x00, 0x0f, 0x0f, 0x00, 0x00, 0x00,
	0x00, 0x00, 0x00, 0x00, 0x00, 0x00, 0x00, 0xf0, 0x00, 0xff, 0x00, 0x00, 0x00, 0x00, 0x00, 0x00,
	0x0f, 0x00, 0x00, 0x00, 0x00, 0xf0, 0x00, 0x00, 0x00, 0x00, 0x00, 0x00, 0xff, 0x00, 0xf0, 0x00,
	0x00, 0x00, 0x00, 0x00, 0x00, 0x00, 0x0f, 0x00, 0xf0, 0x00, 0x00, 0x0f, 0x00, 0xff, 0x00, 0xff,
	0xf0, 0x00, 0x00, 0xff, 0x0f, 0x0f, 0x0f, 0x00, 0x0f, 0x00, 0x00, 0x0f, 0xf0, 0x00, 0x00, 0x00,
	0x00, 0x00, 0xff, 0x00, 0x00, 0x00, 0xf0, 0x00, 0x00, 0xf0, 0xff, 0xf0, 0xf0, 0x0f, 0x00, 0x00,
	0x00, 0x00, 0x00, 0x0f, 0x00, 0x00, 0x00, 0x00, 0xf0, 0x00, 0x00, 0x00, 0x00, 0x00, 0x00, 0x0f,
	0xff, 0x0f, 0x00, 0x00, 0x00, 0x00, 0x00, 0xff, 0x00, 0xf0, 0x00, 0x00, 0x00, 0xff, 0x00, 0x00,
	0x0f, 0x00, 0x00, 0x00, 0x00, 0xf0, 0x00, 0xff, 0x00, 0x0f, 0x00, 0x00, 0x00, 0x00, 0x00, 0x00,
	0x0f, 0xf0, 0xff, 0x00, 0xf0, 0x00, 0x00, 0x0f, 0x00, 0x00, 0xff, 0x00, 0x00, 0x00, 0x00, 0x00,
	0x00, 0x00, 0x0f, 0x00, 0x00, 0xf0, 0xff, 0x00, 0x00, 0x0f, 0x00, 0xff, 0xff, 0x00, 0x00, 0xff,
	0x00, 0x00, 0xff, 0x00, 0xf0, 0x0f, 0x00, 0xf0, 0x00, 0x00, 0x00, 0x00, 0x00, 0x00, 0x00, 0xf0,
	0xf0, 0xff, 0xf0, 0xf0, 0x0f, 0x0f, 0x0f, 0x00, 0x00, 0x0f, 0x00, 0x00, 0xff, 0x00, 0x00, 0x00,
	0x00, 0x00, 0x00, 0x0f, 0xf0, 0xf0, 0x0f, 0x0f, 0x00, 0x00, 0x00, 0x00, 0x00, 0x00, 0x00, 0x00,
	0x00, 0x00, 0xff, 0x00, 0x00, 0xff, 0xff, 0x00, 0xff, 0x00, 0x00, 0x00, 0x00, 0x00, 0x00, 0x00,
	0x00, 0x00, 0x00, 0xf0, 0xff, 0x00, 0x00, 0xf0, 0xff, 0x00, 0x00, 0x0f, 0x00, 0x00, 0xf0, 0xf0,
	0x00, 0x00, 0x00, 0x00, 0x00, 0x00, 0x00, 0x00, 0xff, 0x00, 0x00, 0x00, 0x00, 0x00, 0x00, 0x00,
	0x00, 0xff, 0xff, 0x0f, 0x00, 0x00, 0xf0, 0x00, 0x00, 0x0f, 0x00, 0x0f, 0x00, 0xf0, 0x00, 0x00,
	0x00, 0x00, 0x00, 0x0f, 0x0f, 0x00, 0x00, 0x00, 0x00, 0x0f, 0xf0, 0x00, 0x00, 0x00, 0x00, 0x00,
	0x00, 0x00, 0x00, 0x00, 0xf0, 0x00, 0x00, 0xff, 0x0f, 0xff, 0x00, 0x00, 0x00, 0xff, 0x00, 0x00,
	0x0f, 0xff, 0x0f, 0x00, 0xf0, 0x00, 0x00, 0xf0, 0xff, 0x00, 0x00, 0x0f, 0xff, 0x00, 0xf0, 0x00,
	0xf0, 0x00, 0x0f, 0x00, 0x00, 0x0f, 0x0f, 0xff, 0x0f, 0xf0, 0x00, 0x00, 0x00, 0x0f, 0x0f, 0x0f,
	0x00, 0xf0, 0x00, 0x0f, 0x0f, 0x00, 0x0f, 0x00, 0xf0, 0xff, 0xff, 0x00, 0x00, 0x00, 0x00, 0x00,
	0xf0, 0x00, 0x00, 0x00, 0x00, 0x0f, 0xff, 0x00, 0x00, 0x00, 0x00, 0xff, 0xf0, 0xff, 0xff, 0x00,
	0xf0, 0x0f, 0x0f, 0x00, 0x00, 0x00, 0x00, 0x00, 0x00, 0x00, 0x00, 0x00, 0xff, 0xf0, 0x00, 0x00,
	0x0f, 0x00, 0x00, 0xf0, 0x00, 0x00, 0x00, 0x0f, 0x0f, 0x00, 0x00, 0x00, 0x00, 0x00, 0x0f, 0xff,
	0xf0, 0x0f, 0x00, 0x00, 0x0f, 0x00, 0x00, 0xff, 0xf0, 0x0f, 0x00, 0x00, 0x0f, 0xff, 0x0f, 0x00,
	0x00, 0x00, 0x00, 0x00, 0x00, 0x00, 0x00, 0xff, 0x00, 0xf0, 0x00, 0x00, 0x0f, 0x00, 0x00, 0x0f,
	0xf0, 0xf0, 0xf0, 0xff, 0x00, 0x00, 0xf0, 0x00, 0x00, 0x00, 0xff, 0x00, 0xff, 0xff, 0xff, 0xf0,
	0xff, 0x00, 0x00, 0x00, 0xf0, 0x00, 0x00, 0x0f, 0x00, 0xff, 0x00, 0xf0, 0xff, 0xff, 0x00, 0x00,
	0x00, 0xff, 0x0f, 0x00, 0x0f, 0x00, 0x00, 0x00, 0x00, 0x00, 0xff, 0x00, 0x00, 0x00, 0x00, 0x00,
	0xff, 0x00, 0x0f, 0xf0, 0xf0, 0x0f, 0x00, 0x00, 0x00, 0x0f, 0xff, 0x00, 0xf0, 0x00, 0x00, 0x00,
	0x00, 0x00, 0xf0, 0x00, 0xff, 0x00, 0xf0, 0xff, 0x00, 0x00, 0x0f, 0xff, 0x00, 0xf0, 0x00, 0x00,
	0x00, 0xff, 0xff, 0x00, 0x00, 0xf0, 0xf0, 0x00, 0x00, 0xf0, 0x0f, 0x00, 0x00, 0xff, 0xf0, 0x0f,
	0x00, 0x00, 0x00, 0x00, 0x00, 0xf0, 0x0f, 0x00, 0x00, 0x00, 0x00, 0xff, 0x0f, 0x00, 0x0f, 0x0f,
	0xff, 0x00, 0x0f, 0x0f, 0x00, 0x00, 0xff, 0x00, 0xf0, 0xff, 0xff, 0x00, 0x00, 0x0f, 0x0f, 0x00,
	0x0f, 0xff, 0xf0, 0x0f, 0xf0, 0x00, 0x00, 0x0f, 0x00, 0xf0, 0x0f, 0x00, 0x00, 0x00, 0x00, 0xf0,
	0x00, 0x00, 0x00, 0xf0, 0x0f, 0x00, 0xff, 0x00, 0x00, 0xff, 0xff, 0x00, 0x0f, 0x00, 0x0f, 0x00,
	0x00, 0x00, 0x00, 0x00, 0x00, 0xf0, 0xff, 0x00, 0xff, 0xf0, 0x0f, 0x00, 0x0f, 0xff, 0x00, 0xf0,
	0xf0, 0x00, 0x00, 0xf0, 0x00, 0x0f, 0xff, 0xf0, 0x00, 0x00, 0xf0, 0x00, 0xff, 0x00, 0x00, 0x00,
	0x00, 0xff, 0xff, 0x00, 0xff, 0xff, 0xff, 0x00, 0x00, 0x00, 0xff, 0xf0, 0xff, 0xf0, 0xff, 0xf0,
	0x00, 0xff, 0xff, 0x00, 0x00, 0xff, 0xff, 0x0f, 0x0f, 0x00, 0x00, 0xf0, 0x00, 0x0f, 0xff, 0x00,
	0x00, 0xf0, 0x00, 0x00, 0x00, 0x00, 0x00, 0x00, 0x00, 0xff, 0x0f, 0x00, 0xff, 0x00, 0xf0, 0x00,
	0x00, 0x00, 0x0f, 0x0f, 0x0f, 0xff, 0x00, 0x00, 0xf0, 0x0f, 0xf0, 0xf0, 0x00, 0x00, 0xf0, 0x0f,
	0xf0, 0xff, 0x00, 0x00, 0x00, 0x00, 0xff, 0x0f, 0xf0, 0xf0, 0xf0, 0xf0, 0x00, 0xf0, 0x00, 0x00,
	0x00, 0x0f, 0x0f, 0x0f, 0xff, 0x0f, 0xf0, 0x00, 0x00, 0x0f, 0x00, 0x0f, 0x0f, 0xf0, 0x00, 0x00,
	0x00, 0x00, 0xff, 0xf0, 0x00, 0xff, 0xf0, 0x0f, 0x00, 0xf0, 0xff, 0x0f, 0x0f, 0xff, 0xf0, 0x00,
	0xf0, 0xf0, 0x0f, 0x00, 0xff, 0x00, 0xf0, 0xf0, 0x00, 0x00, 0x00, 0xff, 0xf0, 0xf0, 0xff, 0xff,
	0x0f, 0xff, 0x00, 0x00, 0x00, 0x00, 0x00, 0x00, 0xf0, 0x00, 0x0f, 0xff, 0xf0, 0x0f, 0xf0, 0x00,
	0xff, 0x00, 0x0f, 0x00, 0x0f, 0xf0, 0x00, 0xf0, 0xff, 0xff, 0x00, 0xf0, 0x00, 0x00, 0xff, 0xf0,
	0xff, 0x0f, 0x0f, 0xff, 0x00, 0x00, 0xff, 0x0f, 0x00, 0xff, 0x0f, 0x00, 0xff, 0x00, 0x0f, 0x00,
	0xf0, 0xff, 0xff, 0xff, 0x00, 0xf0, 0xf0, 0xf0, 0x0f, 0x00, 0xf0, 0x0f, 0xff, 0xff, 0x00, 0x0f,
	0xf0, 0xff, 0x00, 0x0f, 0x00, 0xf0, 0xff, 0xf0, 0x0f, 0x0f, 0xff, 0x00, 0xf0, 0xf0, 0x0f, 0xf0,
	0xf0, 0x0f, 0x00, 0xff, 0xff, 0x0f, 0x00, 0x0f, 0xf0, 0xff, 0x00, 0x00, 0xff, 0x00, 0x00, 0x0f,
	0xf0, 0xff, 0xf0, 0x0f, 0x00, 0x00, 0x0f, 0x00, 0xf0, 0xff, 0xf0, 0x0f, 0x0f, 0x00, 0xff, 0x00,
	0xff, 0xf0, 0xf0, 0x00, 0x00, 0x0f, 0x0f, 0x00, 0xff, 0x00, 0xff, 0xf0, 0x0f, 0x0f, 0x00, 0x0f,
	0xf0, 0xf0, 0xf0, 0x00, 0x0f, 0xff, 0xff, 0x0f, 0xff, 0xff, 0xf0, 0x00, 0x00, 0xff, 0x0f, 0xf0,
	0x00, 0x0f, 0xff, 0x00, 0x0f, 0x0f, 0x00, 0x00, 0x00, 0xf0, 0x0f, 0x0f, 0x00, 0x00, 0x00, 0xff,
	0xff, 0xff, 0x0f, 0x00, 0x0f, 0x0f, 0xff, 0x00, 0x0f, 0x00, 0x0f, 0x0f, 0x00, 0x0f, 0xf0, 0x0f,
	0x00, 0xff, 0x0f, 0xf0, 0x0f, 0xf0, 0xf0, 0x00, 0xf0, 0xf0, 0xff, 0xf0, 0x0f, 0xff, 0xf0, 0x00,
	0x00, 0x0f, 0x0f, 0xff, 0x0f, 0x0f, 0xf0, 0x00, 0xff, 0x0f, 0xff, 0xf0, 0xff, 0x0f, 0xff, 0x00,
	0xff, 0x00, 0x0f, 0xff, 0xf0, 0x00, 0xf0, 0x0f, 0x0f, 0x00, 0xf0, 0x00, 0x00, 0xf0, 0xf0, 0xf0,
	0x00, 0x0f, 0x00, 0xff, 0xf0, 0x00, 0x0f, 0x0f, 0xf0, 0x0f, 0x00, 0xf0, 0x00, 0x0f, 0x0f, 0xf0,
	0x0f, 0x00, 0x0f, 0xff, 0x0f, 0xf0, 0x0f, 0x0f, 0x0f, 0xff, 0xf0, 0x00, 0x0f, 0xff, 0x00, 0x00,
	0xff, 0xff, 0x00, 0x00, 0xf0, 0xff, 0x0f, 0x0f, 0xf0, 0xf0, 0xf0, 0xf0, 0x0f, 0xf0, 0xf0, 0xf0,
	0xf0, 0xf0, 0x00, 0x00, 0xff, 0x0f, 0xf0, 0xf0, 0xf0, 0xf0, 0xf0, 0xff, 0xf0, 0x0f, 0xf0, 0xff,
	0x0f, 0x00, 0xf0, 0xff, 0x00, 0x0f, 0xf0, 0x00, 0xf0, 0xff, 0xff, 0x0f, 0x00, 0x0f, 0xf0, 0x0f,
	0xf0, 0x00, 0xff, 0xff, 0xf0, 0xff, 0x0f, 0xff, 0x00, 0x0f, 0x00, 0xf0, 0xff, 0xf0, 0x00, 0x00,
	0xff, 0xff, 0xf0, 0xff, 0xf0, 0x0f, 0xf0, 0x0f, 0x0f, 0xf0, 0xff, 0xf0, 0x0f, 0xff, 0x00, 0x00,
	0xf0, 0x00, 0x0f, 0x00, 0xf0, 0x0f, 0xf0, 0xf0, 0xff, 0xff, 0x00, 0x0f, 0xf0, 0x0f, 0xff, 0x0f,
	0xf0, 0xff, 0xff, 0x0f, 0x0f, 0x0f, 0xff, 0xf0, 0xf0, 0x0f, 0xff, 0xf0, 0xf0, 0xff, 0xff, 0xf0,
	0xff, 0x0f, 0xff, 0xf0, 0xff, 0x0f, 0x0f, 0x0f, 0xf0, 0xf0, 0x00, 0xf0, 0x0f, 0xf0, 0xf0, 0x00,
	0xf0, 0x0f, 0xf0, 0xf0, 0xf0, 0xf0, 0xf0, 0xff, 0x0f, 0x0f, 0x00, 0xf0, 0xf0, 0x00, 0x0f, 0x0f,
	0xff, 0xff, 0xff, 0xf0, 0x00, 0x0f, 0xf0, 0xf0, 0xff, 0xf0, 0xf0, 0x00, 0x0f, 0x0f, 0x0f, 0xf0,
	0xff, 0xff, 0xf0, 0xf0, 0x0f, 0x0f, 0xf0, 0xf0, 0x0f, 0x0f, 0xf0, 0x0f, 0xf0, 0x0f, 0xf0, 0xff,
	0x0f, 0xff, 0xff, 0xf0, 0x0f, 0xf0, 0xf0, 0xff, 0x0f, 0xff, 0xff, 0xf0, 0x0f, 0xf0, 0xf0, 0xff,
	0xf0, 0xf0, 0x0f, 0x0f, 0xf0, 0xf0, 0xff, 0xf0, 0xf0, 0xf0, 0x0f, 0xf0, 0xff, 0xff, 0x0f, 0x0f,
	0xf0, 0x00, 0x0f, 0x0f, 0x0f, 0x0f, 0xff, 0xff, 0xff, 0x0f, 0x0f, 0x0f, 0x0f, 0xf0, 0xf0, 0x0f,
	0xff, 0x0f, 0xf0, 0x00, 0x0f, 0xff, 0xff, 0xf0, 0xff, 0xf0, 0xff, 0x00, 0x0f, 0x0f, 0x0f, 0x00,
	0x0f, 0x0f, 0x0f, 0xf0, 0x0f, 0xf0, 0xff, 0xff, 0x0f, 0xf0, 0xff, 0xf0, 0x0f, 0xf0, 0x00, 0xf0,
	0x0f, 0x00, 0xff, 0xf0, 0xf0, 0x0f, 0x00, 0x00, 0xf0, 0x00, 0xf0, 0x0f, 0x0f, 0x0f, 0x0f, 0xff,
	0x0f, 0x0f, 0x0f, 0x00, 0x0f, 0xff, 0x0f, 0xf0, 0x0f, 0xff, 0xff, 0xf0, 0xf0, 0x0f, 0x00, 0x00,
	0xff, 0xff, 0xff, 0xf0, 0xff, 0xf0, 0xf0, 0x0f, 0x0f, 0xf0, 0xf0, 0xff, 0xf0, 0x00, 0xf0, 0xff,
	0xff, 0x00, 0xff, 0xff, 0xff, 0xff, 0xff, 0xff, 0x0f, 0x00, 0x0f, 0xf0, 0xf0, 0x00, 0xf0, 0x0f,
	0xf0, 0xff, 0xff, 0xff, 0x0f, 0x0f, 0x00, 0x0f, 0x0f, 0x0f, 0xf0, 0x00, 0xf0, 0xff, 0xff, 0xf0,
	0xff, 0xf0, 0xff, 0xf0, 0xf0, 0xff, 0xf0, 0xff, 0xf0, 0xff, 0x0f, 0xff, 0xf0, 0xf0, 0xf0, 0x0f,
	0xff, 0xff, 0xff, 0x0f, 0x0f, 0xf0, 0x0f, 0x0f, 0xf0, 0xff, 0xf0, 0x0f, 0xff, 0xff, 0x00, 0xff,
	0xff, 0x00, 0xff, 0xff, 0x0f, 0xff, 0x0f, 0x0f, 0xff, 0xff, 0xff, 0xff, 0xf0, 0xff, 0xff, 0x00,
	0x0f, 0xf0, 0xff, 0xff, 0xff, 0x0f, 0xff, 0x0f, 0xf0, 0x0f, 0x0f, 0xf0, 0xf0, 0xf0, 0xf0, 0xf0,
	0x0f, 0x0f, 0xf0, 0x0f, 0xff, 0xff, 0x0f, 0xff, 0xf0, 0x0f, 0x00, 0xf0, 0xff, 0x0f, 0xff, 0xf0,
	0xff, 0x0f, 0x0f, 0xf0, 0x0f, 0xf0, 0xf0, 0xf0, 0xf0, 0xff, 0x0f, 0xf0, 0x0f, 0xf0, 0x0f, 0x0f,
	0xf0, 0xff, 0xff, 0x0f, 0x0f, 0xf0, 0x0f, 0x0f, 0xff, 0x0f, 0xff, 0x0f, 0xff, 0x0f, 0xf0, 0x0f,
	0xf0, 0xf0, 0xff, 0xff, 0xff, 0xf0, 0xff, 0xff, 0xf0, 0x0f, 0xff, 0x0f, 0xf0, 0x0f, 0x0f, 0x0f,
	0x0f, 0xff, 0xff, 0xff, 0xff, 0xf0, 0x0f, 0xff, 0xff, 0x0f, 0xff, 0xff, 0xff, 0xf0, 0xff, 0xff,
	0x0f, 0x0f, 0x0f, 0xf0, 0xff, 0x0f, 0x0f, 0xf0, 0xff, 0xff, 0x00, 0xff, 0xff, 0xf0, 0x0f, 0xf0,
	0x0f, 0xff, 0xff, 0xf0, 0xff, 0xf0, 0xf0, 0x0f, 0x0f, 0xf0, 0xf0, 0x0f, 0xf0, 0xf0, 0x0f, 0xf0,
	0x0f, 0xf0, 0xff, 0xf0, 0xff, 0xff, 0xf0, 0xf0, 0x0f, 0xf0, 0xff, 0xff, 0xf0, 0xf0, 0xff, 0x0f,
	0xf0, 0x0f, 0x0f, 0x0f, 0xf0, 0xf0, 0xff, 0xf0, 0xff, 0xf0, 0xf0, 0xff, 0x00, 0xf0, 0xff, 0xf0,
	0xf0, 0x0f, 0xf0, 0x0f, 0x0f, 0xf0, 0xff, 0xf0, 0xff, 0xf0, 0xf0, 0x0f, 0xff, 0xf0, 0xff, 0xff,
	0x0f, 0x0f, 0x0f, 0xf0, 0xff, 0xff, 0xf0, 0xf0, 0x0f, 0xff, 0xf0, 0xf0, 0x0f, 0x0f, 0xff, 0x00,
	0xff, 0x0f, 0xff, 0xff, 0xf0, 0x00, 0xff, 0x0f, 0x0f, 0xf0, 0xff, 0xf0, 0xf0, 0x0f, 0x0f, 0xf0,
	0xff, 0xff, 0xff, 0xff, 0x0f, 0xff, 0xf0, 0xf0, 0xf0, 0xf0, 0xff, 0xf0, 0x0f, 0xf0, 0x0f, 0xf0,
	0xff, 0xff, 0x0f, 0xf0, 0xff, 0xff, 0xff, 0x0f, 0xff, 0xff, 0xf0, 0xff, 0x0f, 0x0f, 0x0f, 0xff,
	0x0f, 0xff, 0xf0, 0xff, 0xff, 0xff, 0xf0, 0xf0, 0x0f, 0xf0, 0x0f, 0xf0, 0x0f, 0xff, 0xff, 0xf0,
	0xff, 0xff, 0xff, 0xff, 0xff, 0xff, 0xff, 0xff, 0xff, 0xff, 0xff, 0xff, 0xff, 0xff, 0xff, 0xff,
	0xff, 0xff, 0xff, 0xff, 0xff, 0xff, 0xff, 0xff, 0xff, 0xff, 0xff, 0xff, 0xff, 0xff, 0xff, 0xff,
	0xff, 0xff, 0xff, 0xff, 0xff, 0xff, 0xff, 0xff, 0xff, 0xff, 0xff, 0xff, 0xff, 0xff, 0xff, 0xff,
	0xff, 0xff, 0xff, 0xff, 0xff, 0xff, 0xff, 0xff, 0xff, 0xff, 0xff, 0xff, 0xff, 0xff, 0xff, 0xff,
	0xff, 0xff, 0xff, 0xff, 0xff, 0xff, 0xff, 0xff, 0xff, 0xff, 0xff, 0xff, 0xff, 0xff, 0xff, 0xff,
	0xff, 0xff, 0xff, 0xff, 0xff, 0xff, 0xff, 0xff, 0xff, 0xff, 0xff, 0xff, 0xff, 0xff, 0xff, 0xff,
	0xff, 0xff, 0xff, 0xff, 0xff, 0xff, 0xff, 0xff, 0xff, 0xff, 0xff, 0xff, 0xff, 0xff, 0xff, 0xff,
	0xff, 0xff, 0xff, 0xff, 0xff, 0xff, 0xff, 0xff, 0xff, 0xff, 0xff, 0xff, 0xff, 0xff, 0xff, 0xff,
	0xff, 0xff, 0xff, 0xff, 0xff, 0xff, 0xff, 0xff, 0xff, 0xff, 0xff, 0xff, 0xff, 0xff, 0xff, 0xff,
	0xff, 0xff, 0xff, 0xff, 0xff, 0xff, 0xff, 0xff, 0xff, 0xff, 0xff, 0xff, 0xff, 0xff, 0xff, 0xff,
	0xff, 0xff, 0xff, 0xff, 0xff, 0xff, 0xff, 0xff, 0xff, 0xff, 0xff, 0xff, 0xff, 0xff, 0xff, 0xff,
	0xff, 0xff, 0xff, 0xff, 0xff, 0xff, 0xff, 0xff, 0xff, 0xff, 0xff, 0xff, 0xff, 0xff, 0xff, 0xff,
	0xff, 0xff, 0xff, 0xff, 0xff, 0xff, 0xff, 0xff, 0xff, 0xff, 0xff, 0xff, 0xff, 0xff, 0xff, 0xff,
	0xff, 0xff, 0xff, 0xff, 0xff, 0xff, 0xff, 0xff, 0xff, 0xff, 0xff, 0xff, 0xff, 0xff, 0xff, 0xff,
	0xff, 0xff, 0xff, 0xff, 0xff, 0xff, 0xff, 0xff, 0xff, 0xff, 0xff, 0xff, 0xff, 0xff, 0xff, 0xff,
	0xff, 0xff, 0xff, 0xff, 0xff, 0xff, 0xff, 0xff, 0xff, 0xff, 0xff, 0xff, 0xff, 0xff, 0xff, 0xff,
	0xff, 0xff, 0xff, 0xff, 0xff, 0xff, 0xff, 0xff, 0xff, 0xff, 0xff, 0xff, 0xff, 0xff, 0xff, 0xff,
	0xff, 0xff, 0xff, 0xff, 0xff, 0xff, 0xff, 0xff, 0xff, 0xff, 0xff, 0xff, 0xff, 0xff, 0xff, 0xff,
	0xff, 0xff, 0xff, 0xff, 0xff, 0xff, 0xff, 0xff, 0xff, 0xff, 0xff, 0xff, 0xff, 0xff, 0xff, 0xff,
	0xff, 0xff, 0xff, 0xff, 0xff, 0xff, 0xff, 0xff, 0xff, 0xff, 0xff, 0xff, 0xff, 0xff, 0xff, 0xff,
	0x00, 0x00, 0x00, 0x00, 0x00, 0x00, 0x00, 0x00, 0x00, 0x00, 0x00, 0x00, 0x00, 0x00, 0x00, 0x00,
	0x00, 0x00, 0x00, 0x00, 0x00, 0x00, 0x00, 0x00, 0x00, 0x00, 0x00, 0x00, 0x00, 0x00, 0x00, 0x00,
	0x00, 0x00, 0x00, 0x00, 0x00, 0x00, 0x00, 0x00, 0x00, 0x00, 0x00, 0x00, 0x00, 0x00, 0x00, 0x00,
	0x00, 0x00, 0x00, 0x00, 0x00, 0x00, 0x00, 0x00, 0x00, 0x00, 0x00, 0x00, 0x00, 0x00, 0x00, 0x00,
	0x00, 0x00, 0x00, 0x00, 0x00, 0x00, 0x00, 0x00, 0x00, 0x00, 0x00, 0x00, 0x00, 0x00, 0x00, 0x00,
	0x00, 0x00, 0x00, 0x00, 0x00, 0x00, 0x00, 0x00, 0x00, 0x00, 0x00, 0x00, 0x00, 0x00, 0x00, 0x00,
	0x00, 0x00, 0x00, 0x00, 0x00, 0x00, 0x00, 0x00, 0x00, 0x00, 0x00, 0x00, 0x00, 0x00, 0x00, 0x00,
	0x00, 0x00, 0x00, 0x00, 0x00, 0x00, 0x00, 0x00, 0x00, 0x00, 0x00, 0x00, 0x00, 0x00, 0x00, 0x00,
	0x00, 0x00, 0x00, 0x00, 0x00, 0x00, 0x00, 0x00, 0x00, 0x00, 0x00, 0x00, 0x00, 0x00, 0x00, 0x00,
	0x00, 0x00, 0x00, 0x00, 0x00, 0x00, 0x00, 0x00, 0x00, 0x00, 0x00, 0x00, 0x00, 0x00, 0x00, 0x00,
	0x00, 0x00, 0x00, 0x00, 0x00, 0x00, 0x00, 0x00, 0x00, 0x00, 0x00, 0x00, 0x00, 0x00, 0x00, 0x00,
	0x00, 0x00, 0x00, 0x00, 0x00, 0x00, 0x00, 0x00, 0x00, 0x00, 0x00, 0x00, 0x00, 0x00, 0x00, 0x00,
	0x00, 0x00, 0x00, 0x00, 0x00, 0x00, 0x00, 0x00, 0x00, 0x00, 0x00, 0x00, 0x00, 0x00, 0x00, 0x00,
	0x00, 0x00, 0x00, 0x00, 0x00, 0x00, 0x00, 0x00, 0x00, 0x00, 0x00, 0x00, 0x00, 0x00, 0x00, 0x00,
	0x00, 0x00, 0x00, 0x00, 0x00, 0x00, 0x00, 0x00, 0x00, 0x00, 0x00, 0x00, 0x00, 0x00, 0x00, 0x00,
	0x00, 0x00, 0x00, 0x00, 0x00, 0x00, 0x00, 0x00, 0x00, 0x00, 0x00, 0x00, 0x00, 0x00, 0x00, 0x00,
	0x00, 0x00, 0x00, 0x00, 0x00, 0x00, 0x00, 0x00, 0x00, 0x00, 0x00, 0x00, 0x00, 0x00, 0x00, 0x00,
	0x00, 0x00, 0x00, 0x00, 0x00, 0x00, 0x00, 0x00, 0x00, 0x00, 0x00, 0x00, 0x00, 0x00, 0x00, 0x00,
	0x00, 0x00, 0x00, 0x00, 0x00, 0x00, 0x00, 0x00, 0x00, 0x00, 0x00, 0x00, 0x00, 0x00, 0x00, 0x00,
	0x00, 0x00, 0x00, 0x00, 0x00, 0x00, 0x00, 0x00, 0x00, 0x00, 0x00, 0x00, 0x00, 0x00, 0x00, 0x00,
	0x00, 0x00, 0x00, 0x00, 0x00, 0x00, 0x00, 0x00, 0x00, 0x0f, 0x00, 0x00, 0xff, 0x00, 0x00, 0x00,
	0x00, 0x00, 0x00, 0x00, 0x00, 0x00, 0xff, 0x00, 0x00, 0x00, 0x00, 0x00, 0x00, 0x00, 0x00, 0xff,
	0x00, 0xff, 0x00, 0x00, 0x00, 0x00, 0x00, 0x00, 0xff, 0x00, 0xf0, 0xff, 0xf0, 0x00, 0x00, 0xf0,
	0x00, 0x00, 0x00, 0x00, 0x00, 0x00, 0xff, 0xff, 0x00, 0x00, 0x00, 0x00, 0x0f, 0x00, 0x00, 0x00,
	0x00, 0x00, 0x00, 0x00, 0x00, 0x00, 0x00, 0xf0, 0x0f, 0x00, 0x00, 0xf0, 0x00, 0x00, 0xff, 0x00,
	0xf0, 0x00, 0x00, 0x00, 0x00, 0x00, 0x00, 0x00, 0x00, 0x00, 0xff, 0x00, 0x00, 0x00, 0x00, 0x00,
	0x00, 0xff, 0x00, 0x00, 0x00, 0x00, 0x00, 0x00, 0x00, 0x00, 0x00, 0x00, 0x00, 0x00, 0x00, 0xff,
	0x00, 0xff, 0x00, 0x00, 0xf0, 0x00, 0x00, 0x0f, 0x00, 0xf0, 0x00, 0xf0, 0xff, 0x00, 0x00, 0x0f,
	0x0f, 0x00, 0x00, 0x00, 0xf0, 0x00, 0x00, 0x00, 0x00, 0x00, 0x00, 0x00, 0xff, 0x00, 0x00, 0x00,
	0x00, 0x0f, 0x00, 0x00, 0x00, 0x00, 0x0f, 0x00, 0x00, 0x00, 0x0f, 0x00, 0x00, 0x00, 0x00, 0x00,
	0x00, 0x00, 0x00, 0xf0, 0x00, 0x00, 0x00, 0x00, 0x00, 0x0f, 0x0f, 0x00, 0xff, 0x00, 0x00, 0x00,
	0x00, 0x00, 0x00, 0x00, 0xf0, 0x00, 0x00, 0x00, 0x00, 0x00, 0x0f, 0x00, 0x00, 0x00, 0x0f, 0x00,
	0x00, 0x00, 0x00, 0xf0, 0x00, 0x00, 0x00, 0x00, 0x00, 0xff, 0xff, 0x00, 0x0f, 0x0f, 0x00, 0x00,
	0x00, 0x00, 0x00, 0x00, 0x00, 0x00, 0x00, 0x00, 0x00, 0x00, 0x00, 0x00, 0xff, 0x00, 0x00, 0x00,
	0x00, 0x00, 0xff, 0x00, 0x00, 0xff, 0x00, 0x00, 0x00, 0x00, 0x00, 0x00, 0x00, 0x00, 0x00, 0xf0,
	0x00, 0x00, 0x00, 0x00, 0x00, 0x00, 0x00, 0xff, 0x00, 0x0f, 0x00, 0x00, 0x00, 0x00, 0x00, 0x00,
	0x00, 0x00, 0x00, 0x00, 0x00, 0x00, 0xff, 0x00, 0xf0, 0x00, 0x00, 0x00, 0x00, 0x00, 0x00, 0x00,
	0x00, 0x0f, 0x00, 0xff, 0x00, 0x00, 0x00, 0xff, 0x0f, 0x00, 0x00, 0x00, 0x00, 0x00, 0x0f, 0x00,
	0x00, 0x00, 0x00, 0xf0, 0xf0, 0x00, 0xf0, 0x0f, 0x00, 0x00, 0x00, 0x00, 0x00, 0x00, 0x00, 0x00,
	0x00, 0x00, 0x00, 0x00, 0x00, 0xff, 0x00, 0x00, 0x00, 0x00, 0x00, 0x00, 0x00, 0x00, 0x00, 0x00,
	0xf0, 0x00, 0xff, 0x0f, 0x0f, 0x00, 0x00, 0xf0, 0x00, 0xff, 0xf0, 0xf0, 0x00, 0x00, 0x00, 0x0f,
	0x00, 0x00, 0x00, 0x00, 0x00, 0x00, 0x00, 0x00, 0x00, 0xf0, 0x00, 0x00, 0x00, 0x00, 0xff, 0x00,
	0x00, 0x00, 0x00, 0xf0, 0x00, 0xf0, 0x00, 0x00, 0x0f, 0xf0, 0x00, 0x00, 0xf0, 0x00, 0x00, 0xff,
	0x00, 0x00, 0x00, 0x00, 0x00, 0x00, 0x0f, 0xf0, 0x00, 0x00, 0x00, 0x00, 0x00, 0x00, 0x00, 0x00,
	0xff, 0xff, 0xff, 0x00, 0x00, 0x00, 0xf0, 0x00, 0x00, 0xff, 0x00, 0xff, 0x0f, 0xf0, 0x00, 0x00,
	0x00, 0x00, 0x00, 0x00, 0x00, 0x00, 0x00, 0x00, 0x00, 0xf0, 0xff, 0xf0, 0xff, 0x00, 0x00, 0xf0,
	0xff, 0x00, 0xff, 0x00, 0x00, 0x0f, 0xff, 0x00, 0x00, 0x0f, 0x00, 0x00, 0x00, 0xf0, 0x00, 0x00,
	0x00, 0x00, 0xf0, 0x00, 0x00, 0x0f, 0xf0, 0xff, 0x00, 0x00, 0x00, 0x00, 0xf0, 0x00, 0x00, 0x00,
	0x0f, 0x00, 0x0f, 0xff, 0x00, 0xff, 0x00, 0x00, 0x00, 0x00, 0x00, 0x00, 0xff, 0x00, 0x00, 0xf0,
	0x00, 0x0f, 0xf0, 0x00, 0x0f, 0x00, 0x00, 0x00, 0x00, 0x00, 0x00, 0x00, 0x00, 0xf0, 0x00, 0xf0,
	0x00, 0x00, 0xf0, 0x00, 0x00, 0xff, 0x00, 0x00, 0xff, 0xff, 0xff, 0x00, 0x0f, 0x00, 0xf0, 0x00,
	0x0f, 0xff, 0x0f, 0x0f, 0xff, 0xff, 0x0f, 0x00, 0x00, 0xf0, 0x00, 0xff, 0xf0, 0x00, 0x00, 0x00,
	0x00, 0x0f, 0x00, 0x0f, 0x00, 0x00, 0xf0, 0x00, 0x0f, 0x00, 0x00, 0xf0, 0xf0, 0x00, 0x00, 0x0f,
	0x00, 0x00, 0xf0, 0x00, 0x00, 0x0f, 0x00, 0xff, 0x00, 0xf0, 0xf0, 0xf0, 0x00, 0x00, 0x0f, 0x00,
	0xff, 0xf0, 0x0f, 0xf0, 0xff, 0x00, 0x00, 0xff, 0x00, 0x00, 0x00, 0x0f, 0x00, 0xf0, 0xf0, 0x00,
	0x00, 0x00, 0x0f, 0xff, 0x00, 0x00, 0x00, 0x00, 0x00, 0x00, 0x00, 0xf0, 0x00, 0x0f, 0x00, 0x00,
	0x00, 0xf0, 0x00, 0x00, 0x00, 0x00, 0xf0, 0x00, 0xf0, 0x00, 0x00, 0x00, 0x00, 0xff, 0x00, 0xf0,
	0x00, 0x00, 0x00, 0x00, 0xf0, 0x00, 0x00, 0xff, 0x00, 0x00, 0x00, 0xf0, 0x00, 0x00, 0xff, 0xff,
	0x00, 0xf0, 0x0f, 0x00, 0x00, 0x00, 0x00, 0x00, 0xf0, 0xff, 0x00, 0x00, 0x00, 0x00, 0xf0, 0x0f,
	0x0f, 0x00, 0xf0, 0xff, 0x00, 0xff, 0x00, 0xf0, 0x00, 0x00, 0x00, 0xff, 0x00, 0x00, 0x00, 0x00,
	0xf0, 0x0f, 0x0f, 0x00, 0x00, 0x00, 0xff, 0x00, 0x0f, 0x0f, 0xf0, 0x00, 0x00, 0x00, 0x00, 0xff,
	0xff, 0x00, 0x00, 0xff, 0xff, 0xff, 0xf0, 0x00, 0x0f, 0xf0, 0x0f, 0x0f, 0xff, 0x00, 0x00, 0x0f,
	0x0f, 0x00, 0xf0, 0xf0, 0x00, 0x00, 0x0f, 0xff, 0xf0, 0x00, 0x0f, 0xf0, 0x00, 0x00, 0xf0, 0xf0,
	0xff, 0x00, 0xf0, 0x0f, 0x0f, 0xf0, 0x0f, 0xf0, 0x0f, 0x00, 0x00, 0x00, 0xff, 0x00, 0xf0, 0xff,
	0x00, 0xf0, 0xf0, 0x00, 0xf0, 0xf0, 0xf0, 0x0f, 0xf0, 0x00, 0xff, 0x0f, 0xff, 0x00, 0xf0, 0x00,
	0x00, 0x00, 0x00, 0x00, 0x00, 0x00, 0x00, 0x00, 0x0f, 0xf0, 0x00, 0x00, 0xff, 0x00, 0x0f, 0x0f,
	0xf0, 0xff, 0x00, 0xff, 0x00, 0x00, 0x00, 0x00, 0x00, 0xf0, 0xf0, 0x00, 0x00, 0x00, 0xff, 0x00,
	0x00, 0x00, 0x0f, 0x00, 0x00, 0x00, 0xf0, 0x00, 0x00, 0x00, 0x00, 0x00, 0x00, 0xf0, 0x00, 0x00,
	0xff, 0x00, 0x0f, 0xf0, 0x0f, 0x0f, 0x00, 0x0f, 0x00, 0x00, 0xff, 0x00, 0x00, 0x00, 0x0f, 0x00,
	0x0f, 0x00, 0x00, 0x0f, 0x00, 0x0f, 0xff, 0xf0, 0xff, 0x0f, 0xf0, 0x00, 0xff, 0x0f, 0xff, 0xff,
	0x00, 0x00, 0x00, 0xf0, 0x00, 0x00, 0x00, 0x00, 0x0f, 0x00, 0x00, 0x00, 0xf0, 0x0f, 0xff, 0x00,
	0xff, 0x00, 0xff, 0x0f, 0x00, 0x0f, 0x00, 0x00, 0xf0, 0x00, 0x00, 0x00, 0x00, 0xff, 0x0f, 0x00,
	0xf0, 0x00, 0xf0, 0xf0, 0x00, 0xf0, 0xff, 0x00, 0x00, 0x00, 0x00, 0x00, 0x00, 0x00, 0x00, 0x00,
	0x00, 0xf0, 0xf0, 0xff, 0x00, 0x00, 0x00, 0x0f, 0xf0, 0x00, 0xff, 0xff, 0x00, 0xff, 0x0f, 0x00,
	0x0f, 0xf0, 0xf0, 0x00, 0xf0, 0x00, 0x0f, 0xf0, 0x00, 0x00, 0x0f, 0x00, 0x00, 0x00, 0x00, 0xf0,
	0x0f, 0x00, 0x00, 0xf0, 0xf0, 0xff, 0x00, 0x00, 0xf0, 0x00, 0xff, 0x00, 0xf0, 0x00, 0x00, 0x00,
	0x00, 0x00, 0x00, 0x0f, 0x00, 0x0f, 0xff, 0x00, 0x00, 0x00, 0x00, 0xff, 0x00, 0x0f, 0x00, 0xf0,
	0x00, 0x0f, 0x00, 0x00, 0x00, 0x0f, 0x00, 0x00, 0xff, 0xf0, 0x00, 0x00, 0xf0, 0x00, 0x00, 0x00,
	0x0f, 0xff, 0x0f, 0x0f, 0x00, 0x00, 0x00, 0x00, 0x00, 0xff, 0x00, 0x00, 0x00, 0x00, 0x00, 0x00,
	0x00, 0x0f, 0x00, 0xff, 0xf0, 0x00, 0x00, 0x0f, 0xff, 0xf0, 0x00, 0x00, 0x00, 0x00, 0xff, 0xff,
	0xff, 0x00, 0x0f, 0xff, 0xff, 0xff, 0x0f, 0xf0, 0x00, 0x00, 0xff, 0xf0, 0x0f, 0xf0, 0x0f, 0x00,
	0xff, 0x00, 0xf0, 0x00, 0x00, 0xff, 0xf0, 0xf0, 0xf0, 0x00, 0x0f, 0xf0, 0x00, 0x00, 0x0f, 0x00,
	0x00, 0xff, 0x00, 0xf0, 0x00, 0x0f, 0xf0, 0xf0, 0xf0, 0xff, 0x00, 0xff, 0xf0, 0xf0, 0xff, 0x0f,
	0xf0, 0x00, 0x00, 0x00, 0x0f, 0x0f, 0x0f, 0x00, 0x00, 0x0f, 0xff, 0x00, 0xff, 0xff, 0xff, 0x00,
	0x00, 0xff, 0xff, 0x0f, 0x00, 0x0f, 0xf0, 0x00, 0xf0, 0xff, 0x00, 0x0f, 0xff, 0xf0, 0x00, 0xff,
	0xff, 0x0f, 0x00, 0xf0, 0x0f, 0x00, 0xf0, 0x0f, 0x00, 0x00, 0x0f, 0xff, 0x00, 0x00, 0xf0, 0x00,
	0x0f, 0xff, 0xff, 0x0f, 0xff, 0xff, 0xf0, 0xff, 0xff, 0xf0, 0x00, 0xff, 0xf0, 0xf0, 0xff, 0x0f,
	0x0f, 0xf0, 0xff, 0xf0, 0x0f, 0xff, 0x0f, 0xff, 0x00, 0xff, 0xff, 0xf0, 0x00, 0x00, 0xf0, 0xff,
	0x00, 0x0f, 0xff, 0xff, 0xf0, 0x00, 0x00, 0xf0, 0x00, 0xf0, 0x00, 0xff, 0x00, 0xf0, 0xff, 0x0f,
	0xff, 0xf0, 0xf0, 0xf0, 0xf0, 0x0f, 0x00, 0x00, 0x00, 0x00, 0x0f, 0x0f, 0x00, 0xf0, 0x00, 0x00,
	0x00, 0xff, 0xf0, 0xf0, 0xff, 0x0f, 0x00, 0xf0, 0xff, 0xff, 0x0f, 0xff, 0x00, 0x00, 0xff, 0xff,
	0x0f, 0xf0, 0x00, 0x0f, 0x00, 0xf0, 0x0f, 0xff, 0xf0, 0x00, 0xf0, 0x00, 0x00, 0xf0, 0xf0, 0x0f,
	0x00, 0xff, 0x00, 0x0f, 0x00, 0xf0, 0x00, 0xff, 0x00, 0x00, 0xf0, 0xff, 0xff, 0x0f, 0xff, 0xff,
	0xff, 0x00, 0xf0, 0x0f, 0x0f, 0x00, 0x0f, 0xf0, 0x0f, 0x00, 0xff, 0x00, 0xf0, 0x0f, 0x0f, 0x00,
	0xff, 0x00, 0x00, 0x00, 0x00, 0x0f, 0x0f, 0x00, 0x0f, 0x0f, 0xf0, 0xf0, 0x00, 0x0f, 0xff, 0x00,
	0x0f, 0x00, 0xff, 0xf0, 0xf0, 0xf0, 0x00, 0xf0, 0x00, 0xf0, 0x00, 0x0f, 0x0f, 0x00, 0x00, 0x00,
	0x00, 0xff, 0xff, 0xff, 0xff, 0x00, 0x00, 0x0f, 0x0f, 0x0f, 0xff, 0x0f, 0xf0, 0x0f, 0xf0, 0x0f,
	0xf0, 0x00, 0xff, 0xff, 0xf0, 0xff, 0xff, 0x0f, 0xff, 0xff, 0x0f, 0xf0, 0x00, 0x00, 0x00, 0x0f,
	0x00, 0xff, 0x00, 0xf0, 0x0f, 0x00, 0xff, 0xf0, 0xff, 0x0f, 0x00, 0x00, 0xff, 0x00, 0xf0, 0x0f,
	0xf0, 0x0f, 0x00, 0xff, 0x0f, 0x0f, 0xf0, 0xff, 0x0f, 0xff, 0x00, 0xff, 0xff, 0xf0, 0x0f, 0xff,
	0xf0, 0xf0, 0xff, 0x0f, 0x00, 0x00, 0xf0, 0x0f, 0xf0, 0x0f, 0xf0, 0x0f, 0xff, 0x0f, 0x0f, 0xff,
	0x00, 0x0f, 0x0f, 0xff, 0xff, 0x0f, 0xff, 0xf0, 0xff, 0x00, 0xff, 0xf0, 0x0f, 0xff, 0x0f, 0xff,
	0x00, 0xf0, 0xf0, 0x0f, 0x0f, 0xff, 0x0f, 0xf0, 0xf0, 0x00, 0xf0, 0xff, 0x0f, 0xff, 0xf0, 0xf0,
	0xf0, 0xff, 0x0f, 0xff, 0x00, 0xf0, 0xf0, 0x0f, 0xf0, 0x0f, 0x0f, 0xf0, 0x00, 0xf0, 0xff, 0xf0,
	0x0f, 0xff, 0xf0, 0x0f, 0x00, 0x0f, 0xf0, 0x0f, 0xff, 0xf0, 0x0f, 0xf0, 0xff, 0xff, 0xf0, 0x00,
	0x0f, 0xff, 0x0f, 0x0f, 0xff, 0x0f, 0x0f, 0xff, 0x0f, 0xf0, 0x00, 0x0f, 0xff, 0x00, 0xf0, 0xff,
	0xf0, 0x0f, 0x00, 0x00, 0xff, 0x00, 0xf0, 0x0f, 0x0f, 0xff, 0xf0, 0xf0, 0x0f, 0xff, 0x0f, 0x0f,
	0xff, 0xf0, 0xf0, 0xff, 0x00, 0x00, 0xf0, 0x0f, 0x0f, 0xf0, 0xff, 0x0f, 0xff, 0xf0, 0x0f, 0xff,
	0xff, 0xf0, 0x0f, 0x0f, 0x0f, 0xf0, 0x0f, 0x00, 0xff, 0xf0, 0xf0, 0x00, 0x0f, 0xff, 0x0f, 0x0f,
	0xf0, 0x0f, 0xf0, 0xf0, 0x00, 0x0f, 0x00, 0xff, 0x00, 0xff, 0x0f, 0x0f, 0xff, 0xff, 0x0f, 0xf0,
	0xff, 0x0f, 0x00, 0x00, 0xff, 0x00, 0xff, 0x0f, 0x0f, 0x0f, 0x0f, 0xf0, 0xff, 0xff, 0x0f, 0x0f,
	0x00, 0xf0, 0xf0, 0xf0, 0xff, 0xff, 0xf0, 0xf0, 0xff, 0x0f, 0x00, 0xf0, 0xff, 0xff, 0x0f, 0xff,
	0x00, 0xff, 0x00, 0xff, 0x0f, 0xff, 0x0f, 0xff, 0x0f, 0x00, 0x0f, 0x0f, 0x0f, 0xf0, 0xff, 0xf0,
	0xf0, 0xff, 0x00, 0xff, 0x0f, 0x0f, 0xf0, 0xff, 0x0f, 0x0f, 0x0f, 0x0f, 0x0f, 0x0f, 0xf0, 0x0f,
	0x0f, 0x0f, 0xff, 0xf0, 0xff, 0x0f, 0x00, 0xff, 0xf0, 0xff, 0xff, 0xff, 0xf0, 0xff, 0xf0, 0x00,
	0x0f, 0xf0, 0xff, 0xf0, 0xff, 0x0f, 0x00, 0xff, 0xff, 0xff, 0x0f, 0x0f, 0xff, 0xf0, 0xf0, 0xff,
	0x0f, 0xff, 0xff, 0xf0, 0x0f, 0x0f, 0xff, 0x0f, 0xf0, 0xf0, 0xff, 0x0f, 0x00, 0xff, 0xf0, 0x0f,
	0xf0, 0x0f, 0xf0, 0xf0, 0xff, 0xf0, 0xf0, 0x0f, 0x0f, 0xf0, 0x0f, 0xff, 0x0f, 0x0f, 0xff, 0xf0,
	0x00, 0xf0, 0xf0, 0xff, 0xff, 0x0f, 0x00, 0x0f, 0x00, 0xff, 0xff, 0x0f, 0xff, 0xff, 0x00, 0x0f,
	0xff, 0xff, 0xf0, 0xff, 0xff, 0x00, 0xf0, 0x0f, 0x0f, 0xff, 0xff, 0x0f, 0xf0, 0xf0, 0xf0, 0xf0,
	0xf0, 0x0f, 0xff, 0xff, 0x0f, 0xff, 0xff, 0xf0, 0xf0, 0x00, 0xf0, 0xf0, 0x00, 0x0f, 0xf0, 0xf0,
	0xf0, 0xf0, 0xff, 0xf0, 0xff, 0xf0, 0x0f, 0xf0, 0x0f, 0xf0, 0xff, 0xff, 0xf0, 0xf0, 0xff, 0xf0,
	0xff, 0xf0, 0xff, 0x0f, 0xff, 0x0f, 0x0f, 0xff, 0xff, 0xff, 0xff, 0x0f, 0xf0, 0x0f, 0xff, 0xff,
	0xf0, 0xf0, 0x00, 0x0f, 0xff, 0xff, 0xff, 0xff, 0xff, 0xf0, 0xff, 0x0f, 0xf0, 0x0f, 0x0f, 0xff,
	0xff, 0xf0, 0xff, 0xff, 0x0f, 0xf0, 0x0f, 0x0f, 0xff, 0x0f, 0xff, 0x0f, 0x0f, 0xff, 0x0f, 0x0f,
	0xf0, 0x0f, 0xff, 0x0f, 0xf0, 0xf0, 0x0f, 0xf0, 0xff, 0xff, 0x0f, 0x0f, 0x0f, 0xf0, 0xf0, 0xff,
	0xff, 0xff, 0xf0, 0x0f, 0xff, 0xf0, 0xff, 0x0f, 0xf0, 0x0f, 0xf0, 0x0f, 0xf0, 0xf0, 0xf0, 0xf0,
	0xff, 0xff, 0xf0, 0xf0, 0xf0, 0x0f, 0xff, 0x0f, 0xff, 0xff, 0xff, 0x0f, 0x00, 0xff, 0xf0, 0xf0,
	0x0f, 0x00, 0x0f, 0xff, 0xff, 0x0f, 0x0f, 0xff, 0xf0, 0x0f, 0x0f, 0x0f, 0xf0, 0xff, 0xff, 0x0f,
	0xf0, 0xff, 0x00, 0xf0, 0x0f, 0xf0, 0xff, 0xff, 0x00, 0xf0, 0xf0, 0xff, 0xf0, 0xff, 0xf0, 0xff,
	0x0f, 0x0f, 0xff, 0xf0, 0xff, 0xf0, 0x0f, 0x0f, 0x0f, 0xf0, 0xff, 0x0f, 0xf0, 0xff, 0x00, 0xf0,
	0xff, 0xff, 0x0f, 0x0f, 0x0f, 0xf0, 0x0f, 0x0f, 0xf0, 0x0f, 0x0f, 0x0f, 0xf0, 0xf0, 0xff, 0xff,
	0x0f, 0xf0, 0xff, 0xff, 0xff, 0x00, 0xff, 0xff, 0xf0, 0x0f, 0x0f, 0xf0, 0xff, 0xf0, 0xf0, 0x0f,
	0xff, 0xf0, 0x0f, 0xf0, 0xf0, 0xff, 0xff, 0x0f, 0xff, 0x0f, 0xf0, 0xf0, 0xff, 0x0f, 0xf0, 0x0f,
	0x0f, 0xff, 0xff, 0xf0, 0x0f, 0xff, 0x0f, 0xff, 0x0f, 0x0f, 0xf0, 0x0f, 0xf0, 0x0f, 0x0f, 0x0f,
	0xff, 0x0f, 0xff, 0xf0, 0xff, 0xff, 0xf0, 0x00, 0xff, 0xff, 0xf0, 0x0f, 0xff, 0x0f, 0xf0, 0xf0,
	0x0f, 0xff, 0x0f, 0xff, 0xf0, 0x0f, 0xf0, 0xff, 0xf0, 0xff, 0xf0, 0xf0, 0x0f, 0x0f, 0xf0, 0x0f,
	0x0f, 0x0f, 0xf0, 0xff, 0x0f, 0xff, 0xff, 0xff, 0x0f, 0x0f, 0x0f, 0x0f, 0x0f, 0xf0, 0xf0, 0x0f,
	0x0f, 0xf0, 0xf0, 0xff, 0xf0, 0x0f, 0xff, 0xf0, 0xf0, 0xf0, 0xf0, 0xf0, 0xff, 0xf0, 0xf0, 0xff,
	0xf0, 0x0f, 0xff, 0x0f, 0x0f, 0xff, 0x0f, 0xff, 0xf0, 0xff, 0xff, 0xf0, 0xff, 0x0f, 0xf0, 0xff,
	0xff, 0xff, 0xff, 0xff, 0xff, 0xff, 0xff, 0xff, 0xff, 0xff, 0xff, 0xff, 0xff, 0xff, 0xff, 0xff,
	0xff, 0xff, 0xff, 0xff, 0xff, 0xff, 0xff, 0xff, 0xff, 0xff, 0xff, 0xff, 0xff, 0xff, 0xff, 0xff,
	0xff, 0xff, 0xff, 0xff, 0xff, 0xff, 0xff, 0xff, 0xff, 0xff, 0xff, 0xff, 0xff, 0xff, 0xff, 0xff,
	0xff, 0xff, 0xff, 0xff, 0xff, 0xff, 0xff, 0xff, 0xff, 0xff, 0xff, 0xff, 0xff, 0xff, 0xff, 0xff,
	0xff, 0xff, 0xff, 0xff, 0xff, 0xff, 0xff, 0xff, 0xff, 0xff, 0xff, 0xff, 0xff, 0xff, 0xff, 0xff,
	0xff, 0xff, 0xff, 0xff, 0xff, 0xff, 0xff, 0xff, 0xff, 0xff, 0xff, 0xff, 0xff, 0xff, 0xff, 0xff,
	0xff, 0xff, 0xff, 0xff, 0xff, 0xff, 0xff, 0xff, 0xff, 0xff, 0xff, 0xff, 0xff, 0xff, 0xff, 0xff,
	0xff, 0xff, 0xff, 0xff, 0xff, 0xff, 0xff, 0xff, 0xff, 0xff, 0xff, 0xff, 0xff, 0xff, 0xff, 0xff,
	0xff, 0xff, 0xff, 0xff, 0xff, 0xff, 0xff, 0xff, 0xff, 0xff, 0xff, 0xff, 0xff, 0xff, 0xff, 0xff,
	0xff, 0xff, 0xff, 0xff, 0xff, 0xff, 0xff, 0xff, 0xff, 0xff, 0xff, 0xff, 0xff, 0xff, 0xff, 0xff,
	0xff, 0xff, 0xff, 0xff, 0xff, 0xff, 0xff, 0xff, 0xff, 0xff, 0xff, 0xff, 0xff, 0xff, 0xff, 0xff,
	0xff, 0xff, 0xff, 0xff, 0xff, 0xff, 0xff, 0xff, 0xff, 0xff, 0xff, 0xff, 0xff, 0xff, 0xff, 0xff,
	0xff, 0xff, 0xff, 0xff, 0xff, 0xff, 0xff, 0xff, 0xff, 0xff, 0xff, 0xff, 0xff, 0xff, 0xff, 0xff,
	0xff, 0xff, 0xff, 0xff, 0xff, 0xff, 0xff, 0xff, 0xff, 0xff, 0xff, 0xff, 0xff, 0xff, 0xff, 0xff,
	0xff, 0xff, 0xff, 0xff, 0xff, 0xff, 0xff, 0xff, 0xff, 0xff, 0xff, 0xff, 0xff, 0xff, 0xff, 0xff,
	0xff, 0xff, 0xff, 0xff, 0xff, 0xff, 0xff, 0xff, 0xff, 0xff, 0xff, 0xff, 0xff, 0xff, 0xff, 0xff,
	0xff, 0xff, 0xff, 0xff, 0xff, 0xff, 0xff, 0xff, 0xff, 0xff, 0xff, 0xff, 0xff, 0xff, 0xff, 0xff,
	0xff, 0xff, 0xff, 0xff, 0xff, 0xff, 0xff, 0xff, 0xff, 0xff, 0xff, 0xff, 0xff, 0xff, 0xff, 0xff,
	0xff, 0xff, 0xff, 0xff, 0xff, 0xff, 0xff, 0xff, 0xff, 0xff, 0xff, 0xff, 0xff, 0xff, 0xff, 0xff,
	0xff, 0xff, 0xff, 0xff, 0xff, 0xff, 0xff, 0xff, 0xff, 0xff, 0xff, 0xff, 0xff, 0xff, 0xff, 0xff,
	0x00, 0x00, 0x00, 0x00, 0x00, 0x00, 0x00, 0x00, 0x00, 0x00, 0x00, 0x00, 0x00, 0x00, 0x00, 0x00,
	0x00, 0x00, 0x00, 0x00, 0x00, 0x00, 0x00, 0x00, 0x00, 0x00, 0x00, 0x00, 0x00, 0x00, 0x00, 0x00,
	0x00, 0x00, 0x00, 0x00, 0x00, 0x00, 0x00, 0x00, 0x00, 0x00, 0x00, 0x00, 0x00, 0x00, 0x00, 0x00,
	0x00, 0x00, 0x00, 0x00, 0x00, 0x00, 0x00, 0x00, 0x00, 0x00, 0x00, 0x00, 0x00, 0x00, 0x00, 0x00,
	0x00, 0x00, 0x00, 0x00, 0x00, 0x00, 0x00, 0x00, 0x00, 0x00, 0x00, 0x00, 0x00, 0x00, 0x00, 0x00,
	0x00, 0x00, 0x00, 0x00, 0x00, 0x00, 0x00, 0x00, 0x00, 0x00, 0x00, 0x00, 0x00, 0x00, 0x00, 0x00,
	0x00, 0x00, 0x00, 0x00, 0x00, 0x00, 0x00, 0x00, 0x00, 0x00, 0x00, 0x00, 0x00, 0x00, 0x00, 0x00,
	0x00, 0x00, 0x00, 0x00, 0x00, 0x00, 0x00, 0x00, 0x00, 0x00, 0x00, 0x00, 0x00, 0x00, 0x00, 0x00,
	0x00, 0x00, 0x00, 0x00, 0x00, 0x00, 0x00, 0x00, 0x00, 0x00, 0x00, 0x00, 0x00, 0x00, 0x00, 0x00,
	0x00, 0x00, 0x00, 0x00, 0x00, 0x00, 0x00, 0x00, 0x00, 0x00, 0x00, 0x00, 0x00, 0x00, 0x00, 0x00,
	0x00, 0x00, 0x00, 0x00, 0x00, 0x00, 0x00, 0x00, 0x00, 0x00, 0x00, 0x00, 0x00, 0x00, 0x00, 0x00,
	0x00, 0x00, 0x00, 0x00, 0x00, 0x00, 0x00, 0x00, 0x00, 0x00, 0x00, 0x00, 0x00, 0x00, 0x00, 0x00,
	0x00, 0x00, 0x00, 0x00, 0x00, 0x00, 0x00, 0x00, 0x00, 0x00, 0x00, 0x00, 0x00, 0x00, 0x00, 0x00,
	0x00, 0x00, 0x00, 0x00, 0x00, 0x00, 0x00, 0x00, 0x00, 0x00, 0x00, 0x00, 0x00, 0x00, 0x00, 0x00,
	0x00, 0x00, 0x00, 0x00, 0x00, 0x00, 0x00, 0x00, 0x00, 0x00, 0x00, 0x00, 0x00, 0x00, 0x00, 0x00,
	0x00, 0x00, 0x00, 0x00, 0x00, 0x00, 0x00, 0x00, 0x00, 0x00, 0x00, 0x00, 0x00, 0x00, 0x00, 0x00,
	0x00, 0x00, 0x00, 0x00, 0x00, 0x00, 0x00, 0x00, 0x00, 0x00, 0x00, 0x00, 0x00, 0x00, 0x00, 0x00,
	0x00, 0x00, 0x00, 0x00, 0x00, 0x00, 0x00, 0x00, 0x00, 0x00, 0x00, 0x00, 0x00, 0x00, 0x00, 0x00,
	0x00, 0x00, 0x00, 0x00, 0x00, 0x00, 0x00, 0x00, 0x00, 0x00, 0x00, 0x00, 0x00, 0x00, 0x00, 0x00,
	0x00, 0x00, 0x00, 0x00, 0x00, 0x00, 0x00, 0x00, 0x00, 0x00, 0x00, 0x00, 0x00, 0x00, 0x00, 0x00,
	0x00, 0x00, 0x00, 0x00, 0x00, 0x00, 0x00, 0x00, 0x00, 0x00, 0x00, 0x00, 0x00, 0x00, 0x0f, 0xff,
	0x00, 0x00, 0x00, 0x00, 0x00, 0xff, 0x00, 0x00, 0x00, 0xff, 0x00, 0x00, 0x00, 0x00, 0x0f, 0x00,
	0x00, 0x00, 0xff, 0x00, 0xff, 0xff, 0xff, 0x00, 0xf0, 0xff, 0x00, 0xff, 0xf0, 0x00, 0x00, 0x00,
	0x00, 0x00, 0x00, 0x00, 0x00, 0x00, 0x00, 0x00, 0x00, 0x00, 0x00, 0x00, 0x00, 0x0f, 0x0f, 0x00,
	0x00, 0x00, 0x00, 0x0f, 0xff, 0x00, 0x00, 0x00, 0x00, 0x00, 0x00, 0x00, 0xff, 0x00, 0xff, 0x00,
	0x00, 0x00, 0x00, 0xff, 0x00, 0x00, 0x00, 0x00, 0x0f, 0x00, 0x00, 0x00, 0x00, 0x00, 0x00, 0x00,
	0x00, 0x00, 0xf0, 0x00, 0x00, 0x00, 0x00, 0x00, 0x00, 0x00, 0x00, 0x0f, 0x00, 0x00, 0x0f, 0x00,
	0x00, 0x00, 0xff, 0xff, 0x00, 0x00, 0x00, 0x0f, 0xff, 0x00, 0x00, 0x00, 0x00, 0x00, 0x00, 0x00,
	0x00, 0x00, 0x00, 0x00, 0x00, 0xff, 0xff, 0x00, 0x00, 0x00, 0x00, 0x00, 0x0f, 0x00, 0x00, 0x00,
	0x00, 0xff, 0x00, 0x00, 0x0f, 0x00, 0x00, 0x00, 0x00, 0x00, 0x00, 0x00, 0x00, 0x00, 0x00, 0x00,
	0x00, 0xf0, 0x00, 0xf0, 0x0f, 0x00, 0x00, 0x00, 0x00, 0x00, 0x00, 0x00, 0x00, 0xf0, 0xf0, 0x00,
	0x00, 0x00, 0x00, 0x00, 0x00, 0x00, 0x00, 0x00, 0x0f, 0x00, 0x0f, 0x00, 0x00, 0x00, 0x00, 0x00,
	0xf0, 0x00, 0x00, 0x00, 0x00, 0x00, 0xf0, 0x00, 0xf0, 0x00, 0x00, 0x00, 0x00, 0xf0, 0x00, 0x00,
	0x00, 0x00, 0x00, 0x0f, 0x00, 0xf0, 0x0f, 0x00, 0x00, 0x00, 0x00, 0x00, 0x0f, 0x00, 0x00, 0x00,
	0x00, 0x00, 0x00, 0x00, 0x00, 0x00, 0x00, 0x00, 0x00, 0x00, 0x00, 0x00, 0x00, 0x00, 0xf0, 0x0f,
	0x00, 0x00, 0x00, 0xff, 0xf0, 0x00, 0x00, 0x00, 0x00, 0x00, 0x00, 0x00, 0x00, 0x00, 0x00, 0x00,
	0x0f, 0x00, 0x00, 0x00, 0x00, 0x00, 0x0f, 0x00, 0x00, 0x00, 0x00, 0x00, 0x00, 0x00, 0x00, 0x0f,
	0xff, 0x00, 0x00, 0x00, 0xff, 0x00, 0x00, 0x00, 0x00, 0xff, 0x00, 0x00, 0x00, 0x00, 0x0f, 0x00,
	0xf0, 0x00, 0x0f, 0x00, 0x00, 0x00, 0x00, 0x00, 0x00, 0x00, 0x00, 0x00, 0x00, 0x00, 0x00, 0x0f,
	0x00, 0x00, 0x00, 0x00, 0x00, 0x00, 0x00, 0x0f, 0x00, 0x00, 0x00, 0x00, 0x00, 0xf0, 0x00, 0x00,
	0x0f, 0x00, 0x00, 0x0f, 0xf0, 0x00, 0x00, 0x00, 0x00, 0xf0, 0x00, 0x00, 0x00, 0x00, 0x00, 0x00,
	0x00, 0x00, 0x00, 0xf0, 0x00, 0xf0, 0x00, 0x0f, 0x00, 0x00, 0xf0, 0x00, 0x00, 0x00, 0x00, 0x00,
	0x00, 0x00, 0x00, 0x0f, 0x00, 0x00, 0x00, 0xff, 0x00, 0x00, 0xff, 0x00, 0x00, 0xf0, 0x0f, 0x0f,
	0x00, 0x00, 0xff, 0x0f, 0x00, 0x0f, 0x0f, 0x00, 0x00, 0xf0, 0x00, 0xf0, 0x00, 0xf0, 0x00, 0x00,
	0xf0, 0xf0, 0x0f, 0x00, 0x00, 0x0f, 0x00, 0x00, 0xf0, 0xff, 0x00, 0x00, 0x00, 0x00, 0x00, 0x00,
	0x0f, 0xf0, 0xff, 0xf0, 0x00, 0x00, 0xff, 0x00, 0x00, 0xf0, 0xf0, 0xf0, 0x00, 0x00, 0xf0, 0xff,
	0x00, 0x00, 0xff, 0xff, 0x00, 0x00, 0xff, 0x00, 0x0f, 0xff, 0x0f, 0x0f, 0xff, 0xf0, 0x00, 0xff,
	0x00, 0x00, 0xf0, 0xff, 0x00, 0x00, 0x00, 0x0f, 0x00, 0x00, 0x00, 0x00, 0x00, 0xff, 0x00, 0x00,
	0xff, 0x00, 0xff, 0xf0, 0xff, 0xff, 0x00, 0xf0, 0x00, 0xf0, 0xf0, 0x00, 0x0f, 0x00, 0x00, 0x00,
	0xff, 0x00, 0x00, 0x00, 0x00, 0x0f, 0xff, 0x00, 0x00, 0xf0, 0x00, 0x00, 0xff, 0x0f, 0x00, 0x0f,
	0x00, 0xf0, 0x00, 0x00, 0x00, 0xff, 0x00, 0x00, 0x00, 0xff, 0x00, 0xff, 0xf0, 0x00, 0x00, 0x00,
	0x00, 0xff, 0x00, 0xff, 0xff, 0x00, 0x00, 0x00, 0x00, 0x00, 0x00, 0x00, 0x00, 0x00, 0xff, 0x00,
	0x00, 0xff, 0x00, 0x00, 0xff, 0x0f, 0x00, 0x00, 0x00, 0x00, 0x00, 0xff, 0x00, 0x00, 0xff, 0x00,
	0x00, 0x00, 0x0f, 0x00, 0xf0, 0xf0, 0xff, 0xf0, 0x00, 0x00, 0x00, 0xff, 0x00, 0x00, 0x00, 0xff,
	0x00, 0xf0, 0x00, 0x00, 0x00, 0xf0, 0x00, 0xff, 0x00, 0xf0, 0xf0, 0x00, 0x00, 0xf0, 0xff, 0x00,
	0x00, 0x00, 0xf0, 0x00, 0x00, 0x00, 0x00, 0x00, 0xff, 0x0f, 0x00, 0x00, 0x00, 0x00, 0x0f, 0x00,
	0x00, 0xf0, 0xff, 0x00, 0x00, 0x00, 0x00, 0x0f, 0xf0, 0xf0, 0x00, 0x0f, 0x00, 0x00, 0x00, 0x00,
	0xf0, 0x00, 0x00, 0xf0, 0xf0, 0x00, 0x00, 0x00, 0x00, 0x00, 0x00, 0x00, 0xf0, 0x0f, 0xf0, 0x0f,
	0x00, 0x00, 0x00, 0x00, 0x00, 0x0f, 0x00, 0xff, 0x00, 0x00, 0x00, 0x00, 0xf0, 0x00, 0x00, 0xff,
	0x00, 0x00, 0x00, 0xf0, 0x00, 0xf0, 0x00, 0x00, 0xff, 0x00, 0x00, 0x00, 0x00, 0x00, 0xff, 0x00,
	0xff, 0xff, 0x00, 0xf0, 0x00, 0x00, 0x00, 0x00, 0x00, 0x00, 0x00, 0xf0, 0x00, 0x00, 0xff, 0xff,
	0x00, 0xff, 0x00, 0x00, 0x00, 0x00, 0xff, 0x0f, 0x0f, 0xf0, 0x00, 0x00, 0x00, 0xff, 0x00, 0x0f,
	0x0f, 0x00, 0x00, 0x0f, 0x00, 0xff, 0x00, 0xff, 0x00, 0x00, 0x00, 0x00, 0x00, 0x0f, 0xff, 0xf0,
	0xf0, 0x00, 0xff, 0x00, 0x00, 0xf0, 0x00, 0x00, 0x00, 0x0f, 0xf0, 0xff, 0xff, 0x00, 0x00, 0xff,
	0x00, 0x00, 0x00, 0xf0, 0x00, 0x00, 0x0f, 0x00, 0x00, 0x00, 0xff, 0x00, 0xf0, 0x00, 0x00, 0x00,
	0x00, 0x00, 0xff, 0x00, 0x00, 0x00, 0x0f, 0x00, 0x00, 0x00, 0x00, 0xff, 0x00, 0x00, 0x0f, 0xff,
	0x00, 0xff, 0x00, 0x00, 0x00, 0x00, 0xff, 0xf0, 0x00, 0x00, 0xf0, 0x00, 0x00, 0xff, 0xff, 0x0f,
	0xff, 0xf0, 0x00, 0xf0, 0x00, 0xf0, 0xff, 0x00, 0x0f, 0xf0, 0x00, 0xf0, 0x00, 0xf0, 0xff, 0x0f,
	0xf0, 0x00, 0xff, 0xf0, 0x00, 0x00, 0xf0, 0xff, 0x00, 0xff, 0x00, 0xf0, 0xff, 0x00, 0x0f, 0xf0,
	0xf0, 0x00, 0xf0, 0x0f, 0x0f, 0x0f, 0x00, 0x00, 0xff, 0x00, 0x00, 0x0f, 0xf0, 0x00, 0xff, 0x00,
	0xf0, 0x00, 0x00, 0xff, 0x00, 0x00, 0x00, 0xf0, 0xff, 0x00, 0x0f, 0x00, 0x00, 0x0f, 0xff, 0xf0,
	0xff, 0x00, 0xf0, 0xff, 0xff, 0x00, 0x00, 0x0f, 0x00, 0x00, 0x0f, 0x00, 0xf0, 0xf0, 0x00, 0x00,
	0x00, 0x00, 0x00, 0xff, 0xf0, 0x00, 0x0f, 0xff, 0x0f, 0x0f, 0x00, 0x00, 0xf0, 0xf0, 0x00, 0xff,
	0x00, 0xf0, 0x00, 0x00, 0x00, 0x00, 0x0f, 0x00, 0x00, 0xff, 0x00, 0x00, 0xff, 0x0f, 0x00, 0x00,
	0xff, 0x00, 0x00, 0x0f, 0x00, 0x0f, 0x00, 0x0f, 0x00, 0xf0, 0xf0, 0xff, 0xf0, 0x00, 0xff, 0x00,
	0xf0, 0xf0, 0x00, 0x00, 0x00, 0x0f, 0x0f, 0x0f, 0x00, 0xf0, 0x0f, 0x00, 0x0f, 0x0f, 0xff, 0xff,
	0x0f, 0x00, 0x00, 0x00, 0x00, 0x00, 0x00, 0x00, 0xf0, 0x00, 0xf0, 0xf0, 0x00, 0x00, 0x0f, 0x00,
	0x00, 0x00, 0xff, 0xff, 0x00, 0x00, 0xff, 0xf0, 0x00, 0xff, 0xff, 0xff, 0x00, 0x00, 0xf0, 0x0f,
	0x00, 0x00, 0x00, 0x0f, 0xf0, 0xff, 0x00, 0xff, 0xff, 0x00, 0xff, 0x00, 0x00, 0xf0, 0x00, 0x00,
	0x00, 0x00, 0x00, 0x0f, 0x00, 0x00, 0x0f, 0x0f, 0x00, 0x00, 0x00, 0x00, 0xff, 0x00, 0x00, 0xf0,
	0x00, 0x00, 0x00, 0x0f, 0x00, 0xff, 0xf0, 0x0f, 0xff, 0xf0, 0x00, 0x00, 0xf0, 0x00, 0x0f, 0xf0,
	0x00, 0xff, 0xff, 0x00, 0x0f, 0x00, 0xff, 0x00, 0xf0, 0x0f, 0xff, 0x00, 0xff, 0xff, 0x0f, 0xf0,
	0x0f, 0xff, 0xf0, 0x00, 0x0f, 0xff, 0x00, 0xf0, 0xf0, 0x0f, 0x0f, 0xff, 0x00, 0xf0, 0x00, 0xf0,
	0x00, 0x0f, 0x00, 0x00, 0xff, 0x00, 0x00, 0xff, 0x00, 0xff, 0xff, 0x0f, 0xf0, 0x0f, 0xf0, 0xf0,
	0x00, 0x0f, 0xff, 0x00, 0xf0, 0x00, 0xff, 0xf0, 0xf0, 0x0f, 0xf0, 0x0f, 0xf0, 0x00, 0xff, 0xf0,
	0x00, 0xf0, 0xff, 0x00, 0xff, 0xff, 0xff, 0xf0, 0xf0, 0xf0, 0x00, 0x0f, 0x00, 0xf0, 0x0f, 0x00,
	0x0f, 0x00, 0xf0, 0x00, 0x00, 0xf0, 0x0f, 0xff, 0xff, 0xff, 0x00, 0xf0, 0xff, 0x00, 0xff, 0xff,
	0xf0, 0x00, 0xf0, 0xff, 0x00, 0x0f, 0x0f, 0x0f, 0x00, 0xf0, 0x0f, 0x00, 0xff, 0x0f, 0xf0, 0x00,
	0xf0, 0x0f, 0x00, 0xff, 0x00, 0x0f, 0xf0, 0x00, 0xff, 0xf0, 0xff, 0x0f, 0x0f, 0xf0, 0x00, 0x0f,
	0x00, 0x00, 0xf0, 0x0f, 0xff, 0x0f, 0xf0, 0x00, 0x00, 0x00, 0x0f, 0x0f, 0x0f, 0x0f, 0xf0, 0xf0,
	0xf0, 0xf0, 0xf0, 0xff, 0x00, 0x0f, 0x00, 0x0f, 0x0f, 0x00, 0xff, 0x00, 0xf0, 0x00, 0x00, 0x00,
	0xff, 0xff, 0x0f, 0x0f, 0x0f, 0xf0, 0x00, 0xff, 0xf0, 0x0f, 0xf0, 0x00, 0x00, 0x00, 0x00, 0xff,
	0xf0, 0xff, 0x00, 0x00, 0x0f, 0xff, 0x00, 0xff, 0xf0, 0xff, 0xff, 0x00, 0x0f, 0x00, 0x0f, 0x00,
	0xff, 0xf0, 0xff, 0xf0, 0xf0, 0xff, 0x00, 0xf0, 0x0f, 0xf0, 0x00, 0x00, 0xf0, 0x00, 0xff, 0xf0,
	0x00, 0xff, 0xf0, 0x0f, 0xf0, 0xff, 0x00, 0x00, 0x0f, 0xf0, 0xff, 0xff, 0x00, 0xf0, 0x00, 0x0f,
	0x00, 0x00, 0x00, 0x0f, 0x00, 0x00, 0xf0, 0x00, 0x0f, 0xff, 0x0f, 0xff, 0xff, 0xff, 0xf0, 0x0f,
	0x0f, 0xff, 0x00, 0x00, 0xff, 0xff, 0x00, 0x00, 0xf0, 0xf0, 0xff, 0xf0, 0x0f, 0x0f, 0x00, 0x0f,
	0x0f, 0x0f, 0x00, 0x0f, 0xf0, 0xf0, 0x00, 0xf0, 0x0f, 0x0f, 0xff, 0x00, 0x0f, 0x0f, 0x0f, 0xff,
	0xff, 0x0f, 0xff, 0x00, 0x00, 0x0f, 0x00, 0xff, 0x00, 0x00, 0xff, 0x00, 0x00, 0xff, 0xf0, 0xff,
	0xf0, 0x00, 0x0f, 0xf0, 0xf0, 0xff, 0xff, 0xf0, 0x0f, 0xff, 0x0f, 0x0f, 0xff, 0x00, 0xff, 0x0f,
	0xff, 0x0f, 0x0f, 0xf0, 0xff, 0xf0, 0xff, 0xf0, 0xff, 0xf0, 0x0f, 0xff, 0xff, 0x00, 0x0f, 0xf0,
	0xf0, 0xff, 0x0f, 0xff, 0xf0, 0x00, 0xff, 0x0f, 0xff, 0x00, 0xff, 0x0f, 0xf0, 0xf0, 0x0f, 0xff,
	0xf0, 0xf0, 0xf0, 0x0f, 0xff, 0x0f, 0xff, 0xf0, 0xff, 0xff, 0x0f, 0xff, 0x0f, 0xff, 0xf0, 0x00,
	0xff, 0xf0, 0xff, 0xf0, 0xf0, 0x00, 0xf0, 0x00, 0x0f, 0xf0, 0xf0, 0xff, 0xf0, 0xff, 0x0f, 0xff,
	0xf0, 0x00, 0x0f, 0xff, 0xf0, 0xff, 0x0f, 0xf0, 0x00, 0x0f, 0xf0, 0x0f, 0xf0, 0x0f, 0xf0, 0xf0,
	0xff, 0xf0, 0xff, 0x00, 0xff, 0xff, 0x00, 0xf0, 0x0f, 0xf0, 0xf0, 0xf0, 0xff, 0xf0, 0xf0, 0xff,
	0xf0, 0xf0, 0xf0, 0xf0, 0x0f, 0xff, 0xf0, 0xff, 0x0f, 0xff, 0x0f, 0xff, 0x0f, 0x00, 0xf0, 0x0f,
	0x0f, 0xff, 0x00, 0xff, 0xff, 0xf0, 0xff, 0xff, 0xff, 0xf0, 0xff, 0x0f, 0x00, 0xf0, 0xf0, 0xff,
	0xff, 0xff, 0xf0, 0x00, 0xf0, 0x0f, 0x00, 0xf0, 0xff, 0x00, 0x0f, 0xf0, 0xff, 0xff, 0xff, 0xff,
	0xff, 0x0f, 0x0f, 0x0f, 0x0f, 0xff, 0x0f, 0xf0, 0x0f, 0x00, 0x0f, 0x00, 0x0f, 0xf0, 0xff, 0x0f,
	0x0f, 0x00, 0xff, 0xff, 0xff, 0x0f, 0xff, 0x0f, 0xff, 0xff, 0x0f, 0x00, 0xf0, 0xf0, 0x0f, 0xf0,
	0x0f, 0x0f, 0xf0, 0xff, 0xf0, 0xff, 0xf0, 0x0f, 0xf0, 0xff, 0x00, 0xf0, 0xf0, 0x00, 0x0f, 0x0f,
	0x0f, 0x0f, 0xff, 0xff, 0xff, 0x0f, 0x0f, 0xf0, 0x00, 0x00, 0x0f, 0x00, 0x0f, 0xf0, 0xff, 0xff,
	0x00, 0x00, 0x00, 0x0f, 0x00, 0xf0, 0xff, 0xff, 0x0f, 0xff, 0x0f, 0xf0, 0xff, 0xff, 0xf0, 0x0f,
	0xff, 0xf0, 0x00, 0xf0, 0x0f, 0xf0, 0xff, 0xf0, 0xf0, 0x00, 0x0f, 0x0f, 0x0f, 0x0f, 0x0f, 0xff,
	0xff, 0xff, 0x00, 0xff, 0xf0, 0x0f, 0x0f, 0xff, 0xff, 0x0f, 0x0f, 0x0f, 0x0f, 0xf0, 0x0f, 0xf0,
	0x0f, 0x0f, 0xff, 0x0f, 0xff, 0x00, 0x0f, 0xf0, 0xf0, 0xff, 0x00, 0xff, 0x00, 0x0f, 0x0f, 0x0f,
	0xf0, 0xf0, 0xff, 0xf0, 0x00, 0x0f, 0x00, 0xff, 0xff, 0xff, 0x0f, 0x0f, 0xf0, 0xf0, 0xff, 0xff,
	0xff, 0x0f, 0xf0, 0x0f, 0xff, 0xff, 0x00, 0xf0, 0xff, 0xf0, 0x00, 0xf0, 0x0f, 0x0f, 0x0f, 0xff,
	0x0f, 0x00, 0x0f, 0xf0, 0xf0, 0xff, 0xff, 0x0f, 0xf0, 0xf0, 0xf0, 0x0f, 0xf0, 0xf0, 0xf0, 0x0f,
	0x00, 0xf0, 0xff, 0x0f, 0x0f, 0xf0, 0xf0, 0xf0, 0xf0, 0x0f, 0xf0, 0x0f, 0x0f, 0xf0, 0xff, 0x00,
	0x0f, 0xf0, 0xf0, 0xff, 0xff, 0xff, 0xff, 0xff, 0x0f, 0x0f, 0xff, 0xff, 0x0f, 0x0f, 0xff, 0x0f,
	0x0f, 0xff, 0xf0, 0x0f, 0x0f, 0xff, 0x0f, 0xf0, 0x0f, 0x0f, 0x0f, 0xff, 0x0f, 0x0f, 0xff, 0x0f,
	0xf0, 0x0f, 0xf0, 0xf0, 0xff, 0xf0, 0xff, 0xf0, 0xf0, 0xf0, 0xff, 0x00, 0x0f, 0xf0, 0xff, 0xff,
	0x0f, 0x0f, 0xff, 0xff, 0x0f, 0xf0, 0xff, 0x0f, 0xf0, 0xf0, 0xf0, 0xf0, 0xff, 0xff, 0xf0, 0x0f,
	0x0f, 0x0f, 0xf0, 0x0f, 0xf0, 0xf0, 0x0f, 0xff, 0x0f, 0xf0, 0xf0, 0xff, 0xf0, 0xff, 0x0f, 0xff,
	0xff, 0xf0, 0xf0, 0x0f, 0xff, 0xff, 0xff, 0xff, 0x00, 0xff, 0xff, 0xf0, 0xf0, 0x0f, 0xff, 0x00,
	0xf0, 0x0f, 0xff, 0xf0, 0xf0, 0xf0, 0xff, 0x0f, 0x0f, 0xf0, 0xf0, 0x0f, 0xf0, 0xff, 0x0f, 0xf0,
	0xff, 0xff, 0xf0, 0x0f, 0xf0, 0x0f, 0xf0, 0x0f, 0xff, 0xf0, 0x0f, 0xf0, 0x0f, 0xff, 0x0f, 0xff,
	0xff, 0xf0, 0x00, 0x0f, 0xf0, 0xf0, 0xf0, 0xf0, 0x0f, 0xf0, 0xf0, 0x0f, 0xff, 0xf0, 0xf0, 0xff,
	0xf0, 0xff, 0x0f, 0xf0, 0x0f, 0xf0, 0xff, 0xf0, 0xf0, 0xff, 0xff, 0xff, 0x0f, 0xff, 0xf0, 0xf0,
	0xf0, 0xf0, 0x0f, 0x0f, 0xf0, 0x0f, 0xf0, 0xf0, 0xf0, 0xff, 0xff, 0x0f, 0x0f, 0xf0, 0xff, 0xff,
	0x0f, 0xf0, 0x0f, 0x0f, 0xf0, 0xff, 0xff, 0x0f, 0xf0, 0x0f, 0x0f, 0x0f, 0xf0, 0xf0, 0x0f, 0xff,
	0xf0, 0x0f, 0xff, 0xf0, 0xff, 0x0f, 0xff, 0xff, 0xf0, 0x0f, 0xf0, 0xff, 0xf0, 0xf0, 0xf0, 0xff,
	0xff, 0x0f, 0x00, 0xff, 0xf0, 0x0f, 0x00, 0xff, 0xff, 0xf0, 0x0f, 0xff, 0x0f, 0x0f, 0xf0, 0xff,
	0x0f, 0xff, 0xf0, 0xf0, 0xff, 0x0f, 0xf0, 0x0f, 0x0f, 0xf0, 0xff, 0xff, 0xff, 0x0f, 0x0f, 0x0f,
	0x0f, 0xff, 0xff, 0xf0, 0x0f, 0xff, 0xf0, 0xff, 0x0f, 0xff, 0x0f, 0x0f, 0xff, 0xf0, 0xf0, 0xf0,
	0xf0, 0x0f, 0x0f, 0x0f, 0xff, 0xf0, 0xf0, 0xf0, 0xf0, 0xf0, 0x0f, 0xf0, 0x00, 0x0f, 0x0f, 0xf0,
	0xff, 0xff, 0xf0, 0xff, 0xf0, 0x0f, 0xf0, 0xff, 0xff, 0xf0, 0xf0, 0x0f, 0xff, 0xf0, 0xf0, 0xf0,
	0xff, 0xff, 0xf0, 0x00, 0xf0, 0xff, 0x0f, 0x0f, 0xf0, 0x0f, 0xf0, 0xff, 0xff, 0x0f, 0xf0, 0xff,
	0xff, 0xff, 0xff, 0xff, 0xff, 0xff, 0xff, 0xff, 0xff, 0xff, 0xff, 0xff, 0xff, 0xff, 0xff, 0xff,
	0xff, 0xff, 0xff, 0xff, 0xff, 0xff, 0xff, 0xff, 0xff, 0xff, 0xff, 0xff, 0xff, 0xff, 0xff, 0xff,
	0xff, 0xff, 0xff, 0xff, 0xff, 0xff, 0xff, 0xff, 0xff, 0xff, 0xff, 0xff, 0xff, 0xff, 0xff, 0xff,
	0xff, 0xff, 0xff, 0xff, 0xff, 0xff, 0xff, 0xff, 0xff, 0xff, 0xff, 0xff, 0xff, 0xff, 0xff, 0xff,
	0xff, 0xff, 0xff, 0xff, 0xff, 0xff, 0xff, 0xff, 0xff, 0xff, 0xff, 0xff, 0xff, 0xff, 0xff, 0xff,
	0xff, 0xff, 0xff, 0xff, 0xff, 0xff, 0xff, 0xff, 0xff, 0xff, 0xff, 0xff, 0xff, 0xff, 0xff, 0xff,
	0xff, 0xff, 0xff, 0xff, 0xff, 0xff, 0xff, 0xff, 0xff, 0xff, 0xff, 0xff, 0xff, 0xff, 0xff, 0xff,
	0xff, 0xff, 0xff, 0xff, 0xff, 0xff, 0xff, 0xff, 0xff, 0xff, 0xff, 0xff, 0xff, 0xff, 0xff, 0xff,
	0xff, 0xff, 0xff, 0xff, 0xff, 0xff, 0xff, 0xff, 0xff, 0xff, 0xff, 0xff, 0xff, 0xff, 0xff, 0xff,
	0xff, 0xff, 0xff, 0xff, 0xff, 0xff, 0xff, 0xff, 0xff, 0xff, 0xff, 0xff, 0xff, 0xff, 0xff, 0xff,
	0xff, 0xff, 0xff, 0xff, 0xff, 0xff, 0xff, 0xff, 0xff, 0xff, 0xff, 0xff, 0xff, 0xff, 0xff, 0xff,
	0xff, 0xff, 0xff, 0xff, 0xff, 0xff, 0xff, 0xff, 0xff, 0xff, 0xff, 0xff, 0xff, 0xff, 0xff, 0xff,
	0xff, 0xff, 0xff, 0xff, 0xff, 0xff, 0xff, 0xff, 0xff, 0xff, 0xff, 0xff, 0xff, 0xff, 0xff, 0xff,
	0xff, 0xff, 0xff, 0xff, 0xff, 0xff, 0xff, 0xff, 0xff, 0xff, 0xff, 0xff, 0xff, 0xff, 0xff, 0xff,
	0xff, 0xff, 0xff, 0xff, 0xff, 0xff, 0xff, 0xff, 0xff, 0xff, 0xff, 0xff, 0xff, 0xff, 0xff, 0xff,
	0xff, 0xff, 0xff, 0xff, 0xff, 0xff, 0xff, 0xff, 0xff, 0xff, 0xff, 0xff, 0xff, 0xff, 0xff, 0xff,
	0xff, 0xff, 0xff, 0xff, 0xff, 0xff, 0xff, 0xff, 0xff, 0xff, 0xff, 0xff, 0xff, 0xff, 0xff, 0xff,
	0xff, 0xff, 0xff, 0xff, 0xff, 0xff, 0xff, 0xff, 0xff, 0xff, 0xff, 0xff, 0xff, 0xff, 0xff, 0xff,
	0xff, 0xff, 0xff, 0xff, 0xff, 0xff, 0xff, 0xff, 0xff, 0xff, 0xff, 0xff, 0xff, 0xff, 0xff, 0xff,
	0xff, 0xff, 0xff, 0xff, 0xff, 0xff, 0xff, 0xff, 0xff, 0xff, 0xff, 0xff, 0xff, 0xff, 0xff, 0xff,
	0x00, 0x00, 0x00, 0x00, 0x00, 0x00, 0x00, 0x00, 0x00, 0x00, 0x00, 0x00, 0x00, 0x00, 0x00, 0x00,
	0x00, 0x00, 0x00, 0x00, 0x00, 0x00, 0x00, 0x00, 0x00, 0x00, 0x00, 0x00, 0x00, 0x00, 0x00, 0x00,
	0x00, 0x00, 0x00, 0x00, 0x00, 0x00, 0x00, 0x00, 0x00, 0x00, 0x00, 0x00, 0x00, 0x00, 0x00, 0x00,
	0x00, 0x00, 0x00, 0x00, 0x00, 0x00, 0x00, 0x00, 0x00, 0x00, 0x00, 0x00, 0x00, 0x00, 0x00, 0x00,
	0x00, 0x00, 0x00, 0x00, 0x00, 0x00, 0x00, 0x00, 0x00, 0x00, 0x00, 0x00, 0x00, 0x00, 0x00, 0x00,
	0x00, 0x00, 0x00, 0x00, 0x00, 0x00, 0x00, 0x00, 0x00, 0x00, 0x00, 0x00, 0x00, 0x00, 0x00, 0x00,
	0x00, 0x00, 0x00, 0x00, 0x00, 0x00, 0x00, 0x00, 0x00, 0x00, 0x00, 0x00, 0x00, 0x00, 0x00, 0x00,
	0x00, 0x00, 0x00, 0x00, 0x00, 0x00, 0x00, 0x00, 0x00, 0x00, 0x00, 0x00, 0x00, 0x00, 0x00, 0x00,
	0x00, 0x00, 0x00, 0x00, 0x00, 0x00, 0x00, 0x00, 0x00, 0x00, 0x00, 0x00, 0x00, 0x00, 0x00, 0x00,
	0x00, 0x00, 0x00, 0x00, 0x00, 0x00, 0x00, 0x00, 0x00, 0x00, 0x00, 0x00, 0x00, 0x00, 0x00, 0x00,
	0x00, 0x00, 0x00, 0x00, 0x00, 0x00, 0x00, 0x00, 0x00, 0x00, 0x00, 0x00, 0x00, 0x00, 0x00, 0x00,
	0x00, 0x00, 0x00, 0x00, 0x00, 0x00, 0x00, 0x00, 0x00, 0x00, 0x00, 0x00, 0x00, 0x00, 0x00, 0x00,
	0x00, 0x00, 0x00, 0x00, 0x00, 0x00, 0x00, 0x00, 0x00, 0x00, 0x00, 0x00, 0x00, 0x00, 0x00, 0x00,
	0x00, 0x00, 0x00, 0x00, 0x00, 0x00, 0x00, 0x00, 0x00, 0x00, 0x00, 0x00, 0x00, 0x00, 0x00, 0x00,
	0x00, 0x00, 0x00, 0x00, 0x00, 0x00, 0x00, 0x00, 0x00, 0x00, 0x00, 0x00, 0x00, 0x00, 0x00, 0x00,
	0x00, 0x00, 0x00, 0x00, 0x00, 0x00, 0x00, 0x00, 0x00, 0x00, 0x00, 0x00, 0x00, 0x00, 0x00, 0x00,
	0x00, 0x00, 0x00, 0x00, 0x00, 0x00, 0x00, 0x00, 0x00, 0x00, 0x00, 0x00, 0x00, 0x00, 0x00, 0x00,
	0x00, 0x00, 0x00, 0x00, 0x00, 0x00, 0x00, 0x00, 0x00, 0x00, 0x00, 0x00, 0x00, 0x00, 0x00, 0x00,
	0x00, 0x00, 0x00, 0x00, 0x00, 0x00, 0x00, 0x00, 0x00, 0x00, 0x00, 0x00, 0x00, 0x00, 0x00, 0x00,
	0x00, 0x00, 0x00, 0x00, 0x00, 0x00, 0x00, 0x00, 0x00, 0x00, 0x00, 0x00, 0x00, 0x00, 0x00, 0x00,
	0x00, 0x00, 0x00, 0xff, 0x0f, 0xf0, 0x00, 0x00, 0xff, 0x00, 0x00, 0x00, 0x00, 0x00, 0x00, 0x00,
	0xff, 0x00, 0xf0, 0x00, 0x00, 0x00, 0x00, 0x00, 0x00, 0x00, 0x00, 0xff, 0xff, 0x00, 0x00, 0x00,
	0x00, 0x00, 0xf0, 0x00, 0x00, 0x00, 0xff, 0x00, 0x00, 0x00, 0x00, 0xf0, 0x00, 0x00, 0xf0, 0x0f,
	0x00, 0xff, 0x00, 0x00, 0x00, 0x00, 0x00, 0x00, 0x00, 0xf0, 0x00, 0x00, 0x00, 0xff, 0x00, 0x00,
	0x00, 0x00, 0x00, 0x00, 0x00, 0x00, 0x00, 0x00, 0x00, 0x00, 0x00, 0x00, 0x00, 0x00, 0x00, 0x00,
	0x00, 0x00, 0x00, 0x00, 0x00, 0x00, 0x00, 0x0f, 0x00, 0x00, 0x00, 0x00, 0x00, 0x00, 0x00, 0x00,
	0x00, 0x00, 0x00, 0x00, 0x00, 0x00, 0x00, 0xf0, 0x00, 0x0f, 0xff, 0x00, 0x00, 0xf0, 0x00, 0x0f,
	0x0f, 0x00, 0x00, 0xf0, 0x00, 0x00, 0xff, 0x00, 0xf0, 0x00, 0x00, 0x00, 0xff, 0xf0, 0x00, 0x00,
	0x00, 0x00, 0x00, 0x00, 0x00, 0x00, 0x0f, 0x00, 0x00, 0x00, 0x00, 0x00, 0x00, 0x0f, 0x00, 0x00,
	0x00, 0x0f, 0x00, 0x00, 0x00, 0x00, 0x00, 0x00, 0xff, 0x00, 0x00, 0x00, 0x00, 0x00, 0x00, 0x00,
	0x00, 0x00, 0x00, 0xff, 0x00, 0x00, 0x00, 0x00, 0x00, 0x00, 0x00, 0x00, 0x00, 0x00, 0x00, 0x00,
	0x00, 0x00, 0xff, 0x00, 0xf0, 0x00, 0x00, 0x00, 0x00, 0x00, 0x00, 0xf0, 0x00, 0x00, 0x00, 0x00,
	0x00, 0x00, 0x00, 0x00, 0x00, 0x00, 0xff, 0x00, 0x00, 0x00, 0x0f, 0xf0, 0x00, 0x0f, 0xf0, 0x00,
	0x00, 0x00, 0x00, 0x00, 0xff, 0x00, 0x00, 0x00, 0x00, 0x00, 0x00, 0xf0, 0xff, 0x00, 0x0f, 0x00,
	0x00, 0x00, 0x00, 0xf0, 0xf0, 0x00, 0x0f, 0x00, 0x00, 0x00, 0x00, 0x00, 0xff, 0x00, 0x00, 0x00,
	0x00, 0x00, 0x0f, 0x00, 0x00, 0x00, 0x0f, 0x00, 0xf0, 0xf0, 0x00, 0x0f, 0xff, 0x00, 0x00, 0x00,
	0x00, 0x00, 0x00, 0x00, 0x00, 0xff, 0x00, 0x00, 0x00, 0x00, 0x00, 0xf0, 0x00, 0x00, 0xff, 0x00,
	0x00, 0x00, 0x00, 0x00, 0x00, 0x00, 0x00, 0x0f, 0xff, 0x00, 0xff, 0x00, 0x00, 0x00, 0x00, 0x00,
	0x00, 0x00, 0x00, 0x00, 0x00, 0x00, 0x00, 0x00, 0x0f, 0x00, 0x00, 0x00, 0x00, 0x00, 0x00, 0x00,
	0x00, 0x00, 0x00, 0x00, 0x00, 0x00, 0x00, 0x00, 0x00, 0x0f, 0x00, 0xf0, 0x00, 0x00, 0x00, 0x00,
	0xff, 0xf0, 0xff, 0x00, 0x00, 0xf0, 0x00, 0x00, 0x00, 0xf0, 0xf0, 0x00, 0x0f, 0x00, 0x00, 0x0f,
	0x00, 0x00, 0x00, 0xff, 0xff, 0x00, 0x00, 0xff, 0x0f, 0x00, 0x00, 0x00, 0xf0, 0x00, 0x00, 0x0f,
	0x00, 0x0f, 0x00, 0xff, 0x0f, 0x00, 0x00, 0x00, 0xff, 0x00, 0xff, 0x0f, 0xf0, 0x00, 0x00, 0x00,
	0x00, 0x00, 0x00, 0xff, 0x00, 0xff, 0xf0, 0xff, 0x00, 0xf0, 0x0f, 0x00, 0xf0, 0x00, 0x0f, 0x0f,
	0xff, 0xf0, 0x00, 0x00, 0x00, 0x00, 0xf0, 0xf0, 0x00, 0x00, 0xff, 0x00, 0x00, 0x00, 0x00, 0xff,
	0x00, 0x00, 0xff, 0x0f, 0x0f, 0x00, 0x00, 0x00, 0x00, 0x00, 0x00, 0x00, 0x00, 0x00, 0x00, 0x00,
	0x00, 0x00, 0xf0, 0x00, 0x00, 0xff, 0x00, 0x00, 0x00, 0x00, 0x00, 0x00, 0x0f, 0x00, 0x00, 0xf0,
	0x00, 0x00, 0x00, 0x00, 0x00, 0x00, 0x00, 0x00, 0x00, 0x00, 0x00, 0xff, 0x00, 0xf0, 0x00, 0x00,
	0xff, 0x00, 0x00, 0x00, 0x00, 0x00, 0x00, 0x0f, 0x00, 0x00, 0x00, 0x00, 0x00, 0x00, 0x00, 0x00,
	0x0f, 0x00, 0x00, 0x0f, 0x00, 0x00, 0x00, 0x00, 0xf0, 0xff, 0xf0, 0x00, 0xff, 0xf0, 0x00, 0x00,
	0xff, 0x00, 0x0f, 0xf0, 0x00, 0x0f, 0xff, 0x00, 0x00, 0x00, 0xf0, 0x0f, 0xf0, 0xf0, 0x00, 0x0f,
	0x00, 0x00, 0x00, 0x00, 0x00, 0x00, 0x0f, 0x00, 0x00, 0xf0, 0x00, 0x00, 0x00, 0x00, 0x00, 0x00,
	0x00, 0x00, 0x0f, 0x00, 0x0f, 0xf0, 0xff, 0xff, 0xff, 0x00, 0x00, 0x00, 0xff, 0x00, 0x00, 0x00,
	0x00, 0x00, 0x0f, 0x0f, 0xff, 0x0f, 0x00, 0x00, 0xf0, 0xff, 0x0f, 0x00, 0x00, 0x00, 0x0f, 0x00,
	0x0f, 0x00, 0x00, 0x00, 0xff, 0xff, 0x00, 0x00, 0x0f, 0x00, 0x00, 0x00, 0x0f, 0x00, 0xff, 0x00,
	0xff, 0xf0, 0x00, 0xff, 0xf0, 0x0f, 0x00, 0x00, 0x00, 0xf0, 0x00, 0x00, 0x00, 0x00, 0xf0, 0x0f,
	0x00, 0x00, 0x0f, 0x00, 0x00, 0x00, 0xff, 0x00, 0x00, 0x00, 0xff, 0x00, 0x00, 0x00, 0x00, 0x00,
	0xf0, 0x00, 0x00, 0x0f, 0x00, 0x0f, 0xf0, 0xf0, 0x00, 0x00, 0xff, 0x00, 0x00, 0xf0, 0x00, 0x00,
	0xf0, 0x0f, 0x00, 0x0f, 0xff, 0x00, 0x00, 0x00, 0x0f, 0x00, 0x0f, 0x00, 0x00, 0x00, 0x00, 0xf0,
	0x00, 0x00, 0x00, 0xf0, 0xff, 0x0f, 0xff, 0x00, 0x00, 0x00, 0xf0, 0x00, 0x0f, 0xf0, 0x00, 0xf0,
	0x0f, 0x00, 0x00, 0xff, 0xff, 0xf0, 0xf0, 0x0f, 0x0f, 0x00, 0xf0, 0x00, 0x0f, 0xf0, 0x00, 0x0f,
	0x00, 0x00, 0x00, 0xff, 0x00, 0x00, 0x00, 0xf0, 0x00, 0xf0, 0x00, 0x00, 0xf0, 0xff, 0x00, 0xff,
	0x0f, 0x00, 0x00, 0x00, 0xf0, 0x00, 0x0f, 0x00, 0x00, 0x00, 0x00, 0xf0, 0x0f, 0x00, 0x0f, 0xf0,
	0x00, 0x00, 0x00, 0x00, 0x00, 0x0f, 0x00, 0xf0, 0xf0, 0x00, 0xff, 0x00, 0xf0, 0x00, 0x00, 0x00,
	0xf0, 0xff, 0x00, 0x00, 0x00, 0x00, 0x00, 0xf0, 0xff, 0x0f, 0x0f, 0x0f, 0xff, 0x00, 0xff, 0x0f,
	0x00, 0xff, 0x00, 0x00, 0xff, 0x0f, 0x0f, 0x00, 0xff, 0x00, 0x00, 0xff, 0x00, 0x00, 0x00, 0x00,
	0x00, 0xf0, 0x00, 0x0f, 0xf0, 0x00, 0x0f, 0x00, 0x00, 0x0f, 0xf0, 0x00, 0x00, 0x00, 0xff, 0x00,
	0x00, 0xf0, 0x00, 0xff, 0xff, 0x00, 0x00, 0x00, 0x00, 0x00, 0x00, 0x00, 0x00, 0xff, 0xf0, 0x00,
	0x00, 0x00, 0x00, 0x00, 0x00, 0x0f, 0x00, 0x00, 0x00, 0x00, 0x00, 0x00, 0xff, 0x00, 0x00, 0x0f,
	0x00, 0x00, 0x00, 0xff, 0x00, 0xf0, 0xf0, 0x00, 0x00, 0x00, 0xf0, 0xf0, 0x00, 0xf0, 0xf0, 0x0f,
	0x00, 0x00, 0xf0, 0x00, 0xff, 0xf0, 0x0f, 0x00, 0xf0, 0xf0, 0x00, 0x00, 0xff, 0xf0, 0x0f, 0x00,
	0xf0, 0x0f, 0x00, 0xff, 0xf0, 0x0f, 0x00, 0xff, 0x0f, 0xf0, 0xf0, 0x00, 0xf0, 0xf0, 0x00, 0x00,
	0xff, 0x0f, 0xff, 0x00, 0xf0, 0x00, 0x00, 0xf0, 0x0f, 0x00, 0x00, 0x00, 0xf0, 0xff, 0x00, 0x00,
	0x00, 0x00, 0xff, 0x00, 0x00, 0x00, 0x00, 0x0f, 0xf0, 0xf0, 0xff, 0x00, 0x00, 0x00, 0x0f, 0x00,
	0x00, 0x00, 0x00, 0x00, 0xff, 0x00, 0x00, 0x0f, 0x00, 0x00, 0x00, 0x00, 0xff, 0xf0, 0x0f, 0x00,
	0x00, 0xff, 0x00, 0x00, 0x00, 0xff, 0xf0, 0xff, 0x00, 0xf0, 0x00, 0x00, 0x00, 0xf0, 0xff, 0x00,
	0x00, 0x0f, 0xf0, 0xff, 0x00, 0x00, 0x00, 0xff, 0x00, 0xff, 0xf0, 0xf0, 0xf0, 0x00, 0x00, 0xff,
	0xf0, 0xff, 0x00, 0xf0, 0xff, 0x00, 0x0f, 0x00, 0x00, 0x00, 0xf0, 0x0f, 0x00, 0xf0, 0x00, 0xff,
	0x00, 0x0f, 0xf0, 0xf0, 0xff, 0x00, 0x00, 0xf0, 0xff, 0x00, 0x0f, 0x00, 0x0f, 0x00, 0xf0, 0x00,
	0xf0, 0xf0, 0x00, 0xff, 0xff, 0x00, 0x00, 0xf0, 0x00, 0xff, 0xff, 0x00, 0x0f, 0x00, 0xff, 0x00,
	0x00, 0x00, 0x00, 0xff, 0xf0, 0x00, 0xff, 0x0f, 0x0f, 0x0f, 0x00, 0xff, 0x0f, 0xf0, 0x0f, 0xff,
	0x00, 0xff, 0x00, 0x0f, 0x0f, 0xff, 0xff, 0x00, 0x0f, 0xff, 0x00, 0xff, 0x00, 0xf0, 0x00, 0x00,
	0x00, 0xff, 0x00, 0xff, 0xff, 0xff, 0x00, 0xf0, 0x0f, 0x00, 0x0f, 0xf0, 0x0f, 0x00, 0x0f, 0x00,
	0xf0, 0xff, 0x0f, 0xff, 0xff, 0xf0, 0x0f, 0x00, 0x00, 0x00, 0x0f, 0xf0, 0x00, 0xf0, 0xff, 0xff,
	0x00, 0x0f, 0x00, 0x00, 0x00, 0x00, 0x0f, 0x0f, 0x0f, 0x0f, 0xf0, 0xff, 0x00, 0x0f, 0x0f, 0xf0,
	0x0f, 0x00, 0x0f, 0x0f, 0x00, 0x00, 0xff, 0xff, 0xf0, 0x0f, 0xff, 0x00, 0x00, 0xff, 0x00, 0xff,
	0x00, 0x0f, 0xff, 0xf0, 0x00, 0xf0, 0xff, 0x00, 0xf0, 0xff, 0x0f, 0xff, 0x0f, 0x0f, 0xf0, 0xf0,
	0x00, 0xf0, 0xff, 0x00, 0xf0, 0xff, 0x00, 0xf0, 0xf0, 0x0f, 0xf0, 0x0f, 0xff, 0x0f, 0x0f, 0x00,
	0x0f, 0xff, 0x00, 0xf0, 0xff, 0x0f, 0xf0, 0x00, 0xff, 0xf0, 0xf0, 0x00, 0x0f, 0x0f, 0x0f, 0x00,
	0x0f, 0x0f, 0xff, 0x00, 0xf0, 0x0f, 0x0f, 0x00, 0xff, 0x00, 0x0f, 0xf0, 0xf0, 0x0f, 0xf0, 0x00,
	0xf0, 0x0f, 0x00, 0x00, 0xff, 0x00, 0x00, 0xff, 0x00, 0xff, 0x0f, 0xf0, 0x00, 0x00, 0xf0, 0xf0,
	0x00, 0xf0, 0x00, 0xf0, 0x0f, 0x00, 0x00, 0xf0, 0x00, 0xf0, 0x00, 0x0f, 0xff, 0x0f, 0x00, 0xf0,
	0x0f, 0xf0, 0xf0, 0x0f, 0x0f, 0xff, 0x00, 0xf0, 0xff, 0xff, 0x00, 0x00, 0xff, 0x0f, 0x00, 0x00,
	0xff, 0x0f, 0x00, 0x0f, 0xf0, 0x00, 0x0f, 0x00, 0xf0, 0x00, 0xf0, 0x0f, 0x0f, 0xf0, 0x0f, 0x0f,
	0xff, 0xff, 0xff, 0xff, 0xff, 0xf0, 0xff, 0xf0, 0x00, 0xff, 0x00, 0xff, 0xf0, 0xff, 0xff, 0x00,
	0xff, 0x0f, 0x00, 0x0f, 0x0f, 0xff, 0xff, 0xf0, 0x0f, 0x00, 0xf0, 0x00, 0x00, 0xf0, 0x0f, 0x00,
	0xff, 0xff, 0xff, 0xff, 0xff, 0xf0, 0xff, 0x0f, 0xf0, 0xff, 0x00, 0x0f, 0xff, 0xff, 0x0f, 0x00,
	0xf0, 0xff, 0x00, 0x00, 0xf0, 0x00, 0xf0, 0x0f, 0x00, 0x0f, 0x00, 0x00, 0xff, 0xf0, 0xf0, 0xff,
	0xf0, 0xf0, 0xff, 0x00, 0x00, 0x0f, 0x00, 0xf0, 0x0f, 0xff, 0x00, 0x0f, 0xff, 0xf0, 0x00, 0x0f,
	0xf0, 0x0f, 0x00, 0xf0, 0x00, 0x0f, 0x00, 0x00, 0xff, 0x00, 0x00, 0x0f, 0x00, 0xff, 0xff, 0x0f,
	0xff, 0xff, 0xff, 0xf0, 0x0f, 0xff, 0xf0, 0x0f, 0x0f, 0xff, 0xf0, 0xf0, 0xf0, 0x0f, 0xf0, 0xf0,
	0xf0, 0x0f, 0xff, 0xf0, 0xff, 0x0f, 0xf0, 0xf0, 0xf0, 0xf0, 0xf0, 0xf0, 0xf0, 0xff, 0xff, 0x0f,
	0x00, 0x0f, 0x0f, 0xf0, 0xff, 0xff, 0x00, 0x0f, 0xff, 0xf0, 0xff, 0xff, 0xf0, 0xf0, 0xf0, 0x0f,
	0xff, 0xff, 0xf0, 0x0f, 0xf0, 0xff, 0xff, 0x0f, 0x0f, 0xf0, 0xf0, 0xff, 0xff, 0xf0, 0xf0, 0xff,
	0xff, 0xf0, 0x0f, 0xf0, 0xf0, 0x0f, 0x0f, 0xf0, 0x0f, 0xff, 0x00, 0x00, 0xf0, 0xff, 0xff, 0x0f,
	0xf0, 0xff, 0x0f, 0x00, 0x0f, 0xf0, 0xf0, 0x0f, 0xf0, 0xff, 0x0f, 0xf0, 0x00, 0xff, 0x00, 0xf0,
	0xff, 0xff, 0xff, 0x00, 0xf0, 0x00, 0xff, 0xf0, 0xf0, 0xf0, 0x0f, 0xff, 0x00, 0xf0, 0xf0, 0x0f,
	0xff, 0xff, 0x0f, 0xf0, 0xf0, 0x0f, 0xf0, 0xf0, 0xff, 0xf0, 0xf0, 0x0f, 0x00, 0x00, 0x0f, 0xff,
	0x0f, 0xf0, 0xff, 0x00, 0x0f, 0x0f, 0xff, 0xf0, 0xf0, 0xff, 0xf0, 0x00, 0xf0, 0xff, 0x00, 0xf0,
	0x00, 0xff, 0xff, 0xf0, 0x00, 0x0f, 0xf0, 0xff, 0xf0, 0xf0, 0x0f, 0xff, 0xff, 0x0f, 0x00, 0xf0,
	0xf0, 0xff, 0x0f, 0x00, 0xf0, 0xff, 0x0f, 0xff, 0x0f, 0x0f, 0xff, 0xf0, 0x00, 0xf0, 0xff, 0x00,
	0x0f, 0xff, 0xf0, 0x0f, 0xff, 0xff, 0x0f, 0x0f, 0xff, 0x0f, 0xff, 0xf0, 0xf0, 0x00, 0x0f, 0x0f,
	0x0f, 0x0f, 0xf0, 0x0f, 0xf0, 0xff, 0xf0, 0xf0, 0xff, 0xf0, 0xf0, 0x0f, 0x0f, 0xff, 0x0f, 0xff,
	0xff, 0xff, 0xff, 0xf0, 0x00, 0x00, 0xf0, 0x00, 0xf0, 0x0f, 0xff, 0x00, 0x0f, 0x00, 0xf0, 0x0f,
	0x0f, 0xff, 0xff, 0x0f, 0xf0, 0x0f, 0x0f, 0x00, 0xf0, 0x0f, 0xf0, 0x0f, 0x0f, 0x00, 0x0f, 0xff,
	0x0f, 0xf0, 0xff, 0xf0, 0x00, 0xf0, 0xf0, 0xff, 0xff, 0xff, 0xf0, 0xf0, 0xff, 0x0f, 0xf0, 0xff,
	0x0f, 0xf0, 0xff, 0xf0, 0x00, 0xf0, 0xf0, 0x0f, 0x0f, 0xf0, 0x0f, 0x0f, 0x00, 0xff, 0xf0, 0xf0,
	0x0f, 0x0f, 0xff, 0xff, 0x00, 0xf0, 0xf0, 0xf0, 0xf0, 0x0f, 0xf0, 0xf0, 0xff, 0x0f, 0xff, 0x0f,
	0xf0, 0x0f, 0x0f, 0x00, 0x0f, 0x00, 0x0f, 0xf0, 0x00, 0x0f, 0xf0, 0x00, 0xff, 0xff, 0x0f, 0xf0,
	0xff, 0xff, 0x00, 0xff, 0x00, 0xf0, 0xf0, 0xff, 0xff, 0x0f, 0x0f, 0x0f, 0x00, 0xf0, 0x0f, 0xf0,
	0xff, 0x0f, 0xff, 0xf0, 0xff, 0xff, 0xff, 0xff, 0xf0, 0xff, 0xff, 0x0f, 0x0f, 0xff, 0xff, 0xf0,
	0xf0, 0x0f, 0xff, 0xff, 0x00, 0xf0, 0xff, 0x0f, 0x0f, 0xff, 0xff, 0xf0, 0x0f, 0xf0, 0xff, 0x0f,
	0xff, 0xf0, 0xf0, 0xff, 0x0f, 0x0f, 0xf0, 0xff, 0xff, 0x0f, 0xf0, 0x0f, 0x0f, 0xff, 0x0f, 0x0f,
	0xff, 0xf0, 0xf0, 0x0f, 0xf0, 0x00, 0xf0, 0xff, 0xff, 0x0f, 0xff, 0x0f, 0xff, 0xff, 0xff, 0xff,
	0xff, 0xff, 0xff, 0xff, 0xff, 0xff, 0xff, 0xff, 0x0f, 0x0f, 0xf0, 0x0f, 0xf0, 0x0f, 0xf0, 0xf0,
	0x00, 0x0f, 0x0f, 0xf0, 0xff, 0xff, 0x0f, 0xff, 0xff, 0xf0, 0xff, 0x0f, 0x0f, 0xf0, 0xf0, 0xf0,
	0xff, 0x00, 0xff, 0xff, 0xff, 0xf0, 0x0f, 0xff, 0xf0, 0xf0, 0x0f, 0xff, 0x0f, 0x0f, 0x0f, 0xff,
	0x0f, 0x0f, 0xf0, 0xf0, 0xf0, 0x0f, 0xff, 0xff, 0x0f, 0xf0, 0xff, 0xf0, 0x0f, 0xf0, 0xf0, 0x0f,
	0x0f, 0xff, 0xf0, 0xf0, 0x0f, 0xf0, 0x0f, 0x00, 0xf0, 0x0f, 0x00, 0xf0, 0xff, 0xf0, 0xff, 0xff,
	0x0f, 0xff, 0xf0, 0xff, 0xff, 0xf0, 0x0f, 0xf0, 0x0f, 0xff, 0xf0, 0xf0, 0xf0, 0xff, 0xf0, 0xf0,
	0xff, 0xff, 0xff, 0xff, 0xff, 0x0f, 0xf0, 0xf0, 0xff, 0x0f, 0x0f, 0x0f, 0xf0, 0xff, 0x0f, 0xf0,
	0xf0, 0x00, 0x0f, 0xf0, 0x0f, 0x0f, 0xf0, 0xff, 0xff, 0x0f, 0xff, 0x0f, 0x0f, 0x0f, 0xff, 0xff,
	0xff, 0xf0, 0xff, 0x0f, 0x0f, 0xf0, 0x0f, 0xff, 0x0f, 0xf0, 0xf0, 0x0f, 0xff, 0xf0, 0x0f, 0x0f,
	0xf0, 0xff, 0xff, 0x0f, 0xff, 0xff, 0x0f, 0xff, 0x0f, 0x0f, 0x0f, 0xf0, 0x0f, 0xf0, 0x0f, 0x0f,
	0xf0, 0xff, 0x0f, 0xf0, 0xff, 0xf0, 0x00, 0xf0, 0xf0, 0xf0, 0xff, 0xff, 0xff, 0xf0, 0xff, 0x0f,
	0x0f, 0xff, 0x0f, 0x00, 0x0f, 0x0f, 0x0f, 0xff, 0x0f, 0xf0, 0xff, 0x0f, 0x0f, 0xff, 0xff, 0xff,
	0x0f, 0x0f, 0xff, 0x0f, 0xff, 0xff, 0x0f, 0x0f, 0x0f, 0xff, 0xf0, 0xff, 0xf0, 0xff, 0xf0, 0x0f,
	0xf0, 0xff, 0x0f, 0xff, 0xff, 0xf0, 0xff, 0xff, 0xf0, 0x00, 0xff, 0xf0, 0xf0, 0xff, 0xff, 0xf0,
	0xf0, 0xff, 0xff, 0xff, 0x0f, 0x0f, 0xf0, 0xf0, 0xff, 0xff, 0x0f, 0xf0, 0xf0, 0x0f, 0xf0, 0x0f,
	0xff, 0xf0, 0xff, 0x0f, 0x0f, 0xff, 0xff, 0xf0, 0x0f, 0xff, 0xff, 0xf0, 0xf0, 0xf0, 0xf0, 0xff,
	0xff, 0xff, 0xff, 0xff, 0xff, 0xff, 0xff, 0xff, 0xff, 0xff, 0xff, 0xff, 0xff, 0xff, 0xff, 0xff,
	0xff, 0xff, 0xff, 0xff, 0xff, 0xff, 0xff, 0xff, 0xff, 0xff, 0xff, 0xff, 0xff, 0xff, 0xff, 0xff,
	0xff, 0xff, 0xff, 0xff, 0xff, 0xff, 0xff, 0xff, 0xff, 0xff, 0xff, 0xff, 0xff, 0xff, 0xff, 0xff,
	0xff, 0xff, 0xff, 0xff, 0xff, 0xff, 0xff, 0xff, 0xff, 0xff, 0xff, 0xff, 0xff, 0xff, 0xff, 0xff,
	0xff, 0xff, 0xff, 0xff, 0xff, 0xff, 0xff, 0xff, 0xff, 0xff, 0xff, 0xff, 0xff, 0xff, 0xff, 0xff,
	0xff, 0xff, 0xff, 0xff, 0xff, 0xff, 0xff, 0xff, 0xff, 0xff, 0xff, 0xff, 0xff, 0xff, 0xff, 0xff,
	0xff, 0xff, 0xff, 0xff, 0xff, 0xff, 0xff, 0xff, 0xff, 0xff, 0xff, 0xff, 0xff, 0xff, 0xff, 0xff,
	0xff, 0xff, 0xff, 0xff, 0xff, 0xff, 0xff, 0xff, 0xff, 0xff, 0xff, 0xff, 0xff, 0xff, 0xff, 0xff,
	0xff, 0xff, 0xff, 0xff, 0xff, 0xff, 0xff, 0xff, 0xff, 0xff, 0xff, 0xff, 0xff, 0xff, 0xff, 0xff,
	0xff, 0xff, 0xff, 0xff, 0xff, 0xff, 0xff, 0xff, 0xff, 0xff, 0xff, 0xff, 0xff, 0xff, 0xff, 0xff,
	0xff, 0xff, 0xff, 0xff, 0xff, 0xff, 0xff, 0xff, 0xff, 0xff, 0xff, 0xff, 0xff, 0xff, 0xff, 0xff,
	0xff, 0xff, 0xff, 0xff, 0xff, 0xff, 0xff, 0xff, 0xff, 0xff, 0xff, 0xff, 0xff, 0xff, 0xff, 0xff,
	0xff, 0xff, 0xff, 0xff, 0xff, 0xff, 0xff, 0xff, 0xff, 0xff, 0xff, 0xff, 0xff, 0xff, 0xff, 0xff,
	0xff, 0xff, 0xff, 0xff, 0xff, 0xff, 0xff, 0xff, 0xff, 0xff, 0xff, 0xff, 0xff, 0xff, 0xff, 0xff,
	0xff, 0xff, 0xff, 0xff, 0xff, 0xff, 0xff, 0xff, 0xff, 0xff, 0xff, 0xff, 0xff, 0xff, 0xff, 0xff,
	0xff, 0xff, 0xff, 0xff, 0xff, 0xff, 0xff, 0xff, 0xff, 0xff, 0xff, 0xff, 0xff, 0xff, 0xff, 0xff,
	0xff, 0xff, 0xff, 0xff, 0xff, 0xff, 0xff, 0xff, 0xff, 0xff, 0xff, 0xff, 0xff, 0xff, 0xff, 0xff,
	0xff, 0xff, 0xff, 0xff, 0xff, 0xff, 0xff, 0xff, 0xff, 0xff, 0xff, 0xff, 0xff, 0xff, 0xff, 0xff,
	0xff, 0xff, 0xff, 0xff, 0xff, 0xff, 0xff, 0xff, 0xff, 0xff, 0xff, 0xff, 0xff, 0xff, 0xff, 0xff,
	0xff, 0xff, 0xff, 0xff, 0xff, 0xff, 0xff, 0xff, 0xff, 0xff, 0xff, 0xff, 0xff, 0xff, 0xff, 0xff,
	0x00, 0x00, 0x00, 0x00, 0x00, 0x00, 0x00, 0x00, 0x00, 0x00, 0x00, 0x00, 0x00, 0x00, 0x00, 0x00,
	0x00, 0x00, 0x00, 0x00, 0x00, 0x00, 0x00, 0x00, 0x00, 0x00, 0x00, 0x00, 0x00, 0x00, 0x00, 0x00,
	0x00, 0x00, 0x00, 0x00, 0x00, 0x00, 0x00, 0x00, 0x00, 0x00, 0x00, 0x00, 0x00, 0x00, 0x00, 0x00,
	0x00, 0x00, 0x00, 0x00, 0x00, 0x00, 0x00, 0x00, 0x00, 0x00, 0x00, 0x00, 0x00, 0x00, 0x00, 0x00,
	0x00, 0x00, 0x00, 0x00, 0x00, 0x00, 0x00, 0x00, 0x00, 0x00, 0x00, 0x00, 0x00, 0x00, 0x00, 0x00,
	0x00, 0x00, 0x00, 0x00, 0x00, 0x00, 0x00, 0x00, 0x00, 0x00, 0x00, 0x00, 0x00, 0x00, 0x00, 0x00,
	0x00, 0x00, 0x00, 0x00, 0x00, 0x00, 0x00, 0x00, 0x00, 0x00, 0x00, 0x00, 0x00, 0x00, 0x00, 0x00,
	0x00, 0x00, 0x00, 0x00, 0x00, 0x00, 0x00, 0x00, 0x00, 0x00, 0x00, 0x00, 0x00, 0x00, 0x00, 0x00,
	0x00, 0x00, 0x00, 0x00, 0x00, 0x00, 0x00, 0x00, 0x00, 0x00, 0x00, 0x00, 0x00, 0x00, 0x00, 0x00,
	0x00, 0x00, 0x00, 0x00, 0x00, 0x00, 0x00, 0x00, 0x00, 0x00, 0x00, 0x00, 0x00, 0x00, 0x00, 0x00,
	0x00, 0x00, 0x00, 0x00, 0x00, 0x00, 0x00, 0x00, 0x00, 0x00, 0x00, 0x00, 0x00, 0x00, 0x00, 0x00,
	0x00, 0x00, 0x00, 0x00, 0x00, 0x00, 0x00, 0x00, 0x00, 0x00, 0x00, 0x00, 0x00, 0x00, 0x00, 0x00,
	0x00, 0x00, 0x00, 0x00, 0x00, 0x00, 0x00, 0x00, 0x00, 0x00, 0x00, 0x00, 0x00, 0x00, 0x00, 0x00,
	0x00, 0x00, 0x00, 0x00, 0x00, 0x00, 0x00, 0x00, 0x00, 0x00, 0x00, 0x00, 0x00, 0x00, 0x00, 0x00,
	0x00, 0x00, 0x00, 0x00, 0x00, 0x00, 0x00, 0x00, 0x00, 0x00, 0x00, 0x00, 0x00, 0x00, 0x00, 0x00,
	0x00, 0x00, 0x00, 0x00, 0x00, 0x00, 0x00, 0x00, 0x00, 0x00, 0x00, 0x00, 0x00, 0x00, 0x00, 0x00,
	0x00, 0x00, 0x00, 0x00, 0x00, 0x00, 0x00, 0x00, 0x00, 0x00, 0x00, 0x00, 0x00, 0x00, 0x00, 0x00,
	0x00, 0x00, 0x00, 0x00, 0x00, 0x00, 0x00, 0x00, 0x00, 0x00, 0x00, 0x00, 0x00, 0x00, 0x00, 0x00,
	0x00, 0x00, 0x00, 0x00, 0x00, 0x00, 0x00, 0x00, 0x00, 0x00, 0x00, 0x00, 0x00, 0x00, 0x00, 0x00,
	0x00, 0x00, 0x00, 0x00, 0x00, 0x00, 0x00, 0x00, 0x00, 0x00, 0x00, 0x00, 0x00, 0x00, 0x00, 0x00,
	0x00, 0x00, 0x00, 0x00, 0xf0, 0x00, 0x0f, 0x00, 0x00, 0x00, 0x00, 0x00, 0x00, 0x0f, 0x00, 0x00,
	0x00, 0x00, 0x00, 0x00, 0x00, 0x00, 0x00, 0x00, 0x00, 0x00, 0x00, 0xf0, 0x00, 0x00, 0x00, 0x00,
	0x00, 0x00, 0xf0, 0x00, 0x00, 0x00, 0x00, 0x00, 0x00, 0x00, 0x00, 0x00, 0x00, 0x00, 0x00, 0x00,
	0x00, 0x00, 0x00, 0x00, 0xf0, 0x00, 0x00, 0x00, 0x00, 0x00, 0x00, 0x00, 0xf0, 0x00, 0x00, 0x00,
	0x00, 0x00, 0x00, 0x00, 0xff, 0x00, 0x00, 0x00, 0x00, 0x00, 0x00, 0x00, 0x00, 0x00, 0x0f, 0x00,
	0x00, 0x00, 0x00, 0x00, 0xf0, 0x00, 0x00, 0x00, 0x00, 0x00, 0x00, 0xf0, 0x00, 0x00, 0x00, 0x00,
	0x00, 0x00, 0x00, 0x00, 0x0f, 0x00, 0xf0, 0xff, 0x00, 0x00, 0x00, 0x00, 0x00, 0x00, 0x00, 0x00,
	0x00, 0x00, 0x00, 0x00, 0x00, 0x00, 0x00, 0x00, 0x00, 0x00, 0x00, 0x00, 0x00, 0x00, 0x00, 0x00,
	0x00, 0x00, 0x00, 0x00, 0x00, 0x00, 0x00, 0x00, 0x00, 0x00, 0x00, 0x00, 0x00, 0x00, 0x00, 0x00,
	0x00, 0x00, 0x0f, 0xf0, 0x00, 0x00, 0x0f, 0x00, 0x00, 0x00, 0x00, 0x00, 0x00, 0x00, 0x00, 0x00,
	0x0f, 0x00, 0x00, 0x00, 0x00, 0x00, 0x00, 0x00, 0xf0, 0x00, 0x00, 0x00, 0x00, 0x00, 0x00, 0x00,
	0x00, 0x00, 0x00, 0x00, 0xff, 0x00, 0x00, 0x00, 0x00, 0x00, 0x00, 0x00, 0x00, 0x00, 0x00, 0x00,
	0x00, 0x00, 0x00, 0x00, 0x00, 0x00, 0x00, 0x00, 0x00, 0x00, 0x00, 0x00, 0xff, 0x00, 0x00, 0xff,
	0x0f, 0x0f, 0x00, 0x00, 0x00, 0x00, 0x0f, 0x00, 0x00, 0x00, 0x00, 0x00, 0x00, 0x00, 0x00, 0x00,
	0x00, 0x00, 0x00, 0x00, 0x00, 0x00, 0x00, 0xf0, 0x00, 0x00, 0x00, 0x00, 0x00, 0x00, 0x00, 0x00,
	0x00, 0x00, 0x00, 0x00, 0x0f, 0x00, 0x00, 0x00, 0x00, 0x00, 0x00, 0x00, 0x00, 0x00, 0x00, 0x00,
	0x00, 0x00, 0x00, 0x00, 0x00, 0x00, 0x00, 0x00, 0x00, 0x00, 0x00, 0x00, 0x00, 0x00, 0x00, 0x00,
	0x00, 0x00, 0x00, 0x00, 0x00, 0x00, 0xf0, 0x00, 0x00, 0xff, 0x00, 0x00, 0x00, 0xff, 0xff, 0x00,
	0x00, 0x00, 0x00, 0x00, 0x00, 0x00, 0x00, 0x00, 0x00, 0x00, 0x00, 0x00, 0x00, 0x00, 0x00, 0x00,
	0x00, 0x00, 0x0f, 0x00, 0x00, 0x00, 0x00, 0x00, 0x0f, 0x00, 0x0f, 0x00, 0x00, 0x00, 0x00, 0x00,
	0x00, 0x00, 0x00, 0x00, 0x00, 0xff, 0x00, 0x00, 0x00, 0x00, 0x00, 0x00, 0x00, 0x00, 0x00, 0x00,
	0x00, 0x00, 0x00, 0x00, 0x00, 0x00, 0x00, 0x00, 0x00, 0x00, 0xff, 0xff, 0x00, 0x00, 0xff, 0x00,
	0x00, 0xff, 0xf0, 0xf0, 0x00, 0x00, 0xff, 0x00, 0x00, 0x00, 0xf0, 0x00, 0xf0, 0x00, 0x00, 0x00,
	0x00, 0x0f, 0x00, 0xff, 0x00, 0x00, 0x00, 0x00, 0x00, 0xff, 0x00, 0x00, 0xf0, 0x00, 0x00, 0x00,
	0x00, 0x00, 0x00, 0x00, 0x00, 0x00, 0x00, 0x00, 0xf0, 0xf0, 0xf0, 0x00, 0x0f, 0x0f, 0xff, 0x00,
	0x0f, 0x00, 0xff, 0xff, 0x00, 0xff, 0xff, 0x00, 0x00, 0x0f, 0x00, 0xff, 0x00, 0x00, 0x0f, 0x00,
	0x00, 0x0f, 0x00, 0x00, 0x00, 0x00, 0x0f, 0x00, 0x00, 0x00, 0x00, 0xff, 0xf0, 0x00, 0x00, 0x0f,
	0x00, 0xff, 0x00, 0x0f, 0x00, 0x00, 0xff, 0x00, 0x00, 0x00, 0x0f, 0x00, 0x00, 0x00, 0x0f, 0x00,
	0x00, 0x00, 0x00, 0x00, 0x00, 0x00, 0x00, 0x00, 0xff, 0x00, 0x00, 0x00, 0xf0, 0x00, 0x00, 0x00,
	0x0f, 0x00, 0xff, 0x0f, 0x00, 0xff, 0x00, 0xf0, 0x00, 0xff, 0xf0, 0xff, 0x0f, 0x00, 0x00, 0x00,
	0x0f, 0xf0, 0x00, 0xf0, 0x00, 0x00, 0x00, 0x00, 0x00, 0x00, 0x00, 0xf0, 0xf0, 0x00, 0xf0, 0x00,
	0x00, 0x00, 0x00, 0x00, 0xf0, 0xf0, 0xff, 0xf0, 0x0f, 0x0f, 0xf0, 0xf0, 0x00, 0x00, 0xf0, 0x00,
	0x00, 0x00, 0x00, 0x00, 0xff, 0x00, 0xf0, 0x00, 0x00, 0x00, 0x00, 0x00, 0x00, 0x00, 0x0f, 0x00,
	0x0f, 0x00, 0x00, 0x00, 0x00, 0x00, 0x00, 0xff, 0x00, 0x00, 0x00, 0x00, 0x00, 0xf0, 0xf0, 0x0f,
	0xff, 0x00, 0x00, 0xf0, 0x00, 0x00, 0xff, 0xf0, 0x00, 0xf0, 0x00, 0x00, 0x0f, 0x00, 0x00, 0x0f,
	0x0f, 0xff, 0x00, 0x00, 0x00, 0x00, 0x00, 0x00, 0x0f, 0x0f, 0xf0, 0x00, 0x00, 0x00, 0x0f, 0x00,
	0x00, 0x00, 0xf0, 0x00, 0x00, 0x00, 0xf0, 0x00, 0x00, 0x00, 0xff, 0x00, 0x0f, 0x00, 0x00, 0x00,
	0x00, 0x00, 0xff, 0x0f, 0x00, 0x00, 0x00, 0x00, 0x00, 0xff, 0x00, 0x00, 0xf0, 0x00, 0x00, 0x00,
	0x00, 0x00, 0x00, 0x00, 0x00, 0xf0, 0x00, 0x00, 0x00, 0x00, 0xf0, 0xf0, 0x00, 0x00, 0x0f, 0xf0,
	0x00, 0x00, 0x00, 0x00, 0x00, 0x00, 0xf0, 0x00, 0x00, 0x00, 0x00, 0x00, 0x00, 0x00, 0xff, 0x00,
	0x00, 0x00, 0x00, 0xff, 0x00, 0xff, 0xff, 0xf0, 0x00, 0x0f, 0x00, 0xff, 0xff, 0x00, 0x0f, 0xff,
	0x0f, 0xff, 0xff, 0x00, 0xff, 0xff, 0xff, 0xf0, 0x00, 0x0f, 0xff, 0x0f, 0x0f, 0x00, 0xff, 0xff,
	0x00, 0x00, 0xf0, 0x0f, 0x0f, 0x00, 0xf0, 0x00, 0x0f, 0xf0, 0xff, 0xf0, 0xff, 0x00, 0x00, 0x00,
	0x00, 0xf0, 0x00, 0x0f, 0x00, 0xff, 0xf0, 0xf0, 0x00, 0x00, 0x00, 0xf0, 0x0f, 0xff, 0x00, 0x00,
	0xff, 0x0f, 0x0f, 0x00, 0x00, 0x0f, 0x0f, 0x00, 0x00, 0x00, 0x00, 0x0f, 0xf0, 0x00, 0xff, 0xf0,
	0xff, 0x0f, 0x00, 0x00, 0x00, 0xf0, 0xff, 0x00, 0x00, 0x0f, 0x00, 0x0f, 0x00, 0xf0, 0x00, 0x00,
	0x0f, 0x0f, 0x00, 0xff, 0xf0, 0xf0, 0xf0, 0xff, 0xf0, 0x0f, 0x00, 0x0f, 0xff, 0x00, 0x00, 0x00,
	0x00, 0x00, 0xf0, 0x00, 0xf0, 0x00, 0x00, 0x0f, 0xf0, 0xff, 0x00, 0xf0, 0xff, 0x00, 0x0f, 0x00,
	0x0f, 0xff, 0x00, 0x00, 0xff, 0x00, 0x00, 0x0f, 0x0f, 0x00, 0xff, 0x0f, 0x0f, 0x00, 0x00, 0x00,
	0x00, 0xf0, 0x0f, 0x0f, 0x00, 0x00, 0x0f, 0x0f, 0x00, 0x0f, 0x00, 0xf0, 0x0f, 0x0f, 0x00, 0x00,
	0x0f, 0x00, 0x00, 0x00, 0x00, 0xf0, 0x00, 0x00, 0x00, 0x00, 0xff, 0x00, 0xf0, 0x00, 0x0f, 0x00,
	0x00, 0x00, 0x00, 0xf0, 0xff, 0x00, 0x00, 0x0f, 0x00, 0xf0, 0x00, 0x0f, 0x00, 0xf0, 0x0f, 0x00,
	0x00, 0x00, 0xf0, 0x00, 0xf0, 0x00, 0x0f, 0x0f, 0xff, 0xf0, 0x00, 0x00, 0xf0, 0x00, 0xf0, 0x00,
	0x00, 0x00, 0xf0, 0x00, 0x00, 0x00, 0x00, 0xf0, 0x0f, 0x00, 0xff, 0x0f, 0x00, 0x0f, 0xf0, 0x00,
	0xff, 0x0f, 0x0f, 0x00, 0x0f, 0x00, 0x00, 0x0f, 0x00, 0xff, 0x0f, 0x00, 0x00, 0xf0, 0x0f, 0xff,
	0x0f, 0x00, 0xf0, 0xff, 0x0f, 0xf0, 0xff, 0xff, 0x0f, 0xf0, 0x0f, 0xff, 0xff, 0xff, 0xf0, 0xf0,
	0x0f, 0x00, 0xff, 0xf0, 0x0f, 0x00, 0x0f, 0x00, 0xf0, 0xf0, 0x00, 0xf0, 0x0f, 0x0f, 0xff, 0x0f,
	0x0f, 0xf0, 0xf0, 0xff, 0x00, 0x0f, 0x0f, 0x00, 0x0f, 0xf0, 0xf0, 0x00, 0x00, 0x0f, 0xff, 0xf0,
	0x0f, 0xf0, 0xf0, 0x00, 0xf0, 0x00, 0x0f, 0x00, 0xff, 0xf0, 0xff, 0xff, 0xff, 0x0f, 0x00, 0xff,
	0x0f, 0xff, 0xf0, 0xf0, 0xf0, 0x0f, 0x00, 0x00, 0xf0, 0x0f, 0x0f, 0x00, 0x00, 0xff, 0x00, 0xff,
	0x0f, 0x0f, 0xf0, 0xff, 0xf0, 0xff, 0xf0, 0x00, 0x00, 0x00, 0x0f, 0x00, 0xff, 0x00, 0xff, 0x0f,
	0x0f, 0x00, 0xff, 0x0f, 0xff, 0xf0, 0x0f, 0xf0, 0xf0, 0xf0, 0x00, 0xff, 0xff, 0xf0, 0x00, 0xf0,
	0xf0, 0xff, 0xff, 0xff, 0x00, 0x00, 0x0f, 0x0f, 0xf0, 0x0f, 0x0f, 0xff, 0x00, 0x0f, 0xf0, 0x0f,
	0x00, 0xf0, 0xff, 0x0f, 0xf0, 0x0f, 0xff, 0x00, 0xf0, 0x0f, 0xf0, 0xf0, 0x0f, 0x00, 0x00, 0x0f,
	0x00, 0x00, 0x0f, 0xff, 0xf0, 0xff, 0x00, 0x0f, 0x00, 0x0f, 0x00, 0xf0, 0xf0, 0xf0, 0xf0, 0xf0,
	0xf0, 0x00, 0x0f, 0x0f, 0xff, 0x0f, 0xff, 0xff, 0xf0, 0x0f, 0xf0, 0xff, 0xf0, 0x0f, 0xf0, 0x00,
	0xf0, 0xf0, 0x00, 0x00, 0xf0, 0xf0, 0x00, 0xff, 0x0f, 0xff, 0x0f, 0xf0, 0x0f, 0x00, 0xf0, 0x00,
	0x0f, 0xff, 0xff, 0x0f, 0x0f, 0xf0, 0xf0, 0xff, 0xf0, 0x00, 0xff, 0xf0, 0xff, 0xff, 0xff, 0x0f,
	0xff, 0x0f, 0x0f, 0x00, 0x00, 0x0f, 0x0f, 0x00, 0x0f, 0xff, 0xff, 0xf0, 0xff, 0x00, 0xff, 0x00,
	0xff, 0xf0, 0xff, 0x0f, 0x0f, 0x0f, 0xff, 0xff, 0x0f, 0xff, 0xff, 0x0f, 0x00, 0xf0, 0xff, 0x00,
	0xff, 0x0f, 0xff, 0xff, 0xf0, 0x0f, 0xff, 0xff, 0x0f, 0x0f, 0x00, 0xff, 0x0f, 0x00, 0xf0, 0xf0,
	0xf0, 0x00, 0x0f, 0x00, 0x0f, 0x00, 0x00, 0xff, 0x0f, 0xf0, 0xff, 0xf0, 0x00, 0xff, 0xf0, 0x00,
	0xff, 0x0f, 0xff, 0x00, 0xff, 0x0f, 0x0f, 0x00, 0x0f, 0xf0, 0xff, 0x00, 0xff, 0xff, 0xff, 0x00,
	0xff, 0x0f, 0xf0, 0x0f, 0x0f, 0x00, 0xff, 0x0f, 0x00, 0x0f, 0x00, 0x00, 0x00, 0xff, 0x0f, 0xf0,
	0x0f, 0x00, 0x0f, 0xff, 0x0f, 0x00, 0x0f, 0xf0, 0x00, 0xff, 0x00, 0x00, 0xff, 0xff, 0xff, 0xff,
	0x00, 0xff, 0xf0, 0x0f, 0xff, 0x0f, 0x0f, 0x00, 0x0f, 0xf0, 0xff, 0x00, 0x00, 0xff, 0xf0, 0xf0,
	0x00, 0x0f, 0xff, 0xff, 0xff, 0xff, 0xf0, 0xf0, 0xff, 0xf0, 0x00, 0xff, 0x0f, 0xff, 0x00, 0xf0,
	0xf0, 0x00, 0x00, 0x00, 0xff, 0xff, 0xf0, 0x0f, 0x00, 0x0f, 0xf0, 0x0f, 0xff, 0xf0, 0xf0, 0xf0,
	0x00, 0xff, 0xf0, 0xff, 0x00, 0x00, 0x00, 0xf0, 0x0f, 0xff, 0x0f, 0x00, 0x0f, 0xf0, 0x00, 0x00,
	0xf0, 0xff, 0xff, 0x0f, 0x00, 0x00, 0xf0, 0x00, 0x0f, 0xff, 0x00, 0xff, 0x00, 0x0f, 0xf0, 0xff,
	0xf0, 0xff, 0x00, 0xff, 0xf0, 0xff, 0x0f, 0xff, 0x00, 0x0f, 0xf0, 0xf0, 0x00, 0xff, 0x0f, 0xff,
	0x0f, 0x00, 0xff, 0xff, 0xf0, 0x00, 0xff, 0xf0, 0xff, 0xf0, 0x0f, 0x00, 0x0f, 0xf0, 0xff, 0xff,
	0xf0, 0xff, 0xff, 0x0f, 0xff, 0x0f, 0xf0, 0x0f, 0x0f, 0xf0, 0xf0, 0xf0, 0xf0, 0xf0, 0xff, 0x0f,
	0x00, 0xff, 0x0f, 0xff, 0xff, 0xff, 0xff, 0xff, 0x0f, 0xff, 0xff, 0xf0, 0xf0, 0x0f, 0x0f, 0x00,
	0xff, 0xf0, 0xff, 0xff, 0xff, 0xf0, 0x0f, 0x0f, 0x00, 0x0f, 0xf0, 0xff, 0xff, 0x0f, 0x0f, 0x0f,
	0x0f, 0xf0, 0xf0, 0x0f, 0x0f, 0xf0, 0xff, 0xff, 0xf0, 0xf0, 0x00, 0x0f, 0xff, 0x0f, 0xff, 0x0f,
	0xff, 0xf0, 0x00, 0xf0, 0xf0, 0x0f, 0x0f, 0xff, 0xf0, 0xf0, 0xf0, 0xf0, 0xff, 0x0f, 0xff, 0xff,
	0xf0, 0xff, 0xff, 0x0f, 0x0f, 0x0f, 0xff, 0x0f, 0x00, 0xff, 0x0f, 0xff, 0xf0, 0x0f, 0xff, 0x0f,
	0xf0, 0xf0, 0xff, 0xf0, 0x0f, 0x00, 0x0f, 0x0f, 0x0f, 0xf0, 0x00, 0xff, 0xff, 0xf0, 0x0f, 0x0f,
	0x0f, 0x00, 0xf0, 0xf0, 0x0f, 0xf0, 0xff, 0xf0, 0xff, 0x0f, 0x0f, 0xff, 0x0f, 0xf0, 0xff, 0x0f,
	0x0f, 0xf0, 0xff, 0x0f, 0xff, 0xf0, 0xf0, 0x0f, 0x0f, 0xff, 0xf0, 0xff, 0x0f, 0xff, 0x00, 0xff,
	0x0f, 0xf0, 0xf0, 0xf0, 0xff, 0xf0, 0xf0, 0xf0, 0x00, 0x0f, 0xff, 0x0f, 0x0f, 0xff, 0xff, 0xff,
	0xf0, 0xf0, 0x0f, 0x00, 0xff, 0x0f, 0xff, 0xf0, 0x00, 0x0f, 0xff, 0xf0, 0xff, 0x00, 0x0f, 0x00,
	0x0f, 0xf0, 0xff, 0xff, 0xf0, 0xff, 0x0f, 0x0f, 0xff, 0xf0, 0x0f, 0xff, 0xff, 0xff, 0xf0, 0x0f,
	0xff, 0x0f, 0xff, 0x0f, 0xf0, 0xff, 0x00, 0xff, 0xff, 0x0f, 0xf0, 0xff, 0x0f, 0x00, 0xff, 0xf0,
	0xf0, 0xf0, 0x0f, 0x0f, 0x0f, 0xff, 0xf0, 0xff, 0x0f, 0x0f, 0x0f, 0x0f, 0xf0, 0xff, 0x0f, 0x0f,
	0xf0, 0x0f, 0xf0, 0x0f, 0xff, 0xf0, 0xff, 0xf0, 0x0f, 0xff, 0xf0, 0x0f, 0xf0, 0xff, 0x00, 0xf0,
	0x00, 0xf0, 0x0f, 0x00, 0x0f, 0xff, 0xf0, 0x0f, 0x0f, 0xff, 0xff, 0xff, 0x0f, 0xf0, 0x0f, 0x0f,
	0xff, 0xff, 0xf0, 0xff, 0x0f, 0xf0, 0x00, 0xff, 0x0f, 0xf0, 0xff, 0x0f, 0x0f, 0x00, 0x0f, 0xff,
	0xff, 0xf0, 0x0f, 0xff, 0x00, 0xf0, 0x0f, 0xff, 0x00, 0xff, 0xff, 0x0f, 0x0f, 0xf0, 0x0f, 0x0f,
	0xff, 0x0f, 0xf0, 0xf0, 0x0f, 0x0f, 0xff, 0xff, 0xff, 0xff, 0x0f, 0x0f, 0x0f, 0xff, 0x0f, 0xff,
	0x0f, 0x0f, 0xff, 0xf0, 0xf0, 0xff, 0x0f, 0xff, 0x0f, 0x0f, 0xff, 0xf0, 0xf0, 0x0f, 0xf0, 0x0f,
	0xf0, 0xff, 0xf0, 0xf0, 0xf0, 0x0f, 0x0f, 0xf0, 0xf0, 0x0f, 0xf0, 0x0f, 0xf0, 0xf0, 0x0f, 0xf0,
	0xf0, 0xf0, 0xf0, 0xff, 0xf0, 0xf0, 0x0f, 0xf0, 0x0f, 0xf0, 0x0f, 0x0f, 0xff, 0x0f, 0xf0, 0x0f,
	0xff, 0xff, 0x0f, 0x0f, 0xf0, 0xf0, 0xff, 0xff, 0xf0, 0xff, 0x0f, 0xf0, 0xf0, 0x0f, 0xff, 0xff,
	0xff, 0x0f, 0xff, 0xff, 0xf0, 0x0f, 0x0f, 0xff, 0x0f, 0xff, 0xff, 0xff, 0xf0, 0xf0, 0xf0, 0x0f,
	0x0f, 0x0f, 0x0f, 0xff, 0xf0, 0x0f, 0xff, 0xff, 0x0f, 0xf0, 0x0f, 0xff, 0xff, 0x0f, 0xf0, 0xff,
	0xff, 0xff, 0xff, 0xf0, 0xf0, 0xf0, 0xf0, 0xff, 0xf0, 0xf0, 0xf0, 0xf0, 0xff, 0x0f, 0x0f, 0x0f,
	0xff, 0x00, 0xf0, 0xf0, 0xf0, 0xf0, 0xff, 0x0f, 0xff, 0xf0, 0xff, 0xf0, 0xff, 0x0f, 0xff, 0x0f,
	0xf0, 0xff, 0xff, 0xff, 0xf0, 0xf0, 0x0f, 0xf0, 0x0f, 0xff, 0xff, 0x00, 0xf0, 0xf0, 0xff, 0x0f,
	0xf0, 0xf0, 0xf0, 0xff, 0xff, 0xff, 0xf0, 0xf0, 0x0f, 0xf0, 0x0f, 0xff, 0x0f, 0x0f, 0xf0, 0x0f,
	0xf0, 0xff, 0xff, 0x0f, 0xff, 0x0f, 0xf0, 0x00, 0x0f, 0x0f, 0x00, 0xff, 0x0f, 0x0f, 0x0f, 0xf0,
	0x0f, 0x0f, 0x0f, 0xff, 0xf0, 0xf0, 0x0f, 0xf0, 0x0f, 0xff, 0xff, 0xff, 0xff, 0x0f, 0x0f, 0xff,
	0xf0, 0xff, 0xf0, 0x0f, 0xff, 0xff, 0xf0, 0x0f, 0xf0, 0xff, 0xff, 0xf0, 0x0f, 0xf0, 0xff, 0x0f,
	0xff, 0xff, 0xff, 0xff, 0xff, 0x0f, 0xf0, 0x0f, 0xf0, 0xf0, 0xff, 0xff, 0xff, 0x0f, 0xff, 0xf0,
	0x0f, 0xff, 0xf0, 0x0f, 0xf0, 0x0f, 0xf0, 0xff, 0x0f, 0xff, 0xff, 0x0f, 0x0f, 0xff, 0xff, 0xf0,
	0xff, 0xff, 0xf0, 0xff, 0xff, 0x0f, 0xff, 0x0f, 0x0f, 0x0f, 0xff, 0x0f, 0x0f, 0x0f, 0x0f, 0xf0,
	0xff, 0xff, 0x0f, 0xff, 0x00, 0xf0, 0x0f, 0xf0, 0x0f, 0x0f, 0x0f, 0xff, 0xff, 0xff, 0xf0, 0xf0,
	0xf0, 0x0f, 0x0f, 0xf0, 0xf0, 0x0f, 0x0f, 0xf0, 0xf0, 0xff, 0x0f, 0xf0, 0xf0, 0x0f, 0x0f, 0xff,
	0x0f, 0xf0, 0xff, 0x0f, 0xf0, 0x0f, 0x0f, 0x0f, 0xff, 0xff, 0xff, 0xf0, 0xff, 0xff, 0xff, 0xf0,
	0xff, 0xff, 0xff, 0xff, 0xff, 0xff, 0xff, 0xff, 0xff, 0xff, 0xff, 0xff, 0xff, 0xff, 0xff, 0xff,
	0xff, 0xff, 0xff, 0xff, 0xff, 0xff, 0xff, 0xff, 0xff, 0xff, 0xff, 0xff, 0xff, 0xff, 0xff, 0xff,
	0xff, 0xff, 0xff, 0xff, 0xff, 0xff, 0xff, 0xff, 0xff, 0xff, 0xff, 0xff, 0xff, 0xff, 0xff, 0xff,
	0xff, 0xff, 0xff, 0xff, 0xff, 0xff, 0xff, 0xff, 0xff, 0xff, 0xff, 0xff, 0xff, 0xff, 0xff, 0xff,
	0xff, 0xff, 0xff, 0xff, 0xff, 0xff, 0xff, 0xff, 0xff, 0xff, 0xff, 0xff, 0xff, 0xff, 0xff, 0xff,
	0xff, 0xff, 0xff, 0xff, 0xff, 0xff, 0xff, 0xff, 0xff, 0xff, 0xff, 0xff, 0xff, 0xff, 0xff, 0xff,
	0xff, 0xff, 0xff, 0xff, 0xff, 0xff, 0xff, 0xff, 0xff, 0xff, 0xff, 0xff, 0xff, 0xff, 0xff, 0xff,
	0xff, 0xff, 0xff, 0xff, 0xff, 0xff, 0xff, 0xff, 0xff, 0xff, 0xff, 0xff, 0xff, 0xff, 0xff, 0xff,
	0xff, 0xff, 0xff, 0xff, 0xff, 0xff, 0xff, 0xff, 0xff, 0xff, 0xff, 0xff, 0xff, 0xff, 0xff, 0xff,
	0xff, 0xff, 0xff, 0xff, 0xff, 0xff, 0xff, 0xff, 0xff, 0xff, 0xff, 0xff, 0xff, 0xff, 0xff, 0xff,
	0xff, 0xff, 0xff, 0xff, 0xff, 0xff, 0xff, 0xff, 0xff, 0xff, 0xff, 0xff, 0xff, 0xff, 0xff, 0xff,
	0xff, 0xff, 0xff, 0xff, 0xff, 0xff, 0xff, 0xff, 0xff, 0xff, 0xff, 0xff, 0xff, 0xff, 0xff, 0xff,
	0xff, 0xff, 0xff, 0xff, 0xff, 0xff, 0xff, 0xff, 0xff, 0xff, 0xff, 0xff, 0xff, 0xff, 0xff, 0xff,
	0xff, 0xff, 0xff, 0xff, 0xff, 0xff, 0xff, 0xff, 0xff, 0xff, 0xff, 0xff, 0xff, 0xff, 0xff, 0xff,
	0xff, 0xff, 0xff, 0xff, 0xff, 0xff, 0xff, 0xff, 0xff, 0xff, 0xff, 0xff, 0xff, 0xff, 0xff, 0xff,
	0xff, 0xff, 0xff, 0xff, 0xff, 0xff, 0xff, 0xff, 0xff, 0xff, 0xff, 0xff, 0xff, 0xff, 0xff, 0xff,
	0xff, 0xff, 0xff, 0xff, 0xff, 0xff, 0xff, 0xff, 0xff, 0xff, 0xff, 0xff, 0xff, 0xff, 0xff, 0xff,
	0xff, 0xff, 0xff, 0xff, 0xff, 0xff, 0xff, 0xff, 0xff, 0xff, 0xff, 0xff, 0xff, 0xff, 0xff, 0xff,
	0xff, 0xff, 0xff, 0xff, 0xff, 0xff, 0xff, 0xff, 0xff, 0xff, 0xff, 0xff, 0xff, 0xff, 0xff, 0xff,
	0xff, 0xff, 0xff, 0xff, 0xff, 0xff, 0xff, 0xff, 0xff, 0xff, 0xff, 0xff, 0xff, 0xff, 0xff, 0xff,
	0x00, 0x00, 0x00, 0x00, 0x00, 0x00, 0x00, 0x00, 0x00, 0x00, 0x00, 0x00, 0x00, 0x00, 0x00, 0x00,
	0x00, 0x00, 0x00, 0x00, 0x00, 0x00, 0x00, 0x00, 0x00, 0x00, 0x00, 0x00, 0x00, 0x00, 0x00, 0x00,
	0x00, 0x00, 0x00, 0x00, 0x00, 0x00, 0x00, 0x00, 0x00, 0x00, 0x00, 0x00, 0x00, 0x00, 0x00, 0x00,
	0x00, 0x00, 0x00, 0x00, 0x00, 0x00, 0x00, 0x00, 0x00, 0x00, 0x00, 0x00, 0x00, 0x00, 0x00, 0x00,
	0x00, 0x00, 0x00, 0x00, 0x00, 0x00, 0x00, 0x00, 0x00, 0x00, 0x00, 0x00, 0x00, 0x00, 0x00, 0x00,
	0x00, 0x00, 0x00, 0x00, 0x00, 0x00, 0x00, 0x00, 0x00, 0x00, 0x00, 0x00, 0x00, 0x00, 0x00, 0x00,
	0x00, 0x00, 0x00, 0x00, 0x00, 0x00, 0x00, 0x00, 0x00, 0x00, 0x00, 0x00, 0x00, 0x00, 0x00, 0x00,
	0x00, 0x00, 0x00, 0x00, 0x00, 0x00, 0x00, 0x00, 0x00, 0x00, 0x00, 0x00, 0x00, 0x00, 0x00, 0x00,
	0x00, 0x00, 0x00, 0x00, 0x00, 0x00, 0x00, 0x00, 0x00, 0x00, 0x00, 0x00, 0x00, 0x00, 0x00, 0x00,
	0x00, 0x00, 0x00, 0x00, 0x00, 0x00, 0x00, 0x00, 0x00, 0x00, 0x00, 0x00, 0x00, 0x00, 0x00, 0x00,
	0x00, 0x00, 0x00, 0x00, 0x00, 0x00, 0x00, 0x00, 0x00, 0x00, 0x00, 0x00, 0x00, 0x00, 0x00, 0x00,
	0x00, 0x00, 0x00, 0x00, 0x00, 0x00, 0x00, 0x00, 0x00, 0x00, 0x00, 0x00, 0x00, 0x00, 0x00, 0x00,
	0x00, 0x00, 0x00, 0x00, 0x00, 0x00, 0x00, 0x00, 0x00, 0x00, 0x00, 0x00, 0x00, 0x00, 0x00, 0x00,
	0x00, 0x00, 0x00, 0x00, 0x00, 0x00, 0x00, 0x00, 0x00, 0x00, 0x00, 0x00, 0x00, 0x00, 0x00, 0x00,
	0x00, 0x00, 0x00, 0x00, 0x00, 0x00, 0x00, 0x00, 0x00, 0x00, 0x00, 0x00, 0x00, 0x00, 0x00, 0x00,
	0x00, 0x00, 0x00, 0x00, 0x00, 0x00, 0x00, 0x00, 0x00, 0x00, 0x00, 0x00, 0x00, 0x00, 0x00, 0x00,
	0x00, 0x00, 0x00, 0x00, 0x00, 0x00, 0x00, 0x00, 0x00, 0x00, 0x00, 0x00, 0x00, 0x00, 0x00, 0x00,
	0x00, 0x00, 0x00, 0x00, 0x00, 0x00, 0x00, 0x00, 0x00, 0x00, 0x00, 0x00, 0x00, 0x00, 0x00, 0x00,
	0x00, 0x00, 0x00, 0x00, 0x00, 0x00, 0x00, 0x00, 0x00, 0x00, 0x00, 0x00, 0x00, 0x00, 0x00, 0x00,
	0x00, 0x00, 0x00, 0x00, 0x00, 0x00, 0x00, 0x00, 0x00, 0x00, 0x00, 0x00, 0x00, 0x00, 0x00, 0x00,
	0x00, 0xf0, 0xff, 0x00, 0x00, 0x00, 0x00, 0x00, 0x00, 0x00, 0x00, 0x00, 0x00, 0x00, 0x00, 0x00,
	0x00, 0x00, 0x00, 0x00, 0xff, 0x00, 0x00, 0x00, 0x00, 0x00, 0x00, 0x00, 0x00, 0xf0, 0x00, 0x00,
	0x00, 0xf0, 0x00, 0x00, 0x00, 0x00, 0x00, 0x00, 0x00, 0x00, 0x00, 0x00, 0x00, 0x00, 0x00, 0x00,
	0x00, 0x00, 0x00, 0x00, 0xff, 0x00, 0x00, 0x00, 0xff, 0x00, 0x00, 0x00, 0x00, 0x00, 0x00, 0xf0,
	0x00, 0xf0, 0x00, 0xf0, 0x00, 0xf0, 0x00, 0x00, 0x00, 0x00, 0x00, 0x00, 0x00, 0x00, 0x00, 0x00,
	0x00, 0x00, 0x00, 0x00, 0x00, 0x00, 0x00, 0x00, 0x00, 0x00, 0x00, 0x00, 0x00, 0x00, 0x00, 0x00,
	0x00, 0x00, 0x00, 0x0f, 0x00, 0x00, 0x00, 0x00, 0x00, 0x00, 0x00, 0x00, 0x00, 0xf0, 0x00, 0x00,
	0x00, 0x00, 0x00, 0x00, 0x00, 0x00, 0x00, 0x00, 0x00, 0x00, 0x00, 0x00, 0x00, 0x00, 0x00, 0x00,
	0x00, 0x00, 0x00, 0x00, 0x00, 0x00, 0x00, 0x00, 0x00, 0x00, 0x00, 0x00, 0x00, 0x00, 0x00, 0x00,
	0x00, 0x00, 0xf0, 0x00, 0x00, 0x00, 0x00, 0x00, 0xff, 0x00, 0x00, 0x00, 0xff, 0x00, 0x00, 0x00,
	0x00, 0x00, 0x00, 0x00, 0x00, 0x00, 0x00, 0x00, 0xff, 0x00, 0x00, 0x00, 0x00, 0x00, 0x0f, 0x00,
	0x00, 0x00, 0x00, 0x00, 0x00, 0x00, 0x00, 0x00, 0x00, 0x00, 0x00, 0x00, 0x00, 0x00, 0x0f, 0x00,
	0x00, 0x00, 0x00, 0x00, 0x00, 0x00, 0x00, 0x00, 0x00, 0x00, 0x00, 0x00, 0x00, 0x0f, 0x00, 0x0f,
	0x00, 0x00, 0x00, 0x00, 0x00, 0x00, 0x00, 0x00, 0x00, 0x00, 0x00, 0x00, 0x00, 0xf0, 0x00, 0xff,
	0x00, 0x00, 0x00, 0x00, 0x00, 0x00, 0x00, 0x00, 0x00, 0x00, 0x00, 0xf0, 0x00, 0x00, 0x00, 0x00,
	0x00, 0x00, 0x00, 0x00, 0x00, 0x0f, 0x00, 0x00, 0x00, 0x00, 0x00, 0x00, 0x00, 0x00, 0x00, 0x00,
	0x00, 0xff, 0x00, 0xf0, 0x00, 0x00, 0xff, 0x00, 0x00, 0x00, 0x00, 0x00, 0x00, 0x00, 0x00, 0x00,
	0x00, 0x00, 0x0f, 0x00, 0x00, 0xf0, 0x00, 0x00, 0x00, 0x0f, 0x00, 0x00, 0x00, 0x00, 0x00, 0x00,
	0x00, 0x00, 0x00, 0x00, 0x00, 0x00, 0x00, 0x00, 0x00, 0x00, 0x0f, 0x00, 0x00, 0x00, 0x00, 0x00,
	0x00, 0x00, 0x00, 0x00, 0x00, 0xf0, 0x00, 0xff, 0x00, 0x00, 0x00, 0x00, 0x00, 0x00, 0x00, 0x00,
	0x0f, 0x0f, 0x00, 0x00, 0xf0, 0x00, 0x0f, 0x00, 0x00, 0xff, 0x00, 0x00, 0x0f, 0x00, 0xf0, 0x00,
	0x00, 0x00, 0x00, 0x00, 0x00, 0x00, 0x00, 0x00, 0x00, 0x00, 0x00, 0x00, 0x0f, 0x0f, 0xff, 0x0f,
	0x0f, 0x00, 0x00, 0xff, 0x00, 0x00, 0x00, 0x00, 0x0f, 0x00, 0x00, 0x0f, 0x00, 0x00, 0x00, 0x00,
	0xff, 0x00, 0x00, 0x00, 0xf0, 0x00, 0xff, 0x00, 0xf0, 0xf0, 0xf0, 0xff, 0x00, 0xff, 0x00, 0x00,
	0x0f, 0x00, 0xff, 0x00, 0x0f, 0x00, 0x00, 0x0f, 0x00, 0x00, 0x00, 0x00, 0x00, 0xf0, 0x00, 0x00,
	0x00, 0x00, 0x00, 0x00, 0x00, 0x00, 0xf0, 0x00, 0x0f, 0xf0, 0x00, 0x00, 0x00, 0x00, 0x00, 0x00,
	0x00, 0x00, 0xf0, 0x00, 0xff, 0xff, 0x00, 0x00, 0x00, 0x00, 0x00, 0x00, 0x00, 0x00, 0x0f, 0x00,
	0x00, 0x00, 0x00, 0x00, 0x00, 0x00, 0xf0, 0xff, 0x00, 0x00, 0x00, 0x00, 0x00, 0x00, 0x00, 0xff,
	0x0f, 0x00, 0x00, 0xf0, 0x00, 0xff, 0x00, 0x00, 0x00, 0x0f, 0x00, 0x00, 0xf0, 0x0f, 0x0f, 0x00,
	0x00, 0x00, 0x00, 0x00, 0x0f, 0x00, 0x00, 0x00, 0x00, 0x00, 0x00, 0x00, 0xf0, 0xff, 0x00, 0xf0,
	0x00, 0x00, 0x00, 0x00, 0xff, 0x00, 0x00, 0x00, 0x00, 0xff, 0x00, 0x00, 0x00, 0x00, 0x0f, 0x00,
	0x00, 0x00, 0x00, 0x00, 0x0f, 0x00, 0x00, 0x00, 0xf0, 0x00, 0xff, 0x00, 0x00, 0x00, 0x00, 0x0f,
	0x00, 0xff, 0x00, 0xf0, 0x00, 0xff, 0x00, 0x00, 0xf0, 0x00, 0x00, 0xf0, 0x0f, 0xff, 0xf0, 0x00,
	0x0f, 0xf0, 0x00, 0x00, 0x00, 0x0f, 0x00, 0x00, 0xff, 0x00, 0x00, 0x00, 0x0f, 0x00, 0x0f, 0x0f,
	0xff, 0x00, 0xff, 0x00, 0x0f, 0x00, 0x00, 0x00, 0x00, 0x00, 0x00, 0x00, 0x00, 0x00, 0x00, 0x00,
	0x00, 0x0f, 0x00, 0x00, 0x00, 0x00, 0x00, 0x00, 0x00, 0x00, 0x00, 0x00, 0x00, 0x0f, 0xff, 0x00,
	0xf0, 0xf0, 0x00, 0x00, 0x00, 0x00, 0xf0, 0x00, 0x00, 0x00, 0x00, 0x00, 0x00, 0x00, 0x00, 0xf0,
	0xff, 0x0f, 0x00, 0x00, 0xf0, 0x00, 0xf0, 0x00, 0xf0, 0x00, 0x00, 0xff, 0x00, 0x00, 0x00, 0x00,
	0x0f, 0x00, 0x00, 0x00, 0x00, 0xf0, 0x00, 0x00, 0x00, 0x00, 0x00, 0xff, 0x00, 0xf0, 0x00, 0x0f,
	0xff, 0x00, 0xff, 0xff, 0xff, 0x00, 0x00, 0x00, 0xff, 0x00, 0x00, 0xf0, 0x00, 0x0f, 0xf0, 0x00,
	0xf0, 0x0f, 0x0f, 0x0f, 0x00, 0x00, 0xff, 0x00, 0x00, 0x00, 0x0f, 0x00, 0xf0, 0xf0, 0x0f, 0xf0,
	0x00, 0x0f, 0xf0, 0xf0, 0xf0, 0x00, 0x00, 0xff, 0xff, 0xf0, 0x0f, 0x0f, 0x0f, 0x0f, 0x0f, 0x00,
	0x00, 0x00, 0x0f, 0x00, 0xf0, 0x0f, 0x00, 0x00, 0xff, 0xff, 0x00, 0x00, 0xf0, 0x00, 0x00, 0x00,
	0x00, 0xf0, 0xf0, 0xf0, 0x00, 0x0f, 0xff, 0x00, 0x00, 0x00, 0x00, 0x00, 0x00, 0x00, 0xff, 0x00,
	0x00, 0xf0, 0x00, 0xf0, 0x00, 0xff, 0xf0, 0x00, 0x00, 0x00, 0x0f, 0x0f, 0xf0, 0x0f, 0x00, 0xf0,
	0x0f, 0x00, 0x00, 0xf0, 0x0f, 0x0f, 0x00, 0x0f, 0xf0, 0x00, 0x0f, 0x0f, 0xf0, 0xff, 0x0f, 0x0f,
	0x0f, 0x00, 0xf0, 0x0f, 0x0f, 0xf0, 0xf0, 0x00, 0xf0, 0x0f, 0x00, 0x00, 0x0f, 0x00, 0xff, 0xf0,
	0x0f, 0xf0, 0x0f, 0x00, 0xff, 0x00, 0x0f, 0xf0, 0x00, 0x0f, 0x00, 0x00, 0x0f, 0xf0, 0xff, 0xff,
	0xff, 0xff, 0xf0, 0x0f, 0x00, 0x00, 0x00, 0xff, 0xff, 0x00, 0x00, 0x00, 0xff, 0x00, 0xff, 0x00,
	0xf0, 0x0f, 0x00, 0x0f, 0x0f, 0x00, 0xff, 0xf0, 0xf0, 0xff, 0xff, 0xf0, 0xf0, 0x0f, 0x00, 0xff,
	0x00, 0x00, 0xf0, 0x0f, 0xff, 0x00, 0xf0, 0xff, 0x0f, 0x00, 0x00, 0xff, 0x0f, 0x00, 0xff, 0x00,
	0xff, 0x00, 0xf0, 0x00, 0x00, 0x00, 0xf0, 0x00, 0x00, 0x00, 0xff, 0xf0, 0x00, 0xff, 0xf0, 0xff,
	0x0f, 0xf0, 0x00, 0x0f, 0xf0, 0x00, 0x00, 0xff, 0xff, 0xf0, 0x00, 0x00, 0x0f, 0xf0, 0xf0, 0x00,
	0x00, 0x00, 0x0f, 0x00, 0xff, 0xf0, 0xf0, 0xf0, 0x00, 0x00, 0xff, 0x00, 0x00, 0x00, 0xff, 0xf0,
	0x00, 0x00, 0x0f, 0xf0, 0x00, 0xff, 0x00, 0x00, 0x00, 0x0f, 0xf0, 0xff, 0x0f, 0xff, 0x00, 0x00,
	0x0f, 0x00, 0xff, 0x00, 0xff, 0x00, 0xff, 0xff, 0x00, 0x00, 0xf0, 0xf0, 0xff, 0xf0, 0xf0, 0xf0,
	0x00, 0xff, 0xff, 0xff, 0xff, 0x0f, 0x00, 0x00, 0xf0, 0x00, 0x00, 0x00, 0x0f, 0x00, 0xff, 0x0f,
	0xff, 0xf0, 0xff, 0x00, 0x00, 0x0f, 0x00, 0xff, 0x0f, 0x0f, 0xff, 0x00, 0x00, 0x00, 0x0f, 0xff,
	0x0f, 0xf0, 0xff, 0x0f, 0x00, 0x00, 0x00, 0x00, 0x00, 0x0f, 0xf0, 0x00, 0x0f, 0x00, 0xf0, 0xf0,
	0x00, 0x0f, 0xff, 0x0f, 0x0f, 0x00, 0x00, 0xf0, 0xff, 0x00, 0x00, 0xf0, 0xf0, 0x0f, 0xff, 0x00,
	0xff, 0xf0, 0xf0, 0x00, 0x0f, 0xff, 0x00, 0x00, 0xf0, 0x0f, 0x0f, 0xf0, 0x00, 0xf0, 0xf0, 0x00,
	0x0f, 0xf0, 0xff, 0x00, 0x00, 0xff, 0xf0, 0x0f, 0x0f, 0xff, 0x0f, 0x0f, 0xf0, 0xff, 0xf0, 0x0f,
	0x0f, 0x0f, 0x00, 0xf0, 0x0f, 0xff, 0xff, 0xf0, 0xff, 0xff, 0x0f, 0x00, 0xf0, 0x00, 0xf0, 0x0f,
	0x0f, 0xff, 0x0f, 0xff, 0x0f, 0x00, 0x00, 0xff, 0x00, 0xf0, 0x00, 0x0f, 0x00, 0x00, 0xf0, 0xff,
	0x00, 0x0f, 0x0f, 0x0f, 0x0f, 0xf0, 0x0f, 0x00, 0x00, 0x00, 0xf0, 0x0f, 0x00, 0x0f, 0xf0, 0xf0,
	0x0f, 0x00, 0xff, 0xff, 0x00, 0xf0, 0xff, 0xf0, 0x0f, 0xff, 0x00, 0x00, 0x0f, 0x0f, 0xff, 0x0f,
	0xff, 0xf0, 0xf0, 0xf0, 0x00, 0x00, 0x0f, 0xff, 0xf0, 0xf0, 0xff, 0x00, 0xff, 0xff, 0x00, 0xff,
	0xff, 0x0f, 0x0f, 0x0f, 0xf0, 0xf0, 0xff, 0xf0, 0x0f, 0x0f, 0x0f, 0xff, 0xff, 0xff, 0xff, 0xf0,
	0x0f, 0x0f, 0x0f, 0x0f, 0xff, 0x0f, 0xff, 0x0f, 0x0f, 0xf0, 0xff, 0xff, 0xf0, 0xf0, 0x0f, 0xff,
	0xff, 0xf0, 0x0f, 0xf0, 0x00, 0xf0, 0x00, 0x0f, 0x0f, 0x00, 0xff, 0x00, 0xff, 0x00, 0x00, 0xff,
	0xff, 0x0f, 0x00, 0x00, 0xff, 0x0f, 0xf0, 0x00, 0x00, 0xf0, 0xf0, 0x00, 0x0f, 0xff, 0xf0, 0xff,
	0xf0, 0xff, 0xf0, 0xf0, 0x0f, 0xf0, 0x00, 0x0f, 0xf0, 0x0f, 0xf0, 0x00, 0x00, 0xf0, 0x00, 0x00,
	0x00, 0xf0, 0x0f, 0xff, 0xff, 0x0f, 0x0f, 0x0f, 0xf0, 0xff, 0x00, 0x00, 0x00, 0x00, 0xf0, 0xff,
	0x00, 0xf0, 0xff, 0x00, 0x00, 0x0f, 0xf0, 0x0f, 0xf0, 0xf0, 0x00, 0x00, 0xff, 0x0f, 0xf0, 0xff,
	0xf0, 0xff, 0x0f, 0xff, 0x00, 0xff, 0x00, 0xf0, 0x0f, 0xff, 0x00, 0x0f, 0x00, 0x0f, 0x0f, 0xff,
	0xff, 0xff, 0xf0, 0x0f, 0xff, 0xf0, 0xff, 0xf0, 0xf0, 0x0f, 0xff, 0x00, 0x0f, 0x00, 0x00, 0x0f,
	0x0f, 0x0f, 0x0f, 0xf0, 0x00, 0xff, 0x0f, 0x00, 0x00, 0xff, 0xff, 0x0f, 0x00, 0xff, 0x0f, 0x0f,
	0x0f, 0xf0, 0xf0, 0xf0, 0x00, 0x00, 0x0f, 0xff, 0xf0, 0x0f, 0xf0, 0xff, 0x0f, 0xf0, 0xf0, 0x00,
	0x0f, 0x00, 0x00, 0x00, 0x0f, 0xf0, 0x0f, 0x00, 0x0f, 0x00, 0xf0, 0x0f, 0xf0, 0x00, 0xf0, 0xf0,
	0xf0, 0x00, 0x00, 0x0f, 0x0f, 0xff, 0xf0, 0xf0, 0x00, 0x0f, 0x00, 0x0f, 0x00, 0xff, 0xff, 0xf0,
	0x0f, 0xf0, 0xff, 0xf0, 0xff, 0x0f, 0xf0, 0xff, 0xff, 0xff, 0x00, 0xff, 0x00, 0xff, 0xff, 0xf0,
	0x0f, 0x0f, 0xf0, 0x0f, 0x0f, 0x0f, 0xff, 0xf0, 0xf0, 0x00, 0x0f, 0xf0, 0x0f, 0xff, 0x0f, 0x0f,
	0xff, 0x00, 0xf0, 0x0f, 0x00, 0x00, 0x0f, 0x0f, 0x00, 0x0f, 0x0f, 0xff, 0xff, 0xff, 0x0f, 0x0f,
	0x0f, 0xff, 0xf0, 0xf0, 0x0f, 0xf0, 0x0f, 0xf0, 0xf0, 0xf0, 0x0f, 0xff, 0xff, 0xff, 0x0f, 0x00,
	0x0f, 0xff, 0xf0, 0x0f, 0x0f, 0xf0, 0xf0, 0xff, 0x0f, 0xff, 0x0f, 0xf0, 0xff, 0xf0, 0xff, 0x00,
	0xf0, 0xf0, 0xff, 0x0f, 0x0f, 0x0f, 0xf0, 0xf0, 0x0f, 0xff, 0xf0, 0x0f, 0x0f, 0xff, 0xff, 0x0f,
	0x0f, 0xff, 0xf0, 0xf0, 0xf0, 0xf0, 0x0f, 0xf0, 0xf0, 0xff, 0xf0, 0xff, 0xff, 0x0f, 0xff, 0xf0,
	0x00, 0xff, 0x0f, 0xff, 0x00, 0xff, 0xf0, 0x00, 0xf0, 0xff, 0x00, 0xff, 0xf0, 0xf0, 0xff, 0x00,
	0xff, 0xff, 0xf0, 0x0f, 0xf0, 0xf0, 0x0f, 0x0f, 0x0f, 0xf0, 0x0f, 0xf0, 0xf0, 0x0f, 0xf0, 0x0f,
	0xf0, 0x00, 0x0f, 0xf0, 0xff, 0xf0, 0x0f, 0xf0, 0x0f, 0xf0, 0xf0, 0xf0, 0xf0, 0xff, 0xff, 0xff,
	0xff, 0x0f, 0xff, 0x00, 0xff, 0xff, 0xff, 0xff, 0xff, 0xf0, 0xff, 0xf0, 0xf0, 0x0f, 0x0f, 0xff,
	0xff, 0x00, 0xf0, 0xf0, 0x00, 0xf0, 0xff, 0xf0, 0x0f, 0x0f, 0xf0, 0xf0, 0xf0, 0x00, 0xff, 0xff,
	0x00, 0x0f, 0x0f, 0x0f, 0xf0, 0xff, 0x0f, 0xff, 0x0f, 0xf0, 0xf0, 0x0f, 0xff, 0x0f, 0xff, 0xff,
	0xf0, 0xff, 0xff, 0xf0, 0x00, 0xf0, 0xff, 0xf0, 0xf0, 0xf0, 0x0f, 0xf0, 0xf0, 0x0f, 0xff, 0x0f,
	0x00, 0x0f, 0xff, 0x0f, 0xf0, 0xf0, 0x0f, 0xf0, 0x0f, 0xff, 0xf0, 0xf0, 0xf0, 0xff, 0xf0, 0xf0,
	0x00, 0xf0, 0x00, 0x00, 0xf0, 0xff, 0xf0, 0xf0, 0xff, 0x00, 0xff, 0xff, 0x0f, 0xff, 0x0f, 0xf0,
	0xf0, 0xf0, 0x0f, 0xff, 0x0f, 0xff, 0x0f, 0x0f, 0xff, 0x00, 0xf0, 0xff, 0xf0, 0x0f, 0xf0, 0xf0,
	0xff, 0x0f, 0xff, 0x00, 0xf0, 0xf0, 0xff, 0xf0, 0xf0, 0xff, 0x0f, 0xf0, 0xff, 0x0f, 0x00, 0x0f,
	0xf0, 0xf0, 0x0f, 0xff, 0xf0, 0xff, 0xff, 0xff, 0xf0, 0x0f, 0xf0, 0xf0, 0xf0, 0x0f, 0xff, 0x0f,
	0xf0, 0xff, 0xf0, 0xf0, 0xff, 0xf0, 0xff, 0xff, 0xff, 0x0f, 0x00, 0x0f, 0x0f, 0xf0, 0xff, 0xf0,
	0xff, 0x0f, 0x0f, 0xf0, 0xff, 0xff, 0x0f, 0xff, 0xf0, 0xf0, 0x0f, 0xff, 0xf0, 0xf0, 0x0f, 0xff,
	0xff, 0x0f, 0x0f, 0xff, 0xf0, 0x0f, 0xf0, 0xff, 0xff, 0xff, 0xff, 0xf0, 0xf0, 0xff, 0xf0, 0xff,
	0xff, 0xf0, 0xff, 0xff, 0xff, 0xf0, 0x0f, 0xff, 0xf0, 0x0f, 0x0f, 0xff, 0xff, 0xff, 0x00, 0xff,
	0xf0, 0xff, 0xf0, 0xf0, 0xf0, 0xff, 0xff, 0xf0, 0xff, 0xf0, 0xff, 0x0f, 0x0f, 0xf0, 0xff, 0xf0,
	0xff, 0x0f, 0xf0, 0xff, 0xf0, 0x0f, 0x0f, 0xff, 0xff, 0xf0, 0xf0, 0xf0, 0x0f, 0xff, 0xf0, 0x0f,
	0xf0, 0x0f, 0xff, 0xf0, 0x0f, 0xff, 0xff, 0xf0, 0x0f, 0x0f, 0xf0, 0xff, 0xf0, 0xf0, 0x0f, 0xf0,
	0x0f, 0x0f, 0xff, 0xff, 0xff, 0xf0, 0x0f, 0xff, 0xf0, 0xf0, 0x0f, 0x0f, 0x0f, 0x0f, 0xff, 0x0f,
	0x0f, 0x0f, 0xf0, 0xf0, 0x0f, 0x0f, 0xff, 0x0f, 0x0f, 0x0f, 0x0f, 0xff, 0xff, 0xff, 0xf0, 0xff,
	0x0f, 0xf0, 0xff, 0x0f, 0xff, 0x0f, 0xff, 0xff, 0x0f, 0xf0, 0xff, 0xf0, 0x0f, 0x0f, 0xf0, 0xff,
	0xf0, 0x0f, 0xf0, 0x0f, 0xf0, 0xf0, 0xf0, 0xf0, 0x0f, 0xf0, 0x0f, 0xff, 0xff, 0x0f, 0x0f, 0xff,
	0x0f, 0xf0, 0xf0, 0xf0, 0x0f, 0x0f, 0xff, 0xf0, 0xff, 0x0f, 0xff, 0x0f, 0xf0, 0xff, 0xff, 0xff,
	0x0f, 0xf0, 0x0f, 0xff, 0x0f, 0xf0, 0xff, 0xff, 0xff, 0x0f, 0xf0, 0x0f, 0xff, 0xff, 0xff, 0x0f,
	0xff, 0x0f, 0x0f, 0xf0, 0xf0, 0x0f, 0xf0, 0x0f, 0x00, 0x0f, 0x0f, 0xff, 0x00, 0xff, 0xff, 0xf0,
	0xf0, 0x0f, 0xf0, 0xff, 0xf0, 0x0f, 0x0f, 0x0f, 0xff, 0x0f, 0xff, 0xf0, 0x0f, 0xf0, 0x0f, 0x0f,
	0xf0, 0xf0, 0xf0, 0xf0, 0xff, 0xf0, 0x0f, 0xff, 0xf0, 0xff, 0xff, 0xf0, 0xf0, 0xff, 0xf0, 0x0f,
	0x0f, 0x0f, 0xff, 0x0f, 0xf0, 0xf0, 0xff, 0xff, 0xf0, 0x0f, 0xff, 0x0f, 0xf0, 0xf0, 0xff, 0xff,
	0xf0, 0xff, 0xf0, 0xf0, 0xf0, 0x0f, 0xff, 0xff, 0x0f, 0xff, 0xf0, 0xff, 0x0f, 0x0f, 0xff, 0xf0,
	0xff, 0xff, 0xff, 0xff, 0xf0, 0xf0, 0xff, 0xff, 0xff, 0xf0, 0x0f, 0x00, 0xf0, 0xff, 0x00, 0xf0,
	0x0f, 0x0f, 0xf0, 0xff, 0xff, 0xf0, 0xff, 0xff, 0xf0, 0xf0, 0xf0, 0x0f, 0xff, 0xff, 0xff, 0x0f,
	0xf0, 0xf0, 0x0f, 0xf0, 0xff, 0x0f, 0x0f, 0xf0, 0x0f, 0xff, 0xf0, 0xff, 0x0f, 0xf0, 0xff, 0x0f,
	0xff, 0xff, 0xff, 0xff, 0xff, 0xff, 0xff, 0xff, 0xff, 0xff, 0xff, 0xff, 0xff, 0xff, 0xff, 0xff,
	0xff, 0xff, 0xff, 0xff, 0xff, 0xff, 0xff, 0xff, 0xff, 0xff, 0xff, 0xff, 0xff, 0xff, 0xff, 0xff,
	0xff, 0xff, 0xff, 0xff, 0xff, 0xff, 0xff, 0xff, 0xff, 0xff, 0xff, 0xff, 0xff, 0xff, 0xff, 0xff,
	0xff, 0xff, 0xff, 0xff, 0xff, 0xff, 0xff, 0xff, 0xff, 0xff, 0xff, 0xff, 0xff, 0xff, 0xff, 0xff,
	0xff, 0xff, 0xff, 0xff, 0xff, 0xff, 0xff, 0xff, 0xff, 0xff, 0xff, 0xff, 0xff, 0xff, 0xff, 0xff,
	0xff, 0xff, 0xff, 0xff, 0xff, 0xff, 0xff, 0xff, 0xff, 0xff, 0xff, 0xff, 0xff, 0xff, 0xff, 0xff,
	0xff, 0xff, 0xff, 0xff, 0xff, 0xff, 0xff, 0xff, 0xff, 0xff, 0xff, 0xff, 0xff, 0xff, 0xff, 0xff,
	0xff, 0xff, 0xff, 0xff, 0xff, 0xff, 0xff, 0xff, 0xff, 0xff, 0xff, 0xff, 0xff, 0xff, 0xff, 0xff,
	0xff, 0xff, 0xff, 0xff, 0xff, 0xff, 0xff, 0xff, 0xff, 0xff, 0xff, 0xff, 0xff, 0xff, 0xff, 0xff,
	0xff, 0xff, 0xff, 0xff, 0xff, 0xff, 0xff, 0xff, 0xff, 0xff, 0xff, 0xff, 0xff, 0xff, 0xff, 0xff,
	0xff, 0xff, 0xff, 0xff, 0xff, 0xff, 0xff, 0xff, 0xff, 0xff, 0xff, 0xff, 0xff, 0xff, 0xff, 0xff,
	0xff, 0xff, 0xff, 0xff, 0xff, 0xff, 0xff, 0xff, 0xff, 0xff, 0xff, 0xff, 0xff, 0xff, 0xff, 0xff,
	0xff, 0xff, 0xff, 0xff, 0xff, 0xff, 0xff, 0xff, 0xff, 0xff, 0xff, 0xff, 0xff, 0xff, 0xff, 0xff,
	0xff, 0xff, 0xff, 0xff, 0xff, 0xff, 0xff, 0xff, 0xff, 0xff, 0xff, 0xff, 0xff, 0xff, 0xff, 0xff,
	0xff, 0xff, 0xff, 0xff, 0xff, 0xff, 0xff, 0xff, 0xff, 0xff, 0xff, 0xff, 0xff, 0xff, 0xff, 0xff,
	0xff, 0xff, 0xff, 0xff, 0xff, 0xff, 0xff, 0xff, 0xff, 0xff, 0xff, 0xff, 0xff, 0xff, 0xff, 0xff,
	0xff, 0xff, 0xff, 0xff, 0xff, 0xff, 0xff, 0xff, 0xff, 0xff, 0xff, 0xff, 0xff, 0xff, 0xff, 0xff,
	0xff, 0xff, 0xff, 0xff, 0xff, 0xff, 0xff, 0xff, 0xff, 0xff, 0xff, 0xff, 0xff, 0xff, 0xff, 0xff,
	0xff, 0xff, 0xff, 0xff, 0xff, 0xff, 0xff, 0xff, 0xff, 0xff, 0xff, 0xff, 0xff, 0xff, 0xff, 0xff,
	0xff, 0xff, 0xff, 0xff, 0xff, 0xff, 0xff, 0xff, 0xff, 0xff, 0xff, 0xff, 0xff, 0xff, 0xff, 0xff,
	0x00, 0x00, 0x00, 0x00, 0x00, 0x00, 0x00, 0x00, 0x00, 0x00, 0x00, 0x00, 0x00, 0x00, 0x00, 0x00,
	0x00, 0x00, 0x00, 0x00, 0x00, 0x00, 0x00, 0x00, 0x00, 0x00, 0x00, 0x00, 0x00, 0x00, 0x00, 0x00,
	0x00, 0x00, 0x00, 0x00, 0x00, 0x00, 0x00, 0x00, 0x00, 0x00, 0x00, 0x00, 0x00, 0x00, 0x00, 0x00,
	0x00, 0x00, 0x00, 0x00, 0x00, 0x00, 0x00, 0x00, 0x00, 0x00, 0x00, 0x00, 0x00, 0x00, 0x00, 0x00,
	0x00, 0x00, 0x00, 0x00, 0x00, 0x00, 0x00, 0x00, 0x00, 0x00, 0x00, 0x00, 0x00, 0x00, 0x00, 0x00,
	0x00, 0x00, 0x00, 0x00, 0x00, 0x00, 0x00, 0x00, 0x00, 0x00, 0x00, 0x00, 0x00, 0x00, 0x00, 0x00,
	0x00, 0x00, 0x00, 0x00, 0x00, 0x00, 0x00, 0x00, 0x00, 0x00, 0x00, 0x00, 0x00, 0x00, 0x00, 0x00,
	0x00, 0x00, 0x00, 0x00, 0x00, 0x00, 0x00, 0x00, 0x00, 0x00, 0x00, 0x00, 0x00, 0x00, 0x00, 0x00,
	0x00, 0x00, 0x00, 0x00, 0x00, 0x00, 0x00, 0x00, 0x00, 0x00, 0x00, 0x00, 0x00, 0x00, 0x00, 0x00,
	0x00, 0x00, 0x00, 0x00, 0x00, 0x00, 0x00, 0x00, 0x00, 0x00, 0x00, 0x00, 0x00, 0x00, 0x00, 0x00,
	0x00, 0x00, 0x00, 0x00, 0x00, 0x00, 0x00, 0x00, 0x00, 0x00, 0x00, 0x00, 0x00, 0x00, 0x00, 0x00,
	0x00, 0x00, 0x00, 0x00, 0x00, 0x00, 0x00, 0x00, 0x00, 0x00, 0x00, 0x00, 0x00, 0x00, 0x00, 0x00,
	0x00, 0x00, 0x00, 0x00, 0x00, 0x00, 0x00, 0x00, 0x00, 0x00, 0x00, 0x00, 0x00, 0x00, 0x00, 0x00,
	0x00, 0x00, 0x00, 0x00, 0x00, 0x00, 0x00, 0x00, 0x00, 0x00, 0x00, 0x00, 0x00, 0x00, 0x00, 0x00,
	0x00, 0x00, 0x00, 0x00, 0x00, 0x00, 0x00, 0x00, 0x00, 0x00, 0x00, 0x00, 0x00, 0x00, 0x00, 0x00,
	0x00, 0x00, 0x00, 0x00, 0x00, 0x00, 0x00, 0x00, 0x00, 0x00, 0x00, 0x00, 0x00, 0x00, 0x00, 0x00,
	0x00, 0x00, 0x00, 0x00, 0x00, 0x00, 0x00, 0x00, 0x00, 0x00, 0x00, 0x00, 0x00, 0x00, 0x00, 0x00,
	0x00, 0x00, 0x00, 0x00, 0x00, 0x00, 0x00, 0x00, 0x00, 0x00, 0x00, 0x00, 0x00, 0x00, 0x00, 0x00,
	0x00, 0x00, 0x00, 0x00, 0x00, 0x00, 0x00, 0x00, 0x00, 0x00, 0x00, 0x00, 0x00, 0x00, 0x00, 0x00,
	0x00, 0x00, 0x00, 0x00, 0x00, 0x00, 0x00, 0x00, 0x00, 0x00, 0x00, 0x00, 0x00, 0x00, 0x00, 0x00,
	0x00, 0x00, 0x00, 0x00, 0x00, 0x00, 0x00, 0x00, 0x00, 0x00, 0xff, 0x00, 0x00, 0x00, 0x00, 0x00,
	0x00, 0x00, 0x00, 0x00, 0x0f, 0x00, 0x00, 0x00, 0x00, 0x00, 0x00, 0x00, 0x00, 0x00, 0xff, 0x00,
	0x00, 0x00, 0x00, 0x00, 0x00, 0x00, 0x00, 0x00, 0x00, 0x00, 0x00, 0xf0, 0xff, 0x00, 0x00, 0x00,
	0x00, 0x00, 0x00, 0x00, 0xf0, 0x00, 0x00, 0x00, 0x00, 0x00, 0x00, 0x00, 0x00, 0x00, 0xff, 0x00,
	0x00, 0x00, 0x00, 0x00, 0x00, 0x00, 0x00, 0x00, 0x00, 0x00, 0x00, 0x00, 0x00, 0x00, 0x00, 0x00,
	0x00, 0x00, 0x00, 0x00, 0x00, 0x00, 0x00, 0x00, 0x00, 0xf0, 0x00, 0x00, 0xf0, 0x00, 0x00, 0x00,
	0x00, 0x00, 0x00, 0x0f, 0x00, 0x00, 0x00, 0x00, 0xf0, 0x00, 0x00, 0x00, 0x00, 0x0f, 0x00, 0x00,
	0x00, 0x00, 0x00, 0x00, 0x00, 0x00, 0x00, 0x00, 0x00, 0x00, 0x00, 0x00, 0x00, 0x00, 0x00, 0x00,
	0x00, 0x00, 0x00, 0x00, 0x00, 0x00, 0x00, 0x00, 0x00, 0x00, 0x00, 0x00, 0xf0, 0x00, 0x00, 0x00,
	0x0f, 0xff, 0x00, 0x00, 0x00, 0x00, 0x00, 0x00, 0x0f, 0x00, 0x00, 0x00, 0x00, 0x00, 0x00, 0x00,
	0x00, 0x00, 0x00, 0x0f, 0x00, 0x00, 0x00, 0x0f, 0x00, 0x00, 0x00, 0x00, 0x00, 0x00, 0x00, 0x00,
	0x0f, 0xf0, 0x00, 0xf0, 0x00, 0x00, 0x00, 0x00, 0x00, 0x00, 0x00, 0x00, 0x00, 0xff, 0x00, 0x00,
	0x00, 0x00, 0x00, 0x00, 0x00, 0x00, 0x00, 0x00, 0x00, 0x00, 0xf0, 0x00, 0x00, 0x00, 0x00, 0x00,
	0x00, 0x00, 0x00, 0x00, 0x00, 0xff, 0x00, 0x00, 0x00, 0x00, 0x00, 0x00, 0x00, 0x00, 0x00, 0x00,
	0x00, 0x00, 0x00, 0x00, 0xf0, 0x00, 0xf0, 0x00, 0x00, 0x00, 0x00, 0x00, 0x00, 0x00, 0x00, 0x00,
	0x00, 0xf0, 0x00, 0x0f, 0x00, 0x00, 0x00, 0x00, 0x0f, 0x00, 0x00, 0x00, 0x00, 0x00, 0x00, 0x00,
	0x00, 0x00, 0x00, 0x00, 0x00, 0x00, 0x00, 0x00, 0x00, 0x00, 0x00, 0x00, 0x00, 0x00, 0x0f, 0x00,
	0xf0, 0x00, 0x00, 0x00, 0x00, 0x00, 0x00, 0x00, 0x00, 0x00, 0x00, 0x00, 0x00, 0x00, 0x0f, 0x00,
	0x00, 0xf0, 0x00, 0x00, 0x00, 0x00, 0x00, 0x00, 0x00, 0x00, 0x00, 0x00, 0x00, 0x00, 0x00, 0x00,
	0x00, 0x00, 0x00, 0xf0, 0x00, 0x00, 0x00, 0x00, 0x00, 0x00, 0x00, 0x00, 0x00, 0x00, 0x00, 0x00,
	0x00, 0x00, 0x00, 0x00, 0x00, 0x00, 0x00, 0x00, 0x00, 0x00, 0x0f, 0xf0, 0x00, 0x0f, 0xf0, 0xf0,
	0xff, 0x00, 0x00, 0x00, 0xff, 0x0f, 0x0f, 0x00, 0x00, 0x00, 0x00, 0x0f, 0x00, 0x0f, 0xf0, 0x00,
	0x00, 0x00, 0x0f, 0x00, 0x00, 0xf0, 0xf0, 0x0f, 0x00, 0x00, 0xf0, 0x0f, 0x00, 0x0f, 0x0f, 0x00,
	0x0f, 0x00, 0xf0, 0x0f, 0x00, 0x00, 0x00, 0x00, 0x0f, 0x00, 0x00, 0x00, 0x00, 0x00, 0x0f, 0x00,
	0x00, 0x00, 0x00, 0x00, 0xf0, 0x0f, 0x00, 0x0f, 0x00, 0x0f, 0x00, 0x00, 0x0f, 0xf0, 0x00, 0x0f,
	0x00, 0x00, 0x0f, 0x00, 0xf0, 0x0f, 0x00, 0x00, 0x00, 0x00, 0xf0, 0x00, 0x00, 0xf0, 0x0f, 0x00,
	0x00, 0x00, 0x00, 0xf0, 0xf0, 0x00, 0x00, 0xf0, 0xff, 0x00, 0x00, 0x00, 0x0f, 0x00, 0x00, 0x0f,
	0x00, 0x00, 0x00, 0xff, 0x00, 0x0f, 0xf0, 0x00, 0x00, 0x00, 0x00, 0xff, 0x00, 0x00, 0x00, 0x00,
	0x00, 0x00, 0xff, 0x00, 0x00, 0x0f, 0x00, 0x00, 0x00, 0x00, 0x00, 0x00, 0xff, 0x00, 0x00, 0x00,
	0x00, 0x00, 0x00, 0x00, 0xf0, 0x00, 0x00, 0xff, 0x00, 0x00, 0x0f, 0x00, 0x00, 0x00, 0x00, 0x00,
	0x0f, 0x00, 0x00, 0xff, 0x00, 0xf0, 0x00, 0x00, 0x00, 0x00, 0xf0, 0xf0, 0xf0, 0x00, 0x00, 0xff,
	0x0f, 0x0f, 0x00, 0x00, 0x0f, 0x00, 0x0f, 0x0f, 0x00, 0x00, 0x00, 0x00, 0xf0, 0x00, 0xff, 0x0f,
	0x00, 0xff, 0x00, 0x00, 0xf0, 0x00, 0x0f, 0x00, 0x00, 0xf0, 0x00, 0x00, 0xff, 0x00, 0x00, 0x00,
	0x00, 0x00, 0x00, 0x00, 0x00, 0x0f, 0x0f, 0xf0, 0x00, 0xf0, 0x00, 0x00, 0xff, 0xf0, 0x00, 0xf0,
	0x00, 0x00, 0x00, 0xff, 0x00, 0xff, 0x00, 0x00, 0x00, 0x00, 0x0f, 0x00, 0x00, 0x00, 0xff, 0x00,
	0x00, 0x00, 0x00, 0x00, 0x00, 0x00, 0x00, 0x00, 0x00, 0x00, 0x00, 0x00, 0x00, 0x00, 0x00, 0x00,
	0xff, 0x00, 0x00, 0x00, 0x0f, 0x00, 0x00, 0xff, 0x00, 0x00, 0x00, 0x00, 0x00, 0x00, 0xf0, 0x00,
	0x00, 0x00, 0x00, 0x00, 0x00, 0x00, 0x00, 0x00, 0x00, 0xf0, 0x00, 0x00, 0x00, 0x00, 0x00, 0x00,
	0xff, 0xf0, 0x00, 0x00, 0xf0, 0x00, 0xff, 0x00, 0x00, 0x00, 0x0f, 0xff, 0x00, 0x00, 0x00, 0x0f,
	0x00, 0x00, 0xf0, 0x00, 0x00, 0x00, 0x00, 0x00, 0x00, 0x00, 0x00, 0xf0, 0x00, 0x00, 0x00, 0xff,
	0x00, 0xff, 0x0f, 0xff, 0x0f, 0xff, 0xff, 0xf0, 0x00, 0xff, 0x0f, 0xf0, 0x0f, 0x00, 0xf0, 0xf0,
	0x00, 0x0f, 0x00, 0x00, 0x0f, 0x0f, 0xff, 0x00, 0x0f, 0x0f, 0xff, 0x00, 0x0f, 0xf0, 0x00, 0x00,
	0xff, 0x00, 0xf0, 0xff, 0xf0, 0x00, 0x00, 0xff, 0xff, 0x00, 0x00, 0xff, 0xff, 0x00, 0x00, 0xf0,
	0x0f, 0xff, 0x00, 0x0f, 0x0f, 0x00, 0x0f, 0x0f, 0x00, 0x0f, 0xf0, 0x00, 0x00, 0xff, 0xff, 0x0f,
	0x00, 0xf0, 0x00, 0x00, 0x0f, 0xf0, 0xf0, 0x0f, 0xf0, 0xf0, 0x00, 0x0f, 0xf0, 0x0f, 0x0f, 0xff,
	0xff, 0xf0, 0xf0, 0x0f, 0xf0, 0x00, 0xff, 0xff, 0xf0, 0xff, 0xf0, 0x00, 0x0f, 0x0f, 0xf0, 0x0f,
	0x00, 0x0f, 0xff, 0xf0, 0x0f, 0xf0, 0x0f, 0xf0, 0x00, 0xff, 0xff, 0x0f, 0xff, 0xff, 0xff, 0x00,
	0x00, 0xf0, 0x0f, 0x00, 0xf0, 0x00, 0x00, 0x00, 0x00, 0x00, 0xf0, 0xf0, 0xff, 0x00, 0xff, 0x00,
	0x0f, 0x0f, 0x00, 0x0f, 0x00, 0xff, 0x00, 0xff, 0x00, 0xff, 0x00, 0x00, 0x0f, 0x00, 0x0f, 0x00,
	0xf0, 0x0f, 0xf0, 0xff, 0xf0, 0xff, 0x00, 0x00, 0x00, 0xff, 0x0f, 0x00, 0x00, 0xf0, 0xf0, 0x0f,
	0x00, 0x00, 0xf0, 0x00, 0x00, 0x00, 0xff, 0x00, 0x00, 0x0f, 0xff, 0x00, 0x00, 0x00, 0xf0, 0x00,
	0xff, 0x00, 0x0f, 0x00, 0x00, 0xff, 0xf0, 0x00, 0x00, 0xff, 0x00, 0x00, 0xff, 0x0f, 0xf0, 0x00,
	0x00, 0xff, 0xf0, 0x00, 0x00, 0x00, 0x0f, 0x00, 0x00, 0x00, 0x00, 0xff, 0xf0, 0x00, 0x00, 0x00,
	0x00, 0xf0, 0xf0, 0x0f, 0x00, 0x0f, 0xff, 0xff, 0xf0, 0xf0, 0xf0, 0x00, 0x00, 0xff, 0x00, 0xff,
	0x00, 0xf0, 0x00, 0xff, 0x00, 0x00, 0x00, 0x00, 0x00, 0xf0, 0x00, 0x00, 0xff, 0x00, 0xff, 0xff,
	0x0f, 0xf0, 0x00, 0x00, 0x00, 0x0f, 0xf0, 0x00, 0x00, 0x0f, 0x00, 0x0f, 0xff, 0xff, 0x00, 0x00,
	0x0f, 0x00, 0x0f, 0x00, 0x00, 0x0f, 0xff, 0x00, 0xf0, 0x00, 0xff, 0x00, 0x0f, 0x00, 0xff, 0x0f,
	0x0f, 0xf0, 0x00, 0xf0, 0xf0, 0xff, 0xf0, 0x0f, 0x0f, 0x00, 0xf0, 0xf0, 0x0f, 0xf0, 0xf0, 0x00,
	0xff, 0x00, 0xf0, 0xff, 0xff, 0xff, 0x00, 0x0f, 0xff, 0x0f, 0x00, 0x00, 0x00, 0x00, 0x00, 0xf0,
	0xff, 0x00, 0x0f, 0xff, 0xf0, 0xf0, 0x0f, 0x0f, 0x00, 0x00, 0x00, 0x00, 0xf0, 0x00, 0xff, 0x00,
	0xff, 0xf0, 0xf0, 0xf0, 0x00, 0xff, 0x0f, 0xff, 0x0f, 0x00, 0x00, 0xff, 0x00, 0x0f, 0x0f, 0x00,
	0x0f, 0x00, 0xf0, 0xf0, 0x00, 0xff, 0xf0, 0xff, 0xf0, 0x0f, 0xff, 0xff, 0x00, 0xff, 0xf0, 0x0f,
	0xff, 0x00, 0xff, 0xff, 0xf0, 0xff, 0xf0, 0xff, 0xf0, 0x0f, 0xff, 0xf0, 0x00, 0xf0, 0x00, 0xff,
	0xff, 0xf0, 0xf0, 0x0f, 0xff, 0xff, 0x00, 0x0f, 0xf0, 0xff, 0xff, 0xff, 0xf0, 0xf0, 0xf0, 0x00,
	0x00, 0x00, 0xff, 0xf0, 0x00, 0xf0, 0x00, 0x00, 0x00, 0x0f, 0xf0, 0xff, 0x0f, 0xff, 0xff, 0xff,
	0xf0, 0xf0, 0xf0, 0xff, 0xff, 0xff, 0xf0, 0x00, 0xff, 0xf0, 0xf0, 0xf0, 0xff, 0x00, 0xff, 0xff,
	0xf0, 0xf0, 0xff, 0x0f, 0xf0, 0xf0, 0x0f, 0x00, 0x00, 0xf0, 0xf0, 0xff, 0x0f, 0xff, 0x0f, 0x0f,
	0x0f, 0xff, 0xff, 0xff, 0xf0, 0xf0, 0xf0, 0xf0, 0x00, 0xff, 0xf0, 0xff, 0xff, 0xf0, 0xf0, 0x00,
	0xf0, 0xff, 0x0f, 0x00, 0x0f, 0xf0, 0x00, 0xff, 0xff, 0xff, 0xf0, 0x0f, 0x00, 0xf0, 0xff, 0xf0,
	0x0f, 0x00, 0x0f, 0xf0, 0x00, 0x00, 0x00, 0xf0, 0xf0, 0x00, 0x00, 0x00, 0x00, 0x0f, 0xf0, 0xff,
	0x00, 0xff, 0x0f, 0x00, 0x0f, 0x00, 0x00, 0x0f, 0xf0, 0xf0, 0x0f, 0x0f, 0x00, 0xf0, 0xff, 0x0f,
	0x00, 0x00, 0x00, 0x0f, 0x00, 0x00, 0x0f, 0x00, 0x0f, 0xf0, 0x00, 0xf0, 0xff, 0x0f, 0xff, 0x0f,
	0xff, 0x00, 0xff, 0x0f, 0xf0, 0x0f, 0xff, 0x0f, 0xf0, 0x0f, 0x0f, 0xf0, 0x0f, 0xf0, 0x0f, 0x0f,
	0xff, 0x0f, 0xf0, 0xff, 0x0f, 0xff, 0xf0, 0xf0, 0xf0, 0x0f, 0x00, 0x0f, 0xf0, 0x0f, 0x0f, 0x0f,
	0xf0, 0x00, 0xff, 0x00, 0xff, 0x00, 0x00, 0xff, 0xf0, 0xff, 0xff, 0xff, 0x00, 0x0f, 0x0f, 0x00,
	0xf0, 0x00, 0xff, 0x00, 0xff, 0xf0, 0x0f, 0x0f, 0xff, 0x00, 0x0f, 0xf0, 0x00, 0x0f, 0xff, 0xff,
	0xff, 0x0f, 0x00, 0x00, 0xf0, 0x00, 0xf0, 0x00, 0x00, 0xf0, 0xf0, 0x00, 0xff, 0x00, 0xff, 0x0f,
	0x0f, 0xff, 0xff, 0xff, 0x00, 0x00, 0xf0, 0xf0, 0x00, 0xf0, 0xff, 0x00, 0x0f, 0xff, 0xf0, 0x0f,
	0x0f, 0xff, 0x0f, 0x00, 0x0f, 0xf0, 0x0f, 0xf0, 0x00, 0x00, 0x00, 0x0f, 0x00, 0xff, 0xff, 0xff,
	0x00, 0xf0, 0xf0, 0x00, 0x0f, 0xf0, 0xff, 0xf0, 0x00, 0x0f, 0xff, 0xff, 0x00, 0xff, 0xf0, 0xff,
	0xf0, 0xf0, 0x0f, 0xff, 0xff, 0x0f, 0xf0, 0xff, 0xff, 0xf0, 0xf0, 0xff, 0xff, 0xff, 0xff, 0x0f,
	0xf0, 0x00, 0xf0, 0xf0, 0x00, 0xff, 0x0f, 0xff, 0xff, 0xf0, 0xff, 0xff, 0xf0, 0xff, 0xf0, 0xff,
	0x0f, 0xf0, 0xf0, 0x0f, 0xf0, 0xf0, 0xff, 0x00, 0xf0, 0xff, 0x00, 0xf0, 0xf0, 0x0f, 0xf0, 0x0f,
	0x0f, 0xff, 0xf0, 0xff, 0x0f, 0x0f, 0xf0, 0x00, 0xff, 0x00, 0xff, 0xff, 0xf0, 0x0f, 0xf0, 0xf0,
	0x0f, 0x00, 0x0f, 0xf0, 0xff, 0xf0, 0x0f, 0xf0, 0xf0, 0x00, 0xf0, 0x0f, 0xff, 0x0f, 0xff, 0x00,
	0xff, 0x0f, 0x0f, 0xf0, 0xf0, 0xff, 0xff, 0xff, 0xf0, 0xff, 0xf0, 0x00, 0x00, 0x0f, 0xf0, 0x0f,
	0xff, 0xff, 0xf0, 0xf0, 0xf0, 0x0f, 0xf0, 0xf0, 0xff, 0x0f, 0x00, 0x0f, 0x0f, 0x0f, 0xf0, 0x0f,
	0xff, 0x0f, 0x0f, 0x0f, 0xff, 0xf0, 0xf0, 0x0f, 0xf0, 0x0f, 0x0f, 0x0f, 0x00, 0xff, 0x0f, 0xf0,
	0xf0, 0xff, 0xff, 0xff, 0xff, 0x0f, 0xff, 0x00, 0xf0, 0x0f, 0xff, 0xf0, 0x0f, 0xf0, 0xf0, 0xff,
	0xff, 0xff, 0xff, 0x0f, 0x0f, 0xff, 0xff, 0x0f, 0xf0, 0xf0, 0xff, 0x0f, 0x0f, 0x0f, 0x0f, 0x0f,
	0xff, 0xf0, 0x0f, 0xf0, 0x0f, 0xff, 0xff, 0x0f, 0x00, 0xff, 0xf0, 0xff, 0x0f, 0xff, 0xff, 0xf0,
	0xff, 0xf0, 0xf0, 0xf0, 0x0f, 0xf0, 0xff, 0xff, 0xff, 0xf0, 0xf0, 0xff, 0xff, 0x0f, 0xff, 0xff,
	0xff, 0x0f, 0xff, 0xf0, 0x00, 0x0f, 0x0f, 0xff, 0xff, 0x0f, 0xff, 0x0f, 0x0f, 0x0f, 0xf0, 0x0f,
	0x00, 0xf0, 0xff, 0x0f, 0xff, 0xff, 0xf0, 0xff, 0xf0, 0xf0, 0xff, 0x00, 0xf0, 0xff, 0xf0, 0xf0,
	0x0f, 0x0f, 0xf0, 0xff, 0xff, 0xff, 0xf0, 0xf0, 0xff, 0xf0, 0xff, 0xf0, 0x0f, 0x00, 0x0f, 0xff,
	0xff, 0x0f, 0xff, 0xf0, 0xff, 0x00, 0x0f, 0x0f, 0x0f, 0x0f, 0xf0, 0xf0, 0x0f, 0xff, 0xf0, 0xf0,
	0x0f, 0x00, 0x00, 0x0f, 0xff, 0xf0, 0xff, 0xf0, 0xff, 0x0f, 0xff, 0x00, 0xff, 0xf0, 0xff, 0xf0,
	0x0f, 0x0f, 0xf0, 0x0f, 0x0f, 0xff, 0x0f, 0x0f, 0x00, 0xff, 0x00, 0xf0, 0xf0, 0xff, 0xf0, 0x0f,
	0xf0, 0x0f, 0xff, 0xff, 0xff, 0xf0, 0xf0, 0xff, 0x00, 0xff, 0xff, 0xf0, 0xff, 0x0f, 0x00, 0x00,
	0xf0, 0xf0, 0xf0, 0xf0, 0xf0, 0x00, 0xff, 0x0f, 0x0f, 0xff, 0x0f, 0xf0, 0xff, 0xf0, 0x00, 0xf0,
	0xff, 0xf0, 0x0f, 0xf0, 0x0f, 0x0f, 0xff, 0x0f, 0x0f, 0xf0, 0xff, 0xff, 0xff, 0xff, 0x0f, 0x0f,
	0xf0, 0xff, 0xff, 0xf0, 0xf0, 0xff, 0x0f, 0x0f, 0x0f, 0xff, 0xff, 0x0f, 0xff, 0x0f, 0xf0, 0x0f,
	0xff, 0xf0, 0x0f, 0x0f, 0x0f, 0xf0, 0x0f, 0xff, 0xf0, 0xf0, 0xf0, 0xf0, 0x0f, 0xf0, 0x0f, 0xf0,
	0x0f, 0xff, 0xf0, 0x0f, 0xff, 0x0f, 0x0f, 0xf0, 0x0f, 0x0f, 0xf0, 0x0f, 0x0f, 0xff, 0x0f, 0xff,
	0xff, 0x0f, 0x0f, 0xf0, 0xff, 0x0f, 0xff, 0x0f, 0xf0, 0x0f, 0xff, 0xf0, 0x0f, 0xf0, 0xf0, 0xff,
	0xf0, 0x0f, 0xff, 0xf0, 0xff, 0xff, 0xf0, 0x00, 0xf0, 0xf0, 0xff, 0x0f, 0x0f, 0xff, 0xf0, 0xf0,
	0x0f, 0xff, 0x0f, 0xf0, 0xf0, 0x0f, 0xff, 0x00, 0xf0, 0x0f, 0xff, 0x0f, 0xff, 0xff, 0xf0, 0xf0,
	0xf0, 0x0f, 0xf0, 0xff, 0xff, 0x0f, 0xff, 0xff, 0xff, 0xff, 0x0f, 0x0f, 0x0f, 0xf0, 0xf0, 0xf0,
	0x0f, 0x0f, 0x0f, 0x0f, 0x0f, 0xf0, 0xf0, 0xf0, 0x0f, 0xf0, 0xf0, 0xff, 0xf0, 0x0f, 0xff, 0xff,
	0xff, 0xff, 0x0f, 0xf0, 0xf0, 0xff, 0x0f, 0xff, 0x0f, 0xf0, 0x00, 0xf0, 0xf0, 0xf0, 0x0f, 0x0f,
	0xf0, 0xf0, 0xf0, 0x0f, 0xf0, 0xf0, 0xff, 0xff, 0x0f, 0xf0, 0xff, 0xff, 0xff, 0xf0, 0x0f, 0x0f,
	0xff, 0x0f, 0xff, 0xf0, 0xf0, 0xff, 0xf0, 0x0f, 0xf0, 0xff, 0x0f, 0x0f, 0x0f, 0x0f, 0xff, 0xff,
	0xf0, 0xf0, 0xf0, 0xff, 0x0f, 0x0f, 0x0f, 0xf0, 0xff, 0xff, 0x0f, 0xf0, 0x0f, 0xf0, 0xf0, 0x0f,
	0xf0, 0xff, 0x0f, 0x0f, 0xff, 0x0f, 0x0f, 0xf0, 0xff, 0xf0, 0xf0, 0xf0, 0x0f, 0xf0, 0x0f, 0x00,
	0xff, 0xf0, 0x0f, 0xf0, 0x0f, 0xff, 0xff, 0xf0, 0x0f, 0xf0, 0xf0, 0xff, 0xff, 0xf0, 0xf0, 0xf0,
	0xf0, 0xf0, 0xff, 0xf0, 0xf0, 0xf0, 0x0f, 0xf0, 0xff, 0xf0, 0xff, 0xff, 0xff, 0xf0, 0xff, 0x0f,
	0xf0, 0xff, 0x0f, 0xf0, 0xf0, 0xf0, 0xf0, 0xf0, 0x0f, 0xff, 0xf0, 0x0f, 0x0f, 0x0f, 0xff, 0x0f,
	0x0f, 0x0f, 0xff, 0xf0, 0xff, 0xff, 0xf0, 0x00, 0xff, 0xf0, 0xf0, 0xff, 0xff, 0xf0, 0xf0, 0xff,
	0xf0, 0x0f, 0xff, 0x0f, 0x0f, 0xf0, 0xf0, 0xff, 0x0f, 0x0f, 0x0f, 0xff, 0xff, 0x0f, 0x0f, 0xff,
	0xff, 0xf0, 0xff, 0xff, 0x0f, 0xff, 0x0f, 0xff, 0xff, 0xff, 0x0f, 0xf0, 0xff, 0x0f, 0xf0, 0xff,
	0xff, 0xff, 0xff, 0xff, 0xff, 0xff, 0xff, 0xff, 0xff, 0xff, 0xff, 0xff, 0xff, 0xff, 0xff, 0xff,
	0xff, 0xff, 0xff, 0xff, 0xff, 0xff, 0xff, 0xff, 0xff, 0xff, 0xff, 0xff, 0xff, 0xff, 0xff, 0xff,
	0xff, 0xff, 0xff, 0xff, 0xff, 0xff, 0xff, 0xff, 0xff, 0xff, 0xff, 0xff, 0xff, 0xff, 0xff, 0xff,
	0xff, 0xff, 0xff, 0xff, 0xff, 0xff, 0xff, 0xff, 0xff, 0xff, 0xff, 0xff, 0xff, 0xff, 0xff, 0xff,
	0xff, 0xff, 0xff, 0xff, 0xff, 0xff, 0xff, 0xff, 0xff, 0xff, 0xff, 0xff, 0xff, 0xff, 0xff, 0xff,
	0xff, 0xff, 0xff, 0xff, 0xff, 0xff, 0xff, 0xff, 0xff, 0xff, 0xff, 0xff, 0xff, 0xff, 0xff, 0xff,
	0xff, 0xff, 0xff, 0xff, 0xff, 0xff, 0xff, 0xff, 0xff, 0xff, 0xff, 0xff, 0xff, 0xff, 0xff, 0xff,
	0xff, 0xff, 0xff, 0xff, 0xff, 0xff, 0xff, 0xff, 0xff, 0xff, 0xff, 0xff, 0xff, 0xff, 0xff, 0xff,
	0xff, 0xff, 0xff, 0xff, 0xff, 0xff, 0xff, 0xff, 0xff, 0xff, 0xff, 0xff, 0xff, 0xff, 0xff, 0xff,
	0xff, 0xff, 0xff, 0xff, 0xff, 0xff, 0xff, 0xff, 0xff, 0xff, 0xff, 0xff, 0xff, 0xff, 0xff, 0xff,
	0xff, 0xff, 0xff, 0xff, 0xff, 0xff, 0xff, 0xff, 0xff, 0xff, 0xff, 0xff, 0xff, 0xff, 0xff, 0xff,
	0xff, 0xff, 0xff, 0xff, 0xff, 0xff, 0xff, 0xff, 0xff, 0xff, 0xff, 0xff, 0xff, 0xff, 0xff, 0xff,
	0xff, 0xff, 0xff, 0xff, 0xff, 0xff, 0xff, 0xff, 0xff, 0xff, 0xff, 0xff, 0xff, 0xff, 0xff, 0xff,
	0xff, 0xff, 0xff, 0xff, 0xff, 0xff, 0xff, 0xff, 0xff, 0xff, 0xff, 0xff, 0xff, 0xff, 0xff, 0xff,
	0xff, 0xff, 0xff, 0xff, 0xff, 0xff, 0xff, 0xff, 0xff, 0xff, 0xff, 0xff, 0xff, 0xff, 0xff, 0xff,
	0xff, 0xff, 0xff, 0xff, 0xff, 0xff, 0xff, 0xff, 0xff, 0xff, 0xff, 0xff, 0xff, 0xff, 0xff, 0xff,
	0xff, 0xff, 0xff, 0xff, 0xff, 0xff, 0xff, 0xff, 0xff, 0xff, 0xff, 0xff, 0xff, 0xff, 0xff, 0xff,
	0xff, 0xff, 0xff, 0xff, 0xff, 0xff, 0xff, 0xff, 0xff, 0xff, 0xff, 0xff, 0xff, 0xff, 0xff, 0xff,
	0xff, 0xff, 0xff, 0xff, 0xff, 0xff, 0xff, 0xff, 0xff, 0xff, 0xff, 0xff, 0xff, 0xff, 0xff, 0xff,
	0xff, 0xff, 0xff, 0xff, 0xff, 0xff, 0xff, 0xff, 0xff, 0xff, 0xff, 0xff, 0xff, 0xff, 0xff, 0xff,
};

/* 0xf07d0  string           41 B  C string
 *   +0x0000 'heap_sz > chunksz(sizeof(struct z_heap))'
 */

/* 0xf0a68  string           40 B  C string
 *   +0x0000 'Failed synchronized RTC setup (err: %d)'
 */
const char g1_ro_f0a68[40] __asm__("rodata_f0a68") = {
	0x46, 0x61, 0x69, 0x6c, 0x65, 0x64, 0x20, 0x73, 0x79, 0x6e, 0x63, 0x68, 0x72, 0x6f, 0x6e, 0x69,
	0x7a, 0x65, 0x64, 0x20, 0x52, 0x54, 0x43, 0x20, 0x73, 0x65, 0x74, 0x75, 0x70, 0x20, 0x28, 0x65,
	0x72, 0x72, 0x3a, 0x20, 0x25, 0x64, 0x29, 0x00,
};

/* 0xf0af8  string           34 B  C string
 *   +0x0000 'Could not obtain flash parameters'
 */

/* 0xf0bc0  string           39 B  C string
 *   +0x0000 'No GC Done marker found: restarting gc'
 */

/* 0xf0ef0  string           28 B  C string
 *   +0x0000 '[%02u:%02u:%02u.%03u,%03u] '
 */
const char g1_ro_f0ef0[28] __asm__("rodata_f0ef0") = {
	0x5b, 0x25, 0x30, 0x32, 0x75, 0x3a, 0x25, 0x30, 0x32, 0x75, 0x3a, 0x25, 0x30, 0x32, 0x75, 0x2e,
	0x25, 0x30, 0x33, 0x75, 0x2c, 0x25, 0x30, 0x33, 0x75, 0x5d, 0x20, 0x00,
};

/* 0xf1080  string           36 B  C string
 *   +0x0000 'flash_write error %d offset=0x%08zx'
 */

/* 0xf1158  string           40 B  C string
 *   +0x0000 'ch <= _settings_handler_static_list_end'
 */

/* 0xf1180  string           37 B  C string
 *   +0x0000 'set-value failure. key: %s error(%d)'
 */
const char g1_ro_f1180[37] __asm__("rodata_f1180") = {
	0x73, 0x65, 0x74, 0x2d, 0x76, 0x61, 0x6c, 0x75, 0x65, 0x20, 0x66, 0x61, 0x69, 0x6c, 0x75, 0x72,
	0x65, 0x2e, 0x20, 0x6b, 0x65, 0x79, 0x3a, 0x20, 0x25, 0x73, 0x20, 0x65, 0x72, 0x72, 0x6f, 0x72,
	0x28, 0x25, 0x64, 0x29, 0x00,
};

/* 0xf1590  u8_table         14 B  14 x uint8 (width from access footprint)
 */
const unsigned char g1_ro_f1590[14] __asm__("rodata_f1590") = {
	0x04, 0x08, 0x11, 0x62, 0x74, 0x5f, 0x67, 0x61, 0x74, 0x74, 0x5f, 0x64, 0x6d, 0x00,
};

/* 0xf1968  blob            339 B  opaque read-only blob
 */
const unsigned char g1_ro_f1968[339] __asm__("rodata_f1968") = {
	0x63, 0x7c, 0x77, 0x7b, 0xf2, 0x6b, 0x6f, 0xc5, 0x30, 0x01, 0x67, 0x2b, 0xfe, 0xd7, 0xab, 0x76,
	0xca, 0x82, 0xc9, 0x7d, 0xfa, 0x59, 0x47, 0xf0, 0xad, 0xd4, 0xa2, 0xaf, 0x9c, 0xa4, 0x72, 0xc0,
	0xb7, 0xfd, 0x93, 0x26, 0x36, 0x3f, 0xf7, 0xcc, 0x34, 0xa5, 0xe5, 0xf1, 0x71, 0xd8, 0x31, 0x15,
	0x04, 0xc7, 0x23, 0xc3, 0x18, 0x96, 0x05, 0x9a, 0x07, 0x12, 0x80, 0xe2, 0xeb, 0x27, 0xb2, 0x75,
	0x09, 0x83, 0x2c, 0x1a, 0x1b, 0x6e, 0x5a, 0xa0, 0x52, 0x3b, 0xd6, 0xb3, 0x29, 0xe3, 0x2f, 0x84,
	0x53, 0xd1, 0x00, 0xed, 0x20, 0xfc, 0xb1, 0x5b, 0x6a, 0xcb, 0xbe, 0x39, 0x4a, 0x4c, 0x58, 0xcf,
	0xd0, 0xef, 0xaa, 0xfb, 0x43, 0x4d, 0x33, 0x85, 0x45, 0xf9, 0x02, 0x7f, 0x50, 0x3c, 0x9f, 0xa8,
	0x51, 0xa3, 0x40, 0x8f, 0x92, 0x9d, 0x38, 0xf5, 0xbc, 0xb6, 0xda, 0x21, 0x10, 0xff, 0xf3, 0xd2,
	0xcd, 0x0c, 0x13, 0xec, 0x5f, 0x97, 0x44, 0x17, 0xc4, 0xa7, 0x7e, 0x3d, 0x64, 0x5d, 0x19, 0x73,
	0x60, 0x81, 0x4f, 0xdc, 0x22, 0x2a, 0x90, 0x88, 0x46, 0xee, 0xb8, 0x14, 0xde, 0x5e, 0x0b, 0xdb,
	0xe0, 0x32, 0x3a, 0x0a, 0x49, 0x06, 0x24, 0x5c, 0xc2, 0xd3, 0xac, 0x62, 0x91, 0x95, 0xe4, 0x79,
	0xe7, 0xc8, 0x37, 0x6d, 0x8d, 0xd5, 0x4e, 0xa9, 0x6c, 0x56, 0xf4, 0xea, 0x65, 0x7a, 0xae, 0x08,
	0xba, 0x78, 0x25, 0x2e, 0x1c, 0xa6, 0xb4, 0xc6, 0xe8, 0xdd, 0x74, 0x1f, 0x4b, 0xbd, 0x8b, 0x8a,
	0x70, 0x3e, 0xb5, 0x66, 0x48, 0x03, 0xf6, 0x0e, 0x61, 0x35, 0x57, 0xb9, 0x86, 0xc1, 0x1d, 0x9e,
	0xe1, 0xf8, 0x98, 0x11, 0x69, 0xd9, 0x8e, 0x94, 0x9b, 0x1e, 0x87, 0xe9, 0xce, 0x55, 0x28, 0xdf,
	0x8c, 0xa1, 0x89, 0x0d, 0xbf, 0xe6, 0x42, 0x68, 0x41, 0x99, 0x2d, 0x0f, 0xb0, 0x54, 0xbb, 0x16,
	0x6d, 0x75, 0x74, 0x65, 0x78, 0x5f, 0x69, 0x6e, 0x69, 0x74, 0x20, 0x63, 0x61, 0x6c, 0x6c, 0x65,
	0x64, 0x20, 0x77, 0x69, 0x74, 0x68, 0x20, 0x4e, 0x55, 0x4c, 0x4c, 0x20, 0x70, 0x61, 0x72, 0x61,
	0x6d, 0x65, 0x74, 0x65, 0x72, 0x00, 0x43, 0x6f, 0x75, 0x6c, 0x64, 0x20, 0x6e, 0x6f, 0x74, 0x20,
	0x61, 0x6c, 0x6c, 0x6f, 0x63, 0x61, 0x74, 0x65, 0x20, 0x6d, 0x75, 0x74, 0x65, 0x78, 0x20, 0x62,
	0x65, 0x66, 0x6f, 0x72, 0x65, 0x20, 0x69, 0x6e, 0x69, 0x74, 0x69, 0x61, 0x6c, 0x69, 0x7a, 0x69,
	0x6e, 0x67, 0x00,
};

/* 0xf1b28  string           67 B  C string
 *   +0x0000 's[%2d]:  0x%08x  s[%2d]:  0x%08x  s[%2d]:  0x%08x  s[%2d]:  0x%08x'
 */
const char g1_ro_f1b28[67] __asm__("rodata_f1b28") = {
	0x73, 0x5b, 0x25, 0x32, 0x64, 0x5d, 0x3a, 0x20, 0x20, 0x30, 0x78, 0x25, 0x30, 0x38, 0x78, 0x20,
	0x20, 0x73, 0x5b, 0x25, 0x32, 0x64, 0x5d, 0x3a, 0x20, 0x20, 0x30, 0x78, 0x25, 0x30, 0x38, 0x78,
	0x20, 0x20, 0x73, 0x5b, 0x25, 0x32, 0x64, 0x5d, 0x3a, 0x20, 0x20, 0x30, 0x78, 0x25, 0x30, 0x38,
	0x78, 0x20, 0x20, 0x73, 0x5b, 0x25, 0x32, 0x64, 0x5d, 0x3a, 0x20, 0x20, 0x30, 0x78, 0x25, 0x30,
	0x38, 0x78, 0x00,
};

/* 0xf1e20  string           25 B  C string
 *   +0x0000 '  Precise data bus error'
 */
const char g1_ro_f1e20[25] __asm__("rodata_f1e20") = {
	0x20, 0x20, 0x50, 0x72, 0x65, 0x63, 0x69, 0x73, 0x65, 0x20, 0x64, 0x61, 0x74, 0x61, 0x20, 0x62,
	0x75, 0x73, 0x20, 0x65, 0x72, 0x72, 0x6f, 0x72, 0x00,
};

/* 0xf1ef0  string           30 B  C string
 *   +0x0000 '  No coprocessor instructions'
 */
const char g1_ro_f1ef0[30] __asm__("rodata_f1ef0") = {
	0x20, 0x20, 0x4e, 0x6f, 0x20, 0x63, 0x6f, 0x70, 0x72, 0x6f, 0x63, 0x65, 0x73, 0x73, 0x6f, 0x72,
	0x20, 0x69, 0x6e, 0x73, 0x74, 0x72, 0x75, 0x63, 0x74, 0x69, 0x6f, 0x6e, 0x73, 0x00,
};

/* 0xf2068  string           31 B  C string
 *   +0x0000 '  Fault escalation (see below)'
 */

/* 0xf2158  string           35 B  C string
 *   +0x0000 'Partition %u: sanity check failed.'
 */
const char g1_ro_f2158[35] __asm__("rodata_f2158") = {
	0x50, 0x61, 0x72, 0x74, 0x69, 0x74, 0x69, 0x6f, 0x6e, 0x20, 0x25, 0x75, 0x3a, 0x20, 0x73, 0x61,
	0x6e, 0x69, 0x74, 0x79, 0x20, 0x63, 0x68, 0x65, 0x63, 0x6b, 0x20, 0x66, 0x61, 0x69, 0x6c, 0x65,
	0x64, 0x2e, 0x00,
};

/* 0xf2558  string            3 B  C string
 *   +0x0000 'rc'
 */
const char g1_ro_f2558[3] __asm__("rodata_f2558") = {
	0x72, 0x63, 0x00,
};

/* 0xf2cc8  blob            213 B  opaque read-only blob
 */
const unsigned char g1_ro_f2cc8[213] __asm__("rodata_f2cc8") = {
	0x02, 0xfb, 0x34, 0x9b, 0x5f, 0x80, 0x00, 0x00, 0x80, 0x00, 0x10, 0x00, 0x00, 0x00, 0x00, 0x00,
	0x00, 0x57, 0x45, 0x53, 0x54, 0x5f, 0x54, 0x4f, 0x50, 0x44, 0x49, 0x52, 0x2f, 0x7a, 0x65, 0x70,
	0x68, 0x79, 0x72, 0x2f, 0x73, 0x75, 0x62, 0x73, 0x79, 0x73, 0x2f, 0x62, 0x6c, 0x75, 0x65, 0x74,
	0x6f, 0x6f, 0x74, 0x68, 0x2f, 0x68, 0x6f, 0x73, 0x74, 0x2f, 0x62, 0x75, 0x66, 0x2e, 0x63, 0x00,
	0x74, 0x79, 0x70, 0x65, 0x20, 0x3d, 0x3d, 0x20, 0x42, 0x54, 0x5f, 0x42, 0x55, 0x46, 0x5f, 0x45,
	0x56, 0x54, 0x20, 0x7c, 0x7c, 0x20, 0x74, 0x79, 0x70, 0x65, 0x20, 0x3d, 0x3d, 0x20, 0x42, 0x54,
	0x5f, 0x42, 0x55, 0x46, 0x5f, 0x41, 0x43, 0x4c, 0x5f, 0x49, 0x4e, 0x20, 0x7c, 0x7c, 0x20, 0x74,
	0x79, 0x70, 0x65, 0x20, 0x3d, 0x3d, 0x20, 0x42, 0x54, 0x5f, 0x42, 0x55, 0x46, 0x5f, 0x49, 0x53,
	0x4f, 0x5f, 0x49, 0x4e, 0x00, 0x09, 0x49, 0x6e, 0x76, 0x61, 0x6c, 0x69, 0x64, 0x20, 0x62, 0x75,
	0x66, 0x66, 0x65, 0x72, 0x20, 0x74, 0x79, 0x70, 0x65, 0x20, 0x72, 0x65, 0x71, 0x75, 0x65, 0x73,
	0x74, 0x65, 0x64, 0x0a, 0x00, 0x62, 0x74, 0x5f, 0x64, 0x61, 0x74, 0x61, 0x00, 0x44, 0x61, 0x74,
	0x61, 0x20, 0x62, 0x75, 0x66, 0x66, 0x65, 0x72, 0x20, 0x6f, 0x76, 0x65, 0x72, 0x66, 0x6c, 0x6f,
	0x77, 0x20, 0x28, 0x6c, 0x69, 0x6e, 0x6b, 0x20, 0x74, 0x79, 0x70, 0x65, 0x20, 0x30, 0x78, 0x25,
	0x30, 0x32, 0x78, 0x29, 0x00,
};

/* 0xf36e0  string           37 B  C string
 *   +0x0000 'Failed to remove IRK from controller'
 */
const char g1_ro_f36e0[37] __asm__("rodata_f36e0") = {
	0x46, 0x61, 0x69, 0x6c, 0x65, 0x64, 0x20, 0x74, 0x6f, 0x20, 0x72, 0x65, 0x6d, 0x6f, 0x76, 0x65,
	0x20, 0x49, 0x52, 0x4b, 0x20, 0x66, 0x72, 0x6f, 0x6d, 0x20, 0x63, 0x6f, 0x6e, 0x74, 0x72, 0x6f,
	0x6c, 0x6c, 0x65, 0x72, 0x00,
};

/* 0xf4a20  string           11 B  C string
 *   +0x0000 'svc->attrs'
 */

/* 0xf4d88  string           44 B  C string
 *   +0x0000 'Failed to set security for bonded peer (%d)'
 */

/* 0xf4ff0  string           27 B  C string
 *   +0x0000 'Too small SMP PDU received'
 */
const char g1_ro_f4ff0[27] __asm__("rodata_f4ff0") = {
	0x54, 0x6f, 0x6f, 0x20, 0x73, 0x6d, 0x61, 0x6c, 0x6c, 0x20, 0x53, 0x4d, 0x50, 0x20, 0x50, 0x44,
	0x55, 0x20, 0x72, 0x65, 0x63, 0x65, 0x69, 0x76, 0x65, 0x64, 0x00,
};

/* 0xf5078  string_pool      47 B  2-string pool
 *   +0x0000 'Unexpected SMP code 0x%02x'
 *   +0x001b 'Invalid identity %s'
 */
const char g1_ro_f5078[47] __asm__("rodata_f5078") = {
	0x55, 0x6e, 0x65, 0x78, 0x70, 0x65, 0x63, 0x74, 0x65, 0x64, 0x20, 0x53, 0x4d, 0x50, 0x20, 0x63,
	0x6f, 0x64, 0x65, 0x20, 0x30, 0x78, 0x25, 0x30, 0x32, 0x78, 0x00, 0x49, 0x6e, 0x76, 0x61, 0x6c,
	0x69, 0x64, 0x20, 0x69, 0x64, 0x65, 0x6e, 0x74, 0x69, 0x74, 0x79, 0x20, 0x25, 0x73, 0x00,
};

/* 0xf5268  string           48 B  C string
 *   +0x0000 'WEST_TOPDIR/zephyr/subsys/bluetooth/host/keys.c'
 */
const char g1_ro_f5268[48] __asm__("rodata_f5268") = {
	0x57, 0x45, 0x53, 0x54, 0x5f, 0x54, 0x4f, 0x50, 0x44, 0x49, 0x52, 0x2f, 0x7a, 0x65, 0x70, 0x68,
	0x79, 0x72, 0x2f, 0x73, 0x75, 0x62, 0x73, 0x79, 0x73, 0x2f, 0x62, 0x6c, 0x75, 0x65, 0x74, 0x6f,
	0x6f, 0x74, 0x68, 0x2f, 0x68, 0x6f, 0x73, 0x74, 0x2f, 0x6b, 0x65, 0x79, 0x73, 0x2e, 0x63, 0x00,
};

/* 0xf5298  string           20 B  C string
 *   +0x0000 'keys != ((void *)0)'
 */

/* 0xf52c0  string_pool     147 B  5-string pool
 *   +0x0000 'func != ((void *)0)'
 *   +0x0014 'Failed to read value (err %zd)'
 *   +0x0033 'Unable to find deleted keys for %s'
 *   +0x0056 'Failed to allocate keys for %s'
 *   +0x0075 'Invalid key length %zd != %zu'
 */
const char g1_ro_f52c0[147] __asm__("rodata_f52c0") = {
	0x66, 0x75, 0x6e, 0x63, 0x20, 0x21, 0x3d, 0x20, 0x28, 0x28, 0x76, 0x6f, 0x69, 0x64, 0x20, 0x2a,
	0x29, 0x30, 0x29, 0x00, 0x46, 0x61, 0x69, 0x6c, 0x65, 0x64, 0x20, 0x74, 0x6f, 0x20, 0x72, 0x65,
	0x61, 0x64, 0x20, 0x76, 0x61, 0x6c, 0x75, 0x65, 0x20, 0x28, 0x65, 0x72, 0x72, 0x20, 0x25, 0x7a,
	0x64, 0x29, 0x00, 0x55, 0x6e, 0x61, 0x62, 0x6c, 0x65, 0x20, 0x74, 0x6f, 0x20, 0x66, 0x69, 0x6e,
	0x64, 0x20, 0x64, 0x65, 0x6c, 0x65, 0x74, 0x65, 0x64, 0x20, 0x6b, 0x65, 0x79, 0x73, 0x20, 0x66,
	0x6f, 0x72, 0x20, 0x25, 0x73, 0x00, 0x46, 0x61, 0x69, 0x6c, 0x65, 0x64, 0x20, 0x74, 0x6f, 0x20,
	0x61, 0x6c, 0x6c, 0x6f, 0x63, 0x61, 0x74, 0x65, 0x20, 0x6b, 0x65, 0x79, 0x73, 0x20, 0x66, 0x6f,
	0x72, 0x20, 0x25, 0x73, 0x00, 0x49, 0x6e, 0x76, 0x61, 0x6c, 0x69, 0x64, 0x20, 0x6b, 0x65, 0x79,
	0x20, 0x6c, 0x65, 0x6e, 0x67, 0x74, 0x68, 0x20, 0x25, 0x7a, 0x64, 0x20, 0x21, 0x3d, 0x20, 0x25,
	0x7a, 0x75, 0x00,
};

/* 0xf54a8  blob             91 B  opaque read-only blob
 */
const unsigned char g1_ro_f54a8[91] __asm__("rodata_f54a8") = {
	0x6e, 0x65, 0x74, 0x5f, 0x62, 0x75, 0x66, 0x5f, 0x73, 0x69, 0x6d, 0x70, 0x6c, 0x65, 0x5f, 0x74,
	0x61, 0x69, 0x6c, 0x72, 0x6f, 0x6f, 0x6d, 0x28, 0x62, 0x75, 0x66, 0x29, 0x20, 0x3e, 0x3d, 0x20,
	0x6c, 0x65, 0x6e, 0x00, 0x6e, 0x65, 0x74, 0x5f, 0x62, 0x75, 0x66, 0x5f, 0x73, 0x69, 0x6d, 0x70,
	0x6c, 0x65, 0x00, 0x06, 0x01, 0x05, 0x01, 0x04, 0x01, 0x03, 0x01, 0x05, 0x02, 0x02, 0x01, 0x03,
	0x02, 0x05, 0x04, 0x01, 0x01, 0x01, 0x02, 0x01, 0x03, 0x01, 0x04, 0x01, 0x06, 0x01, 0x08, 0x01,
	0x0c, 0x01, 0x10, 0x01, 0x18, 0x01, 0x20, 0x01, 0x40, 0x01, 0x80,
};

/* 0xf5cd8  string_pool     169 B  4-string pool
 *   +0x0000 'write error: address or size exceeds expected values.Addr: 0x%lx size %zu'
 *   +0x004a 'read error: address or size exceeds expected values.Addr: 0x%lx size %zu'
 *   +0x0093 'mx25r6435f@0'
 *   +0x00a0 'qspi_nor'
 */
const char g1_ro_f5cd8[169] __asm__("rodata_f5cd8") = {
	0x77, 0x72, 0x69, 0x74, 0x65, 0x20, 0x65, 0x72, 0x72, 0x6f, 0x72, 0x3a, 0x20, 0x61, 0x64, 0x64,
	0x72, 0x65, 0x73, 0x73, 0x20, 0x6f, 0x72, 0x20, 0x73, 0x69, 0x7a, 0x65, 0x20, 0x65, 0x78, 0x63,
	0x65, 0x65, 0x64, 0x73, 0x20, 0x65, 0x78, 0x70, 0x65, 0x63, 0x74, 0x65, 0x64, 0x20, 0x76, 0x61,
	0x6c, 0x75, 0x65, 0x73, 0x2e, 0x41, 0x64, 0x64, 0x72, 0x3a, 0x20, 0x30, 0x78, 0x25, 0x6c, 0x78,
	0x20, 0x73, 0x69, 0x7a, 0x65, 0x20, 0x25, 0x7a, 0x75, 0x00, 0x72, 0x65, 0x61, 0x64, 0x20, 0x65,
	0x72, 0x72, 0x6f, 0x72, 0x3a, 0x20, 0x61, 0x64, 0x64, 0x72, 0x65, 0x73, 0x73, 0x20, 0x6f, 0x72,
	0x20, 0x73, 0x69, 0x7a, 0x65, 0x20, 0x65, 0x78, 0x63, 0x65, 0x65, 0x64, 0x73, 0x20, 0x65, 0x78,
	0x70, 0x65, 0x63, 0x74, 0x65, 0x64, 0x20, 0x76, 0x61, 0x6c, 0x75, 0x65, 0x73, 0x2e, 0x41, 0x64,
	0x64, 0x72, 0x3a, 0x20, 0x30, 0x78, 0x25, 0x6c, 0x78, 0x20, 0x73, 0x69, 0x7a, 0x65, 0x20, 0x25,
	0x7a, 0x75, 0x00, 0x6d, 0x78, 0x32, 0x35, 0x72, 0x36, 0x34, 0x33, 0x35, 0x66, 0x40, 0x30, 0x00,
	0x71, 0x73, 0x70, 0x69, 0x5f, 0x6e, 0x6f, 0x72, 0x00,
};

/* 0xf6c00  string            9 B  C string
 *   +0x0000 'p_config'
 */

/* 0xf6ca8  string           26 B  C string
 *   +0x0000 'is_valid_address(addr, 1)'
 */
