/* GENERATED by recon/application/gen_app_localized_rodata.py -- DO NOT EDIT.
 *
 * 0xaae20, 66560 bytes -- the display fade/dither MASK ATLAS,
 * [0xaae20, 0xbb220), 26 phase rows x 8 frames x 320 B, byte-exact from
 * app_update.bin through tools/extract.py.
 *
 * Readers: ui_DashBoard_task, ui_QuickNote_task, ui_even_ai_task,
 * ui_translate_task, ui_new_message_task, ui_set_imu_pitch_task,
 * onboarding_render_step_screen, render_ancs_notification_animation,
 * navigation_overview_map_display, navigation_panoramic_map_display,
 * gui_screen_fade_out_transition, display_fade_out_mask_bands.
 *
 * Frame occupancy measured from these very bytes (non-zero nibbles):
 *   frame 0 0.0%   1 10.2%   2 18.6%   3 34.7%
 *   frame 4 46.5%  5 54.6%   6 63.2%   7 100.0%
 * and the shipped step order rodata_a8c57 is 01 03 05 07 ..., so the
 * fourth and last entry-fade step ANDs with 0xFF and LEAVES the finished
 * screen on the panel.  Until this object existed the same code ANDed the
 * dashboard with whatever our relocated image holds at 0xaae20 -- the
 * interior of the glyph bitmap run rodata_d753a -- and erased it.
 *
 * The numeric PROVIDE for this pin is deleted from g1_app_globals.ld, so a
 * link that failed to retain the object errors out instead of silently
 * reading our own image again.
 */
const unsigned char g1_ro_aae20[66560] __asm__("rodata_aae20") = {
	0x00, 0x00, 0x00, 0x00, 0x00, 0x00, 0x00, 0x00, 0x00, 0x00, 0x00, 0x00, 0x00, 0x00, 0x00, 0x00,
	0x00, 0x00, 0x00, 0x00, 0x00, 0x00, 0x00, 0x00, 0x00, 0x00, 0x00, 0x00, 0x00, 0x00, 0x00, 0x00,
	0x00, 0x00, 0x00, 0x00, 0x00, 0x00, 0x00, 0x00, 0x00, 0x00, 0x00, 0x00, 0x00, 0x00, 0x00, 0x00,
	0x00, 0x00, 0x00, 0x00, 0x00, 0x00, 0x00, 0x00, 0x00, 0x00, 0x00, 0x00, 0x00, 0x00, 0x00, 0x00,
	0x00, 0x00, 0x00, 0x00, 0x00, 0x00, 0x00, 0x00, 0x00, 0x00, 0x00, 0x00, 0x00, 0x00, 0x00, 0x00,
	0x00, 0x00, 0x00, 0x00, 0x00, 0x00, 0x00, 0x00, 0x00, 0x00, 0x00, 0x00, 0x00, 0x00, 0x00, 0x00,
	0x00, 0x00, 0x00, 0x00, 0x00, 0x00, 0x00, 0x00, 0x00, 0x00, 0x00, 0x00, 0x00, 0x00, 0x00, 0x00,
	0x00, 0x00, 0x00, 0x00, 0x00, 0x00, 0x00, 0x00, 0x00, 0x00, 0x00, 0x00, 0x00, 0x00, 0x00, 0x00,
	0x00, 0x00, 0x00, 0x00, 0x00, 0x00, 0x00, 0x00, 0x00, 0x00, 0x00, 0x00, 0x00, 0x00, 0x00, 0x00,
	0x00, 0x00, 0x00, 0x00, 0x00, 0x00, 0x00, 0x00, 0x00, 0x00, 0x00, 0x00, 0x00, 0x00, 0x00, 0x00,
	0x00, 0x00, 0x00, 0x00, 0x00, 0x00, 0x00, 0x00, 0x00, 0x00, 0x00, 0x00, 0x00, 0x00, 0x00, 0x00,
	0x00, 0x00, 0x00, 0x00, 0x00, 0x00, 0x00, 0x00, 0x00, 0x00, 0x00, 0x00, 0x00, 0x00, 0x00, 0x00,
	0x00, 0x00, 0x00, 0x00, 0x00, 0x00, 0x00, 0x00, 0x00, 0x00, 0x00, 0x00, 0x00, 0x00, 0x00, 0x00,
	0x00, 0x00, 0x00, 0x00, 0x00, 0x00, 0x00, 0x00, 0x00, 0x00, 0x00, 0x00, 0x00, 0x00, 0x00, 0x00,
	0x00, 0x00, 0x00, 0x00, 0x00, 0x00, 0x00, 0x00, 0x00, 0x00, 0x00, 0x00, 0x00, 0x00, 0x00, 0x00,
	0x00, 0x00, 0x00, 0x00, 0x00, 0x00, 0x00, 0x00, 0x00, 0x00, 0x00, 0x00, 0x00, 0x00, 0x00, 0x00,
	0x00, 0x00, 0x00, 0x00, 0x00, 0x00, 0x00, 0x00, 0x00, 0x00, 0x00, 0x00, 0x00, 0x00, 0x00, 0x00,
	0x00, 0x00, 0x00, 0x00, 0x00, 0x00, 0x00, 0x00, 0x00, 0x00, 0x00, 0x00, 0x00, 0x00, 0x00, 0x00,
	0x00, 0x00, 0x00, 0x00, 0x00, 0x00, 0x00, 0x00, 0x00, 0x00, 0x00, 0x00, 0x00, 0x00, 0x00, 0x00,
	0x00, 0x00, 0x00, 0x00, 0x00, 0x00, 0x00, 0x00, 0x00, 0x00, 0x00, 0x00, 0x00, 0x00, 0x00, 0x00,
	0x00, 0x00, 0x0f, 0x00, 0x00, 0x00, 0x00, 0xff, 0x00, 0x00, 0x00, 0x00, 0x00, 0x0f, 0x00, 0x00,
	0x00, 0x00, 0x00, 0x00, 0x00, 0x00, 0x00, 0x00, 0x00, 0x00, 0x00, 0x00, 0x0f, 0xf0, 0xf0, 0x00,
	0x00, 0x00, 0x0f, 0x00, 0x00, 0x00, 0x00, 0xff, 0x00, 0x00, 0x00, 0x00, 0x00, 0x0f, 0x00, 0x00,
	0x00, 0x00, 0x00, 0x00, 0x00, 0x00, 0x00, 0x00, 0x00, 0x00, 0x00, 0x00, 0x0f, 0xf0, 0xf0, 0x00,
	0x00, 0x00, 0x0f, 0x00, 0x00, 0x00, 0x00, 0xff, 0x00, 0x00, 0x00, 0x00, 0x00, 0x0f, 0x00, 0x00,
	0x00, 0x00, 0x00, 0x00, 0x00, 0x00, 0x00, 0x00, 0x00, 0x00, 0x00, 0x00, 0x0f, 0xf0, 0xf0, 0x00,
	0x00, 0x00, 0x0f, 0x00, 0x00, 0x00, 0x00, 0xff, 0x00, 0x00, 0x00, 0x00, 0x00, 0x0f, 0x00, 0x00,
	0x00, 0x00, 0x00, 0x00, 0x00, 0x00, 0x00, 0x00, 0x00, 0x00, 0x00, 0x00, 0x0f, 0xf0, 0xf0, 0x00,
	0x00, 0x00, 0x0f, 0x00, 0x00, 0x00, 0x00, 0xff, 0x00, 0x00, 0x00, 0x00, 0x00, 0x0f, 0x00, 0x00,
	0x00, 0x00, 0x00, 0x00, 0x00, 0x00, 0x00, 0x00, 0x00, 0x00, 0x00, 0x00, 0x0f, 0xf0, 0xf0, 0x00,
	0x00, 0x00, 0x0f, 0x00, 0x00, 0x00, 0x00, 0xff, 0x00, 0x00, 0x00, 0x00, 0x00, 0x0f, 0x00, 0x00,
	0x00, 0x00, 0x00, 0x00, 0x00, 0x00, 0x00, 0x00, 0x00, 0x00, 0x00, 0x00, 0x0f, 0xf0, 0xf0, 0x00,
	0x00, 0x00, 0x0f, 0x00, 0x00, 0x00, 0x00, 0xff, 0x00, 0x00, 0x00, 0x00, 0x00, 0x0f, 0x00, 0x00,
	0x00, 0x00, 0x00, 0x00, 0x00, 0x00, 0x00, 0x00, 0x00, 0x00, 0x00, 0x00, 0x0f, 0xf0, 0xf0, 0x00,
	0x00, 0x00, 0x0f, 0x00, 0x00, 0x00, 0x00, 0xff, 0x00, 0x00, 0x00, 0x00, 0x00, 0x0f, 0x00, 0x00,
	0x00, 0x00, 0x00, 0x00, 0x00, 0x00, 0x00, 0x00, 0x00, 0x00, 0x00, 0x00, 0x0f, 0xf0, 0xf0, 0x00,
	0x00, 0x00, 0x0f, 0x00, 0x00, 0x00, 0x00, 0xff, 0x00, 0x00, 0x00, 0x00, 0x00, 0x0f, 0x00, 0x00,
	0x00, 0x00, 0x00, 0x00, 0x00, 0x00, 0x00, 0x00, 0x00, 0x00, 0x00, 0x00, 0x0f, 0xf0, 0xf0, 0x00,
	0x00, 0x00, 0x0f, 0x00, 0x00, 0x00, 0x00, 0xff, 0x00, 0x00, 0x00, 0x00, 0x00, 0x0f, 0x00, 0x00,
	0x00, 0x00, 0x00, 0x00, 0x00, 0x00, 0x00, 0x00, 0x00, 0x00, 0x00, 0x00, 0x0f, 0xf0, 0xf0, 0x00,
	0x00, 0x00, 0xff, 0xf0, 0x00, 0x00, 0x0f, 0xff, 0xf0, 0x00, 0x00, 0x00, 0x00, 0xff, 0xf0, 0x00,
	0x00, 0x00, 0x00, 0xf0, 0xf0, 0x00, 0x00, 0x00, 0x00, 0x00, 0x00, 0x00, 0x0f, 0xf0, 0xf0, 0x00,
	0x00, 0x00, 0xff, 0xf0, 0x00, 0x00, 0x0f, 0xff, 0xf0, 0x00, 0x00, 0x00, 0x00, 0xff, 0xf0, 0x00,
	0x00, 0x00, 0x00, 0xf0, 0xf0, 0x00, 0x00, 0x00, 0x00, 0x00, 0x00, 0x00, 0x0f, 0xf0, 0xf0, 0x00,
	0x00, 0x00, 0xff, 0xf0, 0x00, 0x00, 0x0f, 0xff, 0xf0, 0x00, 0x00, 0x00, 0x00, 0xff, 0xf0, 0x00,
	0x00, 0x00, 0x00, 0xf0, 0xf0, 0x00, 0x00, 0x00, 0x00, 0x00, 0x00, 0x00, 0x0f, 0xf0, 0xf0, 0x00,
	0x00, 0x00, 0xff, 0xf0, 0x00, 0x00, 0x0f, 0xff, 0xf0, 0x00, 0x00, 0x00, 0x00, 0xff, 0xf0, 0x00,
	0x00, 0x00, 0x00, 0xf0, 0xf0, 0x00, 0x00, 0x00, 0x00, 0x00, 0x00, 0x00, 0x0f, 0xf0, 0xf0, 0x00,
	0x00, 0x00, 0xff, 0xf0, 0x00, 0x00, 0x0f, 0xff, 0xf0, 0x00, 0x00, 0x00, 0x00, 0xff, 0xf0, 0x00,
	0x00, 0x00, 0x00, 0xf0, 0xf0, 0x00, 0x00, 0x00, 0x00, 0x00, 0x00, 0x00, 0x0f, 0xf0, 0xf0, 0x00,
	0x00, 0x00, 0xff, 0xf0, 0x00, 0x00, 0x0f, 0xff, 0xf0, 0x00, 0x00, 0x00, 0x00, 0xff, 0xf0, 0x00,
	0x00, 0x00, 0x00, 0xf0, 0xf0, 0x00, 0x00, 0x00, 0x00, 0x00, 0x00, 0x00, 0x0f, 0xf0, 0xf0, 0x00,
	0x00, 0x00, 0xff, 0xf0, 0x00, 0x00, 0x0f, 0xff, 0xf0, 0x00, 0x00, 0x00, 0x00, 0xff, 0xf0, 0x00,
	0x00, 0x00, 0x00, 0xf0, 0xf0, 0x00, 0x00, 0x00, 0x00, 0x00, 0x00, 0x00, 0x0f, 0xf0, 0xf0, 0x00,
	0x00, 0x00, 0xff, 0xf0, 0x00, 0x00, 0x0f, 0xff, 0xf0, 0x00, 0x00, 0x00, 0x00, 0xff, 0xf0, 0x00,
	0x00, 0x00, 0x00, 0xf0, 0xf0, 0x00, 0x00, 0x00, 0x00, 0x00, 0x00, 0x00, 0x0f, 0xf0, 0xf0, 0x00,
	0x00, 0x00, 0xff, 0xf0, 0x00, 0x00, 0x0f, 0xff, 0xf0, 0x00, 0x00, 0x00, 0x00, 0xff, 0xf0, 0x00,
	0x00, 0x00, 0x00, 0xf0, 0xf0, 0x00, 0x00, 0x00, 0x00, 0x00, 0x00, 0x00, 0x0f, 0xf0, 0xf0, 0x00,
	0x00, 0x00, 0xff, 0xf0, 0x00, 0x00, 0x0f, 0xff, 0xf0, 0x00, 0x00, 0x00, 0x00, 0xff, 0xf0, 0x00,
	0x00, 0x00, 0x00, 0xf0, 0xf0, 0x00, 0x00, 0x00, 0x00, 0x00, 0x00, 0x00, 0x0f, 0xf0, 0xf0, 0x00,
	0x00, 0xff, 0xff, 0xff, 0x00, 0x00, 0xff, 0xff, 0xff, 0x00, 0x00, 0x00, 0x00, 0xff, 0xff, 0x00,
	0xf0, 0x00, 0x00, 0xff, 0xff, 0x00, 0x00, 0x0f, 0x00, 0x00, 0x0f, 0x00, 0xff, 0xff, 0xff, 0x00,
	0x00, 0xff, 0xff, 0xff, 0x00, 0x00, 0xff, 0xff, 0xff, 0x00, 0x00, 0x00, 0x00, 0xff, 0xff, 0x00,
	0xf0, 0x00, 0x00, 0xff, 0xff, 0x00, 0x00, 0x0f, 0x00, 0x00, 0x0f, 0x00, 0xff, 0xff, 0xff, 0x00,
	0x00, 0xff, 0xff, 0xff, 0x00, 0x00, 0xff, 0xff, 0xff, 0x00, 0x00, 0x00, 0x00, 0xff, 0xff, 0x00,
	0xf0, 0x00, 0x00, 0xff, 0xff, 0x00, 0x00, 0x0f, 0x00, 0x00, 0x0f, 0x00, 0xff, 0xff, 0xff, 0x00,
	0x00, 0xff, 0xff, 0xff, 0x00, 0x00, 0xff, 0xff, 0xff, 0x00, 0x00, 0x00, 0x00, 0xff, 0xff, 0x00,
	0xf0, 0x00, 0x00, 0xff, 0xff, 0x00, 0x00, 0x0f, 0x00, 0x00, 0x0f, 0x00, 0xff, 0xff, 0xff, 0x00,
	0x00, 0xff, 0xff, 0xff, 0x00, 0x00, 0xff, 0xff, 0xff, 0x00, 0x00, 0x00, 0x00, 0xff, 0xff, 0x00,
	0xf0, 0x00, 0x00, 0xff, 0xff, 0x00, 0x00, 0x0f, 0x00, 0x00, 0x0f, 0x00, 0xff, 0xff, 0xff, 0x00,
	0x00, 0xff, 0xff, 0xff, 0x00, 0x00, 0xff, 0xff, 0xff, 0x00, 0x00, 0x00, 0x00, 0xff, 0xff, 0x00,
	0xf0, 0x00, 0x00, 0xff, 0xff, 0x00, 0x00, 0x0f, 0x00, 0x00, 0x0f, 0x00, 0xff, 0xff, 0xff, 0x00,
	0x00, 0xff, 0xff, 0xff, 0x00, 0x00, 0xff, 0xff, 0xff, 0x00, 0x00, 0x00, 0x00, 0xff, 0xff, 0x00,
	0xf0, 0x00, 0x00, 0xff, 0xff, 0x00, 0x00, 0x0f, 0x00, 0x00, 0x0f, 0x00, 0xff, 0xff, 0xff, 0x00,
	0x00, 0xff, 0xff, 0xff, 0x00, 0x00, 0xff, 0xff, 0xff, 0x00, 0x00, 0x00, 0x00, 0xff, 0xff, 0x00,
	0xf0, 0x00, 0x00, 0xff, 0xff, 0x00, 0x00, 0x0f, 0x00, 0x00, 0x0f, 0x00, 0xff, 0xff, 0xff, 0x00,
	0x00, 0xff, 0xff, 0xff, 0x00, 0x00, 0xff, 0xff, 0xff, 0x00, 0x00, 0x00, 0x00, 0xff, 0xff, 0x00,
	0xf0, 0x00, 0x00, 0xff, 0xff, 0x00, 0x00, 0x0f, 0x00, 0x00, 0x0f, 0x00, 0xff, 0xff, 0xff, 0x00,
	0x00, 0xff, 0xff, 0xff, 0x00, 0x00, 0xff, 0xff, 0xff, 0x00, 0x00, 0x00, 0x00, 0xff, 0xff, 0x00,
	0xf0, 0x00, 0x00, 0xff, 0xff, 0x00, 0x00, 0x0f, 0x00, 0x00, 0x0f, 0x00, 0xff, 0xff, 0xff, 0x00,
	0x00, 0xff, 0xff, 0xff, 0x00, 0x00, 0xff, 0xff, 0xff, 0x00, 0x0f, 0x0f, 0x0f, 0xff, 0xff, 0x00,
	0xf0, 0x0f, 0x00, 0xff, 0xff, 0x00, 0x00, 0x0f, 0x00, 0xf0, 0x0f, 0x00, 0xff, 0xff, 0xff, 0x00,
	0x00, 0xff, 0xff, 0xff, 0x00, 0x00, 0xff, 0xff, 0xff, 0x00, 0x0f, 0x0f, 0x0f, 0xff, 0xff, 0x00,
	0xf0, 0x0f, 0x00, 0xff, 0xff, 0x00, 0x00, 0x0f, 0x00, 0xf0, 0x0f, 0x00, 0xff, 0xff, 0xff, 0x00,
	0x00, 0xff, 0xff, 0xff, 0x00, 0x00, 0xff, 0xff, 0xff, 0x00, 0x0f, 0x0f, 0x0f, 0xff, 0xff, 0x00,
	0xf0, 0x0f, 0x00, 0xff, 0xff, 0x00, 0x00, 0x0f, 0x00, 0xf0, 0x0f, 0x00, 0xff, 0xff, 0xff, 0x00,
	0x00, 0xff, 0xff, 0xff, 0x00, 0x00, 0xff, 0xff, 0xff, 0x00, 0x0f, 0x0f, 0x0f, 0xff, 0xff, 0x00,
	0xf0, 0x0f, 0x00, 0xff, 0xff, 0x00, 0x00, 0x0f, 0x00, 0xf0, 0x0f, 0x00, 0xff, 0xff, 0xff, 0x00,
	0x00, 0xff, 0xff, 0xff, 0x00, 0x00, 0xff, 0xff, 0xff, 0x00, 0x0f, 0x0f, 0x0f, 0xff, 0xff, 0x00,
	0xf0, 0x0f, 0x00, 0xff, 0xff, 0x00, 0x00, 0x0f, 0x00, 0xf0, 0x0f, 0x00, 0xff, 0xff, 0xff, 0x00,
	0x00, 0xff, 0xff, 0xff, 0x00, 0x00, 0xff, 0xff, 0xff, 0x00, 0x0f, 0x0f, 0x0f, 0xff, 0xff, 0x00,
	0xf0, 0x0f, 0x00, 0xff, 0xff, 0x00, 0x00, 0x0f, 0x00, 0xf0, 0x0f, 0x00, 0xff, 0xff, 0xff, 0x00,
	0x00, 0xff, 0xff, 0xff, 0x00, 0x00, 0xff, 0xff, 0xff, 0x00, 0x0f, 0x0f, 0x0f, 0xff, 0xff, 0x00,
	0xf0, 0x0f, 0x00, 0xff, 0xff, 0x00, 0x00, 0x0f, 0x00, 0xf0, 0x0f, 0x00, 0xff, 0xff, 0xff, 0x00,
	0x00, 0xff, 0xff, 0xff, 0x00, 0x00, 0xff, 0xff, 0xff, 0x00, 0x0f, 0x0f, 0x0f, 0xff, 0xff, 0x00,
	0xf0, 0x0f, 0x00, 0xff, 0xff, 0x00, 0x00, 0x0f, 0x00, 0xf0, 0x0f, 0x00, 0xff, 0xff, 0xff, 0x00,
	0x00, 0xff, 0xff, 0xff, 0x00, 0x00, 0xff, 0xff, 0xff, 0x00, 0x0f, 0x0f, 0x0f, 0xff, 0xff, 0x00,
	0xf0, 0x0f, 0x00, 0xff, 0xff, 0x00, 0x00, 0x0f, 0x00, 0xf0, 0x0f, 0x00, 0xff, 0xff, 0xff, 0x00,
	0x00, 0xff, 0xff, 0xff, 0x00, 0x00, 0xff, 0xff, 0xff, 0x00, 0x0f, 0x0f, 0x0f, 0xff, 0xff, 0x00,
	0xf0, 0x0f, 0x00, 0xff, 0xff, 0x00, 0x00, 0x0f, 0x00, 0xf0, 0x0f, 0x00, 0xff, 0xff, 0xff, 0x00,
	0x0f, 0xff, 0xff, 0xff, 0x00, 0xf0, 0xff, 0xff, 0xff, 0x0f, 0x0f, 0x0f, 0x0f, 0xff, 0xff, 0x0f,
	0xf0, 0x0f, 0x00, 0xff, 0xff, 0x00, 0x0f, 0x0f, 0x00, 0xf0, 0x0f, 0x00, 0xff, 0xff, 0xff, 0x00,
	0x0f, 0xff, 0xff, 0xff, 0x00, 0xf0, 0xff, 0xff, 0xff, 0x0f, 0x0f, 0x0f, 0x0f, 0xff, 0xff, 0x0f,
	0xf0, 0x0f, 0x00, 0xff, 0xff, 0x00, 0x0f, 0x0f, 0x00, 0xf0, 0x0f, 0x00, 0xff, 0xff, 0xff, 0x00,
	0x0f, 0xff, 0xff, 0xff, 0x00, 0xf0, 0xff, 0xff, 0xff, 0x0f, 0x0f, 0x0f, 0x0f, 0xff, 0xff, 0x0f,
	0xf0, 0x0f, 0x00, 0xff, 0xff, 0x00, 0x0f, 0x0f, 0x00, 0xf0, 0x0f, 0x00, 0xff, 0xff, 0xff, 0x00,
	0x0f, 0xff, 0xff, 0xff, 0x00, 0xf0, 0xff, 0xff, 0xff, 0x0f, 0x0f, 0x0f, 0x0f, 0xff, 0xff, 0x0f,
	0xf0, 0x0f, 0x00, 0xff, 0xff, 0x00, 0x0f, 0x0f, 0x00, 0xf0, 0x0f, 0x00, 0xff, 0xff, 0xff, 0x00,
	0x0f, 0xff, 0xff, 0xff, 0x00, 0xf0, 0xff, 0xff, 0xff, 0x0f, 0x0f, 0x0f, 0x0f, 0xff, 0xff, 0x0f,
	0xf0, 0x0f, 0x00, 0xff, 0xff, 0x00, 0x0f, 0x0f, 0x00, 0xf0, 0x0f, 0x00, 0xff, 0xff, 0xff, 0x00,
	0x0f, 0xff, 0xff, 0xff, 0x00, 0xf0, 0xff, 0xff, 0xff, 0x0f, 0x0f, 0x0f, 0x0f, 0xff, 0xff, 0x0f,
	0xf0, 0x0f, 0x00, 0xff, 0xff, 0x00, 0x0f, 0x0f, 0x00, 0xf0, 0x0f, 0x00, 0xff, 0xff, 0xff, 0x00,
	0x0f, 0xff, 0xff, 0xff, 0x00, 0xf0, 0xff, 0xff, 0xff, 0x0f, 0x0f, 0x0f, 0x0f, 0xff, 0xff, 0x0f,
	0xf0, 0x0f, 0x00, 0xff, 0xff, 0x00, 0x0f, 0x0f, 0x00, 0xf0, 0x0f, 0x00, 0xff, 0xff, 0xff, 0x00,
	0x0f, 0xff, 0xff, 0xff, 0x00, 0xf0, 0xff, 0xff, 0xff, 0x0f, 0x0f, 0x0f, 0x0f, 0xff, 0xff, 0x0f,
	0xf0, 0x0f, 0x00, 0xff, 0xff, 0x00, 0x0f, 0x0f, 0x00, 0xf0, 0x0f, 0x00, 0xff, 0xff, 0xff, 0x00,
	0x0f, 0xff, 0xff, 0xff, 0x00, 0xf0, 0xff, 0xff, 0xff, 0x0f, 0x0f, 0x0f, 0x0f, 0xff, 0xff, 0x0f,
	0xf0, 0x0f, 0x00, 0xff, 0xff, 0x00, 0x0f, 0x0f, 0x00, 0xf0, 0x0f, 0x00, 0xff, 0xff, 0xff, 0x00,
	0x0f, 0xff, 0xff, 0xff, 0x00, 0xf0, 0xff, 0xff, 0xff, 0x0f, 0x0f, 0x0f, 0x0f, 0xff, 0xff, 0x0f,
	0xf0, 0x0f, 0x00, 0xff, 0xff, 0x00, 0x0f, 0x0f, 0x00, 0xf0, 0x0f, 0x00, 0xff, 0xff, 0xff, 0x00,
	0xff, 0xff, 0xff, 0xff, 0x0f, 0xf0, 0xff, 0xff, 0xff, 0x0f, 0x0f, 0x0f, 0x0f, 0xff, 0xff, 0x0f,
	0xf0, 0x0f, 0xf0, 0xff, 0xff, 0xff, 0x0f, 0x0f, 0x0f, 0xf0, 0x0f, 0x0f, 0xff, 0xff, 0xff, 0x0f,
	0xff, 0xff, 0xff, 0xff, 0x0f, 0xf0, 0xff, 0xff, 0xff, 0x0f, 0x0f, 0x0f, 0x0f, 0xff, 0xff, 0x0f,
	0xf0, 0x0f, 0xf0, 0xff, 0xff, 0xff, 0x0f, 0x0f, 0x0f, 0xf0, 0x0f, 0x0f, 0xff, 0xff, 0xff, 0x0f,
	0xff, 0xff, 0xff, 0xff, 0x0f, 0xf0, 0xff, 0xff, 0xff, 0x0f, 0x0f, 0x0f, 0x0f, 0xff, 0xff, 0x0f,
	0xf0, 0x0f, 0xf0, 0xff, 0xff, 0xff, 0x0f, 0x0f, 0x0f, 0xf0, 0x0f, 0x0f, 0xff, 0xff, 0xff, 0x0f,
	0xff, 0xff, 0xff, 0xff, 0x0f, 0xf0, 0xff, 0xff, 0xff, 0x0f, 0x0f, 0x0f, 0x0f, 0xff, 0xff, 0x0f,
	0xf0, 0x0f, 0xf0, 0xff, 0xff, 0xff, 0x0f, 0x0f, 0x0f, 0xf0, 0x0f, 0x0f, 0xff, 0xff, 0xff, 0x0f,
	0xff, 0xff, 0xff, 0xff, 0x0f, 0xf0, 0xff, 0xff, 0xff, 0x0f, 0x0f, 0x0f, 0x0f, 0xff, 0xff, 0x0f,
	0xf0, 0x0f, 0xf0, 0xff, 0xff, 0xff, 0x0f, 0x0f, 0x0f, 0xf0, 0x0f, 0x0f, 0xff, 0xff, 0xff, 0x0f,
	0xff, 0xff, 0xff, 0xff, 0x0f, 0xf0, 0xff, 0xff, 0xff, 0x0f, 0x0f, 0x0f, 0x0f, 0xff, 0xff, 0x0f,
	0xf0, 0x0f, 0xf0, 0xff, 0xff, 0xff, 0x0f, 0x0f, 0x0f, 0xf0, 0x0f, 0x0f, 0xff, 0xff, 0xff, 0x0f,
	0xff, 0xff, 0xff, 0xff, 0x0f, 0xf0, 0xff, 0xff, 0xff, 0x0f, 0x0f, 0x0f, 0x0f, 0xff, 0xff, 0x0f,
	0xf0, 0x0f, 0xf0, 0xff, 0xff, 0xff, 0x0f, 0x0f, 0x0f, 0xf0, 0x0f, 0x0f, 0xff, 0xff, 0xff, 0x0f,
	0xff, 0xff, 0xff, 0xff, 0x0f, 0xf0, 0xff, 0xff, 0xff, 0x0f, 0x0f, 0x0f, 0x0f, 0xff, 0xff, 0x0f,
	0xf0, 0x0f, 0xf0, 0xff, 0xff, 0xff, 0x0f, 0x0f, 0x0f, 0xf0, 0x0f, 0x0f, 0xff, 0xff, 0xff, 0x0f,
	0xff, 0xff, 0xff, 0xff, 0x0f, 0xf0, 0xff, 0xff, 0xff, 0x0f, 0x0f, 0x0f, 0x0f, 0xff, 0xff, 0x0f,
	0xf0, 0x0f, 0xf0, 0xff, 0xff, 0xff, 0x0f, 0x0f, 0x0f, 0xf0, 0x0f, 0x0f, 0xff, 0xff, 0xff, 0x0f,
	0xff, 0xff, 0xff, 0xff, 0x0f, 0xf0, 0xff, 0xff, 0xff, 0x0f, 0x0f, 0x0f, 0x0f, 0xff, 0xff, 0x0f,
	0xf0, 0x0f, 0xf0, 0xff, 0xff, 0xff, 0x0f, 0x0f, 0x0f, 0xf0, 0x0f, 0x0f, 0xff, 0xff, 0xff, 0x0f,
	0xff, 0xff, 0xff, 0xff, 0xff, 0xff, 0xff, 0xff, 0xff, 0xff, 0xff, 0xff, 0xff, 0xff, 0xff, 0xff,
	0xff, 0xff, 0xff, 0xff, 0xff, 0xff, 0xff, 0xff, 0xff, 0xff, 0xff, 0xff, 0xff, 0xff, 0xff, 0xff,
	0xff, 0xff, 0xff, 0xff, 0xff, 0xff, 0xff, 0xff, 0xff, 0xff, 0xff, 0xff, 0xff, 0xff, 0xff, 0xff,
	0xff, 0xff, 0xff, 0xff, 0xff, 0xff, 0xff, 0xff, 0xff, 0xff, 0xff, 0xff, 0xff, 0xff, 0xff, 0xff,
	0xff, 0xff, 0xff, 0xff, 0xff, 0xff, 0xff, 0xff, 0xff, 0xff, 0xff, 0xff, 0xff, 0xff, 0xff, 0xff,
	0xff, 0xff, 0xff, 0xff, 0xff, 0xff, 0xff, 0xff, 0xff, 0xff, 0xff, 0xff, 0xff, 0xff, 0xff, 0xff,
	0xff, 0xff, 0xff, 0xff, 0xff, 0xff, 0xff, 0xff, 0xff, 0xff, 0xff, 0xff, 0xff, 0xff, 0xff, 0xff,
	0xff, 0xff, 0xff, 0xff, 0xff, 0xff, 0xff, 0xff, 0xff, 0xff, 0xff, 0xff, 0xff, 0xff, 0xff, 0xff,
	0xff, 0xff, 0xff, 0xff, 0xff, 0xff, 0xff, 0xff, 0xff, 0xff, 0xff, 0xff, 0xff, 0xff, 0xff, 0xff,
	0xff, 0xff, 0xff, 0xff, 0xff, 0xff, 0xff, 0xff, 0xff, 0xff, 0xff, 0xff, 0xff, 0xff, 0xff, 0xff,
	0xff, 0xff, 0xff, 0xff, 0xff, 0xff, 0xff, 0xff, 0xff, 0xff, 0xff, 0xff, 0xff, 0xff, 0xff, 0xff,
	0xff, 0xff, 0xff, 0xff, 0xff, 0xff, 0xff, 0xff, 0xff, 0xff, 0xff, 0xff, 0xff, 0xff, 0xff, 0xff,
	0xff, 0xff, 0xff, 0xff, 0xff, 0xff, 0xff, 0xff, 0xff, 0xff, 0xff, 0xff, 0xff, 0xff, 0xff, 0xff,
	0xff, 0xff, 0xff, 0xff, 0xff, 0xff, 0xff, 0xff, 0xff, 0xff, 0xff, 0xff, 0xff, 0xff, 0xff, 0xff,
	0xff, 0xff, 0xff, 0xff, 0xff, 0xff, 0xff, 0xff, 0xff, 0xff, 0xff, 0xff, 0xff, 0xff, 0xff, 0xff,
	0xff, 0xff, 0xff, 0xff, 0xff, 0xff, 0xff, 0xff, 0xff, 0xff, 0xff, 0xff, 0xff, 0xff, 0xff, 0xff,
	0xff, 0xff, 0xff, 0xff, 0xff, 0xff, 0xff, 0xff, 0xff, 0xff, 0xff, 0xff, 0xff, 0xff, 0xff, 0xff,
	0xff, 0xff, 0xff, 0xff, 0xff, 0xff, 0xff, 0xff, 0xff, 0xff, 0xff, 0xff, 0xff, 0xff, 0xff, 0xff,
	0xff, 0xff, 0xff, 0xff, 0xff, 0xff, 0xff, 0xff, 0xff, 0xff, 0xff, 0xff, 0xff, 0xff, 0xff, 0xff,
	0xff, 0xff, 0xff, 0xff, 0xff, 0xff, 0xff, 0xff, 0xff, 0xff, 0xff, 0xff, 0xff, 0xff, 0xff, 0xff,
	0x00, 0x00, 0x00, 0x00, 0x00, 0x00, 0x00, 0x00, 0x00, 0x00, 0x00, 0x00, 0x00, 0x00, 0x00, 0x00,
	0x00, 0x00, 0x00, 0x00, 0x00, 0x00, 0x00, 0x00, 0x00, 0x00, 0x00, 0x00, 0x00, 0x00, 0x00, 0x00,
	0x00, 0x00, 0x00, 0x00, 0x00, 0x00, 0x00, 0x00, 0x00, 0x00, 0x00, 0x00, 0x00, 0x00, 0x00, 0x00,
	0x00, 0x00, 0x00, 0x00, 0x00, 0x00, 0x00, 0x00, 0x00, 0x00, 0x00, 0x00, 0x00, 0x00, 0x00, 0x00,
	0x00, 0x00, 0x00, 0x00, 0x00, 0x00, 0x00, 0x00, 0x00, 0x00, 0x00, 0x00, 0x00, 0x00, 0x00, 0x00,
	0x00, 0x00, 0x00, 0x00, 0x00, 0x00, 0x00, 0x00, 0x00, 0x00, 0x00, 0x00, 0x00, 0x00, 0x00, 0x00,
	0x00, 0x00, 0x00, 0x00, 0x00, 0x00, 0x00, 0x00, 0x00, 0x00, 0x00, 0x00, 0x00, 0x00, 0x00, 0x00,
	0x00, 0x00, 0x00, 0x00, 0x00, 0x00, 0x00, 0x00, 0x00, 0x00, 0x00, 0x00, 0x00, 0x00, 0x00, 0x00,
	0x00, 0x00, 0x00, 0x00, 0x00, 0x00, 0x00, 0x00, 0x00, 0x00, 0x00, 0x00, 0x00, 0x00, 0x00, 0x00,
	0x00, 0x00, 0x00, 0x00, 0x00, 0x00, 0x00, 0x00, 0x00, 0x00, 0x00, 0x00, 0x00, 0x00, 0x00, 0x00,
	0x00, 0x00, 0x00, 0x00, 0x00, 0x00, 0x00, 0x00, 0x00, 0x00, 0x00, 0x00, 0x00, 0x00, 0x00, 0x00,
	0x00, 0x00, 0x00, 0x00, 0x00, 0x00, 0x00, 0x00, 0x00, 0x00, 0x00, 0x00, 0x00, 0x00, 0x00, 0x00,
	0x00, 0x00, 0x00, 0x00, 0x00, 0x00, 0x00, 0x00, 0x00, 0x00, 0x00, 0x00, 0x00, 0x00, 0x00, 0x00,
	0x00, 0x00, 0x00, 0x00, 0x00, 0x00, 0x00, 0x00, 0x00, 0x00, 0x00, 0x00, 0x00, 0x00, 0x00, 0x00,
	0x00, 0x00, 0x00, 0x00, 0x00, 0x00, 0x00, 0x00, 0x00, 0x00, 0x00, 0x00, 0x00, 0x00, 0x00, 0x00,
	0x00, 0x00, 0x00, 0x00, 0x00, 0x00, 0x00, 0x00, 0x00, 0x00, 0x00, 0x00, 0x00, 0x00, 0x00, 0x00,
	0x00, 0x00, 0x00, 0x00, 0x00, 0x00, 0x00, 0x00, 0x00, 0x00, 0x00, 0x00, 0x00, 0x00, 0x00, 0x00,
	0x00, 0x00, 0x00, 0x00, 0x00, 0x00, 0x00, 0x00, 0x00, 0x00, 0x00, 0x00, 0x00, 0x00, 0x00, 0x00,
	0x00, 0x00, 0x00, 0x00, 0x00, 0x00, 0x00, 0x00, 0x00, 0x00, 0x00, 0x00, 0x00, 0x00, 0x00, 0x00,
	0x00, 0x00, 0x00, 0x00, 0x00, 0x00, 0x00, 0x00, 0x00, 0x00, 0x00, 0x00, 0x00, 0x00, 0x00, 0x00,
	0x00, 0x00, 0x00, 0x0f, 0x00, 0x00, 0x00, 0x00, 0x00, 0x00, 0x00, 0x00, 0x00, 0x00, 0x00, 0x00,
	0x00, 0x00, 0x00, 0x0f, 0xff, 0x00, 0x00, 0x0f, 0x0f, 0x00, 0x00, 0x00, 0xf0, 0x00, 0x00, 0x00,
	0x00, 0x00, 0x00, 0x00, 0x00, 0x00, 0x00, 0x00, 0x00, 0x00, 0xff, 0xf0, 0x00, 0x00, 0x00, 0xff,
	0x00, 0x00, 0x00, 0xff, 0x00, 0x00, 0x00, 0x00, 0x00, 0x00, 0xff, 0xf0, 0x00, 0x00, 0xf0, 0x00,
	0xf0, 0x00, 0xff, 0x00, 0x00, 0x0f, 0x00, 0x00, 0x00, 0x00, 0x00, 0xf0, 0x0f, 0x0f, 0xf0, 0x00,
	0x00, 0x00, 0x00, 0x00, 0x00, 0x00, 0x00, 0x00, 0x00, 0x0f, 0x00, 0x00, 0x00, 0x00, 0x00, 0x00,
	0x00, 0x0f, 0x00, 0x00, 0xf0, 0x00, 0x00, 0x0f, 0x00, 0xf0, 0x00, 0x00, 0xff, 0x00, 0x00, 0x00,
	0x00, 0x00, 0x00, 0x00, 0x00, 0x00, 0x00, 0x0f, 0x00, 0x00, 0x00, 0x00, 0x00, 0x00, 0x00, 0x00,
	0x00, 0x00, 0x00, 0x00, 0x00, 0x00, 0x00, 0x00, 0x00, 0x00, 0x00, 0x00, 0x00, 0xf0, 0x00, 0x00,
	0x0f, 0x00, 0x00, 0x00, 0x00, 0x00, 0x00, 0x00, 0x00, 0xf0, 0xff, 0x00, 0x00, 0x00, 0x00, 0x00,
	0x00, 0x0f, 0x00, 0x00, 0xff, 0xf0, 0x00, 0x00, 0x00, 0x00, 0xff, 0x00, 0x00, 0x0f, 0x00, 0x00,
	0xff, 0x00, 0x0f, 0xff, 0x00, 0x0f, 0x00, 0x00, 0x00, 0x00, 0x00, 0x00, 0x00, 0xff, 0x00, 0x00,
	0x00, 0x00, 0x00, 0x00, 0x00, 0x00, 0x00, 0x00, 0x00, 0x00, 0x00, 0x00, 0x00, 0xff, 0x00, 0x00,
	0x00, 0x00, 0xff, 0x00, 0x00, 0x00, 0x00, 0x00, 0x00, 0x00, 0x00, 0xff, 0xf0, 0x00, 0xf0, 0x00,
	0x00, 0x00, 0x0f, 0x00, 0x00, 0x00, 0xff, 0x00, 0x0f, 0x00, 0x0f, 0x0f, 0x00, 0x00, 0x00, 0x00,
	0x00, 0x00, 0x00, 0x00, 0x00, 0x00, 0x00, 0xff, 0x00, 0x00, 0x00, 0x00, 0x00, 0x00, 0x00, 0xf0,
	0x00, 0x00, 0x00, 0x00, 0x00, 0x00, 0x00, 0x00, 0x00, 0x00, 0x00, 0x00, 0x00, 0x00, 0x00, 0x00,
	0x00, 0x00, 0x00, 0x00, 0xf0, 0x00, 0x00, 0x00, 0x00, 0x00, 0x00, 0x00, 0x00, 0x00, 0x0f, 0x00,
	0x00, 0x00, 0x00, 0x00, 0xf0, 0x00, 0x0f, 0xff, 0xff, 0x0f, 0x00, 0x00, 0xf0, 0x0f, 0x00, 0x00,
	0x00, 0x00, 0xf0, 0x00, 0x00, 0x00, 0x00, 0x00, 0x00, 0xff, 0x00, 0x00, 0x00, 0x00, 0x00, 0x00,
	0xff, 0x0f, 0x00, 0x00, 0x00, 0x00, 0x00, 0xf0, 0x00, 0xf0, 0xff, 0xf0, 0x00, 0x00, 0x00, 0x00,
	0x0f, 0xf0, 0xf0, 0x00, 0xf0, 0x00, 0x0f, 0x00, 0xff, 0x00, 0x00, 0x00, 0x00, 0xf0, 0x00, 0x0f,
	0x00, 0x00, 0x00, 0xff, 0x00, 0x00, 0xf0, 0x00, 0x00, 0x00, 0xf0, 0x00, 0x00, 0x00, 0xff, 0xf0,
	0xf0, 0xf0, 0xff, 0x00, 0x0f, 0xff, 0x00, 0x00, 0x00, 0x00, 0x00, 0x00, 0x00, 0x00, 0x00, 0x00,
	0x00, 0xf0, 0x00, 0xff, 0x00, 0x00, 0x00, 0xf0, 0xf0, 0x00, 0x00, 0x0f, 0x00, 0x00, 0x00, 0x0f,
	0xf0, 0x00, 0xf0, 0x00, 0x0f, 0x00, 0x0f, 0x00, 0x00, 0x0f, 0x00, 0x0f, 0x00, 0x00, 0xf0, 0x0f,
	0x00, 0x00, 0x00, 0x00, 0x00, 0xff, 0x00, 0x00, 0x0f, 0x00, 0x00, 0x00, 0xf0, 0x00, 0x00, 0x00,
	0x00, 0xff, 0x00, 0x00, 0x00, 0xf0, 0x00, 0x00, 0x00, 0x00, 0xf0, 0x00, 0xf0, 0x00, 0x00, 0x00,
	0x00, 0xff, 0x00, 0x00, 0x00, 0x00, 0x00, 0x00, 0x0f, 0x0f, 0x00, 0x00, 0x00, 0x00, 0x00, 0x00,
	0x00, 0xff, 0x0f, 0xff, 0x00, 0x00, 0x00, 0x0f, 0x00, 0x00, 0x00, 0x00, 0x00, 0x00, 0x00, 0x00,
	0xff, 0x00, 0x00, 0xff, 0xf0, 0xf0, 0x00, 0x00, 0x0f, 0xf0, 0x00, 0x00, 0x00, 0x00, 0x0f, 0x00,
	0xff, 0x00, 0x0f, 0xff, 0x00, 0xff, 0x00, 0xff, 0x00, 0x00, 0x00, 0x00, 0x0f, 0x0f, 0x00, 0x00,
	0x0f, 0xff, 0x0f, 0x00, 0xff, 0x00, 0x00, 0xf0, 0x00, 0x00, 0x00, 0x00, 0x00, 0x00, 0xff, 0x00,
	0x00, 0x00, 0x00, 0x0f, 0x00, 0x0f, 0x00, 0x00, 0x00, 0x00, 0x00, 0x0f, 0xf0, 0xff, 0x00, 0x0f,
	0x00, 0x00, 0x0f, 0x00, 0xf0, 0x00, 0xff, 0xff, 0x00, 0xff, 0xff, 0x00, 0x00, 0xf0, 0x00, 0x00,
	0xff, 0x00, 0x00, 0xf0, 0x0f, 0x00, 0xf0, 0x0f, 0x00, 0x00, 0xf0, 0xff, 0xff, 0x00, 0x00, 0x00,
	0x00, 0x0f, 0x00, 0x0f, 0x0f, 0xf0, 0x00, 0x00, 0x00, 0xf0, 0x00, 0xf0, 0x0f, 0x00, 0x00, 0x00,
	0x00, 0x00, 0x00, 0x00, 0x0f, 0x0f, 0x00, 0x00, 0x00, 0x00, 0x00, 0xff, 0x0f, 0xff, 0x00, 0x00,
	0xf0, 0x00, 0x00, 0x00, 0x00, 0x00, 0x00, 0x00, 0x00, 0x00, 0x00, 0x0f, 0xf0, 0x0f, 0xff, 0xff,
	0x00, 0x00, 0x00, 0x00, 0x00, 0x00, 0x00, 0x00, 0x00, 0x00, 0x00, 0x00, 0xf0, 0x00, 0x00, 0x00,
	0x0f, 0x0f, 0x0f, 0xff, 0x00, 0xff, 0x00, 0xf0, 0x00, 0xf0, 0x0f, 0xff, 0xf0, 0x00, 0x00, 0x00,
	0xff, 0xff, 0x0f, 0x00, 0xf0, 0x0f, 0xff, 0xff, 0x00, 0x00, 0x00, 0x0f, 0xff, 0x0f, 0xf0, 0x00,
	0xf0, 0xff, 0x0f, 0x00, 0x00, 0xf0, 0x0f, 0x00, 0x00, 0xf0, 0x0f, 0x00, 0x00, 0x00, 0x00, 0x00,
	0xff, 0xff, 0xff, 0x00, 0x00, 0x0f, 0x00, 0x00, 0xff, 0xf0, 0x00, 0xf0, 0xf0, 0xff, 0xff, 0x0f,
	0xf0, 0x00, 0xf0, 0x00, 0xff, 0xff, 0x00, 0x00, 0x00, 0x0f, 0xf0, 0x00, 0xf0, 0x00, 0xf0, 0x00,
	0xff, 0xf0, 0xf0, 0xf0, 0x00, 0xf0, 0xff, 0x00, 0x0f, 0xf0, 0x00, 0xff, 0x00, 0xff, 0x00, 0xff,
	0x00, 0x00, 0x00, 0xf0, 0x00, 0x00, 0xff, 0x00, 0x00, 0x0f, 0x00, 0x0f, 0xff, 0x0f, 0xf0, 0xff,
	0x00, 0x00, 0x00, 0x0f, 0x00, 0xff, 0x0f, 0xf0, 0xff, 0xff, 0x00, 0xff, 0x00, 0xf0, 0xf0, 0x00,
	0x00, 0x00, 0x0f, 0xff, 0xff, 0x0f, 0x00, 0x00, 0x00, 0x00, 0xf0, 0xff, 0xf0, 0xff, 0x00, 0x00,
	0xff, 0x0f, 0x00, 0x00, 0x00, 0x0f, 0x00, 0x00, 0xff, 0x00, 0x00, 0x00, 0xff, 0x0f, 0x00, 0x0f,
	0xff, 0x0f, 0x00, 0x00, 0xff, 0x00, 0x00, 0x0f, 0xf0, 0xf0, 0xf0, 0xf0, 0x00, 0xf0, 0x00, 0x00,
	0xff, 0xf0, 0x00, 0xf0, 0x00, 0xf0, 0x00, 0xff, 0x00, 0x00, 0x00, 0x0f, 0x0f, 0x0f, 0xff, 0x00,
	0xff, 0x00, 0x0f, 0xf0, 0x00, 0x00, 0x00, 0xff, 0x00, 0xff, 0xf0, 0x0f, 0x00, 0x00, 0xf0, 0x00,
	0xf0, 0x00, 0x00, 0x00, 0xff, 0xff, 0xf0, 0xf0, 0x00, 0x00, 0x00, 0xff, 0x00, 0x0f, 0xff, 0x00,
	0x00, 0x0f, 0xf0, 0x00, 0x00, 0x0f, 0x00, 0x00, 0x00, 0xff, 0x00, 0x00, 0xf0, 0x00, 0x00, 0xf0,
	0x00, 0x0f, 0x00, 0xf0, 0xff, 0x00, 0x0f, 0x00, 0x00, 0xf0, 0x0f, 0x00, 0xf0, 0x00, 0xf0, 0x00,
	0x00, 0xff, 0x00, 0xf0, 0x00, 0xff, 0xf0, 0x00, 0x00, 0x00, 0x00, 0x0f, 0x00, 0xf0, 0xf0, 0x0f,
	0x0f, 0xf0, 0x00, 0xff, 0x00, 0xf0, 0x00, 0x0f, 0x0f, 0x0f, 0x00, 0x00, 0x00, 0x00, 0x00, 0x00,
	0xf0, 0x00, 0x00, 0x00, 0x00, 0x0f, 0x00, 0x00, 0x00, 0x00, 0x00, 0x00, 0x00, 0x00, 0x00, 0x00,
	0x0f, 0x00, 0xff, 0x00, 0x00, 0x00, 0x00, 0x00, 0xff, 0x00, 0x00, 0x0f, 0x0f, 0x00, 0x00, 0x00,
	0xff, 0x00, 0x00, 0x0f, 0x00, 0xf0, 0x0f, 0x00, 0x00, 0xf0, 0x00, 0x00, 0xf0, 0x0f, 0xf0, 0x00,
	0x00, 0x00, 0x00, 0x00, 0x00, 0x0f, 0xff, 0x00, 0xff, 0x00, 0x0f, 0x0f, 0x00, 0x00, 0x0f, 0x00,
	0xff, 0x0f, 0xff, 0x0f, 0xff, 0x00, 0x0f, 0x00, 0x0f, 0xff, 0x0f, 0x00, 0xff, 0x0f, 0xff, 0x0f,
	0xf0, 0xff, 0x00, 0xf0, 0xf0, 0xff, 0x0f, 0x0f, 0x00, 0x00, 0x0f, 0xf0, 0xff, 0xf0, 0x0f, 0xf0,
	0x00, 0x00, 0xff, 0x00, 0x00, 0xf0, 0xf0, 0x00, 0x00, 0x00, 0x00, 0xf0, 0x00, 0x00, 0x0f, 0xf0,
	0x0f, 0x00, 0xff, 0x00, 0x00, 0xf0, 0x0f, 0x0f, 0xff, 0xff, 0xff, 0xff, 0x0f, 0x00, 0x0f, 0x00,
	0x00, 0x00, 0xff, 0x00, 0xff, 0xf0, 0x00, 0x00, 0x00, 0x00, 0xf0, 0x0f, 0xff, 0xff, 0xff, 0xf0,
	0x0f, 0x00, 0xff, 0x00, 0x00, 0x00, 0x00, 0x00, 0x00, 0xff, 0xf0, 0x0f, 0x00, 0x0f, 0xff, 0xf0,
	0x00, 0x00, 0x00, 0xff, 0x00, 0x00, 0xff, 0xff, 0xff, 0x0f, 0x0f, 0xf0, 0x00, 0xff, 0xf0, 0x00,
	0xf0, 0x00, 0x00, 0xf0, 0x00, 0x00, 0xf0, 0x00, 0x00, 0x00, 0xf0, 0xf0, 0x00, 0x00, 0xff, 0xf0,
	0x00, 0x0f, 0x00, 0x0f, 0xff, 0x0f, 0x00, 0xf0, 0xff, 0xf0, 0x00, 0x00, 0x00, 0xf0, 0x0f, 0x0f,
	0xff, 0xf0, 0x00, 0x00, 0x00, 0xff, 0x0f, 0x00, 0xff, 0xff, 0x00, 0x00, 0x0f, 0x00, 0x00, 0xf0,
	0xff, 0x00, 0xff, 0x00, 0xff, 0x0f, 0x00, 0x00, 0x0f, 0xff, 0xf0, 0x0f, 0x00, 0x00, 0xf0, 0x00,
	0xf0, 0xff, 0xf0, 0x0f, 0xff, 0x00, 0x0f, 0xff, 0xf0, 0x00, 0x00, 0x0f, 0x0f, 0xff, 0xf0, 0xff,
	0x00, 0x0f, 0xff, 0xff, 0xf0, 0x0f, 0x00, 0x0f, 0x00, 0x00, 0x00, 0x00, 0xff, 0xf0, 0x0f, 0xff,
	0xff, 0xff, 0xff, 0x00, 0xff, 0x0f, 0xf0, 0xff, 0x00, 0xf0, 0x0f, 0xf0, 0xf0, 0xff, 0x0f, 0x00,
	0xff, 0xf0, 0xf0, 0x0f, 0xf0, 0x00, 0xff, 0x00, 0x00, 0x00, 0x0f, 0x0f, 0x00, 0xff, 0x00, 0xf0,
	0x00, 0x00, 0xf0, 0xf0, 0xff, 0xff, 0xff, 0xff, 0x00, 0x00, 0x00, 0x0f, 0x00, 0xff, 0x00, 0xf0,
	0x00, 0x00, 0xf0, 0x0f, 0x00, 0xff, 0xff, 0x0f, 0xf0, 0x00, 0xff, 0xff, 0x00, 0xff, 0xff, 0xf0,
	0xf0, 0x00, 0x00, 0x00, 0xf0, 0xf0, 0x00, 0xf0, 0x00, 0xff, 0x00, 0x0f, 0xff, 0xff, 0x00, 0xff,
	0x00, 0x0f, 0xf0, 0x00, 0xff, 0x0f, 0x0f, 0xff, 0xff, 0xff, 0x00, 0xff, 0xff, 0x00, 0x0f, 0x0f,
	0x0f, 0xf0, 0x0f, 0xff, 0x0f, 0xff, 0x0f, 0xf0, 0xf0, 0x00, 0x0f, 0x00, 0x00, 0xf0, 0xff, 0xff,
	0x00, 0x0f, 0xf0, 0xff, 0xff, 0xf0, 0xf0, 0xf0, 0x0f, 0x0f, 0xff, 0xff, 0xff, 0x0f, 0xff, 0x0f,
	0xf0, 0xf0, 0x0f, 0xff, 0xf0, 0xf0, 0xf0, 0xf0, 0x0f, 0xf0, 0xff, 0x0f, 0xf0, 0x00, 0x0f, 0xff,
	0x00, 0xf0, 0x00, 0xf0, 0x0f, 0xff, 0x00, 0xf0, 0xff, 0x0f, 0xf0, 0x00, 0xff, 0x0f, 0xff, 0xff,
	0x0f, 0x00, 0x00, 0xf0, 0x0f, 0x00, 0xff, 0x0f, 0xf0, 0xf0, 0xff, 0xff, 0x00, 0xff, 0xf0, 0xf0,
	0x00, 0xf0, 0xff, 0xff, 0x0f, 0x0f, 0x00, 0x0f, 0xff, 0x0f, 0xff, 0xff, 0xff, 0xff, 0x00, 0xf0,
	0xf0, 0xf0, 0x00, 0x00, 0xf0, 0xff, 0xff, 0xff, 0xff, 0x0f, 0x0f, 0xff, 0x0f, 0x0f, 0xff, 0x00,
	0x00, 0xf0, 0x0f, 0x0f, 0x00, 0xf0, 0xf0, 0x0f, 0x00, 0x00, 0xff, 0xf0, 0xf0, 0x0f, 0x00, 0x00,
	0xff, 0xff, 0xf0, 0xf0, 0x00, 0xf0, 0x0f, 0xff, 0xf0, 0xff, 0x0f, 0xf0, 0x00, 0x0f, 0xff, 0xf0,
	0xff, 0x0f, 0xf0, 0xf0, 0xf0, 0xff, 0xf0, 0x0f, 0x00, 0x0f, 0xff, 0xf0, 0xf0, 0x0f, 0xff, 0xff,
	0x0f, 0x0f, 0x00, 0x00, 0x00, 0x0f, 0x0f, 0xff, 0x0f, 0x00, 0xff, 0x0f, 0xf0, 0xf0, 0xff, 0xf0,
	0x00, 0x00, 0xf0, 0xf0, 0xff, 0x0f, 0x00, 0xff, 0x00, 0xf0, 0x00, 0xf0, 0x00, 0x00, 0xff, 0x00,
	0x0f, 0x0f, 0x0f, 0x00, 0x0f, 0xf0, 0x00, 0x00, 0x00, 0xff, 0xff, 0xf0, 0x00, 0xff, 0x00, 0xf0,
	0x00, 0xff, 0xff, 0x0f, 0xff, 0x00, 0x00, 0x0f, 0xff, 0x0f, 0xff, 0xff, 0xf0, 0xf0, 0xff, 0xff,
	0x0f, 0xff, 0xff, 0xf0, 0xf0, 0x0f, 0xff, 0xff, 0xf0, 0xf0, 0x0f, 0x0f, 0xf0, 0xff, 0xff, 0x00,
	0xff, 0xf0, 0x00, 0xff, 0xff, 0xf0, 0xf0, 0x0f, 0x0f, 0xf0, 0xf0, 0xf0, 0xf0, 0xf0, 0xff, 0xff,
	0xf0, 0x0f, 0x0f, 0xf0, 0xf0, 0xff, 0x0f, 0x00, 0x00, 0x0f, 0xff, 0xf0, 0x0f, 0xff, 0xf0, 0x0f,
	0x0f, 0x00, 0xff, 0x00, 0x0f, 0x0f, 0xf0, 0x0f, 0x00, 0xff, 0x0f, 0xff, 0xff, 0xff, 0xff, 0x0f,
	0xf0, 0xff, 0x00, 0xff, 0xff, 0x00, 0x0f, 0xff, 0xff, 0xff, 0xf0, 0x00, 0x0f, 0xff, 0xf0, 0x00,
	0xf0, 0xff, 0xff, 0xff, 0xf0, 0xf0, 0x0f, 0xff, 0xf0, 0xf0, 0xff, 0x0f, 0xf0, 0x0f, 0xff, 0xf0,
	0xf0, 0xff, 0xff, 0x0f, 0x0f, 0xff, 0xff, 0xff, 0x0f, 0xf0, 0xff, 0xff, 0x0f, 0xff, 0x0f, 0x00,
	0x00, 0xf0, 0x0f, 0xf0, 0xf0, 0xf0, 0xff, 0xf0, 0x0f, 0x00, 0xff, 0xf0, 0x00, 0xf0, 0xf0, 0xf0,
	0xff, 0xff, 0x00, 0x0f, 0x0f, 0x0f, 0x0f, 0x0f, 0x0f, 0xff, 0xf0, 0xf0, 0x0f, 0x00, 0x00, 0xf0,
	0xff, 0xf0, 0x00, 0x0f, 0x0f, 0xff, 0xff, 0xf0, 0xff, 0xff, 0xff, 0xf0, 0xff, 0x0f, 0xff, 0x00,
	0xff, 0xf0, 0xff, 0xff, 0xff, 0x0f, 0x0f, 0xf0, 0x0f, 0xff, 0x0f, 0xff, 0xff, 0xf0, 0xff, 0xf0,
	0xf0, 0xff, 0xf0, 0x0f, 0xf0, 0x00, 0xf0, 0x00, 0xf0, 0xff, 0xff, 0x0f, 0xf0, 0xff, 0xff, 0xff,
	0xff, 0xff, 0xff, 0xf0, 0xff, 0x00, 0xf0, 0x0f, 0x0f, 0xf0, 0xff, 0xf0, 0xff, 0xff, 0xf0, 0xf0,
	0x0f, 0x0f, 0xf0, 0x0f, 0xff, 0xf0, 0xf0, 0xf0, 0x0f, 0xf0, 0x00, 0x00, 0xf0, 0xff, 0xf0, 0xf0,
	0xf0, 0x0f, 0x0f, 0x0f, 0xff, 0xff, 0xf0, 0xf0, 0xff, 0xff, 0xff, 0xff, 0xf0, 0x0f, 0xff, 0x0f,
	0x0f, 0x00, 0x0f, 0x0f, 0xf0, 0xff, 0xf0, 0xf0, 0xf0, 0x0f, 0x0f, 0x0f, 0x0f, 0xf0, 0xf0, 0xf0,
	0x00, 0xf0, 0x0f, 0xf0, 0xf0, 0x0f, 0xff, 0xf0, 0xff, 0xf0, 0xf0, 0xf0, 0x0f, 0xf0, 0x00, 0xf0,
	0xff, 0xff, 0xf0, 0x00, 0x0f, 0xf0, 0xf0, 0xf0, 0xff, 0x0f, 0xf0, 0x0f, 0x0f, 0x00, 0x00, 0x0f,
	0xff, 0x0f, 0x0f, 0xff, 0x0f, 0xf0, 0xff, 0x0f, 0xf0, 0xf0, 0xff, 0xff, 0x0f, 0xf0, 0xff, 0xff,
	0x0f, 0x00, 0x0f, 0x0f, 0xf0, 0x0f, 0xff, 0xff, 0xf0, 0x0f, 0xf0, 0xf0, 0x00, 0x0f, 0x00, 0xf0,
	0x00, 0xf0, 0x00, 0x00, 0xff, 0x0f, 0xf0, 0xf0, 0xff, 0xff, 0xf0, 0xff, 0x0f, 0x0f, 0x0f, 0x0f,
	0xff, 0x0f, 0x0f, 0x00, 0x0f, 0xf0, 0xf0, 0xff, 0xf0, 0xf0, 0xf0, 0x0f, 0xff, 0x00, 0xff, 0x0f,
	0x0f, 0x00, 0x0f, 0xff, 0x0f, 0x0f, 0xf0, 0xf0, 0x00, 0xf0, 0x0f, 0xff, 0xf0, 0xff, 0xf0, 0x0f,
	0x0f, 0xf0, 0xff, 0x0f, 0xff, 0xff, 0xff, 0xff, 0xff, 0x0f, 0xff, 0x0f, 0x0f, 0x0f, 0x00, 0xff,
	0xf0, 0xf0, 0xff, 0xf0, 0xf0, 0x0f, 0x0f, 0x00, 0xf0, 0xff, 0x0f, 0xff, 0x0f, 0x0f, 0xff, 0x0f,
	0xff, 0xff, 0xff, 0xff, 0xff, 0xff, 0xff, 0xff, 0xff, 0xff, 0xff, 0xff, 0xff, 0xff, 0xff, 0xff,
	0xff, 0xff, 0xff, 0xff, 0xff, 0xff, 0xff, 0xff, 0xff, 0xff, 0xff, 0xff, 0xff, 0xff, 0xff, 0xff,
	0xff, 0xff, 0xff, 0xff, 0xff, 0xff, 0xff, 0xff, 0xff, 0xff, 0xff, 0xff, 0xff, 0xff, 0xff, 0xff,
	0xff, 0xff, 0xff, 0xff, 0xff, 0xff, 0xff, 0xff, 0xff, 0xff, 0xff, 0xff, 0xff, 0xff, 0xff, 0xff,
	0xff, 0xff, 0xff, 0xff, 0xff, 0xff, 0xff, 0xff, 0xff, 0xff, 0xff, 0xff, 0xff, 0xff, 0xff, 0xff,
	0xff, 0xff, 0xff, 0xff, 0xff, 0xff, 0xff, 0xff, 0xff, 0xff, 0xff, 0xff, 0xff, 0xff, 0xff, 0xff,
	0xff, 0xff, 0xff, 0xff, 0xff, 0xff, 0xff, 0xff, 0xff, 0xff, 0xff, 0xff, 0xff, 0xff, 0xff, 0xff,
	0xff, 0xff, 0xff, 0xff, 0xff, 0xff, 0xff, 0xff, 0xff, 0xff, 0xff, 0xff, 0xff, 0xff, 0xff, 0xff,
	0xff, 0xff, 0xff, 0xff, 0xff, 0xff, 0xff, 0xff, 0xff, 0xff, 0xff, 0xff, 0xff, 0xff, 0xff, 0xff,
	0xff, 0xff, 0xff, 0xff, 0xff, 0xff, 0xff, 0xff, 0xff, 0xff, 0xff, 0xff, 0xff, 0xff, 0xff, 0xff,
	0xff, 0xff, 0xff, 0xff, 0xff, 0xff, 0xff, 0xff, 0xff, 0xff, 0xff, 0xff, 0xff, 0xff, 0xff, 0xff,
	0xff, 0xff, 0xff, 0xff, 0xff, 0xff, 0xff, 0xff, 0xff, 0xff, 0xff, 0xff, 0xff, 0xff, 0xff, 0xff,
	0xff, 0xff, 0xff, 0xff, 0xff, 0xff, 0xff, 0xff, 0xff, 0xff, 0xff, 0xff, 0xff, 0xff, 0xff, 0xff,
	0xff, 0xff, 0xff, 0xff, 0xff, 0xff, 0xff, 0xff, 0xff, 0xff, 0xff, 0xff, 0xff, 0xff, 0xff, 0xff,
	0xff, 0xff, 0xff, 0xff, 0xff, 0xff, 0xff, 0xff, 0xff, 0xff, 0xff, 0xff, 0xff, 0xff, 0xff, 0xff,
	0xff, 0xff, 0xff, 0xff, 0xff, 0xff, 0xff, 0xff, 0xff, 0xff, 0xff, 0xff, 0xff, 0xff, 0xff, 0xff,
	0xff, 0xff, 0xff, 0xff, 0xff, 0xff, 0xff, 0xff, 0xff, 0xff, 0xff, 0xff, 0xff, 0xff, 0xff, 0xff,
	0xff, 0xff, 0xff, 0xff, 0xff, 0xff, 0xff, 0xff, 0xff, 0xff, 0xff, 0xff, 0xff, 0xff, 0xff, 0xff,
	0xff, 0xff, 0xff, 0xff, 0xff, 0xff, 0xff, 0xff, 0xff, 0xff, 0xff, 0xff, 0xff, 0xff, 0xff, 0xff,
	0xff, 0xff, 0xff, 0xff, 0xff, 0xff, 0xff, 0xff, 0xff, 0xff, 0xff, 0xff, 0xff, 0xff, 0xff, 0xff,
	0x00, 0x00, 0x00, 0x00, 0x00, 0x00, 0x00, 0x00, 0x00, 0x00, 0x00, 0x00, 0x00, 0x00, 0x00, 0x00,
	0x00, 0x00, 0x00, 0x00, 0x00, 0x00, 0x00, 0x00, 0x00, 0x00, 0x00, 0x00, 0x00, 0x00, 0x00, 0x00,
	0x00, 0x00, 0x00, 0x00, 0x00, 0x00, 0x00, 0x00, 0x00, 0x00, 0x00, 0x00, 0x00, 0x00, 0x00, 0x00,
	0x00, 0x00, 0x00, 0x00, 0x00, 0x00, 0x00, 0x00, 0x00, 0x00, 0x00, 0x00, 0x00, 0x00, 0x00, 0x00,
	0x00, 0x00, 0x00, 0x00, 0x00, 0x00, 0x00, 0x00, 0x00, 0x00, 0x00, 0x00, 0x00, 0x00, 0x00, 0x00,
	0x00, 0x00, 0x00, 0x00, 0x00, 0x00, 0x00, 0x00, 0x00, 0x00, 0x00, 0x00, 0x00, 0x00, 0x00, 0x00,
	0x00, 0x00, 0x00, 0x00, 0x00, 0x00, 0x00, 0x00, 0x00, 0x00, 0x00, 0x00, 0x00, 0x00, 0x00, 0x00,
	0x00, 0x00, 0x00, 0x00, 0x00, 0x00, 0x00, 0x00, 0x00, 0x00, 0x00, 0x00, 0x00, 0x00, 0x00, 0x00,
	0x00, 0x00, 0x00, 0x00, 0x00, 0x00, 0x00, 0x00, 0x00, 0x00, 0x00, 0x00, 0x00, 0x00, 0x00, 0x00,
	0x00, 0x00, 0x00, 0x00, 0x00, 0x00, 0x00, 0x00, 0x00, 0x00, 0x00, 0x00, 0x00, 0x00, 0x00, 0x00,
	0x00, 0x00, 0x00, 0x00, 0x00, 0x00, 0x00, 0x00, 0x00, 0x00, 0x00, 0x00, 0x00, 0x00, 0x00, 0x00,
	0x00, 0x00, 0x00, 0x00, 0x00, 0x00, 0x00, 0x00, 0x00, 0x00, 0x00, 0x00, 0x00, 0x00, 0x00, 0x00,
	0x00, 0x00, 0x00, 0x00, 0x00, 0x00, 0x00, 0x00, 0x00, 0x00, 0x00, 0x00, 0x00, 0x00, 0x00, 0x00,
	0x00, 0x00, 0x00, 0x00, 0x00, 0x00, 0x00, 0x00, 0x00, 0x00, 0x00, 0x00, 0x00, 0x00, 0x00, 0x00,
	0x00, 0x00, 0x00, 0x00, 0x00, 0x00, 0x00, 0x00, 0x00, 0x00, 0x00, 0x00, 0x00, 0x00, 0x00, 0x00,
	0x00, 0x00, 0x00, 0x00, 0x00, 0x00, 0x00, 0x00, 0x00, 0x00, 0x00, 0x00, 0x00, 0x00, 0x00, 0x00,
	0x00, 0x00, 0x00, 0x00, 0x00, 0x00, 0x00, 0x00, 0x00, 0x00, 0x00, 0x00, 0x00, 0x00, 0x00, 0x00,
	0x00, 0x00, 0x00, 0x00, 0x00, 0x00, 0x00, 0x00, 0x00, 0x00, 0x00, 0x00, 0x00, 0x00, 0x00, 0x00,
	0x00, 0x00, 0x00, 0x00, 0x00, 0x00, 0x00, 0x00, 0x00, 0x00, 0x00, 0x00, 0x00, 0x00, 0x00, 0x00,
	0x00, 0x00, 0x00, 0x00, 0x00, 0x00, 0x00, 0x00, 0x00, 0x00, 0x00, 0x00, 0x00, 0x00, 0x00, 0x00,
	0x00, 0x00, 0x00, 0x00, 0x00, 0x00, 0x00, 0x00, 0x00, 0x00, 0x00, 0x00, 0x00, 0xff, 0x00, 0x00,
	0x00, 0x00, 0x00, 0x00, 0x0f, 0x00, 0x00, 0x00, 0xf0, 0x00, 0x00, 0x00, 0x00, 0x00, 0xf0, 0x00,
	0xff, 0x00, 0x00, 0x00, 0x00, 0x00, 0x00, 0x00, 0x00, 0x00, 0x00, 0x00, 0xff, 0x00, 0x00, 0xff,
	0x00, 0x00, 0x00, 0x0f, 0x00, 0x00, 0x00, 0x00, 0x00, 0x00, 0xf0, 0x00, 0x00, 0x00, 0x00, 0x00,
	0x00, 0x00, 0x00, 0x00, 0xff, 0x00, 0x0f, 0x00, 0x00, 0x00, 0x00, 0x00, 0xff, 0x00, 0x00, 0x00,
	0x00, 0x0f, 0x00, 0x00, 0x00, 0x00, 0xf0, 0x00, 0x00, 0x00, 0x00, 0x00, 0x00, 0x00, 0x00, 0x0f,
	0x00, 0x00, 0x00, 0xf0, 0x00, 0x00, 0x0f, 0x00, 0x00, 0x00, 0x00, 0x00, 0x00, 0xf0, 0x00, 0x00,
	0xf0, 0x00, 0xff, 0x00, 0x00, 0xff, 0x00, 0x00, 0x00, 0x00, 0x00, 0x00, 0xff, 0x00, 0x00, 0x00,
	0x00, 0x00, 0xf0, 0x00, 0x00, 0x00, 0x00, 0x0f, 0x00, 0x00, 0xff, 0x00, 0xf0, 0x00, 0x00, 0x00,
	0x00, 0x00, 0x00, 0xf0, 0x00, 0x00, 0x00, 0x00, 0x00, 0x00, 0x00, 0x00, 0x0f, 0x00, 0x00, 0x00,
	0x00, 0x00, 0xff, 0xf0, 0x00, 0x00, 0xff, 0x00, 0x0f, 0x00, 0x0f, 0x00, 0x0f, 0xf0, 0x00, 0xf0,
	0x00, 0x00, 0x00, 0x00, 0xf0, 0x00, 0x0f, 0x00, 0x00, 0xff, 0x00, 0x00, 0xff, 0xf0, 0x00, 0xf0,
	0x00, 0x00, 0x00, 0x00, 0x00, 0xff, 0xff, 0xf0, 0x00, 0x00, 0x00, 0x00, 0x00, 0x00, 0x00, 0x00,
	0x00, 0x00, 0x0f, 0x00, 0x00, 0xf0, 0x00, 0x00, 0x00, 0x00, 0x00, 0x00, 0x00, 0x00, 0x00, 0x00,
	0x00, 0x00, 0x00, 0x00, 0x00, 0x00, 0x00, 0x00, 0x00, 0x00, 0x00, 0xff, 0x00, 0x00, 0x00, 0x00,
	0x0f, 0x0f, 0x00, 0x00, 0x00, 0x00, 0x00, 0x00, 0x0f, 0x00, 0x00, 0x00, 0x0f, 0x00, 0x00, 0x00,
	0x00, 0x00, 0xff, 0x00, 0x00, 0x00, 0x00, 0x00, 0x00, 0x00, 0xf0, 0x00, 0x00, 0x00, 0xf0, 0x00,
	0x00, 0x0f, 0xf0, 0x00, 0x00, 0x00, 0x00, 0x0f, 0x00, 0x00, 0x00, 0x00, 0x00, 0x0f, 0x00, 0x00,
	0x00, 0x00, 0x00, 0x00, 0x00, 0x00, 0x00, 0x00, 0xf0, 0x00, 0x00, 0x00, 0x00, 0x00, 0x00, 0x00,
	0x00, 0x00, 0xf0, 0x00, 0x00, 0x00, 0x00, 0x00, 0x00, 0xf0, 0x0f, 0x00, 0x00, 0x00, 0x00, 0x0f,
	0xf0, 0x0f, 0x00, 0x00, 0xf0, 0x00, 0x00, 0x00, 0x00, 0x00, 0x00, 0xff, 0x00, 0x00, 0xff, 0x00,
	0x00, 0x0f, 0xf0, 0xf0, 0x00, 0x00, 0x00, 0x0f, 0x0f, 0x00, 0x00, 0xf0, 0x00, 0xf0, 0x0f, 0x00,
	0xf0, 0x00, 0x00, 0x00, 0x00, 0x00, 0x00, 0x00, 0x00, 0x00, 0x00, 0x0f, 0x0f, 0x0f, 0x00, 0x00,
	0xf0, 0x00, 0xff, 0x00, 0x00, 0x00, 0xff, 0xff, 0x00, 0x00, 0x00, 0x00, 0xff, 0x00, 0xf0, 0x00,
	0x00, 0x00, 0x00, 0x00, 0x00, 0xff, 0xf0, 0x00, 0x00, 0xff, 0x00, 0x00, 0x00, 0xf0, 0x00, 0x00,
	0x00, 0x0f, 0x0f, 0xff, 0x0f, 0x00, 0x00, 0xf0, 0x00, 0x00, 0x00, 0xff, 0x00, 0x00, 0x00, 0x00,
	0x00, 0x00, 0x0f, 0x00, 0x00, 0x0f, 0x00, 0x0f, 0x0f, 0xf0, 0x00, 0x00, 0x0f, 0xf0, 0x00, 0x00,
	0x00, 0x0f, 0x0f, 0xff, 0x00, 0x00, 0x00, 0x00, 0x00, 0x0f, 0x00, 0x00, 0x00, 0xf0, 0x00, 0x00,
	0x00, 0x00, 0xff, 0x00, 0xf0, 0xff, 0xff, 0x00, 0x00, 0x00, 0xf0, 0xff, 0x0f, 0x0f, 0xf0, 0x00,
	0x0f, 0x00, 0x00, 0x00, 0xf0, 0x00, 0x00, 0x00, 0x0f, 0x0f, 0xf0, 0x00, 0x00, 0x00, 0xf0, 0x00,
	0x00, 0x00, 0x00, 0x00, 0xf0, 0x00, 0x0f, 0x0f, 0xff, 0x0f, 0x00, 0x00, 0x00, 0x00, 0x00, 0x00,
	0xf0, 0x00, 0x00, 0x00, 0x00, 0x00, 0x00, 0x00, 0x00, 0xff, 0x0f, 0x00, 0x00, 0x00, 0x0f, 0xff,
	0x00, 0xff, 0x00, 0x00, 0x00, 0x00, 0x00, 0xf0, 0x00, 0x00, 0x00, 0x00, 0xf0, 0xf0, 0x0f, 0xff,
	0x00, 0x00, 0x00, 0x00, 0x00, 0x00, 0x0f, 0xff, 0x00, 0x00, 0x00, 0x0f, 0xff, 0x00, 0x00, 0x0f,
	0x00, 0x00, 0x00, 0x00, 0xff, 0x00, 0xf0, 0xf0, 0x00, 0x00, 0x00, 0xf0, 0x00, 0x0f, 0x00, 0x00,
	0x00, 0x00, 0x0f, 0x00, 0x0f, 0x00, 0x00, 0x0f, 0xff, 0x00, 0x00, 0x00, 0x00, 0x00, 0xff, 0x00,
	0x00, 0x00, 0x00, 0x00, 0x00, 0x00, 0x00, 0xff, 0x00, 0x00, 0xff, 0x00, 0xf0, 0x00, 0x00, 0xf0,
	0x00, 0x00, 0x0f, 0x00, 0x0f, 0x00, 0x00, 0x00, 0x00, 0x00, 0x00, 0x00, 0xff, 0x00, 0xf0, 0x00,
	0x0f, 0xf0, 0xff, 0x00, 0x00, 0xff, 0x00, 0x00, 0x00, 0x00, 0xf0, 0x00, 0xff, 0x00, 0x00, 0x00,
	0x0f, 0x00, 0xf0, 0x00, 0xff, 0x00, 0x0f, 0x00, 0xff, 0x00, 0x00, 0x00, 0xf0, 0x00, 0x00, 0xf0,
	0x00, 0x00, 0x00, 0x0f, 0x00, 0x00, 0x00, 0x00, 0x00, 0x0f, 0x0f, 0xff, 0x00, 0xf0, 0xf0, 0x00,
	0xff, 0x00, 0x00, 0xf0, 0x0f, 0xf0, 0x00, 0xf0, 0x00, 0x00, 0x00, 0xff, 0x0f, 0x0f, 0xff, 0x00,
	0x0f, 0x00, 0x00, 0xf0, 0x00, 0xf0, 0xff, 0xff, 0x00, 0xff, 0xff, 0x00, 0x00, 0x00, 0xf0, 0x00,
	0x0f, 0x00, 0xf0, 0x00, 0x00, 0xf0, 0xf0, 0x00, 0x00, 0x00, 0x00, 0x0f, 0xff, 0x00, 0x0f, 0xf0,
	0x0f, 0x00, 0xf0, 0x00, 0x0f, 0x0f, 0x0f, 0xf0, 0xf0, 0x00, 0xff, 0x0f, 0xff, 0x00, 0x0f, 0x0f,
	0xf0, 0x00, 0xff, 0xf0, 0x00, 0x00, 0x0f, 0x0f, 0xf0, 0x00, 0x0f, 0x00, 0xf0, 0x00, 0x00, 0x00,
	0x00, 0x00, 0x00, 0x00, 0x00, 0x00, 0x00, 0x00, 0x00, 0x00, 0x00, 0x00, 0x00, 0x00, 0x00, 0xf0,
	0x00, 0x00, 0xf0, 0xff, 0xf0, 0xff, 0xf0, 0x00, 0xff, 0xff, 0x0f, 0xf0, 0x00, 0x00, 0xf0, 0x00,
	0x00, 0xff, 0xff, 0x00, 0x00, 0x00, 0x00, 0x00, 0xf0, 0x00, 0x00, 0xff, 0xf0, 0x00, 0xff, 0x00,
	0x0f, 0xf0, 0xf0, 0xff, 0xf0, 0x00, 0x00, 0x00, 0x00, 0x00, 0xf0, 0xff, 0x00, 0x0f, 0x00, 0x0f,
	0xff, 0x00, 0xf0, 0xff, 0xf0, 0x00, 0xf0, 0x00, 0x00, 0x0f, 0x00, 0x00, 0x00, 0x00, 0x00, 0x00,
	0x00, 0x00, 0x0f, 0x00, 0xff, 0x00, 0xff, 0xff, 0x0f, 0xf0, 0x00, 0x00, 0x00, 0xf0, 0x00, 0x00,
	0x00, 0x00, 0x00, 0x00, 0xff, 0x0f, 0x0f, 0x00, 0x0f, 0xf0, 0x00, 0xff, 0x0f, 0xf0, 0x0f, 0x00,
	0x00, 0x0f, 0x0f, 0x00, 0x00, 0xf0, 0x00, 0x0f, 0xf0, 0x00, 0x00, 0x00, 0x00, 0xff, 0x00, 0x00,
	0x00, 0xf0, 0x00, 0x00, 0x00, 0x0f, 0x00, 0x0f, 0xf0, 0xf0, 0x00, 0xff, 0x00, 0xff, 0x00, 0x00,
	0x00, 0xf0, 0xff, 0x0f, 0x0f, 0x00, 0x00, 0xff, 0x0f, 0xff, 0x00, 0xff, 0x00, 0x00, 0x0f, 0x00,
	0x00, 0xff, 0x00, 0xff, 0xff, 0x00, 0xf0, 0xf0, 0x0f, 0x00, 0x0f, 0x00, 0x00, 0xf0, 0x00, 0x0f,
	0xff, 0xff, 0x0f, 0xff, 0xf0, 0x00, 0x00, 0xff, 0x00, 0xff, 0x00, 0xff, 0x00, 0xf0, 0x0f, 0xff,
	0xff, 0x00, 0x0f, 0x0f, 0xff, 0x00, 0x00, 0x00, 0xf0, 0xf0, 0x00, 0x0f, 0xff, 0x0f, 0x00, 0xff,
	0x00, 0x00, 0x0f, 0x0f, 0x00, 0x0f, 0x00, 0x0f, 0x00, 0x0f, 0x0f, 0x00, 0x00, 0x0f, 0xf0, 0xf0,
	0x00, 0xf0, 0xf0, 0x0f, 0xff, 0x00, 0x0f, 0xf0, 0x00, 0x00, 0x00, 0xf0, 0x00, 0x0f, 0xf0, 0xf0,
	0x00, 0x0f, 0x00, 0x00, 0xff, 0xf0, 0x00, 0xf0, 0x00, 0xff, 0x00, 0xf0, 0x00, 0x00, 0xf0, 0xf0,
	0xff, 0x00, 0x0f, 0x0f, 0xf0, 0xf0, 0xf0, 0x0f, 0x0f, 0x00, 0xff, 0x00, 0xff, 0xff, 0xf0, 0x0f,
	0x0f, 0x0f, 0x00, 0xf0, 0xff, 0x00, 0x00, 0x0f, 0x0f, 0xff, 0x00, 0xff, 0x00, 0xf0, 0x00, 0x00,
	0x0f, 0x0f, 0x00, 0xff, 0xff, 0xf0, 0x00, 0xf0, 0x0f, 0x00, 0xf0, 0x00, 0x00, 0x0f, 0xf0, 0x0f,
	0x0f, 0xff, 0xf0, 0x0f, 0xff, 0x00, 0x00, 0x00, 0xf0, 0x00, 0x00, 0x0f, 0x00, 0x0f, 0xff, 0x00,
	0x00, 0xff, 0xff, 0xf0, 0x00, 0x0f, 0x0f, 0xff, 0x00, 0xff, 0x00, 0x0f, 0x0f, 0xf0, 0xf0, 0x00,
	0x00, 0xf0, 0xf0, 0x00, 0x00, 0xf0, 0xff, 0xf0, 0x00, 0xff, 0xff, 0x00, 0xff, 0xf0, 0x0f, 0x0f,
	0xf0, 0x00, 0xff, 0x00, 0xff, 0xf0, 0x0f, 0x00, 0xf0, 0x00, 0xf0, 0xf0, 0x00, 0xf0, 0x00, 0x00,
	0x00, 0xff, 0xff, 0x00, 0xf0, 0x0f, 0x0f, 0x00, 0x0f, 0x00, 0x00, 0x00, 0x00, 0x00, 0x0f, 0x0f,
	0xf0, 0x00, 0x00, 0xff, 0xff, 0x00, 0x00, 0xf0, 0x0f, 0x0f, 0xff, 0x00, 0xff, 0xf0, 0x00, 0x00,
	0x00, 0xf0, 0x00, 0x00, 0x00, 0x00, 0x00, 0x0f, 0x00, 0x00, 0xf0, 0xf0, 0xf0, 0x0f, 0x00, 0xf0,
	0x00, 0x0f, 0x0f, 0x00, 0x00, 0x0f, 0xf0, 0xff, 0xff, 0x00, 0xf0, 0x00, 0xff, 0x0f, 0x00, 0xf0,
	0x00, 0xf0, 0x0f, 0x0f, 0x00, 0x00, 0x00, 0xf0, 0x00, 0x00, 0x0f, 0x00, 0x0f, 0x00, 0xff, 0xf0,
	0xff, 0xf0, 0xff, 0x00, 0xf0, 0xf0, 0x00, 0x00, 0xff, 0x0f, 0x00, 0x0f, 0x0f, 0x00, 0xf0, 0x00,
	0x00, 0xf0, 0xff, 0xf0, 0xf0, 0xf0, 0x0f, 0x00, 0x0f, 0xf0, 0x00, 0x0f, 0x00, 0xff, 0x00, 0x00,
	0xf0, 0x0f, 0x00, 0x0f, 0x00, 0x0f, 0x00, 0x00, 0x0f, 0x0f, 0xf0, 0x00, 0xff, 0x00, 0x0f, 0xf0,
	0x0f, 0xff, 0x00, 0x00, 0x00, 0xf0, 0x00, 0xff, 0x00, 0x00, 0x00, 0xf0, 0xf0, 0x00, 0xf0, 0x00,
	0xf0, 0x0f, 0x0f, 0x00, 0x0f, 0xff, 0xff, 0xf0, 0x00, 0xff, 0xff, 0xff, 0x00, 0x00, 0x0f, 0xff,
	0x00, 0xff, 0xff, 0xf0, 0x00, 0xf0, 0xf0, 0x00, 0xf0, 0xf0, 0x00, 0x00, 0xff, 0xff, 0xff, 0x00,
	0x00, 0x0f, 0xf0, 0xff, 0x0f, 0xf0, 0xff, 0xf0, 0x0f, 0x0f, 0xf0, 0x0f, 0xf0, 0xf0, 0x00, 0x00,
	0x00, 0xff, 0xf0, 0xf0, 0x0f, 0xff, 0xff, 0xff, 0xf0, 0xf0, 0xf0, 0xf0, 0xff, 0x0f, 0x00, 0xf0,
	0xf0, 0xff, 0xf0, 0xf0, 0x0f, 0x0f, 0xf0, 0x0f, 0xf0, 0xf0, 0x00, 0xf0, 0x00, 0xff, 0xf0, 0xff,
	0x00, 0x00, 0xff, 0xf0, 0x00, 0x0f, 0x0f, 0xff, 0x0f, 0xff, 0x0f, 0x0f, 0x00, 0x0f, 0xff, 0x0f,
	0xf0, 0xff, 0xff, 0xf0, 0x0f, 0x00, 0x00, 0xff, 0xf0, 0x00, 0xff, 0xff, 0xf0, 0xf0, 0x00, 0x0f,
	0xff, 0x00, 0xff, 0x00, 0xf0, 0x0f, 0x00, 0x0f, 0xff, 0xf0, 0xf0, 0xf0, 0x0f, 0xf0, 0xff, 0x00,
	0x0f, 0xf0, 0x00, 0x00, 0x0f, 0xf0, 0x0f, 0x0f, 0xf0, 0x00, 0x00, 0x0f, 0x0f, 0x0f, 0x0f, 0xff,
	0x0f, 0x00, 0x00, 0x0f, 0xf0, 0x0f, 0xf0, 0x00, 0xff, 0x0f, 0x00, 0x00, 0x00, 0x00, 0xf0, 0xff,
	0x00, 0x00, 0xf0, 0x0f, 0xf0, 0x0f, 0xf0, 0x0f, 0x00, 0x00, 0x0f, 0x00, 0xf0, 0x0f, 0x0f, 0xff,
	0xff, 0xf0, 0xf0, 0x0f, 0xf0, 0xff, 0x0f, 0xff, 0xf0, 0x00, 0xf0, 0x00, 0x0f, 0xf0, 0xf0, 0x0f,
	0x00, 0x0f, 0x0f, 0x0f, 0x0f, 0xff, 0x0f, 0xff, 0x0f, 0xff, 0x0f, 0x00, 0x0f, 0x0f, 0xf0, 0x00,
	0x0f, 0x0f, 0x0f, 0xff, 0xf0, 0x00, 0xf0, 0xff, 0x0f, 0xf0, 0xf0, 0x00, 0x0f, 0xf0, 0xff, 0x0f,
	0xf0, 0x00, 0xff, 0x0f, 0xf0, 0x0f, 0x0f, 0xff, 0xff, 0xf0, 0x0f, 0x0f, 0x00, 0xff, 0x00, 0x0f,
	0xff, 0xff, 0xff, 0xf0, 0xf0, 0x0f, 0x00, 0x0f, 0xf0, 0xff, 0xf0, 0x0f, 0x0f, 0x0f, 0x0f, 0xf0,
	0xff, 0xff, 0x0f, 0x0f, 0x00, 0x0f, 0xff, 0xf0, 0x00, 0xf0, 0xff, 0x0f, 0xf0, 0xf0, 0x0f, 0x0f,
	0x0f, 0x00, 0x0f, 0x00, 0xff, 0xf0, 0x00, 0x00, 0xff, 0x00, 0x0f, 0xf0, 0x00, 0xff, 0x0f, 0x0f,
	0x0f, 0xff, 0x0f, 0xf0, 0xf0, 0x0f, 0x00, 0xff, 0x0f, 0xf0, 0xf0, 0x0f, 0x0f, 0x0f, 0x0f, 0xf0,
	0xf0, 0xf0, 0x0f, 0x0f, 0x0f, 0x00, 0x00, 0x00, 0xff, 0xff, 0x0f, 0xf0, 0xff, 0xf0, 0xff, 0x00,
	0x0f, 0x00, 0xf0, 0xf0, 0x0f, 0xff, 0xf0, 0x00, 0xff, 0x0f, 0xf0, 0xff, 0x00, 0xf0, 0xf0, 0xf0,
	0xf0, 0xf0, 0x00, 0x0f, 0xf0, 0xf0, 0xff, 0xff, 0xff, 0xf0, 0x0f, 0xf0, 0xff, 0x00, 0xf0, 0xf0,
	0xff, 0xf0, 0xff, 0xff, 0x00, 0xff, 0xf0, 0xff, 0xff, 0xf0, 0xf0, 0x00, 0x0f, 0x00, 0x00, 0xf0,
	0xff, 0xff, 0xf0, 0xf0, 0xf0, 0x0f, 0xff, 0x0f, 0xf0, 0x0f, 0x0f, 0x0f, 0x0f, 0xff, 0xf0, 0x00,
	0x0f, 0xf0, 0x0f, 0x0f, 0xf0, 0x00, 0xf0, 0xf0, 0x0f, 0x0f, 0xf0, 0xff, 0xf0, 0xf0, 0xff, 0xf0,
	0x0f, 0xf0, 0xff, 0xf0, 0xf0, 0x0f, 0xff, 0x0f, 0x0f, 0x00, 0xff, 0xff, 0xf0, 0xff, 0x0f, 0x0f,
	0xff, 0x0f, 0xff, 0xf0, 0x0f, 0xf0, 0x0f, 0xff, 0x0f, 0x00, 0xf0, 0xff, 0xff, 0xf0, 0x00, 0x0f,
	0xf0, 0x0f, 0xf0, 0xf0, 0xff, 0xff, 0xff, 0xff, 0xf0, 0xf0, 0xf0, 0xf0, 0x00, 0xff, 0xff, 0xf0,
	0xf0, 0xf0, 0xff, 0x0f, 0xf0, 0x0f, 0x0f, 0xff, 0x00, 0xf0, 0xff, 0x0f, 0xff, 0x00, 0x0f, 0xff,
	0xff, 0xff, 0xff, 0xff, 0xf0, 0xf0, 0xf0, 0x00, 0x0f, 0x0f, 0xff, 0xff, 0xf0, 0xf0, 0x0f, 0xff,
	0xf0, 0xf0, 0x0f, 0xff, 0xf0, 0xff, 0xf0, 0x00, 0x0f, 0xf0, 0xff, 0xff, 0x00, 0xff, 0xf0, 0xff,
	0x0f, 0x0f, 0xff, 0xf0, 0xf0, 0xff, 0xf0, 0xf0, 0xff, 0xf0, 0x0f, 0x0f, 0x0f, 0x0f, 0x0f, 0xf0,
	0x0f, 0x0f, 0xf0, 0xf0, 0x00, 0xff, 0x0f, 0x0f, 0xff, 0x0f, 0x0f, 0x00, 0x00, 0xff, 0xff, 0x00,
	0x0f, 0xf0, 0x00, 0xf0, 0x0f, 0xf0, 0xff, 0xff, 0xf0, 0xf0, 0xf0, 0x0f, 0xf0, 0xff, 0xff, 0x0f,
	0xff, 0x0f, 0x0f, 0x0f, 0xf0, 0x00, 0xff, 0xf0, 0xf0, 0x00, 0xf0, 0x0f, 0x0f, 0x0f, 0x0f, 0xff,
	0x0f, 0xf0, 0xff, 0xf0, 0xff, 0xf0, 0xf0, 0xf0, 0xf0, 0xf0, 0xf0, 0x0f, 0xff, 0x0f, 0x00, 0x0f,
	0xf0, 0x00, 0xf0, 0xf0, 0xff, 0x0f, 0x0f, 0xf0, 0x0f, 0x0f, 0x0f, 0xf0, 0x0f, 0x0f, 0xf0, 0x00,
	0xff, 0xff, 0xff, 0xf0, 0xff, 0x0f, 0xff, 0xf0, 0xff, 0x0f, 0xff, 0x0f, 0xf0, 0xff, 0x0f, 0xf0,
	0xff, 0xff, 0x00, 0xf0, 0xff, 0xf0, 0xff, 0xff, 0x0f, 0xff, 0xf0, 0xff, 0x0f, 0x0f, 0xff, 0x0f,
	0xff, 0xff, 0x0f, 0xff, 0x0f, 0xf0, 0xff, 0x0f, 0xf0, 0x0f, 0x0f, 0xff, 0x0f, 0xf0, 0x00, 0xff,
	0x00, 0x0f, 0xff, 0xff, 0xff, 0x00, 0x0f, 0x0f, 0xff, 0xf0, 0xff, 0x0f, 0x0f, 0xff, 0xff, 0x0f,
	0xf0, 0xf0, 0xf0, 0x0f, 0x0f, 0xff, 0x0f, 0xff, 0x0f, 0x0f, 0x0f, 0x00, 0xff, 0x00, 0xff, 0x00,
	0xff, 0xff, 0xff, 0xff, 0xff, 0xff, 0xff, 0xff, 0xff, 0xff, 0xff, 0xff, 0xff, 0xff, 0xff, 0xff,
	0xff, 0xff, 0xff, 0xff, 0xff, 0xff, 0xff, 0xff, 0xff, 0xff, 0xff, 0xff, 0xff, 0xff, 0xff, 0xff,
	0xff, 0xff, 0xff, 0xff, 0xff, 0xff, 0xff, 0xff, 0xff, 0xff, 0xff, 0xff, 0xff, 0xff, 0xff, 0xff,
	0xff, 0xff, 0xff, 0xff, 0xff, 0xff, 0xff, 0xff, 0xff, 0xff, 0xff, 0xff, 0xff, 0xff, 0xff, 0xff,
	0xff, 0xff, 0xff, 0xff, 0xff, 0xff, 0xff, 0xff, 0xff, 0xff, 0xff, 0xff, 0xff, 0xff, 0xff, 0xff,
	0xff, 0xff, 0xff, 0xff, 0xff, 0xff, 0xff, 0xff, 0xff, 0xff, 0xff, 0xff, 0xff, 0xff, 0xff, 0xff,
	0xff, 0xff, 0xff, 0xff, 0xff, 0xff, 0xff, 0xff, 0xff, 0xff, 0xff, 0xff, 0xff, 0xff, 0xff, 0xff,
	0xff, 0xff, 0xff, 0xff, 0xff, 0xff, 0xff, 0xff, 0xff, 0xff, 0xff, 0xff, 0xff, 0xff, 0xff, 0xff,
	0xff, 0xff, 0xff, 0xff, 0xff, 0xff, 0xff, 0xff, 0xff, 0xff, 0xff, 0xff, 0xff, 0xff, 0xff, 0xff,
	0xff, 0xff, 0xff, 0xff, 0xff, 0xff, 0xff, 0xff, 0xff, 0xff, 0xff, 0xff, 0xff, 0xff, 0xff, 0xff,
	0xff, 0xff, 0xff, 0xff, 0xff, 0xff, 0xff, 0xff, 0xff, 0xff, 0xff, 0xff, 0xff, 0xff, 0xff, 0xff,
	0xff, 0xff, 0xff, 0xff, 0xff, 0xff, 0xff, 0xff, 0xff, 0xff, 0xff, 0xff, 0xff, 0xff, 0xff, 0xff,
	0xff, 0xff, 0xff, 0xff, 0xff, 0xff, 0xff, 0xff, 0xff, 0xff, 0xff, 0xff, 0xff, 0xff, 0xff, 0xff,
	0xff, 0xff, 0xff, 0xff, 0xff, 0xff, 0xff, 0xff, 0xff, 0xff, 0xff, 0xff, 0xff, 0xff, 0xff, 0xff,
	0xff, 0xff, 0xff, 0xff, 0xff, 0xff, 0xff, 0xff, 0xff, 0xff, 0xff, 0xff, 0xff, 0xff, 0xff, 0xff,
	0xff, 0xff, 0xff, 0xff, 0xff, 0xff, 0xff, 0xff, 0xff, 0xff, 0xff, 0xff, 0xff, 0xff, 0xff, 0xff,
	0xff, 0xff, 0xff, 0xff, 0xff, 0xff, 0xff, 0xff, 0xff, 0xff, 0xff, 0xff, 0xff, 0xff, 0xff, 0xff,
	0xff, 0xff, 0xff, 0xff, 0xff, 0xff, 0xff, 0xff, 0xff, 0xff, 0xff, 0xff, 0xff, 0xff, 0xff, 0xff,
	0xff, 0xff, 0xff, 0xff, 0xff, 0xff, 0xff, 0xff, 0xff, 0xff, 0xff, 0xff, 0xff, 0xff, 0xff, 0xff,
	0xff, 0xff, 0xff, 0xff, 0xff, 0xff, 0xff, 0xff, 0xff, 0xff, 0xff, 0xff, 0xff, 0xff, 0xff, 0xff,
	0x00, 0x00, 0x00, 0x00, 0x00, 0x00, 0x00, 0x00, 0x00, 0x00, 0x00, 0x00, 0x00, 0x00, 0x00, 0x00,
	0x00, 0x00, 0x00, 0x00, 0x00, 0x00, 0x00, 0x00, 0x00, 0x00, 0x00, 0x00, 0x00, 0x00, 0x00, 0x00,
	0x00, 0x00, 0x00, 0x00, 0x00, 0x00, 0x00, 0x00, 0x00, 0x00, 0x00, 0x00, 0x00, 0x00, 0x00, 0x00,
	0x00, 0x00, 0x00, 0x00, 0x00, 0x00, 0x00, 0x00, 0x00, 0x00, 0x00, 0x00, 0x00, 0x00, 0x00, 0x00,
	0x00, 0x00, 0x00, 0x00, 0x00, 0x00, 0x00, 0x00, 0x00, 0x00, 0x00, 0x00, 0x00, 0x00, 0x00, 0x00,
	0x00, 0x00, 0x00, 0x00, 0x00, 0x00, 0x00, 0x00, 0x00, 0x00, 0x00, 0x00, 0x00, 0x00, 0x00, 0x00,
	0x00, 0x00, 0x00, 0x00, 0x00, 0x00, 0x00, 0x00, 0x00, 0x00, 0x00, 0x00, 0x00, 0x00, 0x00, 0x00,
	0x00, 0x00, 0x00, 0x00, 0x00, 0x00, 0x00, 0x00, 0x00, 0x00, 0x00, 0x00, 0x00, 0x00, 0x00, 0x00,
	0x00, 0x00, 0x00, 0x00, 0x00, 0x00, 0x00, 0x00, 0x00, 0x00, 0x00, 0x00, 0x00, 0x00, 0x00, 0x00,
	0x00, 0x00, 0x00, 0x00, 0x00, 0x00, 0x00, 0x00, 0x00, 0x00, 0x00, 0x00, 0x00, 0x00, 0x00, 0x00,
	0x00, 0x00, 0x00, 0x00, 0x00, 0x00, 0x00, 0x00, 0x00, 0x00, 0x00, 0x00, 0x00, 0x00, 0x00, 0x00,
	0x00, 0x00, 0x00, 0x00, 0x00, 0x00, 0x00, 0x00, 0x00, 0x00, 0x00, 0x00, 0x00, 0x00, 0x00, 0x00,
	0x00, 0x00, 0x00, 0x00, 0x00, 0x00, 0x00, 0x00, 0x00, 0x00, 0x00, 0x00, 0x00, 0x00, 0x00, 0x00,
	0x00, 0x00, 0x00, 0x00, 0x00, 0x00, 0x00, 0x00, 0x00, 0x00, 0x00, 0x00, 0x00, 0x00, 0x00, 0x00,
	0x00, 0x00, 0x00, 0x00, 0x00, 0x00, 0x00, 0x00, 0x00, 0x00, 0x00, 0x00, 0x00, 0x00, 0x00, 0x00,
	0x00, 0x00, 0x00, 0x00, 0x00, 0x00, 0x00, 0x00, 0x00, 0x00, 0x00, 0x00, 0x00, 0x00, 0x00, 0x00,
	0x00, 0x00, 0x00, 0x00, 0x00, 0x00, 0x00, 0x00, 0x00, 0x00, 0x00, 0x00, 0x00, 0x00, 0x00, 0x00,
	0x00, 0x00, 0x00, 0x00, 0x00, 0x00, 0x00, 0x00, 0x00, 0x00, 0x00, 0x00, 0x00, 0x00, 0x00, 0x00,
	0x00, 0x00, 0x00, 0x00, 0x00, 0x00, 0x00, 0x00, 0x00, 0x00, 0x00, 0x00, 0x00, 0x00, 0x00, 0x00,
	0x00, 0x00, 0x00, 0x00, 0x00, 0x00, 0x00, 0x00, 0x00, 0x00, 0x00, 0x00, 0x00, 0x00, 0x00, 0x00,
	0x00, 0xff, 0x00, 0x00, 0x00, 0x00, 0x00, 0x00, 0x00, 0x00, 0x00, 0x00, 0x00, 0xf0, 0x00, 0x00,
	0x00, 0x00, 0x00, 0x00, 0x00, 0xf0, 0x00, 0x00, 0x00, 0x00, 0x00, 0x00, 0x00, 0x00, 0x00, 0x00,
	0x00, 0x00, 0x00, 0x00, 0x00, 0x00, 0x00, 0xf0, 0x00, 0xf0, 0x00, 0x00, 0x00, 0x00, 0x00, 0x00,
	0x00, 0x00, 0x00, 0x00, 0x00, 0x00, 0x00, 0x00, 0x00, 0x00, 0xff, 0x00, 0x00, 0x00, 0x00, 0x00,
	0x00, 0x00, 0xff, 0x00, 0x00, 0x00, 0x00, 0x00, 0xff, 0x00, 0x0f, 0x0f, 0x0f, 0x00, 0x00, 0x00,
	0x00, 0xff, 0x00, 0x00, 0x00, 0x00, 0x00, 0x00, 0xff, 0x00, 0x00, 0x00, 0x00, 0x00, 0x0f, 0x00,
	0x00, 0x00, 0x00, 0x00, 0xff, 0x00, 0x0f, 0x00, 0x00, 0x00, 0xff, 0x00, 0x00, 0x00, 0x00, 0x00,
	0xff, 0x00, 0xff, 0x00, 0x00, 0x00, 0x00, 0x00, 0x0f, 0x00, 0x00, 0xf0, 0x00, 0x00, 0xff, 0x00,
	0x00, 0x00, 0xff, 0x00, 0xf0, 0x00, 0x00, 0x00, 0x00, 0x00, 0x00, 0x00, 0x00, 0x00, 0x00, 0x00,
	0x00, 0x00, 0x0f, 0x00, 0x00, 0xff, 0xff, 0x00, 0x00, 0x00, 0x00, 0x00, 0x00, 0xf0, 0x00, 0x00,
	0x00, 0xff, 0x00, 0x00, 0x00, 0x00, 0x00, 0x00, 0x00, 0x00, 0x00, 0x00, 0xf0, 0x0f, 0x00, 0x00,
	0x00, 0x00, 0x00, 0x00, 0x00, 0x00, 0x00, 0x00, 0x00, 0x00, 0x00, 0x0f, 0x00, 0xff, 0x00, 0x00,
	0xff, 0x00, 0x00, 0x00, 0xf0, 0xf0, 0x00, 0x00, 0xff, 0xf0, 0x00, 0x00, 0x00, 0x00, 0x00, 0xf0,
	0x00, 0x00, 0xf0, 0x00, 0x00, 0x00, 0x00, 0x00, 0x00, 0x00, 0x00, 0x00, 0x00, 0x0f, 0x00, 0xf0,
	0x0f, 0x00, 0x00, 0x0f, 0x00, 0x00, 0x00, 0x00, 0x00, 0x00, 0x00, 0x00, 0x00, 0x00, 0x00, 0x00,
	0x00, 0xff, 0x00, 0x0f, 0x00, 0x00, 0x00, 0x00, 0x0f, 0x00, 0x00, 0xf0, 0x00, 0x00, 0x00, 0x00,
	0x00, 0x0f, 0x00, 0x00, 0x0f, 0x00, 0x00, 0x00, 0x00, 0xf0, 0x00, 0x00, 0x00, 0x00, 0xf0, 0x00,
	0x00, 0x00, 0x00, 0xff, 0x00, 0x00, 0xff, 0x00, 0xf0, 0x00, 0xf0, 0x00, 0x00, 0x00, 0x0f, 0x00,
	0x00, 0xf0, 0x00, 0x00, 0x00, 0x00, 0x00, 0x0f, 0x00, 0x00, 0x00, 0x00, 0xf0, 0x0f, 0x00, 0xf0,
	0x00, 0x00, 0x00, 0x00, 0x00, 0x00, 0x00, 0x00, 0x00, 0xf0, 0x00, 0x00, 0x00, 0x00, 0x00, 0xf0,
	0x00, 0x00, 0x0f, 0x00, 0x00, 0x00, 0x00, 0x00, 0x00, 0x00, 0x00, 0x00, 0x0f, 0x00, 0xff, 0x00,
	0x00, 0x0f, 0xff, 0xf0, 0x0f, 0x00, 0x00, 0x00, 0x00, 0x00, 0x00, 0x0f, 0x00, 0xf0, 0x00, 0xf0,
	0x00, 0x00, 0x00, 0x00, 0x00, 0xff, 0x00, 0x00, 0xf0, 0x00, 0x00, 0x00, 0xff, 0xff, 0x0f, 0x00,
	0xf0, 0xff, 0x00, 0x00, 0x00, 0x00, 0xff, 0x00, 0xf0, 0x00, 0x00, 0xff, 0x00, 0x0f, 0x00, 0xff,
	0x00, 0x00, 0xf0, 0x00, 0xf0, 0x00, 0x00, 0x00, 0x00, 0x0f, 0xf0, 0x00, 0xff, 0xf0, 0xff, 0x00,
	0x00, 0x00, 0x00, 0x00, 0xf0, 0x00, 0x00, 0x00, 0x0f, 0x00, 0xf0, 0xff, 0xf0, 0x00, 0xf0, 0x0f,
	0x00, 0x00, 0xff, 0x00, 0x00, 0x00, 0x00, 0x00, 0x00, 0x00, 0x00, 0x00, 0x0f, 0x00, 0x00, 0x00,
	0x00, 0xf0, 0x00, 0x00, 0x00, 0x00, 0x00, 0xf0, 0x00, 0x00, 0x00, 0x00, 0x00, 0x00, 0x00, 0x0f,
	0x00, 0x00, 0x00, 0x0f, 0x00, 0x00, 0x00, 0x0f, 0xf0, 0xff, 0x00, 0xff, 0xff, 0xf0, 0x00, 0xff,
	0x00, 0x00, 0xf0, 0x00, 0xff, 0x00, 0x00, 0xf0, 0x00, 0x0f, 0x00, 0x00, 0x00, 0x00, 0x00, 0x00,
	0x00, 0x00, 0x00, 0x00, 0x00, 0x00, 0x00, 0x00, 0x00, 0x00, 0x00, 0x0f, 0x00, 0x00, 0x00, 0x00,
	0x00, 0xf0, 0x00, 0xff, 0x00, 0x00, 0x0f, 0xf0, 0xf0, 0x00, 0x00, 0x00, 0x0f, 0xf0, 0x00, 0xf0,
	0x00, 0x00, 0x00, 0x00, 0x00, 0xff, 0x00, 0xff, 0x00, 0xf0, 0xf0, 0x00, 0x00, 0xff, 0x00, 0x00,
	0xf0, 0xff, 0xf0, 0x00, 0x0f, 0x00, 0xf0, 0x00, 0x00, 0x00, 0xff, 0x00, 0x00, 0xff, 0x00, 0x00,
	0xff, 0x0f, 0x00, 0x00, 0xff, 0xf0, 0x00, 0x00, 0x00, 0xff, 0x00, 0x00, 0x00, 0xf0, 0xf0, 0x00,
	0x00, 0x00, 0xf0, 0x00, 0x00, 0x00, 0xff, 0x0f, 0x00, 0xf0, 0xff, 0x00, 0x00, 0xff, 0x00, 0x00,
	0xf0, 0x00, 0x00, 0x00, 0x00, 0x0f, 0x00, 0x00, 0x00, 0x00, 0x00, 0x0f, 0x00, 0x0f, 0xf0, 0x0f,
	0xff, 0x00, 0xf0, 0xff, 0x00, 0x00, 0x00, 0x00, 0x00, 0xff, 0xff, 0x00, 0x0f, 0x00, 0x00, 0x00,
	0x00, 0x00, 0xff, 0xf0, 0x00, 0x00, 0xf0, 0x00, 0x00, 0xf0, 0x00, 0x00, 0xff, 0x00, 0x00, 0xff,
	0xff, 0xf0, 0xf0, 0x0f, 0x00, 0x0f, 0x00, 0x00, 0x00, 0x00, 0xf0, 0x00, 0xf0, 0x00, 0x00, 0x00,
	0xff, 0xf0, 0x00, 0x00, 0x00, 0x00, 0xf0, 0x00, 0x00, 0x00, 0x00, 0x0f, 0xf0, 0x00, 0xf0, 0x00,
	0xff, 0x00, 0xf0, 0xf0, 0xf0, 0x00, 0xff, 0xf0, 0xf0, 0x0f, 0x0f, 0x00, 0x00, 0x00, 0xf0, 0xff,
	0xf0, 0xf0, 0xf0, 0x00, 0xff, 0x00, 0xf0, 0x00, 0x0f, 0x00, 0xf0, 0xf0, 0xf0, 0xff, 0x0f, 0x00,
	0x00, 0x00, 0x00, 0x00, 0x00, 0x00, 0xff, 0x0f, 0xff, 0x0f, 0x00, 0x0f, 0x00, 0x00, 0x0f, 0x00,
	0x00, 0x0f, 0x00, 0x00, 0x00, 0x00, 0x00, 0x00, 0x00, 0xf0, 0xf0, 0x0f, 0xff, 0x00, 0x0f, 0xff,
	0x0f, 0x00, 0x00, 0x00, 0x00, 0xf0, 0x00, 0x0f, 0x00, 0x00, 0x0f, 0x0f, 0xf0, 0x00, 0x00, 0xf0,
	0x0f, 0x0f, 0xf0, 0xff, 0x00, 0xf0, 0x00, 0x00, 0x00, 0x00, 0x00, 0x00, 0x0f, 0xf0, 0xf0, 0x00,
	0xf0, 0xf0, 0x00, 0x0f, 0x00, 0x00, 0xff, 0xff, 0xff, 0x0f, 0x00, 0x0f, 0x00, 0x0f, 0x00, 0x00,
	0x0f, 0x00, 0xff, 0x00, 0x0f, 0x00, 0x00, 0x00, 0x00, 0x00, 0xff, 0x00, 0x00, 0x00, 0xf0, 0x00,
	0x00, 0x00, 0xf0, 0x00, 0x00, 0xff, 0x00, 0x00, 0x00, 0x0f, 0xf0, 0xf0, 0xff, 0x00, 0x0f, 0x00,
	0x0f, 0x00, 0xff, 0x0f, 0xff, 0xf0, 0xf0, 0xf0, 0x00, 0x00, 0xf0, 0x00, 0xff, 0xff, 0x00, 0xff,
	0xf0, 0x0f, 0x00, 0xf0, 0x00, 0x00, 0x00, 0x0f, 0xf0, 0x00, 0x00, 0xf0, 0x00, 0x0f, 0xff, 0xf0,
	0x00, 0xf0, 0xff, 0x00, 0x00, 0x0f, 0xf0, 0x00, 0x00, 0x00, 0xf0, 0xff, 0xf0, 0x00, 0x00, 0x00,
	0xf0, 0x00, 0x00, 0x0f, 0xf0, 0xf0, 0x00, 0x00, 0x00, 0x00, 0xf0, 0x00, 0xff, 0x00, 0x00, 0x00,
	0x0f, 0x0f, 0xf0, 0xf0, 0x00, 0x00, 0x00, 0x00, 0x00, 0xf0, 0xf0, 0xf0, 0x00, 0x00, 0x0f, 0xff,
	0x00, 0x00, 0x00, 0x00, 0x00, 0xf0, 0x00, 0x00, 0x00, 0xff, 0x00, 0x00, 0xf0, 0x0f, 0x00, 0x00,
	0xff, 0x00, 0x00, 0xf0, 0xf0, 0xff, 0x0f, 0x00, 0x0f, 0xf0, 0x0f, 0x00, 0x00, 0xf0, 0x0f, 0xff,
	0x00, 0x00, 0xff, 0xf0, 0xff, 0x00, 0x0f, 0x00, 0x00, 0xff, 0xf0, 0xff, 0x00, 0xff, 0xff, 0x00,
	0xf0, 0xff, 0x00, 0x00, 0xf0, 0x0f, 0x00, 0xff, 0x00, 0x00, 0x00, 0x0f, 0xff, 0x00, 0x00, 0xf0,
	0xf0, 0x00, 0x00, 0x00, 0x0f, 0x00, 0xff, 0xff, 0x00, 0x0f, 0x00, 0x0f, 0xf0, 0x0f, 0x00, 0xff,
	0x00, 0xf0, 0xff, 0x00, 0x0f, 0x00, 0x00, 0x00, 0x00, 0x0f, 0xff, 0x00, 0x00, 0xf0, 0xf0, 0xff,
	0xf0, 0x00, 0xf0, 0xff, 0x0f, 0x0f, 0x0f, 0x00, 0x0f, 0x00, 0x00, 0x0f, 0x0f, 0x0f, 0xff, 0xff,
	0x00, 0x00, 0x00, 0x00, 0x0f, 0x00, 0x00, 0x00, 0x00, 0x00, 0xff, 0x0f, 0x0f, 0x00, 0xf0, 0xf0,
	0x00, 0xff, 0xff, 0x0f, 0x0f, 0xff, 0xff, 0x00, 0xf0, 0xff, 0x00, 0x00, 0x0f, 0x00, 0xff, 0xf0,
	0xff, 0xf0, 0xf0, 0xf0, 0x00, 0x00, 0x00, 0x00, 0xf0, 0x0f, 0xff, 0xf0, 0x0f, 0x0f, 0xff, 0x00,
	0xf0, 0xf0, 0x0f, 0xf0, 0x0f, 0xf0, 0x0f, 0x0f, 0x0f, 0xf0, 0x0f, 0xff, 0x00, 0xff, 0x0f, 0x00,
	0x0f, 0xff, 0x00, 0xf0, 0xff, 0xff, 0xf0, 0xff, 0x0f, 0x00, 0xf0, 0xff, 0xf0, 0x00, 0xf0, 0x0f,
	0xf0, 0x00, 0xff, 0x00, 0x0f, 0x00, 0x0f, 0x00, 0x00, 0x0f, 0x00, 0x00, 0xf0, 0x0f, 0xf0, 0x00,
	0x00, 0x00, 0x00, 0x00, 0x00, 0x0f, 0x0f, 0x00, 0xff, 0xff, 0x00, 0xf0, 0x0f, 0x0f, 0x00, 0xff,
	0xff, 0x00, 0x00, 0x00, 0x0f, 0xff, 0x00, 0x0f, 0x00, 0xff, 0xff, 0x0f, 0x00, 0x00, 0xff, 0x00,
	0x00, 0xf0, 0x0f, 0xf0, 0xf0, 0x00, 0x0f, 0xf0, 0x0f, 0xff, 0x00, 0x00, 0xf0, 0xf0, 0x00, 0xf0,
	0x00, 0x0f, 0xff, 0xf0, 0x00, 0x0f, 0x0f, 0xff, 0x00, 0x00, 0xf0, 0xf0, 0x00, 0x00, 0x0f, 0xff,
	0x00, 0x00, 0xff, 0x00, 0x00, 0x00, 0xf0, 0x0f, 0xf0, 0xff, 0x00, 0xf0, 0x00, 0xff, 0x00, 0xf0,
	0xf0, 0x00, 0xf0, 0xff, 0xff, 0x00, 0x00, 0x0f, 0x00, 0xff, 0x0f, 0xf0, 0x00, 0x00, 0x00, 0xf0,
	0x00, 0xf0, 0x00, 0x0f, 0x0f, 0xf0, 0x00, 0xff, 0xff, 0x00, 0xff, 0x00, 0x0f, 0x00, 0x00, 0xff,
	0xff, 0x00, 0x0f, 0xff, 0x0f, 0x00, 0x0f, 0xf0, 0x00, 0x00, 0x00, 0x00, 0x00, 0xff, 0xff, 0x00,
	0x00, 0x00, 0x0f, 0x0f, 0xf0, 0xff, 0x0f, 0x0f, 0xff, 0x00, 0xf0, 0x00, 0xff, 0x00, 0x00, 0xff,
	0x00, 0x00, 0xf0, 0xff, 0xff, 0x0f, 0xf0, 0xf0, 0x00, 0x00, 0x0f, 0x00, 0xf0, 0x0f, 0x0f, 0x00,
	0xf0, 0x0f, 0xf0, 0xff, 0x00, 0xf0, 0xf0, 0x0f, 0xf0, 0x00, 0x00, 0x00, 0x00, 0xff, 0x00, 0xf0,
	0x00, 0x00, 0x0f, 0x00, 0x0f, 0x00, 0x0f, 0xff, 0x00, 0xff, 0xff, 0xff, 0xf0, 0x00, 0x00, 0x00,
	0xf0, 0x00, 0xf0, 0xff, 0x00, 0xff, 0x00, 0xf0, 0x0f, 0xf0, 0xf0, 0xff, 0xf0, 0xff, 0x0f, 0x0f,
	0x00, 0x0f, 0xff, 0xf0, 0xff, 0xf0, 0x0f, 0xf0, 0xff, 0xff, 0xf0, 0x00, 0x0f, 0xff, 0x00, 0xf0,
	0xff, 0xff, 0x0f, 0x0f, 0xf0, 0xf0, 0x00, 0x0f, 0xf0, 0xff, 0xff, 0x00, 0xff, 0xff, 0xff, 0x00,
	0x00, 0x0f, 0xf0, 0x00, 0x0f, 0xf0, 0x0f, 0x0f, 0x00, 0xf0, 0xf0, 0x0f, 0x0f, 0x00, 0x00, 0x0f,
	0x0f, 0x0f, 0xf0, 0x00, 0xff, 0x0f, 0x00, 0xff, 0x0f, 0xf0, 0x0f, 0x00, 0x00, 0xff, 0x0f, 0xff,
	0xf0, 0x0f, 0x0f, 0xff, 0x0f, 0x0f, 0xff, 0xff, 0xf0, 0xff, 0xff, 0xff, 0x00, 0x00, 0xf0, 0xff,
	0xf0, 0x0f, 0xf0, 0xff, 0xf0, 0x00, 0xf0, 0xf0, 0xff, 0xf0, 0xf0, 0xf0, 0x0f, 0x00, 0x0f, 0xf0,
	0xff, 0x0f, 0xff, 0xf0, 0x0f, 0xf0, 0x0f, 0xf0, 0xff, 0xff, 0x00, 0x0f, 0xf0, 0xff, 0x0f, 0xff,
	0x0f, 0xff, 0xff, 0x0f, 0xf0, 0x0f, 0xff, 0xff, 0x00, 0x00, 0xf0, 0xff, 0x0f, 0xff, 0xf0, 0x00,
	0xf0, 0xf0, 0xff, 0xf0, 0xf0, 0xff, 0x0f, 0xff, 0xf0, 0x0f, 0xff, 0x0f, 0x0f, 0x00, 0x00, 0x0f,
	0x00, 0xf0, 0x00, 0xf0, 0x00, 0x0f, 0xff, 0x0f, 0xf0, 0xff, 0xf0, 0xf0, 0x0f, 0xff, 0x00, 0xff,
	0xff, 0x00, 0xff, 0xff, 0x0f, 0xff, 0x00, 0xff, 0xff, 0x0f, 0x00, 0x0f, 0xff, 0xff, 0xff, 0x0f,
	0x0f, 0x0f, 0x00, 0xf0, 0x00, 0x0f, 0x00, 0xf0, 0xf0, 0x00, 0xff, 0x0f, 0x0f, 0x00, 0x00, 0xff,
	0xff, 0x0f, 0x0f, 0xf0, 0xf0, 0xff, 0x0f, 0xf0, 0x00, 0xff, 0xf0, 0xf0, 0x00, 0xff, 0xf0, 0xff,
	0xf0, 0x00, 0x00, 0x0f, 0xf0, 0xff, 0xf0, 0xf0, 0x0f, 0xff, 0x0f, 0x0f, 0x00, 0x00, 0xff, 0x0f,
	0x00, 0xff, 0xff, 0xf0, 0xff, 0x00, 0x0f, 0x0f, 0xf0, 0xf0, 0x00, 0xff, 0xff, 0xff, 0xff, 0xff,
	0xff, 0xf0, 0xf0, 0x0f, 0x00, 0x00, 0x00, 0xf0, 0x0f, 0xf0, 0x0f, 0x0f, 0x00, 0xff, 0x0f, 0x0f,
	0xf0, 0x0f, 0x0f, 0x0f, 0x0f, 0xff, 0xff, 0x00, 0xff, 0xff, 0x0f, 0xf0, 0x0f, 0xff, 0xff, 0xf0,
	0x00, 0x0f, 0x00, 0xff, 0xf0, 0x0f, 0xff, 0xff, 0x0f, 0xff, 0xf0, 0x00, 0x0f, 0xff, 0xff, 0xff,
	0xf0, 0x00, 0x00, 0x00, 0x00, 0xf0, 0xff, 0xf0, 0x00, 0x0f, 0xff, 0x0f, 0xff, 0x00, 0x0f, 0x0f,
	0x0f, 0x0f, 0xff, 0xff, 0x00, 0xf0, 0xf0, 0x00, 0xff, 0x0f, 0x0f, 0x0f, 0xf0, 0x0f, 0xf0, 0xff,
	0xf0, 0xff, 0xff, 0xf0, 0x0f, 0xf0, 0xff, 0xff, 0x0f, 0xff, 0x0f, 0x0f, 0xf0, 0xf0, 0x00, 0x0f,
	0xff, 0x00, 0xff, 0xf0, 0xff, 0x0f, 0x0f, 0x0f, 0xf0, 0xff, 0xf0, 0xf0, 0x0f, 0x0f, 0x0f, 0x0f,
	0x0f, 0x00, 0x0f, 0xf0, 0x0f, 0x0f, 0x0f, 0x0f, 0xff, 0x0f, 0xff, 0xf0, 0x0f, 0x00, 0xf0, 0x0f,
	0x0f, 0xff, 0x00, 0xff, 0x0f, 0x00, 0xff, 0x00, 0x0f, 0xff, 0xf0, 0xff, 0xf0, 0x00, 0xff, 0x00,
	0xf0, 0xff, 0x0f, 0xff, 0xf0, 0x0f, 0xf0, 0xf0, 0xf0, 0xff, 0x0f, 0x0f, 0xff, 0xf0, 0xff, 0x0f,
	0xff, 0xff, 0x0f, 0xff, 0x0f, 0xff, 0xff, 0x0f, 0x0f, 0x0f, 0xff, 0xff, 0x0f, 0x0f, 0x00, 0x0f,
	0xf0, 0x00, 0x0f, 0xff, 0xf0, 0xf0, 0xf0, 0xff, 0x0f, 0xf0, 0x0f, 0xf0, 0xf0, 0x0f, 0x0f, 0xff,
	0xff, 0xff, 0xff, 0xff, 0xf0, 0xff, 0xff, 0x00, 0x0f, 0xff, 0xf0, 0xff, 0x0f, 0xff, 0xf0, 0xf0,
	0xff, 0x0f, 0xff, 0xf0, 0xf0, 0x00, 0x0f, 0xf0, 0xff, 0xff, 0xff, 0x00, 0xf0, 0x00, 0xf0, 0xf0,
	0xff, 0xff, 0xf0, 0x0f, 0xff, 0x0f, 0xff, 0xff, 0xf0, 0x00, 0xf0, 0x0f, 0x0f, 0xf0, 0xf0, 0x0f,
	0xf0, 0xf0, 0xf0, 0x0f, 0xff, 0x0f, 0xf0, 0x0f, 0xf0, 0x0f, 0x00, 0x00, 0xff, 0xff, 0x0f, 0x0f,
	0xf0, 0x0f, 0x0f, 0xff, 0xf0, 0xf0, 0x0f, 0xff, 0xf0, 0xff, 0xf0, 0xf0, 0x0f, 0xf0, 0x0f, 0x0f,
	0x0f, 0x0f, 0xff, 0xff, 0xff, 0x0f, 0xff, 0x00, 0x00, 0x0f, 0x0f, 0x0f, 0xff, 0xff, 0xf0, 0x0f,
	0x00, 0xff, 0xf0, 0x00, 0xf0, 0xf0, 0xff, 0xf0, 0x00, 0xff, 0x0f, 0x00, 0x0f, 0x0f, 0xff, 0xf0,
	0xff, 0xf0, 0xff, 0xff, 0x0f, 0xff, 0xff, 0xff, 0x00, 0xf0, 0x00, 0x0f, 0xf0, 0xf0, 0x0f, 0xf0,
	0xf0, 0xff, 0xf0, 0xff, 0xff, 0xf0, 0x0f, 0xff, 0xff, 0xff, 0xf0, 0xf0, 0xff, 0xf0, 0xff, 0xff,
	0xf0, 0x0f, 0xff, 0xf0, 0xff, 0xff, 0x0f, 0xf0, 0xff, 0x0f, 0xff, 0xff, 0x0f, 0xff, 0xff, 0x0f,
	0xff, 0x00, 0xf0, 0x00, 0x0f, 0xf0, 0xf0, 0xff, 0xf0, 0xf0, 0xf0, 0x0f, 0x00, 0x0f, 0xff, 0xf0,
	0xff, 0xff, 0xff, 0x0f, 0xff, 0xff, 0x00, 0xff, 0x0f, 0x0f, 0x0f, 0x0f, 0x0f, 0x0f, 0xff, 0xf0,
	0xff, 0xff, 0xff, 0xff, 0xff, 0xff, 0xff, 0xff, 0xff, 0xff, 0xff, 0xff, 0xff, 0xff, 0xff, 0xff,
	0xff, 0xff, 0xff, 0xff, 0xff, 0xff, 0xff, 0xff, 0xff, 0xff, 0xff, 0xff, 0xff, 0xff, 0xff, 0xff,
	0xff, 0xff, 0xff, 0xff, 0xff, 0xff, 0xff, 0xff, 0xff, 0xff, 0xff, 0xff, 0xff, 0xff, 0xff, 0xff,
	0xff, 0xff, 0xff, 0xff, 0xff, 0xff, 0xff, 0xff, 0xff, 0xff, 0xff, 0xff, 0xff, 0xff, 0xff, 0xff,
	0xff, 0xff, 0xff, 0xff, 0xff, 0xff, 0xff, 0xff, 0xff, 0xff, 0xff, 0xff, 0xff, 0xff, 0xff, 0xff,
	0xff, 0xff, 0xff, 0xff, 0xff, 0xff, 0xff, 0xff, 0xff, 0xff, 0xff, 0xff, 0xff, 0xff, 0xff, 0xff,
	0xff, 0xff, 0xff, 0xff, 0xff, 0xff, 0xff, 0xff, 0xff, 0xff, 0xff, 0xff, 0xff, 0xff, 0xff, 0xff,
	0xff, 0xff, 0xff, 0xff, 0xff, 0xff, 0xff, 0xff, 0xff, 0xff, 0xff, 0xff, 0xff, 0xff, 0xff, 0xff,
	0xff, 0xff, 0xff, 0xff, 0xff, 0xff, 0xff, 0xff, 0xff, 0xff, 0xff, 0xff, 0xff, 0xff, 0xff, 0xff,
	0xff, 0xff, 0xff, 0xff, 0xff, 0xff, 0xff, 0xff, 0xff, 0xff, 0xff, 0xff, 0xff, 0xff, 0xff, 0xff,
	0xff, 0xff, 0xff, 0xff, 0xff, 0xff, 0xff, 0xff, 0xff, 0xff, 0xff, 0xff, 0xff, 0xff, 0xff, 0xff,
	0xff, 0xff, 0xff, 0xff, 0xff, 0xff, 0xff, 0xff, 0xff, 0xff, 0xff, 0xff, 0xff, 0xff, 0xff, 0xff,
	0xff, 0xff, 0xff, 0xff, 0xff, 0xff, 0xff, 0xff, 0xff, 0xff, 0xff, 0xff, 0xff, 0xff, 0xff, 0xff,
	0xff, 0xff, 0xff, 0xff, 0xff, 0xff, 0xff, 0xff, 0xff, 0xff, 0xff, 0xff, 0xff, 0xff, 0xff, 0xff,
	0xff, 0xff, 0xff, 0xff, 0xff, 0xff, 0xff, 0xff, 0xff, 0xff, 0xff, 0xff, 0xff, 0xff, 0xff, 0xff,
	0xff, 0xff, 0xff, 0xff, 0xff, 0xff, 0xff, 0xff, 0xff, 0xff, 0xff, 0xff, 0xff, 0xff, 0xff, 0xff,
	0xff, 0xff, 0xff, 0xff, 0xff, 0xff, 0xff, 0xff, 0xff, 0xff, 0xff, 0xff, 0xff, 0xff, 0xff, 0xff,
	0xff, 0xff, 0xff, 0xff, 0xff, 0xff, 0xff, 0xff, 0xff, 0xff, 0xff, 0xff, 0xff, 0xff, 0xff, 0xff,
	0xff, 0xff, 0xff, 0xff, 0xff, 0xff, 0xff, 0xff, 0xff, 0xff, 0xff, 0xff, 0xff, 0xff, 0xff, 0xff,
	0xff, 0xff, 0xff, 0xff, 0xff, 0xff, 0xff, 0xff, 0xff, 0xff, 0xff, 0xff, 0xff, 0xff, 0xff, 0xff,
	0x00, 0x00, 0x00, 0x00, 0x00, 0x00, 0x00, 0x00, 0x00, 0x00, 0x00, 0x00, 0x00, 0x00, 0x00, 0x00,
	0x00, 0x00, 0x00, 0x00, 0x00, 0x00, 0x00, 0x00, 0x00, 0x00, 0x00, 0x00, 0x00, 0x00, 0x00, 0x00,
	0x00, 0x00, 0x00, 0x00, 0x00, 0x00, 0x00, 0x00, 0x00, 0x00, 0x00, 0x00, 0x00, 0x00, 0x00, 0x00,
	0x00, 0x00, 0x00, 0x00, 0x00, 0x00, 0x00, 0x00, 0x00, 0x00, 0x00, 0x00, 0x00, 0x00, 0x00, 0x00,
	0x00, 0x00, 0x00, 0x00, 0x00, 0x00, 0x00, 0x00, 0x00, 0x00, 0x00, 0x00, 0x00, 0x00, 0x00, 0x00,
	0x00, 0x00, 0x00, 0x00, 0x00, 0x00, 0x00, 0x00, 0x00, 0x00, 0x00, 0x00, 0x00, 0x00, 0x00, 0x00,
	0x00, 0x00, 0x00, 0x00, 0x00, 0x00, 0x00, 0x00, 0x00, 0x00, 0x00, 0x00, 0x00, 0x00, 0x00, 0x00,
	0x00, 0x00, 0x00, 0x00, 0x00, 0x00, 0x00, 0x00, 0x00, 0x00, 0x00, 0x00, 0x00, 0x00, 0x00, 0x00,
	0x00, 0x00, 0x00, 0x00, 0x00, 0x00, 0x00, 0x00, 0x00, 0x00, 0x00, 0x00, 0x00, 0x00, 0x00, 0x00,
	0x00, 0x00, 0x00, 0x00, 0x00, 0x00, 0x00, 0x00, 0x00, 0x00, 0x00, 0x00, 0x00, 0x00, 0x00, 0x00,
	0x00, 0x00, 0x00, 0x00, 0x00, 0x00, 0x00, 0x00, 0x00, 0x00, 0x00, 0x00, 0x00, 0x00, 0x00, 0x00,
	0x00, 0x00, 0x00, 0x00, 0x00, 0x00, 0x00, 0x00, 0x00, 0x00, 0x00, 0x00, 0x00, 0x00, 0x00, 0x00,
	0x00, 0x00, 0x00, 0x00, 0x00, 0x00, 0x00, 0x00, 0x00, 0x00, 0x00, 0x00, 0x00, 0x00, 0x00, 0x00,
	0x00, 0x00, 0x00, 0x00, 0x00, 0x00, 0x00, 0x00, 0x00, 0x00, 0x00, 0x00, 0x00, 0x00, 0x00, 0x00,
	0x00, 0x00, 0x00, 0x00, 0x00, 0x00, 0x00, 0x00, 0x00, 0x00, 0x00, 0x00, 0x00, 0x00, 0x00, 0x00,
	0x00, 0x00, 0x00, 0x00, 0x00, 0x00, 0x00, 0x00, 0x00, 0x00, 0x00, 0x00, 0x00, 0x00, 0x00, 0x00,
	0x00, 0x00, 0x00, 0x00, 0x00, 0x00, 0x00, 0x00, 0x00, 0x00, 0x00, 0x00, 0x00, 0x00, 0x00, 0x00,
	0x00, 0x00, 0x00, 0x00, 0x00, 0x00, 0x00, 0x00, 0x00, 0x00, 0x00, 0x00, 0x00, 0x00, 0x00, 0x00,
	0x00, 0x00, 0x00, 0x00, 0x00, 0x00, 0x00, 0x00, 0x00, 0x00, 0x00, 0x00, 0x00, 0x00, 0x00, 0x00,
	0x00, 0x00, 0x00, 0x00, 0x00, 0x00, 0x00, 0x00, 0x00, 0x00, 0x00, 0x00, 0x00, 0x00, 0x00, 0x00,
	0x0f, 0x00, 0x00, 0x00, 0x00, 0xf0, 0x00, 0x00, 0x00, 0x00, 0x00, 0x00, 0x00, 0x00, 0x00, 0x00,
	0x0f, 0x00, 0x00, 0xf0, 0xff, 0x00, 0x00, 0x00, 0xff, 0xff, 0x00, 0x00, 0x00, 0x00, 0x00, 0x00,
	0x00, 0xf0, 0x00, 0xf0, 0x0f, 0xf0, 0x00, 0xff, 0x00, 0x0f, 0xff, 0x00, 0x00, 0x00, 0x00, 0x00,
	0x00, 0x00, 0x00, 0x00, 0x00, 0x00, 0x00, 0x00, 0x00, 0x00, 0x00, 0x00, 0x00, 0x00, 0xff, 0x00,
	0x00, 0xf0, 0x0f, 0x00, 0x00, 0x00, 0x00, 0x00, 0x00, 0x00, 0x00, 0x0f, 0x00, 0xff, 0x00, 0x00,
	0x00, 0x00, 0x0f, 0x00, 0x00, 0x00, 0xf0, 0x00, 0x00, 0x00, 0x00, 0x00, 0x00, 0xf0, 0x00, 0x00,
	0x00, 0x00, 0x0f, 0x00, 0x00, 0x0f, 0xff, 0x00, 0x00, 0x00, 0x00, 0x0f, 0x00, 0x00, 0xf0, 0x00,
	0x0f, 0xff, 0x00, 0x00, 0x00, 0x00, 0x00, 0x0f, 0x00, 0x0f, 0x00, 0x00, 0x00, 0x00, 0x00, 0xf0,
	0x00, 0x00, 0x00, 0x00, 0x00, 0xff, 0x00, 0x00, 0xff, 0x00, 0x00, 0xf0, 0x00, 0x00, 0x00, 0x00,
	0x00, 0xff, 0xf0, 0x0f, 0xff, 0x00, 0xff, 0x00, 0x00, 0x00, 0x00, 0x00, 0x00, 0x00, 0x00, 0x00,
	0x00, 0xf0, 0x00, 0x00, 0x00, 0x0f, 0x00, 0xff, 0x00, 0x00, 0x0f, 0x00, 0x00, 0xf0, 0x00, 0x00,
	0x00, 0x00, 0x00, 0x00, 0x00, 0x0f, 0x00, 0x00, 0x00, 0x00, 0x00, 0xff, 0xf0, 0x00, 0x00, 0x00,
	0x00, 0x00, 0x00, 0x00, 0x00, 0x00, 0x00, 0x0f, 0xf0, 0x00, 0xf0, 0xff, 0x00, 0xf0, 0x00, 0xf0,
	0xf0, 0xf0, 0xff, 0x00, 0x0f, 0x00, 0xff, 0x00, 0x00, 0x0f, 0x00, 0xf0, 0x0f, 0x00, 0x00, 0x00,
	0x00, 0x00, 0x00, 0x00, 0x0f, 0x00, 0x00, 0x00, 0xf0, 0x00, 0x00, 0x00, 0x00, 0x00, 0x00, 0x0f,
	0x00, 0x00, 0x00, 0x00, 0x00, 0x00, 0x00, 0x00, 0x0f, 0x00, 0x00, 0x00, 0x00, 0x00, 0xf0, 0x00,
	0x00, 0x00, 0xff, 0x00, 0xff, 0x00, 0x00, 0x00, 0x0f, 0x00, 0x00, 0x00, 0x00, 0x00, 0x00, 0x00,
	0x00, 0x00, 0x00, 0x00, 0x0f, 0xff, 0xf0, 0xf0, 0x00, 0x00, 0x00, 0x00, 0x00, 0x00, 0x00, 0x00,
	0x00, 0x00, 0x00, 0x00, 0x0f, 0x00, 0x00, 0x00, 0x00, 0xff, 0x00, 0x00, 0x00, 0x00, 0xf0, 0x0f,
	0x00, 0x00, 0x00, 0x0f, 0x00, 0x00, 0x00, 0x00, 0x00, 0x00, 0x00, 0x00, 0xf0, 0x00, 0x00, 0x00,
	0xff, 0x00, 0xf0, 0x00, 0xf0, 0x00, 0x00, 0x00, 0xf0, 0x00, 0x00, 0x00, 0x0f, 0x00, 0x00, 0x00,
	0x00, 0x0f, 0x00, 0xf0, 0x00, 0x00, 0x00, 0x00, 0x00, 0xf0, 0x00, 0xf0, 0x00, 0x00, 0xff, 0x00,
	0x00, 0x00, 0xff, 0x00, 0x00, 0x00, 0x00, 0x00, 0x00, 0x00, 0x00, 0x00, 0x00, 0x00, 0x00, 0xff,
	0x00, 0x00, 0x00, 0x00, 0x00, 0x00, 0xff, 0x00, 0x0f, 0x00, 0xf0, 0x00, 0x00, 0x00, 0xf0, 0xf0,
	0xff, 0x00, 0xff, 0x00, 0x00, 0x00, 0x00, 0x00, 0x00, 0x00, 0x00, 0x00, 0x00, 0x00, 0x0f, 0x00,
	0x00, 0x00, 0xf0, 0xf0, 0x00, 0x00, 0x0f, 0xff, 0x00, 0x00, 0x00, 0x00, 0x00, 0x00, 0x00, 0x0f,
	0x00, 0x00, 0x00, 0x00, 0xff, 0x00, 0x00, 0x00, 0x00, 0x00, 0x00, 0x00, 0xff, 0xf0, 0x00, 0x00,
	0xff, 0x0f, 0x00, 0x00, 0x0f, 0x00, 0x00, 0x00, 0x00, 0x00, 0x00, 0x00, 0x00, 0x00, 0x0f, 0x00,
	0x00, 0xff, 0xff, 0x00, 0x00, 0x00, 0x00, 0x00, 0x00, 0x00, 0x00, 0x00, 0x00, 0x00, 0x00, 0xf0,
	0xff, 0x00, 0x00, 0x00, 0xf0, 0x00, 0x00, 0xff, 0x0f, 0x00, 0x0f, 0x00, 0x00, 0x00, 0x00, 0x00,
	0x00, 0x0f, 0xff, 0x00, 0xff, 0x00, 0x00, 0xff, 0x00, 0xf0, 0xff, 0x00, 0x0f, 0xff, 0x00, 0x00,
	0x00, 0x0f, 0x00, 0x00, 0xf0, 0x00, 0x00, 0x00, 0xf0, 0x00, 0x00, 0xff, 0x0f, 0x00, 0x00, 0xf0,
	0x0f, 0x00, 0xff, 0x0f, 0xf0, 0x00, 0xff, 0xff, 0x00, 0x00, 0x00, 0x0f, 0x00, 0x00, 0x00, 0x00,
	0x00, 0x00, 0x00, 0x00, 0x00, 0x00, 0x00, 0xf0, 0xf0, 0xf0, 0xf0, 0x00, 0x00, 0x0f, 0x00, 0x00,
	0x00, 0xf0, 0xf0, 0xff, 0x00, 0x00, 0x00, 0x00, 0x00, 0xf0, 0x00, 0x0f, 0x00, 0x00, 0x00, 0x00,
	0x00, 0x00, 0x00, 0xff, 0x00, 0x00, 0x00, 0x00, 0x00, 0x00, 0x00, 0xf0, 0x00, 0x00, 0xff, 0x00,
	0x00, 0x00, 0xf0, 0x00, 0x00, 0x00, 0x00, 0xff, 0x00, 0x00, 0x00, 0x00, 0x00, 0x00, 0x00, 0x00,
	0x00, 0x00, 0x00, 0x00, 0x0f, 0x00, 0x00, 0x00, 0x00, 0x00, 0x00, 0xf0, 0xff, 0x00, 0xff, 0x00,
	0xff, 0xff, 0x00, 0x00, 0x00, 0x00, 0x00, 0x00, 0x00, 0x00, 0xf0, 0x0f, 0xf0, 0x00, 0x00, 0x00,
	0xf0, 0x00, 0xf0, 0x0f, 0xff, 0x00, 0x00, 0x00, 0x00, 0xf0, 0x00, 0x00, 0x00, 0x00, 0x00, 0x00,
	0x00, 0x00, 0x0f, 0x0f, 0x00, 0x00, 0x00, 0xf0, 0xff, 0x00, 0x00, 0x00, 0xf0, 0x00, 0xff, 0x0f,
	0xff, 0x0f, 0x0f, 0x0f, 0x0f, 0x00, 0x0f, 0xff, 0x00, 0xf0, 0x00, 0xf0, 0x00, 0x00, 0x00, 0xff,
	0xf0, 0xff, 0x00, 0x00, 0xff, 0xff, 0x0f, 0x0f, 0xf0, 0xff, 0xf0, 0x00, 0xf0, 0x00, 0x00, 0xf0,
	0xf0, 0x0f, 0x0f, 0xf0, 0x0f, 0xf0, 0xff, 0x00, 0x00, 0x00, 0x00, 0x00, 0xf0, 0x00, 0x00, 0xf0,
	0xff, 0xf0, 0x00, 0x0f, 0xf0, 0xff, 0x00, 0x0f, 0x0f, 0x00, 0x00, 0xf0, 0xff, 0x00, 0xff, 0x0f,
	0xf0, 0x0f, 0x00, 0xf0, 0xf0, 0x0f, 0x00, 0x00, 0x00, 0x00, 0xf0, 0x00, 0x00, 0x00, 0x00, 0x0f,
	0x00, 0x00, 0x00, 0xf0, 0x0f, 0x00, 0x00, 0x00, 0x0f, 0xff, 0x00, 0x00, 0x00, 0xf0, 0x00, 0x00,
	0x00, 0x0f, 0x00, 0x00, 0x00, 0x00, 0xf0, 0xff, 0x0f, 0x0f, 0x00, 0x00, 0xff, 0xf0, 0x0f, 0x00,
	0x00, 0xf0, 0xff, 0xff, 0xff, 0x00, 0x00, 0x00, 0x00, 0x00, 0x00, 0xf0, 0x00, 0xff, 0x00, 0x00,
	0x0f, 0x00, 0x0f, 0x00, 0x00, 0x00, 0x00, 0x00, 0x00, 0x00, 0xff, 0x00, 0x0f, 0x0f, 0x00, 0x00,
	0xf0, 0xf0, 0xff, 0xff, 0x00, 0xf0, 0xf0, 0x00, 0x0f, 0x0f, 0x00, 0x00, 0x00, 0xf0, 0xf0, 0xf0,
	0x00, 0x00, 0x0f, 0xff, 0x00, 0x00, 0x00, 0x00, 0xf0, 0x00, 0x00, 0x00, 0x00, 0xf0, 0x00, 0xf0,
	0x00, 0xf0, 0x00, 0x00, 0x00, 0xf0, 0x00, 0x00, 0x00, 0xff, 0x00, 0x0f, 0x00, 0xf0, 0x00, 0x00,
	0xff, 0x0f, 0xf0, 0x0f, 0x0f, 0x00, 0x00, 0x00, 0xf0, 0xf0, 0xff, 0x00, 0x00, 0x0f, 0xf0, 0x00,
	0xf0, 0x00, 0xff, 0x00, 0xff, 0xff, 0xff, 0xf0, 0x00, 0xff, 0x00, 0x00, 0x00, 0x00, 0x0f, 0xf0,
	0x00, 0x00, 0x00, 0x00, 0x00, 0x00, 0x00, 0x00, 0x00, 0xff, 0x0f, 0x00, 0x00, 0xf0, 0x00, 0xf0,
	0x00, 0x00, 0xf0, 0xf0, 0x00, 0xff, 0x0f, 0x0f, 0x00, 0x00, 0x0f, 0x00, 0x00, 0xf0, 0xf0, 0x00,
	0x0f, 0x00, 0x00, 0x00, 0x00, 0x00, 0x00, 0x00, 0x00, 0x0f, 0x00, 0x00, 0xff, 0x0f, 0x00, 0x0f,
	0x00, 0xf0, 0x00, 0xff, 0x00, 0xf0, 0x00, 0xff, 0xf0, 0x00, 0xff, 0x00, 0x00, 0x00, 0x00, 0x0f,
	0xff, 0x00, 0x00, 0x00, 0xff, 0x00, 0x00, 0xff, 0x00, 0x00, 0xf0, 0x00, 0xff, 0xff, 0x0f, 0x00,
	0xff, 0x0f, 0x00, 0x0f, 0x00, 0x00, 0xf0, 0xf0, 0x0f, 0xff, 0xff, 0xff, 0xff, 0x00, 0xff, 0x0f,
	0x00, 0x0f, 0x00, 0x00, 0xf0, 0xff, 0xf0, 0x0f, 0xf0, 0xf0, 0xf0, 0x0f, 0xff, 0xf0, 0x0f, 0xff,
	0xf0, 0xff, 0x00, 0xf0, 0xf0, 0x00, 0xf0, 0x00, 0xff, 0x00, 0x00, 0xf0, 0xf0, 0x00, 0xff, 0xff,
	0xff, 0x00, 0xff, 0x0f, 0x00, 0xff, 0xff, 0x00, 0xff, 0xf0, 0x0f, 0x00, 0xf0, 0x00, 0x00, 0x0f,
	0xf0, 0xff, 0x00, 0xff, 0x0f, 0x0f, 0x0f, 0x0f, 0x00, 0x00, 0xff, 0x00, 0xff, 0x00, 0x00, 0x00,
	0x00, 0x0f, 0xf0, 0x00, 0xff, 0xff, 0x00, 0x0f, 0x0f, 0x0f, 0xf0, 0x00, 0xff, 0x0f, 0x00, 0xf0,
	0x00, 0xf0, 0x0f, 0xf0, 0x00, 0xff, 0x00, 0xff, 0x0f, 0xff, 0x0f, 0xff, 0xff, 0xf0, 0xf0, 0x0f,
	0x0f, 0xff, 0xff, 0x0f, 0x0f, 0x0f, 0xf0, 0x00, 0xf0, 0xf0, 0x0f, 0x00, 0x00, 0xff, 0xff, 0xf0,
	0xf0, 0x0f, 0xff, 0x00, 0xf0, 0x00, 0x00, 0xff, 0xff, 0x00, 0x0f, 0x00, 0x0f, 0xff, 0x00, 0x0f,
	0xf0, 0xff, 0xf0, 0xf0, 0x00, 0xf0, 0x0f, 0x00, 0xff, 0xf0, 0xff, 0x0f, 0xff, 0x00, 0xff, 0xf0,
	0xf0, 0x0f, 0x0f, 0x00, 0x0f, 0x00, 0x0f, 0x00, 0xf0, 0xff, 0x0f, 0x00, 0x0f, 0xff, 0x0f, 0xff,
	0xf0, 0xff, 0x0f, 0x00, 0xff, 0xf0, 0x0f, 0xff, 0x0f, 0x00, 0x00, 0x0f, 0x0f, 0xf0, 0xf0, 0xff,
	0x0f, 0x00, 0x00, 0x0f, 0x00, 0x0f, 0x00, 0x00, 0x0f, 0xf0, 0xff, 0xf0, 0x00, 0xff, 0x0f, 0xf0,
	0x00, 0xff, 0x00, 0x00, 0x00, 0xff, 0xff, 0x00, 0xff, 0x00, 0xf0, 0xff, 0x0f, 0x00, 0xf0, 0x00,
	0x0f, 0xf0, 0xff, 0xf0, 0xff, 0xff, 0x00, 0xff, 0xff, 0x0f, 0x00, 0x00, 0xff, 0xf0, 0xf0, 0x00,
	0x0f, 0x00, 0xff, 0x00, 0xff, 0x00, 0x0f, 0x00, 0x00, 0xf0, 0x0f, 0x00, 0x00, 0x00, 0xf0, 0x0f,
	0xff, 0x0f, 0x00, 0x00, 0x00, 0x0f, 0x0f, 0xf0, 0x0f, 0xff, 0x00, 0xf0, 0x00, 0xff, 0xf0, 0x00,
	0xf0, 0xff, 0xf0, 0x00, 0x0f, 0xf0, 0xf0, 0x0f, 0x00, 0x00, 0xff, 0x00, 0xff, 0xf0, 0xf0, 0xf0,
	0xf0, 0xff, 0x0f, 0x00, 0xf0, 0x00, 0xff, 0xff, 0x0f, 0x0f, 0x00, 0x00, 0x0f, 0xf0, 0xff, 0x00,
	0x0f, 0x00, 0x00, 0xff, 0x0f, 0x0f, 0x00, 0x0f, 0x0f, 0x00, 0x0f, 0x00, 0xff, 0xf0, 0x00, 0x0f,
	0xff, 0x0f, 0xff, 0x0f, 0x00, 0x0f, 0xff, 0x0f, 0xff, 0x0f, 0xf0, 0x00, 0xff, 0xf0, 0x00, 0x00,
	0x00, 0x00, 0x0f, 0x0f, 0x00, 0xff, 0x0f, 0x00, 0x00, 0xff, 0x00, 0x00, 0xf0, 0xff, 0xf0, 0x00,
	0xf0, 0xf0, 0x00, 0xff, 0x00, 0x00, 0x0f, 0x0f, 0xf0, 0xff, 0xff, 0xf0, 0xf0, 0x00, 0xf0, 0x0f,
	0x0f, 0xf0, 0xf0, 0xf0, 0xf0, 0xff, 0x0f, 0xff, 0xf0, 0x00, 0x00, 0xf0, 0xf0, 0xf0, 0xf0, 0x00,
	0xf0, 0xff, 0x00, 0x00, 0xf0, 0x00, 0x0f, 0xf0, 0xf0, 0xff, 0x00, 0x00, 0x00, 0x0f, 0x00, 0x00,
	0xf0, 0xf0, 0xff, 0xf0, 0x00, 0x0f, 0x00, 0x0f, 0x0f, 0xff, 0xff, 0x0f, 0xf0, 0xff, 0x00, 0x0f,
	0xff, 0xff, 0x0f, 0x00, 0x0f, 0xff, 0x0f, 0xff, 0x00, 0x0f, 0x0f, 0x00, 0x00, 0x0f, 0xf0, 0x00,
	0xf0, 0x00, 0x00, 0x00, 0xf0, 0x0f, 0x00, 0x0f, 0x00, 0x00, 0xf0, 0x00, 0xf0, 0xff, 0x00, 0x00,
	0x0f, 0x0f, 0xf0, 0x00, 0x0f, 0xff, 0x0f, 0x00, 0x00, 0x0f, 0xf0, 0xf0, 0x0f, 0xff, 0x00, 0xf0,
	0x0f, 0x0f, 0x00, 0x00, 0xf0, 0xf0, 0x00, 0x0f, 0xff, 0xff, 0xff, 0x0f, 0xf0, 0xf0, 0x0f, 0x00,
	0x00, 0x00, 0x00, 0xff, 0x0f, 0x0f, 0xf0, 0x0f, 0x0f, 0xff, 0xff, 0xf0, 0x0f, 0x0f, 0xf0, 0xf0,
	0x00, 0x0f, 0xf0, 0x0f, 0x00, 0xf0, 0xff, 0x0f, 0x0f, 0xf0, 0x00, 0xf0, 0xff, 0x0f, 0x0f, 0xff,
	0xff, 0xff, 0xf0, 0xf0, 0xf0, 0xf0, 0x0f, 0x0f, 0xf0, 0x00, 0xf0, 0x0f, 0xf0, 0x00, 0xf0, 0xff,
	0xff, 0x00, 0xf0, 0x0f, 0xff, 0x0f, 0x00, 0x00, 0xf0, 0x00, 0xf0, 0xff, 0x0f, 0x0f, 0xff, 0xf0,
	0x0f, 0xf0, 0x0f, 0x0f, 0x0f, 0x0f, 0xf0, 0x00, 0xff, 0xf0, 0x00, 0x0f, 0xf0, 0xf0, 0x0f, 0x00,
	0x00, 0xff, 0x0f, 0xf0, 0x00, 0xf0, 0xf0, 0xf0, 0x00, 0x00, 0xff, 0x0f, 0x00, 0x0f, 0x0f, 0xf0,
	0xff, 0xff, 0x0f, 0xff, 0xf0, 0xf0, 0xff, 0x0f, 0xf0, 0xf0, 0x0f, 0xf0, 0xf0, 0x0f, 0x00, 0x0f,
	0x00, 0x0f, 0xff, 0x00, 0xf0, 0x0f, 0x0f, 0xf0, 0x0f, 0x0f, 0xf0, 0x00, 0x00, 0xf0, 0x00, 0xf0,
	0xff, 0x00, 0x0f, 0xff, 0xff, 0x00, 0x00, 0x0f, 0x00, 0xff, 0x00, 0xf0, 0xf0, 0x0f, 0xff, 0x0f,
	0xff, 0xff, 0xf0, 0xff, 0x00, 0x0f, 0x00, 0x00, 0xf0, 0x00, 0x00, 0x00, 0xff, 0xff, 0x00, 0xf0,
	0x0f, 0x00, 0xff, 0xf0, 0xf0, 0xf0, 0xf0, 0xf0, 0x0f, 0x00, 0xff, 0xf0, 0xf0, 0xff, 0xf0, 0x0f,
	0x0f, 0xf0, 0xff, 0x0f, 0xff, 0xf0, 0x0f, 0xf0, 0xff, 0xf0, 0xf0, 0xf0, 0xf0, 0x0f, 0xff, 0x0f,
	0xf0, 0x00, 0x0f, 0xff, 0xff, 0xff, 0x0f, 0x0f, 0xff, 0xff, 0x0f, 0xff, 0xf0, 0xf0, 0x00, 0x0f,
	0xf0, 0xf0, 0xf0, 0x0f, 0xf0, 0xff, 0x00, 0xf0, 0xff, 0x0f, 0xff, 0x0f, 0x0f, 0xf0, 0x00, 0xf0,
	0xff, 0x0f, 0xf0, 0xf0, 0xf0, 0x0f, 0xff, 0xff, 0x0f, 0xf0, 0x00, 0x0f, 0x0f, 0xf0, 0xf0, 0xf0,
	0xff, 0xf0, 0xff, 0x00, 0x0f, 0x00, 0xff, 0x00, 0x0f, 0x0f, 0xff, 0xff, 0x0f, 0xf0, 0x0f, 0xff,
	0xf0, 0xf0, 0x0f, 0xff, 0xff, 0x0f, 0xf0, 0xf0, 0xf0, 0xf0, 0xff, 0xff, 0x0f, 0x0f, 0x0f, 0x00,
	0x0f, 0x0f, 0x00, 0x0f, 0xf0, 0x0f, 0xff, 0xf0, 0x0f, 0xff, 0xff, 0x0f, 0xff, 0xf0, 0xf0, 0x0f,
	0x0f, 0xff, 0xf0, 0x0f, 0xf0, 0x0f, 0x0f, 0xf0, 0x0f, 0xff, 0x0f, 0x00, 0xff, 0xf0, 0x0f, 0xff,
	0xf0, 0x0f, 0xff, 0x00, 0xf0, 0xff, 0xf0, 0xff, 0xff, 0xff, 0xff, 0x00, 0x0f, 0x0f, 0xff, 0xf0,
	0x00, 0x0f, 0xff, 0xf0, 0xf0, 0x0f, 0x0f, 0x0f, 0xf0, 0xff, 0xf0, 0xf0, 0x00, 0xf0, 0xff, 0x0f,
	0xff, 0x0f, 0x0f, 0xff, 0xff, 0xff, 0xf0, 0x0f, 0xff, 0x0f, 0xff, 0xf0, 0xf0, 0xff, 0x0f, 0xff,
	0xff, 0xf0, 0x0f, 0xff, 0xf0, 0xff, 0x0f, 0xff, 0xf0, 0xff, 0x0f, 0x0f, 0xf0, 0x0f, 0x0f, 0xff,
	0xf0, 0xf0, 0xff, 0xff, 0xff, 0xff, 0x00, 0xf0, 0xf0, 0xf0, 0xf0, 0xff, 0xff, 0xff, 0x0f, 0x0f,
	0x0f, 0x0f, 0x0f, 0xf0, 0xff, 0x0f, 0xff, 0xff, 0xff, 0x0f, 0x0f, 0xf0, 0x00, 0x0f, 0x00, 0x00,
	0x0f, 0x0f, 0xff, 0xff, 0xf0, 0xff, 0xff, 0x0f, 0xf0, 0x0f, 0xff, 0xf0, 0xff, 0xf0, 0x00, 0x00,
	0xff, 0x0f, 0x0f, 0xff, 0xf0, 0xf0, 0xff, 0xf0, 0xf0, 0xf0, 0x00, 0x0f, 0xff, 0x00, 0x0f, 0x0f,
	0x0f, 0x0f, 0x00, 0x00, 0xff, 0x0f, 0xff, 0xff, 0x0f, 0x0f, 0xff, 0xf0, 0xff, 0x0f, 0xff, 0xff,
	0x0f, 0x0f, 0xff, 0x0f, 0xff, 0xf0, 0xff, 0xff, 0xff, 0xff, 0xff, 0xff, 0x0f, 0xf0, 0xff, 0x0f,
	0xf0, 0xff, 0x0f, 0xff, 0xff, 0xf0, 0xf0, 0xff, 0x0f, 0xf0, 0x00, 0x0f, 0xff, 0xf0, 0x0f, 0xf0,
	0xff, 0xff, 0xff, 0xff, 0xff, 0xff, 0xff, 0xff, 0xff, 0xff, 0xff, 0xff, 0xff, 0xff, 0xff, 0xff,
	0xff, 0xff, 0xff, 0xff, 0xff, 0xff, 0xff, 0xff, 0xff, 0xff, 0xff, 0xff, 0xff, 0xff, 0xff, 0xff,
	0xff, 0xff, 0xff, 0xff, 0xff, 0xff, 0xff, 0xff, 0xff, 0xff, 0xff, 0xff, 0xff, 0xff, 0xff, 0xff,
	0xff, 0xff, 0xff, 0xff, 0xff, 0xff, 0xff, 0xff, 0xff, 0xff, 0xff, 0xff, 0xff, 0xff, 0xff, 0xff,
	0xff, 0xff, 0xff, 0xff, 0xff, 0xff, 0xff, 0xff, 0xff, 0xff, 0xff, 0xff, 0xff, 0xff, 0xff, 0xff,
	0xff, 0xff, 0xff, 0xff, 0xff, 0xff, 0xff, 0xff, 0xff, 0xff, 0xff, 0xff, 0xff, 0xff, 0xff, 0xff,
	0xff, 0xff, 0xff, 0xff, 0xff, 0xff, 0xff, 0xff, 0xff, 0xff, 0xff, 0xff, 0xff, 0xff, 0xff, 0xff,
	0xff, 0xff, 0xff, 0xff, 0xff, 0xff, 0xff, 0xff, 0xff, 0xff, 0xff, 0xff, 0xff, 0xff, 0xff, 0xff,
	0xff, 0xff, 0xff, 0xff, 0xff, 0xff, 0xff, 0xff, 0xff, 0xff, 0xff, 0xff, 0xff, 0xff, 0xff, 0xff,
	0xff, 0xff, 0xff, 0xff, 0xff, 0xff, 0xff, 0xff, 0xff, 0xff, 0xff, 0xff, 0xff, 0xff, 0xff, 0xff,
	0xff, 0xff, 0xff, 0xff, 0xff, 0xff, 0xff, 0xff, 0xff, 0xff, 0xff, 0xff, 0xff, 0xff, 0xff, 0xff,
	0xff, 0xff, 0xff, 0xff, 0xff, 0xff, 0xff, 0xff, 0xff, 0xff, 0xff, 0xff, 0xff, 0xff, 0xff, 0xff,
	0xff, 0xff, 0xff, 0xff, 0xff, 0xff, 0xff, 0xff, 0xff, 0xff, 0xff, 0xff, 0xff, 0xff, 0xff, 0xff,
	0xff, 0xff, 0xff, 0xff, 0xff, 0xff, 0xff, 0xff, 0xff, 0xff, 0xff, 0xff, 0xff, 0xff, 0xff, 0xff,
	0xff, 0xff, 0xff, 0xff, 0xff, 0xff, 0xff, 0xff, 0xff, 0xff, 0xff, 0xff, 0xff, 0xff, 0xff, 0xff,
	0xff, 0xff, 0xff, 0xff, 0xff, 0xff, 0xff, 0xff, 0xff, 0xff, 0xff, 0xff, 0xff, 0xff, 0xff, 0xff,
	0xff, 0xff, 0xff, 0xff, 0xff, 0xff, 0xff, 0xff, 0xff, 0xff, 0xff, 0xff, 0xff, 0xff, 0xff, 0xff,
	0xff, 0xff, 0xff, 0xff, 0xff, 0xff, 0xff, 0xff, 0xff, 0xff, 0xff, 0xff, 0xff, 0xff, 0xff, 0xff,
	0xff, 0xff, 0xff, 0xff, 0xff, 0xff, 0xff, 0xff, 0xff, 0xff, 0xff, 0xff, 0xff, 0xff, 0xff, 0xff,
	0xff, 0xff, 0xff, 0xff, 0xff, 0xff, 0xff, 0xff, 0xff, 0xff, 0xff, 0xff, 0xff, 0xff, 0xff, 0xff,
	0x00, 0x00, 0x00, 0x00, 0x00, 0x00, 0x00, 0x00, 0x00, 0x00, 0x00, 0x00, 0x00, 0x00, 0x00, 0x00,
	0x00, 0x00, 0x00, 0x00, 0x00, 0x00, 0x00, 0x00, 0x00, 0x00, 0x00, 0x00, 0x00, 0x00, 0x00, 0x00,
	0x00, 0x00, 0x00, 0x00, 0x00, 0x00, 0x00, 0x00, 0x00, 0x00, 0x00, 0x00, 0x00, 0x00, 0x00, 0x00,
	0x00, 0x00, 0x00, 0x00, 0x00, 0x00, 0x00, 0x00, 0x00, 0x00, 0x00, 0x00, 0x00, 0x00, 0x00, 0x00,
	0x00, 0x00, 0x00, 0x00, 0x00, 0x00, 0x00, 0x00, 0x00, 0x00, 0x00, 0x00, 0x00, 0x00, 0x00, 0x00,
	0x00, 0x00, 0x00, 0x00, 0x00, 0x00, 0x00, 0x00, 0x00, 0x00, 0x00, 0x00, 0x00, 0x00, 0x00, 0x00,
	0x00, 0x00, 0x00, 0x00, 0x00, 0x00, 0x00, 0x00, 0x00, 0x00, 0x00, 0x00, 0x00, 0x00, 0x00, 0x00,
	0x00, 0x00, 0x00, 0x00, 0x00, 0x00, 0x00, 0x00, 0x00, 0x00, 0x00, 0x00, 0x00, 0x00, 0x00, 0x00,
	0x00, 0x00, 0x00, 0x00, 0x00, 0x00, 0x00, 0x00, 0x00, 0x00, 0x00, 0x00, 0x00, 0x00, 0x00, 0x00,
	0x00, 0x00, 0x00, 0x00, 0x00, 0x00, 0x00, 0x00, 0x00, 0x00, 0x00, 0x00, 0x00, 0x00, 0x00, 0x00,
	0x00, 0x00, 0x00, 0x00, 0x00, 0x00, 0x00, 0x00, 0x00, 0x00, 0x00, 0x00, 0x00, 0x00, 0x00, 0x00,
	0x00, 0x00, 0x00, 0x00, 0x00, 0x00, 0x00, 0x00, 0x00, 0x00, 0x00, 0x00, 0x00, 0x00, 0x00, 0x00,
	0x00, 0x00, 0x00, 0x00, 0x00, 0x00, 0x00, 0x00, 0x00, 0x00, 0x00, 0x00, 0x00, 0x00, 0x00, 0x00,
	0x00, 0x00, 0x00, 0x00, 0x00, 0x00, 0x00, 0x00, 0x00, 0x00, 0x00, 0x00, 0x00, 0x00, 0x00, 0x00,
	0x00, 0x00, 0x00, 0x00, 0x00, 0x00, 0x00, 0x00, 0x00, 0x00, 0x00, 0x00, 0x00, 0x00, 0x00, 0x00,
	0x00, 0x00, 0x00, 0x00, 0x00, 0x00, 0x00, 0x00, 0x00, 0x00, 0x00, 0x00, 0x00, 0x00, 0x00, 0x00,
	0x00, 0x00, 0x00, 0x00, 0x00, 0x00, 0x00, 0x00, 0x00, 0x00, 0x00, 0x00, 0x00, 0x00, 0x00, 0x00,
	0x00, 0x00, 0x00, 0x00, 0x00, 0x00, 0x00, 0x00, 0x00, 0x00, 0x00, 0x00, 0x00, 0x00, 0x00, 0x00,
	0x00, 0x00, 0x00, 0x00, 0x00, 0x00, 0x00, 0x00, 0x00, 0x00, 0x00, 0x00, 0x00, 0x00, 0x00, 0x00,
	0x00, 0x00, 0x00, 0x00, 0x00, 0x00, 0x00, 0x00, 0x00, 0x00, 0x00, 0x00, 0x00, 0x00, 0x00, 0x00,
	0x0f, 0x00, 0x00, 0x00, 0x00, 0x00, 0xf0, 0x00, 0x00, 0xf0, 0x00, 0x00, 0xff, 0x00, 0x00, 0x00,
	0x00, 0x00, 0x00, 0xf0, 0x00, 0x00, 0x00, 0x00, 0xff, 0x00, 0xff, 0x00, 0x00, 0x00, 0x00, 0x00,
	0x00, 0x0f, 0x00, 0x00, 0x00, 0x00, 0x00, 0x00, 0xff, 0x00, 0x00, 0x00, 0x00, 0x00, 0xf0, 0x00,
	0x0f, 0x00, 0x00, 0x00, 0x00, 0x0f, 0xff, 0x00, 0x00, 0x00, 0x00, 0x00, 0x00, 0x00, 0x00, 0x0f,
	0x00, 0x00, 0x00, 0x00, 0x00, 0x0f, 0x00, 0x00, 0x00, 0x0f, 0xff, 0x00, 0x00, 0xf0, 0x00, 0x00,
	0xf0, 0x00, 0x0f, 0x00, 0x00, 0x00, 0x0f, 0x00, 0x00, 0x00, 0x00, 0x00, 0x00, 0x00, 0x00, 0x00,
	0x00, 0x00, 0x00, 0x00, 0x0f, 0x00, 0x00, 0x00, 0x00, 0x00, 0x00, 0x00, 0x00, 0x00, 0x00, 0x00,
	0x00, 0x00, 0x0f, 0x00, 0x0f, 0x00, 0x00, 0x00, 0x00, 0x00, 0x00, 0x00, 0x00, 0x00, 0x00, 0x00,
	0xf0, 0xff, 0x0f, 0xf0, 0x0f, 0xf0, 0x00, 0xf0, 0x00, 0x00, 0x0f, 0x00, 0x00, 0xff, 0x00, 0x0f,
	0x00, 0x00, 0xf0, 0x00, 0x00, 0x00, 0x00, 0x00, 0x00, 0x00, 0xf0, 0x00, 0x00, 0x00, 0x00, 0x00,
	0x00, 0x00, 0x00, 0x00, 0xff, 0x00, 0x00, 0x00, 0x00, 0xf0, 0x00, 0x00, 0xf0, 0x0f, 0xf0, 0x0f,
	0x00, 0x00, 0x00, 0x00, 0xff, 0xff, 0xff, 0xff, 0x00, 0xff, 0x00, 0x00, 0x00, 0x00, 0x00, 0x00,
	0x00, 0x00, 0xf0, 0x00, 0x00, 0x00, 0x00, 0x00, 0x00, 0x0f, 0x00, 0x00, 0x00, 0xf0, 0x00, 0xf0,
	0x00, 0x0f, 0x0f, 0xff, 0x00, 0x00, 0x00, 0xf0, 0x00, 0x00, 0x00, 0x00, 0x00, 0xf0, 0x00, 0x00,
	0x00, 0x0f, 0xf0, 0x00, 0x00, 0x00, 0x00, 0x00, 0x00, 0xff, 0xf0, 0x00, 0x00, 0xff, 0x00, 0x00,
	0x00, 0x00, 0x00, 0x00, 0x00, 0x00, 0x00, 0x00, 0x00, 0x00, 0x00, 0x00, 0x0f, 0x00, 0x00, 0x00,
	0x00, 0xff, 0x00, 0x00, 0x00, 0x00, 0x00, 0x00, 0x00, 0xf0, 0xf0, 0x00, 0x0f, 0x00, 0x00, 0x00,
	0xff, 0xf0, 0x00, 0x00, 0x00, 0x00, 0x00, 0x00, 0x00, 0x00, 0x00, 0x0f, 0x00, 0x00, 0x00, 0x0f,
	0xf0, 0x00, 0xff, 0xf0, 0x00, 0x00, 0xf0, 0x00, 0xff, 0x00, 0x00, 0x00, 0x00, 0x00, 0x00, 0xff,
	0x00, 0x00, 0x00, 0xf0, 0xf0, 0x00, 0x00, 0x00, 0x00, 0xf0, 0x00, 0x00, 0x00, 0x00, 0x0f, 0x00,
	0x00, 0x00, 0x00, 0x00, 0x00, 0xf0, 0x00, 0x00, 0x00, 0x00, 0x00, 0x00, 0xf0, 0xff, 0x00, 0x00,
	0x00, 0xff, 0xf0, 0x0f, 0xff, 0xff, 0xf0, 0x00, 0xf0, 0x0f, 0xf0, 0x00, 0x00, 0x00, 0x00, 0x00,
	0x00, 0x00, 0x00, 0x00, 0x0f, 0x00, 0x00, 0x00, 0x00, 0xff, 0x00, 0x0f, 0x00, 0x00, 0x00, 0x0f,
	0x0f, 0x00, 0x00, 0x00, 0x00, 0x00, 0x00, 0x00, 0x0f, 0x00, 0x0f, 0x0f, 0x00, 0x00, 0x00, 0x00,
	0xf0, 0x00, 0x0f, 0x00, 0x00, 0x00, 0x00, 0xf0, 0x00, 0xff, 0x00, 0x00, 0x00, 0x00, 0x00, 0x00,
	0x00, 0x00, 0x00, 0x00, 0x00, 0xf0, 0x00, 0x00, 0x00, 0x00, 0x00, 0x00, 0xff, 0x00, 0x00, 0x00,
	0x00, 0xf0, 0x00, 0x00, 0x00, 0xff, 0x00, 0x0f, 0x00, 0x00, 0x00, 0x00, 0x00, 0xf0, 0x00, 0x00,
	0x00, 0xff, 0x00, 0x00, 0xf0, 0x00, 0xf0, 0x00, 0x0f, 0xff, 0x00, 0xf0, 0x00, 0x00, 0x00, 0x00,
	0xff, 0x00, 0x00, 0xff, 0x00, 0x00, 0xf0, 0x00, 0x00, 0x00, 0x00, 0x00, 0x00, 0x00, 0xf0, 0x00,
	0xf0, 0x0f, 0xff, 0x00, 0x00, 0x00, 0x00, 0x00, 0x00, 0x00, 0x00, 0xff, 0xff, 0xff, 0x00, 0x00,
	0x00, 0x00, 0x00, 0x00, 0x00, 0x00, 0x00, 0x0f, 0x00, 0x0f, 0x00, 0x00, 0x00, 0x00, 0x00, 0x00,
	0x0f, 0x00, 0x0f, 0x0f, 0x00, 0x00, 0x00, 0x00, 0x00, 0x00, 0x00, 0x00, 0xf0, 0x00, 0x00, 0x00,
	0x00, 0x00, 0xf0, 0x00, 0x00, 0xff, 0x0f, 0x0f, 0x00, 0x00, 0x00, 0x00, 0x00, 0x00, 0xf0, 0x00,
	0x00, 0x00, 0x00, 0x00, 0xf0, 0x00, 0x00, 0x00, 0x00, 0x00, 0x00, 0x00, 0x00, 0x00, 0x00, 0x00,
	0xf0, 0x0f, 0xff, 0x00, 0x0f, 0x00, 0xff, 0xf0, 0x00, 0x00, 0x00, 0x00, 0x00, 0xff, 0x00, 0x00,
	0x0f, 0x0f, 0x00, 0x00, 0x00, 0x00, 0xf0, 0x00, 0x00, 0x00, 0x00, 0x00, 0x00, 0xf0, 0x00, 0xf0,
	0x00, 0x00, 0x00, 0x00, 0xff, 0x0f, 0x00, 0x0f, 0x00, 0x0f, 0x00, 0x00, 0x0f, 0xff, 0xf0, 0xff,
	0x00, 0x00, 0x00, 0x00, 0xff, 0x00, 0x00, 0x00, 0xf0, 0x00, 0x00, 0x00, 0x00, 0x0f, 0x00, 0xff,
	0xf0, 0x00, 0x00, 0x00, 0x00, 0x0f, 0x00, 0xff, 0x00, 0x00, 0x00, 0x00, 0x00, 0x00, 0x00, 0xff,
	0xff, 0x00, 0x00, 0x00, 0xff, 0x00, 0xff, 0x00, 0x00, 0x00, 0x00, 0x00, 0x00, 0xff, 0x00, 0x00,
	0x0f, 0x0f, 0x00, 0x00, 0xf0, 0xf0, 0x00, 0x0f, 0x0f, 0x00, 0x00, 0xff, 0xf0, 0x00, 0x00, 0x00,
	0xff, 0x00, 0x00, 0x00, 0x00, 0xf0, 0x00, 0x00, 0xff, 0xf0, 0x00, 0x00, 0x00, 0x00, 0xf0, 0xff,
	0xf0, 0xf0, 0xf0, 0x00, 0x00, 0xff, 0xff, 0x00, 0x0f, 0x00, 0x00, 0x00, 0xff, 0x00, 0x00, 0x00,
	0xff, 0x00, 0x0f, 0x00, 0x00, 0x00, 0xff, 0x00, 0x00, 0xff, 0xf0, 0x00, 0x0f, 0x0f, 0xff, 0x00,
	0x00, 0xf0, 0xff, 0x00, 0xff, 0x00, 0xf0, 0x00, 0xf0, 0x00, 0x0f, 0x0f, 0x00, 0x00, 0xff, 0x00,
	0x00, 0xf0, 0xff, 0x00, 0xff, 0x00, 0x00, 0x00, 0x0f, 0x00, 0x00, 0x0f, 0x00, 0xf0, 0x00, 0x00,
	0xf0, 0x00, 0x0f, 0xf0, 0xf0, 0x00, 0x00, 0x00, 0xff, 0x00, 0x0f, 0xff, 0xf0, 0x0f, 0xff, 0xff,
	0x0f, 0x0f, 0x00, 0xff, 0x00, 0xff, 0xf0, 0x00, 0xf0, 0x00, 0xff, 0x0f, 0xff, 0x00, 0x00, 0x00,
	0x00, 0x00, 0x0f, 0x00, 0xf0, 0xff, 0xf0, 0x00, 0x00, 0xf0, 0x00, 0xf0, 0xf0, 0x00, 0xff, 0x0f,
	0x0f, 0x00, 0x0f, 0x00, 0xff, 0xff, 0x00, 0x00, 0xf0, 0x00, 0x0f, 0x00, 0x0f, 0x0f, 0x00, 0x00,
	0x0f, 0xff, 0x0f, 0x0f, 0x00, 0x00, 0x00, 0x00, 0x00, 0x00, 0xf0, 0x00, 0x0f, 0x00, 0x00, 0x00,
	0xff, 0x00, 0x00, 0xff, 0x0f, 0x0f, 0x0f, 0xf0, 0x00, 0x00, 0xff, 0x00, 0x00, 0xf0, 0xff, 0x00,
	0x0f, 0xff, 0x00, 0x00, 0x0f, 0x00, 0xff, 0x00, 0xf0, 0x00, 0xf0, 0x00, 0xff, 0xff, 0x0f, 0x00,
	0x0f, 0x00, 0xff, 0x00, 0xff, 0xff, 0xf0, 0x00, 0x00, 0xf0, 0x00, 0xf0, 0x00, 0x00, 0x00, 0x00,
	0x00, 0x00, 0xff, 0x00, 0x00, 0x00, 0xff, 0x00, 0xf0, 0x00, 0x00, 0x00, 0x00, 0xf0, 0x00, 0xf0,
	0x00, 0xff, 0xff, 0x00, 0x00, 0x00, 0xf0, 0xff, 0x0f, 0xf0, 0x00, 0x00, 0xf0, 0x00, 0x00, 0x00,
	0xf0, 0x00, 0xff, 0xff, 0x0f, 0x00, 0x0f, 0xff, 0x00, 0x00, 0x00, 0x00, 0x00, 0x00, 0xf0, 0xff,
	0x0f, 0x00, 0x0f, 0x00, 0x00, 0x00, 0x00, 0x00, 0x00, 0x0f, 0x00, 0x00, 0x00, 0x00, 0xf0, 0x00,
	0x00, 0x00, 0x00, 0x00, 0xf0, 0x0f, 0x00, 0x00, 0x00, 0x0f, 0x00, 0xff, 0x0f, 0x00, 0x0f, 0x00,
	0x00, 0xff, 0x00, 0x00, 0xff, 0x0f, 0x00, 0xf0, 0x0f, 0x0f, 0x00, 0xff, 0x00, 0x0f, 0xff, 0x00,
	0xff, 0xf0, 0xf0, 0x00, 0xff, 0x00, 0x0f, 0x00, 0xff, 0x0f, 0xff, 0xf0, 0x00, 0x0f, 0xff, 0x00,
	0x0f, 0x00, 0xf0, 0xf0, 0xf0, 0xf0, 0x00, 0x00, 0xf0, 0xff, 0x00, 0x00, 0x00, 0x00, 0xf0, 0xff,
	0x00, 0xff, 0xff, 0xff, 0x0f, 0xff, 0x00, 0x00, 0x0f, 0x00, 0x00, 0x00, 0xf0, 0x0f, 0x0f, 0x00,
	0x00, 0xf0, 0x00, 0xf0, 0xf0, 0x00, 0xff, 0x00, 0xf0, 0x00, 0xf0, 0x0f, 0x0f, 0xf0, 0x00, 0x00,
	0x0f, 0xff, 0xf0, 0xff, 0x0f, 0xf0, 0xff, 0x0f, 0xff, 0xff, 0xff, 0x0f, 0x0f, 0xff, 0x00, 0x00,
	0xf0, 0xff, 0xff, 0x00, 0x0f, 0x00, 0x0f, 0xf0, 0xff, 0xf0, 0xf0, 0x00, 0x00, 0x0f, 0x00, 0xff,
	0xff, 0x00, 0x0f, 0x00, 0x00, 0xf0, 0x00, 0xff, 0x00, 0xf0, 0x00, 0x00, 0xf0, 0x0f, 0x0f, 0x00,
	0xff, 0xf0, 0xff, 0xf0, 0x00, 0x00, 0x0f, 0xf0, 0xff, 0x00, 0xf0, 0xf0, 0x00, 0xff, 0xff, 0x00,
	0x00, 0xff, 0x0f, 0x00, 0xff, 0xff, 0xff, 0x00, 0xf0, 0x0f, 0x0f, 0xf0, 0x00, 0x00, 0x00, 0x0f,
	0xff, 0xff, 0x0f, 0xf0, 0xf0, 0xff, 0x0f, 0xff, 0x00, 0xff, 0xff, 0x00, 0x0f, 0xf0, 0x0f, 0x0f,
	0x00, 0x00, 0xff, 0x0f, 0xf0, 0xff, 0xff, 0xff, 0x0f, 0x00, 0xff, 0x0f, 0x0f, 0x00, 0xff, 0xff,
	0xff, 0x0f, 0xf0, 0x0f, 0x0f, 0x0f, 0xff, 0x0f, 0xf0, 0xf0, 0xff, 0xff, 0x0f, 0x00, 0xf0, 0xff,
	0xff, 0xf0, 0xf0, 0x0f, 0x00, 0xf0, 0xff, 0x00, 0x00, 0x00, 0xff, 0x0f, 0x00, 0x00, 0xf0, 0x00,
	0xf0, 0xff, 0x00, 0x0f, 0x0f, 0xf0, 0x0f, 0x00, 0x00, 0xff, 0x0f, 0xff, 0xf0, 0xf0, 0x00, 0x00,
	0x00, 0x00, 0x00, 0xf0, 0xff, 0xff, 0x0f, 0x00, 0x0f, 0xff, 0xf0, 0x00, 0x00, 0xff, 0x00, 0x00,
	0x0f, 0x0f, 0x00, 0x0f, 0x00, 0xff, 0xff, 0x0f, 0xff, 0x0f, 0xff, 0xf0, 0xff, 0xf0, 0xff, 0x0f,
	0x00, 0x00, 0x0f, 0xf0, 0x00, 0x0f, 0xff, 0xff, 0x00, 0x00, 0xf0, 0xff, 0xf0, 0xf0, 0x0f, 0xff,
	0x00, 0x0f, 0xff, 0xff, 0x00, 0x0f, 0xff, 0xf0, 0x00, 0x00, 0x0f, 0x00, 0x0f, 0x0f, 0xf0, 0x0f,
	0x00, 0x00, 0xf0, 0xf0, 0x0f, 0x00, 0x0f, 0xf0, 0xff, 0x0f, 0xf0, 0xff, 0xff, 0x0f, 0x00, 0x00,
	0xff, 0xff, 0xff, 0x00, 0x00, 0xff, 0x00, 0x0f, 0x00, 0xff, 0x0f, 0xf0, 0x0f, 0x0f, 0xff, 0xff,
	0xff, 0x0f, 0x00, 0xff, 0x0f, 0x00, 0x0f, 0x0f, 0x0f, 0x00, 0x00, 0x00, 0x00, 0xff, 0xff, 0x00,
	0xf0, 0xff, 0xff, 0x0f, 0xff, 0xf0, 0xf0, 0x00, 0x00, 0x0f, 0x0f, 0xff, 0xff, 0x00, 0xf0, 0xff,
	0xf0, 0x00, 0xf0, 0xff, 0xff, 0x0f, 0x0f, 0xf0, 0x0f, 0xf0, 0xff, 0x00, 0x0f, 0x00, 0xff, 0xf0,
	0xf0, 0x00, 0x0f, 0xf0, 0x00, 0x0f, 0xf0, 0x0f, 0xf0, 0xf0, 0xf0, 0x00, 0x00, 0x0f, 0x0f, 0xf0,
	0x0f, 0xff, 0x00, 0xff, 0x00, 0xff, 0xf0, 0x00, 0x0f, 0x0f, 0xff, 0xf0, 0xff, 0x00, 0xf0, 0xff,
	0x00, 0x0f, 0xff, 0x0f, 0x0f, 0x00, 0xff, 0xff, 0xf0, 0xf0, 0xf0, 0x0f, 0xf0, 0x0f, 0xf0, 0x00,
	0xf0, 0x0f, 0x00, 0x00, 0x00, 0xff, 0xf0, 0xf0, 0x0f, 0x0f, 0x0f, 0x0f, 0xf0, 0xf0, 0x00, 0xf0,
	0xff, 0xff, 0x0f, 0x0f, 0xff, 0x00, 0x0f, 0x00, 0x0f, 0xff, 0x00, 0xf0, 0x00, 0x0f, 0x0f, 0xff,
	0x00, 0xf0, 0xf0, 0xff, 0xff, 0x00, 0x00, 0x0f, 0xf0, 0x00, 0x00, 0x0f, 0x00, 0x0f, 0xf0, 0x00,
	0x0f, 0x0f, 0xff, 0x0f, 0x00, 0x00, 0x0f, 0x0f, 0xff, 0x0f, 0xff, 0xf0, 0x00, 0x0f, 0xf0, 0xff,
	0xf0, 0x0f, 0x00, 0xff, 0x0f, 0xff, 0x0f, 0x00, 0x00, 0xff, 0x0f, 0xf0, 0x00, 0x00, 0x0f, 0x00,
	0xf0, 0xf0, 0x00, 0xff, 0xff, 0xff, 0x0f, 0x0f, 0xff, 0x00, 0xff, 0x0f, 0xff, 0x00, 0xff, 0xff,
	0xf0, 0xff, 0x00, 0xff, 0x00, 0x00, 0x0f, 0xff, 0x0f, 0xf0, 0x00, 0xf0, 0xff, 0x0f, 0xf0, 0x00,
	0x00, 0xff, 0x00, 0x00, 0x00, 0xff, 0x00, 0xff, 0xf0, 0xf0, 0x00, 0xff, 0xf0, 0x00, 0xff, 0x00,
	0x0f, 0xf0, 0x0f, 0xf0, 0x00, 0x0f, 0x00, 0xf0, 0xf0, 0xf0, 0x00, 0xf0, 0xff, 0xf0, 0xff, 0x0f,
	0xff, 0xff, 0x0f, 0xf0, 0x00, 0x00, 0xf0, 0x0f, 0x0f, 0xff, 0x00, 0x0f, 0xff, 0xf0, 0xf0, 0xff,
	0xff, 0xf0, 0xff, 0x00, 0x00, 0x0f, 0x00, 0xff, 0x0f, 0xff, 0x00, 0x0f, 0x00, 0x00, 0xf0, 0x0f,
	0xf0, 0x0f, 0xff, 0xf0, 0x00, 0xff, 0x00, 0xff, 0x00, 0x0f, 0x00, 0xf0, 0x0f, 0xff, 0x00, 0xff,
	0x0f, 0x00, 0x0f, 0x0f, 0x0f, 0x0f, 0x0f, 0x0f, 0x00, 0xff, 0xff, 0xf0, 0xff, 0x00, 0xff, 0xf0,
	0x00, 0x00, 0x00, 0x00, 0xf0, 0xf0, 0xff, 0x0f, 0x00, 0xf0, 0x00, 0x0f, 0xff, 0xff, 0x0f, 0xf0,
	0xf0, 0x00, 0xf0, 0xf0, 0xff, 0x0f, 0xf0, 0x0f, 0x0f, 0xff, 0xff, 0x0f, 0xff, 0xf0, 0xf0, 0xf0,
	0x00, 0xf0, 0xf0, 0x0f, 0xff, 0xff, 0x0f, 0xff, 0xf0, 0xff, 0xff, 0xf0, 0xff, 0xff, 0xf0, 0xf0,
	0x0f, 0xff, 0xf0, 0xff, 0x0f, 0x00, 0xf0, 0xff, 0x0f, 0xf0, 0xff, 0xf0, 0x0f, 0x0f, 0x0f, 0xff,
	0x0f, 0x00, 0xf0, 0xff, 0xf0, 0x0f, 0x0f, 0xff, 0x0f, 0xf0, 0x0f, 0xff, 0x0f, 0x0f, 0xf0, 0xf0,
	0xf0, 0x0f, 0xf0, 0xf0, 0xf0, 0xff, 0xf0, 0xf0, 0xff, 0xff, 0xf0, 0xf0, 0xf0, 0x00, 0x0f, 0x00,
	0x0f, 0xf0, 0xff, 0x0f, 0xff, 0x00, 0xff, 0xf0, 0xf0, 0xf0, 0xf0, 0x00, 0xf0, 0xf0, 0x0f, 0xf0,
	0xf0, 0xf0, 0xf0, 0xff, 0xff, 0x0f, 0x0f, 0x0f, 0xff, 0xff, 0xff, 0xff, 0xff, 0x0f, 0xf0, 0xff,
	0xf0, 0xf0, 0xf0, 0xf0, 0x0f, 0xff, 0x00, 0x0f, 0xff, 0x0f, 0x0f, 0xf0, 0x00, 0xff, 0x0f, 0x0f,
	0x0f, 0x0f, 0xff, 0xf0, 0x0f, 0x0f, 0xf0, 0x0f, 0xf0, 0x0f, 0xff, 0xf0, 0xff, 0xff, 0x00, 0x0f,
	0x00, 0xff, 0xf0, 0xf0, 0xf0, 0x0f, 0xf0, 0xf0, 0x00, 0x0f, 0x0f, 0xf0, 0xf0, 0x0f, 0xf0, 0xf0,
	0x00, 0xf0, 0x0f, 0xf0, 0xff, 0xf0, 0x0f, 0xff, 0xff, 0xf0, 0xf0, 0xf0, 0x0f, 0x0f, 0xf0, 0x0f,
	0x0f, 0xff, 0xff, 0x00, 0x00, 0xff, 0xff, 0xff, 0xf0, 0x0f, 0xf0, 0xf0, 0x0f, 0xf0, 0xff, 0x0f,
	0x0f, 0x0f, 0x0f, 0x0f, 0xff, 0x0f, 0xff, 0x00, 0xff, 0x0f, 0xf0, 0x0f, 0xf0, 0xf0, 0x0f, 0x00,
	0xff, 0xff, 0xff, 0x0f, 0xff, 0xff, 0x0f, 0x0f, 0xf0, 0xff, 0x0f, 0xff, 0xff, 0xf0, 0xff, 0x0f,
	0xf0, 0xf0, 0x0f, 0x00, 0xff, 0x0f, 0x0f, 0x0f, 0x0f, 0xf0, 0xff, 0x00, 0x0f, 0xf0, 0xff, 0xff,
	0xf0, 0x00, 0x0f, 0x00, 0xf0, 0x0f, 0xf0, 0x0f, 0xf0, 0xf0, 0xff, 0xf0, 0xff, 0xff, 0x00, 0xf0,
	0x0f, 0x00, 0xff, 0xf0, 0x0f, 0xf0, 0xf0, 0xff, 0xff, 0x0f, 0xf0, 0x0f, 0xf0, 0xf0, 0xff, 0xf0,
	0x0f, 0xf0, 0x0f, 0xff, 0xff, 0xff, 0x0f, 0xf0, 0x0f, 0xff, 0x0f, 0xf0, 0xff, 0xf0, 0xff, 0xf0,
	0xf0, 0xf0, 0xf0, 0x0f, 0x0f, 0x0f, 0xf0, 0xf0, 0xff, 0xff, 0x00, 0xf0, 0xf0, 0xff, 0x00, 0x00,
	0xf0, 0x00, 0xf0, 0x0f, 0x0f, 0x0f, 0x0f, 0x0f, 0x0f, 0x0f, 0x0f, 0xf0, 0xff, 0xff, 0xff, 0x0f,
	0xff, 0xff, 0xff, 0xff, 0xff, 0xff, 0xff, 0xff, 0xff, 0xff, 0xff, 0xff, 0xff, 0xff, 0xff, 0xff,
	0xff, 0xff, 0xff, 0xff, 0xff, 0xff, 0xff, 0xff, 0xff, 0xff, 0xff, 0xff, 0xff, 0xff, 0xff, 0xff,
	0xff, 0xff, 0xff, 0xff, 0xff, 0xff, 0xff, 0xff, 0xff, 0xff, 0xff, 0xff, 0xff, 0xff, 0xff, 0xff,
	0xff, 0xff, 0xff, 0xff, 0xff, 0xff, 0xff, 0xff, 0xff, 0xff, 0xff, 0xff, 0xff, 0xff, 0xff, 0xff,
	0xff, 0xff, 0xff, 0xff, 0xff, 0xff, 0xff, 0xff, 0xff, 0xff, 0xff, 0xff, 0xff, 0xff, 0xff, 0xff,
	0xff, 0xff, 0xff, 0xff, 0xff, 0xff, 0xff, 0xff, 0xff, 0xff, 0xff, 0xff, 0xff, 0xff, 0xff, 0xff,
	0xff, 0xff, 0xff, 0xff, 0xff, 0xff, 0xff, 0xff, 0xff, 0xff, 0xff, 0xff, 0xff, 0xff, 0xff, 0xff,
	0xff, 0xff, 0xff, 0xff, 0xff, 0xff, 0xff, 0xff, 0xff, 0xff, 0xff, 0xff, 0xff, 0xff, 0xff, 0xff,
	0xff, 0xff, 0xff, 0xff, 0xff, 0xff, 0xff, 0xff, 0xff, 0xff, 0xff, 0xff, 0xff, 0xff, 0xff, 0xff,
	0xff, 0xff, 0xff, 0xff, 0xff, 0xff, 0xff, 0xff, 0xff, 0xff, 0xff, 0xff, 0xff, 0xff, 0xff, 0xff,
	0xff, 0xff, 0xff, 0xff, 0xff, 0xff, 0xff, 0xff, 0xff, 0xff, 0xff, 0xff, 0xff, 0xff, 0xff, 0xff,
	0xff, 0xff, 0xff, 0xff, 0xff, 0xff, 0xff, 0xff, 0xff, 0xff, 0xff, 0xff, 0xff, 0xff, 0xff, 0xff,
	0xff, 0xff, 0xff, 0xff, 0xff, 0xff, 0xff, 0xff, 0xff, 0xff, 0xff, 0xff, 0xff, 0xff, 0xff, 0xff,
	0xff, 0xff, 0xff, 0xff, 0xff, 0xff, 0xff, 0xff, 0xff, 0xff, 0xff, 0xff, 0xff, 0xff, 0xff, 0xff,
	0xff, 0xff, 0xff, 0xff, 0xff, 0xff, 0xff, 0xff, 0xff, 0xff, 0xff, 0xff, 0xff, 0xff, 0xff, 0xff,
	0xff, 0xff, 0xff, 0xff, 0xff, 0xff, 0xff, 0xff, 0xff, 0xff, 0xff, 0xff, 0xff, 0xff, 0xff, 0xff,
	0xff, 0xff, 0xff, 0xff, 0xff, 0xff, 0xff, 0xff, 0xff, 0xff, 0xff, 0xff, 0xff, 0xff, 0xff, 0xff,
	0xff, 0xff, 0xff, 0xff, 0xff, 0xff, 0xff, 0xff, 0xff, 0xff, 0xff, 0xff, 0xff, 0xff, 0xff, 0xff,
	0xff, 0xff, 0xff, 0xff, 0xff, 0xff, 0xff, 0xff, 0xff, 0xff, 0xff, 0xff, 0xff, 0xff, 0xff, 0xff,
	0xff, 0xff, 0xff, 0xff, 0xff, 0xff, 0xff, 0xff, 0xff, 0xff, 0xff, 0xff, 0xff, 0xff, 0xff, 0xff,
	0x00, 0x00, 0x00, 0x00, 0x00, 0x00, 0x00, 0x00, 0x00, 0x00, 0x00, 0x00, 0x00, 0x00, 0x00, 0x00,
	0x00, 0x00, 0x00, 0x00, 0x00, 0x00, 0x00, 0x00, 0x00, 0x00, 0x00, 0x00, 0x00, 0x00, 0x00, 0x00,
	0x00, 0x00, 0x00, 0x00, 0x00, 0x00, 0x00, 0x00, 0x00, 0x00, 0x00, 0x00, 0x00, 0x00, 0x00, 0x00,
	0x00, 0x00, 0x00, 0x00, 0x00, 0x00, 0x00, 0x00, 0x00, 0x00, 0x00, 0x00, 0x00, 0x00, 0x00, 0x00,
	0x00, 0x00, 0x00, 0x00, 0x00, 0x00, 0x00, 0x00, 0x00, 0x00, 0x00, 0x00, 0x00, 0x00, 0x00, 0x00,
	0x00, 0x00, 0x00, 0x00, 0x00, 0x00, 0x00, 0x00, 0x00, 0x00, 0x00, 0x00, 0x00, 0x00, 0x00, 0x00,
	0x00, 0x00, 0x00, 0x00, 0x00, 0x00, 0x00, 0x00, 0x00, 0x00, 0x00, 0x00, 0x00, 0x00, 0x00, 0x00,
	0x00, 0x00, 0x00, 0x00, 0x00, 0x00, 0x00, 0x00, 0x00, 0x00, 0x00, 0x00, 0x00, 0x00, 0x00, 0x00,
	0x00, 0x00, 0x00, 0x00, 0x00, 0x00, 0x00, 0x00, 0x00, 0x00, 0x00, 0x00, 0x00, 0x00, 0x00, 0x00,
	0x00, 0x00, 0x00, 0x00, 0x00, 0x00, 0x00, 0x00, 0x00, 0x00, 0x00, 0x00, 0x00, 0x00, 0x00, 0x00,
	0x00, 0x00, 0x00, 0x00, 0x00, 0x00, 0x00, 0x00, 0x00, 0x00, 0x00, 0x00, 0x00, 0x00, 0x00, 0x00,
	0x00, 0x00, 0x00, 0x00, 0x00, 0x00, 0x00, 0x00, 0x00, 0x00, 0x00, 0x00, 0x00, 0x00, 0x00, 0x00,
	0x00, 0x00, 0x00, 0x00, 0x00, 0x00, 0x00, 0x00, 0x00, 0x00, 0x00, 0x00, 0x00, 0x00, 0x00, 0x00,
	0x00, 0x00, 0x00, 0x00, 0x00, 0x00, 0x00, 0x00, 0x00, 0x00, 0x00, 0x00, 0x00, 0x00, 0x00, 0x00,
	0x00, 0x00, 0x00, 0x00, 0x00, 0x00, 0x00, 0x00, 0x00, 0x00, 0x00, 0x00, 0x00, 0x00, 0x00, 0x00,
	0x00, 0x00, 0x00, 0x00, 0x00, 0x00, 0x00, 0x00, 0x00, 0x00, 0x00, 0x00, 0x00, 0x00, 0x00, 0x00,
	0x00, 0x00, 0x00, 0x00, 0x00, 0x00, 0x00, 0x00, 0x00, 0x00, 0x00, 0x00, 0x00, 0x00, 0x00, 0x00,
	0x00, 0x00, 0x00, 0x00, 0x00, 0x00, 0x00, 0x00, 0x00, 0x00, 0x00, 0x00, 0x00, 0x00, 0x00, 0x00,
	0x00, 0x00, 0x00, 0x00, 0x00, 0x00, 0x00, 0x00, 0x00, 0x00, 0x00, 0x00, 0x00, 0x00, 0x00, 0x00,
	0x00, 0x00, 0x00, 0x00, 0x00, 0x00, 0x00, 0x00, 0x00, 0x00, 0x00, 0x00, 0x00, 0x00, 0x00, 0x00,
	0xf0, 0x00, 0x00, 0x00, 0x00, 0x00, 0x00, 0xff, 0xff, 0x00, 0x00, 0xff, 0x00, 0x00, 0x00, 0x00,
	0x00, 0x00, 0x00, 0x00, 0x0f, 0x00, 0x00, 0x00, 0x00, 0x00, 0x00, 0x00, 0x00, 0xff, 0xff, 0x00,
	0x0f, 0x00, 0x00, 0xf0, 0xff, 0x00, 0x00, 0x00, 0x00, 0x00, 0x00, 0x00, 0xf0, 0x00, 0x00, 0x00,
	0x00, 0x00, 0xf0, 0x00, 0x00, 0xf0, 0x00, 0x00, 0x00, 0x00, 0x00, 0x00, 0xf0, 0xf0, 0x00, 0x00,
	0x00, 0x00, 0x00, 0x00, 0xff, 0x00, 0x00, 0x00, 0xff, 0x00, 0xff, 0x0f, 0x00, 0x0f, 0x00, 0x00,
	0x00, 0x00, 0x00, 0x0f, 0xf0, 0x0f, 0x00, 0x00, 0x00, 0x00, 0x00, 0xff, 0xf0, 0xf0, 0x00, 0x00,
	0x0f, 0x00, 0x0f, 0x00, 0x00, 0x0f, 0x00, 0x00, 0x00, 0x00, 0x00, 0x00, 0xf0, 0xf0, 0xff, 0x00,
	0x00, 0x00, 0xff, 0x00, 0x0f, 0x00, 0x00, 0x00, 0x00, 0xff, 0x00, 0x00, 0x00, 0x00, 0x00, 0x00,
	0x00, 0x0f, 0x0f, 0xf0, 0xf0, 0x0f, 0x00, 0x00, 0x00, 0xf0, 0x00, 0x00, 0x00, 0x00, 0x00, 0x00,
	0x00, 0x00, 0x00, 0x00, 0x00, 0x00, 0x00, 0x0f, 0x00, 0x00, 0x00, 0x00, 0x00, 0x00, 0x00, 0x00,
	0x00, 0x00, 0x00, 0x00, 0x00, 0x00, 0x00, 0xff, 0x00, 0xf0, 0x00, 0x00, 0x00, 0x00, 0xff, 0x0f,
	0x00, 0x00, 0xff, 0x00, 0x00, 0x00, 0xff, 0xf0, 0xff, 0x00, 0x00, 0x00, 0x00, 0x00, 0x00, 0xff,
	0x00, 0x00, 0x0f, 0x00, 0x00, 0x00, 0x00, 0xf0, 0x00, 0x00, 0x00, 0x00, 0x00, 0x00, 0x00, 0x00,
	0x00, 0x00, 0x00, 0x00, 0x00, 0x00, 0x00, 0x00, 0x00, 0xff, 0x0f, 0x00, 0x00, 0x0f, 0x00, 0x00,
	0x00, 0x00, 0x00, 0x00, 0x00, 0x00, 0xf0, 0x00, 0x00, 0xf0, 0x00, 0x00, 0x0f, 0x00, 0xf0, 0xff,
	0x00, 0xf0, 0x00, 0x00, 0x00, 0x0f, 0x00, 0x00, 0x00, 0x00, 0x0f, 0x00, 0x00, 0x00, 0xff, 0x00,
	0x00, 0x00, 0x00, 0x00, 0x00, 0x00, 0x00, 0x00, 0x00, 0x00, 0x00, 0x00, 0x0f, 0x00, 0xff, 0x00,
	0x00, 0xff, 0x00, 0x00, 0x0f, 0x00, 0x00, 0x00, 0xff, 0x00, 0xf0, 0x00, 0x00, 0xff, 0xff, 0x00,
	0x00, 0x00, 0x0f, 0x00, 0x00, 0x00, 0x00, 0x00, 0x00, 0x00, 0x00, 0x00, 0x00, 0x00, 0x00, 0xf0,
	0x00, 0xf0, 0x00, 0xf0, 0xff, 0x00, 0x00, 0x00, 0x00, 0xff, 0x00, 0x00, 0x00, 0x00, 0xff, 0x00,
	0x00, 0xf0, 0x00, 0x00, 0x00, 0x00, 0x0f, 0x00, 0x00, 0x00, 0x00, 0x00, 0x00, 0x00, 0xf0, 0x00,
	0x00, 0x00, 0x00, 0x0f, 0x00, 0x00, 0x0f, 0x00, 0xf0, 0x00, 0x00, 0xff, 0x00, 0x00, 0xf0, 0x00,
	0x00, 0xf0, 0xf0, 0x00, 0x00, 0x00, 0x00, 0xf0, 0x00, 0x00, 0xf0, 0x00, 0x00, 0x0f, 0x00, 0x00,
	0xff, 0x00, 0x00, 0x00, 0x0f, 0x00, 0x00, 0xf0, 0x00, 0x00, 0x00, 0x00, 0x00, 0xf0, 0x00, 0x00,
	0x00, 0x00, 0x00, 0x00, 0x00, 0x00, 0x00, 0x00, 0x00, 0x00, 0x00, 0x00, 0x00, 0x00, 0x00, 0x0f,
	0x00, 0x00, 0x00, 0x00, 0x00, 0xf0, 0x0f, 0x00, 0x0f, 0xf0, 0xf0, 0x00, 0x00, 0x00, 0x00, 0xff,
	0xff, 0xf0, 0x00, 0x00, 0x00, 0x0f, 0x00, 0x00, 0x00, 0x00, 0x00, 0x00, 0x00, 0x00, 0x00, 0x00,
	0x0f, 0x00, 0x00, 0xff, 0xf0, 0x00, 0x00, 0x00, 0x00, 0x0f, 0x00, 0x0f, 0x0f, 0x00, 0x0f, 0xff,
	0x00, 0x00, 0x00, 0x0f, 0x00, 0xff, 0x00, 0x00, 0xf0, 0x00, 0xff, 0x00, 0xf0, 0x00, 0x00, 0x0f,
	0x0f, 0xf0, 0x00, 0x00, 0x00, 0x00, 0x00, 0x00, 0x00, 0xff, 0x00, 0x00, 0xf0, 0x00, 0x00, 0x00,
	0x0f, 0x00, 0x0f, 0x00, 0x00, 0xf0, 0xff, 0xff, 0xff, 0x00, 0xff, 0xff, 0x00, 0x00, 0x0f, 0x00,
	0xf0, 0x00, 0xf0, 0x00, 0x00, 0x00, 0x00, 0x00, 0x00, 0x00, 0x00, 0x00, 0xf0, 0x00, 0x00, 0x0f,
	0x00, 0xf0, 0x00, 0x00, 0x00, 0x00, 0x0f, 0x00, 0x0f, 0x00, 0xf0, 0x00, 0xf0, 0x0f, 0x00, 0x00,
	0x00, 0xf0, 0x00, 0x00, 0x00, 0xff, 0x00, 0x00, 0x00, 0x00, 0x00, 0x00, 0x00, 0x00, 0xf0, 0x00,
	0xf0, 0x00, 0x00, 0x0f, 0x00, 0x00, 0x00, 0x00, 0x00, 0x00, 0x00, 0xf0, 0x00, 0xf0, 0x00, 0xff,
	0xff, 0xff, 0x00, 0x00, 0x00, 0x00, 0x00, 0x00, 0x00, 0xf0, 0x00, 0x00, 0x00, 0x00, 0x0f, 0x0f,
	0x00, 0x00, 0x00, 0x0f, 0x00, 0x00, 0x00, 0x00, 0x00, 0x00, 0x00, 0x00, 0x00, 0x0f, 0x00, 0x00,
	0xf0, 0xff, 0x00, 0x00, 0x00, 0xff, 0x00, 0x00, 0x00, 0x00, 0xf0, 0x00, 0xff, 0x00, 0x00, 0x00,
	0x00, 0x00, 0x00, 0xf0, 0xf0, 0x00, 0x00, 0x00, 0x00, 0x00, 0x00, 0x00, 0x00, 0x00, 0xff, 0x00,
	0x00, 0x00, 0x00, 0x00, 0x00, 0x00, 0xf0, 0xf0, 0x00, 0x00, 0x00, 0x00, 0x00, 0xff, 0x00, 0x00,
	0x00, 0x0f, 0x00, 0xff, 0x00, 0xf0, 0x0f, 0x00, 0x00, 0x00, 0x00, 0xf0, 0x00, 0x0f, 0x0f, 0xff,
	0x00, 0x00, 0xf0, 0x0f, 0xff, 0xff, 0x00, 0x0f, 0x00, 0xf0, 0xff, 0xf0, 0x00, 0x00, 0x0f, 0x00,
	0xf0, 0x00, 0x00, 0x0f, 0xff, 0x00, 0xf0, 0x00, 0x00, 0x00, 0xf0, 0xff, 0x0f, 0xf0, 0x00, 0xf0,
	0x00, 0x00, 0x00, 0x00, 0x00, 0x00, 0x00, 0x0f, 0x0f, 0x00, 0x00, 0x0f, 0x00, 0x00, 0x0f, 0x00,
	0xff, 0x00, 0x0f, 0x00, 0xff, 0x00, 0x00, 0x0f, 0x00, 0xf0, 0xf0, 0x00, 0x00, 0xff, 0x00, 0xf0,
	0x0f, 0xff, 0xf0, 0xf0, 0x0f, 0x00, 0xff, 0x0f, 0x00, 0x00, 0xff, 0x00, 0x00, 0x00, 0x00, 0x00,
	0x00, 0x0f, 0xf0, 0xf0, 0x0f, 0x00, 0x00, 0x00, 0x00, 0xf0, 0x00, 0x0f, 0x00, 0x00, 0xf0, 0x00,
	0xf0, 0x00, 0xff, 0xff, 0x00, 0x00, 0x00, 0x00, 0x00, 0xf0, 0xf0, 0x00, 0xff, 0xf0, 0xff, 0x0f,
	0x00, 0x00, 0xf0, 0xf0, 0x00, 0x00, 0xf0, 0xff, 0x00, 0x00, 0xff, 0x00, 0x00, 0x00, 0x0f, 0xf0,
	0x00, 0x00, 0xff, 0x00, 0x00, 0xff, 0x00, 0x00, 0x00, 0xff, 0x00, 0x00, 0x0f, 0xff, 0x00, 0x00,
	0x00, 0x00, 0xf0, 0xff, 0x00, 0x0f, 0x00, 0xf0, 0x0f, 0xff, 0xf0, 0xff, 0xf0, 0x00, 0x00, 0x00,
	0x00, 0x00, 0x00, 0x00, 0x00, 0x00, 0xff, 0x0f, 0x0f, 0x00, 0x0f, 0x00, 0x00, 0x00, 0x00, 0x00,
	0x00, 0x00, 0x0f, 0x00, 0xf0, 0x00, 0x00, 0x00, 0x00, 0xff, 0xff, 0x00, 0xf0, 0x00, 0xf0, 0x00,
	0x0f, 0xf0, 0xf0, 0x00, 0xff, 0xff, 0xf0, 0x0f, 0x0f, 0x0f, 0x00, 0x00, 0x0f, 0x00, 0xf0, 0x00,
	0xf0, 0xff, 0x00, 0x00, 0xff, 0xf0, 0x00, 0x00, 0x0f, 0x0f, 0xff, 0x00, 0x00, 0x0f, 0xff, 0x00,
	0x00, 0xf0, 0x00, 0x00, 0xf0, 0xff, 0xf0, 0x00, 0x00, 0x0f, 0x00, 0x00, 0xff, 0x00, 0x00, 0xf0,
	0x00, 0xf0, 0x0f, 0x00, 0x0f, 0x00, 0x0f, 0x00, 0x00, 0x00, 0x00, 0xf0, 0x00, 0xf0, 0xf0, 0xff,
	0xf0, 0xff, 0xf0, 0x00, 0x00, 0xff, 0x00, 0x0f, 0xf0, 0x00, 0xff, 0x00, 0x00, 0x00, 0xff, 0x00,
	0x0f, 0x00, 0x00, 0x00, 0xff, 0xff, 0x00, 0x0f, 0xf0, 0x00, 0x00, 0xf0, 0x00, 0x00, 0x00, 0x00,
	0xf0, 0xff, 0x0f, 0xff, 0x0f, 0x00, 0x00, 0xff, 0x00, 0x00, 0x00, 0x0f, 0x00, 0x00, 0x0f, 0x00,
	0x0f, 0xff, 0xff, 0xff, 0xf0, 0xff, 0x0f, 0xf0, 0xf0, 0x0f, 0x00, 0xff, 0xff, 0xf0, 0x0f, 0xff,
	0xff, 0x00, 0xf0, 0x0f, 0x0f, 0x0f, 0x0f, 0x0f, 0xff, 0xf0, 0x00, 0x0f, 0x0f, 0x00, 0xff, 0xf0,
	0x0f, 0x00, 0x00, 0xf0, 0x00, 0x00, 0xff, 0x00, 0xf0, 0x0f, 0x0f, 0xf0, 0x0f, 0x0f, 0x0f, 0x00,
	0xff, 0x0f, 0xff, 0xf0, 0xf0, 0xff, 0xf0, 0x0f, 0xff, 0x0f, 0xff, 0x00, 0x0f, 0x0f, 0x0f, 0xff,
	0xf0, 0x00, 0xff, 0xff, 0x0f, 0xff, 0x00, 0xf0, 0x00, 0x00, 0x00, 0x00, 0x00, 0x00, 0xff, 0x0f,
	0x0f, 0xff, 0x0f, 0xf0, 0x0f, 0xf0, 0xf0, 0xf0, 0xf0, 0xf0, 0x00, 0xf0, 0xff, 0x0f, 0x0f, 0x0f,
	0xf0, 0xf0, 0x00, 0xf0, 0x00, 0xf0, 0x0f, 0xff, 0xf0, 0x0f, 0x00, 0xf0, 0x00, 0x0f, 0xff, 0x00,
	0xff, 0x00, 0x00, 0xf0, 0x00, 0x00, 0x00, 0xf0, 0x0f, 0x00, 0x0f, 0x00, 0xff, 0x00, 0x0f, 0xf0,
	0x0f, 0x00, 0x00, 0xf0, 0xf0, 0x0f, 0x00, 0xf0, 0x00, 0x00, 0x00, 0x00, 0xff, 0x0f, 0xf0, 0x00,
	0xf0, 0x0f, 0xf0, 0x00, 0xf0, 0xf0, 0x00, 0x0f, 0x00, 0xf0, 0x0f, 0x00, 0xff, 0xf0, 0x00, 0xf0,
	0x0f, 0xf0, 0x0f, 0xf0, 0xf0, 0x00, 0x0f, 0xf0, 0xf0, 0x00, 0x00, 0x0f, 0x00, 0x0f, 0xf0, 0x0f,
	0x0f, 0x0f, 0xf0, 0xff, 0xff, 0x00, 0x00, 0x0f, 0xf0, 0xff, 0xff, 0x0f, 0x00, 0x0f, 0x00, 0xf0,
	0xff, 0x00, 0x00, 0x00, 0xff, 0x00, 0xff, 0xf0, 0x00, 0xff, 0xf0, 0xf0, 0x0f, 0xf0, 0x00, 0x0f,
	0xf0, 0xf0, 0x0f, 0x0f, 0xff, 0xf0, 0xff, 0xff, 0xff, 0x0f, 0xff, 0x00, 0x0f, 0x00, 0x00, 0xf0,
	0x00, 0x0f, 0x00, 0x00, 0x00, 0x00, 0xf0, 0xff, 0x00, 0x0f, 0x00, 0x00, 0xf0, 0x00, 0x0f, 0x0f,
	0x0f, 0xf0, 0x00, 0xff, 0xf0, 0x00, 0x00, 0xf0, 0xff, 0x00, 0x00, 0xf0, 0x00, 0xf0, 0xff, 0x00,
	0x00, 0x00, 0x00, 0xf0, 0xff, 0xf0, 0x0f, 0xff, 0x00, 0x0f, 0x00, 0xff, 0xf0, 0xff, 0x0f, 0x0f,
	0x00, 0x0f, 0x0f, 0xf0, 0x0f, 0x00, 0x00, 0xff, 0x0f, 0xff, 0x00, 0xf0, 0x00, 0x00, 0x00, 0xff,
	0xf0, 0xf0, 0x0f, 0x0f, 0x00, 0x0f, 0xff, 0x00, 0xff, 0xff, 0xff, 0x00, 0x00, 0x00, 0x00, 0xf0,
	0xf0, 0xff, 0x00, 0xff, 0xff, 0xff, 0x00, 0xff, 0xff, 0xf0, 0xff, 0x00, 0xff, 0x0f, 0xf0, 0xff,
	0x00, 0x00, 0xf0, 0x0f, 0xff, 0xff, 0xff, 0xf0, 0x0f, 0xf0, 0x0f, 0x0f, 0xf0, 0x00, 0x0f, 0x0f,
	0xff, 0xff, 0x00, 0x0f, 0x00, 0xf0, 0x00, 0x00, 0x0f, 0xf0, 0xff, 0x0f, 0x0f, 0xf0, 0xff, 0x00,
	0xff, 0x0f, 0xf0, 0xff, 0x0f, 0x00, 0xf0, 0xff, 0xf0, 0x00, 0xf0, 0x0f, 0x0f, 0xf0, 0x0f, 0x0f,
	0x00, 0xff, 0xff, 0xf0, 0x00, 0xf0, 0xf0, 0x00, 0x0f, 0x0f, 0x0f, 0x0f, 0xf0, 0xff, 0xf0, 0xf0,
	0xf0, 0xff, 0x00, 0x0f, 0xff, 0x00, 0xf0, 0x00, 0xf0, 0x00, 0xff, 0x00, 0xf0, 0xff, 0xff, 0x00,
	0x00, 0xff, 0x0f, 0xf0, 0x00, 0x0f, 0xff, 0x00, 0x00, 0x00, 0xf0, 0xff, 0x00, 0x00, 0x00, 0xf0,
	0x0f, 0xf0, 0x0f, 0x00, 0x0f, 0x0f, 0xff, 0xff, 0x00, 0x00, 0xff, 0x00, 0xff, 0x0f, 0x0f, 0x0f,
	0xff, 0x00, 0x00, 0xf0, 0xff, 0x0f, 0x0f, 0x00, 0xff, 0xf0, 0xff, 0x0f, 0x0f, 0x00, 0xff, 0xff,
	0xff, 0x0f, 0xf0, 0xf0, 0xf0, 0xf0, 0xf0, 0xff, 0x00, 0xf0, 0xff, 0x00, 0xf0, 0xff, 0xff, 0xff,
	0x0f, 0xf0, 0xf0, 0x00, 0xff, 0x0f, 0xf0, 0x0f, 0xf0, 0x00, 0x00, 0xff, 0xff, 0x0f, 0xf0, 0x00,
	0xf0, 0x00, 0x0f, 0xf0, 0xff, 0x00, 0x00, 0x0f, 0x0f, 0x00, 0xf0, 0x00, 0x00, 0x0f, 0xf0, 0x0f,
	0xff, 0x00, 0xff, 0xff, 0xff, 0x00, 0x00, 0x0f, 0xff, 0xf0, 0xf0, 0x00, 0xff, 0x00, 0x00, 0xf0,
	0x0f, 0x00, 0xf0, 0xff, 0x0f, 0x00, 0xf0, 0x00, 0xf0, 0xff, 0x0f, 0xff, 0x00, 0xf0, 0xff, 0x00,
	0xf0, 0x00, 0xf0, 0xff, 0xff, 0xf0, 0x00, 0xff, 0xf0, 0x0f, 0xff, 0xf0, 0xf0, 0x00, 0xf0, 0xf0,
	0x00, 0xf0, 0x00, 0x0f, 0x00, 0xf0, 0x0f, 0x0f, 0x00, 0xff, 0x0f, 0xff, 0x00, 0x0f, 0xff, 0x0f,
	0xf0, 0xf0, 0x00, 0xf0, 0xff, 0xf0, 0xff, 0x00, 0x0f, 0xff, 0x00, 0x0f, 0x0f, 0xff, 0xff, 0x00,
	0x0f, 0x0f, 0xf0, 0xf0, 0x0f, 0xff, 0x00, 0xf0, 0xff, 0xf0, 0x0f, 0xf0, 0x00, 0xff, 0x00, 0x00,
	0x00, 0xf0, 0x0f, 0xff, 0x00, 0xf0, 0x00, 0xff, 0xf0, 0xff, 0x0f, 0xf0, 0x00, 0x0f, 0x00, 0xf0,
	0xf0, 0x00, 0xff, 0x00, 0x00, 0x0f, 0xf0, 0xf0, 0x00, 0xf0, 0x00, 0xff, 0xff, 0xff, 0x00, 0x0f,
	0x0f, 0x0f, 0x00, 0x00, 0xff, 0x0f, 0xf0, 0x00, 0xf0, 0xf0, 0xf0, 0xf0, 0x0f, 0xf0, 0x00, 0x00,
	0xf0, 0xff, 0xff, 0xff, 0xf0, 0xf0, 0xf0, 0xff, 0x0f, 0x0f, 0x00, 0xff, 0xff, 0x0f, 0x0f, 0x0f,
	0xf0, 0xff, 0xff, 0xff, 0xff, 0xff, 0x00, 0x0f, 0x0f, 0xf0, 0xff, 0x0f, 0x0f, 0xf0, 0xff, 0xff,
	0x0f, 0x0f, 0x00, 0xff, 0x0f, 0x0f, 0xf0, 0x0f, 0x00, 0xf0, 0x0f, 0xf0, 0xf0, 0xff, 0xf0, 0x0f,
	0xf0, 0x0f, 0xf0, 0xf0, 0xff, 0xf0, 0xff, 0x0f, 0xff, 0xf0, 0xff, 0xf0, 0x0f, 0xf0, 0xff, 0xf0,
	0x0f, 0x0f, 0xff, 0x0f, 0x0f, 0xff, 0xf0, 0xf0, 0x0f, 0x0f, 0xf0, 0xf0, 0xff, 0x0f, 0xf0, 0xff,
	0x0f, 0xff, 0x0f, 0x0f, 0xff, 0xf0, 0x00, 0xff, 0xf0, 0xf0, 0xf0, 0xff, 0x0f, 0x00, 0x0f, 0xf0,
	0x0f, 0xf0, 0xf0, 0x0f, 0xf0, 0xff, 0xf0, 0xff, 0xff, 0xff, 0xff, 0xf0, 0xf0, 0x0f, 0xf0, 0xf0,
	0x00, 0xff, 0xff, 0xff, 0xff, 0xf0, 0x0f, 0x0f, 0xff, 0x0f, 0x0f, 0xff, 0xff, 0x0f, 0x0f, 0x0f,
	0x0f, 0xff, 0xff, 0xff, 0xff, 0x00, 0xf0, 0x0f, 0xf0, 0xff, 0x00, 0xff, 0x0f, 0x0f, 0x00, 0x00,
	0x0f, 0xf0, 0xff, 0xff, 0xf0, 0xff, 0x00, 0x0f, 0x0f, 0xf0, 0x0f, 0xff, 0x0f, 0x00, 0x0f, 0xff,
	0xf0, 0x0f, 0x0f, 0xf0, 0x0f, 0xff, 0xf0, 0x0f, 0x0f, 0xf0, 0x0f, 0x0f, 0xff, 0xf0, 0xff, 0x0f,
	0xff, 0xff, 0xf0, 0xf0, 0x0f, 0x0f, 0x0f, 0xf0, 0xff, 0xff, 0x00, 0x0f, 0x0f, 0x0f, 0xf0, 0xf0,
	0xff, 0xf0, 0xff, 0x0f, 0xf0, 0xf0, 0xf0, 0x00, 0x0f, 0x0f, 0xff, 0xf0, 0x00, 0x00, 0x00, 0x0f,
	0x0f, 0xf0, 0x0f, 0xff, 0xff, 0xf0, 0xf0, 0xff, 0x0f, 0xff, 0x0f, 0xf0, 0x0f, 0xf0, 0xf0, 0xf0,
	0x0f, 0x00, 0x00, 0x0f, 0xf0, 0xf0, 0xff, 0x0f, 0xf0, 0x0f, 0x0f, 0xf0, 0xff, 0xf0, 0xf0, 0xff,
	0x0f, 0x0f, 0xff, 0xf0, 0xf0, 0xff, 0xff, 0x0f, 0xf0, 0xff, 0xff, 0x0f, 0xf0, 0x0f, 0xf0, 0x0f,
	0xff, 0xf0, 0x0f, 0xf0, 0xff, 0xff, 0xff, 0x0f, 0x00, 0xf0, 0x0f, 0xf0, 0x00, 0x0f, 0xf0, 0x0f,
	0xf0, 0xff, 0xf0, 0x00, 0x0f, 0x00, 0xf0, 0x00, 0x0f, 0xff, 0xff, 0x00, 0xff, 0xf0, 0xff, 0xff,
	0xff, 0xff, 0xf0, 0x0f, 0xff, 0x0f, 0x0f, 0x0f, 0xf0, 0x0f, 0x0f, 0xff, 0x0f, 0xf0, 0xf0, 0xff,
	0xf0, 0xff, 0x00, 0xff, 0xff, 0xf0, 0x0f, 0xf0, 0xff, 0x00, 0xf0, 0x0f, 0xff, 0x0f, 0x0f, 0xff,
	0xff, 0xff, 0xff, 0xff, 0xff, 0xff, 0xff, 0xff, 0xff, 0xff, 0xff, 0xff, 0xff, 0xff, 0xff, 0xff,
	0xff, 0xff, 0xff, 0xff, 0xff, 0xff, 0xff, 0xff, 0xff, 0xff, 0xff, 0xff, 0xff, 0xff, 0xff, 0xff,
	0xff, 0xff, 0xff, 0xff, 0xff, 0xff, 0xff, 0xff, 0xff, 0xff, 0xff, 0xff, 0xff, 0xff, 0xff, 0xff,
	0xff, 0xff, 0xff, 0xff, 0xff, 0xff, 0xff, 0xff, 0xff, 0xff, 0xff, 0xff, 0xff, 0xff, 0xff, 0xff,
	0xff, 0xff, 0xff, 0xff, 0xff, 0xff, 0xff, 0xff, 0xff, 0xff, 0xff, 0xff, 0xff, 0xff, 0xff, 0xff,
	0xff, 0xff, 0xff, 0xff, 0xff, 0xff, 0xff, 0xff, 0xff, 0xff, 0xff, 0xff, 0xff, 0xff, 0xff, 0xff,
	0xff, 0xff, 0xff, 0xff, 0xff, 0xff, 0xff, 0xff, 0xff, 0xff, 0xff, 0xff, 0xff, 0xff, 0xff, 0xff,
	0xff, 0xff, 0xff, 0xff, 0xff, 0xff, 0xff, 0xff, 0xff, 0xff, 0xff, 0xff, 0xff, 0xff, 0xff, 0xff,
	0xff, 0xff, 0xff, 0xff, 0xff, 0xff, 0xff, 0xff, 0xff, 0xff, 0xff, 0xff, 0xff, 0xff, 0xff, 0xff,
	0xff, 0xff, 0xff, 0xff, 0xff, 0xff, 0xff, 0xff, 0xff, 0xff, 0xff, 0xff, 0xff, 0xff, 0xff, 0xff,
	0xff, 0xff, 0xff, 0xff, 0xff, 0xff, 0xff, 0xff, 0xff, 0xff, 0xff, 0xff, 0xff, 0xff, 0xff, 0xff,
	0xff, 0xff, 0xff, 0xff, 0xff, 0xff, 0xff, 0xff, 0xff, 0xff, 0xff, 0xff, 0xff, 0xff, 0xff, 0xff,
	0xff, 0xff, 0xff, 0xff, 0xff, 0xff, 0xff, 0xff, 0xff, 0xff, 0xff, 0xff, 0xff, 0xff, 0xff, 0xff,
	0xff, 0xff, 0xff, 0xff, 0xff, 0xff, 0xff, 0xff, 0xff, 0xff, 0xff, 0xff, 0xff, 0xff, 0xff, 0xff,
	0xff, 0xff, 0xff, 0xff, 0xff, 0xff, 0xff, 0xff, 0xff, 0xff, 0xff, 0xff, 0xff, 0xff, 0xff, 0xff,
	0xff, 0xff, 0xff, 0xff, 0xff, 0xff, 0xff, 0xff, 0xff, 0xff, 0xff, 0xff, 0xff, 0xff, 0xff, 0xff,
	0xff, 0xff, 0xff, 0xff, 0xff, 0xff, 0xff, 0xff, 0xff, 0xff, 0xff, 0xff, 0xff, 0xff, 0xff, 0xff,
	0xff, 0xff, 0xff, 0xff, 0xff, 0xff, 0xff, 0xff, 0xff, 0xff, 0xff, 0xff, 0xff, 0xff, 0xff, 0xff,
	0xff, 0xff, 0xff, 0xff, 0xff, 0xff, 0xff, 0xff, 0xff, 0xff, 0xff, 0xff, 0xff, 0xff, 0xff, 0xff,
	0xff, 0xff, 0xff, 0xff, 0xff, 0xff, 0xff, 0xff, 0xff, 0xff, 0xff, 0xff, 0xff, 0xff, 0xff, 0xff,
	0x00, 0x00, 0x00, 0x00, 0x00, 0x00, 0x00, 0x00, 0x00, 0x00, 0x00, 0x00, 0x00, 0x00, 0x00, 0x00,
	0x00, 0x00, 0x00, 0x00, 0x00, 0x00, 0x00, 0x00, 0x00, 0x00, 0x00, 0x00, 0x00, 0x00, 0x00, 0x00,
	0x00, 0x00, 0x00, 0x00, 0x00, 0x00, 0x00, 0x00, 0x00, 0x00, 0x00, 0x00, 0x00, 0x00, 0x00, 0x00,
	0x00, 0x00, 0x00, 0x00, 0x00, 0x00, 0x00, 0x00, 0x00, 0x00, 0x00, 0x00, 0x00, 0x00, 0x00, 0x00,
	0x00, 0x00, 0x00, 0x00, 0x00, 0x00, 0x00, 0x00, 0x00, 0x00, 0x00, 0x00, 0x00, 0x00, 0x00, 0x00,
	0x00, 0x00, 0x00, 0x00, 0x00, 0x00, 0x00, 0x00, 0x00, 0x00, 0x00, 0x00, 0x00, 0x00, 0x00, 0x00,
	0x00, 0x00, 0x00, 0x00, 0x00, 0x00, 0x00, 0x00, 0x00, 0x00, 0x00, 0x00, 0x00, 0x00, 0x00, 0x00,
	0x00, 0x00, 0x00, 0x00, 0x00, 0x00, 0x00, 0x00, 0x00, 0x00, 0x00, 0x00, 0x00, 0x00, 0x00, 0x00,
	0x00, 0x00, 0x00, 0x00, 0x00, 0x00, 0x00, 0x00, 0x00, 0x00, 0x00, 0x00, 0x00, 0x00, 0x00, 0x00,
	0x00, 0x00, 0x00, 0x00, 0x00, 0x00, 0x00, 0x00, 0x00, 0x00, 0x00, 0x00, 0x00, 0x00, 0x00, 0x00,
	0x00, 0x00, 0x00, 0x00, 0x00, 0x00, 0x00, 0x00, 0x00, 0x00, 0x00, 0x00, 0x00, 0x00, 0x00, 0x00,
	0x00, 0x00, 0x00, 0x00, 0x00, 0x00, 0x00, 0x00, 0x00, 0x00, 0x00, 0x00, 0x00, 0x00, 0x00, 0x00,
	0x00, 0x00, 0x00, 0x00, 0x00, 0x00, 0x00, 0x00, 0x00, 0x00, 0x00, 0x00, 0x00, 0x00, 0x00, 0x00,
	0x00, 0x00, 0x00, 0x00, 0x00, 0x00, 0x00, 0x00, 0x00, 0x00, 0x00, 0x00, 0x00, 0x00, 0x00, 0x00,
	0x00, 0x00, 0x00, 0x00, 0x00, 0x00, 0x00, 0x00, 0x00, 0x00, 0x00, 0x00, 0x00, 0x00, 0x00, 0x00,
	0x00, 0x00, 0x00, 0x00, 0x00, 0x00, 0x00, 0x00, 0x00, 0x00, 0x00, 0x00, 0x00, 0x00, 0x00, 0x00,
	0x00, 0x00, 0x00, 0x00, 0x00, 0x00, 0x00, 0x00, 0x00, 0x00, 0x00, 0x00, 0x00, 0x00, 0x00, 0x00,
	0x00, 0x00, 0x00, 0x00, 0x00, 0x00, 0x00, 0x00, 0x00, 0x00, 0x00, 0x00, 0x00, 0x00, 0x00, 0x00,
	0x00, 0x00, 0x00, 0x00, 0x00, 0x00, 0x00, 0x00, 0x00, 0x00, 0x00, 0x00, 0x00, 0x00, 0x00, 0x00,
	0x00, 0x00, 0x00, 0x00, 0x00, 0x00, 0x00, 0x00, 0x00, 0x00, 0x00, 0x00, 0x00, 0x00, 0x00, 0x00,
	0xf0, 0x00, 0x0f, 0x00, 0x0f, 0xff, 0x00, 0x00, 0x00, 0x00, 0x00, 0x00, 0x00, 0x00, 0x00, 0x00,
	0xf0, 0xff, 0x00, 0x00, 0x00, 0x00, 0x00, 0xf0, 0xf0, 0x0f, 0x00, 0x00, 0x00, 0x00, 0x0f, 0x00,
	0xf0, 0x0f, 0x00, 0x00, 0x00, 0x0f, 0x00, 0x00, 0x00, 0x00, 0xf0, 0x00, 0x00, 0x00, 0x00, 0x00,
	0x00, 0x00, 0x00, 0xff, 0x00, 0x00, 0x00, 0x00, 0xf0, 0x00, 0x00, 0x00, 0x00, 0xf0, 0x00, 0xff,
	0xff, 0xff, 0x00, 0xff, 0x0f, 0x00, 0xf0, 0x00, 0x00, 0x00, 0x00, 0xff, 0x00, 0xf0, 0xf0, 0xf0,
	0x00, 0x00, 0x00, 0x00, 0xff, 0x00, 0xff, 0xf0, 0x00, 0xff, 0x00, 0x00, 0x00, 0x0f, 0xf0, 0xf0,
	0x00, 0x0f, 0x00, 0xf0, 0x00, 0xf0, 0x00, 0x00, 0x0f, 0x0f, 0x0f, 0x00, 0x00, 0xff, 0x00, 0x00,
	0x00, 0x00, 0x00, 0x00, 0x00, 0x00, 0x00, 0x0f, 0x00, 0x00, 0x00, 0x00, 0x00, 0x00, 0x00, 0x00,
	0x00, 0x00, 0x00, 0x00, 0x00, 0x00, 0xf0, 0x00, 0x00, 0x00, 0x0f, 0x00, 0xff, 0x00, 0xf0, 0x00,
	0x00, 0x00, 0x00, 0x00, 0x00, 0x00, 0x00, 0x00, 0x0f, 0x00, 0xff, 0x00, 0xf0, 0x00, 0x00, 0x00,
	0x0f, 0x00, 0x00, 0x0f, 0x00, 0x0f, 0x00, 0x00, 0x00, 0x00, 0x00, 0x0f, 0x00, 0x00, 0x00, 0x00,
	0x00, 0x00, 0x00, 0x00, 0x00, 0x00, 0x00, 0xff, 0x00, 0x00, 0x00, 0x00, 0x00, 0x00, 0xff, 0xff,
	0x00, 0x00, 0x00, 0x00, 0x00, 0x00, 0xff, 0x00, 0x0f, 0x00, 0x00, 0x00, 0x00, 0x00, 0xff, 0xf0,
	0x00, 0x00, 0x00, 0x00, 0x00, 0xff, 0x00, 0xf0, 0x0f, 0x00, 0xf0, 0x00, 0x00, 0x00, 0x00, 0x00,
	0x00, 0x00, 0x00, 0x00, 0x00, 0x00, 0x00, 0x00, 0x00, 0x00, 0x00, 0x00, 0x00, 0x00, 0xff, 0x00,
	0x00, 0x00, 0x00, 0x00, 0x00, 0x00, 0x00, 0x00, 0x00, 0x00, 0x00, 0xf0, 0x00, 0x00, 0x00, 0x00,
	0x00, 0x00, 0x00, 0x00, 0x0f, 0x00, 0x00, 0x00, 0x00, 0x00, 0xf0, 0x00, 0x00, 0x00, 0x00, 0x0f,
	0x00, 0x00, 0x0f, 0x00, 0x0f, 0x00, 0x00, 0x00, 0x00, 0x00, 0x00, 0x00, 0x00, 0x00, 0x00, 0x00,
	0xff, 0x00, 0x00, 0x0f, 0x00, 0x00, 0x00, 0x00, 0xf0, 0x00, 0x00, 0x00, 0x00, 0x00, 0x00, 0x00,
	0x0f, 0x00, 0x00, 0x00, 0x00, 0x0f, 0x00, 0x0f, 0x00, 0xf0, 0xff, 0x00, 0x00, 0x00, 0x00, 0xff,
	0x0f, 0x00, 0xf0, 0x0f, 0x00, 0xf0, 0x00, 0x00, 0x0f, 0x0f, 0x00, 0x00, 0x00, 0x00, 0x00, 0x00,
	0x0f, 0x00, 0x00, 0x0f, 0x00, 0x00, 0x00, 0x00, 0xf0, 0x00, 0x00, 0x00, 0x00, 0x00, 0x00, 0x00,
	0x00, 0x00, 0xff, 0xff, 0xff, 0x00, 0x00, 0x00, 0xf0, 0x00, 0x00, 0x0f, 0x00, 0xf0, 0x0f, 0xff,
	0x00, 0x00, 0x00, 0x00, 0x00, 0xf0, 0x00, 0x00, 0x00, 0x00, 0xf0, 0xf0, 0xff, 0x00, 0x00, 0x00,
	0x00, 0x00, 0x00, 0x00, 0x00, 0x00, 0xf0, 0x00, 0x00, 0x00, 0x00, 0x00, 0x00, 0xff, 0x00, 0x00,
	0x00, 0x00, 0x00, 0x00, 0x00, 0xff, 0x00, 0x00, 0x0f, 0xf0, 0x00, 0xff, 0x00, 0x00, 0x00, 0x00,
	0x00, 0x00, 0x00, 0x00, 0x00, 0x00, 0xff, 0x00, 0xff, 0x00, 0x00, 0x00, 0xff, 0xff, 0x00, 0x00,
	0x00, 0x00, 0x0f, 0x00, 0x00, 0xff, 0x00, 0x00, 0x00, 0x00, 0xff, 0x00, 0xff, 0x00, 0x00, 0x00,
	0x00, 0x00, 0xff, 0x00, 0x00, 0x0f, 0xff, 0x00, 0x00, 0x00, 0x00, 0x00, 0xf0, 0x0f, 0x00, 0x00,
	0x00, 0x00, 0x00, 0x00, 0xff, 0x00, 0x00, 0x00, 0x00, 0x00, 0x00, 0x0f, 0x00, 0x00, 0x00, 0x00,
	0xff, 0x00, 0xf0, 0x00, 0x00, 0x00, 0x00, 0xff, 0x00, 0x00, 0xf0, 0x00, 0x00, 0x00, 0x0f, 0x00,
	0x00, 0xf0, 0x00, 0x00, 0x00, 0x00, 0x00, 0x00, 0x00, 0xff, 0x00, 0x00, 0xf0, 0xff, 0x00, 0xff,
	0x00, 0x00, 0x00, 0xff, 0x0f, 0x00, 0x00, 0x00, 0x00, 0x00, 0x00, 0x00, 0x00, 0x00, 0x0f, 0x00,
	0x00, 0x00, 0x00, 0x00, 0x00, 0xf0, 0x00, 0x00, 0x00, 0xff, 0x00, 0xf0, 0x00, 0x00, 0x00, 0x0f,
	0xf0, 0xff, 0x00, 0xff, 0x0f, 0x00, 0x00, 0xf0, 0xf0, 0x00, 0xff, 0x00, 0x00, 0x00, 0x00, 0x00,
	0x0f, 0x00, 0x00, 0x00, 0xff, 0x00, 0x00, 0x00, 0x00, 0x00, 0x00, 0x00, 0xf0, 0x00, 0xf0, 0xf0,
	0x00, 0x00, 0x0f, 0x00, 0xff, 0x00, 0x0f, 0x00, 0x00, 0x00, 0xff, 0x00, 0x00, 0x00, 0x00, 0x00,
	0x00, 0xff, 0x00, 0x00, 0x0f, 0x00, 0x00, 0x00, 0x00, 0x00, 0x00, 0x00, 0x00, 0x00, 0x0f, 0x00,
	0x00, 0xff, 0x00, 0x00, 0xf0, 0xf0, 0x00, 0xff, 0xff, 0xff, 0x00, 0x00, 0x00, 0x00, 0x00, 0x00,
	0x00, 0xff, 0x00, 0x00, 0xf0, 0x0f, 0x00, 0x00, 0x00, 0x00, 0x00, 0xf0, 0x00, 0xff, 0x00, 0xf0,
	0xf0, 0x00, 0xff, 0x00, 0x00, 0x00, 0x00, 0x00, 0x0f, 0x00, 0x0f, 0x00, 0x00, 0x00, 0x0f, 0xff,
	0x00, 0xf0, 0x00, 0x00, 0x00, 0x00, 0xf0, 0x0f, 0x00, 0x00, 0x00, 0x00, 0x00, 0x00, 0x00, 0x0f,
	0x00, 0x00, 0xf0, 0x00, 0xff, 0x00, 0xf0, 0x0f, 0x0f, 0x00, 0x00, 0x00, 0xff, 0x00, 0xf0, 0x0f,
	0x0f, 0x00, 0x00, 0x00, 0x0f, 0x0f, 0x00, 0xff, 0x00, 0x00, 0x00, 0x0f, 0xf0, 0xff, 0x00, 0x0f,
	0x0f, 0x00, 0x0f, 0xf0, 0x00, 0xff, 0x00, 0x00, 0xf0, 0xff, 0x00, 0x00, 0xf0, 0x0f, 0x00, 0x0f,
	0x0f, 0xff, 0x00, 0xff, 0x00, 0x00, 0x00, 0x00, 0x00, 0xff, 0x0f, 0x00, 0x00, 0x00, 0x00, 0x0f,
	0x0f, 0x0f, 0xf0, 0xff, 0x0f, 0x0f, 0x00, 0x00, 0x00, 0x00, 0x00, 0x00, 0x00, 0x00, 0x00, 0x00,
	0x00, 0x0f, 0x0f, 0x0f, 0x00, 0x00, 0x00, 0x00, 0xff, 0x00, 0x00, 0xf0, 0x0f, 0x00, 0x00, 0x00,
	0x0f, 0xff, 0x0f, 0x00, 0xff, 0xf0, 0x00, 0x00, 0x0f, 0xf0, 0x00, 0x00, 0x00, 0x00, 0x00, 0xf0,
	0xff, 0x00, 0x00, 0x0f, 0x00, 0xf0, 0x0f, 0x00, 0x00, 0x00, 0x0f, 0x00, 0xf0, 0x0f, 0xff, 0x00,
	0x00, 0x00, 0x00, 0x00, 0xff, 0x00, 0x00, 0x00, 0x0f, 0x00, 0x00, 0x0f, 0x00, 0x00, 0xf0, 0x00,
	0xff, 0xff, 0xff, 0x00, 0xff, 0x00, 0x0f, 0xf0, 0x00, 0xff, 0x00, 0x00, 0xf0, 0xff, 0x0f, 0xf0,
	0x00, 0x0f, 0x00, 0x00, 0x0f, 0x00, 0xff, 0x00, 0x00, 0xff, 0x00, 0x00, 0xff, 0x00, 0xf0, 0x0f,
	0x0f, 0x00, 0x00, 0x00, 0xf0, 0x00, 0x00, 0x00, 0x0f, 0x00, 0x00, 0x00, 0x0f, 0xff, 0xf0, 0x00,
	0xff, 0xff, 0x00, 0x00, 0x0f, 0xff, 0xf0, 0x00, 0x00, 0xf0, 0xf0, 0x00, 0xff, 0x00, 0x00, 0x00,
	0x00, 0x0f, 0x00, 0xf0, 0xf0, 0x0f, 0xff, 0xff, 0x00, 0x0f, 0x00, 0x00, 0xf0, 0x00, 0x00, 0x0f,
	0xff, 0x0f, 0xf0, 0x00, 0x0f, 0x00, 0xff, 0x0f, 0xf0, 0x0f, 0xff, 0x00, 0x00, 0xf0, 0x00, 0x0f,
	0x00, 0xf0, 0x00, 0x00, 0xff, 0x00, 0xff, 0xff, 0x00, 0xff, 0x00, 0xf0, 0x0f, 0x00, 0x00, 0x00,
	0x00, 0xff, 0x0f, 0x00, 0xf0, 0xf0, 0xff, 0x00, 0xff, 0x00, 0x00, 0x0f, 0x00, 0xf0, 0xf0, 0x00,
	0x00, 0x0f, 0x0f, 0x00, 0x00, 0xf0, 0x0f, 0xf0, 0x0f, 0x00, 0xf0, 0x00, 0xf0, 0x00, 0x0f, 0x00,
	0x00, 0x00, 0xff, 0x0f, 0xf0, 0xf0, 0x00, 0xf0, 0x00, 0x00, 0xf0, 0xff, 0xf0, 0xff, 0xf0, 0x0f,
	0x00, 0xff, 0x00, 0x0f, 0xf0, 0x0f, 0x0f, 0xf0, 0xff, 0x00, 0x00, 0x00, 0x00, 0x00, 0x0f, 0x00,
	0xf0, 0xff, 0xf0, 0xff, 0x00, 0x0f, 0x00, 0x00, 0x00, 0xf0, 0xff, 0x0f, 0xf0, 0x00, 0xff, 0x0f,
	0xff, 0xff, 0x00, 0x0f, 0xff, 0xf0, 0xf0, 0x0f, 0xf0, 0xf0, 0x00, 0xf0, 0xf0, 0x00, 0x00, 0x0f,
	0x0f, 0xf0, 0xf0, 0xff, 0xff, 0x0f, 0x00, 0x00, 0x00, 0xff, 0xf0, 0x0f, 0x00, 0x00, 0xf0, 0x0f,
	0xf0, 0x0f, 0x00, 0xff, 0x00, 0x0f, 0x00, 0xff, 0xf0, 0xff, 0xff, 0x00, 0x00, 0xff, 0xff, 0xf0,
	0xf0, 0x00, 0x0f, 0xff, 0x00, 0x00, 0x0f, 0x00, 0xf0, 0xf0, 0xff, 0x00, 0x00, 0xff, 0xf0, 0x0f,
	0x00, 0x0f, 0x0f, 0xf0, 0xf0, 0x0f, 0x00, 0xf0, 0x00, 0x00, 0x0f, 0xff, 0xf0, 0xff, 0xff, 0x0f,
	0xf0, 0xff, 0x00, 0x00, 0x00, 0x00, 0x00, 0xf0, 0xf0, 0x00, 0xff, 0x0f, 0xf0, 0xff, 0x0f, 0xff,
	0xf0, 0x0f, 0x0f, 0x00, 0xff, 0x0f, 0x0f, 0xf0, 0x0f, 0xff, 0xff, 0xf0, 0x00, 0x0f, 0x0f, 0x0f,
	0xff, 0xf0, 0x0f, 0x0f, 0xf0, 0x00, 0x0f, 0x0f, 0x0f, 0xf0, 0xf0, 0x0f, 0x00, 0x0f, 0xf0, 0x0f,
	0xff, 0x00, 0xff, 0x00, 0x00, 0xf0, 0x00, 0x00, 0xff, 0x00, 0x0f, 0x0f, 0xf0, 0x0f, 0x0f, 0xff,
	0x00, 0xff, 0xff, 0x00, 0x00, 0x0f, 0x0f, 0xf0, 0xff, 0x0f, 0xff, 0xff, 0xf0, 0x0f, 0xff, 0xff,
	0xff, 0x00, 0xf0, 0xff, 0xf0, 0xff, 0xf0, 0x0f, 0x00, 0x00, 0x0f, 0x00, 0x00, 0xff, 0xf0, 0x00,
	0x0f, 0x00, 0xff, 0x0f, 0x00, 0xf0, 0xff, 0xff, 0x0f, 0x0f, 0x0f, 0xff, 0x0f, 0x00, 0xf0, 0x0f,
	0xff, 0x00, 0x00, 0x00, 0xff, 0xff, 0xf0, 0x0f, 0xf0, 0x00, 0x0f, 0xf0, 0xf0, 0x00, 0xff, 0x0f,
	0x0f, 0x00, 0x00, 0x00, 0xff, 0x00, 0x00, 0xf0, 0x0f, 0xf0, 0xf0, 0x0f, 0x00, 0x0f, 0xff, 0xff,
	0xf0, 0x00, 0x00, 0xf0, 0xff, 0x00, 0x00, 0xf0, 0xff, 0xff, 0xff, 0x00, 0x00, 0xff, 0x0f, 0xff,
	0x0f, 0xff, 0xf0, 0x0f, 0xf0, 0x00, 0x00, 0xf0, 0x0f, 0xf0, 0xff, 0x0f, 0x00, 0x00, 0x00, 0x00,
	0xf0, 0x00, 0x0f, 0xff, 0xf0, 0xff, 0x0f, 0xf0, 0x00, 0x00, 0x0f, 0x00, 0x00, 0xff, 0x00, 0x00,
	0xf0, 0x00, 0xf0, 0x0f, 0x0f, 0xff, 0xff, 0xff, 0xf0, 0xf0, 0xf0, 0xf0, 0x0f, 0x00, 0x0f, 0x00,
	0x00, 0x0f, 0xff, 0x00, 0xf0, 0x00, 0xff, 0x00, 0xff, 0x0f, 0x00, 0xff, 0x00, 0x00, 0x00, 0x0f,
	0x0f, 0x0f, 0xff, 0x00, 0x00, 0x0f, 0x00, 0x00, 0x00, 0xf0, 0x00, 0x00, 0xf0, 0x0f, 0xf0, 0x00,
	0x00, 0x00, 0xf0, 0x0f, 0xf0, 0xff, 0x00, 0x00, 0x00, 0x00, 0x00, 0xff, 0xf0, 0xff, 0xff, 0xff,
	0x0f, 0x00, 0xf0, 0xf0, 0x00, 0xf0, 0xf0, 0xf0, 0xff, 0xf0, 0xf0, 0x0f, 0x00, 0x00, 0xff, 0x0f,
	0xf0, 0x00, 0x0f, 0xff, 0xf0, 0x0f, 0x00, 0xf0, 0xf0, 0xff, 0x00, 0x0f, 0x0f, 0xff, 0xff, 0x0f,
	0xff, 0xf0, 0x0f, 0xf0, 0xf0, 0xff, 0x00, 0xff, 0xf0, 0x00, 0xf0, 0xff, 0x00, 0x0f, 0xf0, 0x00,
	0x00, 0x0f, 0x00, 0xff, 0x00, 0xff, 0xf0, 0xf0, 0xff, 0xf0, 0xff, 0x00, 0xf0, 0x00, 0xf0, 0xff,
	0x00, 0xf0, 0xf0, 0xff, 0xf0, 0x00, 0x0f, 0x00, 0x00, 0x00, 0xff, 0xff, 0x0f, 0xf0, 0xff, 0x00,
	0xff, 0x0f, 0x0f, 0x0f, 0xff, 0x0f, 0x00, 0xff, 0x00, 0x0f, 0x0f, 0xff, 0x00, 0x0f, 0xff, 0xf0,
	0x0f, 0x0f, 0x0f, 0x0f, 0xff, 0x0f, 0x00, 0x00, 0xf0, 0xf0, 0xff, 0xf0, 0x0f, 0x00, 0x0f, 0x0f,
	0xff, 0x00, 0x00, 0x00, 0x0f, 0xf0, 0x00, 0xff, 0x00, 0xf0, 0xf0, 0xf0, 0xff, 0x00, 0xff, 0x0f,
	0x0f, 0x00, 0xf0, 0xff, 0x0f, 0xf0, 0x00, 0xff, 0xf0, 0x0f, 0xf0, 0x0f, 0x0f, 0x0f, 0xff, 0x0f,
	0x0f, 0xf0, 0xff, 0xff, 0xf0, 0x0f, 0x00, 0x0f, 0xff, 0xf0, 0x00, 0xff, 0xf0, 0x00, 0xf0, 0x00,
	0xff, 0x00, 0x00, 0x0f, 0x0f, 0x00, 0xf0, 0xf0, 0x00, 0xf0, 0xff, 0x0f, 0xf0, 0x00, 0x00, 0xff,
	0xff, 0xf0, 0x00, 0x00, 0x0f, 0x00, 0x0f, 0xff, 0xff, 0x00, 0xf0, 0xf0, 0xf0, 0x0f, 0xff, 0x00,
	0xf0, 0x00, 0x0f, 0xf0, 0xff, 0x00, 0xf0, 0x00, 0xff, 0x00, 0xff, 0xf0, 0x0f, 0xf0, 0x0f, 0xff,
	0xff, 0xf0, 0xff, 0x00, 0x0f, 0xf0, 0xff, 0xff, 0x00, 0xf0, 0xff, 0x0f, 0x00, 0x0f, 0x0f, 0xf0,
	0x0f, 0xf0, 0x0f, 0xf0, 0x0f, 0xf0, 0xff, 0x0f, 0xff, 0xf0, 0x00, 0x00, 0xff, 0x00, 0x0f, 0xf0,
	0xff, 0x00, 0xf0, 0x0f, 0xf0, 0xf0, 0xff, 0xf0, 0x00, 0xf0, 0xf0, 0xff, 0xf0, 0x0f, 0x00, 0x0f,
	0x00, 0xff, 0xff, 0x0f, 0xff, 0x0f, 0xff, 0xff, 0xff, 0x00, 0x0f, 0x0f, 0xff, 0xf0, 0x0f, 0x00,
	0xf0, 0xff, 0xf0, 0xf0, 0xff, 0xff, 0xf0, 0x0f, 0x0f, 0x0f, 0x0f, 0xff, 0xf0, 0x00, 0x0f, 0xf0,
	0x0f, 0x0f, 0xff, 0x0f, 0x0f, 0x0f, 0xf0, 0xf0, 0xf0, 0xf0, 0x0f, 0xf0, 0xff, 0xf0, 0x0f, 0x00,
	0x0f, 0x00, 0xf0, 0xf0, 0x00, 0xf0, 0xff, 0x0f, 0x0f, 0x0f, 0x0f, 0xf0, 0xff, 0xf0, 0xf0, 0xf0,
	0xff, 0x0f, 0xf0, 0xff, 0x0f, 0xff, 0xff, 0x00, 0x0f, 0x0f, 0xff, 0x0f, 0x0f, 0xf0, 0x00, 0xf0,
	0xf0, 0x0f, 0xff, 0xf0, 0x0f, 0xff, 0xf0, 0xf0, 0xff, 0x00, 0xf0, 0x0f, 0x0f, 0xff, 0x0f, 0xff,
	0x0f, 0x0f, 0xf0, 0x0f, 0xff, 0x0f, 0xf0, 0xf0, 0x0f, 0xf0, 0xf0, 0x00, 0xff, 0x0f, 0xf0, 0xff,
	0xf0, 0x0f, 0xff, 0xf0, 0x0f, 0x0f, 0x0f, 0x0f, 0xf0, 0xff, 0x0f, 0xf0, 0x00, 0xff, 0x0f, 0xf0,
	0x0f, 0xf0, 0x0f, 0xf0, 0x0f, 0xf0, 0x0f, 0xf0, 0xff, 0xff, 0xf0, 0x0f, 0xf0, 0x0f, 0xf0, 0xff,
	0xff, 0x0f, 0x0f, 0xff, 0xff, 0x00, 0xf0, 0x0f, 0x0f, 0x0f, 0x0f, 0x0f, 0x0f, 0x0f, 0xf0, 0x0f,
	0xff, 0xff, 0xff, 0x0f, 0xff, 0x0f, 0xff, 0x0f, 0x00, 0xff, 0xff, 0xff, 0xff, 0xff, 0x0f, 0xff,
	0x0f, 0x0f, 0xff, 0xff, 0x0f, 0x0f, 0x00, 0x0f, 0xf0, 0x00, 0xff, 0xf0, 0x00, 0xff, 0xf0, 0xf0,
	0x00, 0xff, 0x0f, 0x0f, 0xff, 0xff, 0x0f, 0x0f, 0xff, 0xff, 0x0f, 0x0f, 0xff, 0xff, 0xf0, 0xf0,
	0xff, 0x0f, 0xff, 0x0f, 0xf0, 0xff, 0xf0, 0xff, 0xf0, 0xff, 0xf0, 0x0f, 0xff, 0xf0, 0xf0, 0xff,
	0xf0, 0x0f, 0x0f, 0xf0, 0xff, 0xf0, 0x0f, 0xf0, 0x0f, 0x0f, 0x0f, 0xff, 0xf0, 0xf0, 0xf0, 0x0f,
	0x00, 0xff, 0x0f, 0xf0, 0xf0, 0xff, 0xff, 0xf0, 0xff, 0xff, 0xf0, 0xf0, 0xf0, 0x0f, 0xff, 0xff,
	0x0f, 0x0f, 0xf0, 0xff, 0x0f, 0xf0, 0x0f, 0x00, 0x0f, 0x00, 0xf0, 0x0f, 0x0f, 0xff, 0xf0, 0x00,
	0xff, 0xf0, 0x0f, 0x0f, 0x00, 0x00, 0x0f, 0xf0, 0xf0, 0xf0, 0xff, 0x00, 0xff, 0xff, 0x00, 0x0f,
	0xf0, 0xff, 0xf0, 0xf0, 0x0f, 0xff, 0xff, 0x0f, 0xf0, 0xff, 0xf0, 0xf0, 0x00, 0xf0, 0xf0, 0x0f,
	0xf0, 0x00, 0xf0, 0x0f, 0xf0, 0x0f, 0x0f, 0xf0, 0xf0, 0x0f, 0xff, 0x0f, 0x0f, 0xf0, 0x0f, 0xf0,
	0xff, 0xff, 0xff, 0xff, 0xff, 0xff, 0xff, 0xff, 0xff, 0xff, 0xff, 0xff, 0xff, 0xff, 0xff, 0xff,
	0xff, 0xff, 0xff, 0xff, 0xff, 0xff, 0xff, 0xff, 0xff, 0xff, 0xff, 0xff, 0xff, 0xff, 0xff, 0xff,
	0xff, 0xff, 0xff, 0xff, 0xff, 0xff, 0xff, 0xff, 0xff, 0xff, 0xff, 0xff, 0xff, 0xff, 0xff, 0xff,
	0xff, 0xff, 0xff, 0xff, 0xff, 0xff, 0xff, 0xff, 0xff, 0xff, 0xff, 0xff, 0xff, 0xff, 0xff, 0xff,
	0xff, 0xff, 0xff, 0xff, 0xff, 0xff, 0xff, 0xff, 0xff, 0xff, 0xff, 0xff, 0xff, 0xff, 0xff, 0xff,
	0xff, 0xff, 0xff, 0xff, 0xff, 0xff, 0xff, 0xff, 0xff, 0xff, 0xff, 0xff, 0xff, 0xff, 0xff, 0xff,
	0xff, 0xff, 0xff, 0xff, 0xff, 0xff, 0xff, 0xff, 0xff, 0xff, 0xff, 0xff, 0xff, 0xff, 0xff, 0xff,
	0xff, 0xff, 0xff, 0xff, 0xff, 0xff, 0xff, 0xff, 0xff, 0xff, 0xff, 0xff, 0xff, 0xff, 0xff, 0xff,
	0xff, 0xff, 0xff, 0xff, 0xff, 0xff, 0xff, 0xff, 0xff, 0xff, 0xff, 0xff, 0xff, 0xff, 0xff, 0xff,
	0xff, 0xff, 0xff, 0xff, 0xff, 0xff, 0xff, 0xff, 0xff, 0xff, 0xff, 0xff, 0xff, 0xff, 0xff, 0xff,
	0xff, 0xff, 0xff, 0xff, 0xff, 0xff, 0xff, 0xff, 0xff, 0xff, 0xff, 0xff, 0xff, 0xff, 0xff, 0xff,
	0xff, 0xff, 0xff, 0xff, 0xff, 0xff, 0xff, 0xff, 0xff, 0xff, 0xff, 0xff, 0xff, 0xff, 0xff, 0xff,
	0xff, 0xff, 0xff, 0xff, 0xff, 0xff, 0xff, 0xff, 0xff, 0xff, 0xff, 0xff, 0xff, 0xff, 0xff, 0xff,
	0xff, 0xff, 0xff, 0xff, 0xff, 0xff, 0xff, 0xff, 0xff, 0xff, 0xff, 0xff, 0xff, 0xff, 0xff, 0xff,
	0xff, 0xff, 0xff, 0xff, 0xff, 0xff, 0xff, 0xff, 0xff, 0xff, 0xff, 0xff, 0xff, 0xff, 0xff, 0xff,
	0xff, 0xff, 0xff, 0xff, 0xff, 0xff, 0xff, 0xff, 0xff, 0xff, 0xff, 0xff, 0xff, 0xff, 0xff, 0xff,
	0xff, 0xff, 0xff, 0xff, 0xff, 0xff, 0xff, 0xff, 0xff, 0xff, 0xff, 0xff, 0xff, 0xff, 0xff, 0xff,
	0xff, 0xff, 0xff, 0xff, 0xff, 0xff, 0xff, 0xff, 0xff, 0xff, 0xff, 0xff, 0xff, 0xff, 0xff, 0xff,
	0xff, 0xff, 0xff, 0xff, 0xff, 0xff, 0xff, 0xff, 0xff, 0xff, 0xff, 0xff, 0xff, 0xff, 0xff, 0xff,
	0xff, 0xff, 0xff, 0xff, 0xff, 0xff, 0xff, 0xff, 0xff, 0xff, 0xff, 0xff, 0xff, 0xff, 0xff, 0xff,
	0x00, 0x00, 0x00, 0x00, 0x00, 0x00, 0x00, 0x00, 0x00, 0x00, 0x00, 0x00, 0x00, 0x00, 0x00, 0x00,
	0x00, 0x00, 0x00, 0x00, 0x00, 0x00, 0x00, 0x00, 0x00, 0x00, 0x00, 0x00, 0x00, 0x00, 0x00, 0x00,
	0x00, 0x00, 0x00, 0x00, 0x00, 0x00, 0x00, 0x00, 0x00, 0x00, 0x00, 0x00, 0x00, 0x00, 0x00, 0x00,
	0x00, 0x00, 0x00, 0x00, 0x00, 0x00, 0x00, 0x00, 0x00, 0x00, 0x00, 0x00, 0x00, 0x00, 0x00, 0x00,
	0x00, 0x00, 0x00, 0x00, 0x00, 0x00, 0x00, 0x00, 0x00, 0x00, 0x00, 0x00, 0x00, 0x00, 0x00, 0x00,
	0x00, 0x00, 0x00, 0x00, 0x00, 0x00, 0x00, 0x00, 0x00, 0x00, 0x00, 0x00, 0x00, 0x00, 0x00, 0x00,
	0x00, 0x00, 0x00, 0x00, 0x00, 0x00, 0x00, 0x00, 0x00, 0x00, 0x00, 0x00, 0x00, 0x00, 0x00, 0x00,
	0x00, 0x00, 0x00, 0x00, 0x00, 0x00, 0x00, 0x00, 0x00, 0x00, 0x00, 0x00, 0x00, 0x00, 0x00, 0x00,
	0x00, 0x00, 0x00, 0x00, 0x00, 0x00, 0x00, 0x00, 0x00, 0x00, 0x00, 0x00, 0x00, 0x00, 0x00, 0x00,
	0x00, 0x00, 0x00, 0x00, 0x00, 0x00, 0x00, 0x00, 0x00, 0x00, 0x00, 0x00, 0x00, 0x00, 0x00, 0x00,
	0x00, 0x00, 0x00, 0x00, 0x00, 0x00, 0x00, 0x00, 0x00, 0x00, 0x00, 0x00, 0x00, 0x00, 0x00, 0x00,
	0x00, 0x00, 0x00, 0x00, 0x00, 0x00, 0x00, 0x00, 0x00, 0x00, 0x00, 0x00, 0x00, 0x00, 0x00, 0x00,
	0x00, 0x00, 0x00, 0x00, 0x00, 0x00, 0x00, 0x00, 0x00, 0x00, 0x00, 0x00, 0x00, 0x00, 0x00, 0x00,
	0x00, 0x00, 0x00, 0x00, 0x00, 0x00, 0x00, 0x00, 0x00, 0x00, 0x00, 0x00, 0x00, 0x00, 0x00, 0x00,
	0x00, 0x00, 0x00, 0x00, 0x00, 0x00, 0x00, 0x00, 0x00, 0x00, 0x00, 0x00, 0x00, 0x00, 0x00, 0x00,
	0x00, 0x00, 0x00, 0x00, 0x00, 0x00, 0x00, 0x00, 0x00, 0x00, 0x00, 0x00, 0x00, 0x00, 0x00, 0x00,
	0x00, 0x00, 0x00, 0x00, 0x00, 0x00, 0x00, 0x00, 0x00, 0x00, 0x00, 0x00, 0x00, 0x00, 0x00, 0x00,
	0x00, 0x00, 0x00, 0x00, 0x00, 0x00, 0x00, 0x00, 0x00, 0x00, 0x00, 0x00, 0x00, 0x00, 0x00, 0x00,
	0x00, 0x00, 0x00, 0x00, 0x00, 0x00, 0x00, 0x00, 0x00, 0x00, 0x00, 0x00, 0x00, 0x00, 0x00, 0x00,
	0x00, 0x00, 0x00, 0x00, 0x00, 0x00, 0x00, 0x00, 0x00, 0x00, 0x00, 0x00, 0x00, 0x00, 0x00, 0x00,
	0x00, 0x0f, 0x00, 0x00, 0x00, 0x00, 0xf0, 0x00, 0x00, 0x00, 0x00, 0x00, 0x0f, 0x0f, 0xf0, 0x00,
	0xff, 0xff, 0x00, 0x00, 0x00, 0xff, 0x0f, 0x00, 0x00, 0xff, 0x00, 0x00, 0x00, 0x00, 0xff, 0x00,
	0x00, 0x00, 0xf0, 0x00, 0x00, 0x00, 0x00, 0x00, 0x00, 0x00, 0xf0, 0x00, 0xf0, 0x00, 0x00, 0x00,
	0x00, 0x00, 0x00, 0xff, 0xf0, 0xf0, 0x00, 0x00, 0x00, 0x00, 0xff, 0x00, 0x00, 0x0f, 0x00, 0x00,
	0x00, 0x00, 0x00, 0x00, 0x00, 0x00, 0xff, 0xf0, 0x00, 0x00, 0x00, 0x0f, 0x00, 0x00, 0x00, 0x00,
	0x00, 0x00, 0x00, 0x00, 0x00, 0x00, 0x00, 0x00, 0x00, 0x00, 0x00, 0x00, 0x00, 0x00, 0x00, 0x0f,
	0x00, 0xf0, 0x0f, 0x0f, 0x00, 0x00, 0x00, 0x00, 0xff, 0x00, 0x00, 0x00, 0x00, 0x00, 0x00, 0x00,
	0x00, 0x00, 0x00, 0xff, 0x00, 0xf0, 0xff, 0x00, 0x00, 0x00, 0x00, 0x00, 0xff, 0x00, 0x0f, 0x0f,
	0x00, 0x00, 0xf0, 0x00, 0x00, 0x00, 0x00, 0x00, 0x00, 0x00, 0x00, 0x00, 0xff, 0x00, 0x00, 0x00,
	0xf0, 0x00, 0x00, 0x00, 0x00, 0x00, 0x00, 0x00, 0x00, 0x00, 0x00, 0x00, 0x0f, 0x00, 0x00, 0xf0,
	0x00, 0x00, 0x00, 0x00, 0xff, 0x0f, 0x00, 0x00, 0x00, 0x0f, 0x00, 0x00, 0x0f, 0x00, 0x0f, 0x00,
	0x00, 0x00, 0x00, 0x00, 0x00, 0x00, 0x00, 0x0f, 0xf0, 0x00, 0x00, 0x00, 0x00, 0x00, 0x00, 0x00,
	0x0f, 0x00, 0x00, 0x00, 0xf0, 0x00, 0xf0, 0xf0, 0xff, 0x00, 0x00, 0xf0, 0xff, 0x00, 0xf0, 0x00,
	0x00, 0x00, 0x00, 0xff, 0x00, 0xff, 0x0f, 0x00, 0x00, 0x00, 0x00, 0xf0, 0x0f, 0xff, 0x00, 0xf0,
	0x00, 0xf0, 0x00, 0xff, 0x00, 0x00, 0x00, 0x00, 0x00, 0x00, 0x00, 0x0f, 0x00, 0x00, 0x00, 0xf0,
	0x00, 0x00, 0x00, 0xff, 0x00, 0x00, 0x00, 0x00, 0x00, 0x00, 0x00, 0x00, 0x00, 0x00, 0x00, 0x00,
	0xff, 0x00, 0x0f, 0x00, 0x00, 0x00, 0x00, 0x0f, 0x00, 0x0f, 0x00, 0xff, 0x00, 0x00, 0x00, 0x00,
	0x00, 0x00, 0x00, 0x00, 0xf0, 0x00, 0x00, 0x00, 0xff, 0x0f, 0xf0, 0x00, 0x00, 0x00, 0x00, 0x00,
	0xff, 0x00, 0x00, 0x00, 0xf0, 0x00, 0x00, 0x00, 0x0f, 0x00, 0x00, 0x00, 0x00, 0x00, 0x00, 0x00,
	0x00, 0x00, 0x00, 0x00, 0x00, 0x0f, 0x00, 0x00, 0x00, 0x00, 0xff, 0x00, 0x00, 0x00, 0x00, 0x0f,
	0x0f, 0x0f, 0x00, 0x0f, 0x00, 0x00, 0xf0, 0x00, 0x00, 0x00, 0x00, 0x0f, 0x00, 0x00, 0xff, 0x0f,
	0x0f, 0x00, 0x00, 0x00, 0xff, 0x00, 0x00, 0xff, 0x00, 0x00, 0xf0, 0x00, 0x00, 0x00, 0xf0, 0x00,
	0x0f, 0x00, 0x0f, 0x00, 0xf0, 0x00, 0x00, 0x00, 0x00, 0x00, 0x00, 0x00, 0x00, 0x00, 0x00, 0xf0,
	0xf0, 0xf0, 0x00, 0x00, 0x00, 0x00, 0x00, 0x00, 0xf0, 0x00, 0x00, 0x00, 0x00, 0x00, 0xff, 0x00,
	0x00, 0xf0, 0x00, 0xf0, 0x00, 0x00, 0x00, 0x00, 0x00, 0x00, 0x00, 0x00, 0x00, 0x00, 0x00, 0xff,
	0x00, 0x00, 0x0f, 0x00, 0x00, 0x00, 0x00, 0x00, 0xf0, 0x00, 0x0f, 0x0f, 0x00, 0xf0, 0x00, 0x00,
	0x00, 0x00, 0x00, 0x00, 0x00, 0x00, 0x00, 0x00, 0x00, 0x00, 0x00, 0xf0, 0xf0, 0x00, 0xff, 0xf0,
	0xff, 0x00, 0x00, 0x00, 0x00, 0x00, 0x00, 0x00, 0x00, 0x00, 0xff, 0x00, 0x00, 0x00, 0x00, 0x00,
	0x00, 0x00, 0xf0, 0x00, 0x00, 0x00, 0xf0, 0x0f, 0x00, 0x00, 0x00, 0xf0, 0x00, 0xf0, 0x00, 0x00,
	0x00, 0x00, 0x0f, 0xf0, 0x00, 0x00, 0x00, 0x0f, 0xf0, 0x00, 0x00, 0xff, 0x00, 0x00, 0x00, 0x0f,
	0x00, 0x00, 0xff, 0x00, 0xff, 0x00, 0xff, 0x00, 0x00, 0x00, 0x00, 0x00, 0x00, 0x00, 0x00, 0x00,
	0x00, 0x00, 0x00, 0xff, 0xf0, 0x00, 0x0f, 0x00, 0x00, 0x00, 0x0f, 0x00, 0x00, 0x00, 0x00, 0x00,
	0xf0, 0x00, 0x00, 0xff, 0xf0, 0x00, 0x00, 0x00, 0x00, 0xf0, 0x00, 0x00, 0x00, 0xff, 0xff, 0x00,
	0x0f, 0xf0, 0xf0, 0x00, 0x00, 0x00, 0x00, 0x00, 0xff, 0x00, 0x00, 0xff, 0x0f, 0xf0, 0x00, 0x00,
	0xf0, 0x00, 0x00, 0x00, 0x00, 0x00, 0x00, 0x00, 0x00, 0x00, 0x00, 0xff, 0x00, 0x00, 0xff, 0x0f,
	0x00, 0x00, 0xff, 0x00, 0x00, 0x00, 0x00, 0x00, 0x00, 0xf0, 0x00, 0xff, 0x00, 0x00, 0x00, 0x00,
	0x00, 0x00, 0x00, 0x0f, 0xf0, 0x00, 0xff, 0x00, 0x00, 0x00, 0x00, 0x00, 0x00, 0x0f, 0xf0, 0x00,
	0xff, 0x00, 0xff, 0x00, 0xf0, 0x0f, 0x00, 0x00, 0xff, 0xff, 0x00, 0x00, 0x00, 0x00, 0x00, 0x00,
	0xff, 0x00, 0xf0, 0x00, 0x00, 0x00, 0xf0, 0x0f, 0x00, 0x00, 0x00, 0x00, 0x00, 0x00, 0x00, 0x00,
	0x00, 0xff, 0x00, 0x00, 0x00, 0x00, 0x00, 0x00, 0x00, 0x00, 0xff, 0x00, 0x00, 0x00, 0xff, 0x00,
	0x00, 0x00, 0xff, 0x00, 0xf0, 0x00, 0x00, 0x0f, 0xff, 0x00, 0xf0, 0x0f, 0xff, 0xff, 0xff, 0xff,
	0xf0, 0x00, 0x00, 0x00, 0x00, 0x0f, 0x00, 0x0f, 0x00, 0x00, 0x00, 0x00, 0xff, 0x00, 0xff, 0xf0,
	0x00, 0x00, 0x00, 0x00, 0xf0, 0x00, 0xf0, 0xff, 0x00, 0xf0, 0x00, 0x00, 0x00, 0x00, 0x00, 0x00,
	0x00, 0x00, 0xf0, 0x00, 0x00, 0x00, 0x00, 0x00, 0x0f, 0x0f, 0x00, 0x00, 0xff, 0x00, 0x00, 0x00,
	0x00, 0x0f, 0x00, 0x00, 0x00, 0xff, 0x0f, 0x00, 0xff, 0x00, 0xff, 0x00, 0x00, 0xf0, 0x00, 0x00,
	0x00, 0xf0, 0xf0, 0xff, 0x00, 0xf0, 0x0f, 0xff, 0xf0, 0x00, 0x00, 0xff, 0x00, 0x00, 0xf0, 0x00,
	0x00, 0xff, 0x0f, 0xf0, 0x0f, 0x00, 0x00, 0xff, 0x00, 0xff, 0x00, 0x00, 0xf0, 0x0f, 0xf0, 0x0f,
	0xff, 0x00, 0x00, 0x00, 0x00, 0xff, 0x00, 0x00, 0x00, 0xff, 0xff, 0x0f, 0x00, 0x00, 0x0f, 0xff,
	0x00, 0x00, 0xff, 0x00, 0x00, 0xf0, 0x0f, 0xf0, 0x00, 0x00, 0x00, 0x00, 0xff, 0x00, 0x0f, 0xff,
	0xff, 0x00, 0x00, 0x00, 0x00, 0x00, 0x0f, 0xff, 0xff, 0x00, 0x00, 0x0f, 0x00, 0x00, 0xff, 0x00,
	0x0f, 0x00, 0x0f, 0xf0, 0xf0, 0x0f, 0xff, 0xf0, 0xff, 0x00, 0x00, 0x00, 0xf0, 0x0f, 0x00, 0x00,
	0x00, 0xf0, 0xf0, 0x00, 0xff, 0xf0, 0x00, 0xf0, 0x00, 0x00, 0xf0, 0xff, 0xff, 0x00, 0x00, 0xf0,
	0x00, 0x00, 0x00, 0xf0, 0x00, 0xf0, 0x00, 0x00, 0xf0, 0xf0, 0xf0, 0x00, 0x00, 0x00, 0x00, 0xff,
	0x00, 0x00, 0x0f, 0x00, 0x00, 0x0f, 0x00, 0x0f, 0xff, 0xff, 0xf0, 0xf0, 0x00, 0xff, 0x00, 0x00,
	0xff, 0x00, 0xf0, 0x00, 0x0f, 0x00, 0xf0, 0xf0, 0x00, 0x00, 0x00, 0x00, 0x00, 0x00, 0x00, 0xff,
	0x00, 0xf0, 0xff, 0x00, 0x00, 0x00, 0xff, 0x0f, 0xf0, 0xf0, 0x0f, 0x0f, 0x00, 0xf0, 0x00, 0x0f,
	0x00, 0x00, 0x00, 0x0f, 0xff, 0xff, 0x0f, 0x00, 0x00, 0x00, 0xff, 0x00, 0x00, 0x00, 0x0f, 0x0f,
	0x00, 0x00, 0x00, 0xff, 0x00, 0x00, 0xff, 0xf0, 0x00, 0xf0, 0xf0, 0x00, 0x0f, 0x0f, 0x00, 0xf0,
	0x00, 0xf0, 0x00, 0x00, 0x00, 0x00, 0xff, 0x0f, 0xf0, 0xff, 0xf0, 0x00, 0xf0, 0x00, 0x0f, 0x00,
	0x00, 0xf0, 0x00, 0x00, 0xf0, 0xff, 0xff, 0xf0, 0xff, 0x0f, 0x00, 0x00, 0x00, 0xf0, 0x00, 0xf0,
	0x0f, 0x00, 0xf0, 0x00, 0xf0, 0xff, 0xf0, 0x00, 0x0f, 0x00, 0x00, 0x0f, 0xf0, 0xf0, 0xff, 0x00,
	0x0f, 0xf0, 0xf0, 0xff, 0x00, 0xf0, 0xff, 0xf0, 0x00, 0x0f, 0x0f, 0xf0, 0x00, 0xf0, 0x00, 0x0f,
	0xff, 0x0f, 0xf0, 0x00, 0x0f, 0x00, 0x00, 0x00, 0xf0, 0x00, 0xff, 0xff, 0x00, 0xf0, 0x0f, 0x0f,
	0xff, 0x0f, 0x0f, 0x0f, 0x0f, 0x0f, 0x0f, 0xff, 0xf0, 0x00, 0x0f, 0x00, 0xff, 0xf0, 0x00, 0x00,
	0x00, 0xff, 0x00, 0xf0, 0xff, 0x00, 0xf0, 0xf0, 0xf0, 0x00, 0x00, 0x00, 0x0f, 0x0f, 0x00, 0xf0,
	0xf0, 0x0f, 0x00, 0xff, 0x0f, 0xf0, 0xf0, 0x00, 0x00, 0xff, 0xf0, 0x00, 0xf0, 0x00, 0xff, 0x0f,
	0x00, 0xf0, 0x00, 0xff, 0x00, 0xff, 0xf0, 0xf0, 0x00, 0x00, 0x00, 0x0f, 0x0f, 0x00, 0xf0, 0x0f,
	0xff, 0xff, 0x00, 0x0f, 0xff, 0xff, 0x00, 0x0f, 0x00, 0xff, 0x0f, 0x0f, 0x00, 0xff, 0xff, 0x00,
	0x00, 0x00, 0xf0, 0xf0, 0x0f, 0x00, 0xff, 0xf0, 0x0f, 0xf0, 0xf0, 0xf0, 0x0f, 0x0f, 0xff, 0x0f,
	0xff, 0xf0, 0x00, 0x00, 0xf0, 0x0f, 0x0f, 0x00, 0x00, 0xff, 0x0f, 0xff, 0xff, 0x0f, 0x00, 0x00,
	0xff, 0x0f, 0xff, 0x00, 0x00, 0xff, 0xf0, 0xff, 0x0f, 0x00, 0xff, 0x00, 0x00, 0xff, 0x0f, 0xff,
	0x00, 0x00, 0xff, 0x0f, 0xf0, 0xff, 0xff, 0xf0, 0x00, 0x00, 0x00, 0x00, 0x00, 0xf0, 0x00, 0x0f,
	0xf0, 0xf0, 0x0f, 0x0f, 0x00, 0xf0, 0x00, 0x0f, 0xf0, 0xf0, 0xf0, 0x0f, 0x00, 0x00, 0xff, 0xf0,
	0xff, 0x00, 0x00, 0x0f, 0x0f, 0xf0, 0xf0, 0x0f, 0x0f, 0xff, 0xf0, 0xff, 0xf0, 0xf0, 0xf0, 0xf0,
	0x0f, 0xf0, 0xff, 0xff, 0x0f, 0xff, 0xff, 0x00, 0x00, 0x0f, 0x00, 0xf0, 0xff, 0x00, 0xff, 0x0f,
	0x00, 0x0f, 0x0f, 0x00, 0xff, 0x0f, 0x00, 0xff, 0xf0, 0x0f, 0xff, 0x00, 0x0f, 0x0f, 0x0f, 0x00,
	0x0f, 0x00, 0xf0, 0x00, 0xff, 0xff, 0x0f, 0x0f, 0x00, 0x0f, 0x0f, 0x0f, 0xff, 0xff, 0x00, 0xf0,
	0xf0, 0xf0, 0xf0, 0x0f, 0x00, 0xff, 0xff, 0x00, 0xff, 0x00, 0xf0, 0xf0, 0x0f, 0x00, 0x00, 0x0f,
	0xf0, 0x0f, 0x00, 0x0f, 0x00, 0x0f, 0xff, 0x00, 0x0f, 0xf0, 0xf0, 0x0f, 0x00, 0x00, 0xff, 0xf0,
	0x0f, 0x00, 0xf0, 0xff, 0xf0, 0xf0, 0xf0, 0x00, 0x00, 0x00, 0xff, 0x0f, 0x0f, 0xff, 0xff, 0x00,
	0x00, 0xf0, 0x00, 0xf0, 0xff, 0x00, 0x00, 0x00, 0x0f, 0xf0, 0xff, 0x00, 0x0f, 0xff, 0xf0, 0x00,
	0xf0, 0xf0, 0x00, 0xf0, 0x0f, 0x00, 0x00, 0x00, 0xf0, 0xff, 0xff, 0xf0, 0xff, 0x00, 0xff, 0x00,
	0xf0, 0xf0, 0xf0, 0x00, 0x0f, 0xf0, 0xf0, 0x00, 0x0f, 0x00, 0xf0, 0x00, 0x00, 0x0f, 0x0f, 0xff,
	0xf0, 0x00, 0x0f, 0x0f, 0xff, 0xff, 0x00, 0x00, 0x00, 0xf0, 0xf0, 0xff, 0x0f, 0x00, 0x00, 0x00,
	0x00, 0x00, 0x00, 0xff, 0xf0, 0x0f, 0x0f, 0x00, 0x0f, 0xff, 0xff, 0x00, 0x0f, 0xff, 0x0f, 0xff,
	0x00, 0xff, 0xff, 0x0f, 0xff, 0x00, 0xff, 0xff, 0xff, 0xff, 0xf0, 0x00, 0x00, 0x0f, 0x0f, 0xff,
	0x00, 0xf0, 0xf0, 0x00, 0x00, 0xff, 0x0f, 0xff, 0xf0, 0xff, 0xff, 0xf0, 0x00, 0xff, 0xff, 0xf0,
	0xff, 0xf0, 0x0f, 0x0f, 0x0f, 0xf0, 0x00, 0xff, 0x00, 0x0f, 0xff, 0xff, 0x00, 0xff, 0x00, 0xf0,
	0xf0, 0xf0, 0xff, 0xff, 0xf0, 0xf0, 0xf0, 0xff, 0x0f, 0xff, 0xff, 0xf0, 0x00, 0x00, 0xff, 0x0f,
	0xff, 0xff, 0xf0, 0x00, 0x0f, 0x00, 0x00, 0xf0, 0xf0, 0xf0, 0xff, 0xf0, 0x00, 0xff, 0xf0, 0xf0,
	0x0f, 0x00, 0x00, 0x0f, 0x00, 0x0f, 0x0f, 0x00, 0x0f, 0xff, 0x0f, 0x0f, 0x0f, 0x00, 0x00, 0xff,
	0x00, 0x00, 0xff, 0xff, 0xf0, 0xff, 0x0f, 0x00, 0xf0, 0xf0, 0x0f, 0xf0, 0xff, 0xff, 0xf0, 0xf0,
	0xff, 0x00, 0xff, 0x0f, 0x0f, 0xf0, 0xf0, 0xff, 0x0f, 0x0f, 0x0f, 0xff, 0x0f, 0xf0, 0x00, 0x0f,
	0xff, 0xf0, 0xf0, 0xff, 0x00, 0xff, 0xf0, 0xff, 0xff, 0xf0, 0xff, 0xff, 0x0f, 0xf0, 0x00, 0xf0,
	0x0f, 0xff, 0x00, 0x00, 0xf0, 0x0f, 0x00, 0xff, 0xff, 0x0f, 0x00, 0xff, 0x00, 0xf0, 0xff, 0xff,
	0xf0, 0xf0, 0x00, 0x00, 0x00, 0xff, 0xf0, 0xff, 0x0f, 0x00, 0x0f, 0xf0, 0x00, 0x00, 0xf0, 0x0f,
	0x00, 0x0f, 0x0f, 0x0f, 0xf0, 0x00, 0xff, 0x00, 0xf0, 0x0f, 0x0f, 0x00, 0xf0, 0xff, 0x0f, 0x0f,
	0x00, 0x00, 0x0f, 0x00, 0x00, 0x00, 0xf0, 0x0f, 0x0f, 0x0f, 0x00, 0x0f, 0xff, 0xff, 0xff, 0xf0,
	0xff, 0x00, 0x0f, 0x00, 0x00, 0xf0, 0x0f, 0x0f, 0x0f, 0xff, 0xf0, 0xf0, 0xf0, 0xff, 0xff, 0x00,
	0x0f, 0xff, 0xff, 0x0f, 0x0f, 0x00, 0x0f, 0xff, 0xff, 0xff, 0xff, 0x00, 0x00, 0x0f, 0x00, 0xff,
	0xff, 0xf0, 0x0f, 0x0f, 0x00, 0xf0, 0x0f, 0xff, 0x0f, 0x0f, 0x0f, 0x0f, 0xff, 0xf0, 0xff, 0xff,
	0xf0, 0x0f, 0x0f, 0x0f, 0x0f, 0xf0, 0x0f, 0xf0, 0x0f, 0xf0, 0xff, 0xf0, 0x00, 0x0f, 0x0f, 0xf0,
	0xf0, 0xff, 0xf0, 0x0f, 0xf0, 0x0f, 0xff, 0x0f, 0x0f, 0xf0, 0xf0, 0x00, 0xf0, 0xff, 0xf0, 0xff,
	0x0f, 0xf0, 0xf0, 0x0f, 0x0f, 0x0f, 0x0f, 0x0f, 0xf0, 0x0f, 0x0f, 0xf0, 0xf0, 0xf0, 0x00, 0xf0,
	0xf0, 0xff, 0xf0, 0xff, 0xf0, 0x00, 0xf0, 0xff, 0xff, 0xff, 0x00, 0xff, 0x0f, 0x0f, 0xf0, 0x0f,
	0x0f, 0xff, 0xf0, 0xff, 0xf0, 0x0f, 0xf0, 0x00, 0xff, 0xf0, 0xf0, 0x00, 0xf0, 0x0f, 0xf0, 0xff,
	0x00, 0x00, 0x0f, 0xf0, 0xff, 0x0f, 0xff, 0xf0, 0x0f, 0xf0, 0xff, 0xff, 0x0f, 0xf0, 0xff, 0xf0,
	0x0f, 0xff, 0xf0, 0xff, 0xff, 0xf0, 0xff, 0xff, 0x00, 0x0f, 0xf0, 0xf0, 0xff, 0xff, 0xff, 0xff,
	0x0f, 0xf0, 0x0f, 0xff, 0x0f, 0xf0, 0x0f, 0x0f, 0xf0, 0xf0, 0xff, 0x0f, 0x0f, 0x0f, 0x0f, 0xff,
	0xf0, 0xff, 0xff, 0xf0, 0x0f, 0x00, 0x00, 0xf0, 0xf0, 0xff, 0x0f, 0xff, 0xf0, 0x0f, 0x0f, 0x0f,
	0x0f, 0x0f, 0xf0, 0xff, 0xff, 0xff, 0x00, 0xf0, 0x00, 0xf0, 0xf0, 0x0f, 0x0f, 0xf0, 0xff, 0xf0,
	0x0f, 0xff, 0xff, 0xf0, 0x0f, 0xff, 0x00, 0x00, 0xf0, 0xf0, 0xf0, 0xff, 0x0f, 0xff, 0x0f, 0x0f,
	0xff, 0xff, 0x0f, 0xff, 0x0f, 0xff, 0x0f, 0x0f, 0xff, 0xff, 0x0f, 0x00, 0xff, 0xff, 0xff, 0x0f,
	0xff, 0xf0, 0xf0, 0xff, 0xf0, 0xf0, 0x0f, 0xff, 0xff, 0xf0, 0x00, 0x0f, 0xff, 0x0f, 0xff, 0xff,
	0x0f, 0x00, 0xf0, 0xff, 0xff, 0xff, 0x0f, 0xff, 0xff, 0x0f, 0x00, 0xff, 0xff, 0xf0, 0xff, 0x0f,
	0x0f, 0xff, 0x0f, 0x00, 0x0f, 0xff, 0x0f, 0xff, 0xf0, 0x00, 0xf0, 0x0f, 0xff, 0x0f, 0xff, 0xf0,
	0xf0, 0x00, 0x00, 0x0f, 0xf0, 0xf0, 0x0f, 0xf0, 0xff, 0xff, 0xf0, 0x0f, 0xf0, 0xf0, 0xf0, 0xf0,
	0x0f, 0x0f, 0x0f, 0xff, 0xf0, 0xf0, 0xff, 0xff, 0xf0, 0x00, 0xf0, 0xf0, 0xff, 0xf0, 0xff, 0xff,
	0xff, 0xf0, 0xf0, 0xff, 0x0f, 0x0f, 0xff, 0xf0, 0x00, 0xf0, 0xff, 0x0f, 0x0f, 0xff, 0xf0, 0xff,
	0xff, 0x0f, 0xf0, 0xf0, 0xff, 0x0f, 0xff, 0xff, 0x0f, 0xff, 0x0f, 0xff, 0xff, 0x0f, 0x00, 0xff,
	0xff, 0xff, 0xff, 0xff, 0xff, 0xff, 0xff, 0xff, 0xff, 0xff, 0xff, 0xff, 0xff, 0xff, 0xff, 0xff,
	0xff, 0xff, 0xff, 0xff, 0xff, 0xff, 0xff, 0xff, 0xff, 0xff, 0xff, 0xff, 0xff, 0xff, 0xff, 0xff,
	0xff, 0xff, 0xff, 0xff, 0xff, 0xff, 0xff, 0xff, 0xff, 0xff, 0xff, 0xff, 0xff, 0xff, 0xff, 0xff,
	0xff, 0xff, 0xff, 0xff, 0xff, 0xff, 0xff, 0xff, 0xff, 0xff, 0xff, 0xff, 0xff, 0xff, 0xff, 0xff,
	0xff, 0xff, 0xff, 0xff, 0xff, 0xff, 0xff, 0xff, 0xff, 0xff, 0xff, 0xff, 0xff, 0xff, 0xff, 0xff,
	0xff, 0xff, 0xff, 0xff, 0xff, 0xff, 0xff, 0xff, 0xff, 0xff, 0xff, 0xff, 0xff, 0xff, 0xff, 0xff,
	0xff, 0xff, 0xff, 0xff, 0xff, 0xff, 0xff, 0xff, 0xff, 0xff, 0xff, 0xff, 0xff, 0xff, 0xff, 0xff,
	0xff, 0xff, 0xff, 0xff, 0xff, 0xff, 0xff, 0xff, 0xff, 0xff, 0xff, 0xff, 0xff, 0xff, 0xff, 0xff,
	0xff, 0xff, 0xff, 0xff, 0xff, 0xff, 0xff, 0xff, 0xff, 0xff, 0xff, 0xff, 0xff, 0xff, 0xff, 0xff,
	0xff, 0xff, 0xff, 0xff, 0xff, 0xff, 0xff, 0xff, 0xff, 0xff, 0xff, 0xff, 0xff, 0xff, 0xff, 0xff,
	0xff, 0xff, 0xff, 0xff, 0xff, 0xff, 0xff, 0xff, 0xff, 0xff, 0xff, 0xff, 0xff, 0xff, 0xff, 0xff,
	0xff, 0xff, 0xff, 0xff, 0xff, 0xff, 0xff, 0xff, 0xff, 0xff, 0xff, 0xff, 0xff, 0xff, 0xff, 0xff,
	0xff, 0xff, 0xff, 0xff, 0xff, 0xff, 0xff, 0xff, 0xff, 0xff, 0xff, 0xff, 0xff, 0xff, 0xff, 0xff,
	0xff, 0xff, 0xff, 0xff, 0xff, 0xff, 0xff, 0xff, 0xff, 0xff, 0xff, 0xff, 0xff, 0xff, 0xff, 0xff,
	0xff, 0xff, 0xff, 0xff, 0xff, 0xff, 0xff, 0xff, 0xff, 0xff, 0xff, 0xff, 0xff, 0xff, 0xff, 0xff,
	0xff, 0xff, 0xff, 0xff, 0xff, 0xff, 0xff, 0xff, 0xff, 0xff, 0xff, 0xff, 0xff, 0xff, 0xff, 0xff,
	0xff, 0xff, 0xff, 0xff, 0xff, 0xff, 0xff, 0xff, 0xff, 0xff, 0xff, 0xff, 0xff, 0xff, 0xff, 0xff,
	0xff, 0xff, 0xff, 0xff, 0xff, 0xff, 0xff, 0xff, 0xff, 0xff, 0xff, 0xff, 0xff, 0xff, 0xff, 0xff,
	0xff, 0xff, 0xff, 0xff, 0xff, 0xff, 0xff, 0xff, 0xff, 0xff, 0xff, 0xff, 0xff, 0xff, 0xff, 0xff,
	0xff, 0xff, 0xff, 0xff, 0xff, 0xff, 0xff, 0xff, 0xff, 0xff, 0xff, 0xff, 0xff, 0xff, 0xff, 0xff,
	0x00, 0x00, 0x00, 0x00, 0x00, 0x00, 0x00, 0x00, 0x00, 0x00, 0x00, 0x00, 0x00, 0x00, 0x00, 0x00,
	0x00, 0x00, 0x00, 0x00, 0x00, 0x00, 0x00, 0x00, 0x00, 0x00, 0x00, 0x00, 0x00, 0x00, 0x00, 0x00,
	0x00, 0x00, 0x00, 0x00, 0x00, 0x00, 0x00, 0x00, 0x00, 0x00, 0x00, 0x00, 0x00, 0x00, 0x00, 0x00,
	0x00, 0x00, 0x00, 0x00, 0x00, 0x00, 0x00, 0x00, 0x00, 0x00, 0x00, 0x00, 0x00, 0x00, 0x00, 0x00,
	0x00, 0x00, 0x00, 0x00, 0x00, 0x00, 0x00, 0x00, 0x00, 0x00, 0x00, 0x00, 0x00, 0x00, 0x00, 0x00,
	0x00, 0x00, 0x00, 0x00, 0x00, 0x00, 0x00, 0x00, 0x00, 0x00, 0x00, 0x00, 0x00, 0x00, 0x00, 0x00,
	0x00, 0x00, 0x00, 0x00, 0x00, 0x00, 0x00, 0x00, 0x00, 0x00, 0x00, 0x00, 0x00, 0x00, 0x00, 0x00,
	0x00, 0x00, 0x00, 0x00, 0x00, 0x00, 0x00, 0x00, 0x00, 0x00, 0x00, 0x00, 0x00, 0x00, 0x00, 0x00,
	0x00, 0x00, 0x00, 0x00, 0x00, 0x00, 0x00, 0x00, 0x00, 0x00, 0x00, 0x00, 0x00, 0x00, 0x00, 0x00,
	0x00, 0x00, 0x00, 0x00, 0x00, 0x00, 0x00, 0x00, 0x00, 0x00, 0x00, 0x00, 0x00, 0x00, 0x00, 0x00,
	0x00, 0x00, 0x00, 0x00, 0x00, 0x00, 0x00, 0x00, 0x00, 0x00, 0x00, 0x00, 0x00, 0x00, 0x00, 0x00,
	0x00, 0x00, 0x00, 0x00, 0x00, 0x00, 0x00, 0x00, 0x00, 0x00, 0x00, 0x00, 0x00, 0x00, 0x00, 0x00,
	0x00, 0x00, 0x00, 0x00, 0x00, 0x00, 0x00, 0x00, 0x00, 0x00, 0x00, 0x00, 0x00, 0x00, 0x00, 0x00,
	0x00, 0x00, 0x00, 0x00, 0x00, 0x00, 0x00, 0x00, 0x00, 0x00, 0x00, 0x00, 0x00, 0x00, 0x00, 0x00,
	0x00, 0x00, 0x00, 0x00, 0x00, 0x00, 0x00, 0x00, 0x00, 0x00, 0x00, 0x00, 0x00, 0x00, 0x00, 0x00,
	0x00, 0x00, 0x00, 0x00, 0x00, 0x00, 0x00, 0x00, 0x00, 0x00, 0x00, 0x00, 0x00, 0x00, 0x00, 0x00,
	0x00, 0x00, 0x00, 0x00, 0x00, 0x00, 0x00, 0x00, 0x00, 0x00, 0x00, 0x00, 0x00, 0x00, 0x00, 0x00,
	0x00, 0x00, 0x00, 0x00, 0x00, 0x00, 0x00, 0x00, 0x00, 0x00, 0x00, 0x00, 0x00, 0x00, 0x00, 0x00,
	0x00, 0x00, 0x00, 0x00, 0x00, 0x00, 0x00, 0x00, 0x00, 0x00, 0x00, 0x00, 0x00, 0x00, 0x00, 0x00,
	0x00, 0x00, 0x00, 0x00, 0x00, 0x00, 0x00, 0x00, 0x00, 0x00, 0x00, 0x00, 0x00, 0x00, 0x00, 0x00,
	0x00, 0x00, 0x00, 0x00, 0x00, 0x00, 0x00, 0x00, 0x00, 0x00, 0x00, 0x00, 0x00, 0x00, 0x00, 0x00,
	0x00, 0x00, 0x00, 0x00, 0x00, 0x00, 0x00, 0x00, 0x00, 0x00, 0x00, 0x00, 0x00, 0xff, 0xf0, 0x00,
	0x00, 0x00, 0x00, 0x00, 0x00, 0x00, 0x00, 0x00, 0x00, 0x00, 0x00, 0x00, 0x00, 0x00, 0xff, 0x00,
	0x00, 0x00, 0x00, 0x00, 0x00, 0x00, 0x0f, 0x00, 0x00, 0x00, 0x00, 0x00, 0x00, 0x00, 0x00, 0x00,
	0x00, 0x00, 0x00, 0x00, 0x00, 0x00, 0x00, 0x00, 0x00, 0x00, 0x00, 0x00, 0x00, 0x00, 0x00, 0x00,
	0x00, 0x00, 0x00, 0x00, 0x00, 0x00, 0x00, 0x00, 0x00, 0x00, 0x00, 0x00, 0x00, 0x00, 0x00, 0x00,
	0x00, 0x00, 0x00, 0x00, 0x00, 0x00, 0x00, 0x00, 0x00, 0x00, 0x00, 0x00, 0x00, 0x00, 0x00, 0x00,
	0x00, 0x00, 0x00, 0x00, 0x00, 0x00, 0x00, 0x00, 0x00, 0x00, 0x00, 0x00, 0x00, 0x00, 0x00, 0x00,
	0x00, 0x00, 0x00, 0x00, 0x00, 0x00, 0x00, 0x0f, 0x00, 0x00, 0x00, 0xf0, 0x00, 0x00, 0x00, 0x00,
	0x00, 0x00, 0x00, 0x00, 0x00, 0x00, 0x00, 0x00, 0xf0, 0x00, 0x00, 0x00, 0x00, 0x00, 0x00, 0x00,
	0x00, 0x00, 0x00, 0x00, 0x00, 0x00, 0x00, 0xff, 0xf0, 0x00, 0x00, 0x00, 0x00, 0x00, 0x00, 0x00,
	0x00, 0x00, 0x00, 0xf0, 0x00, 0x00, 0x00, 0x00, 0x00, 0x00, 0x00, 0xf0, 0x00, 0x00, 0x00, 0x00,
	0x00, 0x00, 0x00, 0x00, 0x00, 0x00, 0x00, 0x00, 0x00, 0x00, 0x0f, 0x00, 0x00, 0x00, 0x00, 0x00,
	0x00, 0x00, 0x00, 0x0f, 0x00, 0x00, 0x00, 0x00, 0x00, 0x00, 0x0f, 0x00, 0x00, 0x00, 0x00, 0x00,
	0x00, 0x00, 0x00, 0x00, 0x00, 0x00, 0x00, 0x00, 0x0f, 0x00, 0x00, 0x00, 0x00, 0x00, 0x00, 0xff,
	0x0f, 0x00, 0x00, 0x00, 0x00, 0x00, 0x00, 0x00, 0x00, 0x00, 0x00, 0x00, 0x00, 0xff, 0x00, 0x00,
	0x00, 0x0f, 0x00, 0x00, 0x00, 0x00, 0x00, 0x00, 0x00, 0x00, 0x00, 0x0f, 0x00, 0x00, 0x00, 0x00,
	0x00, 0x00, 0x00, 0x00, 0x00, 0x00, 0x00, 0x00, 0x00, 0x00, 0x00, 0x00, 0x00, 0x00, 0x00, 0x00,
	0x00, 0x00, 0x00, 0x00, 0x00, 0x00, 0x00, 0x00, 0x00, 0x00, 0x00, 0x00, 0x00, 0x00, 0x00, 0x00,
	0x00, 0x00, 0x00, 0x00, 0x00, 0x00, 0x00, 0x00, 0x00, 0x00, 0x00, 0x00, 0x00, 0x00, 0x00, 0x00,
	0x00, 0x00, 0x00, 0x00, 0x00, 0x00, 0x00, 0x00, 0x00, 0x00, 0x00, 0x00, 0xff, 0x00, 0x00, 0x00,
	0x00, 0x0f, 0x00, 0x00, 0x00, 0x00, 0x00, 0x00, 0x0f, 0x00, 0x00, 0x00, 0x00, 0x00, 0x00, 0x0f,
	0x00, 0x00, 0x00, 0xf0, 0x00, 0x00, 0x00, 0x00, 0x0f, 0x00, 0x00, 0x00, 0x00, 0x00, 0x00, 0x00,
	0x00, 0x00, 0x00, 0x00, 0x0f, 0x00, 0xff, 0x00, 0x00, 0x00, 0x00, 0xf0, 0x00, 0x00, 0x00, 0x00,
	0x00, 0x00, 0x00, 0x00, 0x00, 0x00, 0x00, 0x00, 0x00, 0x00, 0x0f, 0x00, 0x00, 0x00, 0x00, 0x00,
	0x00, 0x00, 0x00, 0x00, 0x00, 0xff, 0x00, 0x00, 0x00, 0x00, 0xff, 0xf0, 0x00, 0x00, 0x00, 0x00,
	0x00, 0x00, 0xf0, 0x00, 0x00, 0x00, 0x00, 0x00, 0x00, 0xf0, 0x00, 0x00, 0x00, 0x00, 0x00, 0x00,
	0x00, 0x00, 0x00, 0x00, 0x00, 0x00, 0x00, 0x00, 0x0f, 0xf0, 0xff, 0x00, 0x00, 0xf0, 0x00, 0x00,
	0x00, 0x00, 0x00, 0x00, 0x0f, 0x00, 0x00, 0x00, 0x00, 0x00, 0x00, 0x00, 0xff, 0x00, 0x00, 0x00,
	0x00, 0x00, 0x00, 0x00, 0x00, 0xff, 0x00, 0x00, 0x00, 0x00, 0x00, 0x00, 0x00, 0x00, 0x00, 0x00,
	0x00, 0x00, 0x00, 0x00, 0x00, 0x00, 0x00, 0x00, 0x00, 0x00, 0xff, 0x00, 0x00, 0x00, 0x00, 0x00,
	0x00, 0x00, 0x00, 0x00, 0x00, 0x00, 0x00, 0x00, 0x00, 0x00, 0xf0, 0x00, 0x00, 0x00, 0x00, 0x00,
	0xff, 0x00, 0x00, 0x00, 0x00, 0xf0, 0xf0, 0x00, 0x00, 0x00, 0xf0, 0x00, 0x00, 0x00, 0x0f, 0x00,
	0x00, 0x00, 0xff, 0x00, 0x00, 0x00, 0x00, 0x00, 0x00, 0xff, 0x00, 0x00, 0xff, 0x0f, 0x00, 0x0f,
	0xf0, 0x00, 0x00, 0x00, 0x00, 0x0f, 0x00, 0x00, 0xff, 0x00, 0x00, 0x00, 0x00, 0x00, 0x00, 0xf0,
	0x00, 0x00, 0x00, 0x0f, 0x00, 0x00, 0x00, 0x00, 0xf0, 0x00, 0x0f, 0x00, 0x00, 0x00, 0x00, 0x00,
	0x00, 0xf0, 0x00, 0x00, 0x00, 0x00, 0x00, 0xff, 0x00, 0x00, 0x00, 0x00, 0x00, 0x00, 0x00, 0x00,
	0x00, 0xf0, 0x00, 0x00, 0x00, 0x00, 0x00, 0x00, 0x00, 0x00, 0x00, 0x00, 0x00, 0x00, 0x00, 0x00,
	0x00, 0xff, 0x00, 0x00, 0xff, 0x00, 0x00, 0xf0, 0x00, 0x00, 0x00, 0x00, 0x00, 0x00, 0x00, 0x0f,
	0x00, 0x00, 0x00, 0x00, 0x00, 0x00, 0x00, 0x00, 0x00, 0x00, 0x0f, 0xf0, 0x00, 0x00, 0x00, 0x00,
	0x00, 0xf0, 0x00, 0x0f, 0xf0, 0x0f, 0x00, 0x00, 0xf0, 0xf0, 0x00, 0x00, 0xf0, 0x0f, 0xff, 0x00,
	0x0f, 0x0f, 0xff, 0xff, 0x00, 0x00, 0x0f, 0x0f, 0x00, 0x0f, 0x00, 0x00, 0xff, 0x00, 0x00, 0x00,
	0x0f, 0xf0, 0x0f, 0x0f, 0xf0, 0x00, 0x00, 0xf0, 0x0f, 0x00, 0xff, 0x00, 0xf0, 0xff, 0xf0, 0x00,
	0xf0, 0x00, 0x00, 0xff, 0x0f, 0x00, 0x00, 0x0f, 0xff, 0xf0, 0x0f, 0xff, 0x00, 0xff, 0x00, 0x00,
	0x00, 0x0f, 0xff, 0x00, 0xff, 0x0f, 0x0f, 0x00, 0x0f, 0xf0, 0xf0, 0xf0, 0xff, 0x00, 0x00, 0xf0,
	0xff, 0x00, 0xf0, 0x00, 0x0f, 0x00, 0x00, 0xf0, 0x00, 0x00, 0x0f, 0x00, 0xf0, 0xf0, 0x00, 0xff,
	0xff, 0x0f, 0x0f, 0x00, 0x0f, 0x0f, 0xf0, 0x00, 0xff, 0x00, 0x00, 0xf0, 0x00, 0x00, 0xf0, 0x0f,
	0xf0, 0x0f, 0xf0, 0x00, 0xff, 0xff, 0x00, 0xf0, 0x0f, 0x0f, 0x00, 0x00, 0xf0, 0xf0, 0x00, 0xf0,
	0x00, 0x00, 0x0f, 0x00, 0xff, 0x00, 0x00, 0x00, 0x00, 0xff, 0x0f, 0x00, 0x00, 0xf0, 0x00, 0x00,
	0x00, 0x00, 0x00, 0x00, 0x0f, 0x00, 0xf0, 0xf0, 0xf0, 0x00, 0xff, 0x00, 0x00, 0xff, 0x00, 0x00,
	0x00, 0x0f, 0x00, 0xff, 0x00, 0x00, 0x00, 0xf0, 0x00, 0xf0, 0x0f, 0xf0, 0x00, 0xff, 0xf0, 0xff,
	0x0f, 0x00, 0x00, 0x00, 0x0f, 0x00, 0x00, 0xff, 0xf0, 0x0f, 0x0f, 0x00, 0xff, 0x00, 0xf0, 0xf0,
	0xff, 0xff, 0xf0, 0x00, 0xf0, 0xff, 0x00, 0x00, 0x00, 0x00, 0xf0, 0xff, 0x0f, 0xff, 0xf0, 0x00,
	0x00, 0x00, 0x0f, 0xff, 0x0f, 0x00, 0x0f, 0xf0, 0x00, 0x00, 0x00, 0x0f, 0x0f, 0xf0, 0x00, 0x00,
	0x00, 0x00, 0x0f, 0x0f, 0x00, 0x0f, 0x00, 0x00, 0x00, 0xf0, 0xff, 0xf0, 0x0f, 0x00, 0x0f, 0x00,
	0x0f, 0xf0, 0x00, 0x00, 0x00, 0x0f, 0x00, 0x00, 0x0f, 0xff, 0x00, 0x00, 0xff, 0xf0, 0x0f, 0xf0,
	0x00, 0xff, 0xf0, 0x00, 0x00, 0x00, 0x0f, 0x00, 0x0f, 0x00, 0x0f, 0x00, 0x0f, 0xf0, 0x00, 0xff,
	0xff, 0xf0, 0xff, 0xf0, 0x00, 0xf0, 0x00, 0x00, 0xf0, 0xff, 0xff, 0x0f, 0xff, 0xf0, 0x00, 0xf0,
	0xff, 0xf0, 0x0f, 0x0f, 0x00, 0x00, 0xf0, 0x00, 0x00, 0x0f, 0x0f, 0xf0, 0x00, 0x00, 0xf0, 0xff,
	0x00, 0xf0, 0x00, 0x0f, 0x00, 0x00, 0x00, 0xf0, 0xf0, 0xf0, 0xff, 0x0f, 0x00, 0xff, 0xf0, 0x00,
	0x0f, 0xf0, 0x00, 0xf0, 0x00, 0x00, 0xf0, 0x0f, 0x0f, 0xf0, 0x00, 0x00, 0x0f, 0xf0, 0x00, 0x0f,
	0xf0, 0xff, 0xf0, 0x00, 0x0f, 0xff, 0x0f, 0xf0, 0x00, 0xff, 0xf0, 0xff, 0x0f, 0x00, 0xff, 0xff,
	0x0f, 0x00, 0xff, 0x00, 0xff, 0xf0, 0xff, 0x00, 0xff, 0xf0, 0xff, 0x0f, 0xff, 0xf0, 0xff, 0xf0,
	0xff, 0xf0, 0x0f, 0xff, 0xff, 0x0f, 0x00, 0xff, 0xf0, 0xff, 0x00, 0x0f, 0x00, 0xff, 0x00, 0x0f,
	0x00, 0xff, 0xf0, 0x0f, 0x00, 0xff, 0xf0, 0xff, 0x0f, 0x00, 0xff, 0x0f, 0xf0, 0xf0, 0xf0, 0xff,
	0xff, 0xf0, 0xf0, 0xff, 0xf0, 0x00, 0xff, 0xff, 0xff, 0x00, 0x0f, 0x00, 0xf0, 0xff, 0x0f, 0x00,
	0x00, 0xf0, 0xff, 0x00, 0x00, 0xff, 0x0f, 0x00, 0x0f, 0x00, 0x00, 0xf0, 0x00, 0x00, 0xff, 0xf0,
	0xff, 0x00, 0x00, 0xff, 0x0f, 0x0f, 0xf0, 0xff, 0xf0, 0xf0, 0x00, 0xff, 0x00, 0x00, 0x0f, 0x00,
	0xff, 0xf0, 0x00, 0xff, 0x0f, 0x0f, 0xf0, 0xff, 0x00, 0x0f, 0x00, 0xf0, 0xff, 0xff, 0x0f, 0xff,
	0xf0, 0xf0, 0xf0, 0x0f, 0xf0, 0xff, 0xf0, 0xf0, 0x00, 0x00, 0x0f, 0xff, 0x0f, 0x0f, 0x0f, 0x0f,
	0x00, 0x0f, 0xf0, 0x00, 0x00, 0xf0, 0xff, 0xff, 0x0f, 0xf0, 0x00, 0x0f, 0x00, 0xf0, 0x00, 0xff,
	0x0f, 0x0f, 0x00, 0x00, 0x00, 0xff, 0x0f, 0x0f, 0xf0, 0x0f, 0x00, 0xf0, 0x0f, 0xff, 0x00, 0x0f,
	0x00, 0xf0, 0xff, 0x00, 0xf0, 0x00, 0xff, 0x00, 0x00, 0xf0, 0xff, 0x0f, 0xf0, 0x0f, 0x00, 0x0f,
	0x0f, 0x00, 0x0f, 0x0f, 0x00, 0x00, 0xf0, 0xff, 0x0f, 0xf0, 0x00, 0x00, 0x0f, 0xff, 0x00, 0xff,
	0xf0, 0xf0, 0x00, 0x0f, 0xff, 0xff, 0x0f, 0x00, 0xf0, 0x00, 0xff, 0xf0, 0x00, 0x00, 0x00, 0xff,
	0x0f, 0xf0, 0xf0, 0x00, 0x0f, 0x00, 0x00, 0x00, 0xff, 0xf0, 0x0f, 0xff, 0x0f, 0x0f, 0xff, 0xff,
	0x0f, 0x0f, 0xf0, 0x00, 0xf0, 0xf0, 0xf0, 0xf0, 0xff, 0xf0, 0xff, 0x0f, 0xf0, 0xff, 0xf0, 0x0f,
	0x00, 0x00, 0xf0, 0x0f, 0x0f, 0x00, 0x00, 0xf0, 0x00, 0x0f, 0xf0, 0x00, 0x0f, 0x00, 0xf0, 0x0f,
	0xff, 0xff, 0x00, 0x0f, 0x0f, 0xff, 0xff, 0x00, 0xff, 0x00, 0xff, 0x0f, 0xff, 0xff, 0x0f, 0x00,
	0xf0, 0x00, 0xf0, 0x00, 0xff, 0xff, 0x00, 0xf0, 0xf0, 0xf0, 0x0f, 0xf0, 0xf0, 0xff, 0xff, 0xf0,
	0x0f, 0xf0, 0xf0, 0xf0, 0xff, 0xff, 0xf0, 0xff, 0xff, 0x0f, 0x0f, 0x0f, 0x00, 0x00, 0x0f, 0xff,
	0x00, 0xff, 0xff, 0x00, 0x0f, 0x0f, 0xff, 0xff, 0x00, 0x0f, 0x00, 0xff, 0xff, 0x0f, 0xff, 0xf0,
	0x0f, 0xf0, 0xff, 0xf0, 0x0f, 0xff, 0x00, 0x0f, 0xff, 0x0f, 0xff, 0xf0, 0x0f, 0xf0, 0xf0, 0xff,
	0xf0, 0x00, 0xf0, 0xff, 0xff, 0x0f, 0xff, 0xf0, 0xff, 0x00, 0xf0, 0xf0, 0xf0, 0x00, 0x00, 0x00,
	0x0f, 0x0f, 0x0f, 0x00, 0x00, 0x00, 0xf0, 0x0f, 0x0f, 0xff, 0xff, 0xff, 0x0f, 0xf0, 0x0f, 0x00,
	0xff, 0xff, 0xf0, 0xf0, 0x00, 0x0f, 0xff, 0x0f, 0xf0, 0xf0, 0x00, 0xff, 0x00, 0xf0, 0xff, 0x00,
	0x0f, 0xff, 0x00, 0x0f, 0x00, 0x00, 0xf0, 0xff, 0xf0, 0xff, 0xf0, 0x0f, 0xff, 0x0f, 0xff, 0xff,
	0x0f, 0x00, 0xf0, 0xf0, 0x0f, 0xf0, 0x0f, 0x00, 0xf0, 0xf0, 0x0f, 0xff, 0x0f, 0xf0, 0x0f, 0x0f,
	0x0f, 0xff, 0xff, 0xf0, 0xff, 0x0f, 0x0f, 0xf0, 0xf0, 0x0f, 0xf0, 0xff, 0x0f, 0xf0, 0xff, 0xf0,
	0x00, 0xff, 0x0f, 0x00, 0xff, 0xff, 0x0f, 0xff, 0x0f, 0xff, 0x00, 0x00, 0xff, 0x0f, 0x00, 0x0f,
	0xf0, 0x0f, 0x00, 0x00, 0xff, 0xf0, 0xff, 0xf0, 0xf0, 0xff, 0x0f, 0xf0, 0xff, 0xf0, 0xf0, 0xf0,
	0xf0, 0x0f, 0xf0, 0xff, 0xff, 0xff, 0x0f, 0xff, 0xff, 0x00, 0xf0, 0x0f, 0xf0, 0xf0, 0xff, 0xf0,
	0xf0, 0xff, 0x0f, 0x0f, 0xff, 0xff, 0x0f, 0x0f, 0xff, 0xf0, 0x00, 0x0f, 0x00, 0x00, 0xf0, 0xf0,
	0xf0, 0xf0, 0xf0, 0x0f, 0xf0, 0xff, 0xf0, 0xff, 0xf0, 0x00, 0x0f, 0xff, 0xf0, 0x0f, 0xf0, 0x00,
	0xf0, 0xff, 0xff, 0xf0, 0xff, 0x0f, 0xf0, 0x00, 0xff, 0xf0, 0xf0, 0x0f, 0xf0, 0x0f, 0xf0, 0x0f,
	0x00, 0x00, 0x0f, 0xff, 0xff, 0x00, 0x0f, 0x00, 0x0f, 0xff, 0xf0, 0x0f, 0xf0, 0x00, 0x0f, 0x00,
	0x0f, 0x00, 0x00, 0x00, 0xff, 0x0f, 0xff, 0x00, 0x0f, 0xf0, 0xff, 0x0f, 0x0f, 0xf0, 0xf0, 0x0f,
	0xff, 0xf0, 0xf0, 0x0f, 0x00, 0xff, 0x00, 0xf0, 0xf0, 0xf0, 0x00, 0x00, 0x00, 0x00, 0x00, 0xff,
	0xff, 0x0f, 0x00, 0x0f, 0x00, 0xf0, 0xf0, 0x0f, 0xff, 0xff, 0xf0, 0xff, 0xff, 0xff, 0x00, 0xf0,
	0xff, 0xf0, 0xf0, 0xff, 0x0f, 0xff, 0x0f, 0x00, 0xf0, 0x0f, 0xff, 0x0f, 0xff, 0xf0, 0xff, 0xff,
	0xf0, 0x00, 0xf0, 0xf0, 0xf0, 0xf0, 0xf0, 0x0f, 0x0f, 0xf0, 0xf0, 0x00, 0xf0, 0xf0, 0xf0, 0xff,
	0xf0, 0xff, 0x0f, 0x00, 0x0f, 0xff, 0xf0, 0xf0, 0xff, 0x0f, 0xff, 0x0f, 0x0f, 0xf0, 0xff, 0xff,
	0xff, 0x0f, 0x0f, 0xf0, 0xf0, 0xff, 0x0f, 0xf0, 0x0f, 0x0f, 0xf0, 0xf0, 0x0f, 0x0f, 0xf0, 0xf0,
	0x0f, 0xff, 0xff, 0xf0, 0xff, 0xff, 0xff, 0xf0, 0xf0, 0x0f, 0xff, 0x00, 0xf0, 0xff, 0x0f, 0xf0,
	0xf0, 0x0f, 0xff, 0x0f, 0x00, 0xff, 0xff, 0x0f, 0xff, 0xf0, 0xf0, 0x0f, 0x0f, 0xff, 0xff, 0x0f,
	0xff, 0x0f, 0xf0, 0x0f, 0x0f, 0x0f, 0xf0, 0xf0, 0xff, 0xf0, 0x0f, 0xf0, 0xf0, 0x0f, 0xff, 0xff,
	0x0f, 0x0f, 0xf0, 0xff, 0xff, 0x0f, 0xf0, 0x00, 0xf0, 0x0f, 0xf0, 0xff, 0x0f, 0xf0, 0xf0, 0xf0,
	0xff, 0xf0, 0xff, 0x0f, 0xf0, 0x0f, 0x0f, 0xf0, 0xf0, 0xf0, 0xff, 0x0f, 0xf0, 0x0f, 0x0f, 0xf0,
	0xff, 0xf0, 0x0f, 0xff, 0xf0, 0xff, 0x0f, 0x0f, 0xff, 0xf0, 0x0f, 0x0f, 0xff, 0xf0, 0xff, 0x0f,
	0x00, 0x0f, 0xf0, 0xff, 0x0f, 0xf0, 0xff, 0x0f, 0x00, 0xf0, 0x00, 0x0f, 0x00, 0x0f, 0xff, 0xff,
	0x00, 0xf0, 0x00, 0x0f, 0x0f, 0xf0, 0xff, 0x0f, 0xf0, 0x0f, 0x00, 0x0f, 0x0f, 0x0f, 0xf0, 0x0f,
	0xff, 0xff, 0xff, 0xff, 0xf0, 0xff, 0xf0, 0xff, 0xff, 0xff, 0xff, 0x0f, 0x0f, 0x0f, 0x0f, 0xff,
	0xf0, 0xf0, 0x0f, 0x00, 0xff, 0x0f, 0xff, 0xff, 0x0f, 0xff, 0xff, 0xf0, 0xf0, 0xff, 0xff, 0x00,
	0x00, 0xff, 0xf0, 0x0f, 0xf0, 0xff, 0xff, 0x0f, 0xff, 0xf0, 0xff, 0xf0, 0xf0, 0xf0, 0xff, 0xff,
	0x0f, 0xff, 0xff, 0xf0, 0xf0, 0x0f, 0xf0, 0xf0, 0xff, 0x0f, 0xff, 0xff, 0xff, 0xff, 0xff, 0x0f,
	0xf0, 0xf0, 0x0f, 0xff, 0xff, 0x0f, 0xf0, 0x0f, 0xff, 0xff, 0x0f, 0x00, 0x0f, 0xf0, 0xf0, 0x00,
	0x0f, 0xf0, 0x0f, 0x0f, 0xff, 0xf0, 0xf0, 0xf0, 0xff, 0x0f, 0xf0, 0xf0, 0xf0, 0xf0, 0xf0, 0x0f,
	0x0f, 0xff, 0xff, 0xf0, 0xff, 0x0f, 0x0f, 0xff, 0xf0, 0x0f, 0x00, 0xf0, 0xf0, 0xff, 0xf0, 0xff,
	0x00, 0x0f, 0xff, 0x0f, 0xff, 0xf0, 0xff, 0xf0, 0xff, 0xff, 0x0f, 0xf0, 0x0f, 0xf0, 0xff, 0xf0,
	0xf0, 0xf0, 0xf0, 0xf0, 0xf0, 0xff, 0x0f, 0xf0, 0x0f, 0x0f, 0xff, 0xf0, 0xf0, 0xf0, 0xf0, 0xff,
	0xff, 0xff, 0xff, 0xff, 0xff, 0xff, 0xff, 0xff, 0xff, 0xff, 0xff, 0xff, 0xff, 0xff, 0xff, 0xff,
	0xff, 0xff, 0xff, 0xff, 0xff, 0xff, 0xff, 0xff, 0xff, 0xff, 0xff, 0xff, 0xff, 0xff, 0xff, 0xff,
	0xff, 0xff, 0xff, 0xff, 0xff, 0xff, 0xff, 0xff, 0xff, 0xff, 0xff, 0xff, 0xff, 0xff, 0xff, 0xff,
	0xff, 0xff, 0xff, 0xff, 0xff, 0xff, 0xff, 0xff, 0xff, 0xff, 0xff, 0xff, 0xff, 0xff, 0xff, 0xff,
	0xff, 0xff, 0xff, 0xff, 0xff, 0xff, 0xff, 0xff, 0xff, 0xff, 0xff, 0xff, 0xff, 0xff, 0xff, 0xff,
	0xff, 0xff, 0xff, 0xff, 0xff, 0xff, 0xff, 0xff, 0xff, 0xff, 0xff, 0xff, 0xff, 0xff, 0xff, 0xff,
	0xff, 0xff, 0xff, 0xff, 0xff, 0xff, 0xff, 0xff, 0xff, 0xff, 0xff, 0xff, 0xff, 0xff, 0xff, 0xff,
	0xff, 0xff, 0xff, 0xff, 0xff, 0xff, 0xff, 0xff, 0xff, 0xff, 0xff, 0xff, 0xff, 0xff, 0xff, 0xff,
	0xff, 0xff, 0xff, 0xff, 0xff, 0xff, 0xff, 0xff, 0xff, 0xff, 0xff, 0xff, 0xff, 0xff, 0xff, 0xff,
	0xff, 0xff, 0xff, 0xff, 0xff, 0xff, 0xff, 0xff, 0xff, 0xff, 0xff, 0xff, 0xff, 0xff, 0xff, 0xff,
	0xff, 0xff, 0xff, 0xff, 0xff, 0xff, 0xff, 0xff, 0xff, 0xff, 0xff, 0xff, 0xff, 0xff, 0xff, 0xff,
	0xff, 0xff, 0xff, 0xff, 0xff, 0xff, 0xff, 0xff, 0xff, 0xff, 0xff, 0xff, 0xff, 0xff, 0xff, 0xff,
	0xff, 0xff, 0xff, 0xff, 0xff, 0xff, 0xff, 0xff, 0xff, 0xff, 0xff, 0xff, 0xff, 0xff, 0xff, 0xff,
	0xff, 0xff, 0xff, 0xff, 0xff, 0xff, 0xff, 0xff, 0xff, 0xff, 0xff, 0xff, 0xff, 0xff, 0xff, 0xff,
	0xff, 0xff, 0xff, 0xff, 0xff, 0xff, 0xff, 0xff, 0xff, 0xff, 0xff, 0xff, 0xff, 0xff, 0xff, 0xff,
	0xff, 0xff, 0xff, 0xff, 0xff, 0xff, 0xff, 0xff, 0xff, 0xff, 0xff, 0xff, 0xff, 0xff, 0xff, 0xff,
	0xff, 0xff, 0xff, 0xff, 0xff, 0xff, 0xff, 0xff, 0xff, 0xff, 0xff, 0xff, 0xff, 0xff, 0xff, 0xff,
	0xff, 0xff, 0xff, 0xff, 0xff, 0xff, 0xff, 0xff, 0xff, 0xff, 0xff, 0xff, 0xff, 0xff, 0xff, 0xff,
	0xff, 0xff, 0xff, 0xff, 0xff, 0xff, 0xff, 0xff, 0xff, 0xff, 0xff, 0xff, 0xff, 0xff, 0xff, 0xff,
	0xff, 0xff, 0xff, 0xff, 0xff, 0xff, 0xff, 0xff, 0xff, 0xff, 0xff, 0xff, 0xff, 0xff, 0xff, 0xff,
	0x00, 0x00, 0x00, 0x00, 0x00, 0x00, 0x00, 0x00, 0x00, 0x00, 0x00, 0x00, 0x00, 0x00, 0x00, 0x00,
	0x00, 0x00, 0x00, 0x00, 0x00, 0x00, 0x00, 0x00, 0x00, 0x00, 0x00, 0x00, 0x00, 0x00, 0x00, 0x00,
	0x00, 0x00, 0x00, 0x00, 0x00, 0x00, 0x00, 0x00, 0x00, 0x00, 0x00, 0x00, 0x00, 0x00, 0x00, 0x00,
	0x00, 0x00, 0x00, 0x00, 0x00, 0x00, 0x00, 0x00, 0x00, 0x00, 0x00, 0x00, 0x00, 0x00, 0x00, 0x00,
	0x00, 0x00, 0x00, 0x00, 0x00, 0x00, 0x00, 0x00, 0x00, 0x00, 0x00, 0x00, 0x00, 0x00, 0x00, 0x00,
	0x00, 0x00, 0x00, 0x00, 0x00, 0x00, 0x00, 0x00, 0x00, 0x00, 0x00, 0x00, 0x00, 0x00, 0x00, 0x00,
	0x00, 0x00, 0x00, 0x00, 0x00, 0x00, 0x00, 0x00, 0x00, 0x00, 0x00, 0x00, 0x00, 0x00, 0x00, 0x00,
	0x00, 0x00, 0x00, 0x00, 0x00, 0x00, 0x00, 0x00, 0x00, 0x00, 0x00, 0x00, 0x00, 0x00, 0x00, 0x00,
	0x00, 0x00, 0x00, 0x00, 0x00, 0x00, 0x00, 0x00, 0x00, 0x00, 0x00, 0x00, 0x00, 0x00, 0x00, 0x00,
	0x00, 0x00, 0x00, 0x00, 0x00, 0x00, 0x00, 0x00, 0x00, 0x00, 0x00, 0x00, 0x00, 0x00, 0x00, 0x00,
	0x00, 0x00, 0x00, 0x00, 0x00, 0x00, 0x00, 0x00, 0x00, 0x00, 0x00, 0x00, 0x00, 0x00, 0x00, 0x00,
	0x00, 0x00, 0x00, 0x00, 0x00, 0x00, 0x00, 0x00, 0x00, 0x00, 0x00, 0x00, 0x00, 0x00, 0x00, 0x00,
	0x00, 0x00, 0x00, 0x00, 0x00, 0x00, 0x00, 0x00, 0x00, 0x00, 0x00, 0x00, 0x00, 0x00, 0x00, 0x00,
	0x00, 0x00, 0x00, 0x00, 0x00, 0x00, 0x00, 0x00, 0x00, 0x00, 0x00, 0x00, 0x00, 0x00, 0x00, 0x00,
	0x00, 0x00, 0x00, 0x00, 0x00, 0x00, 0x00, 0x00, 0x00, 0x00, 0x00, 0x00, 0x00, 0x00, 0x00, 0x00,
	0x00, 0x00, 0x00, 0x00, 0x00, 0x00, 0x00, 0x00, 0x00, 0x00, 0x00, 0x00, 0x00, 0x00, 0x00, 0x00,
	0x00, 0x00, 0x00, 0x00, 0x00, 0x00, 0x00, 0x00, 0x00, 0x00, 0x00, 0x00, 0x00, 0x00, 0x00, 0x00,
	0x00, 0x00, 0x00, 0x00, 0x00, 0x00, 0x00, 0x00, 0x00, 0x00, 0x00, 0x00, 0x00, 0x00, 0x00, 0x00,
	0x00, 0x00, 0x00, 0x00, 0x00, 0x00, 0x00, 0x00, 0x00, 0x00, 0x00, 0x00, 0x00, 0x00, 0x00, 0x00,
	0x00, 0x00, 0x00, 0x00, 0x00, 0x00, 0x00, 0x00, 0x00, 0x00, 0x00, 0x00, 0x00, 0x00, 0x00, 0x00,
	0x00, 0x00, 0x00, 0x00, 0x00, 0x00, 0x00, 0x00, 0x0f, 0x00, 0x00, 0xff, 0x00, 0x00, 0x00, 0x00,
	0x00, 0x00, 0x00, 0xff, 0x00, 0x00, 0x00, 0x00, 0x00, 0xff, 0x00, 0xf0, 0x00, 0x00, 0x00, 0x00,
	0x00, 0x00, 0x00, 0x00, 0x00, 0x00, 0x00, 0x00, 0x00, 0x00, 0xf0, 0x00, 0x00, 0x00, 0x00, 0x00,
	0x00, 0x00, 0x00, 0x00, 0x00, 0x00, 0x00, 0x00, 0x00, 0x00, 0x00, 0x00, 0x00, 0x00, 0x00, 0x00,
	0x00, 0x00, 0x00, 0x00, 0x00, 0x00, 0x00, 0xff, 0x00, 0xff, 0x00, 0x00, 0x00, 0x00, 0x00, 0x00,
	0x00, 0x00, 0x00, 0x00, 0xf0, 0x00, 0x00, 0x00, 0x00, 0x00, 0x00, 0x00, 0x00, 0x00, 0x00, 0x00,
	0x00, 0x00, 0x00, 0x00, 0x00, 0x00, 0x00, 0x00, 0x00, 0x00, 0x00, 0x00, 0x00, 0x00, 0x00, 0x00,
	0x00, 0xff, 0x0f, 0x00, 0x00, 0x00, 0x00, 0x00, 0x00, 0x00, 0x00, 0x00, 0x00, 0x00, 0x00, 0x00,
	0x00, 0x00, 0x00, 0x00, 0x00, 0x00, 0x00, 0x00, 0x00, 0x00, 0x00, 0x00, 0x00, 0x00, 0x00, 0x00,
	0x00, 0x00, 0x00, 0x00, 0x00, 0x00, 0x00, 0x00, 0x00, 0x0f, 0x00, 0x00, 0x00, 0x00, 0x00, 0x00,
	0x00, 0x00, 0x00, 0x00, 0x00, 0x00, 0x00, 0xff, 0x00, 0x00, 0x00, 0x00, 0x00, 0x00, 0x00, 0x00,
	0x00, 0x00, 0x00, 0x00, 0x00, 0x00, 0xf0, 0x00, 0x00, 0x00, 0x00, 0x00, 0x00, 0x00, 0x00, 0x00,
	0x00, 0x00, 0x00, 0x00, 0x00, 0x00, 0x00, 0x00, 0x00, 0x00, 0x00, 0x00, 0x00, 0x00, 0x00, 0x00,
	0x00, 0x00, 0x00, 0xff, 0xf0, 0x00, 0x00, 0x00, 0x00, 0x00, 0x00, 0x00, 0x00, 0x00, 0x00, 0x00,
	0x00, 0x00, 0x00, 0x00, 0x00, 0x0f, 0x00, 0x00, 0x00, 0x00, 0x00, 0x00, 0x00, 0x00, 0x00, 0x00,
	0x00, 0x00, 0x0f, 0x00, 0x00, 0x00, 0x00, 0x00, 0x00, 0x00, 0x00, 0x00, 0x00, 0x00, 0x00, 0x00,
	0x00, 0x00, 0x00, 0x00, 0x00, 0x00, 0x00, 0x00, 0x00, 0x00, 0xf0, 0x00, 0x00, 0x00, 0x00, 0x00,
	0x00, 0x00, 0x00, 0x00, 0x00, 0x00, 0x00, 0x00, 0x00, 0x00, 0x00, 0x00, 0x00, 0x00, 0x00, 0x00,
	0x00, 0x00, 0x00, 0x00, 0x00, 0x00, 0x00, 0x00, 0x00, 0x00, 0x00, 0x00, 0x00, 0x00, 0x00, 0x00,
	0x00, 0x00, 0x00, 0x00, 0x00, 0x00, 0x00, 0x0f, 0x00, 0x00, 0x00, 0x00, 0x00, 0x00, 0x00, 0x00,
	0xff, 0x00, 0x00, 0x00, 0x00, 0x00, 0x00, 0xff, 0x00, 0x00, 0x00, 0x00, 0x00, 0x00, 0x00, 0x00,
	0x00, 0xff, 0xff, 0x00, 0x00, 0x00, 0x00, 0x00, 0x00, 0x00, 0x00, 0x00, 0x00, 0x00, 0x0f, 0x00,
	0x00, 0x00, 0x00, 0x00, 0xff, 0xf0, 0x00, 0x0f, 0x00, 0x00, 0x00, 0x00, 0x00, 0x00, 0xf0, 0x00,
	0x00, 0x00, 0x00, 0x00, 0x00, 0x0f, 0x00, 0x00, 0x00, 0x00, 0xff, 0x00, 0x00, 0x0f, 0x00, 0x00,
	0x00, 0x00, 0x00, 0x00, 0x00, 0xf0, 0x00, 0x00, 0x00, 0x00, 0x00, 0x00, 0xff, 0x00, 0x00, 0x00,
	0x00, 0x00, 0x00, 0x00, 0x00, 0x00, 0x00, 0x0f, 0x00, 0x00, 0x00, 0x00, 0x00, 0x00, 0x0f, 0x00,
	0x00, 0xff, 0x00, 0x00, 0x00, 0x00, 0x00, 0x00, 0x00, 0x00, 0xf0, 0xf0, 0x00, 0xf0, 0x00, 0x00,
	0x00, 0x00, 0x00, 0x00, 0x00, 0x00, 0x00, 0xff, 0x00, 0x0f, 0x00, 0x00, 0x00, 0x00, 0x00, 0x00,
	0x00, 0x00, 0x00, 0x00, 0x00, 0x00, 0x00, 0x00, 0x00, 0x00, 0x00, 0x00, 0xf0, 0xf0, 0x00, 0x00,
	0x00, 0x00, 0x00, 0x00, 0x00, 0x00, 0x00, 0xf0, 0xf0, 0x00, 0x00, 0x00, 0x00, 0x00, 0x00, 0x00,
	0x00, 0x00, 0x00, 0x00, 0x00, 0x00, 0x00, 0xff, 0x00, 0x00, 0x00, 0x00, 0x00, 0x00, 0x00, 0x00,
	0x00, 0x00, 0xff, 0x00, 0x00, 0x00, 0x0f, 0x00, 0x00, 0x00, 0x00, 0x00, 0x00, 0x00, 0x00, 0x00,
	0xff, 0x00, 0x00, 0x00, 0x00, 0x00, 0x00, 0x00, 0xff, 0x00, 0x00, 0x00, 0x00, 0x00, 0x00, 0xf0,
	0x00, 0x00, 0x00, 0x00, 0x00, 0x00, 0x00, 0xf0, 0xff, 0x00, 0x00, 0x00, 0x0f, 0x00, 0x00, 0x00,
	0x00, 0x00, 0x00, 0x00, 0x00, 0x00, 0xf0, 0x00, 0x00, 0x00, 0x00, 0xff, 0x00, 0x00, 0xff, 0x00,
	0xff, 0x00, 0x00, 0x00, 0x00, 0xf0, 0x00, 0x00, 0x00, 0x00, 0x00, 0x00, 0x00, 0x00, 0x00, 0x00,
	0x00, 0x00, 0x00, 0x00, 0x00, 0x00, 0x00, 0x00, 0xff, 0x00, 0xff, 0x00, 0x00, 0x00, 0x00, 0x00,
	0xff, 0x00, 0x00, 0x00, 0x00, 0x00, 0x00, 0x00, 0x00, 0x00, 0xff, 0x00, 0x00, 0x00, 0x00, 0x00,
	0x00, 0x00, 0x00, 0x00, 0x00, 0x0f, 0x00, 0x00, 0x00, 0xff, 0x00, 0x00, 0x00, 0x00, 0x00, 0xff,
	0xff, 0xff, 0x00, 0x00, 0x00, 0x00, 0x00, 0x00, 0x00, 0x00, 0x00, 0x00, 0x00, 0x00, 0x00, 0xff,
	0x0f, 0x00, 0x00, 0x00, 0x0f, 0xf0, 0xff, 0x0f, 0x00, 0x0f, 0xff, 0xff, 0x0f, 0xf0, 0x00, 0xf0,
	0xf0, 0x00, 0x00, 0xff, 0x0f, 0xff, 0xf0, 0x00, 0xf0, 0x00, 0xff, 0xff, 0x00, 0xff, 0x00, 0xf0,
	0x0f, 0x00, 0x0f, 0x00, 0x0f, 0xff, 0x00, 0x00, 0x00, 0x00, 0x0f, 0xf0, 0x00, 0xff, 0x00, 0x0f,
	0x00, 0x0f, 0xf0, 0x0f, 0x00, 0x00, 0x00, 0x00, 0xff, 0xf0, 0x00, 0xf0, 0xff, 0x00, 0x00, 0x0f,
	0x00, 0x00, 0x00, 0x00, 0x00, 0xff, 0x00, 0x00, 0xf0, 0x00, 0x0f, 0x00, 0x00, 0xff, 0x00, 0x00,
	0x00, 0x00, 0x0f, 0x00, 0xff, 0x00, 0xf0, 0xff, 0x00, 0x00, 0x0f, 0x00, 0xf0, 0x00, 0x00, 0x00,
	0xff, 0xff, 0xf0, 0x00, 0xf0, 0x0f, 0x0f, 0x0f, 0x0f, 0xff, 0x00, 0x0f, 0xf0, 0xf0, 0xf0, 0x00,
	0x0f, 0x0f, 0x0f, 0xf0, 0xf0, 0xf0, 0xf0, 0x00, 0xf0, 0x00, 0x00, 0xff, 0x00, 0x0f, 0x00, 0xf0,
	0x00, 0x00, 0xff, 0xff, 0x00, 0x00, 0xff, 0x00, 0xf0, 0x00, 0x00, 0x00, 0x00, 0x00, 0xf0, 0x00,
	0x00, 0x00, 0xff, 0x0f, 0x0f, 0x00, 0x0f, 0xff, 0xf0, 0xff, 0xf0, 0xff, 0x0f, 0xff, 0xff, 0x0f,
	0x00, 0x00, 0xf0, 0x00, 0x0f, 0x00, 0x0f, 0x00, 0xff, 0x00, 0xff, 0x00, 0x00, 0x00, 0xf0, 0x00,
	0x00, 0x0f, 0x0f, 0xf0, 0x0f, 0x00, 0xf0, 0xff, 0x00, 0xf0, 0xf0, 0xff, 0xff, 0x00, 0xf0, 0xf0,
	0xff, 0x0f, 0x0f, 0xff, 0x00, 0xff, 0x00, 0x0f, 0x00, 0xff, 0xf0, 0x00, 0xf0, 0xff, 0x0f, 0x00,
	0xf0, 0x00, 0x00, 0x00, 0x00, 0x0f, 0x0f, 0xff, 0xff, 0x00, 0x0f, 0x00, 0xf0, 0x00, 0x0f, 0xff,
	0xff, 0x00, 0x00, 0xf0, 0x0f, 0x00, 0xff, 0x0f, 0xf0, 0x00, 0x00, 0x00, 0x00, 0x00, 0x0f, 0x0f,
	0xf0, 0x00, 0x00, 0xff, 0x00, 0xff, 0xff, 0xf0, 0xff, 0x0f, 0xff, 0x00, 0x00, 0xff, 0x00, 0xff,
	0xff, 0xf0, 0x0f, 0x0f, 0x00, 0xf0, 0x00, 0xff, 0xff, 0x00, 0x00, 0x00, 0x0f, 0xff, 0xf0, 0x00,
	0x0f, 0x00, 0x00, 0x00, 0x00, 0x00, 0x00, 0x00, 0x00, 0xf0, 0x00, 0x00, 0x00, 0xff, 0xf0, 0xff,
	0xf0, 0xf0, 0x00, 0x00, 0xff, 0xff, 0x00, 0xff, 0xff, 0x0f, 0x00, 0x00, 0x00, 0xff, 0xf0, 0x0f,
	0x00, 0x00, 0x0f, 0x00, 0x00, 0xff, 0x0f, 0xf0, 0xf0, 0x00, 0x0f, 0xff, 0x00, 0xff, 0xff, 0x0f,
	0x0f, 0x00, 0x00, 0x00, 0xff, 0x0f, 0x00, 0xf0, 0xff, 0x0f, 0xff, 0x0f, 0xf0, 0xf0, 0xff, 0xf0,
	0xff, 0x00, 0xf0, 0x0f, 0x0f, 0x00, 0x00, 0xf0, 0xf0, 0xf0, 0xf0, 0x0f, 0x0f, 0xf0, 0xf0, 0xff,
	0x0f, 0x00, 0x0f, 0x0f, 0xff, 0x00, 0xf0, 0x00, 0x0f, 0x00, 0xff, 0x00, 0x00, 0xff, 0x0f, 0x00,
	0xff, 0xff, 0x0f, 0xf0, 0xf0, 0xff, 0x00, 0xff, 0x00, 0x00, 0x00, 0xf0, 0xf0, 0xff, 0x00, 0xf0,
	0xf0, 0x00, 0xff, 0xff, 0xf0, 0x0f, 0xff, 0xf0, 0xff, 0xf0, 0x0f, 0xff, 0x00, 0xff, 0x00, 0x00,
	0x0f, 0xf0, 0x00, 0xf0, 0x00, 0x00, 0x00, 0xff, 0x00, 0x00, 0xff, 0xf0, 0x0f, 0x00, 0x00, 0x0f,
	0xff, 0xff, 0x00, 0x00, 0xf0, 0xf0, 0xf0, 0xff, 0xf0, 0x0f, 0x0f, 0xf0, 0xff, 0xf0, 0xf0, 0xff,
	0x0f, 0x00, 0x0f, 0x0f, 0xff, 0xff, 0x0f, 0xff, 0xf0, 0xf0, 0xf0, 0x0f, 0x00, 0xff, 0xff, 0xff,
	0x00, 0xf0, 0x00, 0x00, 0x00, 0x00, 0xff, 0xf0, 0xf0, 0xf0, 0x00, 0x00, 0x0f, 0x00, 0x00, 0x0f,
	0xff, 0x0f, 0x0f, 0x0f, 0xff, 0x0f, 0x0f, 0xf0, 0x00, 0xff, 0x00, 0xff, 0xff, 0xf0, 0xff, 0xf0,
	0x00, 0x0f, 0x0f, 0x00, 0x0f, 0x0f, 0xff, 0x00, 0xff, 0x00, 0x0f, 0xff, 0x00, 0xf0, 0x0f, 0xff,
	0x0f, 0x00, 0xff, 0xf0, 0x00, 0x00, 0x00, 0x00, 0x0f, 0xf0, 0xff, 0x00, 0x0f, 0xf0, 0x0f, 0xf0,
	0x0f, 0x00, 0x00, 0xff, 0xf0, 0x0f, 0xf0, 0x0f, 0xff, 0x0f, 0x0f, 0xf0, 0x00, 0x0f, 0xff, 0x00,
	0xff, 0xff, 0xf0, 0xf0, 0xf0, 0xff, 0x0f, 0xff, 0x00, 0x00, 0x00, 0xff, 0xf0, 0xff, 0x0f, 0xff,
	0x0f, 0xff, 0xff, 0xff, 0xff, 0xff, 0xff, 0xf0, 0x0f, 0x00, 0x0f, 0x0f, 0xf0, 0x00, 0xf0, 0xff,
	0x00, 0x00, 0xff, 0xff, 0xff, 0xff, 0xff, 0x0f, 0x0f, 0x00, 0x00, 0xf0, 0xf0, 0xf0, 0xff, 0xf0,
	0xff, 0x00, 0xff, 0xf0, 0xf0, 0xff, 0xf0, 0x0f, 0xff, 0xff, 0xf0, 0x00, 0x0f, 0xff, 0xf0, 0x00,
	0x00, 0xff, 0x0f, 0x0f, 0xf0, 0xf0, 0x0f, 0x0f, 0xf0, 0x00, 0xff, 0xff, 0xff, 0xff, 0xf0, 0x00,
	0x00, 0x0f, 0x00, 0x00, 0x00, 0xf0, 0x00, 0x00, 0xf0, 0x0f, 0xff, 0x00, 0xff, 0x0f, 0x0f, 0x00,
	0xf0, 0x00, 0x0f, 0xff, 0xff, 0xff, 0x0f, 0xff, 0xf0, 0x00, 0x00, 0x00, 0x0f, 0x00, 0xf0, 0x00,
	0x0f, 0x0f, 0xf0, 0xf0, 0xf0, 0x0f, 0xff, 0x0f, 0x00, 0xff, 0xff, 0xff, 0xff, 0xf0, 0x00, 0x00,
	0xf0, 0xff, 0xff, 0xf0, 0x0f, 0xff, 0xff, 0xff, 0xf0, 0x0f, 0xf0, 0x0f, 0xff, 0x00, 0x0f, 0x00,
	0x00, 0x00, 0xf0, 0x0f, 0x0f, 0x0f, 0x0f, 0x0f, 0xf0, 0xf0, 0xff, 0x00, 0x00, 0x00, 0xff, 0x0f,
	0xf0, 0xf0, 0xf0, 0xff, 0xff, 0xf0, 0xf0, 0x0f, 0xf0, 0xff, 0x00, 0x00, 0x00, 0xff, 0xf0, 0xf0,
	0xf0, 0x0f, 0xf0, 0x00, 0x00, 0x00, 0xff, 0xff, 0x0f, 0xf0, 0xff, 0xf0, 0xff, 0x0f, 0x0f, 0x00,
	0x0f, 0xff, 0xf0, 0x0f, 0xff, 0x0f, 0xf0, 0x00, 0xff, 0xf0, 0xff, 0x0f, 0x0f, 0x0f, 0xff, 0x0f,
	0x0f, 0x0f, 0x00, 0xf0, 0xf0, 0xff, 0xf0, 0xf0, 0x00, 0x0f, 0xff, 0xff, 0xff, 0xf0, 0xff, 0xf0,
	0xf0, 0xff, 0xff, 0xff, 0xff, 0x00, 0x0f, 0x00, 0xff, 0xf0, 0xff, 0x0f, 0x0f, 0xf0, 0x00, 0xf0,
	0x0f, 0xf0, 0xff, 0xff, 0xff, 0xff, 0xf0, 0xff, 0x0f, 0xf0, 0xf0, 0x00, 0xff, 0xf0, 0xf0, 0xff,
	0xf0, 0x00, 0x00, 0xff, 0x0f, 0x00, 0x0f, 0xf0, 0x0f, 0x00, 0x00, 0x0f, 0xf0, 0xf0, 0xf0, 0xff,
	0xf0, 0xff, 0x0f, 0xff, 0x00, 0x0f, 0x0f, 0x00, 0xff, 0xff, 0x0f, 0xf0, 0x0f, 0x0f, 0xff, 0xf0,
	0x0f, 0x0f, 0x0f, 0x00, 0xff, 0x0f, 0x00, 0xf0, 0x0f, 0xff, 0x00, 0xff, 0x00, 0x0f, 0xff, 0xf0,
	0xff, 0xff, 0x0f, 0xff, 0xff, 0xf0, 0x00, 0xf0, 0x0f, 0x00, 0xff, 0xf0, 0x0f, 0xf0, 0x0f, 0xf0,
	0x00, 0xff, 0x0f, 0x00, 0xf0, 0x00, 0xf0, 0xf0, 0x0f, 0xf0, 0x00, 0xf0, 0x0f, 0xff, 0x00, 0xf0,
	0xf0, 0x00, 0xff, 0x0f, 0x0f, 0x0f, 0x0f, 0x0f, 0x0f, 0xf0, 0xf0, 0xff, 0xff, 0xff, 0xff, 0x00,
	0x0f, 0x0f, 0x0f, 0xf0, 0xf0, 0xff, 0x00, 0x0f, 0xf0, 0x00, 0x0f, 0x0f, 0x00, 0x0f, 0x0f, 0x0f,
	0x0f, 0x00, 0x00, 0x00, 0x0f, 0x00, 0xf0, 0x00, 0xf0, 0x0f, 0xf0, 0xf0, 0x0f, 0xff, 0x00, 0x00,
	0xff, 0xff, 0x0f, 0xff, 0x0f, 0xff, 0x00, 0xff, 0xf0, 0x00, 0x0f, 0xf0, 0x0f, 0xf0, 0xf0, 0x00,
	0x0f, 0xf0, 0x0f, 0xff, 0xff, 0xff, 0xff, 0xf0, 0x00, 0x0f, 0x0f, 0xff, 0xf0, 0xff, 0xff, 0xff,
	0xff, 0xf0, 0xf0, 0xf0, 0xff, 0xf0, 0xff, 0x00, 0xf0, 0xff, 0xff, 0xff, 0xf0, 0x00, 0xff, 0xf0,
	0xf0, 0xff, 0xff, 0x0f, 0xf0, 0x0f, 0x0f, 0xf0, 0xf0, 0x0f, 0xf0, 0xff, 0xf0, 0xff, 0xff, 0x0f,
	0x00, 0x0f, 0xf0, 0xff, 0xf0, 0xf0, 0x00, 0x0f, 0x00, 0xff, 0xff, 0x0f, 0xff, 0x0f, 0xf0, 0x0f,
	0x0f, 0xff, 0xf0, 0xff, 0xf0, 0x0f, 0xf0, 0xf0, 0x0f, 0xff, 0x00, 0x0f, 0x0f, 0x0f, 0xff, 0xff,
	0xff, 0xf0, 0x0f, 0xff, 0xf0, 0xf0, 0xff, 0xf0, 0xf0, 0xf0, 0xff, 0xf0, 0x0f, 0xff, 0x0f, 0x0f,
	0xf0, 0xf0, 0xff, 0xf0, 0xf0, 0x0f, 0x00, 0xf0, 0x00, 0x0f, 0xf0, 0xf0, 0xff, 0xf0, 0xf0, 0xf0,
	0x0f, 0x0f, 0xff, 0xf0, 0xff, 0x00, 0xf0, 0x0f, 0xff, 0xff, 0x00, 0xff, 0xf0, 0x00, 0xf0, 0x0f,
	0x00, 0xff, 0xf0, 0xff, 0xff, 0xff, 0xff, 0xf0, 0xf0, 0xf0, 0xf0, 0xff, 0x0f, 0xf0, 0xf0, 0xff,
	0x0f, 0xf0, 0x0f, 0xff, 0xff, 0x0f, 0x0f, 0xff, 0x0f, 0xff, 0xff, 0xff, 0x0f, 0xf0, 0xff, 0xf0,
	0x0f, 0x0f, 0x0f, 0x0f, 0xf0, 0x00, 0x0f, 0x0f, 0xff, 0x0f, 0xf0, 0xf0, 0xff, 0xf0, 0x0f, 0x0f,
	0xf0, 0xff, 0xff, 0x0f, 0x0f, 0x0f, 0xf0, 0xff, 0xff, 0xf0, 0xff, 0xf0, 0xff, 0x0f, 0xff, 0xf0,
	0x00, 0xff, 0x0f, 0xff, 0x0f, 0xf0, 0xff, 0xff, 0xf0, 0xff, 0x0f, 0xff, 0xf0, 0xf0, 0xf0, 0xff,
	0x0f, 0x0f, 0xff, 0xf0, 0xf0, 0x0f, 0xff, 0xff, 0xf0, 0xff, 0xf0, 0xf0, 0xf0, 0x00, 0x0f, 0x0f,
	0xf0, 0xf0, 0xf0, 0xf0, 0xff, 0x0f, 0xf0, 0xf0, 0xf0, 0xff, 0x0f, 0x00, 0xff, 0xf0, 0x0f, 0xff,
	0x0f, 0x0f, 0x0f, 0xff, 0x0f, 0xff, 0xf0, 0xf0, 0xf0, 0x0f, 0xff, 0x0f, 0xff, 0xff, 0xf0, 0xf0,
	0xff, 0x00, 0x0f, 0xff, 0xf0, 0xff, 0x00, 0x0f, 0xff, 0xff, 0xff, 0xff, 0xff, 0x00, 0x0f, 0xf0,
	0x0f, 0x0f, 0xff, 0x0f, 0x0f, 0x0f, 0xff, 0x0f, 0xf0, 0xf0, 0x0f, 0xf0, 0x0f, 0xff, 0xff, 0xff,
	0x0f, 0xff, 0xff, 0xff, 0xff, 0xff, 0x00, 0x0f, 0xf0, 0xf0, 0xff, 0xf0, 0x0f, 0xf0, 0xff, 0xf0,
	0x0f, 0x0f, 0xf0, 0xf0, 0xff, 0xf0, 0xf0, 0x00, 0x0f, 0x0f, 0xff, 0xff, 0xff, 0x0f, 0x00, 0x0f,
	0x0f, 0xf0, 0xff, 0x0f, 0xff, 0x0f, 0xf0, 0xf0, 0x0f, 0x0f, 0xf0, 0x0f, 0x0f, 0xf0, 0x0f, 0x0f,
	0xf0, 0x0f, 0xff, 0xf0, 0xf0, 0x0f, 0xf0, 0xff, 0xf0, 0xf0, 0xff, 0xff, 0x0f, 0x0f, 0x0f, 0xf0,
	0xff, 0xff, 0xff, 0xff, 0xff, 0xff, 0xff, 0xff, 0xff, 0xff, 0xff, 0xff, 0xff, 0xff, 0xff, 0xff,
	0xff, 0xff, 0xff, 0xff, 0xff, 0xff, 0xff, 0xff, 0xff, 0xff, 0xff, 0xff, 0xff, 0xff, 0xff, 0xff,
	0xff, 0xff, 0xff, 0xff, 0xff, 0xff, 0xff, 0xff, 0xff, 0xff, 0xff, 0xff, 0xff, 0xff, 0xff, 0xff,
	0xff, 0xff, 0xff, 0xff, 0xff, 0xff, 0xff, 0xff, 0xff, 0xff, 0xff, 0xff, 0xff, 0xff, 0xff, 0xff,
	0xff, 0xff, 0xff, 0xff, 0xff, 0xff, 0xff, 0xff, 0xff, 0xff, 0xff, 0xff, 0xff, 0xff, 0xff, 0xff,
	0xff, 0xff, 0xff, 0xff, 0xff, 0xff, 0xff, 0xff, 0xff, 0xff, 0xff, 0xff, 0xff, 0xff, 0xff, 0xff,
	0xff, 0xff, 0xff, 0xff, 0xff, 0xff, 0xff, 0xff, 0xff, 0xff, 0xff, 0xff, 0xff, 0xff, 0xff, 0xff,
	0xff, 0xff, 0xff, 0xff, 0xff, 0xff, 0xff, 0xff, 0xff, 0xff, 0xff, 0xff, 0xff, 0xff, 0xff, 0xff,
	0xff, 0xff, 0xff, 0xff, 0xff, 0xff, 0xff, 0xff, 0xff, 0xff, 0xff, 0xff, 0xff, 0xff, 0xff, 0xff,
	0xff, 0xff, 0xff, 0xff, 0xff, 0xff, 0xff, 0xff, 0xff, 0xff, 0xff, 0xff, 0xff, 0xff, 0xff, 0xff,
	0xff, 0xff, 0xff, 0xff, 0xff, 0xff, 0xff, 0xff, 0xff, 0xff, 0xff, 0xff, 0xff, 0xff, 0xff, 0xff,
	0xff, 0xff, 0xff, 0xff, 0xff, 0xff, 0xff, 0xff, 0xff, 0xff, 0xff, 0xff, 0xff, 0xff, 0xff, 0xff,
	0xff, 0xff, 0xff, 0xff, 0xff, 0xff, 0xff, 0xff, 0xff, 0xff, 0xff, 0xff, 0xff, 0xff, 0xff, 0xff,
	0xff, 0xff, 0xff, 0xff, 0xff, 0xff, 0xff, 0xff, 0xff, 0xff, 0xff, 0xff, 0xff, 0xff, 0xff, 0xff,
	0xff, 0xff, 0xff, 0xff, 0xff, 0xff, 0xff, 0xff, 0xff, 0xff, 0xff, 0xff, 0xff, 0xff, 0xff, 0xff,
	0xff, 0xff, 0xff, 0xff, 0xff, 0xff, 0xff, 0xff, 0xff, 0xff, 0xff, 0xff, 0xff, 0xff, 0xff, 0xff,
	0xff, 0xff, 0xff, 0xff, 0xff, 0xff, 0xff, 0xff, 0xff, 0xff, 0xff, 0xff, 0xff, 0xff, 0xff, 0xff,
	0xff, 0xff, 0xff, 0xff, 0xff, 0xff, 0xff, 0xff, 0xff, 0xff, 0xff, 0xff, 0xff, 0xff, 0xff, 0xff,
	0xff, 0xff, 0xff, 0xff, 0xff, 0xff, 0xff, 0xff, 0xff, 0xff, 0xff, 0xff, 0xff, 0xff, 0xff, 0xff,
	0xff, 0xff, 0xff, 0xff, 0xff, 0xff, 0xff, 0xff, 0xff, 0xff, 0xff, 0xff, 0xff, 0xff, 0xff, 0xff,
	0x00, 0x00, 0x00, 0x00, 0x00, 0x00, 0x00, 0x00, 0x00, 0x00, 0x00, 0x00, 0x00, 0x00, 0x00, 0x00,
	0x00, 0x00, 0x00, 0x00, 0x00, 0x00, 0x00, 0x00, 0x00, 0x00, 0x00, 0x00, 0x00, 0x00, 0x00, 0x00,
	0x00, 0x00, 0x00, 0x00, 0x00, 0x00, 0x00, 0x00, 0x00, 0x00, 0x00, 0x00, 0x00, 0x00, 0x00, 0x00,
	0x00, 0x00, 0x00, 0x00, 0x00, 0x00, 0x00, 0x00, 0x00, 0x00, 0x00, 0x00, 0x00, 0x00, 0x00, 0x00,
	0x00, 0x00, 0x00, 0x00, 0x00, 0x00, 0x00, 0x00, 0x00, 0x00, 0x00, 0x00, 0x00, 0x00, 0x00, 0x00,
	0x00, 0x00, 0x00, 0x00, 0x00, 0x00, 0x00, 0x00, 0x00, 0x00, 0x00, 0x00, 0x00, 0x00, 0x00, 0x00,
	0x00, 0x00, 0x00, 0x00, 0x00, 0x00, 0x00, 0x00, 0x00, 0x00, 0x00, 0x00, 0x00, 0x00, 0x00, 0x00,
	0x00, 0x00, 0x00, 0x00, 0x00, 0x00, 0x00, 0x00, 0x00, 0x00, 0x00, 0x00, 0x00, 0x00, 0x00, 0x00,
	0x00, 0x00, 0x00, 0x00, 0x00, 0x00, 0x00, 0x00, 0x00, 0x00, 0x00, 0x00, 0x00, 0x00, 0x00, 0x00,
	0x00, 0x00, 0x00, 0x00, 0x00, 0x00, 0x00, 0x00, 0x00, 0x00, 0x00, 0x00, 0x00, 0x00, 0x00, 0x00,
	0x00, 0x00, 0x00, 0x00, 0x00, 0x00, 0x00, 0x00, 0x00, 0x00, 0x00, 0x00, 0x00, 0x00, 0x00, 0x00,
	0x00, 0x00, 0x00, 0x00, 0x00, 0x00, 0x00, 0x00, 0x00, 0x00, 0x00, 0x00, 0x00, 0x00, 0x00, 0x00,
	0x00, 0x00, 0x00, 0x00, 0x00, 0x00, 0x00, 0x00, 0x00, 0x00, 0x00, 0x00, 0x00, 0x00, 0x00, 0x00,
	0x00, 0x00, 0x00, 0x00, 0x00, 0x00, 0x00, 0x00, 0x00, 0x00, 0x00, 0x00, 0x00, 0x00, 0x00, 0x00,
	0x00, 0x00, 0x00, 0x00, 0x00, 0x00, 0x00, 0x00, 0x00, 0x00, 0x00, 0x00, 0x00, 0x00, 0x00, 0x00,
	0x00, 0x00, 0x00, 0x00, 0x00, 0x00, 0x00, 0x00, 0x00, 0x00, 0x00, 0x00, 0x00, 0x00, 0x00, 0x00,
	0x00, 0x00, 0x00, 0x00, 0x00, 0x00, 0x00, 0x00, 0x00, 0x00, 0x00, 0x00, 0x00, 0x00, 0x00, 0x00,
	0x00, 0x00, 0x00, 0x00, 0x00, 0x00, 0x00, 0x00, 0x00, 0x00, 0x00, 0x00, 0x00, 0x00, 0x00, 0x00,
	0x00, 0x00, 0x00, 0x00, 0x00, 0x00, 0x00, 0x00, 0x00, 0x00, 0x00, 0x00, 0x00, 0x00, 0x00, 0x00,
	0x00, 0x00, 0x00, 0x00, 0x00, 0x00, 0x00, 0x00, 0x00, 0x00, 0x00, 0x00, 0x00, 0x00, 0x00, 0x00,
	0x00, 0x00, 0x00, 0x00, 0x00, 0x00, 0x00, 0x00, 0x00, 0x00, 0x00, 0xf0, 0xf0, 0x00, 0x00, 0x00,
	0x00, 0x00, 0x00, 0x00, 0x00, 0x00, 0x00, 0x00, 0x00, 0x00, 0xf0, 0x00, 0x00, 0x00, 0x00, 0x00,
	0x0f, 0x00, 0x00, 0x00, 0x00, 0x00, 0x00, 0x00, 0x00, 0xff, 0x00, 0x00, 0x00, 0x00, 0x00, 0x00,
	0x00, 0x00, 0x00, 0x00, 0xf0, 0x00, 0x00, 0x00, 0x00, 0x00, 0xf0, 0x00, 0x00, 0x00, 0x00, 0x00,
	0x00, 0x00, 0x00, 0x00, 0x00, 0x00, 0x00, 0x00, 0x00, 0xf0, 0x00, 0x00, 0x00, 0x00, 0x00, 0x00,
	0x00, 0x00, 0xff, 0x00, 0x00, 0x00, 0x00, 0x00, 0x00, 0x00, 0x00, 0x00, 0x00, 0x00, 0x00, 0x00,
	0x00, 0x00, 0x00, 0x00, 0x00, 0x00, 0x00, 0x00, 0x00, 0x00, 0x00, 0x00, 0x00, 0x00, 0x00, 0x00,
	0x00, 0x00, 0x00, 0x00, 0x00, 0x00, 0x00, 0x00, 0x00, 0x00, 0x00, 0xff, 0x00, 0x00, 0x00, 0x00,
	0x00, 0xf0, 0x00, 0x00, 0x00, 0x00, 0x00, 0x00, 0x00, 0x00, 0x00, 0x00, 0x00, 0x00, 0x00, 0x00,
	0x00, 0x00, 0x00, 0x00, 0x00, 0x00, 0x00, 0x00, 0x00, 0x00, 0x00, 0x00, 0x00, 0x00, 0x00, 0x00,
	0x00, 0x0f, 0x00, 0x00, 0x00, 0x00, 0x00, 0x00, 0x00, 0x00, 0x00, 0x00, 0x00, 0x00, 0x00, 0x00,
	0x00, 0x00, 0x00, 0x00, 0x00, 0x00, 0xff, 0x00, 0x00, 0x00, 0x00, 0x00, 0x00, 0x00, 0x00, 0x00,
	0x00, 0x00, 0x00, 0x00, 0xff, 0x00, 0x00, 0x00, 0xff, 0x00, 0x00, 0x00, 0x00, 0x00, 0x00, 0x00,
	0x00, 0x00, 0x00, 0x00, 0x00, 0x00, 0x00, 0x00, 0x00, 0x00, 0x00, 0x00, 0x00, 0x00, 0x00, 0x00,
	0x00, 0x00, 0x00, 0x00, 0x00, 0x00, 0x00, 0x00, 0x00, 0x00, 0x00, 0x00, 0x00, 0x00, 0x00, 0x00,
	0x00, 0x00, 0x00, 0x00, 0x00, 0x00, 0x00, 0x00, 0x00, 0x00, 0x00, 0x00, 0x00, 0x00, 0x00, 0x00,
	0xff, 0x00, 0x00, 0x00, 0x00, 0x00, 0x00, 0x00, 0x00, 0x00, 0x00, 0x00, 0x00, 0x00, 0x00, 0x00,
	0x00, 0x00, 0x00, 0x00, 0x00, 0x00, 0x00, 0x00, 0x00, 0x00, 0xff, 0x00, 0x00, 0x00, 0x00, 0xff,
	0x00, 0x00, 0x00, 0x00, 0x00, 0x00, 0x00, 0x00, 0x00, 0x00, 0x00, 0x00, 0x00, 0x00, 0x00, 0xff,
	0x00, 0x00, 0x00, 0x00, 0x00, 0x00, 0x00, 0x00, 0x00, 0x00, 0x00, 0x00, 0x00, 0x00, 0x00, 0xf0,
	0x00, 0x00, 0x00, 0x00, 0x00, 0x00, 0x00, 0x00, 0xff, 0x00, 0xf0, 0x00, 0x0f, 0x00, 0x00, 0x00,
	0x00, 0x00, 0x00, 0x00, 0x00, 0x00, 0xf0, 0x00, 0x00, 0x00, 0xf0, 0x00, 0x00, 0x00, 0xf0, 0x00,
	0x00, 0x00, 0x00, 0x00, 0x00, 0x00, 0x00, 0x00, 0x0f, 0x00, 0x00, 0x00, 0x00, 0x00, 0x00, 0x00,
	0x00, 0x00, 0x00, 0x00, 0x00, 0x00, 0x00, 0x00, 0x00, 0x00, 0x00, 0x00, 0x00, 0x00, 0xf0, 0x00,
	0x00, 0x00, 0x00, 0x0f, 0x00, 0x00, 0x00, 0x00, 0x00, 0x00, 0x00, 0x00, 0x00, 0x00, 0x00, 0x0f,
	0x00, 0x00, 0x00, 0x00, 0x00, 0x00, 0xf0, 0x00, 0x00, 0x00, 0x0f, 0x00, 0x00, 0x00, 0x00, 0x00,
	0xf0, 0x00, 0x00, 0x00, 0x00, 0xff, 0x00, 0x00, 0xff, 0x00, 0x00, 0xf0, 0x00, 0x00, 0x00, 0x00,
	0x00, 0x00, 0x00, 0x00, 0x00, 0x00, 0x00, 0x00, 0x00, 0x00, 0xf0, 0x00, 0x00, 0x00, 0x00, 0x00,
	0x00, 0x00, 0xf0, 0x00, 0x00, 0x00, 0x00, 0x00, 0x00, 0x00, 0x00, 0x00, 0x00, 0x00, 0x00, 0x00,
	0x00, 0x00, 0xf0, 0x00, 0x00, 0x00, 0x00, 0x00, 0x00, 0x0f, 0x00, 0x00, 0x00, 0x00, 0x00, 0xff,
	0x00, 0x00, 0x00, 0x00, 0xff, 0x00, 0x00, 0x00, 0xff, 0x0f, 0x00, 0x00, 0x00, 0xff, 0x00, 0xff,
	0x00, 0x00, 0x00, 0x00, 0x0f, 0x00, 0x00, 0x00, 0x00, 0x0f, 0x00, 0x00, 0x00, 0x00, 0x00, 0x00,
	0x00, 0x00, 0x00, 0x00, 0x00, 0x00, 0x00, 0x00, 0x00, 0x00, 0xf0, 0x00, 0x00, 0x00, 0x00, 0x00,
	0xf0, 0x00, 0x00, 0x0f, 0x00, 0x00, 0x00, 0xff, 0x00, 0x00, 0x00, 0x00, 0x00, 0x00, 0xf0, 0x00,
	0x00, 0xff, 0x0f, 0x00, 0x00, 0x00, 0x00, 0x00, 0x00, 0x00, 0x00, 0xff, 0x00, 0x00, 0x00, 0x0f,
	0xff, 0x00, 0x00, 0x00, 0xff, 0x00, 0x00, 0x00, 0x00, 0x00, 0x00, 0x00, 0x00, 0xff, 0x00, 0x00,
	0x0f, 0xf0, 0x00, 0xf0, 0x00, 0x00, 0x00, 0x00, 0x00, 0x00, 0x00, 0xf0, 0x00, 0x00, 0x00, 0x00,
	0x00, 0x00, 0x00, 0x00, 0x00, 0x00, 0x00, 0x00, 0x00, 0x0f, 0x00, 0x00, 0x00, 0x00, 0x00, 0xf0,
	0x00, 0x00, 0x00, 0x00, 0x00, 0x00, 0x00, 0x00, 0x00, 0x00, 0x00, 0x00, 0x00, 0x00, 0x00, 0x00,
	0x00, 0x00, 0xf0, 0x00, 0x00, 0x00, 0x00, 0xf0, 0x00, 0x00, 0x00, 0xf0, 0x00, 0x00, 0x00, 0x0f,
	0xf0, 0xf0, 0xff, 0x0f, 0x00, 0xff, 0xf0, 0x0f, 0x00, 0xff, 0x00, 0x0f, 0x0f, 0x00, 0x00, 0xff,
	0x00, 0x00, 0xf0, 0x00, 0xff, 0x00, 0xf0, 0x0f, 0xff, 0x00, 0x00, 0x00, 0x00, 0x00, 0x00, 0x0f,
	0x00, 0xf0, 0x00, 0x00, 0x00, 0xff, 0x0f, 0x00, 0xf0, 0xf0, 0x00, 0x00, 0x00, 0x0f, 0x0f, 0x00,
	0x00, 0x0f, 0x0f, 0x00, 0xf0, 0xff, 0x0f, 0x0f, 0x00, 0xff, 0x00, 0x00, 0xf0, 0xf0, 0x00, 0xf0,
	0x00, 0x00, 0xff, 0xf0, 0x00, 0x00, 0x0f, 0x00, 0x00, 0xf0, 0x00, 0x00, 0x00, 0x00, 0xf0, 0x00,
	0x00, 0xff, 0x00, 0xf0, 0xf0, 0x00, 0x00, 0x0f, 0xff, 0xff, 0x00, 0xff, 0xf0, 0x00, 0xf0, 0x00,
	0x00, 0x00, 0x00, 0xf0, 0x00, 0x00, 0xff, 0x00, 0xf0, 0x0f, 0x00, 0x00, 0x00, 0xff, 0xf0, 0xf0,
	0xf0, 0x0f, 0xf0, 0xf0, 0x00, 0x0f, 0xff, 0x00, 0x00, 0xff, 0xf0, 0xf0, 0xff, 0x00, 0xff, 0xff,
	0x00, 0x00, 0x00, 0xff, 0x00, 0x00, 0xff, 0x0f, 0x00, 0xf0, 0x00, 0x0f, 0x00, 0xff, 0xf0, 0x0f,
	0xf0, 0x00, 0xff, 0xf0, 0xff, 0xff, 0x0f, 0x0f, 0xf0, 0x00, 0x00, 0x00, 0xf0, 0x00, 0xff, 0x0f,
	0xf0, 0xff, 0x0f, 0x0f, 0xff, 0x00, 0xff, 0x00, 0x00, 0xff, 0xf0, 0x00, 0x00, 0x00, 0x0f, 0xf0,
	0xf0, 0x0f, 0xff, 0xf0, 0x0f, 0x00, 0x0f, 0x00, 0x0f, 0x00, 0x0f, 0xf0, 0x0f, 0xff, 0x00, 0xff,
	0x0f, 0x00, 0x0f, 0x00, 0x00, 0x0f, 0x0f, 0x0f, 0xff, 0x00, 0x00, 0x00, 0x0f, 0xff, 0x0f, 0xff,
	0xff, 0xff, 0x00, 0x00, 0xff, 0xf0, 0xf0, 0xff, 0x0f, 0x0f, 0x0f, 0xff, 0xf0, 0x00, 0x0f, 0x00,
	0x00, 0xff, 0xf0, 0x00, 0x00, 0x00, 0x00, 0x00, 0xff, 0xf0, 0x00, 0xf0, 0xf0, 0xff, 0xff, 0x00,
	0x00, 0xf0, 0x00, 0xf0, 0x00, 0x00, 0xff, 0x00, 0xf0, 0xf0, 0xf0, 0xff, 0x00, 0x00, 0x00, 0xff,
	0x0f, 0xf0, 0x00, 0xff, 0x00, 0x00, 0x00, 0xff, 0x00, 0x00, 0xff, 0x0f, 0x0f, 0x00, 0xf0, 0x0f,
	0x0f, 0x00, 0xff, 0x00, 0x00, 0x00, 0xf0, 0xf0, 0x0f, 0x00, 0x00, 0xff, 0xff, 0x00, 0x00, 0x00,
	0x0f, 0x0f, 0xff, 0x00, 0x00, 0x00, 0xf0, 0xff, 0x00, 0x00, 0x00, 0xff, 0xff, 0xff, 0xf0, 0x0f,
	0x00, 0x00, 0x00, 0xf0, 0x0f, 0xf0, 0x0f, 0x00, 0x00, 0xf0, 0x00, 0x0f, 0x00, 0xf0, 0x00, 0xf0,
	0x00, 0x00, 0x0f, 0x00, 0x00, 0x0f, 0xf0, 0x00, 0x00, 0x00, 0x0f, 0xf0, 0x00, 0xff, 0x00, 0xff,
	0xff, 0xf0, 0xff, 0xff, 0x00, 0x0f, 0x0f, 0xf0, 0x00, 0xf0, 0x00, 0x00, 0x0f, 0x0f, 0x00, 0x00,
	0xff, 0x00, 0x00, 0xf0, 0x0f, 0x00, 0x0f, 0x00, 0xff, 0x0f, 0x00, 0x00, 0x00, 0xf0, 0x00, 0x00,
	0xff, 0x0f, 0x0f, 0x00, 0x0f, 0xf0, 0x00, 0x0f, 0xf0, 0xf0, 0x00, 0x00, 0x00, 0x0f, 0x00, 0xff,
	0x0f, 0x0f, 0xff, 0xff, 0x0f, 0x00, 0x00, 0xff, 0xff, 0xff, 0x00, 0x0f, 0x00, 0x0f, 0x0f, 0x0f,
	0x00, 0xff, 0x0f, 0x00, 0xff, 0xf0, 0xff, 0xff, 0xff, 0xff, 0x00, 0xf0, 0xf0, 0x0f, 0xf0, 0x0f,
	0xf0, 0x0f, 0x0f, 0x0f, 0x0f, 0xf0, 0x0f, 0xff, 0xf0, 0xff, 0x00, 0x00, 0x00, 0x00, 0x00, 0x0f,
	0xff, 0x00, 0xf0, 0x0f, 0xff, 0xff, 0x00, 0x00, 0x00, 0xf0, 0x0f, 0x00, 0x00, 0x0f, 0x0f, 0xff,
	0xff, 0x0f, 0xf0, 0xff, 0xff, 0x0f, 0x0f, 0xff, 0xff, 0xff, 0x00, 0xf0, 0x00, 0x0f, 0x00, 0x0f,
	0xf0, 0x0f, 0x0f, 0x00, 0x0f, 0x00, 0xf0, 0xf0, 0xff, 0xff, 0x00, 0x0f, 0x0f, 0xf0, 0x0f, 0x00,
	0xff, 0x00, 0x00, 0xf0, 0xff, 0xf0, 0xff, 0xff, 0x00, 0x0f, 0xf0, 0xf0, 0xff, 0xff, 0xff, 0x0f,
	0xf0, 0xf0, 0xff, 0xf0, 0xff, 0xf0, 0x00, 0xf0, 0x0f, 0xff, 0xf0, 0xff, 0x00, 0x00, 0xf0, 0xff,
	0x0f, 0xff, 0x00, 0x0f, 0xff, 0x0f, 0x0f, 0xf0, 0x0f, 0x00, 0x0f, 0x0f, 0xf0, 0xf0, 0xf0, 0xff,
	0xff, 0xf0, 0xff, 0xf0, 0x0f, 0xf0, 0xf0, 0x0f, 0x00, 0x0f, 0xff, 0xf0, 0x00, 0xf0, 0xf0, 0xf0,
	0x00, 0x00, 0x0f, 0x0f, 0xff, 0x0f, 0x00, 0xf0, 0xff, 0x0f, 0x0f, 0xf0, 0xf0, 0x00, 0xff, 0xff,
	0xff, 0xf0, 0xf0, 0xff, 0xf0, 0xf0, 0x00, 0x0f, 0xff, 0x0f, 0x0f, 0xf0, 0x00, 0x0f, 0x00, 0xf0,
	0xff, 0x00, 0x00, 0xf0, 0x00, 0x00, 0x0f, 0x00, 0xf0, 0x00, 0xf0, 0x0f, 0x00, 0xff, 0x0f, 0xff,
	0xf0, 0x0f, 0xf0, 0x0f, 0x0f, 0x00, 0xf0, 0xff, 0x0f, 0xf0, 0x00, 0xff, 0xf0, 0x00, 0x0f, 0x0f,
	0xff, 0xf0, 0x0f, 0xff, 0xf0, 0x0f, 0xf0, 0xff, 0xff, 0xff, 0x00, 0xff, 0xff, 0x00, 0x00, 0xf0,
	0x0f, 0x00, 0xff, 0xff, 0x0f, 0xf0, 0x00, 0x0f, 0xf0, 0x00, 0xff, 0xff, 0x00, 0x0f, 0x00, 0x0f,
	0xff, 0x00, 0x00, 0xff, 0x0f, 0x0f, 0x00, 0x00, 0x00, 0x00, 0x00, 0x0f, 0x0f, 0xf0, 0x0f, 0xff,
	0xff, 0x00, 0x0f, 0xf0, 0x00, 0x0f, 0x0f, 0x0f, 0x00, 0x0f, 0xf0, 0x00, 0x00, 0xff, 0x0f, 0x0f,
	0xf0, 0x0f, 0xf0, 0x0f, 0xff, 0x00, 0x00, 0xf0, 0xff, 0x00, 0xff, 0x00, 0x0f, 0x0f, 0xf0, 0x0f,
	0xf0, 0x0f, 0xff, 0x00, 0xff, 0xf0, 0x0f, 0xf0, 0x0f, 0x0f, 0xff, 0x0f, 0xff, 0xf0, 0x0f, 0xff,
	0x0f, 0xf0, 0x00, 0x0f, 0x00, 0x0f, 0x0f, 0x0f, 0xff, 0x00, 0xf0, 0xff, 0xff, 0xf0, 0x00, 0xff,
	0x00, 0x0f, 0xff, 0xff, 0x0f, 0xff, 0xf0, 0xff, 0xf0, 0xff, 0xf0, 0x00, 0xff, 0x0f, 0x0f, 0x0f,
	0xf0, 0xf0, 0xff, 0xff, 0x0f, 0x0f, 0x0f, 0x0f, 0x0f, 0xff, 0xf0, 0x0f, 0xff, 0x00, 0x00, 0x0f,
	0xff, 0xf0, 0xf0, 0xf0, 0xff, 0xf0, 0xf0, 0xf0, 0xff, 0x00, 0x00, 0xff, 0xff, 0xff, 0xff, 0xf0,
	0x0f, 0x00, 0xff, 0x00, 0x0f, 0xf0, 0x00, 0xff, 0x00, 0xf0, 0x0f, 0x00, 0x0f, 0xf0, 0xf0, 0xff,
	0xff, 0x0f, 0xf0, 0x0f, 0xff, 0x0f, 0x00, 0x0f, 0xff, 0xff, 0xff, 0xff, 0xf0, 0xff, 0x00, 0xf0,
	0xf0, 0xf0, 0x0f, 0xf0, 0xff, 0x00, 0x0f, 0x0f, 0x0f, 0x00, 0x0f, 0x0f, 0x0f, 0xff, 0x00, 0xf0,
	0x0f, 0x00, 0xf0, 0xf0, 0xf0, 0xf0, 0x0f, 0xff, 0x0f, 0xff, 0x0f, 0xff, 0x0f, 0x0f, 0x00, 0x0f,
	0x00, 0x0f, 0x00, 0xf0, 0x0f, 0x0f, 0xf0, 0xff, 0x0f, 0xf0, 0x0f, 0xff, 0x00, 0xf0, 0xff, 0x0f,
	0xff, 0x0f, 0xff, 0xff, 0xf0, 0x00, 0xff, 0xff, 0xf0, 0x0f, 0x00, 0x00, 0xf0, 0x0f, 0x00, 0x00,
	0x0f, 0x00, 0x0f, 0x0f, 0x0f, 0x0f, 0x0f, 0xff, 0x0f, 0x00, 0xf0, 0x0f, 0x0f, 0xff, 0x00, 0x00,
	0xff, 0x0f, 0x0f, 0xf0, 0x0f, 0xf0, 0x0f, 0xff, 0xf0, 0xff, 0x0f, 0xff, 0xf0, 0x00, 0xff, 0xff,
	0xf0, 0x0f, 0x0f, 0xff, 0xff, 0xff, 0x0f, 0xf0, 0xff, 0xf0, 0xff, 0xf0, 0x0f, 0xff, 0x00, 0xff,
	0x0f, 0xf0, 0xff, 0xf0, 0xff, 0x0f, 0xff, 0xff, 0x00, 0x0f, 0xf0, 0x00, 0xff, 0x0f, 0x00, 0x0f,
	0xff, 0xf0, 0xf0, 0x0f, 0x00, 0xf0, 0x00, 0xff, 0xff, 0xff, 0xff, 0xf0, 0x0f, 0x00, 0xff, 0xff,
	0x0f, 0xff, 0xff, 0xff, 0xf0, 0xff, 0xff, 0x0f, 0x0f, 0xf0, 0x00, 0xff, 0x0f, 0x0f, 0x0f, 0xff,
	0xff, 0xf0, 0xff, 0xff, 0x0f, 0xf0, 0xff, 0xf0, 0x0f, 0xff, 0x00, 0xff, 0xf0, 0x0f, 0xf0, 0xf0,
	0x0f, 0xff, 0xff, 0xf0, 0xf0, 0x0f, 0x0f, 0xff, 0xf0, 0xf0, 0x0f, 0xf0, 0xf0, 0xf0, 0xf0, 0x0f,
	0xf0, 0x0f, 0x0f, 0x0f, 0xf0, 0x0f, 0x0f, 0xf0, 0x00, 0xff, 0xf0, 0x0f, 0xff, 0x0f, 0xf0, 0x0f,
	0xff, 0xff, 0xf0, 0x0f, 0xf0, 0xf0, 0x0f, 0x0f, 0xff, 0x0f, 0x0f, 0xf0, 0xf0, 0x0f, 0x0f, 0xff,
	0x0f, 0x0f, 0x00, 0xff, 0xff, 0x0f, 0xff, 0xf0, 0x0f, 0x0f, 0xff, 0xf0, 0x0f, 0x0f, 0x0f, 0xf0,
	0x0f, 0xf0, 0xff, 0xff, 0xf0, 0x0f, 0x00, 0x0f, 0xff, 0xf0, 0x0f, 0x00, 0xff, 0x0f, 0xff, 0xff,
	0xff, 0xf0, 0x0f, 0x0f, 0x0f, 0xff, 0xf0, 0xff, 0xf0, 0xff, 0xf0, 0x0f, 0x0f, 0x0f, 0x0f, 0xf0,
	0xff, 0x0f, 0x00, 0xf0, 0xff, 0x0f, 0xff, 0xff, 0xf0, 0xf0, 0x0f, 0xff, 0xff, 0xf0, 0xf0, 0xff,
	0xff, 0x0f, 0xf0, 0xff, 0xff, 0xf0, 0x0f, 0xff, 0xff, 0x00, 0xf0, 0xff, 0xff, 0x00, 0xf0, 0x0f,
	0xff, 0xff, 0x0f, 0xf0, 0xff, 0x0f, 0x0f, 0xf0, 0xf0, 0xf0, 0x0f, 0xf0, 0x0f, 0xf0, 0xff, 0xf0,
	0xf0, 0x00, 0x0f, 0xff, 0x0f, 0xf0, 0xff, 0x0f, 0x0f, 0x00, 0xff, 0xff, 0xf0, 0x0f, 0xf0, 0xf0,
	0xf0, 0x0f, 0xff, 0xf0, 0xf0, 0xff, 0xf0, 0xff, 0x0f, 0x00, 0x0f, 0x00, 0x00, 0xf0, 0xff, 0xf0,
	0xff, 0xff, 0x0f, 0xff, 0xf0, 0x00, 0xf0, 0x00, 0x0f, 0xff, 0xf0, 0x0f, 0x0f, 0xff, 0xff, 0x0f,
	0xf0, 0xff, 0x0f, 0xff, 0xf0, 0x00, 0xf0, 0x0f, 0xff, 0xff, 0x0f, 0xf0, 0xff, 0xff, 0xff, 0x0f,
	0x0f, 0xff, 0x0f, 0xf0, 0xff, 0x0f, 0xff, 0xff, 0x0f, 0xff, 0x0f, 0xff, 0x0f, 0x0f, 0x0f, 0xf0,
	0xff, 0xf0, 0xf0, 0xff, 0xff, 0xff, 0xf0, 0x0f, 0x0f, 0xff, 0xf0, 0x0f, 0xf0, 0xf0, 0x0f, 0xf0,
	0x0f, 0xf0, 0xf0, 0x00, 0x0f, 0xff, 0xf0, 0x00, 0xf0, 0xf0, 0xf0, 0xff, 0x0f, 0xf0, 0x00, 0xff,
	0x0f, 0x0f, 0xff, 0xff, 0xff, 0xf0, 0xf0, 0xff, 0xff, 0x0f, 0x0f, 0xff, 0xff, 0xff, 0x0f, 0xff,
	0xf0, 0xff, 0xf0, 0xff, 0xf0, 0xf0, 0x0f, 0xf0, 0xff, 0xff, 0xff, 0xf0, 0xff, 0x00, 0x0f, 0xff,
	0xff, 0x0f, 0xf0, 0xf0, 0xf0, 0xff, 0xf0, 0x0f, 0xff, 0xff, 0xf0, 0x0f, 0xf0, 0x0f, 0xf0, 0x0f,
	0xff, 0xff, 0xff, 0xff, 0xff, 0xff, 0xff, 0xff, 0xff, 0xff, 0xff, 0xff, 0xff, 0xff, 0xff, 0xff,
	0xff, 0xff, 0xff, 0xff, 0xff, 0xff, 0xff, 0xff, 0xff, 0xff, 0xff, 0xff, 0xff, 0xff, 0xff, 0xff,
	0xff, 0xff, 0xff, 0xff, 0xff, 0xff, 0xff, 0xff, 0xff, 0xff, 0xff, 0xff, 0xff, 0xff, 0xff, 0xff,
	0xff, 0xff, 0xff, 0xff, 0xff, 0xff, 0xff, 0xff, 0xff, 0xff, 0xff, 0xff, 0xff, 0xff, 0xff, 0xff,
	0xff, 0xff, 0xff, 0xff, 0xff, 0xff, 0xff, 0xff, 0xff, 0xff, 0xff, 0xff, 0xff, 0xff, 0xff, 0xff,
	0xff, 0xff, 0xff, 0xff, 0xff, 0xff, 0xff, 0xff, 0xff, 0xff, 0xff, 0xff, 0xff, 0xff, 0xff, 0xff,
	0xff, 0xff, 0xff, 0xff, 0xff, 0xff, 0xff, 0xff, 0xff, 0xff, 0xff, 0xff, 0xff, 0xff, 0xff, 0xff,
	0xff, 0xff, 0xff, 0xff, 0xff, 0xff, 0xff, 0xff, 0xff, 0xff, 0xff, 0xff, 0xff, 0xff, 0xff, 0xff,
	0xff, 0xff, 0xff, 0xff, 0xff, 0xff, 0xff, 0xff, 0xff, 0xff, 0xff, 0xff, 0xff, 0xff, 0xff, 0xff,
	0xff, 0xff, 0xff, 0xff, 0xff, 0xff, 0xff, 0xff, 0xff, 0xff, 0xff, 0xff, 0xff, 0xff, 0xff, 0xff,
	0xff, 0xff, 0xff, 0xff, 0xff, 0xff, 0xff, 0xff, 0xff, 0xff, 0xff, 0xff, 0xff, 0xff, 0xff, 0xff,
	0xff, 0xff, 0xff, 0xff, 0xff, 0xff, 0xff, 0xff, 0xff, 0xff, 0xff, 0xff, 0xff, 0xff, 0xff, 0xff,
	0xff, 0xff, 0xff, 0xff, 0xff, 0xff, 0xff, 0xff, 0xff, 0xff, 0xff, 0xff, 0xff, 0xff, 0xff, 0xff,
	0xff, 0xff, 0xff, 0xff, 0xff, 0xff, 0xff, 0xff, 0xff, 0xff, 0xff, 0xff, 0xff, 0xff, 0xff, 0xff,
	0xff, 0xff, 0xff, 0xff, 0xff, 0xff, 0xff, 0xff, 0xff, 0xff, 0xff, 0xff, 0xff, 0xff, 0xff, 0xff,
	0xff, 0xff, 0xff, 0xff, 0xff, 0xff, 0xff, 0xff, 0xff, 0xff, 0xff, 0xff, 0xff, 0xff, 0xff, 0xff,
	0xff, 0xff, 0xff, 0xff, 0xff, 0xff, 0xff, 0xff, 0xff, 0xff, 0xff, 0xff, 0xff, 0xff, 0xff, 0xff,
	0xff, 0xff, 0xff, 0xff, 0xff, 0xff, 0xff, 0xff, 0xff, 0xff, 0xff, 0xff, 0xff, 0xff, 0xff, 0xff,
	0xff, 0xff, 0xff, 0xff, 0xff, 0xff, 0xff, 0xff, 0xff, 0xff, 0xff, 0xff, 0xff, 0xff, 0xff, 0xff,
	0xff, 0xff, 0xff, 0xff, 0xff, 0xff, 0xff, 0xff, 0xff, 0xff, 0xff, 0xff, 0xff, 0xff, 0xff, 0xff,
	0x00, 0x00, 0x00, 0x00, 0x00, 0x00, 0x00, 0x00, 0x00, 0x00, 0x00, 0x00, 0x00, 0x00, 0x00, 0x00,
	0x00, 0x00, 0x00, 0x00, 0x00, 0x00, 0x00, 0x00, 0x00, 0x00, 0x00, 0x00, 0x00, 0x00, 0x00, 0x00,
	0x00, 0x00, 0x00, 0x00, 0x00, 0x00, 0x00, 0x00, 0x00, 0x00, 0x00, 0x00, 0x00, 0x00, 0x00, 0x00,
	0x00, 0x00, 0x00, 0x00, 0x00, 0x00, 0x00, 0x00, 0x00, 0x00, 0x00, 0x00, 0x00, 0x00, 0x00, 0x00,
	0x00, 0x00, 0x00, 0x00, 0x00, 0x00, 0x00, 0x00, 0x00, 0x00, 0x00, 0x00, 0x00, 0x00, 0x00, 0x00,
	0x00, 0x00, 0x00, 0x00, 0x00, 0x00, 0x00, 0x00, 0x00, 0x00, 0x00, 0x00, 0x00, 0x00, 0x00, 0x00,
	0x00, 0x00, 0x00, 0x00, 0x00, 0x00, 0x00, 0x00, 0x00, 0x00, 0x00, 0x00, 0x00, 0x00, 0x00, 0x00,
	0x00, 0x00, 0x00, 0x00, 0x00, 0x00, 0x00, 0x00, 0x00, 0x00, 0x00, 0x00, 0x00, 0x00, 0x00, 0x00,
	0x00, 0x00, 0x00, 0x00, 0x00, 0x00, 0x00, 0x00, 0x00, 0x00, 0x00, 0x00, 0x00, 0x00, 0x00, 0x00,
	0x00, 0x00, 0x00, 0x00, 0x00, 0x00, 0x00, 0x00, 0x00, 0x00, 0x00, 0x00, 0x00, 0x00, 0x00, 0x00,
	0x00, 0x00, 0x00, 0x00, 0x00, 0x00, 0x00, 0x00, 0x00, 0x00, 0x00, 0x00, 0x00, 0x00, 0x00, 0x00,
	0x00, 0x00, 0x00, 0x00, 0x00, 0x00, 0x00, 0x00, 0x00, 0x00, 0x00, 0x00, 0x00, 0x00, 0x00, 0x00,
	0x00, 0x00, 0x00, 0x00, 0x00, 0x00, 0x00, 0x00, 0x00, 0x00, 0x00, 0x00, 0x00, 0x00, 0x00, 0x00,
	0x00, 0x00, 0x00, 0x00, 0x00, 0x00, 0x00, 0x00, 0x00, 0x00, 0x00, 0x00, 0x00, 0x00, 0x00, 0x00,
	0x00, 0x00, 0x00, 0x00, 0x00, 0x00, 0x00, 0x00, 0x00, 0x00, 0x00, 0x00, 0x00, 0x00, 0x00, 0x00,
	0x00, 0x00, 0x00, 0x00, 0x00, 0x00, 0x00, 0x00, 0x00, 0x00, 0x00, 0x00, 0x00, 0x00, 0x00, 0x00,
	0x00, 0x00, 0x00, 0x00, 0x00, 0x00, 0x00, 0x00, 0x00, 0x00, 0x00, 0x00, 0x00, 0x00, 0x00, 0x00,
	0x00, 0x00, 0x00, 0x00, 0x00, 0x00, 0x00, 0x00, 0x00, 0x00, 0x00, 0x00, 0x00, 0x00, 0x00, 0x00,
	0x00, 0x00, 0x00, 0x00, 0x00, 0x00, 0x00, 0x00, 0x00, 0x00, 0x00, 0x00, 0x00, 0x00, 0x00, 0x00,
	0x00, 0x00, 0x00, 0x00, 0x00, 0x00, 0x00, 0x00, 0x00, 0x00, 0x00, 0x00, 0x00, 0x00, 0x00, 0x00,
	0x00, 0x00, 0x00, 0x00, 0x00, 0xff, 0x00, 0x00, 0x00, 0x00, 0x00, 0x00, 0x00, 0x00, 0x00, 0x00,
	0x00, 0x00, 0x00, 0x00, 0x00, 0x00, 0x00, 0x00, 0x00, 0x00, 0x00, 0x00, 0x00, 0x00, 0x00, 0x00,
	0x00, 0x00, 0x00, 0x00, 0x00, 0x00, 0x00, 0x00, 0x00, 0x00, 0x00, 0x00, 0x00, 0x00, 0x00, 0x00,
	0x00, 0x00, 0x00, 0x00, 0x00, 0x00, 0x00, 0x00, 0x00, 0x00, 0x00, 0x00, 0x00, 0x00, 0x00, 0x00,
	0x00, 0x00, 0x00, 0x00, 0x00, 0x00, 0x00, 0x00, 0x00, 0x00, 0x00, 0x00, 0x00, 0x00, 0x00, 0x00,
	0x00, 0x00, 0x00, 0x00, 0x00, 0x00, 0x00, 0xf0, 0x00, 0x00, 0x00, 0x00, 0x00, 0x00, 0x00, 0x00,
	0x00, 0x00, 0x00, 0x00, 0x00, 0x00, 0x00, 0x00, 0x00, 0x00, 0x00, 0x0f, 0x00, 0x00, 0x00, 0x00,
	0x00, 0x00, 0x00, 0x00, 0x00, 0x00, 0x00, 0x00, 0x00, 0x00, 0x00, 0x00, 0x00, 0x00, 0x00, 0x00,
	0x00, 0x00, 0x00, 0x00, 0x00, 0x00, 0x00, 0x00, 0x00, 0x00, 0x00, 0x00, 0x00, 0x00, 0x00, 0x00,
	0x00, 0xff, 0x00, 0x00, 0x00, 0x00, 0x0f, 0x00, 0x00, 0x00, 0x0f, 0x00, 0x00, 0x00, 0x0f, 0xff,
	0x00, 0x00, 0x00, 0x00, 0x00, 0x00, 0x0f, 0x00, 0x00, 0x00, 0xff, 0x0f, 0x00, 0x00, 0x00, 0x00,
	0x00, 0x00, 0x00, 0x00, 0x00, 0x00, 0x00, 0x00, 0x00, 0x00, 0x00, 0x00, 0x00, 0x00, 0x00, 0x00,
	0x00, 0x00, 0x00, 0x00, 0x00, 0x00, 0x00, 0x00, 0x00, 0x00, 0x00, 0x00, 0x00, 0x00, 0x00, 0x00,
	0x00, 0x00, 0x00, 0x00, 0x00, 0x00, 0x00, 0x00, 0x00, 0x00, 0x00, 0x00, 0x00, 0x00, 0x00, 0x00,
	0x00, 0x00, 0x00, 0x00, 0x00, 0x00, 0x00, 0x00, 0x00, 0x00, 0x00, 0x00, 0x00, 0xff, 0x00, 0x00,
	0x00, 0x00, 0x00, 0x00, 0x00, 0x00, 0x00, 0x00, 0x00, 0x00, 0x00, 0x00, 0x00, 0x00, 0x00, 0x00,
	0x00, 0x00, 0x00, 0x00, 0x00, 0x00, 0xf0, 0x00, 0x00, 0x00, 0x0f, 0x00, 0x00, 0x00, 0x00, 0x00,
	0x00, 0xff, 0x00, 0x00, 0x00, 0x00, 0xff, 0x00, 0x00, 0x00, 0x00, 0x00, 0xff, 0x00, 0x0f, 0xf0,
	0x00, 0x00, 0x00, 0x00, 0x00, 0x00, 0x00, 0x00, 0x00, 0x00, 0x00, 0x00, 0x00, 0x00, 0x00, 0x00,
	0x0f, 0x00, 0x00, 0x00, 0x00, 0x00, 0x00, 0x00, 0x00, 0x00, 0x00, 0x00, 0x00, 0x00, 0x00, 0x00,
	0x00, 0x00, 0x00, 0x00, 0x00, 0x00, 0xf0, 0x00, 0x00, 0x00, 0xff, 0x00, 0x00, 0x00, 0x00, 0x00,
	0x00, 0x00, 0x00, 0xff, 0x00, 0x00, 0x00, 0x00, 0x00, 0x00, 0x00, 0x00, 0x0f, 0x00, 0x00, 0x00,
	0x00, 0x00, 0x00, 0x00, 0xff, 0x00, 0x00, 0x00, 0xf0, 0x0f, 0x00, 0x00, 0x00, 0x00, 0x00, 0x00,
	0x0f, 0x00, 0x00, 0x00, 0x00, 0x00, 0x00, 0xf0, 0x00, 0x00, 0x00, 0xff, 0x00, 0x00, 0x00, 0x00,
	0xff, 0x00, 0x00, 0x00, 0x00, 0x00, 0x00, 0x00, 0x00, 0xff, 0x00, 0xf0, 0xf0, 0x00, 0x00, 0x00,
	0x00, 0x00, 0x00, 0x00, 0x00, 0x00, 0x00, 0x0f, 0x00, 0x00, 0x00, 0x00, 0x00, 0x0f, 0xf0, 0x0f,
	0x00, 0x00, 0x00, 0x0f, 0x00, 0x00, 0x00, 0xf0, 0xff, 0x00, 0x00, 0xf0, 0x00, 0x00, 0x00, 0xff,
	0x00, 0x00, 0x00, 0xff, 0x00, 0x00, 0x00, 0xf0, 0x00, 0x00, 0x00, 0x00, 0x00, 0x00, 0x00, 0x00,
	0x00, 0x00, 0x00, 0x00, 0x00, 0xf0, 0x00, 0xf0, 0x00, 0x0f, 0xf0, 0x00, 0x00, 0x00, 0x00, 0x00,
	0x00, 0x00, 0x00, 0x00, 0xff, 0x00, 0x00, 0x00, 0x00, 0x00, 0xf0, 0x00, 0x0f, 0x00, 0x00, 0x00,
	0x00, 0x00, 0x00, 0x00, 0x00, 0xf0, 0x00, 0xf0, 0x00, 0x00, 0x00, 0x00, 0x00, 0x00, 0x00, 0x00,
	0x00, 0x00, 0x00, 0x00, 0xff, 0x00, 0x00, 0x00, 0x0f, 0x00, 0x00, 0x00, 0x00, 0xf0, 0x00, 0x00,
	0x00, 0x00, 0x00, 0x00, 0x00, 0x00, 0x00, 0xf0, 0x00, 0x00, 0x00, 0x00, 0x00, 0x00, 0x00, 0x00,
	0x00, 0x00, 0x00, 0x00, 0x00, 0x00, 0x00, 0x00, 0x00, 0x00, 0x00, 0x00, 0x00, 0x00, 0x00, 0x00,
	0x00, 0x00, 0x00, 0x00, 0x00, 0x00, 0x00, 0x00, 0x00, 0x0f, 0x00, 0x00, 0xf0, 0x00, 0x00, 0x00,
	0x00, 0x00, 0x00, 0x00, 0xff, 0x00, 0xff, 0x00, 0x00, 0x00, 0x00, 0x00, 0xf0, 0xf0, 0x00, 0x00,
	0x00, 0x00, 0x00, 0x00, 0x00, 0x00, 0x00, 0x00, 0x00, 0x00, 0x00, 0x00, 0x00, 0x00, 0x00, 0x00,
	0x00, 0x0f, 0x00, 0x00, 0x00, 0x00, 0x00, 0x00, 0x00, 0x00, 0x00, 0x00, 0x00, 0x00, 0x00, 0x00,
	0x00, 0x00, 0xf0, 0x00, 0x00, 0x00, 0x00, 0x00, 0x00, 0x00, 0x00, 0xff, 0x00, 0xf0, 0x00, 0xf0,
	0x00, 0x00, 0x00, 0x00, 0x00, 0x00, 0x0f, 0x00, 0x00, 0x00, 0x00, 0x00, 0x00, 0x00, 0x00, 0x00,
	0x0f, 0xf0, 0xff, 0x0f, 0x0f, 0x0f, 0xf0, 0xff, 0xff, 0xf0, 0x00, 0xff, 0xf0, 0xf0, 0x00, 0x00,
	0x00, 0x00, 0x0f, 0x00, 0xff, 0x0f, 0xff, 0x00, 0xff, 0xf0, 0xf0, 0xff, 0x00, 0x0f, 0x0f, 0x0f,
	0x0f, 0x00, 0x00, 0x00, 0xff, 0x0f, 0x00, 0x00, 0xf0, 0xf0, 0x00, 0x00, 0x00, 0xff, 0xf0, 0xf0,
	0x0f, 0x00, 0x00, 0x00, 0xf0, 0xf0, 0xf0, 0x00, 0x00, 0x0f, 0x00, 0xff, 0x00, 0x00, 0x00, 0xf0,
	0x00, 0x00, 0x00, 0x00, 0x0f, 0xff, 0x0f, 0x0f, 0x00, 0x00, 0x0f, 0x00, 0x00, 0x00, 0x00, 0x00,
	0x00, 0xff, 0x0f, 0x00, 0xf0, 0x00, 0xff, 0x0f, 0xf0, 0x00, 0x0f, 0x00, 0x00, 0x0f, 0x0f, 0x0f,
	0xff, 0x00, 0x00, 0x0f, 0x0f, 0x00, 0x0f, 0x0f, 0xf0, 0x0f, 0x0f, 0xf0, 0x00, 0x00, 0x0f, 0xf0,
	0x00, 0x0f, 0x00, 0x0f, 0xf0, 0x00, 0x00, 0x00, 0x00, 0x00, 0x00, 0xf0, 0xff, 0xf0, 0x00, 0xf0,
	0xf0, 0xff, 0x00, 0xf0, 0xff, 0xff, 0xff, 0xff, 0x00, 0x00, 0xff, 0x00, 0x00, 0x0f, 0xf0, 0xff,
	0xf0, 0x00, 0x0f, 0xf0, 0x00, 0x00, 0xff, 0xff, 0x0f, 0x00, 0xf0, 0x00, 0x00, 0xf0, 0x0f, 0x00,
	0x00, 0x0f, 0xf0, 0x0f, 0x00, 0x0f, 0x00, 0xff, 0x00, 0x00, 0x0f, 0xff, 0xf0, 0x00, 0xff, 0x0f,
	0x00, 0xff, 0x00, 0xf0, 0x0f, 0x0f, 0xf0, 0x0f, 0x00, 0x00, 0x00, 0x00, 0x00, 0xff, 0xf0, 0xf0,
	0x00, 0x00, 0x00, 0xff, 0xff, 0x00, 0x00, 0xff, 0x00, 0xff, 0xf0, 0x00, 0x00, 0x00, 0xf0, 0xf0,
	0xf0, 0x0f, 0x00, 0xff, 0x00, 0x00, 0xf0, 0x0f, 0xff, 0x0f, 0xff, 0x00, 0x00, 0xff, 0x00, 0x00,
	0xf0, 0x00, 0xff, 0xf0, 0x00, 0xff, 0x00, 0x00, 0x0f, 0xf0, 0x0f, 0x00, 0x00, 0x00, 0xf0, 0x00,
	0x0f, 0x0f, 0x00, 0xf0, 0x00, 0x00, 0x00, 0xf0, 0x00, 0x00, 0x0f, 0xf0, 0x00, 0x00, 0x00, 0x00,
	0xf0, 0x0f, 0xff, 0x0f, 0xf0, 0xf0, 0xff, 0x0f, 0x0f, 0xff, 0xf0, 0x00, 0xff, 0x00, 0x00, 0x0f,
	0x00, 0xf0, 0xff, 0xf0, 0x00, 0x00, 0xf0, 0xf0, 0x00, 0xf0, 0x00, 0x00, 0x00, 0x0f, 0xff, 0x00,
	0x00, 0x00, 0xff, 0xff, 0x00, 0xf0, 0x0f, 0x00, 0xff, 0x00, 0xff, 0x0f, 0x0f, 0x00, 0xff, 0x0f,
	0x0f, 0x00, 0xff, 0x00, 0x00, 0x0f, 0xff, 0x00, 0x00, 0x00, 0xff, 0x0f, 0x00, 0x00, 0xf0, 0x0f,
	0xff, 0xf0, 0xf0, 0x00, 0x00, 0xf0, 0x00, 0x00, 0x0f, 0x00, 0xff, 0x00, 0xf0, 0x00, 0xf0, 0xff,
	0x00, 0x00, 0xff, 0x00, 0x00, 0xf0, 0xff, 0x00, 0x00, 0x0f, 0xf0, 0x00, 0x0f, 0xff, 0x0f, 0xff,
	0xff, 0xf0, 0xff, 0xf0, 0x0f, 0x00, 0xff, 0x00, 0xf0, 0xff, 0xf0, 0xf0, 0x00, 0x0f, 0xff, 0xf0,
	0x0f, 0x00, 0xff, 0xff, 0x0f, 0xff, 0xff, 0xf0, 0xff, 0x00, 0x0f, 0x00, 0xff, 0x0f, 0x00, 0x00,
	0xf0, 0xff, 0xff, 0xf0, 0x00, 0xff, 0x0f, 0x00, 0xf0, 0x0f, 0xf0, 0xff, 0xff, 0x0f, 0x0f, 0x00,
	0xf0, 0xff, 0xf0, 0x00, 0xff, 0x00, 0xf0, 0xff, 0x00, 0x00, 0x0f, 0xf0, 0xf0, 0xff, 0xff, 0x0f,
	0x0f, 0x00, 0x0f, 0x0f, 0xff, 0xff, 0xff, 0x00, 0x0f, 0xff, 0x0f, 0x00, 0x00, 0x0f, 0xff, 0x00,
	0x0f, 0xff, 0xff, 0xf0, 0xff, 0x0f, 0x0f, 0x00, 0xff, 0x00, 0xff, 0xff, 0x00, 0x00, 0x00, 0xff,
	0x0f, 0xf0, 0x0f, 0xf0, 0x0f, 0xf0, 0xff, 0x00, 0xff, 0x0f, 0x00, 0x00, 0xff, 0x00, 0xf0, 0xff,
	0xff, 0xf0, 0xff, 0xf0, 0xf0, 0x0f, 0x00, 0x0f, 0xff, 0xff, 0x00, 0xff, 0xff, 0x0f, 0xff, 0x00,
	0x00, 0x0f, 0x00, 0xff, 0x0f, 0xff, 0x00, 0xf0, 0x00, 0x0f, 0x00, 0x0f, 0xff, 0x00, 0x0f, 0xff,
	0xff, 0xff, 0x00, 0x0f, 0x0f, 0xf0, 0x00, 0xf0, 0xff, 0x00, 0x0f, 0x0f, 0x00, 0xf0, 0x00, 0x0f,
	0xff, 0x00, 0xff, 0x0f, 0x00, 0xf0, 0xff, 0x00, 0xf0, 0x0f, 0xf0, 0xff, 0x00, 0x00, 0x0f, 0x00,
	0x0f, 0xf0, 0x0f, 0x0f, 0x00, 0xf0, 0x00, 0x00, 0xff, 0xf0, 0xf0, 0xff, 0x0f, 0xff, 0x0f, 0xff,
	0x00, 0x0f, 0xff, 0xf0, 0xf0, 0xf0, 0xff, 0xf0, 0xff, 0x0f, 0x00, 0xf0, 0x0f, 0x0f, 0xff, 0xf0,
	0x0f, 0xf0, 0xf0, 0x00, 0xff, 0xff, 0x0f, 0x00, 0xff, 0x00, 0xff, 0x00, 0x00, 0xf0, 0x0f, 0x00,
	0x0f, 0x00, 0xff, 0x00, 0x0f, 0x0f, 0x00, 0x0f, 0x0f, 0xff, 0xf0, 0xff, 0x00, 0x0f, 0xf0, 0x00,
	0x0f, 0xff, 0xff, 0xf0, 0xf0, 0xff, 0xff, 0x0f, 0xff, 0x00, 0xff, 0x00, 0xf0, 0x00, 0xf0, 0x0f,
	0x00, 0x00, 0xff, 0xf0, 0xff, 0xff, 0x0f, 0x0f, 0x00, 0xf0, 0xff, 0x00, 0xff, 0xff, 0xff, 0x0f,
	0x0f, 0xff, 0xff, 0x0f, 0x0f, 0xf0, 0x00, 0xf0, 0xff, 0x00, 0x00, 0xff, 0xff, 0xff, 0x00, 0x0f,
	0x00, 0x00, 0xff, 0xf0, 0x00, 0xff, 0x0f, 0xf0, 0xff, 0x00, 0x00, 0xf0, 0x0f, 0xf0, 0x0f, 0xf0,
	0xf0, 0x0f, 0x00, 0x00, 0x0f, 0x0f, 0xff, 0x00, 0xff, 0x00, 0xff, 0xff, 0xf0, 0xf0, 0xff, 0xff,
	0x0f, 0x0f, 0x00, 0x0f, 0x00, 0x0f, 0xf0, 0xf0, 0x0f, 0x00, 0x00, 0x0f, 0xf0, 0x00, 0xf0, 0x0f,
	0x00, 0x0f, 0xf0, 0x00, 0x0f, 0xf0, 0x0f, 0xff, 0xf0, 0xff, 0xff, 0x0f, 0x00, 0xf0, 0xf0, 0xf0,
	0x00, 0xf0, 0xff, 0x00, 0x0f, 0xff, 0xff, 0xff, 0xff, 0xf0, 0x0f, 0xff, 0x0f, 0xf0, 0x0f, 0xff,
	0x0f, 0x00, 0xf0, 0xf0, 0xff, 0x0f, 0xff, 0xff, 0xf0, 0xff, 0xf0, 0xf0, 0x00, 0xf0, 0xff, 0x0f,
	0xf0, 0x0f, 0xf0, 0x0f, 0x00, 0xff, 0xff, 0xf0, 0xf0, 0x0f, 0xff, 0xf0, 0xf0, 0x0f, 0xf0, 0x00,
	0x0f, 0xf0, 0xff, 0x00, 0x00, 0x00, 0xff, 0xf0, 0x0f, 0x00, 0x0f, 0xf0, 0xf0, 0xff, 0xf0, 0x0f,
	0xff, 0x0f, 0xf0, 0xff, 0xff, 0x00, 0xf0, 0x0f, 0x0f, 0x00, 0x0f, 0xf0, 0xff, 0x0f, 0xf0, 0x00,
	0x0f, 0xff, 0xf0, 0xf0, 0x0f, 0xf0, 0xf0, 0x00, 0x0f, 0x0f, 0xf0, 0x00, 0xff, 0xf0, 0x0f, 0x00,
	0x00, 0xff, 0xf0, 0xf0, 0x00, 0x0f, 0xf0, 0x0f, 0xf0, 0xff, 0x0f, 0x0f, 0x00, 0x0f, 0x0f, 0xff,
	0x0f, 0x00, 0xf0, 0xf0, 0x0f, 0x0f, 0xf0, 0x0f, 0xff, 0xf0, 0x00, 0xf0, 0xf0, 0xf0, 0xff, 0xff,
	0x0f, 0xf0, 0xff, 0x00, 0xff, 0xf0, 0x0f, 0x0f, 0xf0, 0x00, 0xff, 0x0f, 0xf0, 0x0f, 0xf0, 0x00,
	0x0f, 0x0f, 0xf0, 0x0f, 0xf0, 0xf0, 0xf0, 0x0f, 0x0f, 0xff, 0x00, 0xf0, 0x00, 0x00, 0x0f, 0x0f,
	0xff, 0xf0, 0x0f, 0x0f, 0x00, 0x0f, 0x0f, 0x0f, 0xff, 0xff, 0x00, 0xf0, 0xff, 0xff, 0xf0, 0xff,
	0xff, 0xf0, 0xff, 0xf0, 0x0f, 0x00, 0xf0, 0xff, 0xf0, 0xf0, 0x0f, 0x0f, 0xff, 0x00, 0x00, 0xff,
	0xff, 0x0f, 0x0f, 0xff, 0x00, 0xff, 0x0f, 0xff, 0xff, 0xf0, 0xf0, 0x0f, 0x0f, 0xf0, 0xf0, 0x0f,
	0x00, 0xf0, 0x0f, 0xff, 0x00, 0x0f, 0x0f, 0x00, 0x00, 0xf0, 0xf0, 0xff, 0xff, 0x0f, 0x0f, 0x0f,
	0x00, 0x00, 0xf0, 0x00, 0xff, 0x00, 0x0f, 0xf0, 0xf0, 0xf0, 0x0f, 0xf0, 0xf0, 0xf0, 0xf0, 0xf0,
	0x00, 0xff, 0xff, 0xf0, 0xff, 0x0f, 0xf0, 0xff, 0x00, 0xff, 0x0f, 0xf0, 0x0f, 0x0f, 0xff, 0xff,
	0x00, 0xf0, 0xff, 0x00, 0xff, 0xff, 0xff, 0x0f, 0xff, 0xf0, 0x0f, 0xf0, 0xf0, 0x0f, 0x0f, 0x00,
	0x0f, 0xf0, 0xff, 0x0f, 0xff, 0xf0, 0xf0, 0xf0, 0xf0, 0x0f, 0xff, 0x0f, 0x0f, 0xff, 0xf0, 0x0f,
	0x0f, 0x0f, 0x0f, 0xff, 0xff, 0xf0, 0xf0, 0xf0, 0xff, 0xf0, 0xf0, 0xf0, 0xff, 0xf0, 0xf0, 0xff,
	0x0f, 0xff, 0xff, 0x0f, 0xff, 0xf0, 0xf0, 0x0f, 0xff, 0xff, 0x0f, 0xff, 0xff, 0xff, 0xf0, 0xf0,
	0xf0, 0x0f, 0x0f, 0x0f, 0xff, 0x00, 0xf0, 0xf0, 0x0f, 0x0f, 0xf0, 0xff, 0xf0, 0xff, 0x0f, 0xf0,
	0x0f, 0xff, 0x0f, 0x0f, 0xff, 0xf0, 0x0f, 0x0f, 0xf0, 0xf0, 0xf0, 0xf0, 0x0f, 0xff, 0xf0, 0xf0,
	0xf0, 0x0f, 0x0f, 0xff, 0xf0, 0xff, 0xf0, 0xf0, 0xf0, 0x00, 0x0f, 0xf0, 0xf0, 0xff, 0xff, 0x0f,
	0x0f, 0xff, 0xf0, 0xf0, 0xf0, 0x00, 0x0f, 0xff, 0xf0, 0x0f, 0xf0, 0xf0, 0x0f, 0xf0, 0xff, 0xf0,
	0x00, 0xff, 0x0f, 0xff, 0xff, 0xf0, 0xf0, 0x00, 0xff, 0xff, 0xff, 0x0f, 0xff, 0x00, 0xf0, 0x0f,
	0xff, 0x0f, 0x0f, 0x0f, 0xf0, 0xf0, 0xf0, 0xf0, 0x0f, 0xf0, 0x0f, 0x0f, 0x0f, 0x0f, 0x0f, 0xf0,
	0x00, 0xf0, 0xf0, 0xff, 0x0f, 0x0f, 0xf0, 0xff, 0x0f, 0xf0, 0x0f, 0xf0, 0xf0, 0xf0, 0xff, 0x0f,
	0xff, 0xf0, 0x00, 0xff, 0x0f, 0xf0, 0x00, 0xf0, 0x0f, 0x0f, 0xf0, 0xff, 0x0f, 0x0f, 0xf0, 0xf0,
	0x0f, 0xff, 0xff, 0x0f, 0xff, 0x0f, 0xff, 0xff, 0xff, 0x0f, 0x0f, 0xff, 0xff, 0xff, 0xf0, 0xff,
	0xf0, 0xf0, 0xff, 0x0f, 0xff, 0x0f, 0xff, 0xff, 0xff, 0xff, 0xff, 0x0f, 0x00, 0x0f, 0xff, 0x0f,
	0x0f, 0xf0, 0x0f, 0xff, 0xff, 0xf0, 0xf0, 0x0f, 0xff, 0xf0, 0xf0, 0xff, 0xff, 0x0f, 0x0f, 0xf0,
	0xf0, 0xff, 0xff, 0x0f, 0xf0, 0xff, 0x00, 0x0f, 0x0f, 0xf0, 0xf0, 0x00, 0xff, 0xf0, 0xf0, 0x0f,
	0xf0, 0xff, 0x00, 0xff, 0xff, 0xff, 0xf0, 0x00, 0xff, 0xf0, 0x0f, 0xff, 0xff, 0xf0, 0xf0, 0x0f,
	0xf0, 0xf0, 0xf0, 0xff, 0xf0, 0x0f, 0x0f, 0xff, 0xff, 0x0f, 0xf0, 0xff, 0xff, 0x0f, 0xf0, 0xff,
	0x00, 0x0f, 0xff, 0x0f, 0xf0, 0xff, 0xf0, 0x00, 0x0f, 0xf0, 0x0f, 0xff, 0xf0, 0xf0, 0xf0, 0xff,
	0xff, 0x0f, 0x0f, 0xff, 0x0f, 0xff, 0xf0, 0xff, 0x0f, 0x00, 0x0f, 0xff, 0xff, 0x0f, 0xff, 0xf0,
	0xff, 0xff, 0xff, 0xff, 0xff, 0xff, 0xff, 0xff, 0xff, 0xff, 0xff, 0xff, 0xff, 0xff, 0xff, 0xff,
	0xff, 0xff, 0xff, 0xff, 0xff, 0xff, 0xff, 0xff, 0xff, 0xff, 0xff, 0xff, 0xff, 0xff, 0xff, 0xff,
	0xff, 0xff, 0xff, 0xff, 0xff, 0xff, 0xff, 0xff, 0xff, 0xff, 0xff, 0xff, 0xff, 0xff, 0xff, 0xff,
	0xff, 0xff, 0xff, 0xff, 0xff, 0xff, 0xff, 0xff, 0xff, 0xff, 0xff, 0xff, 0xff, 0xff, 0xff, 0xff,
	0xff, 0xff, 0xff, 0xff, 0xff, 0xff, 0xff, 0xff, 0xff, 0xff, 0xff, 0xff, 0xff, 0xff, 0xff, 0xff,
	0xff, 0xff, 0xff, 0xff, 0xff, 0xff, 0xff, 0xff, 0xff, 0xff, 0xff, 0xff, 0xff, 0xff, 0xff, 0xff,
	0xff, 0xff, 0xff, 0xff, 0xff, 0xff, 0xff, 0xff, 0xff, 0xff, 0xff, 0xff, 0xff, 0xff, 0xff, 0xff,
	0xff, 0xff, 0xff, 0xff, 0xff, 0xff, 0xff, 0xff, 0xff, 0xff, 0xff, 0xff, 0xff, 0xff, 0xff, 0xff,
	0xff, 0xff, 0xff, 0xff, 0xff, 0xff, 0xff, 0xff, 0xff, 0xff, 0xff, 0xff, 0xff, 0xff, 0xff, 0xff,
	0xff, 0xff, 0xff, 0xff, 0xff, 0xff, 0xff, 0xff, 0xff, 0xff, 0xff, 0xff, 0xff, 0xff, 0xff, 0xff,
	0xff, 0xff, 0xff, 0xff, 0xff, 0xff, 0xff, 0xff, 0xff, 0xff, 0xff, 0xff, 0xff, 0xff, 0xff, 0xff,
	0xff, 0xff, 0xff, 0xff, 0xff, 0xff, 0xff, 0xff, 0xff, 0xff, 0xff, 0xff, 0xff, 0xff, 0xff, 0xff,
	0xff, 0xff, 0xff, 0xff, 0xff, 0xff, 0xff, 0xff, 0xff, 0xff, 0xff, 0xff, 0xff, 0xff, 0xff, 0xff,
	0xff, 0xff, 0xff, 0xff, 0xff, 0xff, 0xff, 0xff, 0xff, 0xff, 0xff, 0xff, 0xff, 0xff, 0xff, 0xff,
	0xff, 0xff, 0xff, 0xff, 0xff, 0xff, 0xff, 0xff, 0xff, 0xff, 0xff, 0xff, 0xff, 0xff, 0xff, 0xff,
	0xff, 0xff, 0xff, 0xff, 0xff, 0xff, 0xff, 0xff, 0xff, 0xff, 0xff, 0xff, 0xff, 0xff, 0xff, 0xff,
	0xff, 0xff, 0xff, 0xff, 0xff, 0xff, 0xff, 0xff, 0xff, 0xff, 0xff, 0xff, 0xff, 0xff, 0xff, 0xff,
	0xff, 0xff, 0xff, 0xff, 0xff, 0xff, 0xff, 0xff, 0xff, 0xff, 0xff, 0xff, 0xff, 0xff, 0xff, 0xff,
	0xff, 0xff, 0xff, 0xff, 0xff, 0xff, 0xff, 0xff, 0xff, 0xff, 0xff, 0xff, 0xff, 0xff, 0xff, 0xff,
	0xff, 0xff, 0xff, 0xff, 0xff, 0xff, 0xff, 0xff, 0xff, 0xff, 0xff, 0xff, 0xff, 0xff, 0xff, 0xff,
	0x00, 0x00, 0x00, 0x00, 0x00, 0x00, 0x00, 0x00, 0x00, 0x00, 0x00, 0x00, 0x00, 0x00, 0x00, 0x00,
	0x00, 0x00, 0x00, 0x00, 0x00, 0x00, 0x00, 0x00, 0x00, 0x00, 0x00, 0x00, 0x00, 0x00, 0x00, 0x00,
	0x00, 0x00, 0x00, 0x00, 0x00, 0x00, 0x00, 0x00, 0x00, 0x00, 0x00, 0x00, 0x00, 0x00, 0x00, 0x00,
	0x00, 0x00, 0x00, 0x00, 0x00, 0x00, 0x00, 0x00, 0x00, 0x00, 0x00, 0x00, 0x00, 0x00, 0x00, 0x00,
	0x00, 0x00, 0x00, 0x00, 0x00, 0x00, 0x00, 0x00, 0x00, 0x00, 0x00, 0x00, 0x00, 0x00, 0x00, 0x00,
	0x00, 0x00, 0x00, 0x00, 0x00, 0x00, 0x00, 0x00, 0x00, 0x00, 0x00, 0x00, 0x00, 0x00, 0x00, 0x00,
	0x00, 0x00, 0x00, 0x00, 0x00, 0x00, 0x00, 0x00, 0x00, 0x00, 0x00, 0x00, 0x00, 0x00, 0x00, 0x00,
	0x00, 0x00, 0x00, 0x00, 0x00, 0x00, 0x00, 0x00, 0x00, 0x00, 0x00, 0x00, 0x00, 0x00, 0x00, 0x00,
	0x00, 0x00, 0x00, 0x00, 0x00, 0x00, 0x00, 0x00, 0x00, 0x00, 0x00, 0x00, 0x00, 0x00, 0x00, 0x00,
	0x00, 0x00, 0x00, 0x00, 0x00, 0x00, 0x00, 0x00, 0x00, 0x00, 0x00, 0x00, 0x00, 0x00, 0x00, 0x00,
	0x00, 0x00, 0x00, 0x00, 0x00, 0x00, 0x00, 0x00, 0x00, 0x00, 0x00, 0x00, 0x00, 0x00, 0x00, 0x00,
	0x00, 0x00, 0x00, 0x00, 0x00, 0x00, 0x00, 0x00, 0x00, 0x00, 0x00, 0x00, 0x00, 0x00, 0x00, 0x00,
	0x00, 0x00, 0x00, 0x00, 0x00, 0x00, 0x00, 0x00, 0x00, 0x00, 0x00, 0x00, 0x00, 0x00, 0x00, 0x00,
	0x00, 0x00, 0x00, 0x00, 0x00, 0x00, 0x00, 0x00, 0x00, 0x00, 0x00, 0x00, 0x00, 0x00, 0x00, 0x00,
	0x00, 0x00, 0x00, 0x00, 0x00, 0x00, 0x00, 0x00, 0x00, 0x00, 0x00, 0x00, 0x00, 0x00, 0x00, 0x00,
	0x00, 0x00, 0x00, 0x00, 0x00, 0x00, 0x00, 0x00, 0x00, 0x00, 0x00, 0x00, 0x00, 0x00, 0x00, 0x00,
	0x00, 0x00, 0x00, 0x00, 0x00, 0x00, 0x00, 0x00, 0x00, 0x00, 0x00, 0x00, 0x00, 0x00, 0x00, 0x00,
	0x00, 0x00, 0x00, 0x00, 0x00, 0x00, 0x00, 0x00, 0x00, 0x00, 0x00, 0x00, 0x00, 0x00, 0x00, 0x00,
	0x00, 0x00, 0x00, 0x00, 0x00, 0x00, 0x00, 0x00, 0x00, 0x00, 0x00, 0x00, 0x00, 0x00, 0x00, 0x00,
	0x00, 0x00, 0x00, 0x00, 0x00, 0x00, 0x00, 0x00, 0x00, 0x00, 0x00, 0x00, 0x00, 0x00, 0x00, 0x00,
	0x00, 0x00, 0x00, 0x00, 0x00, 0x00, 0x00, 0x00, 0x00, 0x00, 0x00, 0x00, 0x00, 0x00, 0x00, 0x00,
	0x00, 0x00, 0x00, 0x00, 0x00, 0x00, 0x00, 0x00, 0x00, 0x00, 0x00, 0x00, 0x00, 0x00, 0x00, 0x00,
	0x00, 0x00, 0xff, 0xff, 0x00, 0x00, 0x00, 0x00, 0x00, 0x0f, 0x00, 0x00, 0x00, 0x00, 0x00, 0x00,
	0x00, 0x00, 0x00, 0x00, 0x00, 0xff, 0x00, 0x00, 0x00, 0x00, 0x00, 0x00, 0x00, 0x00, 0x00, 0x00,
	0x00, 0x00, 0x00, 0x00, 0x00, 0x00, 0x00, 0x00, 0x00, 0x00, 0x00, 0x00, 0x00, 0x00, 0x00, 0x00,
	0x00, 0x00, 0x00, 0x00, 0x00, 0x00, 0x00, 0x00, 0x00, 0x00, 0x00, 0x00, 0x00, 0x00, 0x00, 0x00,
	0x00, 0x00, 0x00, 0x00, 0x00, 0x00, 0x00, 0x00, 0x0f, 0x00, 0x00, 0x00, 0x00, 0x00, 0x00, 0x00,
	0x00, 0x00, 0x00, 0x00, 0x00, 0x00, 0x00, 0x00, 0x00, 0x00, 0x00, 0x00, 0x00, 0x00, 0x00, 0x00,
	0x00, 0x00, 0x00, 0x00, 0x00, 0x00, 0x00, 0x00, 0x00, 0x00, 0x00, 0x00, 0x00, 0x00, 0x00, 0x00,
	0x00, 0x00, 0x00, 0x00, 0x00, 0x00, 0x00, 0x00, 0x00, 0x00, 0x00, 0x00, 0x00, 0x00, 0x00, 0x00,
	0x00, 0x00, 0xff, 0x00, 0x00, 0x00, 0x00, 0x00, 0x00, 0x00, 0x00, 0x00, 0x00, 0x00, 0x00, 0x00,
	0x00, 0x00, 0x00, 0x00, 0x0f, 0x00, 0x00, 0x00, 0x00, 0x00, 0x00, 0x00, 0x00, 0x00, 0x00, 0x00,
	0x00, 0x00, 0x00, 0x00, 0x00, 0x00, 0x00, 0x00, 0x00, 0x00, 0x00, 0x00, 0x00, 0x00, 0x00, 0x00,
	0x00, 0x00, 0x00, 0x00, 0x00, 0x00, 0x00, 0x00, 0x0f, 0x00, 0x00, 0x00, 0x00, 0x00, 0x0f, 0x00,
	0x00, 0x00, 0x00, 0x00, 0x00, 0x00, 0x00, 0x00, 0xf0, 0x00, 0x00, 0x00, 0x00, 0x00, 0x00, 0x00,
	0x0f, 0x0f, 0x00, 0x00, 0x00, 0x00, 0x00, 0x00, 0x00, 0x00, 0x00, 0x00, 0x00, 0x00, 0x00, 0x00,
	0xff, 0x00, 0xff, 0x00, 0x00, 0x00, 0x00, 0x00, 0x00, 0xf0, 0x00, 0x00, 0x00, 0x00, 0x00, 0x00,
	0x00, 0x00, 0x00, 0x00, 0x00, 0x00, 0x00, 0x00, 0x00, 0x00, 0x00, 0x00, 0x00, 0x00, 0x00, 0x00,
	0xf0, 0x00, 0x00, 0x00, 0xff, 0x00, 0x00, 0x00, 0x00, 0x00, 0x00, 0x00, 0x00, 0x00, 0xf0, 0x00,
	0x00, 0x0f, 0x00, 0x00, 0x00, 0x00, 0x00, 0x00, 0x00, 0x00, 0x00, 0xf0, 0x00, 0x00, 0x00, 0x00,
	0x00, 0x00, 0x00, 0x00, 0x00, 0x00, 0x00, 0x00, 0x00, 0x0f, 0x00, 0x00, 0x00, 0x00, 0x00, 0x00,
	0x00, 0x00, 0x00, 0x00, 0x00, 0x00, 0x00, 0x00, 0x00, 0x00, 0x00, 0xff, 0x00, 0x00, 0xff, 0x00,
	0x00, 0x00, 0x00, 0x00, 0xff, 0x0f, 0x00, 0xff, 0x00, 0x00, 0x00, 0x0f, 0x00, 0x00, 0x00, 0x00,
	0x00, 0x00, 0x00, 0x00, 0x00, 0x00, 0x00, 0xf0, 0x00, 0x00, 0x00, 0x00, 0x00, 0xff, 0x00, 0xff,
	0x00, 0x00, 0x00, 0x00, 0x00, 0x00, 0xf0, 0x00, 0x00, 0x00, 0x00, 0xff, 0x00, 0x00, 0x00, 0x00,
	0x00, 0x00, 0x00, 0x00, 0xff, 0x00, 0x00, 0x00, 0x00, 0x00, 0x00, 0x00, 0x00, 0x00, 0x00, 0x0f,
	0x00, 0x00, 0x00, 0x00, 0x00, 0x00, 0x0f, 0x00, 0x00, 0x00, 0x00, 0x00, 0x00, 0x00, 0x00, 0x00,
	0x00, 0x00, 0x00, 0x00, 0xff, 0x00, 0x00, 0x00, 0x00, 0x00, 0x00, 0x0f, 0x00, 0x00, 0x00, 0x00,
	0x00, 0x00, 0x00, 0x00, 0x00, 0x00, 0x00, 0xf0, 0x00, 0x00, 0x00, 0xff, 0x00, 0x00, 0x00, 0x00,
	0x00, 0x00, 0x00, 0x00, 0x00, 0xff, 0x00, 0x00, 0x00, 0x00, 0x00, 0x00, 0x00, 0x00, 0x00, 0x00,
	0x00, 0x00, 0x00, 0x00, 0x00, 0x00, 0x00, 0x00, 0xff, 0x0f, 0x00, 0xff, 0x0f, 0x00, 0xff, 0x00,
	0x00, 0x00, 0xff, 0x00, 0x00, 0x00, 0x00, 0x00, 0x00, 0x00, 0x00, 0xf0, 0x00, 0x00, 0xf0, 0x00,
	0xff, 0xff, 0x00, 0x00, 0x00, 0x00, 0x0f, 0xff, 0xf0, 0x00, 0x00, 0x00, 0x00, 0x00, 0x00, 0x00,
	0x00, 0x00, 0x00, 0xf0, 0x00, 0x00, 0x00, 0x00, 0x00, 0x00, 0x00, 0x00, 0x00, 0x00, 0x00, 0x00,
	0xff, 0x00, 0x00, 0x00, 0x00, 0x0f, 0x00, 0x00, 0x00, 0x00, 0x00, 0x00, 0x00, 0x00, 0x0f, 0x00,
	0x00, 0x00, 0xff, 0x0f, 0xff, 0x00, 0x00, 0x00, 0xf0, 0x00, 0x00, 0x00, 0x0f, 0x00, 0x00, 0x00,
	0x00, 0x00, 0x00, 0x00, 0x00, 0x00, 0x00, 0x00, 0x00, 0x00, 0x00, 0x00, 0x00, 0x00, 0x00, 0x00,
	0xff, 0x00, 0x00, 0x00, 0x00, 0x00, 0x00, 0x00, 0x00, 0x00, 0xff, 0x00, 0x00, 0x0f, 0x00, 0x00,
	0x00, 0x00, 0xff, 0x00, 0x00, 0x00, 0x0f, 0x00, 0x00, 0x00, 0x00, 0x00, 0x0f, 0x00, 0x00, 0x00,
	0x00, 0x00, 0xf0, 0x00, 0x00, 0x00, 0x00, 0x00, 0x00, 0x00, 0xff, 0x00, 0x00, 0x00, 0x00, 0x00,
	0xff, 0xff, 0x00, 0xff, 0xff, 0x0f, 0x00, 0xff, 0x0f, 0xff, 0xff, 0xff, 0xff, 0x00, 0x00, 0x00,
	0x00, 0x0f, 0x00, 0xf0, 0x00, 0xf0, 0x00, 0x00, 0x00, 0x0f, 0x00, 0xff, 0xf0, 0xff, 0xff, 0xff,
	0x00, 0x00, 0xf0, 0x00, 0x0f, 0x00, 0x00, 0x0f, 0xff, 0x00, 0x0f, 0xff, 0x00, 0x00, 0x00, 0xff,
	0xf0, 0x00, 0xf0, 0xff, 0x00, 0x0f, 0xff, 0x00, 0xff, 0x0f, 0x00, 0x00, 0x00, 0xff, 0x0f, 0x00,
	0xf0, 0xf0, 0x00, 0xff, 0x00, 0xf0, 0x00, 0xff, 0xff, 0xf0, 0xf0, 0x00, 0xff, 0x00, 0x0f, 0xff,
	0x00, 0x00, 0xf0, 0x00, 0x00, 0x0f, 0xff, 0x00, 0x0f, 0x00, 0x00, 0xff, 0x00, 0x00, 0x00, 0x00,
	0xff, 0x00, 0xff, 0xf0, 0x00, 0xff, 0x00, 0x00, 0x0f, 0xff, 0xf0, 0x0f, 0x0f, 0x00, 0x00, 0x00,
	0xf0, 0x00, 0xff, 0x00, 0x00, 0x00, 0x0f, 0xf0, 0xff, 0x00, 0x0f, 0x00, 0x00, 0xf0, 0xff, 0x0f,
	0xff, 0x00, 0xf0, 0x00, 0x0f, 0xf0, 0xf0, 0xff, 0x0f, 0x00, 0xf0, 0xf0, 0x00, 0x00, 0x0f, 0x00,
	0xf0, 0x00, 0x00, 0xf0, 0x00, 0x00, 0xff, 0x00, 0x00, 0x00, 0xf0, 0x00, 0xf0, 0x0f, 0xf0, 0x0f,
	0x00, 0x00, 0xf0, 0x0f, 0x00, 0x0f, 0x00, 0x00, 0x00, 0xff, 0x0f, 0x0f, 0xf0, 0xf0, 0x00, 0x00,
	0x0f, 0xf0, 0x0f, 0x0f, 0x00, 0xf0, 0xff, 0x00, 0x00, 0x00, 0xf0, 0xff, 0x00, 0x00, 0x00, 0x00,
	0xf0, 0xff, 0x00, 0x0f, 0x00, 0xf0, 0x0f, 0x00, 0xff, 0x0f, 0x0f, 0xff, 0x00, 0x00, 0xf0, 0xff,
	0x00, 0x00, 0xf0, 0x0f, 0x0f, 0x0f, 0xf0, 0x00, 0xff, 0xf0, 0x0f, 0xf0, 0x00, 0xf0, 0x00, 0xf0,
	0x0f, 0xff, 0x00, 0x00, 0x00, 0xf0, 0x00, 0x00, 0xf0, 0xf0, 0x00, 0xff, 0x0f, 0x0f, 0x00, 0xf0,
	0x00, 0xf0, 0x0f, 0x00, 0x0f, 0xf0, 0xf0, 0x00, 0xf0, 0xff, 0xf0, 0xf0, 0x0f, 0xf0, 0x00, 0x00,
	0xff, 0x00, 0x0f, 0xff, 0x00, 0xff, 0x00, 0x0f, 0xf0, 0xff, 0xf0, 0x00, 0xff, 0xf0, 0x00, 0x0f,
	0x00, 0xff, 0x00, 0x00, 0x00, 0xff, 0xff, 0x00, 0xf0, 0x0f, 0x00, 0x00, 0x00, 0x00, 0x00, 0xff,
	0xf0, 0x00, 0x00, 0x00, 0xf0, 0x0f, 0xff, 0x00, 0xff, 0x00, 0x00, 0x00, 0xf0, 0x00, 0xff, 0xf0,
	0x00, 0x0f, 0x0f, 0x00, 0xff, 0x00, 0x00, 0x0f, 0x0f, 0x0f, 0x00, 0x00, 0xff, 0x0f, 0x00, 0xf0,
	0x00, 0xff, 0xff, 0xf0, 0xf0, 0x0f, 0x00, 0x0f, 0xff, 0x00, 0x0f, 0xf0, 0xf0, 0xf0, 0xff, 0xf0,
	0xff, 0x0f, 0x00, 0xff, 0xf0, 0x00, 0x0f, 0x00, 0x0f, 0x0f, 0xff, 0xf0, 0xf0, 0x0f, 0x00, 0xf0,
	0xff, 0x00, 0x0f, 0x0f, 0x00, 0xf0, 0xf0, 0x00, 0xf0, 0x00, 0x0f, 0x00, 0xff, 0xf0, 0xff, 0x0f,
	0x00, 0xff, 0xff, 0x00, 0xf0, 0x0f, 0xff, 0xf0, 0x0f, 0x00, 0x00, 0x0f, 0xff, 0x00, 0x00, 0x0f,
	0xf0, 0x0f, 0xff, 0xf0, 0x00, 0xff, 0x00, 0xff, 0xff, 0xf0, 0x00, 0xff, 0x00, 0x00, 0x0f, 0xff,
	0x00, 0xff, 0x00, 0x00, 0x00, 0x0f, 0xff, 0x00, 0xf0, 0xf0, 0x0f, 0x0f, 0x0f, 0xff, 0x0f, 0xf0,
	0x0f, 0xff, 0xff, 0x0f, 0xf0, 0x00, 0x00, 0xf0, 0x00, 0xff, 0x0f, 0xf0, 0xff, 0x0f, 0x00, 0xff,
	0x00, 0x0f, 0xff, 0xff, 0xf0, 0xff, 0x00, 0xf0, 0x00, 0x00, 0x0f, 0xf0, 0xff, 0xff, 0xf0, 0x0f,
	0xf0, 0x00, 0xf0, 0x00, 0x00, 0x0f, 0x00, 0xf0, 0xff, 0x0f, 0x00, 0xff, 0x00, 0xf0, 0xf0, 0xff,
	0xf0, 0x0f, 0xf0, 0x0f, 0x00, 0x0f, 0x00, 0x00, 0xf0, 0xf0, 0x00, 0xff, 0x0f, 0x00, 0xf0, 0xff,
	0xf0, 0x0f, 0x0f, 0xf0, 0x00, 0xf0, 0x00, 0x00, 0x0f, 0x00, 0xff, 0x00, 0xff, 0xf0, 0x00, 0x00,
	0x00, 0xf0, 0xf0, 0x00, 0xff, 0xf0, 0xff, 0x00, 0x0f, 0x00, 0xf0, 0xf0, 0xff, 0xff, 0x00, 0xf0,
	0xf0, 0x0f, 0xff, 0xff, 0xf0, 0x00, 0x00, 0x0f, 0xff, 0x0f, 0x0f, 0xf0, 0xf0, 0x00, 0xf0, 0x00,
	0x0f, 0x0f, 0x00, 0x0f, 0x00, 0xff, 0x0f, 0xf0, 0x0f, 0x0f, 0xff, 0x0f, 0x0f, 0x00, 0x0f, 0xff,
	0xf0, 0xff, 0x00, 0x0f, 0xff, 0xf0, 0xf0, 0x0f, 0xff, 0x00, 0xff, 0x00, 0xf0, 0xf0, 0x00, 0xf0,
	0x00, 0xff, 0x00, 0xff, 0x00, 0xff, 0x00, 0xf0, 0x0f, 0xff, 0xf0, 0x00, 0xf0, 0x00, 0xf0, 0xff,
	0x0f, 0xff, 0x00, 0xf0, 0xf0, 0x0f, 0x0f, 0xf0, 0xff, 0x00, 0x0f, 0xff, 0x0f, 0x0f, 0xf0, 0xff,
	0x0f, 0x0f, 0x00, 0xf0, 0xf0, 0xff, 0xf0, 0xf0, 0xff, 0xf0, 0x0f, 0x00, 0x0f, 0x00, 0xff, 0xf0,
	0x00, 0xff, 0xf0, 0xf0, 0x00, 0x0f, 0xf0, 0x0f, 0xf0, 0x0f, 0x0f, 0xff, 0x0f, 0x0f, 0x00, 0x00,
	0xf0, 0x00, 0xff, 0xf0, 0x0f, 0x00, 0x00, 0xf0, 0x0f, 0x00, 0x0f, 0x0f, 0x00, 0xf0, 0xff, 0x0f,
	0xff, 0x00, 0x0f, 0x0f, 0xff, 0x0f, 0x0f, 0xff, 0xf0, 0xff, 0xf0, 0xff, 0xf0, 0x00, 0xff, 0xff,
	0x0f, 0xff, 0xff, 0xf0, 0x00, 0xff, 0x0f, 0x0f, 0xf0, 0xff, 0xff, 0x0f, 0x00, 0x0f, 0xff, 0xff,
	0xff, 0x0f, 0x0f, 0xf0, 0x0f, 0x00, 0x00, 0xf0, 0xf0, 0x0f, 0x0f, 0x00, 0xff, 0x0f, 0xf0, 0x0f,
	0xff, 0xf0, 0xff, 0x0f, 0xff, 0xf0, 0xff, 0xf0, 0x00, 0xff, 0x00, 0xff, 0x0f, 0xf0, 0xf0, 0x00,
	0xf0, 0xf0, 0xff, 0xff, 0xff, 0xf0, 0xf0, 0x00, 0x0f, 0x0f, 0xff, 0xff, 0xf0, 0xf0, 0x0f, 0x0f,
	0xff, 0xff, 0xf0, 0x00, 0xff, 0x0f, 0x0f, 0xf0, 0xf0, 0x00, 0x00, 0xff, 0x00, 0xff, 0x0f, 0xff,
	0x0f, 0x0f, 0xf0, 0x00, 0x0f, 0xff, 0x0f, 0xff, 0x00, 0x00, 0xf0, 0xff, 0xff, 0xff, 0xf0, 0xf0,
	0xff, 0xff, 0x00, 0xff, 0x0f, 0x0f, 0xff, 0xff, 0x00, 0xf0, 0x0f, 0xff, 0x0f, 0xff, 0xf0, 0x00,
	0xf0, 0xff, 0xf0, 0xf0, 0x00, 0xf0, 0x00, 0x00, 0xff, 0x0f, 0x0f, 0x0f, 0x00, 0x0f, 0xf0, 0x00,
	0xf0, 0x0f, 0x00, 0xf0, 0xff, 0x00, 0xf0, 0xff, 0x00, 0xf0, 0x0f, 0xf0, 0x00, 0xf0, 0x0f, 0x0f,
	0x00, 0xff, 0xff, 0xff, 0xff, 0xff, 0x0f, 0x0f, 0xff, 0x00, 0xff, 0x0f, 0xff, 0xff, 0xff, 0x00,
	0x0f, 0xff, 0x00, 0xff, 0x0f, 0xff, 0xf0, 0xff, 0xff, 0x00, 0x00, 0x00, 0x0f, 0xff, 0x0f, 0x0f,
	0xff, 0xff, 0x0f, 0x0f, 0x0f, 0xff, 0x0f, 0xf0, 0xf0, 0xff, 0xf0, 0xf0, 0x0f, 0x00, 0x0f, 0xf0,
	0x0f, 0x00, 0xf0, 0xff, 0x00, 0xff, 0x00, 0xf0, 0xff, 0xff, 0x0f, 0x00, 0xf0, 0x00, 0x00, 0xf0,
	0xff, 0x0f, 0x0f, 0x0f, 0xf0, 0x00, 0xf0, 0x0f, 0x0f, 0x0f, 0x00, 0x00, 0xf0, 0x0f, 0x00, 0x0f,
	0x0f, 0x0f, 0x0f, 0xf0, 0x0f, 0x00, 0xff, 0xf0, 0xff, 0x0f, 0x00, 0xf0, 0x00, 0x0f, 0xf0, 0xff,
	0xf0, 0xff, 0xff, 0xf0, 0xff, 0xff, 0x00, 0xff, 0x0f, 0x0f, 0xff, 0xf0, 0xf0, 0xf0, 0xff, 0xff,
	0x00, 0xff, 0xff, 0xff, 0x00, 0xff, 0xf0, 0xf0, 0x00, 0xf0, 0xff, 0x0f, 0x0f, 0xf0, 0xff, 0x00,
	0x0f, 0xf0, 0xf0, 0x0f, 0xff, 0xf0, 0x00, 0xff, 0x00, 0xff, 0x00, 0xf0, 0x0f, 0x0f, 0x0f, 0xf0,
	0x0f, 0x0f, 0x0f, 0xf0, 0xff, 0x00, 0xf0, 0xff, 0x0f, 0xff, 0xf0, 0x0f, 0xff, 0x0f, 0xf0, 0x0f,
	0xf0, 0x0f, 0xff, 0xf0, 0x0f, 0x0f, 0x0f, 0x0f, 0x0f, 0xf0, 0xf0, 0xf0, 0x0f, 0x0f, 0x0f, 0x0f,
	0xf0, 0x0f, 0xf0, 0x0f, 0xf0, 0xf0, 0xf0, 0x0f, 0xff, 0x0f, 0xff, 0x0f, 0xff, 0xff, 0xff, 0xf0,
	0xff, 0xff, 0x0f, 0xff, 0xf0, 0xff, 0xff, 0xf0, 0x0f, 0xf0, 0xf0, 0xf0, 0xff, 0xf0, 0xff, 0xf0,
	0x0f, 0xff, 0xf0, 0x0f, 0xff, 0xf0, 0x0f, 0xff, 0xff, 0xf0, 0xf0, 0xff, 0x0f, 0xff, 0xf0, 0xf0,
	0x0f, 0x0f, 0x0f, 0x0f, 0x0f, 0xff, 0x0f, 0xf0, 0x0f, 0xf0, 0xf0, 0x0f, 0xf0, 0xff, 0xf0, 0x0f,
	0xf0, 0xf0, 0xf0, 0xf0, 0xf0, 0xff, 0xff, 0x0f, 0xf0, 0xf0, 0xf0, 0xf0, 0x0f, 0xff, 0x00, 0xf0,
	0xff, 0x0f, 0xf0, 0xf0, 0x0f, 0x0f, 0xf0, 0xff, 0xf0, 0xff, 0x0f, 0x0f, 0xf0, 0x0f, 0x0f, 0xf0,
	0x0f, 0x00, 0x0f, 0xff, 0x0f, 0xf0, 0x00, 0xff, 0xff, 0x00, 0x0f, 0x0f, 0xff, 0xf0, 0x0f, 0xf0,
	0xff, 0xf0, 0xff, 0xf0, 0xff, 0x0f, 0xf0, 0xff, 0xf0, 0xff, 0x0f, 0xff, 0x0f, 0x0f, 0xf0, 0xf0,
	0x0f, 0xf0, 0x0f, 0xff, 0xff, 0xf0, 0x0f, 0xff, 0xf0, 0x00, 0x0f, 0x0f, 0xf0, 0x0f, 0xff, 0xf0,
	0x0f, 0xff, 0x0f, 0x0f, 0x0f, 0x00, 0x0f, 0xff, 0x0f, 0xf0, 0xf0, 0xff, 0xff, 0x0f, 0x0f, 0xff,
	0xff, 0xf0, 0xff, 0xff, 0xf0, 0x0f, 0xff, 0xf0, 0xff, 0xff, 0x0f, 0xff, 0xff, 0x0f, 0xff, 0x00,
	0x0f, 0xff, 0xf0, 0x0f, 0xf0, 0xf0, 0x0f, 0xff, 0xff, 0xff, 0x00, 0x0f, 0x0f, 0xff, 0x0f, 0x0f,
	0xff, 0x0f, 0xf0, 0x0f, 0xf0, 0x00, 0x0f, 0x0f, 0x0f, 0xff, 0xff, 0x00, 0x0f, 0xf0, 0x0f, 0x00,
	0x0f, 0x00, 0x0f, 0xf0, 0x0f, 0xf0, 0xf0, 0xff, 0xf0, 0x00, 0x0f, 0x0f, 0x0f, 0x00, 0x0f, 0xf0,
	0xff, 0x0f, 0x0f, 0xf0, 0xf0, 0x0f, 0xf0, 0xf0, 0xff, 0x00, 0xf0, 0xff, 0xf0, 0xff, 0x0f, 0xff,
	0xf0, 0x0f, 0xf0, 0x0f, 0x0f, 0x0f, 0x0f, 0x0f, 0xff, 0xff, 0xf0, 0x0f, 0x0f, 0x00, 0x0f, 0xff,
	0xf0, 0xf0, 0xff, 0xff, 0x0f, 0xff, 0x0f, 0xff, 0xf0, 0xff, 0x0f, 0xff, 0xff, 0x0f, 0x00, 0xf0,
	0x0f, 0x0f, 0x00, 0xff, 0xff, 0xff, 0xff, 0x0f, 0x0f, 0xf0, 0x0f, 0xff, 0xff, 0xf0, 0x00, 0xf0,
	0xf0, 0xff, 0xff, 0xf0, 0xf0, 0xf0, 0x00, 0xf0, 0x0f, 0xf0, 0x0f, 0x0f, 0xff, 0x0f, 0x0f, 0xf0,
	0xff, 0xff, 0xff, 0xff, 0xff, 0xff, 0xff, 0xff, 0xff, 0xff, 0xff, 0xff, 0xff, 0xff, 0xff, 0xff,
	0xff, 0xff, 0xff, 0xff, 0xff, 0xff, 0xff, 0xff, 0xff, 0xff, 0xff, 0xff, 0xff, 0xff, 0xff, 0xff,
	0xff, 0xff, 0xff, 0xff, 0xff, 0xff, 0xff, 0xff, 0xff, 0xff, 0xff, 0xff, 0xff, 0xff, 0xff, 0xff,
	0xff, 0xff, 0xff, 0xff, 0xff, 0xff, 0xff, 0xff, 0xff, 0xff, 0xff, 0xff, 0xff, 0xff, 0xff, 0xff,
	0xff, 0xff, 0xff, 0xff, 0xff, 0xff, 0xff, 0xff, 0xff, 0xff, 0xff, 0xff, 0xff, 0xff, 0xff, 0xff,
	0xff, 0xff, 0xff, 0xff, 0xff, 0xff, 0xff, 0xff, 0xff, 0xff, 0xff, 0xff, 0xff, 0xff, 0xff, 0xff,
	0xff, 0xff, 0xff, 0xff, 0xff, 0xff, 0xff, 0xff, 0xff, 0xff, 0xff, 0xff, 0xff, 0xff, 0xff, 0xff,
	0xff, 0xff, 0xff, 0xff, 0xff, 0xff, 0xff, 0xff, 0xff, 0xff, 0xff, 0xff, 0xff, 0xff, 0xff, 0xff,
	0xff, 0xff, 0xff, 0xff, 0xff, 0xff, 0xff, 0xff, 0xff, 0xff, 0xff, 0xff, 0xff, 0xff, 0xff, 0xff,
	0xff, 0xff, 0xff, 0xff, 0xff, 0xff, 0xff, 0xff, 0xff, 0xff, 0xff, 0xff, 0xff, 0xff, 0xff, 0xff,
	0xff, 0xff, 0xff, 0xff, 0xff, 0xff, 0xff, 0xff, 0xff, 0xff, 0xff, 0xff, 0xff, 0xff, 0xff, 0xff,
	0xff, 0xff, 0xff, 0xff, 0xff, 0xff, 0xff, 0xff, 0xff, 0xff, 0xff, 0xff, 0xff, 0xff, 0xff, 0xff,
	0xff, 0xff, 0xff, 0xff, 0xff, 0xff, 0xff, 0xff, 0xff, 0xff, 0xff, 0xff, 0xff, 0xff, 0xff, 0xff,
	0xff, 0xff, 0xff, 0xff, 0xff, 0xff, 0xff, 0xff, 0xff, 0xff, 0xff, 0xff, 0xff, 0xff, 0xff, 0xff,
	0xff, 0xff, 0xff, 0xff, 0xff, 0xff, 0xff, 0xff, 0xff, 0xff, 0xff, 0xff, 0xff, 0xff, 0xff, 0xff,
	0xff, 0xff, 0xff, 0xff, 0xff, 0xff, 0xff, 0xff, 0xff, 0xff, 0xff, 0xff, 0xff, 0xff, 0xff, 0xff,
	0xff, 0xff, 0xff, 0xff, 0xff, 0xff, 0xff, 0xff, 0xff, 0xff, 0xff, 0xff, 0xff, 0xff, 0xff, 0xff,
	0xff, 0xff, 0xff, 0xff, 0xff, 0xff, 0xff, 0xff, 0xff, 0xff, 0xff, 0xff, 0xff, 0xff, 0xff, 0xff,
	0xff, 0xff, 0xff, 0xff, 0xff, 0xff, 0xff, 0xff, 0xff, 0xff, 0xff, 0xff, 0xff, 0xff, 0xff, 0xff,
	0xff, 0xff, 0xff, 0xff, 0xff, 0xff, 0xff, 0xff, 0xff, 0xff, 0xff, 0xff, 0xff, 0xff, 0xff, 0xff,
	0x00, 0x00, 0x00, 0x00, 0x00, 0x00, 0x00, 0x00, 0x00, 0x00, 0x00, 0x00, 0x00, 0x00, 0x00, 0x00,
	0x00, 0x00, 0x00, 0x00, 0x00, 0x00, 0x00, 0x00, 0x00, 0x00, 0x00, 0x00, 0x00, 0x00, 0x00, 0x00,
	0x00, 0x00, 0x00, 0x00, 0x00, 0x00, 0x00, 0x00, 0x00, 0x00, 0x00, 0x00, 0x00, 0x00, 0x00, 0x00,
	0x00, 0x00, 0x00, 0x00, 0x00, 0x00, 0x00, 0x00, 0x00, 0x00, 0x00, 0x00, 0x00, 0x00, 0x00, 0x00,
	0x00, 0x00, 0x00, 0x00, 0x00, 0x00, 0x00, 0x00, 0x00, 0x00, 0x00, 0x00, 0x00, 0x00, 0x00, 0x00,
	0x00, 0x00, 0x00, 0x00, 0x00, 0x00, 0x00, 0x00, 0x00, 0x00, 0x00, 0x00, 0x00, 0x00, 0x00, 0x00,
	0x00, 0x00, 0x00, 0x00, 0x00, 0x00, 0x00, 0x00, 0x00, 0x00, 0x00, 0x00, 0x00, 0x00, 0x00, 0x00,
	0x00, 0x00, 0x00, 0x00, 0x00, 0x00, 0x00, 0x00, 0x00, 0x00, 0x00, 0x00, 0x00, 0x00, 0x00, 0x00,
	0x00, 0x00, 0x00, 0x00, 0x00, 0x00, 0x00, 0x00, 0x00, 0x00, 0x00, 0x00, 0x00, 0x00, 0x00, 0x00,
	0x00, 0x00, 0x00, 0x00, 0x00, 0x00, 0x00, 0x00, 0x00, 0x00, 0x00, 0x00, 0x00, 0x00, 0x00, 0x00,
	0x00, 0x00, 0x00, 0x00, 0x00, 0x00, 0x00, 0x00, 0x00, 0x00, 0x00, 0x00, 0x00, 0x00, 0x00, 0x00,
	0x00, 0x00, 0x00, 0x00, 0x00, 0x00, 0x00, 0x00, 0x00, 0x00, 0x00, 0x00, 0x00, 0x00, 0x00, 0x00,
	0x00, 0x00, 0x00, 0x00, 0x00, 0x00, 0x00, 0x00, 0x00, 0x00, 0x00, 0x00, 0x00, 0x00, 0x00, 0x00,
	0x00, 0x00, 0x00, 0x00, 0x00, 0x00, 0x00, 0x00, 0x00, 0x00, 0x00, 0x00, 0x00, 0x00, 0x00, 0x00,
	0x00, 0x00, 0x00, 0x00, 0x00, 0x00, 0x00, 0x00, 0x00, 0x00, 0x00, 0x00, 0x00, 0x00, 0x00, 0x00,
	0x00, 0x00, 0x00, 0x00, 0x00, 0x00, 0x00, 0x00, 0x00, 0x00, 0x00, 0x00, 0x00, 0x00, 0x00, 0x00,
	0x00, 0x00, 0x00, 0x00, 0x00, 0x00, 0x00, 0x00, 0x00, 0x00, 0x00, 0x00, 0x00, 0x00, 0x00, 0x00,
	0x00, 0x00, 0x00, 0x00, 0x00, 0x00, 0x00, 0x00, 0x00, 0x00, 0x00, 0x00, 0x00, 0x00, 0x00, 0x00,
	0x00, 0x00, 0x00, 0x00, 0x00, 0x00, 0x00, 0x00, 0x00, 0x00, 0x00, 0x00, 0x00, 0x00, 0x00, 0x00,
	0x00, 0x00, 0x00, 0x00, 0x00, 0x00, 0x00, 0x00, 0x00, 0x00, 0x00, 0x00, 0x00, 0x00, 0x00, 0x00,
	0x00, 0x00, 0x00, 0x00, 0xf0, 0x00, 0x00, 0x00, 0x00, 0x00, 0x00, 0x00, 0x00, 0x00, 0xff, 0x00,
	0x00, 0x00, 0x00, 0x00, 0x00, 0x00, 0x00, 0x00, 0x00, 0x00, 0x00, 0x00, 0x00, 0x00, 0x00, 0x00,
	0x00, 0x00, 0x00, 0x00, 0x00, 0x00, 0x00, 0x00, 0x00, 0x00, 0x00, 0x00, 0x00, 0x00, 0x00, 0x00,
	0x00, 0x00, 0x00, 0x00, 0x00, 0x00, 0x00, 0x00, 0x00, 0x00, 0x00, 0x00, 0x00, 0x00, 0x00, 0x00,
	0xf0, 0x00, 0x00, 0x00, 0x00, 0x00, 0x00, 0x00, 0x00, 0x00, 0x00, 0x00, 0x00, 0x00, 0x00, 0x00,
	0x00, 0x00, 0x00, 0x00, 0x00, 0x00, 0x00, 0x00, 0x00, 0x00, 0x00, 0x00, 0x00, 0x00, 0x00, 0x00,
	0x00, 0xf0, 0x00, 0x00, 0x00, 0x00, 0x00, 0x00, 0x00, 0x00, 0x00, 0x00, 0x0f, 0x00, 0x00, 0x00,
	0x00, 0x00, 0x00, 0x00, 0x00, 0xff, 0x0f, 0x00, 0x00, 0x00, 0x00, 0xff, 0x00, 0x00, 0x00, 0x00,
	0x00, 0x00, 0x00, 0x00, 0xf0, 0x00, 0x00, 0x00, 0x00, 0x00, 0x00, 0x00, 0x00, 0x00, 0x00, 0xf0,
	0x00, 0x0f, 0x00, 0x00, 0x00, 0x00, 0x00, 0x00, 0x00, 0x00, 0x00, 0x00, 0x00, 0x00, 0x0f, 0x00,
	0x00, 0x00, 0x00, 0x00, 0x00, 0x00, 0x00, 0x00, 0x00, 0x00, 0x00, 0x00, 0x00, 0x00, 0x00, 0x00,
	0x00, 0x00, 0x00, 0x00, 0x00, 0x00, 0xff, 0x00, 0x00, 0x00, 0x00, 0x00, 0x00, 0x00, 0x00, 0x00,
	0x00, 0x00, 0x00, 0x00, 0x00, 0x00, 0x00, 0x00, 0x00, 0x0f, 0x00, 0x00, 0x00, 0x00, 0x00, 0x00,
	0x00, 0x00, 0x00, 0x00, 0x0f, 0x00, 0x00, 0x00, 0x00, 0x00, 0x00, 0x00, 0x00, 0x00, 0x00, 0x00,
	0x00, 0x00, 0x00, 0x00, 0x00, 0x00, 0x00, 0x00, 0x00, 0xf0, 0x00, 0x00, 0x00, 0x00, 0x00, 0x00,
	0x00, 0x00, 0x00, 0x00, 0x00, 0x00, 0x00, 0x00, 0x00, 0x00, 0x00, 0x00, 0x00, 0x00, 0x00, 0x00,
	0x00, 0x0f, 0x00, 0x00, 0x00, 0x00, 0x00, 0x00, 0x00, 0x00, 0x00, 0x00, 0x00, 0x00, 0x00, 0x00,
	0x00, 0x00, 0x00, 0x00, 0x00, 0x00, 0x00, 0x00, 0x00, 0x00, 0x00, 0xff, 0xf0, 0x00, 0x00, 0x00,
	0x00, 0x00, 0x00, 0xff, 0x00, 0x00, 0x00, 0x00, 0x00, 0x00, 0x00, 0x00, 0x00, 0x00, 0x00, 0x00,
	0x00, 0x00, 0x00, 0x00, 0x00, 0x00, 0x00, 0x00, 0x00, 0x00, 0x00, 0x00, 0x00, 0x00, 0x00, 0x00,
	0x00, 0x00, 0x0f, 0x00, 0x00, 0x00, 0x00, 0x00, 0x00, 0x00, 0x00, 0x00, 0x00, 0x00, 0x00, 0x00,
	0x00, 0x00, 0x00, 0x00, 0x00, 0x00, 0x00, 0x00, 0x00, 0xf0, 0xff, 0x00, 0x0f, 0x00, 0x00, 0x00,
	0x0f, 0x00, 0x00, 0x00, 0x0f, 0x00, 0x00, 0x00, 0xf0, 0xf0, 0x00, 0x00, 0xff, 0x00, 0x00, 0xf0,
	0x00, 0x00, 0x00, 0x00, 0x00, 0xff, 0x00, 0x00, 0x00, 0x00, 0x00, 0x00, 0x00, 0x00, 0x00, 0x00,
	0x00, 0xff, 0xff, 0xf0, 0x00, 0x00, 0x00, 0x00, 0x00, 0x00, 0x00, 0x00, 0x00, 0x00, 0x00, 0x00,
	0x00, 0x00, 0x00, 0x00, 0x00, 0x00, 0x0f, 0x00, 0x00, 0x00, 0x00, 0x00, 0xf0, 0x00, 0x00, 0x00,
	0x00, 0x00, 0xf0, 0x00, 0x00, 0x00, 0x00, 0x00, 0x00, 0x00, 0x00, 0x00, 0x0f, 0xf0, 0x00, 0x00,
	0x00, 0x00, 0x00, 0x00, 0x00, 0x00, 0x00, 0x00, 0x00, 0xff, 0x00, 0x00, 0x00, 0x0f, 0x00, 0x00,
	0x00, 0x00, 0x00, 0x0f, 0x00, 0x00, 0x00, 0x00, 0x00, 0x00, 0x00, 0x00, 0x00, 0x00, 0x00, 0xff,
	0x00, 0x00, 0xf0, 0x00, 0x0f, 0xff, 0x00, 0x00, 0x00, 0x00, 0x00, 0x00, 0x00, 0x00, 0x00, 0x00,
	0x0f, 0x00, 0x00, 0x00, 0x00, 0x00, 0xf0, 0x00, 0x00, 0x00, 0x00, 0xf0, 0x00, 0x00, 0x00, 0x00,
	0x00, 0x00, 0x00, 0x00, 0x00, 0x00, 0x00, 0x00, 0x00, 0x00, 0x0f, 0x00, 0x00, 0x00, 0xff, 0x00,
	0x0f, 0x00, 0x00, 0x00, 0x00, 0x00, 0x00, 0x00, 0x0f, 0x00, 0x00, 0x00, 0x00, 0xff, 0xff, 0x00,
	0x00, 0x00, 0x00, 0x00, 0x00, 0x00, 0x00, 0x00, 0x00, 0x00, 0x00, 0x00, 0x00, 0x0f, 0x00, 0x00,
	0xf0, 0x00, 0xf0, 0x00, 0x0f, 0xf0, 0x00, 0x00, 0x00, 0x00, 0x00, 0x00, 0x00, 0x00, 0x00, 0x00,
	0x00, 0xff, 0x00, 0x00, 0x00, 0x00, 0x00, 0x00, 0x00, 0x00, 0x00, 0x00, 0x00, 0x00, 0x00, 0x00,
	0x00, 0x00, 0x00, 0x00, 0x00, 0x00, 0xff, 0x00, 0x00, 0x00, 0x00, 0x00, 0x00, 0x00, 0x00, 0x00,
	0xf0, 0x00, 0x00, 0x00, 0x00, 0x00, 0xff, 0xf0, 0x00, 0x00, 0x00, 0xf0, 0x00, 0x00, 0x00, 0x00,
	0x0f, 0x00, 0x00, 0x00, 0x00, 0x00, 0x00, 0x00, 0x00, 0x00, 0x00, 0x00, 0x00, 0x00, 0x00, 0x00,
	0x00, 0xf0, 0x00, 0x00, 0xf0, 0x00, 0x00, 0x00, 0x0f, 0x00, 0x00, 0x00, 0x00, 0x00, 0x00, 0x00,
	0x00, 0xf0, 0x0f, 0x00, 0xf0, 0x00, 0xf0, 0x00, 0x00, 0x00, 0xff, 0x0f, 0x00, 0x0f, 0xff, 0x00,
	0x00, 0xff, 0x0f, 0x00, 0xf0, 0xff, 0x0f, 0xf0, 0x00, 0xf0, 0xf0, 0xf0, 0x0f, 0x00, 0xf0, 0xff,
	0x00, 0x00, 0xf0, 0x00, 0x00, 0xff, 0x00, 0xf0, 0xf0, 0xf0, 0x00, 0xff, 0xff, 0x00, 0xff, 0x00,
	0x00, 0x00, 0x0f, 0x00, 0xff, 0x00, 0x00, 0x0f, 0x0f, 0x00, 0x00, 0xff, 0xf0, 0x00, 0xff, 0xff,
	0x00, 0x0f, 0x0f, 0x00, 0xff, 0x0f, 0x00, 0xf0, 0xf0, 0x00, 0xff, 0x00, 0x0f, 0x0f, 0x00, 0x00,
	0x00, 0xf0, 0x0f, 0x0f, 0xf0, 0x00, 0x00, 0x00, 0x00, 0xf0, 0xff, 0x00, 0xf0, 0x0f, 0xff, 0x0f,
	0x00, 0xf0, 0x0f, 0x0f, 0x00, 0x00, 0x00, 0x00, 0x00, 0x0f, 0x00, 0xf0, 0xff, 0x00, 0x00, 0x0f,
	0xff, 0x0f, 0xf0, 0x00, 0x00, 0x00, 0xff, 0x00, 0x0f, 0x0f, 0xf0, 0x00, 0xff, 0x0f, 0x00, 0xff,
	0x0f, 0xff, 0xff, 0xff, 0x00, 0x00, 0x00, 0xff, 0x00, 0xf0, 0xf0, 0x00, 0x0f, 0xf0, 0x00, 0x00,
	0x0f, 0x0f, 0xf0, 0xf0, 0xff, 0x00, 0xf0, 0x00, 0xff, 0x0f, 0xff, 0x00, 0xff, 0x00, 0xf0, 0x00,
	0x00, 0xff, 0x00, 0x00, 0x0f, 0x00, 0xff, 0xf0, 0x00, 0xf0, 0x00, 0x00, 0xff, 0x00, 0xf0, 0xff,
	0xf0, 0x0f, 0xff, 0x00, 0x00, 0xff, 0x0f, 0x00, 0x00, 0x00, 0x00, 0x0f, 0xff, 0x00, 0x0f, 0x00,
	0x00, 0x0f, 0xf0, 0x00, 0x0f, 0xff, 0xff, 0x00, 0x00, 0xff, 0x00, 0x00, 0x00, 0xf0, 0xf0, 0xf0,
	0xf0, 0x00, 0x00, 0x00, 0x00, 0xff, 0x00, 0xf0, 0xff, 0x0f, 0x00, 0xff, 0xf0, 0x00, 0x0f, 0x00,
	0x00, 0x00, 0x00, 0xff, 0x00, 0x00, 0x0f, 0x00, 0x0f, 0xff, 0xf0, 0xf0, 0x0f, 0x00, 0xff, 0x00,
	0xff, 0x0f, 0x0f, 0x0f, 0x00, 0x00, 0x0f, 0x00, 0x00, 0x00, 0x0f, 0x0f, 0xf0, 0x00, 0x0f, 0x00,
	0xf0, 0x00, 0x0f, 0x00, 0x0f, 0x00, 0x00, 0x00, 0xff, 0xf0, 0xff, 0xf0, 0x0f, 0x0f, 0xf0, 0x00,
	0x00, 0x00, 0xf0, 0xff, 0xff, 0xff, 0x00, 0x0f, 0x00, 0xf0, 0xf0, 0xf0, 0xff, 0x00, 0x00, 0x00,
	0x00, 0x00, 0x00, 0x0f, 0xff, 0x0f, 0xff, 0xff, 0x0f, 0x00, 0xf0, 0x00, 0xff, 0xf0, 0x00, 0x0f,
	0x0f, 0x0f, 0xff, 0x00, 0x00, 0x00, 0xf0, 0x00, 0xf0, 0x00, 0x0f, 0x00, 0xf0, 0xf0, 0x00, 0xf0,
	0xf0, 0x00, 0x0f, 0x00, 0x0f, 0xf0, 0x0f, 0x0f, 0xf0, 0xf0, 0x00, 0x0f, 0xff, 0xf0, 0xf0, 0xf0,
	0x0f, 0x0f, 0x00, 0x0f, 0x00, 0xf0, 0x00, 0x00, 0x00, 0x0f, 0x00, 0xff, 0xf0, 0x0f, 0x0f, 0xf0,
	0xff, 0xff, 0x0f, 0x0f, 0x00, 0xff, 0x00, 0x0f, 0x0f, 0xff, 0xf0, 0x00, 0xf0, 0xff, 0x00, 0x0f,
	0x00, 0xf0, 0x0f, 0xff, 0xff, 0x00, 0x00, 0x00, 0xff, 0xff, 0xff, 0x0f, 0x0f, 0x00, 0x0f, 0xff,
	0xf0, 0x0f, 0x0f, 0x0f, 0xff, 0xff, 0x00, 0xf0, 0xf0, 0x0f, 0xf0, 0xf0, 0x00, 0x00, 0xff, 0x0f,
	0x00, 0x00, 0x0f, 0x0f, 0xff, 0xf0, 0x0f, 0xff, 0xf0, 0x00, 0xff, 0x00, 0xff, 0xff, 0x00, 0x0f,
	0xf0, 0x00, 0x0f, 0xf0, 0x0f, 0x00, 0x0f, 0xff, 0x00, 0xff, 0xff, 0x0f, 0xf0, 0x0f, 0xf0, 0x00,
	0x0f, 0xff, 0x00, 0x00, 0xf0, 0x00, 0xf0, 0xf0, 0x0f, 0x00, 0x00, 0xf0, 0xf0, 0xff, 0x00, 0x00,
	0x0f, 0xff, 0xff, 0xf0, 0x0f, 0x0f, 0x0f, 0x00, 0xf0, 0x00, 0x0f, 0xf0, 0xff, 0x0f, 0xff, 0xf0,
	0xff, 0x0f, 0x0f, 0xf0, 0x00, 0xf0, 0x0f, 0xff, 0x00, 0xff, 0xf0, 0x00, 0x0f, 0x0f, 0xff, 0x0f,
	0xf0, 0x0f, 0x00, 0x00, 0x0f, 0xf0, 0xf0, 0xf0, 0x00, 0x0f, 0x00, 0xff, 0xff, 0x00, 0x0f, 0xf0,
	0x00, 0x00, 0xf0, 0xf0, 0x0f, 0x00, 0xff, 0xff, 0x0f, 0xf0, 0x00, 0x00, 0xf0, 0xf0, 0x0f, 0xff,
	0x00, 0x0f, 0x00, 0xf0, 0xf0, 0x00, 0xf0, 0x00, 0xf0, 0x00, 0x0f, 0xff, 0x0f, 0x0f, 0xf0, 0xf0,
	0x00, 0x00, 0xf0, 0xff, 0xff, 0x00, 0x0f, 0x00, 0x00, 0xff, 0xff, 0xff, 0x0f, 0xf0, 0x0f, 0x0f,
	0x00, 0x00, 0x0f, 0xff, 0xf0, 0xff, 0xff, 0x00, 0x00, 0xf0, 0xf0, 0x00, 0xf0, 0xff, 0xff, 0xf0,
	0x0f, 0xf0, 0xf0, 0xff, 0xff, 0x0f, 0xff, 0x00, 0x00, 0x00, 0x0f, 0x00, 0xff, 0xff, 0xf0, 0x0f,
	0xf0, 0xf0, 0xf0, 0xf0, 0xff, 0x0f, 0xf0, 0xf0, 0xff, 0xf0, 0xff, 0x0f, 0x00, 0x0f, 0x00, 0x0f,
	0x0f, 0x0f, 0xf0, 0x0f, 0x00, 0x0f, 0xf0, 0x00, 0xf0, 0x00, 0x00, 0x00, 0xff, 0xf0, 0x0f, 0x00,
	0x0f, 0x00, 0xf0, 0x00, 0x0f, 0x00, 0xf0, 0xf0, 0xf0, 0x00, 0x00, 0xff, 0xff, 0x0f, 0x0f, 0x0f,
	0x0f, 0x00, 0xff, 0xf0, 0x00, 0x00, 0x00, 0x00, 0xff, 0xff, 0xff, 0xf0, 0xff, 0x0f, 0x00, 0xf0,
	0xff, 0xff, 0x00, 0xff, 0xff, 0x0f, 0xff, 0x0f, 0xf0, 0x00, 0x0f, 0xf0, 0xf0, 0xff, 0x00, 0xff,
	0x00, 0x0f, 0xff, 0xf0, 0x0f, 0xf0, 0xf0, 0xff, 0xf0, 0x0f, 0x00, 0x00, 0xf0, 0xf0, 0xf0, 0x0f,
	0x00, 0xf0, 0x0f, 0x0f, 0xff, 0xff, 0x00, 0xf0, 0xf0, 0xff, 0xf0, 0xff, 0xf0, 0xff, 0x0f, 0xff,
	0x0f, 0xff, 0xff, 0xff, 0xf0, 0xf0, 0x00, 0x0f, 0xff, 0xff, 0x00, 0x0f, 0x0f, 0x0f, 0xff, 0x0f,
	0xff, 0x0f, 0xf0, 0x0f, 0x00, 0xff, 0xff, 0xff, 0x0f, 0xf0, 0xf0, 0x0f, 0x0f, 0x00, 0x0f, 0xff,
	0xf0, 0xf0, 0xf0, 0xf0, 0x0f, 0xff, 0x0f, 0x00, 0x00, 0x0f, 0x00, 0xff, 0x0f, 0xf0, 0xff, 0x0f,
	0xf0, 0x0f, 0xff, 0xff, 0x00, 0x0f, 0xf0, 0xf0, 0xf0, 0x00, 0x0f, 0x0f, 0xff, 0x0f, 0x00, 0x00,
	0xff, 0xf0, 0x0f, 0xf0, 0x00, 0x0f, 0x0f, 0x00, 0xf0, 0x0f, 0x0f, 0x0f, 0x00, 0x0f, 0xff, 0x0f,
	0x0f, 0xff, 0xf0, 0xf0, 0x0f, 0x00, 0xf0, 0x0f, 0xff, 0xff, 0x0f, 0x0f, 0xf0, 0x00, 0xf0, 0x0f,
	0xf0, 0xf0, 0x0f, 0xff, 0xff, 0xff, 0x00, 0x00, 0xff, 0x0f, 0x0f, 0x00, 0xf0, 0x00, 0xff, 0x0f,
	0xff, 0x00, 0xf0, 0xff, 0xf0, 0xff, 0xf0, 0xf0, 0x00, 0xf0, 0xff, 0x0f, 0x0f, 0x0f, 0x0f, 0xf0,
	0xf0, 0xff, 0xff, 0xf0, 0xf0, 0x0f, 0x00, 0x00, 0xf0, 0xf0, 0xff, 0x0f, 0x0f, 0xff, 0x00, 0xff,
	0xf0, 0x00, 0x00, 0xff, 0x0f, 0x0f, 0xf0, 0xff, 0x0f, 0x00, 0x0f, 0xff, 0xff, 0xf0, 0x00, 0x0f,
	0xff, 0xff, 0xf0, 0xff, 0xff, 0xff, 0xf0, 0xff, 0x00, 0x00, 0x00, 0x0f, 0xff, 0xf0, 0xf0, 0x00,
	0x0f, 0x00, 0x00, 0x0f, 0x0f, 0xff, 0x0f, 0xf0, 0xf0, 0xf0, 0xf0, 0x00, 0x0f, 0xff, 0x00, 0xff,
	0x00, 0x00, 0xff, 0xf0, 0x0f, 0x0f, 0xf0, 0x0f, 0x00, 0xff, 0x0f, 0xf0, 0xf0, 0x0f, 0xf0, 0xff,
	0xf0, 0xff, 0x00, 0x0f, 0x0f, 0x00, 0xff, 0x0f, 0xf0, 0xf0, 0xff, 0xf0, 0x00, 0xff, 0xf0, 0x0f,
	0x0f, 0x0f, 0x0f, 0x0f, 0x0f, 0xff, 0xf0, 0x0f, 0xf0, 0x00, 0xff, 0xff, 0x00, 0xf0, 0x0f, 0x0f,
	0xff, 0xff, 0xf0, 0x0f, 0xf0, 0x00, 0x00, 0x0f, 0xf0, 0x00, 0xf0, 0xf0, 0xff, 0xff, 0xf0, 0x0f,
	0x0f, 0xf0, 0x00, 0xff, 0x0f, 0xf0, 0xf0, 0x00, 0xf0, 0xf0, 0x00, 0xf0, 0x0f, 0xf0, 0x0f, 0x00,
	0xff, 0x0f, 0x0f, 0xf0, 0xf0, 0xf0, 0xff, 0x0f, 0x0f, 0x0f, 0xff, 0x0f, 0xff, 0xf0, 0xf0, 0xff,
	0x0f, 0xf0, 0xff, 0xff, 0xf0, 0xf0, 0xf0, 0x0f, 0xf0, 0xff, 0x0f, 0xff, 0xff, 0x0f, 0x0f, 0x0f,
	0x0f, 0x0f, 0xf0, 0x0f, 0xff, 0x0f, 0x00, 0xff, 0xf0, 0xf0, 0xf0, 0x0f, 0xff, 0x0f, 0x00, 0xf0,
	0xf0, 0x0f, 0xff, 0x0f, 0xff, 0x0f, 0xff, 0x00, 0xf0, 0xf0, 0x0f, 0x0f, 0x0f, 0xf0, 0x0f, 0x0f,
	0xff, 0xf0, 0xf0, 0x0f, 0x0f, 0xff, 0x00, 0xf0, 0x00, 0x0f, 0x0f, 0xff, 0xff, 0xff, 0xf0, 0x00,
	0xff, 0x0f, 0xf0, 0xf0, 0x00, 0xf0, 0x0f, 0xff, 0xf0, 0x0f, 0xff, 0xff, 0xff, 0xff, 0xf0, 0xff,
	0xf0, 0xff, 0xf0, 0xff, 0xf0, 0xf0, 0xf0, 0xff, 0x0f, 0xf0, 0xf0, 0xf0, 0xff, 0xff, 0xff, 0xff,
	0xff, 0x0f, 0xff, 0xf0, 0xf0, 0xf0, 0xf0, 0x0f, 0xf0, 0xf0, 0x0f, 0x0f, 0xf0, 0xf0, 0x0f, 0x0f,
	0xf0, 0xf0, 0xff, 0xff, 0x00, 0xf0, 0x0f, 0x0f, 0x0f, 0xf0, 0xf0, 0xff, 0x0f, 0xff, 0x0f, 0xf0,
	0xf0, 0xf0, 0xf0, 0xff, 0x0f, 0xf0, 0xff, 0x0f, 0xff, 0x0f, 0x0f, 0xff, 0x0f, 0xff, 0xff, 0xf0,
	0xf0, 0x00, 0x00, 0xff, 0x0f, 0xff, 0xff, 0xf0, 0x0f, 0x0f, 0xff, 0xf0, 0x0f, 0x0f, 0x00, 0xf0,
	0xff, 0x0f, 0xff, 0x0f, 0xf0, 0x0f, 0xf0, 0x00, 0xf0, 0xff, 0xff, 0xff, 0xff, 0xff, 0xff, 0xff,
	0xf0, 0x00, 0xf0, 0x0f, 0x0f, 0xf0, 0xf0, 0xff, 0xff, 0x00, 0xf0, 0x0f, 0xff, 0xf0, 0x0f, 0x00,
	0xf0, 0xff, 0x0f, 0xff, 0xf0, 0xff, 0xff, 0x0f, 0xff, 0x00, 0xf0, 0xf0, 0x0f, 0x0f, 0xff, 0x0f,
	0xf0, 0xff, 0xf0, 0x0f, 0xf0, 0x0f, 0x0f, 0xf0, 0xf0, 0xf0, 0x0f, 0xf0, 0x0f, 0xff, 0xff, 0xf0,
	0x0f, 0x00, 0xff, 0x0f, 0x0f, 0xf0, 0x00, 0x00, 0x0f, 0x0f, 0xff, 0xf0, 0x0f, 0x0f, 0xff, 0x0f,
	0xff, 0x0f, 0xf0, 0xff, 0xff, 0x0f, 0xff, 0xff, 0xf0, 0xff, 0xf0, 0xf0, 0xff, 0x0f, 0xf0, 0x0f,
	0x0f, 0xf0, 0xff, 0xf0, 0xff, 0xff, 0x0f, 0x0f, 0xff, 0xff, 0xff, 0x0f, 0xf0, 0xff, 0xf0, 0xff,
	0xff, 0x0f, 0xf0, 0xf0, 0x0f, 0xf0, 0xf0, 0xf0, 0xff, 0x0f, 0xf0, 0xff, 0x0f, 0xf0, 0x0f, 0xf0,
	0xf0, 0xf0, 0x0f, 0xff, 0x00, 0xf0, 0xff, 0xff, 0x0f, 0xf0, 0xff, 0xf0, 0xf0, 0x0f, 0xf0, 0xff,
	0xff, 0xff, 0xff, 0xff, 0xff, 0xff, 0xff, 0xff, 0xff, 0xff, 0xff, 0xff, 0xff, 0xff, 0xff, 0xff,
	0xff, 0xff, 0xff, 0xff, 0xff, 0xff, 0xff, 0xff, 0xff, 0xff, 0xff, 0xff, 0xff, 0xff, 0xff, 0xff,
	0xff, 0xff, 0xff, 0xff, 0xff, 0xff, 0xff, 0xff, 0xff, 0xff, 0xff, 0xff, 0xff, 0xff, 0xff, 0xff,
	0xff, 0xff, 0xff, 0xff, 0xff, 0xff, 0xff, 0xff, 0xff, 0xff, 0xff, 0xff, 0xff, 0xff, 0xff, 0xff,
	0xff, 0xff, 0xff, 0xff, 0xff, 0xff, 0xff, 0xff, 0xff, 0xff, 0xff, 0xff, 0xff, 0xff, 0xff, 0xff,
	0xff, 0xff, 0xff, 0xff, 0xff, 0xff, 0xff, 0xff, 0xff, 0xff, 0xff, 0xff, 0xff, 0xff, 0xff, 0xff,
	0xff, 0xff, 0xff, 0xff, 0xff, 0xff, 0xff, 0xff, 0xff, 0xff, 0xff, 0xff, 0xff, 0xff, 0xff, 0xff,
	0xff, 0xff, 0xff, 0xff, 0xff, 0xff, 0xff, 0xff, 0xff, 0xff, 0xff, 0xff, 0xff, 0xff, 0xff, 0xff,
	0xff, 0xff, 0xff, 0xff, 0xff, 0xff, 0xff, 0xff, 0xff, 0xff, 0xff, 0xff, 0xff, 0xff, 0xff, 0xff,
	0xff, 0xff, 0xff, 0xff, 0xff, 0xff, 0xff, 0xff, 0xff, 0xff, 0xff, 0xff, 0xff, 0xff, 0xff, 0xff,
	0xff, 0xff, 0xff, 0xff, 0xff, 0xff, 0xff, 0xff, 0xff, 0xff, 0xff, 0xff, 0xff, 0xff, 0xff, 0xff,
	0xff, 0xff, 0xff, 0xff, 0xff, 0xff, 0xff, 0xff, 0xff, 0xff, 0xff, 0xff, 0xff, 0xff, 0xff, 0xff,
	0xff, 0xff, 0xff, 0xff, 0xff, 0xff, 0xff, 0xff, 0xff, 0xff, 0xff, 0xff, 0xff, 0xff, 0xff, 0xff,
	0xff, 0xff, 0xff, 0xff, 0xff, 0xff, 0xff, 0xff, 0xff, 0xff, 0xff, 0xff, 0xff, 0xff, 0xff, 0xff,
	0xff, 0xff, 0xff, 0xff, 0xff, 0xff, 0xff, 0xff, 0xff, 0xff, 0xff, 0xff, 0xff, 0xff, 0xff, 0xff,
	0xff, 0xff, 0xff, 0xff, 0xff, 0xff, 0xff, 0xff, 0xff, 0xff, 0xff, 0xff, 0xff, 0xff, 0xff, 0xff,
	0xff, 0xff, 0xff, 0xff, 0xff, 0xff, 0xff, 0xff, 0xff, 0xff, 0xff, 0xff, 0xff, 0xff, 0xff, 0xff,
	0xff, 0xff, 0xff, 0xff, 0xff, 0xff, 0xff, 0xff, 0xff, 0xff, 0xff, 0xff, 0xff, 0xff, 0xff, 0xff,
	0xff, 0xff, 0xff, 0xff, 0xff, 0xff, 0xff, 0xff, 0xff, 0xff, 0xff, 0xff, 0xff, 0xff, 0xff, 0xff,
	0xff, 0xff, 0xff, 0xff, 0xff, 0xff, 0xff, 0xff, 0xff, 0xff, 0xff, 0xff, 0xff, 0xff, 0xff, 0xff,
	0x00, 0x00, 0x00, 0x00, 0x00, 0x00, 0x00, 0x00, 0x00, 0x00, 0x00, 0x00, 0x00, 0x00, 0x00, 0x00,
	0x00, 0x00, 0x00, 0x00, 0x00, 0x00, 0x00, 0x00, 0x00, 0x00, 0x00, 0x00, 0x00, 0x00, 0x00, 0x00,
	0x00, 0x00, 0x00, 0x00, 0x00, 0x00, 0x00, 0x00, 0x00, 0x00, 0x00, 0x00, 0x00, 0x00, 0x00, 0x00,
	0x00, 0x00, 0x00, 0x00, 0x00, 0x00, 0x00, 0x00, 0x00, 0x00, 0x00, 0x00, 0x00, 0x00, 0x00, 0x00,
	0x00, 0x00, 0x00, 0x00, 0x00, 0x00, 0x00, 0x00, 0x00, 0x00, 0x00, 0x00, 0x00, 0x00, 0x00, 0x00,
	0x00, 0x00, 0x00, 0x00, 0x00, 0x00, 0x00, 0x00, 0x00, 0x00, 0x00, 0x00, 0x00, 0x00, 0x00, 0x00,
	0x00, 0x00, 0x00, 0x00, 0x00, 0x00, 0x00, 0x00, 0x00, 0x00, 0x00, 0x00, 0x00, 0x00, 0x00, 0x00,
	0x00, 0x00, 0x00, 0x00, 0x00, 0x00, 0x00, 0x00, 0x00, 0x00, 0x00, 0x00, 0x00, 0x00, 0x00, 0x00,
	0x00, 0x00, 0x00, 0x00, 0x00, 0x00, 0x00, 0x00, 0x00, 0x00, 0x00, 0x00, 0x00, 0x00, 0x00, 0x00,
	0x00, 0x00, 0x00, 0x00, 0x00, 0x00, 0x00, 0x00, 0x00, 0x00, 0x00, 0x00, 0x00, 0x00, 0x00, 0x00,
	0x00, 0x00, 0x00, 0x00, 0x00, 0x00, 0x00, 0x00, 0x00, 0x00, 0x00, 0x00, 0x00, 0x00, 0x00, 0x00,
	0x00, 0x00, 0x00, 0x00, 0x00, 0x00, 0x00, 0x00, 0x00, 0x00, 0x00, 0x00, 0x00, 0x00, 0x00, 0x00,
	0x00, 0x00, 0x00, 0x00, 0x00, 0x00, 0x00, 0x00, 0x00, 0x00, 0x00, 0x00, 0x00, 0x00, 0x00, 0x00,
	0x00, 0x00, 0x00, 0x00, 0x00, 0x00, 0x00, 0x00, 0x00, 0x00, 0x00, 0x00, 0x00, 0x00, 0x00, 0x00,
	0x00, 0x00, 0x00, 0x00, 0x00, 0x00, 0x00, 0x00, 0x00, 0x00, 0x00, 0x00, 0x00, 0x00, 0x00, 0x00,
	0x00, 0x00, 0x00, 0x00, 0x00, 0x00, 0x00, 0x00, 0x00, 0x00, 0x00, 0x00, 0x00, 0x00, 0x00, 0x00,
	0x00, 0x00, 0x00, 0x00, 0x00, 0x00, 0x00, 0x00, 0x00, 0x00, 0x00, 0x00, 0x00, 0x00, 0x00, 0x00,
	0x00, 0x00, 0x00, 0x00, 0x00, 0x00, 0x00, 0x00, 0x00, 0x00, 0x00, 0x00, 0x00, 0x00, 0x00, 0x00,
	0x00, 0x00, 0x00, 0x00, 0x00, 0x00, 0x00, 0x00, 0x00, 0x00, 0x00, 0x00, 0x00, 0x00, 0x00, 0x00,
	0x00, 0x00, 0x00, 0x00, 0x00, 0x00, 0x00, 0x00, 0x00, 0x00, 0x00, 0x00, 0x00, 0x00, 0x00, 0x00,
	0x00, 0x00, 0x00, 0xf0, 0x00, 0x00, 0x00, 0x00, 0x00, 0x00, 0x00, 0x00, 0x00, 0x00, 0x00, 0x00,
	0x00, 0x00, 0x00, 0x00, 0xf0, 0x00, 0x00, 0x00, 0x00, 0x00, 0x00, 0x00, 0x00, 0x00, 0x00, 0x00,
	0x00, 0x00, 0x00, 0x00, 0x00, 0x00, 0x00, 0x00, 0x00, 0x00, 0x00, 0x00, 0x00, 0x0f, 0x00, 0x00,
	0x00, 0x00, 0x00, 0x00, 0x00, 0x00, 0x00, 0x00, 0x00, 0x00, 0x00, 0x00, 0x00, 0x00, 0x00, 0x00,
	0x00, 0x00, 0x00, 0x00, 0x00, 0x00, 0x00, 0x00, 0x00, 0x00, 0x00, 0x0f, 0x0f, 0x00, 0x00, 0x00,
	0x00, 0xf0, 0x00, 0x00, 0x00, 0x00, 0x00, 0x00, 0x00, 0x00, 0x00, 0x00, 0x00, 0x00, 0x00, 0x00,
	0x00, 0x00, 0x00, 0x00, 0x00, 0x00, 0x00, 0x00, 0x00, 0x00, 0x00, 0x00, 0x00, 0x00, 0x00, 0x00,
	0x00, 0xf0, 0x00, 0x00, 0x00, 0x00, 0x00, 0x00, 0x00, 0x00, 0x00, 0x00, 0x00, 0x00, 0x00, 0x00,
	0xff, 0x00, 0xf0, 0x00, 0x00, 0x00, 0xff, 0x00, 0x00, 0x00, 0x00, 0x00, 0x00, 0x00, 0x0f, 0x00,
	0x00, 0x00, 0x00, 0x00, 0x00, 0x00, 0x00, 0x00, 0x00, 0x00, 0x00, 0x00, 0x00, 0x00, 0x00, 0x00,
	0x00, 0x00, 0xf0, 0x00, 0x00, 0x00, 0x00, 0x00, 0x0f, 0x00, 0x00, 0x00, 0x00, 0x00, 0xff, 0x00,
	0x00, 0x00, 0x00, 0x00, 0x00, 0xff, 0x00, 0x00, 0x00, 0x00, 0x00, 0xff, 0x00, 0x00, 0x00, 0x00,
	0x00, 0x00, 0x00, 0x00, 0x00, 0x00, 0x00, 0x00, 0x00, 0x00, 0x00, 0x00, 0x00, 0x00, 0x00, 0x00,
	0x00, 0x00, 0x00, 0x00, 0x00, 0x00, 0x00, 0x00, 0x00, 0x00, 0x00, 0x00, 0x00, 0x00, 0x00, 0x00,
	0x00, 0x00, 0x00, 0x00, 0x00, 0x00, 0x00, 0x00, 0x00, 0x00, 0x00, 0x00, 0x00, 0x00, 0x00, 0x00,
	0x00, 0x00, 0x00, 0x00, 0x00, 0x00, 0x00, 0x00, 0xf0, 0x00, 0x00, 0x00, 0x00, 0x00, 0x00, 0x00,
	0x00, 0x00, 0x00, 0x00, 0x00, 0x00, 0x00, 0x00, 0x00, 0x00, 0x00, 0x00, 0x00, 0x00, 0x00, 0x00,
	0x00, 0x00, 0x00, 0x00, 0x00, 0x00, 0x00, 0x00, 0xf0, 0x00, 0x00, 0x00, 0x00, 0x00, 0xff, 0x00,
	0x00, 0x00, 0x00, 0x00, 0x00, 0xff, 0x00, 0x00, 0x00, 0x00, 0x00, 0x00, 0x00, 0x00, 0x00, 0x00,
	0x00, 0x00, 0x00, 0x00, 0x00, 0x00, 0x00, 0x00, 0x00, 0x00, 0x00, 0x00, 0x00, 0x00, 0x00, 0x00,
	0x00, 0x00, 0x00, 0x00, 0x00, 0x00, 0x00, 0x00, 0x00, 0x00, 0x00, 0x00, 0x00, 0x00, 0x00, 0x0f,
	0x00, 0x00, 0x00, 0x00, 0x00, 0x00, 0x00, 0x00, 0xff, 0x0f, 0x00, 0x00, 0x00, 0x00, 0xff, 0x0f,
	0x00, 0x00, 0x00, 0x00, 0x0f, 0x00, 0x00, 0x00, 0xff, 0x00, 0xf0, 0x00, 0xff, 0x00, 0x00, 0x00,
	0x0f, 0x00, 0x00, 0x00, 0x00, 0x00, 0x00, 0x00, 0x00, 0xf0, 0x00, 0x00, 0x00, 0x00, 0x00, 0x00,
	0x00, 0x00, 0x00, 0x00, 0x00, 0x00, 0x00, 0x00, 0x00, 0x00, 0xff, 0x00, 0x00, 0x00, 0x00, 0x00,
	0x00, 0x00, 0xff, 0x0f, 0x00, 0xf0, 0x00, 0x00, 0x00, 0x00, 0x00, 0x00, 0x0f, 0x00, 0x00, 0x00,
	0x00, 0xf0, 0x00, 0x00, 0x00, 0x00, 0x00, 0x00, 0x00, 0xff, 0x00, 0x00, 0x00, 0x00, 0x00, 0x00,
	0x00, 0x00, 0x00, 0x00, 0x00, 0x00, 0x00, 0x00, 0x00, 0x00, 0x00, 0x00, 0x00, 0x0f, 0x00, 0x00,
	0x00, 0xff, 0x00, 0x00, 0x00, 0x0f, 0x00, 0xf0, 0x00, 0x00, 0x00, 0x00, 0x00, 0x00, 0x00, 0x00,
	0x00, 0x00, 0x00, 0x00, 0x00, 0x00, 0x00, 0x00, 0x00, 0x00, 0x00, 0x00, 0x00, 0xff, 0x00, 0x00,
	0x00, 0x00, 0x00, 0x00, 0x00, 0x00, 0xff, 0xf0, 0x00, 0x00, 0x00, 0x00, 0x00, 0x00, 0xff, 0x00,
	0x00, 0x00, 0x00, 0xff, 0x00, 0x0f, 0x00, 0x00, 0x00, 0x00, 0x00, 0x00, 0x00, 0x00, 0x00, 0x00,
	0xff, 0x00, 0x00, 0x00, 0xff, 0xff, 0x00, 0x00, 0x00, 0x00, 0x00, 0x00, 0x00, 0x00, 0x00, 0x00,
	0x00, 0x00, 0xf0, 0xf0, 0x00, 0x00, 0x00, 0x00, 0x00, 0x00, 0x00, 0xf0, 0xff, 0x00, 0xff, 0x00,
	0x00, 0x00, 0x00, 0x00, 0x00, 0x00, 0x00, 0x00, 0xff, 0x00, 0x00, 0x00, 0x00, 0x00, 0x00, 0x00,
	0x00, 0x00, 0x00, 0x00, 0x00, 0x00, 0xff, 0xf0, 0x00, 0x00, 0x00, 0x00, 0x00, 0x00, 0x00, 0x00,
	0xf0, 0x00, 0x00, 0x00, 0x00, 0x00, 0x00, 0x00, 0x00, 0x0f, 0x00, 0x00, 0x00, 0x00, 0x00, 0x00,
	0x00, 0x00, 0xf0, 0x00, 0xf0, 0x00, 0x00, 0xff, 0x00, 0x00, 0x00, 0x00, 0x00, 0x00, 0x0f, 0x00,
	0x0f, 0x00, 0x00, 0x00, 0xf0, 0x00, 0x00, 0x00, 0x00, 0x00, 0x00, 0x00, 0x00, 0x00, 0x00, 0x00,
	0x0f, 0x00, 0x0f, 0x00, 0x00, 0x00, 0x00, 0x00, 0x00, 0x00, 0x00, 0x00, 0x00, 0x00, 0x00, 0x0f,
	0x00, 0x00, 0x00, 0x00, 0x00, 0x0f, 0x00, 0xf0, 0x00, 0x00, 0x0f, 0x00, 0x00, 0x00, 0xff, 0x00,
	0x00, 0xff, 0xf0, 0xf0, 0x00, 0x00, 0x00, 0xff, 0x00, 0xff, 0x00, 0xff, 0x00, 0xf0, 0x0f, 0xf0,
	0x00, 0x0f, 0x0f, 0x0f, 0x0f, 0x0f, 0x0f, 0x00, 0x0f, 0x00, 0x00, 0x0f, 0x0f, 0xff, 0x0f, 0xff,
	0x00, 0x00, 0x00, 0xf0, 0xff, 0xff, 0x00, 0xf0, 0x00, 0x0f, 0x00, 0x00, 0x00, 0x00, 0x00, 0xf0,
	0x00, 0x00, 0xf0, 0x0f, 0x00, 0x00, 0x00, 0x00, 0xf0, 0x00, 0xf0, 0x00, 0xf0, 0x00, 0xff, 0x00,
	0xff, 0x00, 0x0f, 0x00, 0x0f, 0x0f, 0xff, 0x00, 0x00, 0xf0, 0xff, 0x00, 0x00, 0xf0, 0xff, 0x0f,
	0xf0, 0xff, 0x00, 0x0f, 0x00, 0xff, 0x00, 0x00, 0x0f, 0x0f, 0x00, 0x0f, 0xff, 0x00, 0x00, 0xf0,
	0x00, 0x00, 0x0f, 0x00, 0x00, 0x00, 0xf0, 0x00, 0xf0, 0x00, 0x00, 0xf0, 0xf0, 0x00, 0x00, 0x0f,
	0x00, 0xf0, 0xff, 0x0f, 0xf0, 0x00, 0x0f, 0xf0, 0x00, 0xff, 0xff, 0x00, 0x00, 0x00, 0x0f, 0x0f,
	0xff, 0xf0, 0x00, 0xf0, 0xff, 0xff, 0x00, 0xf0, 0xf0, 0x00, 0x00, 0x00, 0xf0, 0x0f, 0xff, 0xff,
	0x0f, 0x0f, 0x00, 0xff, 0xff, 0x00, 0x0f, 0x00, 0x00, 0x00, 0xff, 0x0f, 0xff, 0x0f, 0x00, 0xff,
	0xf0, 0x0f, 0xf0, 0xff, 0x0f, 0xff, 0x0f, 0x00, 0xf0, 0xff, 0x00, 0xf0, 0x00, 0x0f, 0xff, 0x0f,
	0x0f, 0x0f, 0xf0, 0xf0, 0x0f, 0xff, 0xff, 0x0f, 0x00, 0x00, 0x0f, 0x0f, 0x0f, 0xf0, 0x0f, 0x0f,
	0xff, 0x00, 0x00, 0xff, 0xff, 0x0f, 0x0f, 0xf0, 0x00, 0x0f, 0x00, 0xf0, 0xff, 0x00, 0x00, 0xf0,
	0xf0, 0x0f, 0x0f, 0x00, 0xff, 0x00, 0xf0, 0xf0, 0x0f, 0x00, 0x0f, 0xff, 0x00, 0x00, 0xff, 0x00,
	0x00, 0x00, 0x00, 0x00, 0x00, 0x0f, 0xff, 0x0f, 0x00, 0x00, 0x00, 0x00, 0xff, 0x0f, 0xff, 0x0f,
	0x00, 0x00, 0xf0, 0x00, 0x0f, 0x00, 0xf0, 0x00, 0x00, 0x00, 0x0f, 0xf0, 0x0f, 0xf0, 0x00, 0xff,
	0xff, 0x00, 0x00, 0xf0, 0x0f, 0xff, 0x00, 0x00, 0x00, 0x00, 0x00, 0x00, 0x0f, 0x0f, 0xf0, 0x0f,
	0xff, 0xf0, 0x00, 0x0f, 0xf0, 0xf0, 0x00, 0x00, 0x00, 0x00, 0xf0, 0x0f, 0x0f, 0x00, 0xff, 0xf0,
	0xff, 0x00, 0x00, 0xff, 0xff, 0xf0, 0x00, 0x00, 0xff, 0x00, 0xff, 0x00, 0x00, 0x00, 0xff, 0x00,
	0x00, 0x0f, 0x0f, 0x0f, 0xff, 0xf0, 0x0f, 0xff, 0xff, 0x00, 0x0f, 0xf0, 0xff, 0x00, 0x0f, 0xff,
	0x00, 0x00, 0x00, 0xff, 0x0f, 0xf0, 0xff, 0xf0, 0xff, 0xff, 0x00, 0xf0, 0xf0, 0x0f, 0xff, 0xff,
	0xf0, 0x0f, 0x0f, 0xff, 0xff, 0x0f, 0x00, 0xf0, 0xff, 0x0f, 0x00, 0xff, 0x00, 0xff, 0xf0, 0x0f,
	0x0f, 0x0f, 0xff, 0xf0, 0xf0, 0x00, 0x00, 0xff, 0xff, 0x00, 0xff, 0x0f, 0xff, 0x00, 0x0f, 0x00,
	0x00, 0x0f, 0xf0, 0xff, 0xf0, 0x0f, 0xff, 0x0f, 0xff, 0xf0, 0xff, 0x0f, 0xf0, 0x0f, 0x0f, 0x0f,
	0xf0, 0x00, 0x0f, 0x0f, 0xff, 0x0f, 0x00, 0x0f, 0x00, 0x00, 0xff, 0xf0, 0xf0, 0x00, 0xf0, 0x00,
	0xf0, 0x00, 0x00, 0x0f, 0xf0, 0x0f, 0x00, 0x00, 0x00, 0x00, 0x0f, 0x00, 0x0f, 0xf0, 0x0f, 0x00,
	0x00, 0x0f, 0xff, 0xff, 0xf0, 0xf0, 0xff, 0xff, 0x00, 0xf0, 0x0f, 0x00, 0xf0, 0x0f, 0x0f, 0xf0,
	0x00, 0x0f, 0xff, 0xf0, 0xf0, 0x00, 0xff, 0xf0, 0x00, 0x0f, 0x00, 0x00, 0x00, 0xff, 0x0f, 0xf0,
	0x0f, 0x0f, 0xff, 0x00, 0xf0, 0x00, 0x00, 0xff, 0xf0, 0xff, 0x00, 0x0f, 0x0f, 0xff, 0xff, 0x0f,
	0x00, 0x00, 0xf0, 0x00, 0xf0, 0xff, 0xff, 0x00, 0x00, 0x0f, 0x0f, 0x0f, 0x00, 0x00, 0xf0, 0xff,
	0x0f, 0xff, 0x0f, 0x00, 0xff, 0xf0, 0x00, 0x0f, 0xff, 0x0f, 0x00, 0x0f, 0x00, 0x0f, 0xff, 0xff,
	0xff, 0x0f, 0xf0, 0xf0, 0x0f, 0x0f, 0x00, 0x0f, 0xf0, 0xf0, 0x00, 0xf0, 0xf0, 0xff, 0x00, 0xff,
	0x00, 0x0f, 0x00, 0x00, 0x0f, 0x0f, 0xff, 0x0f, 0xf0, 0xf0, 0x00, 0x00, 0xf0, 0x00, 0x00, 0x00,
	0xf0, 0xff, 0xf0, 0xf0, 0x0f, 0xf0, 0xf0, 0xf0, 0xf0, 0xff, 0x00, 0xf0, 0x0f, 0xf0, 0xff, 0xff,
	0x0f, 0xf0, 0x0f, 0x00, 0xf0, 0x00, 0xff, 0x00, 0x0f, 0xf0, 0x00, 0x0f, 0xf0, 0xff, 0x00, 0xff,
	0x0f, 0x0f, 0xff, 0xff, 0x00, 0x0f, 0x0f, 0x0f, 0xff, 0x00, 0x00, 0x00, 0xff, 0x00, 0xf0, 0xf0,
	0x00, 0xf0, 0x00, 0x0f, 0x00, 0x0f, 0xff, 0xff, 0x00, 0xff, 0xff, 0xff, 0x00, 0x00, 0x0f, 0x0f,
	0x00, 0x00, 0x00, 0xf0, 0xff, 0xff, 0xff, 0xf0, 0xf0, 0x0f, 0x0f, 0xf0, 0x0f, 0x00, 0x0f, 0x0f,
	0xff, 0x0f, 0xff, 0x0f, 0x0f, 0xf0, 0x0f, 0xf0, 0x00, 0xff, 0xf0, 0x0f, 0xf0, 0x00, 0x00, 0x00,
	0x00, 0xf0, 0x00, 0xff, 0xf0, 0x00, 0x0f, 0x0f, 0xf0, 0xf0, 0x0f, 0xff, 0x0f, 0xff, 0x00, 0xff,
	0xf0, 0xff, 0xf0, 0x0f, 0x0f, 0xf0, 0x00, 0xff, 0x00, 0x0f, 0x00, 0xff, 0xf0, 0x00, 0xff, 0xff,
	0x00, 0x0f, 0x0f, 0x0f, 0x0f, 0x00, 0x0f, 0xf0, 0xf0, 0xf0, 0x0f, 0xff, 0xff, 0xff, 0xff, 0x00,
	0xf0, 0xf0, 0x0f, 0xf0, 0x00, 0xf0, 0xf0, 0xf0, 0xff, 0x0f, 0x0f, 0x00, 0x00, 0x0f, 0xff, 0xf0,
	0xff, 0xf0, 0x0f, 0x00, 0xff, 0x00, 0x00, 0xff, 0xf0, 0xf0, 0xf0, 0xff, 0x0f, 0x00, 0xf0, 0xff,
	0x00, 0xff, 0xf0, 0xff, 0x0f, 0xf0, 0xf0, 0xf0, 0xff, 0xff, 0x0f, 0xf0, 0xf0, 0x0f, 0x0f, 0x00,
	0x00, 0xf0, 0xf0, 0x0f, 0xff, 0xff, 0xff, 0xff, 0xf0, 0xff, 0x00, 0xff, 0xf0, 0xf0, 0xff, 0x0f,
	0x00, 0x0f, 0xf0, 0x0f, 0x0f, 0x0f, 0x00, 0xff, 0x0f, 0x0f, 0x00, 0x0f, 0xff, 0x0f, 0xf0, 0x0f,
	0xf0, 0x0f, 0x0f, 0x0f, 0xf0, 0xff, 0xf0, 0x0f, 0x0f, 0x00, 0x0f, 0x0f, 0x0f, 0xff, 0x0f, 0x0f,
	0x00, 0x00, 0xf0, 0x00, 0xff, 0x0f, 0x0f, 0xff, 0xff, 0x0f, 0xff, 0x00, 0xf0, 0x0f, 0x0f, 0x0f,
	0xff, 0x00, 0xf0, 0xff, 0x0f, 0x00, 0x00, 0xff, 0x00, 0xf0, 0xf0, 0x00, 0x00, 0x0f, 0xf0, 0xf0,
	0xf0, 0xf0, 0xf0, 0xf0, 0xff, 0x0f, 0xf0, 0xf0, 0x00, 0xff, 0xff, 0x0f, 0xf0, 0xff, 0xff, 0x0f,
	0xff, 0xf0, 0x0f, 0x0f, 0xff, 0x00, 0x0f, 0xf0, 0x00, 0x0f, 0x0f, 0x00, 0xf0, 0xf0, 0xf0, 0xff,
	0x0f, 0xf0, 0xf0, 0x0f, 0x0f, 0xff, 0x0f, 0xff, 0x0f, 0x00, 0x00, 0x00, 0x0f, 0xff, 0xff, 0x0f,
	0x00, 0x00, 0xf0, 0xff, 0xff, 0x00, 0xf0, 0xff, 0xf0, 0xf0, 0xff, 0xff, 0xff, 0xf0, 0xff, 0x00,
	0x00, 0xff, 0x00, 0x0f, 0x00, 0xff, 0x00, 0x00, 0x0f, 0xf0, 0x0f, 0xf0, 0xf0, 0xf0, 0x0f, 0xff,
	0xf0, 0xf0, 0x0f, 0x00, 0x0f, 0x00, 0xf0, 0xff, 0xf0, 0x0f, 0xf0, 0x00, 0x0f, 0xff, 0x00, 0x0f,
	0x0f, 0x0f, 0xf0, 0x0f, 0xff, 0xf0, 0x0f, 0x0f, 0xf0, 0x0f, 0x0f, 0xff, 0xf0, 0xff, 0x00, 0xf0,
	0xf0, 0xff, 0xf0, 0xf0, 0xf0, 0xff, 0x0f, 0x00, 0xf0, 0x0f, 0xf0, 0x0f, 0xff, 0x0f, 0xf0, 0x0f,
	0xf0, 0xf0, 0xf0, 0xf0, 0x00, 0x0f, 0xff, 0xf0, 0xff, 0xff, 0xff, 0x00, 0xff, 0x0f, 0x0f, 0x0f,
	0xff, 0x0f, 0xf0, 0xf0, 0x0f, 0xf0, 0xf0, 0xf0, 0xf0, 0xff, 0xf0, 0xff, 0x0f, 0x00, 0x0f, 0x0f,
	0x0f, 0xf0, 0x0f, 0x0f, 0x0f, 0x0f, 0xf0, 0x0f, 0xff, 0xf0, 0xff, 0xf0, 0xf0, 0x00, 0xff, 0xff,
	0x0f, 0xf0, 0xf0, 0xf0, 0x0f, 0x00, 0xff, 0x00, 0x0f, 0x0f, 0xf0, 0xff, 0xf0, 0x0f, 0xff, 0x0f,
	0xff, 0xf0, 0x0f, 0xf0, 0xf0, 0x0f, 0xff, 0xff, 0xff, 0xff, 0xf0, 0xff, 0x00, 0xf0, 0x0f, 0xf0,
	0xff, 0xf0, 0xf0, 0xf0, 0xff, 0xf0, 0xff, 0x0f, 0x0f, 0x0f, 0xff, 0x0f, 0xf0, 0x0f, 0xff, 0x0f,
	0xf0, 0x00, 0xff, 0xf0, 0xff, 0x0f, 0xf0, 0x0f, 0xf0, 0xf0, 0xff, 0xf0, 0xf0, 0xf0, 0xf0, 0xf0,
	0xf0, 0xf0, 0xff, 0xf0, 0xf0, 0x00, 0xf0, 0xff, 0x00, 0xf0, 0xf0, 0x00, 0x0f, 0xff, 0xf0, 0xff,
	0xf0, 0x0f, 0xf0, 0x0f, 0xf0, 0x0f, 0xff, 0xf0, 0xf0, 0x0f, 0xff, 0xf0, 0x0f, 0x0f, 0x0f, 0xff,
	0xf0, 0x0f, 0xff, 0xff, 0x0f, 0x0f, 0x0f, 0xf0, 0xff, 0xff, 0xff, 0x0f, 0xff, 0x0f, 0x0f, 0x0f,
	0x0f, 0x00, 0xf0, 0xf0, 0xff, 0xf0, 0x0f, 0xf0, 0x0f, 0xf0, 0xff, 0xf0, 0xff, 0xf0, 0x00, 0x0f,
	0x0f, 0x0f, 0x0f, 0x00, 0xff, 0xf0, 0xf0, 0xff, 0x0f, 0x00, 0xf0, 0xff, 0xff, 0xff, 0xff, 0xf0,
	0x0f, 0x0f, 0x0f, 0x00, 0xf0, 0x0f, 0xff, 0xff, 0xff, 0xff, 0xff, 0xff, 0x0f, 0xf0, 0xf0, 0xff,
	0xff, 0xf0, 0x0f, 0x0f, 0xff, 0xff, 0xff, 0x00, 0xf0, 0xff, 0x0f, 0xf0, 0xff, 0xff, 0x0f, 0xff,
	0x0f, 0x0f, 0xf0, 0x0f, 0xff, 0x0f, 0xff, 0x0f, 0xff, 0xf0, 0xff, 0xf0, 0x00, 0xf0, 0x0f, 0xff,
	0xff, 0xf0, 0xff, 0xf0, 0x0f, 0xff, 0xf0, 0xf0, 0xff, 0xff, 0xf0, 0xff, 0xff, 0xff, 0xff, 0xff,
	0xf0, 0x0f, 0x0f, 0xf0, 0x0f, 0xff, 0xff, 0x0f, 0x00, 0xff, 0xff, 0xff, 0x0f, 0xf0, 0x0f, 0xff,
	0x0f, 0xf0, 0xff, 0xff, 0x0f, 0x0f, 0xf0, 0xf0, 0xff, 0xf0, 0x0f, 0x0f, 0xf0, 0x0f, 0xff, 0x00,
	0xff, 0xf0, 0x0f, 0x0f, 0xff, 0xff, 0xff, 0x0f, 0xff, 0xff, 0xf0, 0xf0, 0xff, 0xff, 0x0f, 0xff,
	0xff, 0x0f, 0xf0, 0xff, 0xf0, 0x0f, 0x0f, 0xff, 0xff, 0x00, 0x0f, 0xf0, 0x0f, 0xf0, 0xff, 0xf0,
	0xf0, 0xff, 0x00, 0x0f, 0xff, 0xf0, 0x0f, 0xff, 0xf0, 0x0f, 0x0f, 0xff, 0xf0, 0xff, 0xf0, 0xff,
	0xff, 0xff, 0xff, 0xff, 0xff, 0xff, 0xff, 0xff, 0xff, 0xff, 0xff, 0xff, 0xff, 0xff, 0xff, 0xff,
	0xff, 0xff, 0xff, 0xff, 0xff, 0xff, 0xff, 0xff, 0xff, 0xff, 0xff, 0xff, 0xff, 0xff, 0xff, 0xff,
	0xff, 0xff, 0xff, 0xff, 0xff, 0xff, 0xff, 0xff, 0xff, 0xff, 0xff, 0xff, 0xff, 0xff, 0xff, 0xff,
	0xff, 0xff, 0xff, 0xff, 0xff, 0xff, 0xff, 0xff, 0xff, 0xff, 0xff, 0xff, 0xff, 0xff, 0xff, 0xff,
	0xff, 0xff, 0xff, 0xff, 0xff, 0xff, 0xff, 0xff, 0xff, 0xff, 0xff, 0xff, 0xff, 0xff, 0xff, 0xff,
	0xff, 0xff, 0xff, 0xff, 0xff, 0xff, 0xff, 0xff, 0xff, 0xff, 0xff, 0xff, 0xff, 0xff, 0xff, 0xff,
	0xff, 0xff, 0xff, 0xff, 0xff, 0xff, 0xff, 0xff, 0xff, 0xff, 0xff, 0xff, 0xff, 0xff, 0xff, 0xff,
	0xff, 0xff, 0xff, 0xff, 0xff, 0xff, 0xff, 0xff, 0xff, 0xff, 0xff, 0xff, 0xff, 0xff, 0xff, 0xff,
	0xff, 0xff, 0xff, 0xff, 0xff, 0xff, 0xff, 0xff, 0xff, 0xff, 0xff, 0xff, 0xff, 0xff, 0xff, 0xff,
	0xff, 0xff, 0xff, 0xff, 0xff, 0xff, 0xff, 0xff, 0xff, 0xff, 0xff, 0xff, 0xff, 0xff, 0xff, 0xff,
	0xff, 0xff, 0xff, 0xff, 0xff, 0xff, 0xff, 0xff, 0xff, 0xff, 0xff, 0xff, 0xff, 0xff, 0xff, 0xff,
	0xff, 0xff, 0xff, 0xff, 0xff, 0xff, 0xff, 0xff, 0xff, 0xff, 0xff, 0xff, 0xff, 0xff, 0xff, 0xff,
	0xff, 0xff, 0xff, 0xff, 0xff, 0xff, 0xff, 0xff, 0xff, 0xff, 0xff, 0xff, 0xff, 0xff, 0xff, 0xff,
	0xff, 0xff, 0xff, 0xff, 0xff, 0xff, 0xff, 0xff, 0xff, 0xff, 0xff, 0xff, 0xff, 0xff, 0xff, 0xff,
	0xff, 0xff, 0xff, 0xff, 0xff, 0xff, 0xff, 0xff, 0xff, 0xff, 0xff, 0xff, 0xff, 0xff, 0xff, 0xff,
	0xff, 0xff, 0xff, 0xff, 0xff, 0xff, 0xff, 0xff, 0xff, 0xff, 0xff, 0xff, 0xff, 0xff, 0xff, 0xff,
	0xff, 0xff, 0xff, 0xff, 0xff, 0xff, 0xff, 0xff, 0xff, 0xff, 0xff, 0xff, 0xff, 0xff, 0xff, 0xff,
	0xff, 0xff, 0xff, 0xff, 0xff, 0xff, 0xff, 0xff, 0xff, 0xff, 0xff, 0xff, 0xff, 0xff, 0xff, 0xff,
	0xff, 0xff, 0xff, 0xff, 0xff, 0xff, 0xff, 0xff, 0xff, 0xff, 0xff, 0xff, 0xff, 0xff, 0xff, 0xff,
	0xff, 0xff, 0xff, 0xff, 0xff, 0xff, 0xff, 0xff, 0xff, 0xff, 0xff, 0xff, 0xff, 0xff, 0xff, 0xff,
	0x00, 0x00, 0x00, 0x00, 0x00, 0x00, 0x00, 0x00, 0x00, 0x00, 0x00, 0x00, 0x00, 0x00, 0x00, 0x00,
	0x00, 0x00, 0x00, 0x00, 0x00, 0x00, 0x00, 0x00, 0x00, 0x00, 0x00, 0x00, 0x00, 0x00, 0x00, 0x00,
	0x00, 0x00, 0x00, 0x00, 0x00, 0x00, 0x00, 0x00, 0x00, 0x00, 0x00, 0x00, 0x00, 0x00, 0x00, 0x00,
	0x00, 0x00, 0x00, 0x00, 0x00, 0x00, 0x00, 0x00, 0x00, 0x00, 0x00, 0x00, 0x00, 0x00, 0x00, 0x00,
	0x00, 0x00, 0x00, 0x00, 0x00, 0x00, 0x00, 0x00, 0x00, 0x00, 0x00, 0x00, 0x00, 0x00, 0x00, 0x00,
	0x00, 0x00, 0x00, 0x00, 0x00, 0x00, 0x00, 0x00, 0x00, 0x00, 0x00, 0x00, 0x00, 0x00, 0x00, 0x00,
	0x00, 0x00, 0x00, 0x00, 0x00, 0x00, 0x00, 0x00, 0x00, 0x00, 0x00, 0x00, 0x00, 0x00, 0x00, 0x00,
	0x00, 0x00, 0x00, 0x00, 0x00, 0x00, 0x00, 0x00, 0x00, 0x00, 0x00, 0x00, 0x00, 0x00, 0x00, 0x00,
	0x00, 0x00, 0x00, 0x00, 0x00, 0x00, 0x00, 0x00, 0x00, 0x00, 0x00, 0x00, 0x00, 0x00, 0x00, 0x00,
	0x00, 0x00, 0x00, 0x00, 0x00, 0x00, 0x00, 0x00, 0x00, 0x00, 0x00, 0x00, 0x00, 0x00, 0x00, 0x00,
	0x00, 0x00, 0x00, 0x00, 0x00, 0x00, 0x00, 0x00, 0x00, 0x00, 0x00, 0x00, 0x00, 0x00, 0x00, 0x00,
	0x00, 0x00, 0x00, 0x00, 0x00, 0x00, 0x00, 0x00, 0x00, 0x00, 0x00, 0x00, 0x00, 0x00, 0x00, 0x00,
	0x00, 0x00, 0x00, 0x00, 0x00, 0x00, 0x00, 0x00, 0x00, 0x00, 0x00, 0x00, 0x00, 0x00, 0x00, 0x00,
	0x00, 0x00, 0x00, 0x00, 0x00, 0x00, 0x00, 0x00, 0x00, 0x00, 0x00, 0x00, 0x00, 0x00, 0x00, 0x00,
	0x00, 0x00, 0x00, 0x00, 0x00, 0x00, 0x00, 0x00, 0x00, 0x00, 0x00, 0x00, 0x00, 0x00, 0x00, 0x00,
	0x00, 0x00, 0x00, 0x00, 0x00, 0x00, 0x00, 0x00, 0x00, 0x00, 0x00, 0x00, 0x00, 0x00, 0x00, 0x00,
	0x00, 0x00, 0x00, 0x00, 0x00, 0x00, 0x00, 0x00, 0x00, 0x00, 0x00, 0x00, 0x00, 0x00, 0x00, 0x00,
	0x00, 0x00, 0x00, 0x00, 0x00, 0x00, 0x00, 0x00, 0x00, 0x00, 0x00, 0x00, 0x00, 0x00, 0x00, 0x00,
	0x00, 0x00, 0x00, 0x00, 0x00, 0x00, 0x00, 0x00, 0x00, 0x00, 0x00, 0x00, 0x00, 0x00, 0x00, 0x00,
	0x00, 0x00, 0x00, 0x00, 0x00, 0x00, 0x00, 0x00, 0x00, 0x00, 0x00, 0x00, 0x00, 0x00, 0x00, 0x00,
	0x00, 0xf0, 0x00, 0x00, 0x00, 0x00, 0x00, 0x00, 0x00, 0x00, 0x00, 0x00, 0x00, 0x00, 0x00, 0x00,
	0x00, 0x00, 0x00, 0x00, 0x00, 0x00, 0x00, 0x00, 0x00, 0x00, 0x00, 0x00, 0x00, 0x00, 0x00, 0x00,
	0x00, 0x00, 0x00, 0x00, 0x00, 0x00, 0x00, 0xf0, 0x00, 0x00, 0x00, 0x00, 0x00, 0x00, 0x00, 0x00,
	0xf0, 0x00, 0x00, 0x00, 0x00, 0x00, 0x00, 0x00, 0x0f, 0x00, 0x00, 0x00, 0x00, 0x00, 0x00, 0x00,
	0x00, 0x00, 0x00, 0x00, 0x00, 0x00, 0x00, 0x00, 0x00, 0x00, 0x00, 0x00, 0x00, 0xff, 0x00, 0x00,
	0x00, 0x00, 0x00, 0x00, 0x00, 0x00, 0x00, 0x00, 0x00, 0x00, 0x00, 0x00, 0x00, 0x00, 0x00, 0x00,
	0x00, 0x00, 0x00, 0x00, 0x00, 0x00, 0x00, 0x00, 0x00, 0x00, 0x00, 0x00, 0x00, 0x00, 0x00, 0xff,
	0x00, 0x00, 0x00, 0x00, 0x00, 0x00, 0x00, 0x00, 0x00, 0x00, 0x00, 0x00, 0x00, 0x00, 0x00, 0x00,
	0x00, 0x00, 0x00, 0x00, 0x00, 0x00, 0xf0, 0xff, 0x00, 0x00, 0x00, 0x00, 0x00, 0x00, 0x00, 0x00,
	0x00, 0x00, 0x0f, 0x00, 0x00, 0x00, 0x00, 0xff, 0x00, 0x00, 0x00, 0xf0, 0x00, 0x00, 0x00, 0x00,
	0x00, 0x00, 0x00, 0x00, 0x00, 0x00, 0x00, 0x00, 0x00, 0x00, 0x00, 0x00, 0x00, 0x00, 0x00, 0x00,
	0x00, 0x00, 0x00, 0x00, 0x00, 0x00, 0x00, 0xff, 0x00, 0x00, 0x00, 0x00, 0x00, 0x0f, 0x00, 0x00,
	0x00, 0x00, 0x00, 0x00, 0x00, 0x00, 0x00, 0x00, 0x00, 0x00, 0x00, 0x00, 0x00, 0x00, 0x00, 0x00,
	0x00, 0x00, 0x00, 0x00, 0x00, 0x00, 0x00, 0xf0, 0x00, 0x00, 0x00, 0x00, 0x00, 0x00, 0x00, 0x00,
	0x00, 0x00, 0x00, 0x00, 0x00, 0x00, 0x00, 0x00, 0x00, 0x00, 0x00, 0x00, 0x00, 0x00, 0x00, 0x00,
	0x00, 0x00, 0x00, 0x00, 0x00, 0x00, 0x00, 0x00, 0x00, 0xf0, 0x00, 0x00, 0xf0, 0x00, 0x00, 0x00,
	0x00, 0x00, 0x00, 0x00, 0x00, 0x00, 0x00, 0x00, 0x00, 0x00, 0x00, 0x00, 0x00, 0x00, 0x00, 0xf0,
	0xf0, 0x00, 0x00, 0x00, 0x00, 0x00, 0x00, 0x00, 0xff, 0x00, 0x00, 0x00, 0x00, 0x00, 0x00, 0x00,
	0x00, 0x00, 0x00, 0x00, 0x00, 0x00, 0x00, 0x00, 0x00, 0x00, 0x00, 0x00, 0x00, 0x00, 0x00, 0x00,
	0x00, 0x00, 0x00, 0x00, 0x00, 0x00, 0x00, 0x00, 0x00, 0x0f, 0x00, 0x00, 0x00, 0x00, 0x00, 0x00,
	0xff, 0x00, 0x00, 0x00, 0x00, 0x00, 0x00, 0x00, 0x00, 0x00, 0xf0, 0x00, 0x00, 0x00, 0x00, 0x00,
	0x00, 0x00, 0x00, 0x00, 0xf0, 0xf0, 0x00, 0xff, 0x00, 0x00, 0x00, 0x00, 0x00, 0x00, 0x00, 0x00,
	0x00, 0x00, 0x00, 0xf0, 0x00, 0x00, 0x00, 0x00, 0xff, 0x00, 0x00, 0x00, 0x00, 0xff, 0x00, 0x00,
	0xf0, 0x00, 0x00, 0x00, 0x00, 0x00, 0xff, 0xf0, 0x00, 0xf0, 0x00, 0x00, 0x00, 0x00, 0x00, 0x00,
	0x00, 0x00, 0xf0, 0xf0, 0x00, 0x00, 0x00, 0x00, 0xff, 0x00, 0x00, 0x00, 0x00, 0x00, 0x00, 0x00,
	0x00, 0x00, 0xff, 0x00, 0x00, 0x00, 0xf0, 0x00, 0x00, 0x00, 0xff, 0x00, 0x00, 0x00, 0x00, 0xff,
	0x00, 0x00, 0x00, 0x00, 0xff, 0xf0, 0x00, 0x0f, 0x00, 0xff, 0x00, 0x00, 0x00, 0x00, 0x00, 0x00,
	0x00, 0x00, 0x00, 0x00, 0x00, 0xff, 0x00, 0xff, 0x00, 0x00, 0x00, 0x00, 0x00, 0x00, 0x00, 0x00,
	0x00, 0x0f, 0x00, 0x00, 0x00, 0x00, 0x0f, 0x00, 0x00, 0x00, 0x00, 0x00, 0x0f, 0x00, 0x00, 0xf0,
	0xf0, 0x00, 0x00, 0x00, 0x00, 0xf0, 0x00, 0x0f, 0x00, 0x00, 0x00, 0x00, 0x00, 0x00, 0x00, 0x00,
	0x00, 0x00, 0x00, 0x00, 0x00, 0x00, 0x00, 0x00, 0x00, 0x00, 0x00, 0x00, 0x00, 0x00, 0xff, 0x00,
	0xf0, 0x00, 0x00, 0x00, 0x00, 0x00, 0x00, 0x00, 0x00, 0x00, 0x00, 0x00, 0x00, 0x00, 0x00, 0x00,
	0x00, 0x00, 0xf0, 0x00, 0x00, 0x00, 0x00, 0x00, 0x00, 0x00, 0x00, 0x00, 0x00, 0x00, 0x00, 0x00,
	0xf0, 0x00, 0x00, 0x00, 0x00, 0x00, 0x00, 0x00, 0x00, 0x00, 0x00, 0x00, 0x00, 0x00, 0x00, 0x0f,
	0x00, 0x00, 0x00, 0x00, 0x00, 0x00, 0x00, 0x00, 0x00, 0x00, 0x00, 0xf0, 0x00, 0x00, 0x00, 0x0f,
	0xf0, 0x00, 0x00, 0x00, 0x00, 0x00, 0x00, 0x00, 0x00, 0x00, 0x00, 0x00, 0x00, 0x00, 0xff, 0xf0,
	0x00, 0x0f, 0x00, 0x00, 0x00, 0xff, 0x0f, 0x00, 0x00, 0x00, 0x00, 0x00, 0x00, 0x00, 0x00, 0x00,
	0x00, 0x00, 0xf0, 0x0f, 0x00, 0x00, 0xf0, 0x00, 0x00, 0x00, 0x00, 0xff, 0x00, 0x00, 0x00, 0x00,
	0x00, 0x00, 0x00, 0x00, 0x00, 0x00, 0x00, 0x00, 0x00, 0x00, 0x00, 0x00, 0x00, 0x00, 0x00, 0x00,
	0x00, 0x00, 0x00, 0x00, 0x00, 0x00, 0x00, 0x00, 0x00, 0x00, 0x00, 0x00, 0x0f, 0x00, 0x00, 0x00,
	0x00, 0x0f, 0xf0, 0x00, 0xff, 0x0f, 0xf0, 0x00, 0x00, 0x0f, 0x0f, 0xf0, 0x00, 0xf0, 0x00, 0x00,
	0x0f, 0x00, 0x00, 0x00, 0x0f, 0xff, 0x0f, 0x00, 0x00, 0x00, 0x0f, 0x00, 0x0f, 0x00, 0x00, 0x00,
	0x0f, 0x00, 0x0f, 0x0f, 0x00, 0x0f, 0xff, 0x00, 0xf0, 0x00, 0xff, 0x00, 0xf0, 0x0f, 0x00, 0xff,
	0x00, 0x00, 0x0f, 0xf0, 0x00, 0x00, 0x0f, 0xf0, 0x00, 0x00, 0xf0, 0xff, 0x0f, 0x0f, 0x00, 0x00,
	0xff, 0xf0, 0x00, 0x00, 0x00, 0xff, 0x0f, 0x00, 0x0f, 0xff, 0x00, 0xf0, 0xff, 0x00, 0x0f, 0xff,
	0xf0, 0xf0, 0x0f, 0x00, 0xf0, 0x00, 0x00, 0xff, 0x00, 0x00, 0xff, 0x0f, 0x0f, 0xf0, 0x00, 0xf0,
	0x00, 0x00, 0x0f, 0xf0, 0xf0, 0xf0, 0x00, 0x00, 0x00, 0xff, 0x00, 0x00, 0x0f, 0x00, 0x00, 0x00,
	0x00, 0xff, 0x00, 0xff, 0x00, 0x0f, 0x00, 0x00, 0xff, 0x00, 0xff, 0x0f, 0xf0, 0x00, 0xff, 0x0f,
	0x00, 0xff, 0x00, 0xf0, 0xf0, 0xf0, 0xff, 0x0f, 0x00, 0x00, 0x00, 0xff, 0x00, 0xf0, 0x0f, 0x00,
	0x00, 0x0f, 0x0f, 0xff, 0x00, 0x00, 0x00, 0xf0, 0xf0, 0x0f, 0xff, 0x00, 0x0f, 0x00, 0xf0, 0x0f,
	0xff, 0x0f, 0x0f, 0x00, 0x00, 0x0f, 0x00, 0xff, 0x00, 0xf0, 0x00, 0x00, 0x00, 0xf0, 0x00, 0x00,
	0xf0, 0xff, 0x00, 0x0f, 0x0f, 0x00, 0x00, 0xff, 0x00, 0xff, 0x0f, 0x00, 0xf0, 0x00, 0xf0, 0xf0,
	0x00, 0x0f, 0xff, 0xf0, 0xf0, 0x0f, 0x0f, 0xff, 0x0f, 0xff, 0xf0, 0x0f, 0x00, 0x00, 0x0f, 0x00,
	0xf0, 0x00, 0x00, 0xff, 0xff, 0xf0, 0xff, 0xf0, 0x0f, 0xff, 0xff, 0x00, 0x0f, 0x00, 0x00, 0x0f,
	0x00, 0x00, 0xf0, 0x00, 0x00, 0x0f, 0xff, 0xf0, 0xff, 0x00, 0x00, 0x00, 0xf0, 0x00, 0x00, 0xf0,
	0x00, 0x00, 0x0f, 0x00, 0x00, 0x00, 0xff, 0x00, 0xf0, 0x00, 0xff, 0xff, 0xff, 0x00, 0x00, 0x0f,
	0xf0, 0x00, 0xff, 0x0f, 0xff, 0xf0, 0xf0, 0xf0, 0x0f, 0xff, 0x00, 0xff, 0x00, 0x00, 0xff, 0xff,
	0x00, 0xf0, 0x00, 0xff, 0xf0, 0xff, 0xf0, 0xf0, 0xff, 0xff, 0x00, 0x0f, 0x00, 0x00, 0xff, 0xff,
	0x00, 0x00, 0x00, 0x00, 0x00, 0xf0, 0xf0, 0x00, 0x00, 0x00, 0x0f, 0xf0, 0xff, 0xff, 0x00, 0x00,
	0xff, 0x00, 0xf0, 0x0f, 0xf0, 0x0f, 0x00, 0xff, 0x00, 0x00, 0x00, 0xf0, 0xf0, 0xff, 0x00, 0x0f,
	0xff, 0xf0, 0xff, 0x00, 0xff, 0x0f, 0xff, 0x0f, 0x00, 0x00, 0xff, 0x0f, 0x0f, 0xff, 0x00, 0xf0,
	0xf0, 0x00, 0x0f, 0xf0, 0xff, 0x00, 0x0f, 0x00, 0xff, 0x00, 0xff, 0x00, 0x0f, 0x0f, 0x00, 0xf0,
	0x00, 0xf0, 0x00, 0x00, 0x00, 0xff, 0xf0, 0x00, 0x00, 0x0f, 0x0f, 0xf0, 0x00, 0xff, 0x00, 0x0f,
	0x0f, 0xf0, 0x0f, 0xff, 0x0f, 0xf0, 0x0f, 0xff, 0xff, 0x0f, 0x00, 0x00, 0x00, 0xff, 0x0f, 0x0f,
	0x00, 0x0f, 0x00, 0xf0, 0xff, 0x00, 0xf0, 0x0f, 0x00, 0xf0, 0x00, 0xf0, 0x0f, 0xff, 0xf0, 0xf0,
	0x00, 0x00, 0xff, 0x0f, 0x0f, 0x00, 0xff, 0x0f, 0x0f, 0xf0, 0xff, 0x0f, 0xf0, 0x00, 0x0f, 0x0f,
	0xff, 0x00, 0x00, 0x0f, 0xf0, 0xf0, 0xf0, 0x00, 0xf0, 0xf0, 0xf0, 0x00, 0x00, 0xf0, 0xf0, 0x00,
	0xf0, 0xf0, 0xff, 0xf0, 0x00, 0xf0, 0xff, 0xff, 0x00, 0xf0, 0x00, 0xf0, 0x00, 0x0f, 0x00, 0xf0,
	0x0f, 0xff, 0x00, 0xff, 0x0f, 0xf0, 0x0f, 0xff, 0x00, 0xf0, 0x00, 0x00, 0xff, 0x00, 0xf0, 0xff,
	0x00, 0xff, 0xf0, 0xf0, 0x0f, 0x0f, 0xf0, 0xf0, 0x0f, 0x00, 0xff, 0xf0, 0x00, 0xf0, 0xff, 0x00,
	0xf0, 0xf0, 0x0f, 0xff, 0x0f, 0x00, 0xf0, 0x00, 0x00, 0xf0, 0xff, 0xff, 0x0f, 0xff, 0xf0, 0xf0,
	0x00, 0x00, 0xf0, 0xff, 0x0f, 0xf0, 0x00, 0x0f, 0xf0, 0x00, 0xff, 0xff, 0xff, 0xff, 0xf0, 0xf0,
	0x00, 0x0f, 0xff, 0x0f, 0x00, 0xf0, 0x0f, 0x0f, 0x0f, 0x00, 0xf0, 0x00, 0xf0, 0xf0, 0x0f, 0xf0,
	0xf0, 0x0f, 0xff, 0xff, 0x0f, 0xf0, 0xf0, 0x00, 0xf0, 0x00, 0x00, 0xff, 0xff, 0xf0, 0x00, 0xff,
	0x0f, 0x0f, 0x0f, 0xff, 0x0f, 0xf0, 0xf0, 0xff, 0xf0, 0xff, 0xf0, 0xf0, 0x0f, 0x0f, 0x0f, 0x0f,
	0xf0, 0x00, 0xf0, 0x00, 0xff, 0x0f, 0x00, 0x00, 0x0f, 0xff, 0xf0, 0xf0, 0x00, 0x00, 0xff, 0xff,
	0x0f, 0xff, 0xf0, 0xff, 0x00, 0xf0, 0x00, 0x00, 0x0f, 0xf0, 0x0f, 0xf0, 0xff, 0xf0, 0x0f, 0xff,
	0xf0, 0x00, 0x00, 0xff, 0x00, 0x00, 0x00, 0xff, 0x0f, 0x00, 0x00, 0x00, 0xf0, 0xff, 0xff, 0xff,
	0xff, 0xf0, 0x0f, 0xff, 0x00, 0xff, 0x00, 0x00, 0x00, 0x0f, 0x0f, 0x0f, 0x00, 0xff, 0x0f, 0xf0,
	0xff, 0xf0, 0x00, 0xf0, 0x00, 0xf0, 0x0f, 0xff, 0xff, 0x0f, 0xff, 0x00, 0x0f, 0xf0, 0xff, 0x0f,
	0x0f, 0xff, 0xf0, 0x0f, 0x00, 0xff, 0xff, 0xf0, 0xff, 0xf0, 0xff, 0x00, 0xff, 0x00, 0x0f, 0x00,
	0x0f, 0xf0, 0xf0, 0x00, 0x00, 0x00, 0xff, 0xff, 0x00, 0xff, 0xff, 0x00, 0x0f, 0xff, 0xff, 0x0f,
	0x0f, 0xff, 0xff, 0x0f, 0x00, 0xf0, 0xf0, 0xff, 0xff, 0x00, 0xff, 0x0f, 0xf0, 0xff, 0xf0, 0x0f,
	0x0f, 0xf0, 0xf0, 0xff, 0xff, 0xff, 0xf0, 0x0f, 0x00, 0xf0, 0xff, 0x00, 0x0f, 0xf0, 0xf0, 0xff,
	0x0f, 0xff, 0xff, 0xff, 0xff, 0x00, 0x00, 0x0f, 0x0f, 0xff, 0xf0, 0xff, 0x00, 0x0f, 0xf0, 0xf0,
	0xff, 0x00, 0xf0, 0x0f, 0x0f, 0x00, 0xff, 0x0f, 0x00, 0x0f, 0xf0, 0x00, 0xff, 0xff, 0x0f, 0xf0,
	0x0f, 0x00, 0xf0, 0xf0, 0x00, 0xf0, 0xf0, 0x0f, 0xff, 0xff, 0xf0, 0xff, 0xff, 0x00, 0xf0, 0xf0,
	0xff, 0xff, 0x00, 0xf0, 0xf0, 0xff, 0x0f, 0xf0, 0x00, 0x0f, 0x0f, 0x00, 0x00, 0xf0, 0x00, 0xf0,
	0x00, 0x0f, 0xf0, 0x0f, 0x0f, 0xf0, 0xf0, 0xff, 0x0f, 0x00, 0xf0, 0xff, 0xff, 0xff, 0x0f, 0x0f,
	0xf0, 0x0f, 0xf0, 0xff, 0x00, 0xff, 0xf0, 0xf0, 0x00, 0x00, 0x0f, 0x0f, 0xff, 0x0f, 0xf0, 0x0f,
	0xff, 0x0f, 0xff, 0xf0, 0x00, 0x0f, 0xff, 0x00, 0xf0, 0xff, 0x00, 0x0f, 0xff, 0x0f, 0x00, 0x0f,
	0x0f, 0xf0, 0x00, 0x0f, 0x00, 0xff, 0x00, 0x0f, 0xf0, 0x00, 0xf0, 0xff, 0x00, 0x0f, 0x00, 0x0f,
	0x00, 0x0f, 0xf0, 0x0f, 0xf0, 0xf0, 0xf0, 0xf0, 0xf0, 0xf0, 0xf0, 0xff, 0xff, 0x00, 0x0f, 0xff,
	0xff, 0xff, 0x0f, 0x0f, 0xff, 0x0f, 0xf0, 0xf0, 0x0f, 0xf0, 0xff, 0x0f, 0xf0, 0xff, 0x00, 0x0f,
	0xf0, 0x0f, 0xff, 0x0f, 0x0f, 0xff, 0xf0, 0xff, 0xff, 0xf0, 0x0f, 0x00, 0x0f, 0x0f, 0xff, 0xf0,
	0xff, 0x0f, 0xf0, 0xf0, 0x0f, 0x00, 0xf0, 0xf0, 0xf0, 0xff, 0xf0, 0xff, 0x0f, 0xf0, 0x00, 0x0f,
	0x00, 0x00, 0xff, 0xf0, 0x00, 0xff, 0x00, 0xf0, 0x0f, 0x00, 0xff, 0x0f, 0x0f, 0xff, 0x0f, 0xff,
	0xff, 0xff, 0xf0, 0xff, 0x00, 0xf0, 0x00, 0xff, 0x0f, 0xf0, 0xff, 0x0f, 0xf0, 0xff, 0x0f, 0x0f,
	0xf0, 0xff, 0x00, 0xff, 0x0f, 0x0f, 0x00, 0xff, 0xff, 0x0f, 0x0f, 0xf0, 0x0f, 0xff, 0xf0, 0xff,
	0xff, 0xff, 0x0f, 0x0f, 0x0f, 0x00, 0x0f, 0xff, 0x0f, 0x0f, 0xff, 0xff, 0xff, 0xf0, 0xff, 0x00,
	0x0f, 0xff, 0xff, 0xff, 0xff, 0xff, 0xff, 0xff, 0xf0, 0xf0, 0xf0, 0x0f, 0xf0, 0xff, 0xf0, 0xff,
	0xf0, 0x00, 0xf0, 0xf0, 0x0f, 0xff, 0xf0, 0x0f, 0xff, 0xff, 0x0f, 0x0f, 0xf0, 0x0f, 0xff, 0xf0,
	0xf0, 0xf0, 0xf0, 0x0f, 0xf0, 0x00, 0x0f, 0xff, 0xf0, 0xff, 0x0f, 0xff, 0xff, 0xff, 0xf0, 0x0f,
	0x0f, 0x0f, 0xff, 0xff, 0x0f, 0xf0, 0xf0, 0xf0, 0xf0, 0xff, 0xf0, 0x0f, 0xf0, 0x0f, 0x0f, 0xf0,
	0x0f, 0xf0, 0xf0, 0x0f, 0xf0, 0x0f, 0x0f, 0xf0, 0xf0, 0xf0, 0xff, 0x00, 0xff, 0xf0, 0x0f, 0x0f,
	0xff, 0xf0, 0xf0, 0x00, 0xf0, 0x0f, 0x0f, 0xf0, 0xf0, 0xf0, 0xff, 0xf0, 0xff, 0xff, 0x0f, 0xf0,
	0x00, 0xf0, 0xff, 0x0f, 0x0f, 0xff, 0xf0, 0xf0, 0x00, 0x0f, 0xf0, 0xff, 0xff, 0xf0, 0xff, 0xff,
	0xff, 0xff, 0x0f, 0xff, 0xff, 0xff, 0xf0, 0x0f, 0x0f, 0xff, 0xff, 0xf0, 0xff, 0x0f, 0xff, 0xff,
	0xf0, 0x00, 0x00, 0x0f, 0xf0, 0xff, 0xff, 0xff, 0xff, 0x0f, 0xff, 0x0f, 0xf0, 0xf0, 0x0f, 0xff,
	0x0f, 0x0f, 0xff, 0xff, 0xff, 0xf0, 0xff, 0x00, 0x0f, 0xff, 0x00, 0xff, 0xf0, 0x0f, 0xf0, 0x0f,
	0xff, 0xff, 0x0f, 0x0f, 0xf0, 0xff, 0xf0, 0x0f, 0xf0, 0xff, 0xf0, 0xff, 0xf0, 0xf0, 0xff, 0x0f,
	0x0f, 0xff, 0xf0, 0xf0, 0xff, 0x0f, 0xff, 0x00, 0xf0, 0xf0, 0xff, 0x0f, 0xf0, 0x0f, 0xff, 0xf0,
	0xff, 0x0f, 0xff, 0x0f, 0x0f, 0xf0, 0xf0, 0x0f, 0xff, 0x00, 0xff, 0x0f, 0x0f, 0x0f, 0xff, 0xff,
	0xff, 0xff, 0xf0, 0x0f, 0xf0, 0x0f, 0xff, 0xf0, 0xff, 0x0f, 0xf0, 0x00, 0xff, 0xf0, 0xff, 0xf0,
	0x00, 0xff, 0xf0, 0xf0, 0xf0, 0xff, 0xff, 0x0f, 0xf0, 0xff, 0x0f, 0xff, 0xf0, 0xf0, 0x0f, 0xf0,
	0xff, 0xff, 0xf0, 0xf0, 0xf0, 0xf0, 0xf0, 0x0f, 0xff, 0x00, 0xff, 0xff, 0x0f, 0xff, 0x00, 0xff,
	0xff, 0xf0, 0xff, 0x00, 0x0f, 0xff, 0x0f, 0x0f, 0xf0, 0xff, 0xff, 0xf0, 0x00, 0x0f, 0xff, 0xf0,
	0xff, 0x0f, 0xff, 0xf0, 0xf0, 0xff, 0x0f, 0x0f, 0x00, 0xff, 0x0f, 0x0f, 0xf0, 0xf0, 0xf0, 0xff,
	0x0f, 0x0f, 0xff, 0xf0, 0x0f, 0xf0, 0xff, 0xf0, 0x0f, 0xf0, 0xf0, 0xf0, 0xff, 0x00, 0x0f, 0xff,
	0xf0, 0x0f, 0xff, 0xf0, 0x0f, 0xf0, 0xf0, 0xff, 0x0f, 0xff, 0xf0, 0xff, 0xff, 0x0f, 0xff, 0x0f,
	0xff, 0xff, 0xff, 0xff, 0xff, 0xff, 0xff, 0xff, 0xff, 0xff, 0xff, 0xff, 0xff, 0xff, 0xff, 0xff,
	0xff, 0xff, 0xff, 0xff, 0xff, 0xff, 0xff, 0xff, 0xff, 0xff, 0xff, 0xff, 0xff, 0xff, 0xff, 0xff,
	0xff, 0xff, 0xff, 0xff, 0xff, 0xff, 0xff, 0xff, 0xff, 0xff, 0xff, 0xff, 0xff, 0xff, 0xff, 0xff,
	0xff, 0xff, 0xff, 0xff, 0xff, 0xff, 0xff, 0xff, 0xff, 0xff, 0xff, 0xff, 0xff, 0xff, 0xff, 0xff,
	0xff, 0xff, 0xff, 0xff, 0xff, 0xff, 0xff, 0xff, 0xff, 0xff, 0xff, 0xff, 0xff, 0xff, 0xff, 0xff,
	0xff, 0xff, 0xff, 0xff, 0xff, 0xff, 0xff, 0xff, 0xff, 0xff, 0xff, 0xff, 0xff, 0xff, 0xff, 0xff,
	0xff, 0xff, 0xff, 0xff, 0xff, 0xff, 0xff, 0xff, 0xff, 0xff, 0xff, 0xff, 0xff, 0xff, 0xff, 0xff,
	0xff, 0xff, 0xff, 0xff, 0xff, 0xff, 0xff, 0xff, 0xff, 0xff, 0xff, 0xff, 0xff, 0xff, 0xff, 0xff,
	0xff, 0xff, 0xff, 0xff, 0xff, 0xff, 0xff, 0xff, 0xff, 0xff, 0xff, 0xff, 0xff, 0xff, 0xff, 0xff,
	0xff, 0xff, 0xff, 0xff, 0xff, 0xff, 0xff, 0xff, 0xff, 0xff, 0xff, 0xff, 0xff, 0xff, 0xff, 0xff,
	0xff, 0xff, 0xff, 0xff, 0xff, 0xff, 0xff, 0xff, 0xff, 0xff, 0xff, 0xff, 0xff, 0xff, 0xff, 0xff,
	0xff, 0xff, 0xff, 0xff, 0xff, 0xff, 0xff, 0xff, 0xff, 0xff, 0xff, 0xff, 0xff, 0xff, 0xff, 0xff,
	0xff, 0xff, 0xff, 0xff, 0xff, 0xff, 0xff, 0xff, 0xff, 0xff, 0xff, 0xff, 0xff, 0xff, 0xff, 0xff,
	0xff, 0xff, 0xff, 0xff, 0xff, 0xff, 0xff, 0xff, 0xff, 0xff, 0xff, 0xff, 0xff, 0xff, 0xff, 0xff,
	0xff, 0xff, 0xff, 0xff, 0xff, 0xff, 0xff, 0xff, 0xff, 0xff, 0xff, 0xff, 0xff, 0xff, 0xff, 0xff,
	0xff, 0xff, 0xff, 0xff, 0xff, 0xff, 0xff, 0xff, 0xff, 0xff, 0xff, 0xff, 0xff, 0xff, 0xff, 0xff,
	0xff, 0xff, 0xff, 0xff, 0xff, 0xff, 0xff, 0xff, 0xff, 0xff, 0xff, 0xff, 0xff, 0xff, 0xff, 0xff,
	0xff, 0xff, 0xff, 0xff, 0xff, 0xff, 0xff, 0xff, 0xff, 0xff, 0xff, 0xff, 0xff, 0xff, 0xff, 0xff,
	0xff, 0xff, 0xff, 0xff, 0xff, 0xff, 0xff, 0xff, 0xff, 0xff, 0xff, 0xff, 0xff, 0xff, 0xff, 0xff,
	0xff, 0xff, 0xff, 0xff, 0xff, 0xff, 0xff, 0xff, 0xff, 0xff, 0xff, 0xff, 0xff, 0xff, 0xff, 0xff,
	0x00, 0x00, 0x00, 0x00, 0x00, 0x00, 0x00, 0x00, 0x00, 0x00, 0x00, 0x00, 0x00, 0x00, 0x00, 0x00,
	0x00, 0x00, 0x00, 0x00, 0x00, 0x00, 0x00, 0x00, 0x00, 0x00, 0x00, 0x00, 0x00, 0x00, 0x00, 0x00,
	0x00, 0x00, 0x00, 0x00, 0x00, 0x00, 0x00, 0x00, 0x00, 0x00, 0x00, 0x00, 0x00, 0x00, 0x00, 0x00,
	0x00, 0x00, 0x00, 0x00, 0x00, 0x00, 0x00, 0x00, 0x00, 0x00, 0x00, 0x00, 0x00, 0x00, 0x00, 0x00,
	0x00, 0x00, 0x00, 0x00, 0x00, 0x00, 0x00, 0x00, 0x00, 0x00, 0x00, 0x00, 0x00, 0x00, 0x00, 0x00,
	0x00, 0x00, 0x00, 0x00, 0x00, 0x00, 0x00, 0x00, 0x00, 0x00, 0x00, 0x00, 0x00, 0x00, 0x00, 0x00,
	0x00, 0x00, 0x00, 0x00, 0x00, 0x00, 0x00, 0x00, 0x00, 0x00, 0x00, 0x00, 0x00, 0x00, 0x00, 0x00,
	0x00, 0x00, 0x00, 0x00, 0x00, 0x00, 0x00, 0x00, 0x00, 0x00, 0x00, 0x00, 0x00, 0x00, 0x00, 0x00,
	0x00, 0x00, 0x00, 0x00, 0x00, 0x00, 0x00, 0x00, 0x00, 0x00, 0x00, 0x00, 0x00, 0x00, 0x00, 0x00,
	0x00, 0x00, 0x00, 0x00, 0x00, 0x00, 0x00, 0x00, 0x00, 0x00, 0x00, 0x00, 0x00, 0x00, 0x00, 0x00,
	0x00, 0x00, 0x00, 0x00, 0x00, 0x00, 0x00, 0x00, 0x00, 0x00, 0x00, 0x00, 0x00, 0x00, 0x00, 0x00,
	0x00, 0x00, 0x00, 0x00, 0x00, 0x00, 0x00, 0x00, 0x00, 0x00, 0x00, 0x00, 0x00, 0x00, 0x00, 0x00,
	0x00, 0x00, 0x00, 0x00, 0x00, 0x00, 0x00, 0x00, 0x00, 0x00, 0x00, 0x00, 0x00, 0x00, 0x00, 0x00,
	0x00, 0x00, 0x00, 0x00, 0x00, 0x00, 0x00, 0x00, 0x00, 0x00, 0x00, 0x00, 0x00, 0x00, 0x00, 0x00,
	0x00, 0x00, 0x00, 0x00, 0x00, 0x00, 0x00, 0x00, 0x00, 0x00, 0x00, 0x00, 0x00, 0x00, 0x00, 0x00,
	0x00, 0x00, 0x00, 0x00, 0x00, 0x00, 0x00, 0x00, 0x00, 0x00, 0x00, 0x00, 0x00, 0x00, 0x00, 0x00,
	0x00, 0x00, 0x00, 0x00, 0x00, 0x00, 0x00, 0x00, 0x00, 0x00, 0x00, 0x00, 0x00, 0x00, 0x00, 0x00,
	0x00, 0x00, 0x00, 0x00, 0x00, 0x00, 0x00, 0x00, 0x00, 0x00, 0x00, 0x00, 0x00, 0x00, 0x00, 0x00,
	0x00, 0x00, 0x00, 0x00, 0x00, 0x00, 0x00, 0x00, 0x00, 0x00, 0x00, 0x00, 0x00, 0x00, 0x00, 0x00,
	0x00, 0x00, 0x00, 0x00, 0x00, 0x00, 0x00, 0x00, 0x00, 0x00, 0x00, 0x00, 0x00, 0x00, 0x00, 0x00,
	0x00, 0x00, 0x00, 0x0f, 0x00, 0x00, 0xff, 0xf0, 0x0f, 0xf0, 0x00, 0x00, 0x00, 0xff, 0x00, 0x00,
	0x0f, 0x00, 0xf0, 0x00, 0xf0, 0x00, 0x00, 0x00, 0x0f, 0x00, 0x00, 0x00, 0x00, 0x00, 0x00, 0x00,
	0x00, 0x00, 0x00, 0x00, 0x00, 0x00, 0x00, 0x0f, 0x00, 0x00, 0x00, 0x00, 0x0f, 0x00, 0x00, 0x00,
	0x00, 0x00, 0x00, 0xff, 0x00, 0xf0, 0x0f, 0x00, 0x00, 0x00, 0xf0, 0xf0, 0xf0, 0x00, 0x00, 0x00,
	0x00, 0x00, 0x00, 0x00, 0x00, 0x00, 0x00, 0x00, 0x00, 0x00, 0x00, 0x00, 0x00, 0x00, 0x00, 0x00,
	0x00, 0x00, 0x00, 0x00, 0x00, 0x00, 0x00, 0x00, 0x00, 0x00, 0x00, 0x00, 0x00, 0x0f, 0x00, 0x00,
	0x00, 0x00, 0x0f, 0xff, 0x00, 0x00, 0x0f, 0x00, 0x00, 0x00, 0x00, 0x00, 0x0f, 0x00, 0xf0, 0x0f,
	0x00, 0x00, 0x00, 0x00, 0x00, 0xff, 0xf0, 0xff, 0x00, 0x00, 0x00, 0x00, 0xf0, 0x00, 0xff, 0x00,
	0x00, 0x00, 0x00, 0xff, 0xff, 0x00, 0x00, 0x00, 0x00, 0x00, 0x00, 0x00, 0x00, 0x0f, 0x00, 0x00,
	0x00, 0x00, 0x00, 0x00, 0x00, 0x00, 0x00, 0x00, 0x00, 0x00, 0xff, 0x00, 0x00, 0x00, 0x00, 0xff,
	0x00, 0x00, 0x00, 0x00, 0xff, 0x00, 0x00, 0xff, 0x00, 0x00, 0x00, 0x00, 0x00, 0x00, 0x00, 0x00,
	0xff, 0x00, 0x00, 0x00, 0xf0, 0x00, 0x00, 0x00, 0xf0, 0x00, 0x00, 0x00, 0x00, 0x00, 0xff, 0x00,
	0x00, 0x00, 0x00, 0x00, 0x00, 0x00, 0x00, 0x00, 0x00, 0x00, 0x00, 0x0f, 0x00, 0x00, 0x00, 0x00,
	0x00, 0x00, 0xff, 0x00, 0x00, 0x00, 0xf0, 0x00, 0x00, 0x00, 0x00, 0x00, 0x00, 0x00, 0x00, 0x00,
	0x00, 0x00, 0x00, 0x00, 0x00, 0xf0, 0xff, 0x00, 0x00, 0xff, 0xf0, 0x00, 0x00, 0x00, 0x00, 0x00,
	0xf0, 0x00, 0x00, 0x00, 0x00, 0x00, 0x00, 0x00, 0x00, 0x00, 0x00, 0x00, 0xf0, 0x00, 0x00, 0x00,
	0x00, 0xf0, 0x00, 0x00, 0x00, 0x00, 0x00, 0xf0, 0xff, 0x00, 0xf0, 0x00, 0x00, 0xff, 0x00, 0x00,
	0x00, 0x00, 0x00, 0xf0, 0x0f, 0x0f, 0x00, 0x00, 0x00, 0x00, 0x00, 0x00, 0x00, 0x00, 0x00, 0xff,
	0x00, 0x00, 0x00, 0x00, 0x00, 0x0f, 0x00, 0x00, 0x00, 0x00, 0x00, 0x00, 0x00, 0x00, 0x00, 0x00,
	0x00, 0x00, 0x00, 0x00, 0x00, 0x00, 0xf0, 0x0f, 0x00, 0x00, 0x00, 0xf0, 0xf0, 0x00, 0x00, 0x00,
	0x00, 0x0f, 0x0f, 0x00, 0x00, 0x00, 0xff, 0x00, 0x00, 0x00, 0x00, 0xf0, 0x00, 0xf0, 0x00, 0x00,
	0x00, 0x0f, 0xff, 0x00, 0xff, 0xf0, 0x00, 0xf0, 0x00, 0x00, 0xff, 0x00, 0x00, 0xf0, 0x00, 0x00,
	0xff, 0x0f, 0x00, 0x00, 0x00, 0x0f, 0xf0, 0x0f, 0x00, 0xf0, 0x0f, 0xff, 0x00, 0xff, 0x00, 0x00,
	0x0f, 0x00, 0x00, 0xff, 0x00, 0x00, 0xff, 0x00, 0x00, 0x00, 0x00, 0xff, 0x0f, 0x0f, 0x00, 0x00,
	0x00, 0x0f, 0x00, 0x00, 0x0f, 0x0f, 0x00, 0xff, 0xff, 0x0f, 0xf0, 0x00, 0x00, 0x00, 0x00, 0x00,
	0x00, 0x0f, 0x0f, 0x00, 0x0f, 0x00, 0x00, 0x00, 0x0f, 0x00, 0xff, 0x00, 0x00, 0x0f, 0xf0, 0x00,
	0x00, 0xf0, 0x0f, 0xff, 0x00, 0x00, 0x00, 0x00, 0x00, 0x00, 0x00, 0x0f, 0x00, 0x00, 0xf0, 0x00,
	0x00, 0x00, 0x00, 0x00, 0x00, 0x00, 0x0f, 0x00, 0x00, 0xf0, 0x00, 0x00, 0x00, 0x00, 0x00, 0x00,
	0x00, 0x00, 0x0f, 0x00, 0x0f, 0x00, 0x00, 0x00, 0x00, 0x00, 0xff, 0xf0, 0x00, 0x00, 0xff, 0x0f,
	0x00, 0x00, 0xf0, 0x00, 0xf0, 0x00, 0x0f, 0x00, 0x00, 0xff, 0x00, 0x00, 0x00, 0x00, 0xf0, 0x00,
	0xff, 0x00, 0x00, 0x00, 0xff, 0x00, 0x00, 0x0f, 0xff, 0x00, 0x00, 0xff, 0xf0, 0x00, 0x00, 0xf0,
	0x0f, 0x00, 0x00, 0x00, 0x00, 0xf0, 0x00, 0xff, 0xff, 0x00, 0x00, 0x0f, 0x00, 0xf0, 0x00, 0x0f,
	0xff, 0x00, 0xf0, 0x00, 0x00, 0x00, 0x00, 0x00, 0xff, 0x00, 0xff, 0x00, 0x0f, 0x0f, 0xf0, 0x00,
	0xff, 0x00, 0xff, 0x00, 0xff, 0x00, 0xf0, 0x00, 0xf0, 0xf0, 0xff, 0x00, 0x00, 0xf0, 0x00, 0xf0,
	0x00, 0x00, 0x00, 0x00, 0x00, 0x00, 0x00, 0x00, 0xf0, 0x0f, 0x00, 0x00, 0x0f, 0x00, 0x00, 0x00,
	0xff, 0x00, 0x00, 0x00, 0x00, 0x00, 0x00, 0x00, 0xf0, 0x0f, 0x00, 0xf0, 0x0f, 0x00, 0x00, 0x00,
	0xff, 0xf0, 0x00, 0x00, 0x00, 0xf0, 0x0f, 0x00, 0x00, 0x00, 0x00, 0x00, 0x00, 0x00, 0xff, 0xff,
	0x00, 0x00, 0xff, 0xff, 0x00, 0x00, 0xff, 0x00, 0x00, 0x00, 0xff, 0x0f, 0x00, 0xff, 0xf0, 0xff,
	0x00, 0x00, 0x00, 0x00, 0x00, 0xff, 0x00, 0x00, 0x00, 0x00, 0x00, 0x00, 0x0f, 0x00, 0x00, 0xf0,
	0x00, 0x00, 0x00, 0xff, 0x00, 0x00, 0x00, 0x00, 0x0f, 0x0f, 0x00, 0x0f, 0xf0, 0x00, 0x00, 0xf0,
	0x00, 0x00, 0x0f, 0xf0, 0x00, 0x00, 0x00, 0x00, 0x00, 0x00, 0x0f, 0x00, 0xff, 0xf0, 0x00, 0xff,
	0xf0, 0xff, 0x00, 0xff, 0x00, 0x00, 0xf0, 0x00, 0xf0, 0x00, 0x00, 0xf0, 0x00, 0xff, 0x00, 0xf0,
	0xf0, 0x00, 0xff, 0xf0, 0xff, 0x00, 0xff, 0x00, 0xff, 0xf0, 0x00, 0xf0, 0x00, 0xff, 0x00, 0xf0,
	0xf0, 0x0f, 0x00, 0x00, 0x00, 0x00, 0xff, 0xf0, 0x00, 0x0f, 0x00, 0x00, 0xff, 0x00, 0x0f, 0x00,
	0x00, 0x0f, 0x00, 0xf0, 0x0f, 0x0f, 0x00, 0x00, 0x00, 0x00, 0x00, 0x00, 0x00, 0x00, 0x00, 0x0f,
	0x0f, 0x00, 0x00, 0x00, 0x00, 0xf0, 0x00, 0x00, 0x00, 0xff, 0xff, 0x00, 0x00, 0x00, 0x00, 0x00,
	0x00, 0xff, 0x00, 0x0f, 0x00, 0x0f, 0x00, 0xf0, 0xf0, 0x00, 0xff, 0x00, 0x00, 0x0f, 0xf0, 0x00,
	0x00, 0x0f, 0xff, 0xf0, 0x0f, 0x00, 0x00, 0x0f, 0x0f, 0x00, 0x00, 0x00, 0x00, 0x00, 0x0f, 0xf0,
	0xff, 0x00, 0x00, 0x0f, 0x00, 0x00, 0x00, 0x00, 0x0f, 0xff, 0xf0, 0xff, 0x00, 0xf0, 0xff, 0xff,
	0x00, 0x0f, 0x00, 0xf0, 0xf0, 0x00, 0xf0, 0x00, 0x00, 0x0f, 0x00, 0x00, 0xff, 0xf0, 0x00, 0x00,
	0xf0, 0x00, 0x00, 0xff, 0x00, 0x00, 0xff, 0x00, 0x0f, 0x00, 0x00, 0xf0, 0xf0, 0x00, 0xf0, 0xf0,
	0xf0, 0x00, 0x00, 0xf0, 0x00, 0xff, 0x00, 0x00, 0x00, 0x00, 0x00, 0x0f, 0xff, 0x00, 0x00, 0x00,
	0x00, 0x00, 0x00, 0xf0, 0x00, 0x0f, 0x00, 0x00, 0x00, 0x00, 0x00, 0xf0, 0x00, 0x0f, 0x0f, 0x00,
	0x00, 0xff, 0x00, 0x00, 0x00, 0xf0, 0x00, 0x00, 0xff, 0x00, 0xff, 0xff, 0xff, 0xff, 0x00, 0xff,
	0xff, 0x00, 0x00, 0xff, 0x00, 0xf0, 0x00, 0xff, 0xff, 0x00, 0x00, 0x0f, 0x00, 0x00, 0x0f, 0x0f,
	0x00, 0xff, 0x00, 0xff, 0xff, 0xf0, 0x0f, 0x00, 0x0f, 0x0f, 0xff, 0xf0, 0xff, 0xf0, 0xff, 0x00,
	0x00, 0x00, 0x00, 0x00, 0x00, 0x0f, 0x00, 0x00, 0xf0, 0x00, 0x00, 0x00, 0x0f, 0x0f, 0xf0, 0xf0,
	0x00, 0x00, 0x0f, 0x0f, 0x00, 0x00, 0x00, 0x0f, 0xff, 0x00, 0xff, 0xff, 0x00, 0x00, 0xf0, 0x00,
	0xff, 0x00, 0x00, 0xf0, 0xf0, 0x0f, 0xf0, 0xff, 0x00, 0x00, 0x0f, 0xff, 0x00, 0x00, 0x00, 0x0f,
	0xf0, 0xff, 0x0f, 0xff, 0x00, 0xf0, 0xff, 0xf0, 0xf0, 0x00, 0x00, 0x00, 0xff, 0x00, 0xf0, 0x00,
	0xf0, 0xff, 0xf0, 0x0f, 0x00, 0x0f, 0x0f, 0x0f, 0xff, 0x00, 0xf0, 0xff, 0x00, 0xf0, 0x0f, 0x0f,
	0xf0, 0x00, 0x0f, 0x0f, 0x0f, 0x0f, 0x00, 0x0f, 0xf0, 0xf0, 0x0f, 0x0f, 0x00, 0x00, 0x0f, 0x0f,
	0xf0, 0x0f, 0x0f, 0x00, 0x00, 0xf0, 0xff, 0x00, 0x00, 0x00, 0xff, 0xf0, 0x00, 0x00, 0xf0, 0x0f,
	0x00, 0xf0, 0xf0, 0x00, 0xf0, 0xff, 0xff, 0x0f, 0x0f, 0xff, 0x00, 0xf0, 0x00, 0xff, 0xf0, 0xf0,
	0x00, 0x0f, 0xff, 0x00, 0xf0, 0xff, 0xff, 0x00, 0xff, 0x0f, 0xf0, 0xf0, 0x00, 0xf0, 0x0f, 0x00,
	0x0f, 0x00, 0x00, 0x00, 0xff, 0x00, 0x00, 0xff, 0x0f, 0xff, 0xf0, 0xff, 0x00, 0x0f, 0xf0, 0x0f,
	0x00, 0xf0, 0xf0, 0xf0, 0x0f, 0x0f, 0x00, 0x00, 0x0f, 0xf0, 0xff, 0xff, 0x00, 0x0f, 0x00, 0xf0,
	0xff, 0x0f, 0xf0, 0xf0, 0x00, 0x00, 0x0f, 0xff, 0x0f, 0xf0, 0x00, 0x0f, 0x00, 0xf0, 0x00, 0x00,
	0x00, 0x00, 0xff, 0xf0, 0x00, 0xff, 0xf0, 0xff, 0xf0, 0xf0, 0x00, 0xf0, 0x00, 0x0f, 0x0f, 0xf0,
	0xf0, 0xff, 0x0f, 0x0f, 0x00, 0x00, 0xff, 0x0f, 0x00, 0x00, 0x00, 0x0f, 0x00, 0x00, 0xf0, 0xf0,
	0xff, 0x0f, 0x0f, 0xf0, 0xff, 0x00, 0x00, 0xf0, 0x00, 0x00, 0xf0, 0x00, 0x00, 0x00, 0x0f, 0x00,
	0x0f, 0x0f, 0x00, 0x0f, 0x0f, 0xf0, 0x0f, 0x0f, 0x00, 0x00, 0xf0, 0xff, 0xf0, 0xf0, 0x00, 0x00,
	0x00, 0xff, 0x00, 0x0f, 0xf0, 0x00, 0xff, 0x0f, 0x0f, 0x00, 0xf0, 0xff, 0xff, 0xf0, 0x0f, 0x0f,
	0xff, 0xf0, 0xf0, 0x0f, 0x0f, 0x00, 0x0f, 0x00, 0x0f, 0x00, 0xff, 0xf0, 0x0f, 0xff, 0x0f, 0x0f,
	0xff, 0xff, 0xf0, 0x00, 0x00, 0x00, 0x0f, 0x0f, 0x00, 0xff, 0xff, 0x00, 0xf0, 0x00, 0xf0, 0x00,
	0xff, 0xff, 0xf0, 0x00, 0xf0, 0xf0, 0xff, 0xff, 0x0f, 0x00, 0x00, 0x00, 0x0f, 0x0f, 0x00, 0xff,
	0x0f, 0xff, 0x0f, 0x00, 0xff, 0x0f, 0xff, 0xf0, 0xf0, 0x0f, 0xf0, 0xf0, 0x00, 0x00, 0x00, 0x0f,
	0x0f, 0xff, 0x00, 0x0f, 0x00, 0x0f, 0xf0, 0x0f, 0xff, 0x0f, 0x0f, 0xf0, 0xff, 0xff, 0x0f, 0x00,
	0xff, 0xf0, 0x00, 0x0f, 0xff, 0x00, 0xf0, 0x00, 0xf0, 0xf0, 0xf0, 0x00, 0xff, 0xf0, 0x00, 0xf0,
	0xf0, 0x00, 0x00, 0x0f, 0xff, 0x0f, 0xf0, 0xff, 0x00, 0xff, 0xff, 0x0f, 0xf0, 0x0f, 0x0f, 0x00,
	0x00, 0xf0, 0xff, 0x0f, 0x0f, 0xff, 0x0f, 0x00, 0x0f, 0x0f, 0xff, 0xf0, 0x0f, 0xf0, 0x00, 0xf0,
	0xff, 0x0f, 0xf0, 0x0f, 0x0f, 0xff, 0xf0, 0x00, 0x0f, 0x0f, 0xf0, 0x0f, 0x0f, 0xf0, 0xff, 0x0f,
	0xff, 0xf0, 0xf0, 0xf0, 0xff, 0x0f, 0xff, 0xf0, 0xff, 0xf0, 0x0f, 0xf0, 0xf0, 0x0f, 0xf0, 0x0f,
	0x00, 0x0f, 0x00, 0x0f, 0x00, 0x0f, 0x00, 0x0f, 0xf0, 0xf0, 0xff, 0x00, 0xf0, 0x00, 0x0f, 0x0f,
	0x0f, 0xf0, 0x0f, 0x0f, 0xf0, 0x0f, 0xff, 0xff, 0xf0, 0x0f, 0xf0, 0xf0, 0xff, 0xff, 0xff, 0xff,
	0xf0, 0xf0, 0xf0, 0x0f, 0xf0, 0xf0, 0x0f, 0xf0, 0xf0, 0x0f, 0xff, 0xf0, 0xff, 0xf0, 0x0f, 0x00,
	0xf0, 0xff, 0xff, 0x0f, 0xff, 0xff, 0x00, 0xf0, 0x0f, 0x0f, 0x0f, 0xf0, 0xff, 0xff, 0xff, 0x0f,
	0x0f, 0xf0, 0x00, 0x00, 0x0f, 0xff, 0x0f, 0x0f, 0x00, 0xf0, 0xf0, 0xf0, 0xff, 0x00, 0x0f, 0x0f,
	0xff, 0x0f, 0xf0, 0xf0, 0xff, 0x00, 0xf0, 0x0f, 0x0f, 0xff, 0x0f, 0xff, 0x00, 0xf0, 0xf0, 0xf0,
	0xff, 0x0f, 0xf0, 0xff, 0x00, 0x00, 0xf0, 0xff, 0x00, 0xff, 0xff, 0xf0, 0xf0, 0xf0, 0xff, 0x0f,
	0x0f, 0x0f, 0xff, 0xff, 0x0f, 0xff, 0xff, 0xf0, 0x0f, 0x0f, 0xf0, 0x0f, 0x00, 0xf0, 0x00, 0xf0,
	0xff, 0xff, 0x0f, 0xff, 0x0f, 0xff, 0x0f, 0xf0, 0x0f, 0xf0, 0xff, 0x0f, 0xf0, 0xff, 0xf0, 0x00,
	0xff, 0x00, 0x0f, 0xff, 0x0f, 0x0f, 0x00, 0xff, 0x0f, 0xff, 0xff, 0xff, 0x00, 0x0f, 0xff, 0xf0,
	0xf0, 0xf0, 0xff, 0xf0, 0xf0, 0xff, 0xff, 0x0f, 0xf0, 0xff, 0x00, 0x0f, 0x00, 0xff, 0xff, 0xff,
	0xff, 0xf0, 0x0f, 0xf0, 0xff, 0x0f, 0x0f, 0x0f, 0xf0, 0xff, 0x00, 0x0f, 0x00, 0x0f, 0x00, 0x00,
	0x0f, 0x0f, 0x0f, 0xf0, 0x0f, 0xf0, 0xff, 0xf0, 0xf0, 0x00, 0xf0, 0xff, 0xff, 0xff, 0xff, 0xff,
	0xf0, 0xf0, 0xff, 0x0f, 0xf0, 0xf0, 0x0f, 0x0f, 0xf0, 0xf0, 0xff, 0xff, 0xf0, 0x0f, 0xf0, 0xff,
	0x0f, 0xff, 0xff, 0x00, 0x0f, 0xff, 0x0f, 0xff, 0xf0, 0xf0, 0xff, 0xff, 0xf0, 0xf0, 0x0f, 0xff,
	0xff, 0xf0, 0xf0, 0x0f, 0xff, 0xf0, 0xf0, 0x00, 0xf0, 0xf0, 0xff, 0x00, 0x0f, 0xf0, 0xff, 0x00,
	0x0f, 0xff, 0x0f, 0x00, 0x0f, 0x00, 0xf0, 0xf0, 0x0f, 0x0f, 0xf0, 0xf0, 0xff, 0xf0, 0xf0, 0xf0,
	0xff, 0xf0, 0xff, 0x0f, 0xff, 0xf0, 0xff, 0xf0, 0xff, 0xf0, 0x0f, 0x0f, 0x0f, 0x0f, 0x0f, 0xff,
	0xf0, 0xf0, 0xff, 0x0f, 0x0f, 0x00, 0xf0, 0x0f, 0x0f, 0xff, 0xf0, 0xf0, 0xf0, 0x0f, 0xf0, 0xf0,
	0x0f, 0xff, 0xf0, 0xff, 0xff, 0xff, 0xf0, 0x0f, 0x0f, 0xf0, 0xff, 0x0f, 0xff, 0xff, 0xff, 0x0f,
	0xff, 0x0f, 0xf0, 0x0f, 0xf0, 0xf0, 0x0f, 0x0f, 0x00, 0xf0, 0xff, 0x0f, 0xff, 0x0f, 0x0f, 0x0f,
	0xf0, 0x0f, 0xf0, 0xf0, 0xff, 0x0f, 0xff, 0xf0, 0x0f, 0xf0, 0xff, 0x00, 0xf0, 0xff, 0x0f, 0x0f,
	0xff, 0x00, 0xf0, 0xf0, 0xff, 0xff, 0xff, 0x0f, 0xf0, 0x0f, 0xf0, 0x0f, 0x0f, 0xf0, 0xf0, 0x00,
	0xff, 0x0f, 0x0f, 0xf0, 0xff, 0xf0, 0xff, 0x0f, 0x0f, 0xff, 0xff, 0xff, 0xf0, 0x0f, 0xff, 0xf0,
	0xff, 0xf0, 0x0f, 0x0f, 0x0f, 0x00, 0xf0, 0xff, 0xf0, 0x0f, 0xf0, 0x0f, 0x0f, 0xff, 0xff, 0x0f,
	0xf0, 0xf0, 0xf0, 0xf0, 0xff, 0xf0, 0xff, 0xf0, 0xf0, 0x0f, 0xff, 0xff, 0xff, 0xf0, 0x0f, 0xf0,
	0x0f, 0xff, 0xff, 0x0f, 0xf0, 0xff, 0xff, 0x0f, 0xff, 0xf0, 0x0f, 0xf0, 0x0f, 0xf0, 0xf0, 0xff,
	0xff, 0xf0, 0xf0, 0xf0, 0x0f, 0xf0, 0xf0, 0x0f, 0x00, 0xff, 0x0f, 0xff, 0xf0, 0x0f, 0xf0, 0xf0,
	0xf0, 0x0f, 0xf0, 0x0f, 0x0f, 0xff, 0xf0, 0xff, 0xff, 0xff, 0xff, 0xf0, 0x0f, 0xf0, 0x0f, 0xff,
	0xff, 0xf0, 0xff, 0xf0, 0xff, 0xf0, 0xff, 0x0f, 0x0f, 0x0f, 0x0f, 0xf0, 0xff, 0xff, 0x0f, 0xf0,
	0x0f, 0xf0, 0xff, 0x0f, 0x0f, 0xff, 0xff, 0xff, 0xf0, 0xff, 0xff, 0xf0, 0xff, 0x0f, 0xff, 0x0f,
	0xf0, 0xff, 0x0f, 0xff, 0xff, 0xf0, 0xff, 0xff, 0x0f, 0xf0, 0x0f, 0x0f, 0xf0, 0x0f, 0x0f, 0x0f,
	0xff, 0x0f, 0x00, 0xff, 0xff, 0xff, 0xf0, 0xf0, 0x0f, 0x0f, 0x0f, 0xf0, 0x0f, 0xf0, 0x0f, 0x0f,
	0xf0, 0x0f, 0x0f, 0x0f, 0xf0, 0xff, 0x0f, 0x0f, 0x0f, 0xf0, 0x0f, 0x00, 0xff, 0x0f, 0xf0, 0x0f,
	0xff, 0xff, 0xf0, 0xf0, 0xff, 0xf0, 0xff, 0xf0, 0xff, 0xf0, 0x0f, 0xf0, 0xf0, 0xff, 0xf0, 0xff,
	0xf0, 0xf0, 0xf0, 0xf0, 0xf0, 0xf0, 0xf0, 0xff, 0xf0, 0xf0, 0x00, 0xf0, 0xff, 0x0f, 0xff, 0xf0,
	0x0f, 0xff, 0x0f, 0x0f, 0xff, 0xff, 0x0f, 0x0f, 0x0f, 0xf0, 0xf0, 0x0f, 0xff, 0x0f, 0xff, 0x0f,
	0xff, 0xff, 0xff, 0xff, 0xff, 0xff, 0xff, 0xff, 0xff, 0xff, 0xff, 0xff, 0xff, 0xff, 0xff, 0xff,
	0xff, 0xff, 0xff, 0xff, 0xff, 0xff, 0xff, 0xff, 0xff, 0xff, 0xff, 0xff, 0xff, 0xff, 0xff, 0xff,
	0xff, 0xff, 0xff, 0xff, 0xff, 0xff, 0xff, 0xff, 0xff, 0xff, 0xff, 0xff, 0xff, 0xff, 0xff, 0xff,
	0xff, 0xff, 0xff, 0xff, 0xff, 0xff, 0xff, 0xff, 0xff, 0xff, 0xff, 0xff, 0xff, 0xff, 0xff, 0xff,
	0xff, 0xff, 0xff, 0xff, 0xff, 0xff, 0xff, 0xff, 0xff, 0xff, 0xff, 0xff, 0xff, 0xff, 0xff, 0xff,
	0xff, 0xff, 0xff, 0xff, 0xff, 0xff, 0xff, 0xff, 0xff, 0xff, 0xff, 0xff, 0xff, 0xff, 0xff, 0xff,
	0xff, 0xff, 0xff, 0xff, 0xff, 0xff, 0xff, 0xff, 0xff, 0xff, 0xff, 0xff, 0xff, 0xff, 0xff, 0xff,
	0xff, 0xff, 0xff, 0xff, 0xff, 0xff, 0xff, 0xff, 0xff, 0xff, 0xff, 0xff, 0xff, 0xff, 0xff, 0xff,
	0xff, 0xff, 0xff, 0xff, 0xff, 0xff, 0xff, 0xff, 0xff, 0xff, 0xff, 0xff, 0xff, 0xff, 0xff, 0xff,
	0xff, 0xff, 0xff, 0xff, 0xff, 0xff, 0xff, 0xff, 0xff, 0xff, 0xff, 0xff, 0xff, 0xff, 0xff, 0xff,
	0xff, 0xff, 0xff, 0xff, 0xff, 0xff, 0xff, 0xff, 0xff, 0xff, 0xff, 0xff, 0xff, 0xff, 0xff, 0xff,
	0xff, 0xff, 0xff, 0xff, 0xff, 0xff, 0xff, 0xff, 0xff, 0xff, 0xff, 0xff, 0xff, 0xff, 0xff, 0xff,
	0xff, 0xff, 0xff, 0xff, 0xff, 0xff, 0xff, 0xff, 0xff, 0xff, 0xff, 0xff, 0xff, 0xff, 0xff, 0xff,
	0xff, 0xff, 0xff, 0xff, 0xff, 0xff, 0xff, 0xff, 0xff, 0xff, 0xff, 0xff, 0xff, 0xff, 0xff, 0xff,
	0xff, 0xff, 0xff, 0xff, 0xff, 0xff, 0xff, 0xff, 0xff, 0xff, 0xff, 0xff, 0xff, 0xff, 0xff, 0xff,
	0xff, 0xff, 0xff, 0xff, 0xff, 0xff, 0xff, 0xff, 0xff, 0xff, 0xff, 0xff, 0xff, 0xff, 0xff, 0xff,
	0xff, 0xff, 0xff, 0xff, 0xff, 0xff, 0xff, 0xff, 0xff, 0xff, 0xff, 0xff, 0xff, 0xff, 0xff, 0xff,
	0xff, 0xff, 0xff, 0xff, 0xff, 0xff, 0xff, 0xff, 0xff, 0xff, 0xff, 0xff, 0xff, 0xff, 0xff, 0xff,
	0xff, 0xff, 0xff, 0xff, 0xff, 0xff, 0xff, 0xff, 0xff, 0xff, 0xff, 0xff, 0xff, 0xff, 0xff, 0xff,
	0xff, 0xff, 0xff, 0xff, 0xff, 0xff, 0xff, 0xff, 0xff, 0xff, 0xff, 0xff, 0xff, 0xff, 0xff, 0xff,
	0x00, 0x00, 0x00, 0x00, 0x00, 0x00, 0x00, 0x00, 0x00, 0x00, 0x00, 0x00, 0x00, 0x00, 0x00, 0x00,
	0x00, 0x00, 0x00, 0x00, 0x00, 0x00, 0x00, 0x00, 0x00, 0x00, 0x00, 0x00, 0x00, 0x00, 0x00, 0x00,
	0x00, 0x00, 0x00, 0x00, 0x00, 0x00, 0x00, 0x00, 0x00, 0x00, 0x00, 0x00, 0x00, 0x00, 0x00, 0x00,
	0x00, 0x00, 0x00, 0x00, 0x00, 0x00, 0x00, 0x00, 0x00, 0x00, 0x00, 0x00, 0x00, 0x00, 0x00, 0x00,
	0x00, 0x00, 0x00, 0x00, 0x00, 0x00, 0x00, 0x00, 0x00, 0x00, 0x00, 0x00, 0x00, 0x00, 0x00, 0x00,
	0x00, 0x00, 0x00, 0x00, 0x00, 0x00, 0x00, 0x00, 0x00, 0x00, 0x00, 0x00, 0x00, 0x00, 0x00, 0x00,
	0x00, 0x00, 0x00, 0x00, 0x00, 0x00, 0x00, 0x00, 0x00, 0x00, 0x00, 0x00, 0x00, 0x00, 0x00, 0x00,
	0x00, 0x00, 0x00, 0x00, 0x00, 0x00, 0x00, 0x00, 0x00, 0x00, 0x00, 0x00, 0x00, 0x00, 0x00, 0x00,
	0x00, 0x00, 0x00, 0x00, 0x00, 0x00, 0x00, 0x00, 0x00, 0x00, 0x00, 0x00, 0x00, 0x00, 0x00, 0x00,
	0x00, 0x00, 0x00, 0x00, 0x00, 0x00, 0x00, 0x00, 0x00, 0x00, 0x00, 0x00, 0x00, 0x00, 0x00, 0x00,
	0x00, 0x00, 0x00, 0x00, 0x00, 0x00, 0x00, 0x00, 0x00, 0x00, 0x00, 0x00, 0x00, 0x00, 0x00, 0x00,
	0x00, 0x00, 0x00, 0x00, 0x00, 0x00, 0x00, 0x00, 0x00, 0x00, 0x00, 0x00, 0x00, 0x00, 0x00, 0x00,
	0x00, 0x00, 0x00, 0x00, 0x00, 0x00, 0x00, 0x00, 0x00, 0x00, 0x00, 0x00, 0x00, 0x00, 0x00, 0x00,
	0x00, 0x00, 0x00, 0x00, 0x00, 0x00, 0x00, 0x00, 0x00, 0x00, 0x00, 0x00, 0x00, 0x00, 0x00, 0x00,
	0x00, 0x00, 0x00, 0x00, 0x00, 0x00, 0x00, 0x00, 0x00, 0x00, 0x00, 0x00, 0x00, 0x00, 0x00, 0x00,
	0x00, 0x00, 0x00, 0x00, 0x00, 0x00, 0x00, 0x00, 0x00, 0x00, 0x00, 0x00, 0x00, 0x00, 0x00, 0x00,
	0x00, 0x00, 0x00, 0x00, 0x00, 0x00, 0x00, 0x00, 0x00, 0x00, 0x00, 0x00, 0x00, 0x00, 0x00, 0x00,
	0x00, 0x00, 0x00, 0x00, 0x00, 0x00, 0x00, 0x00, 0x00, 0x00, 0x00, 0x00, 0x00, 0x00, 0x00, 0x00,
	0x00, 0x00, 0x00, 0x00, 0x00, 0x00, 0x00, 0x00, 0x00, 0x00, 0x00, 0x00, 0x00, 0x00, 0x00, 0x00,
	0x00, 0x00, 0x00, 0x00, 0x00, 0x00, 0x00, 0x00, 0x00, 0x00, 0x00, 0x00, 0x00, 0x00, 0x00, 0x00,
	0x00, 0x00, 0x00, 0x00, 0xff, 0x00, 0x00, 0x00, 0xff, 0x00, 0x0f, 0x00, 0x00, 0x00, 0x00, 0x00,
	0x00, 0x00, 0xf0, 0xf0, 0x00, 0x00, 0x00, 0x00, 0x00, 0x00, 0x00, 0x00, 0xff, 0x00, 0xf0, 0x00,
	0x00, 0x0f, 0x00, 0x00, 0x00, 0x0f, 0x00, 0x00, 0x00, 0x00, 0xf0, 0x00, 0x00, 0x00, 0xff, 0x00,
	0x00, 0x00, 0x00, 0xf0, 0xf0, 0x00, 0x00, 0x00, 0x00, 0x00, 0x00, 0x00, 0x00, 0x00, 0x00, 0x00,
	0x00, 0x00, 0x0f, 0x00, 0x00, 0x00, 0x00, 0x00, 0x00, 0x00, 0x00, 0x00, 0x0f, 0x00, 0x0f, 0x00,
	0x00, 0x00, 0x00, 0xff, 0x00, 0x00, 0x0f, 0x00, 0x00, 0x00, 0x00, 0x00, 0x00, 0xff, 0x00, 0x00,
	0xf0, 0x00, 0x00, 0x00, 0x00, 0x00, 0x00, 0x00, 0x00, 0x00, 0x00, 0x00, 0x00, 0x00, 0x00, 0x00,
	0x00, 0x00, 0x0f, 0x00, 0x00, 0x0f, 0x0f, 0x0f, 0x00, 0x00, 0x00, 0x00, 0x00, 0x00, 0x00, 0x00,
	0x00, 0x00, 0x00, 0x00, 0x00, 0x00, 0x00, 0x00, 0x00, 0xf0, 0x00, 0x00, 0x00, 0xf0, 0xff, 0x00,
	0x0f, 0x00, 0x00, 0xff, 0x00, 0x00, 0x00, 0x00, 0xf0, 0x00, 0x00, 0x00, 0x0f, 0x00, 0xff, 0x00,
	0x00, 0x00, 0x0f, 0x0f, 0xf0, 0xf0, 0x00, 0x00, 0xf0, 0x00, 0x00, 0x00, 0x00, 0x00, 0x00, 0xf0,
	0x00, 0x00, 0x0f, 0x00, 0x00, 0x00, 0x00, 0x00, 0x00, 0x00, 0x00, 0x00, 0x00, 0x00, 0x00, 0xff,
	0x00, 0x00, 0x00, 0x00, 0x00, 0x0f, 0x00, 0x00, 0xf0, 0x00, 0x00, 0x00, 0x00, 0xff, 0xf0, 0x00,
	0x00, 0x00, 0x0f, 0xf0, 0x00, 0x00, 0x00, 0x00, 0x00, 0xf0, 0x00, 0x00, 0x00, 0x00, 0x00, 0x00,
	0x00, 0x00, 0x00, 0x00, 0x00, 0x00, 0x00, 0xf0, 0x00, 0x00, 0x00, 0x00, 0x00, 0x00, 0x00, 0x00,
	0x00, 0x00, 0x00, 0xf0, 0x00, 0x0f, 0x00, 0x00, 0x0f, 0x00, 0xff, 0x00, 0x00, 0xff, 0x00, 0x00,
	0x00, 0x00, 0x00, 0x00, 0x00, 0x00, 0x00, 0x00, 0x00, 0x00, 0x00, 0xf0, 0x00, 0x00, 0x00, 0x00,
	0x00, 0x00, 0x00, 0x00, 0x00, 0x00, 0xf0, 0x00, 0x00, 0x0f, 0x00, 0xf0, 0x00, 0x00, 0x00, 0x00,
	0x00, 0xf0, 0x00, 0x00, 0x00, 0x00, 0x00, 0x0f, 0x00, 0x00, 0x00, 0xff, 0x00, 0x00, 0x00, 0x00,
	0x00, 0x00, 0x00, 0x00, 0x0f, 0x00, 0x00, 0x00, 0x00, 0x00, 0x0f, 0x00, 0x0f, 0xf0, 0x00, 0x00,
	0x00, 0x00, 0xf0, 0x00, 0xff, 0x00, 0x00, 0xf0, 0x0f, 0xff, 0x00, 0x00, 0xff, 0x00, 0x00, 0xf0,
	0x00, 0x0f, 0x00, 0x00, 0xff, 0x00, 0xff, 0xf0, 0x00, 0xff, 0x00, 0x00, 0x00, 0xff, 0x00, 0x00,
	0x00, 0x00, 0xff, 0x00, 0x00, 0xff, 0x00, 0x00, 0x00, 0x00, 0x00, 0xff, 0x00, 0x00, 0x00, 0xff,
	0x0f, 0x00, 0x00, 0x00, 0x00, 0x00, 0x00, 0x00, 0x00, 0x00, 0xf0, 0x00, 0x0f, 0xf0, 0xff, 0x00,
	0xf0, 0x0f, 0x00, 0x00, 0xff, 0xff, 0x00, 0x00, 0x00, 0x0f, 0x00, 0x0f, 0xff, 0x00, 0xf0, 0x00,
	0x00, 0x0f, 0x0f, 0xf0, 0x00, 0x00, 0x00, 0x00, 0xff, 0x00, 0xff, 0x00, 0x00, 0xff, 0x00, 0x00,
	0x0f, 0xff, 0x00, 0x00, 0x00, 0x00, 0x00, 0x00, 0x00, 0x00, 0x00, 0x00, 0x00, 0x00, 0x00, 0x00,
	0xff, 0xf0, 0x00, 0x00, 0xff, 0x00, 0x00, 0x00, 0x00, 0x00, 0x00, 0x0f, 0x00, 0x00, 0x00, 0x0f,
	0x00, 0x0f, 0x00, 0x0f, 0x0f, 0x00, 0x0f, 0x00, 0x00, 0x00, 0x00, 0x0f, 0x00, 0x00, 0x00, 0x00,
	0xf0, 0x00, 0x00, 0x00, 0xf0, 0xf0, 0x00, 0x00, 0xf0, 0x00, 0x00, 0x00, 0x00, 0x00, 0xff, 0x00,
	0x00, 0x00, 0xf0, 0xff, 0xf0, 0x00, 0x00, 0xff, 0x00, 0xff, 0x00, 0xff, 0x00, 0x00, 0xf0, 0x00,
	0x00, 0x0f, 0x00, 0xf0, 0xf0, 0x00, 0x00, 0x0f, 0x00, 0xff, 0xff, 0x0f, 0x0f, 0x00, 0x00, 0xf0,
	0x00, 0x00, 0xff, 0x00, 0xf0, 0x00, 0x00, 0xff, 0xff, 0xf0, 0x0f, 0x00, 0x00, 0x0f, 0xf0, 0x0f,
	0x00, 0xff, 0xf0, 0x00, 0x00, 0xf0, 0x00, 0x00, 0x00, 0x00, 0x0f, 0x0f, 0x00, 0x00, 0x00, 0x00,
	0x00, 0x00, 0x00, 0x00, 0x00, 0x00, 0x00, 0x0f, 0xf0, 0x00, 0x00, 0x00, 0x00, 0x00, 0x0f, 0x00,
	0x00, 0x00, 0x00, 0x00, 0xf0, 0x00, 0x00, 0xff, 0xff, 0x0f, 0x0f, 0x0f, 0x00, 0xff, 0xf0, 0x0f,
	0x0f, 0x00, 0x00, 0xf0, 0x00, 0x00, 0x00, 0xff, 0x00, 0x00, 0x0f, 0xf0, 0x00, 0xff, 0x00, 0x00,
	0xf0, 0xff, 0x00, 0xff, 0x00, 0x00, 0x00, 0xf0, 0x00, 0xf0, 0xff, 0x00, 0x00, 0xf0, 0x00, 0x00,
	0x0f, 0x00, 0xf0, 0x00, 0x0f, 0x0f, 0x0f, 0x0f, 0x00, 0x00, 0x00, 0x00, 0x00, 0x00, 0x0f, 0x00,
	0x00, 0x0f, 0x00, 0x00, 0xf0, 0x00, 0x00, 0x00, 0xff, 0x00, 0x00, 0x0f, 0xff, 0x00, 0x00, 0x00,
	0x00, 0xf0, 0x00, 0x00, 0x0f, 0x00, 0xff, 0xf0, 0x0f, 0x0f, 0x00, 0xf0, 0x00, 0xff, 0x00, 0x0f,
	0xff, 0x00, 0xf0, 0x0f, 0xff, 0x00, 0x00, 0x00, 0x00, 0x00, 0xf0, 0x00, 0x0f, 0x00, 0xff, 0x00,
	0xf0, 0x00, 0xf0, 0x00, 0xff, 0xff, 0x00, 0x00, 0x00, 0x00, 0x00, 0x00, 0xff, 0x0f, 0x0f, 0x00,
	0xff, 0xff, 0xff, 0xff, 0x0f, 0xf0, 0x00, 0x00, 0xff, 0xff, 0x00, 0x00, 0x00, 0x00, 0x00, 0x0f,
	0xf0, 0xf0, 0xf0, 0xff, 0x0f, 0xf0, 0x00, 0x00, 0xf0, 0x00, 0x00, 0x0f, 0x00, 0x00, 0x00, 0xff,
	0xff, 0xff, 0xf0, 0x0f, 0x00, 0xff, 0x00, 0x0f, 0x00, 0x00, 0x0f, 0x00, 0x00, 0x00, 0x0f, 0x00,
	0xff, 0x00, 0xf0, 0x0f, 0x00, 0x0f, 0x00, 0xff, 0xff, 0x00, 0x00, 0x0f, 0x0f, 0xff, 0x00, 0x00,
	0xff, 0xf0, 0xf0, 0x00, 0x0f, 0x00, 0x00, 0x00, 0x00, 0x00, 0x00, 0x00, 0x00, 0x00, 0xf0, 0x00,
	0x00, 0x00, 0x0f, 0xf0, 0x00, 0x00, 0xf0, 0x00, 0xf0, 0x00, 0x00, 0x00, 0xf0, 0x00, 0x00, 0xf0,
	0x00, 0x0f, 0xf0, 0x00, 0x0f, 0x00, 0x00, 0x00, 0x00, 0xff, 0x00, 0x0f, 0x00, 0x00, 0x0f, 0x0f,
	0x00, 0xf0, 0x0f, 0xff, 0xff, 0x00, 0x00, 0xf0, 0xff, 0xff, 0x00, 0xf0, 0x00, 0x00, 0xff, 0x00,
	0x00, 0x00, 0x00, 0x00, 0x0f, 0xf0, 0x00, 0x00, 0xff, 0x00, 0x00, 0x00, 0x00, 0x00, 0xff, 0xff,
	0x00, 0x00, 0x00, 0x00, 0x00, 0xff, 0x00, 0x00, 0x00, 0x00, 0x00, 0x00, 0x00, 0x00, 0x00, 0xff,
	0xff, 0xff, 0x00, 0x0f, 0x0f, 0x00, 0xf0, 0x00, 0x00, 0x00, 0x0f, 0x00, 0x0f, 0x00, 0x00, 0x0f,
	0xff, 0x0f, 0x00, 0xf0, 0xf0, 0x00, 0xff, 0x0f, 0x00, 0x00, 0x00, 0xff, 0x00, 0x00, 0xff, 0x00,
	0xf0, 0xff, 0xff, 0xff, 0x00, 0x0f, 0x00, 0x00, 0x0f, 0xff, 0x0f, 0xf0, 0x00, 0xf0, 0x0f, 0xff,
	0x00, 0xff, 0x00, 0x00, 0xf0, 0xf0, 0xff, 0x0f, 0x00, 0x0f, 0x00, 0xf0, 0x00, 0x00, 0x0f, 0x00,
	0x00, 0x0f, 0xff, 0x00, 0x00, 0x00, 0x00, 0xf0, 0x00, 0x0f, 0xff, 0xff, 0xf0, 0x00, 0xff, 0x00,
	0xf0, 0x00, 0x00, 0x00, 0xff, 0x00, 0x00, 0xf0, 0xf0, 0x00, 0x00, 0x0f, 0x0f, 0x00, 0xff, 0x00,
	0x0f, 0xff, 0x00, 0xff, 0xf0, 0x00, 0x00, 0x00, 0x0f, 0x0f, 0x00, 0x00, 0x00, 0x00, 0xff, 0x00,
	0xf0, 0xf0, 0x00, 0xff, 0xff, 0xf0, 0xf0, 0xff, 0xff, 0xff, 0x0f, 0x00, 0x00, 0x00, 0x00, 0xff,
	0xf0, 0x0f, 0x0f, 0x0f, 0x00, 0xf0, 0xf0, 0xff, 0x00, 0x0f, 0x00, 0xf0, 0xff, 0x0f, 0x00, 0x00,
	0xff, 0x0f, 0x00, 0x00, 0xff, 0xf0, 0xf0, 0xff, 0xff, 0x00, 0x0f, 0x0f, 0xf0, 0x0f, 0xf0, 0x00,
	0xf0, 0x0f, 0x0f, 0x00, 0x00, 0x0f, 0x00, 0xf0, 0xf0, 0x00, 0xf0, 0x00, 0xf0, 0xff, 0xff, 0xff,
	0xf0, 0x0f, 0x00, 0xf0, 0x00, 0x00, 0xff, 0x0f, 0x00, 0xf0, 0x00, 0x00, 0xff, 0xf0, 0x00, 0x0f,
	0x0f, 0x0f, 0xf0, 0x0f, 0xf0, 0x0f, 0x0f, 0x0f, 0xff, 0xf0, 0x00, 0xff, 0x00, 0x00, 0x00, 0xf0,
	0x0f, 0xf0, 0x00, 0x00, 0x00, 0xf0, 0x0f, 0x0f, 0x00, 0xf0, 0xf0, 0xf0, 0x00, 0x0f, 0xf0, 0xf0,
	0x0f, 0xff, 0xf0, 0x0f, 0x00, 0xff, 0xf0, 0x0f, 0xff, 0xff, 0x00, 0x0f, 0xff, 0x0f, 0x00, 0xf0,
	0xf0, 0x0f, 0xf0, 0x00, 0x00, 0x0f, 0x00, 0x0f, 0x0f, 0xff, 0x00, 0xf0, 0x0f, 0x00, 0xff, 0xff,
	0x00, 0x00, 0xff, 0x00, 0x00, 0x0f, 0x0f, 0x00, 0x00, 0x00, 0xff, 0xff, 0x0f, 0x00, 0xf0, 0xf0,
	0xf0, 0xf0, 0x00, 0x0f, 0xf0, 0x00, 0xff, 0xf0, 0xf0, 0xf0, 0x0f, 0x00, 0x00, 0xf0, 0xff, 0x0f,
	0x00, 0x00, 0x0f, 0xff, 0x0f, 0x00, 0x00, 0x0f, 0x0f, 0xff, 0x00, 0xf0, 0xf0, 0xff, 0xff, 0x00,
	0xf0, 0xf0, 0xf0, 0x0f, 0x00, 0x00, 0x0f, 0xff, 0x0f, 0xf0, 0xf0, 0xf0, 0x00, 0xff, 0xf0, 0x00,
	0x0f, 0xff, 0xff, 0xf0, 0x00, 0x0f, 0xf0, 0xff, 0x0f, 0x0f, 0x00, 0xf0, 0xff, 0x0f, 0x00, 0xf0,
	0x00, 0x00, 0xf0, 0x00, 0xf0, 0x00, 0x0f, 0x00, 0x00, 0x00, 0xf0, 0x00, 0xf0, 0xff, 0xff, 0x00,
	0x0f, 0xf0, 0xff, 0xff, 0x00, 0x00, 0xf0, 0xf0, 0x00, 0xf0, 0x0f, 0x00, 0x00, 0x00, 0x0f, 0x00,
	0x00, 0xff, 0x0f, 0x0f, 0x0f, 0xf0, 0xf0, 0xf0, 0xff, 0xff, 0x00, 0x00, 0xf0, 0x0f, 0x00, 0xff,
	0x0f, 0x00, 0xff, 0x0f, 0x00, 0x00, 0xff, 0x00, 0xff, 0xf0, 0x00, 0xf0, 0x00, 0xf0, 0x00, 0x0f,
	0x00, 0x0f, 0xff, 0x00, 0xf0, 0xf0, 0xf0, 0xff, 0x00, 0xff, 0xf0, 0xff, 0x0f, 0xf0, 0x0f, 0xf0,
	0x0f, 0x00, 0x00, 0xf0, 0xf0, 0xff, 0xf0, 0x0f, 0x0f, 0xff, 0x0f, 0x0f, 0xf0, 0x0f, 0x0f, 0xff,
	0x00, 0xff, 0x0f, 0x0f, 0x0f, 0xf0, 0x0f, 0xf0, 0xf0, 0x0f, 0x00, 0x00, 0xff, 0xf0, 0x0f, 0xf0,
	0x00, 0xf0, 0xf0, 0x00, 0x0f, 0xf0, 0x0f, 0x00, 0xff, 0x0f, 0xf0, 0xf0, 0xff, 0x00, 0x0f, 0xff,
	0xff, 0xf0, 0x0f, 0xff, 0xff, 0xf0, 0xf0, 0xff, 0x0f, 0x0f, 0x0f, 0xf0, 0xf0, 0xf0, 0xf0, 0xff,
	0xff, 0xff, 0xff, 0xff, 0x00, 0xff, 0x0f, 0x0f, 0xff, 0xf0, 0xff, 0x0f, 0xff, 0xf0, 0xff, 0x00,
	0xf0, 0xf0, 0xf0, 0xf0, 0x0f, 0xff, 0xff, 0xf0, 0x0f, 0xff, 0xff, 0x0f, 0xff, 0x00, 0x00, 0xf0,
	0xf0, 0x0f, 0x00, 0xf0, 0xf0, 0x0f, 0xff, 0x0f, 0x0f, 0xff, 0x00, 0x00, 0x0f, 0xf0, 0xf0, 0x0f,
	0xf0, 0xff, 0x0f, 0xf0, 0xf0, 0xff, 0x0f, 0x00, 0x0f, 0xff, 0xf0, 0xff, 0xf0, 0xff, 0x0f, 0x00,
	0x0f, 0xff, 0xff, 0xf0, 0xff, 0xf0, 0xf0, 0x00, 0x00, 0xff, 0xf0, 0xf0, 0xf0, 0x00, 0x0f, 0x00,
	0x00, 0xff, 0x0f, 0xff, 0xff, 0xf0, 0xff, 0x0f, 0xf0, 0x0f, 0x00, 0xff, 0x00, 0x00, 0x0f, 0xf0,
	0x0f, 0x00, 0x0f, 0x0f, 0xf0, 0xff, 0x0f, 0xff, 0xf0, 0xf0, 0xff, 0xff, 0xf0, 0xf0, 0xf0, 0xf0,
	0x0f, 0x0f, 0xff, 0x00, 0x0f, 0xff, 0xff, 0xf0, 0xf0, 0xf0, 0xf0, 0xf0, 0xff, 0xf0, 0x0f, 0xf0,
	0xf0, 0x00, 0x0f, 0x0f, 0x0f, 0xff, 0xf0, 0x0f, 0xf0, 0xff, 0xff, 0x0f, 0x0f, 0x0f, 0x0f, 0xf0,
	0xf0, 0xff, 0xff, 0xf0, 0xf0, 0xf0, 0xff, 0x0f, 0xff, 0xff, 0x0f, 0xff, 0x0f, 0xff, 0x0f, 0xff,
	0x0f, 0xff, 0x0f, 0xf0, 0xf0, 0x0f, 0xff, 0x0f, 0x0f, 0xff, 0x00, 0x0f, 0x0f, 0x00, 0xf0, 0x0f,
	0x0f, 0xf0, 0xff, 0xf0, 0x0f, 0xff, 0xf0, 0xf0, 0xff, 0xf0, 0x00, 0xf0, 0x0f, 0x0f, 0xff, 0x0f,
	0xff, 0xf0, 0xf0, 0x00, 0xf0, 0xff, 0x0f, 0x0f, 0xf0, 0xf0, 0xf0, 0xf0, 0x0f, 0xf0, 0x0f, 0x0f,
	0xf0, 0x00, 0xff, 0xf0, 0xf0, 0x0f, 0x0f, 0xf0, 0xf0, 0x00, 0xf0, 0x0f, 0x00, 0x00, 0xff, 0xff,
	0x0f, 0xf0, 0x0f, 0xf0, 0x00, 0x0f, 0xf0, 0x0f, 0xf0, 0x00, 0xff, 0x0f, 0xff, 0xf0, 0x0f, 0xf0,
	0xf0, 0x00, 0x00, 0x0f, 0xf0, 0xf0, 0xf0, 0xff, 0xf0, 0x0f, 0x00, 0xff, 0xf0, 0x0f, 0xf0, 0x0f,
	0x0f, 0x0f, 0xf0, 0x0f, 0x0f, 0x0f, 0x0f, 0xf0, 0xff, 0xff, 0xff, 0xff, 0xff, 0xff, 0xff, 0x0f,
	0x0f, 0xff, 0x0f, 0x0f, 0x0f, 0xff, 0x0f, 0x0f, 0x0f, 0xff, 0x0f, 0x00, 0xff, 0x00, 0xf0, 0xff,
	0x0f, 0x0f, 0x0f, 0xf0, 0xf0, 0x0f, 0xf0, 0x0f, 0x0f, 0xff, 0xf0, 0xff, 0x0f, 0xff, 0xff, 0x0f,
	0xff, 0xff, 0xf0, 0x0f, 0xff, 0xff, 0xf0, 0x0f, 0xff, 0xf0, 0x0f, 0x0f, 0xf0, 0x0f, 0xff, 0xf0,
	0x0f, 0xff, 0xff, 0x0f, 0xf0, 0x0f, 0xf0, 0x0f, 0xf0, 0xff, 0xf0, 0xf0, 0xf0, 0xff, 0xf0, 0xf0,
	0xff, 0xff, 0x0f, 0x0f, 0xff, 0xff, 0xf0, 0xf0, 0xf0, 0xf0, 0x0f, 0x0f, 0xff, 0xf0, 0x0f, 0xf0,
	0x0f, 0x0f, 0xf0, 0xf0, 0x0f, 0x0f, 0xff, 0xf0, 0xff, 0xf0, 0xf0, 0xff, 0xf0, 0xff, 0xff, 0xf0,
	0xff, 0xff, 0xff, 0x00, 0x00, 0x0f, 0xff, 0xff, 0x0f, 0xf0, 0xf0, 0xff, 0x0f, 0x0f, 0xff, 0xff,
	0xff, 0x0f, 0xff, 0xff, 0xf0, 0x0f, 0xff, 0xf0, 0xff, 0xff, 0xff, 0x0f, 0xf0, 0xf0, 0xff, 0x0f,
	0xff, 0xff, 0x0f, 0xff, 0x0f, 0x0f, 0xf0, 0xff, 0x0f, 0xf0, 0x0f, 0xff, 0x0f, 0xf0, 0xf0, 0xf0,
	0xf0, 0xf0, 0xf0, 0x0f, 0xff, 0x00, 0x0f, 0x0f, 0xff, 0xff, 0x0f, 0x00, 0xff, 0xf0, 0xff, 0x0f,
	0xf0, 0x0f, 0xff, 0x0f, 0x0f, 0xff, 0x0f, 0x00, 0xf0, 0xf0, 0x0f, 0x0f, 0x0f, 0x0f, 0xff, 0xf0,
	0x0f, 0x0f, 0xf0, 0xff, 0xf0, 0x00, 0xf0, 0x0f, 0xf0, 0x0f, 0x0f, 0xf0, 0xf0, 0x0f, 0xff, 0x00,
	0xff, 0xff, 0x0f, 0xff, 0x0f, 0xff, 0xf0, 0xff, 0xff, 0x0f, 0x0f, 0x0f, 0xf0, 0xff, 0xf0, 0xff,
	0xf0, 0xf0, 0xf0, 0x0f, 0x0f, 0xf0, 0xff, 0xff, 0xf0, 0x0f, 0xf0, 0xf0, 0xf0, 0xf0, 0xf0, 0xf0,
	0xf0, 0xff, 0x0f, 0x0f, 0xff, 0xf0, 0x0f, 0x0f, 0x0f, 0xf0, 0xf0, 0x0f, 0xf0, 0x0f, 0xff, 0xff,
	0xf0, 0xff, 0x0f, 0xf0, 0xf0, 0x0f, 0xff, 0xf0, 0xff, 0xff, 0x0f, 0x0f, 0x0f, 0x0f, 0xff, 0x0f,
	0x0f, 0xf0, 0xf0, 0xff, 0x0f, 0x00, 0xff, 0x0f, 0x0f, 0x0f, 0xff, 0x0f, 0x0f, 0x0f, 0x0f, 0xf0,
	0xff, 0x0f, 0xf0, 0x0f, 0xf0, 0xf0, 0x0f, 0xff, 0xf0, 0x0f, 0xff, 0xf0, 0xf0, 0x0f, 0x0f, 0x0f,
	0x0f, 0xff, 0xff, 0xff, 0x0f, 0xf0, 0x0f, 0x0f, 0xff, 0x0f, 0xff, 0xf0, 0xff, 0x0f, 0x0f, 0x0f,
	0x0f, 0xff, 0xff, 0x0f, 0xff, 0xf0, 0x0f, 0x0f, 0xf0, 0xf0, 0xff, 0xf0, 0xf0, 0x0f, 0xf0, 0xff,
	0xff, 0xff, 0xff, 0xff, 0xff, 0xff, 0xff, 0xff, 0xff, 0xff, 0xff, 0xff, 0xff, 0xff, 0xff, 0xff,
	0xff, 0xff, 0xff, 0xff, 0xff, 0xff, 0xff, 0xff, 0xff, 0xff, 0xff, 0xff, 0xff, 0xff, 0xff, 0xff,
	0xff, 0xff, 0xff, 0xff, 0xff, 0xff, 0xff, 0xff, 0xff, 0xff, 0xff, 0xff, 0xff, 0xff, 0xff, 0xff,
	0xff, 0xff, 0xff, 0xff, 0xff, 0xff, 0xff, 0xff, 0xff, 0xff, 0xff, 0xff, 0xff, 0xff, 0xff, 0xff,
	0xff, 0xff, 0xff, 0xff, 0xff, 0xff, 0xff, 0xff, 0xff, 0xff, 0xff, 0xff, 0xff, 0xff, 0xff, 0xff,
	0xff, 0xff, 0xff, 0xff, 0xff, 0xff, 0xff, 0xff, 0xff, 0xff, 0xff, 0xff, 0xff, 0xff, 0xff, 0xff,
	0xff, 0xff, 0xff, 0xff, 0xff, 0xff, 0xff, 0xff, 0xff, 0xff, 0xff, 0xff, 0xff, 0xff, 0xff, 0xff,
	0xff, 0xff, 0xff, 0xff, 0xff, 0xff, 0xff, 0xff, 0xff, 0xff, 0xff, 0xff, 0xff, 0xff, 0xff, 0xff,
	0xff, 0xff, 0xff, 0xff, 0xff, 0xff, 0xff, 0xff, 0xff, 0xff, 0xff, 0xff, 0xff, 0xff, 0xff, 0xff,
	0xff, 0xff, 0xff, 0xff, 0xff, 0xff, 0xff, 0xff, 0xff, 0xff, 0xff, 0xff, 0xff, 0xff, 0xff, 0xff,
	0xff, 0xff, 0xff, 0xff, 0xff, 0xff, 0xff, 0xff, 0xff, 0xff, 0xff, 0xff, 0xff, 0xff, 0xff, 0xff,
	0xff, 0xff, 0xff, 0xff, 0xff, 0xff, 0xff, 0xff, 0xff, 0xff, 0xff, 0xff, 0xff, 0xff, 0xff, 0xff,
	0xff, 0xff, 0xff, 0xff, 0xff, 0xff, 0xff, 0xff, 0xff, 0xff, 0xff, 0xff, 0xff, 0xff, 0xff, 0xff,
	0xff, 0xff, 0xff, 0xff, 0xff, 0xff, 0xff, 0xff, 0xff, 0xff, 0xff, 0xff, 0xff, 0xff, 0xff, 0xff,
	0xff, 0xff, 0xff, 0xff, 0xff, 0xff, 0xff, 0xff, 0xff, 0xff, 0xff, 0xff, 0xff, 0xff, 0xff, 0xff,
	0xff, 0xff, 0xff, 0xff, 0xff, 0xff, 0xff, 0xff, 0xff, 0xff, 0xff, 0xff, 0xff, 0xff, 0xff, 0xff,
	0xff, 0xff, 0xff, 0xff, 0xff, 0xff, 0xff, 0xff, 0xff, 0xff, 0xff, 0xff, 0xff, 0xff, 0xff, 0xff,
	0xff, 0xff, 0xff, 0xff, 0xff, 0xff, 0xff, 0xff, 0xff, 0xff, 0xff, 0xff, 0xff, 0xff, 0xff, 0xff,
	0xff, 0xff, 0xff, 0xff, 0xff, 0xff, 0xff, 0xff, 0xff, 0xff, 0xff, 0xff, 0xff, 0xff, 0xff, 0xff,
	0xff, 0xff, 0xff, 0xff, 0xff, 0xff, 0xff, 0xff, 0xff, 0xff, 0xff, 0xff, 0xff, 0xff, 0xff, 0xff,
	0x00, 0x00, 0x00, 0x00, 0x00, 0x00, 0x00, 0x00, 0x00, 0x00, 0x00, 0x00, 0x00, 0x00, 0x00, 0x00,
	0x00, 0x00, 0x00, 0x00, 0x00, 0x00, 0x00, 0x00, 0x00, 0x00, 0x00, 0x00, 0x00, 0x00, 0x00, 0x00,
	0x00, 0x00, 0x00, 0x00, 0x00, 0x00, 0x00, 0x00, 0x00, 0x00, 0x00, 0x00, 0x00, 0x00, 0x00, 0x00,
	0x00, 0x00, 0x00, 0x00, 0x00, 0x00, 0x00, 0x00, 0x00, 0x00, 0x00, 0x00, 0x00, 0x00, 0x00, 0x00,
	0x00, 0x00, 0x00, 0x00, 0x00, 0x00, 0x00, 0x00, 0x00, 0x00, 0x00, 0x00, 0x00, 0x00, 0x00, 0x00,
	0x00, 0x00, 0x00, 0x00, 0x00, 0x00, 0x00, 0x00, 0x00, 0x00, 0x00, 0x00, 0x00, 0x00, 0x00, 0x00,
	0x00, 0x00, 0x00, 0x00, 0x00, 0x00, 0x00, 0x00, 0x00, 0x00, 0x00, 0x00, 0x00, 0x00, 0x00, 0x00,
	0x00, 0x00, 0x00, 0x00, 0x00, 0x00, 0x00, 0x00, 0x00, 0x00, 0x00, 0x00, 0x00, 0x00, 0x00, 0x00,
	0x00, 0x00, 0x00, 0x00, 0x00, 0x00, 0x00, 0x00, 0x00, 0x00, 0x00, 0x00, 0x00, 0x00, 0x00, 0x00,
	0x00, 0x00, 0x00, 0x00, 0x00, 0x00, 0x00, 0x00, 0x00, 0x00, 0x00, 0x00, 0x00, 0x00, 0x00, 0x00,
	0x00, 0x00, 0x00, 0x00, 0x00, 0x00, 0x00, 0x00, 0x00, 0x00, 0x00, 0x00, 0x00, 0x00, 0x00, 0x00,
	0x00, 0x00, 0x00, 0x00, 0x00, 0x00, 0x00, 0x00, 0x00, 0x00, 0x00, 0x00, 0x00, 0x00, 0x00, 0x00,
	0x00, 0x00, 0x00, 0x00, 0x00, 0x00, 0x00, 0x00, 0x00, 0x00, 0x00, 0x00, 0x00, 0x00, 0x00, 0x00,
	0x00, 0x00, 0x00, 0x00, 0x00, 0x00, 0x00, 0x00, 0x00, 0x00, 0x00, 0x00, 0x00, 0x00, 0x00, 0x00,
	0x00, 0x00, 0x00, 0x00, 0x00, 0x00, 0x00, 0x00, 0x00, 0x00, 0x00, 0x00, 0x00, 0x00, 0x00, 0x00,
	0x00, 0x00, 0x00, 0x00, 0x00, 0x00, 0x00, 0x00, 0x00, 0x00, 0x00, 0x00, 0x00, 0x00, 0x00, 0x00,
	0x00, 0x00, 0x00, 0x00, 0x00, 0x00, 0x00, 0x00, 0x00, 0x00, 0x00, 0x00, 0x00, 0x00, 0x00, 0x00,
	0x00, 0x00, 0x00, 0x00, 0x00, 0x00, 0x00, 0x00, 0x00, 0x00, 0x00, 0x00, 0x00, 0x00, 0x00, 0x00,
	0x00, 0x00, 0x00, 0x00, 0x00, 0x00, 0x00, 0x00, 0x00, 0x00, 0x00, 0x00, 0x00, 0x00, 0x00, 0x00,
	0x00, 0x00, 0x00, 0x00, 0x00, 0x00, 0x00, 0x00, 0x00, 0x00, 0x00, 0x00, 0x00, 0x00, 0x00, 0x00,
	0x00, 0x00, 0x00, 0x00, 0x00, 0x00, 0xf0, 0x00, 0x00, 0x00, 0x00, 0x00, 0x00, 0x00, 0x00, 0x00,
	0x0f, 0x00, 0x00, 0x00, 0x00, 0x00, 0x00, 0x00, 0x00, 0x00, 0x0f, 0x00, 0x00, 0x00, 0xff, 0xf0,
	0x00, 0xf0, 0xf0, 0x00, 0x00, 0x00, 0x00, 0x00, 0x00, 0x00, 0xf0, 0x00, 0x00, 0xf0, 0x00, 0x00,
	0x00, 0x00, 0x00, 0x00, 0x00, 0x00, 0x0f, 0x00, 0xf0, 0x00, 0x00, 0xf0, 0x00, 0x0f, 0x00, 0x00,
	0x00, 0x00, 0xf0, 0x00, 0x00, 0x00, 0x00, 0x00, 0x00, 0x00, 0x00, 0x00, 0x00, 0x00, 0x0f, 0x00,
	0x0f, 0x00, 0x00, 0x00, 0x00, 0x00, 0x00, 0x00, 0x00, 0xff, 0x00, 0x00, 0x00, 0x00, 0xff, 0xff,
	0x0f, 0x00, 0x00, 0x00, 0x00, 0x00, 0x0f, 0xff, 0x0f, 0x00, 0x00, 0x00, 0x00, 0x00, 0xff, 0x00,
	0x00, 0x00, 0x0f, 0xf0, 0x00, 0x00, 0x00, 0x00, 0x00, 0x00, 0x00, 0x00, 0x00, 0x00, 0x00, 0x00,
	0xf0, 0x00, 0x00, 0x00, 0x00, 0x00, 0x00, 0x00, 0x00, 0x00, 0x00, 0x00, 0x00, 0x00, 0x00, 0x00,
	0x00, 0xf0, 0x00, 0xff, 0x00, 0x00, 0x00, 0x00, 0xff, 0x00, 0x00, 0x00, 0x00, 0x00, 0xff, 0x00,
	0x00, 0x00, 0x00, 0x00, 0x00, 0x00, 0x00, 0xff, 0x00, 0x00, 0xff, 0x00, 0x00, 0x0f, 0x00, 0x00,
	0x00, 0xff, 0x00, 0x0f, 0xff, 0xf0, 0x00, 0x0f, 0x00, 0x00, 0x00, 0x00, 0x00, 0x00, 0x00, 0x00,
	0x00, 0x00, 0xff, 0x00, 0x00, 0x00, 0x00, 0x00, 0xf0, 0x00, 0x00, 0x00, 0x00, 0xff, 0x00, 0xff,
	0x00, 0x00, 0x00, 0x0f, 0x00, 0x00, 0x00, 0x00, 0x00, 0x00, 0x00, 0x00, 0x00, 0x00, 0x00, 0x00,
	0x00, 0x00, 0x00, 0x00, 0x00, 0x00, 0x00, 0x00, 0xff, 0x00, 0x00, 0x00, 0x00, 0xff, 0x00, 0x00,
	0x00, 0x00, 0xf0, 0x00, 0x00, 0x00, 0x00, 0x00, 0x00, 0x00, 0x00, 0x00, 0x00, 0xf0, 0x00, 0x00,
	0x00, 0xf0, 0x00, 0x00, 0xf0, 0x00, 0x00, 0x00, 0x00, 0x0f, 0x00, 0x0f, 0x0f, 0x00, 0x00, 0x00,
	0x00, 0x00, 0x00, 0x00, 0x00, 0x00, 0x00, 0xf0, 0x00, 0xff, 0x00, 0x00, 0x00, 0x00, 0x00, 0x00,
	0x0f, 0x00, 0x00, 0x00, 0x00, 0xf0, 0x00, 0x00, 0x00, 0x00, 0x00, 0x00, 0xff, 0x00, 0xf0, 0x00,
	0x00, 0x00, 0x00, 0x00, 0x00, 0x00, 0x0f, 0x00, 0xf0, 0x00, 0x00, 0x0f, 0x00, 0xff, 0x00, 0xff,
	0xf0, 0x00, 0x00, 0xff, 0x0f, 0x0f, 0x0f, 0x00, 0x0f, 0x00, 0x00, 0x0f, 0xf0, 0x00, 0x00, 0x00,
	0x00, 0x00, 0xff, 0x00, 0x00, 0x00, 0xf0, 0x00, 0x00, 0xf0, 0xff, 0xf0, 0xf0, 0x0f, 0x00, 0x00,
	0x00, 0x00, 0x00, 0x0f, 0x00, 0x00, 0x00, 0x00, 0xf0, 0x00, 0x00, 0x00, 0x00, 0x00, 0x00, 0x0f,
	0xff, 0x0f, 0x00, 0x00, 0x00, 0x00, 0x00, 0xff, 0x00, 0xf0, 0x00, 0x00, 0x00, 0xff, 0x00, 0x00,
	0x0f, 0x00, 0x00, 0x00, 0x00, 0xf0, 0x00, 0xff, 0x00, 0x0f, 0x00, 0x00, 0x00, 0x00, 0x00, 0x00,
	0x0f, 0xf0, 0xff, 0x00, 0xf0, 0x00, 0x00, 0x0f, 0x00, 0x00, 0xff, 0x00, 0x00, 0x00, 0x00, 0x00,
	0x00, 0x00, 0x0f, 0x00, 0x00, 0xf0, 0xff, 0x00, 0x00, 0x0f, 0x00, 0xff, 0xff, 0x00, 0x00, 0xff,
	0x00, 0x00, 0xff, 0x00, 0xf0, 0x0f, 0x00, 0xf0, 0x00, 0x00, 0x00, 0x00, 0x00, 0x00, 0x00, 0xf0,
	0xf0, 0xff, 0xf0, 0xf0, 0x0f, 0x0f, 0x0f, 0x00, 0x00, 0x0f, 0x00, 0x00, 0xff, 0x00, 0x00, 0x00,
	0x00, 0x00, 0x00, 0x0f, 0xf0, 0xf0, 0x0f, 0x0f, 0x00, 0x00, 0x00, 0x00, 0x00, 0x00, 0x00, 0x00,
	0x00, 0x00, 0xff, 0x00, 0x00, 0xff, 0xff, 0x00, 0xff, 0x00, 0x00, 0x00, 0x00, 0x00, 0x00, 0x00,
	0x00, 0x00, 0x00, 0xf0, 0xff, 0x00, 0x00, 0xf0, 0xff, 0x00, 0x00, 0x0f, 0x00, 0x00, 0xf0, 0xf0,
	0x00, 0x00, 0x00, 0x00, 0x00, 0x00, 0x00, 0x00, 0xff, 0x00, 0x00, 0x00, 0x00, 0x00, 0x00, 0x00,
	0x00, 0xff, 0xff, 0x0f, 0x00, 0x00, 0xf0, 0x00, 0x00, 0x0f, 0x00, 0x0f, 0x00, 0xf0, 0x00, 0x00,
	0x00, 0x00, 0x00, 0x0f, 0x0f, 0x00, 0x00, 0x00, 0x00, 0x0f, 0xf0, 0x00, 0x00, 0x00, 0x00, 0x00,
	0x00, 0x00, 0x00, 0x00, 0xf0, 0x00, 0x00, 0xff, 0x0f, 0xff, 0x00, 0x00, 0x00, 0xff, 0x00, 0x00,
	0x0f, 0xff, 0x0f, 0x00, 0xf0, 0x00, 0x00, 0xf0, 0xff, 0x00, 0x00, 0x0f, 0xff, 0x00, 0xf0, 0x00,
	0xf0, 0x00, 0x0f, 0x00, 0x00, 0x0f, 0x0f, 0xff, 0x0f, 0xf0, 0x00, 0x00, 0x00, 0x0f, 0x0f, 0x0f,
	0x00, 0xf0, 0x00, 0x0f, 0x0f, 0x00, 0x0f, 0x00, 0xf0, 0xff, 0xff, 0x00, 0x00, 0x00, 0x00, 0x00,
	0xf0, 0x00, 0x00, 0x00, 0x00, 0x0f, 0xff, 0x00, 0x00, 0x00, 0x00, 0xff, 0xf0, 0xff, 0xff, 0x00,
	0xf0, 0x0f, 0x0f, 0x00, 0x00, 0x00, 0x00, 0x00, 0x00, 0x00, 0x00, 0x00, 0xff, 0xf0, 0x00, 0x00,
	0x0f, 0x00, 0x00, 0xf0, 0x00, 0x00, 0x00, 0x0f, 0x0f, 0x00, 0x00, 0x00, 0x00, 0x00, 0x0f, 0xff,
	0xf0, 0x0f, 0x00, 0x00, 0x0f, 0x00, 0x00, 0xff, 0xf0, 0x0f, 0x00, 0x00, 0x0f, 0xff, 0x0f, 0x00,
	0x00, 0x00, 0x00, 0x00, 0x00, 0x00, 0x00, 0xff, 0x00, 0xf0, 0x00, 0x00, 0x0f, 0x00, 0x00, 0x0f,
	0xf0, 0xf0, 0xf0, 0xff, 0x00, 0x00, 0xf0, 0x00, 0x00, 0x00, 0xff, 0x00, 0xff, 0xff, 0xff, 0xf0,
	0xff, 0x00, 0x00, 0x00, 0xf0, 0x00, 0x00, 0x0f, 0x00, 0xff, 0x00, 0xf0, 0xff, 0xff, 0x00, 0x00,
	0x00, 0xff, 0x0f, 0x00, 0x0f, 0x00, 0x00, 0x00, 0x00, 0x00, 0xff, 0x00, 0x00, 0x00, 0x00, 0x00,
	0xff, 0x00, 0x0f, 0xf0, 0xf0, 0x0f, 0x00, 0x00, 0x00, 0x0f, 0xff, 0x00, 0xf0, 0x00, 0x00, 0x00,
	0x00, 0x00, 0xf0, 0x00, 0xff, 0x00, 0xf0, 0xff, 0x00, 0x00, 0x0f, 0xff, 0x00, 0xf0, 0x00, 0x00,
	0x00, 0xff, 0xff, 0x00, 0x00, 0xf0, 0xf0, 0x00, 0x00, 0xf0, 0x0f, 0x00, 0x00, 0xff, 0xf0, 0x0f,
	0x00, 0x00, 0x00, 0x00, 0x00, 0xf0, 0x0f, 0x00, 0x00, 0x00, 0x00, 0xff, 0x0f, 0x00, 0x0f, 0x0f,
	0xff, 0x00, 0x0f, 0x0f, 0x00, 0x00, 0xff, 0x00, 0xf0, 0xff, 0xff, 0x00, 0x00, 0x0f, 0x0f, 0x00,
	0x0f, 0xff, 0xf0, 0x0f, 0xf0, 0x00, 0x00, 0x0f, 0x00, 0xf0, 0x0f, 0x00, 0x00, 0x00, 0x00, 0xf0,
	0x00, 0x00, 0x00, 0xf0, 0x0f, 0x00, 0xff, 0x00, 0x00, 0xff, 0xff, 0x00, 0x0f, 0x00, 0x0f, 0x00,
	0x00, 0x00, 0x00, 0x00, 0x00, 0xf0, 0xff, 0x00, 0xff, 0xf0, 0x0f, 0x00, 0x0f, 0xff, 0x00, 0xf0,
	0xf0, 0x00, 0x00, 0xf0, 0x00, 0x0f, 0xff, 0xf0, 0x00, 0x00, 0xf0, 0x00, 0xff, 0x00, 0x00, 0x00,
	0x00, 0xff, 0xff, 0x00, 0xff, 0xff, 0xff, 0x00, 0x00, 0x00, 0xff, 0xf0, 0xff, 0xf0, 0xff, 0xf0,
	0x00, 0xff, 0xff, 0x00, 0x00, 0xff, 0xff, 0x0f, 0x0f, 0x00, 0x00, 0xf0, 0x00, 0x0f, 0xff, 0x00,
	0x00, 0xf0, 0x00, 0x00, 0x00, 0x00, 0x00, 0x00, 0x00, 0xff, 0x0f, 0x00, 0xff, 0x00, 0xf0, 0x00,
	0x00, 0x00, 0x0f, 0x0f, 0x0f, 0xff, 0x00, 0x00, 0xf0, 0x0f, 0xf0, 0xf0, 0x00, 0x00, 0xf0, 0x0f,
	0xf0, 0xff, 0x00, 0x00, 0x00, 0x00, 0xff, 0x0f, 0xf0, 0xf0, 0xf0, 0xf0, 0x00, 0xf0, 0x00, 0x00,
	0x00, 0x0f, 0x0f, 0x0f, 0xff, 0x0f, 0xf0, 0x00, 0x00, 0x0f, 0x00, 0x0f, 0x0f, 0xf0, 0x00, 0x00,
	0x00, 0x00, 0xff, 0xf0, 0x00, 0xff, 0xf0, 0x0f, 0x00, 0xf0, 0xff, 0x0f, 0x0f, 0xff, 0xf0, 0x00,
	0xf0, 0xf0, 0x0f, 0x00, 0xff, 0x00, 0xf0, 0xf0, 0x00, 0x00, 0x00, 0xff, 0xf0, 0xf0, 0xff, 0xff,
	0x0f, 0xff, 0x00, 0x00, 0x00, 0x00, 0x00, 0x00, 0xf0, 0x00, 0x0f, 0xff, 0xf0, 0x0f, 0xf0, 0x00,
	0xff, 0x00, 0x0f, 0x00, 0x0f, 0xf0, 0x00, 0xf0, 0xff, 0xff, 0x00, 0xf0, 0x00, 0x00, 0xff, 0xf0,
	0xff, 0x0f, 0x0f, 0xff, 0x00, 0x00, 0xff, 0x0f, 0x00, 0xff, 0x0f, 0x00, 0xff, 0x00, 0x0f, 0x00,
	0xf0, 0xff, 0xff, 0xff, 0x00, 0xf0, 0xf0, 0xf0, 0x0f, 0x00, 0xf0, 0x0f, 0xff, 0xff, 0x00, 0x0f,
	0xf0, 0xff, 0x00, 0x0f, 0x00, 0xf0, 0xff, 0xf0, 0x0f, 0x0f, 0xff, 0x00, 0xf0, 0xf0, 0x0f, 0xf0,
	0xf0, 0x0f, 0x00, 0xff, 0xff, 0x0f, 0x00, 0x0f, 0xf0, 0xff, 0x00, 0x00, 0xff, 0x00, 0x00, 0x0f,
	0xf0, 0xff, 0xf0, 0x0f, 0x00, 0x00, 0x0f, 0x00, 0xf0, 0xff, 0xf0, 0x0f, 0x0f, 0x00, 0xff, 0x00,
	0xff, 0xf0, 0xf0, 0x00, 0x00, 0x0f, 0x0f, 0x00, 0xff, 0x00, 0xff, 0xf0, 0x0f, 0x0f, 0x00, 0x0f,
	0xf0, 0xf0, 0xf0, 0x00, 0x0f, 0xff, 0xff, 0x0f, 0xff, 0xff, 0xf0, 0x00, 0x00, 0xff, 0x0f, 0xf0,
	0x00, 0x0f, 0xff, 0x00, 0x0f, 0x0f, 0x00, 0x00, 0x00, 0xf0, 0x0f, 0x0f, 0x00, 0x00, 0x00, 0xff,
	0xff, 0xff, 0x0f, 0x00, 0x0f, 0x0f, 0xff, 0x00, 0x0f, 0x00, 0x0f, 0x0f, 0x00, 0x0f, 0xf0, 0x0f,
	0x00, 0xff, 0x0f, 0xf0, 0x0f, 0xf0, 0xf0, 0x00, 0xf0, 0xf0, 0xff, 0xf0, 0x0f, 0xff, 0xf0, 0x00,
	0x00, 0x0f, 0x0f, 0xff, 0x0f, 0x0f, 0xf0, 0x00, 0xff, 0x0f, 0xff, 0xf0, 0xff, 0x0f, 0xff, 0x00,
	0xff, 0x00, 0x0f, 0xff, 0xf0, 0x00, 0xf0, 0x0f, 0x0f, 0x00, 0xf0, 0x00, 0x00, 0xf0, 0xf0, 0xf0,
	0x00, 0x0f, 0x00, 0xff, 0xf0, 0x00, 0x0f, 0x0f, 0xf0, 0x0f, 0x00, 0xf0, 0x00, 0x0f, 0x0f, 0xf0,
	0x0f, 0x00, 0x0f, 0xff, 0x0f, 0xf0, 0x0f, 0x0f, 0x0f, 0xff, 0xf0, 0x00, 0x0f, 0xff, 0x00, 0x00,
	0xff, 0xff, 0x00, 0x00, 0xf0, 0xff, 0x0f, 0x0f, 0xf0, 0xf0, 0xf0, 0xf0, 0x0f, 0xf0, 0xf0, 0xf0,
	0xf0, 0xf0, 0x00, 0x00, 0xff, 0x0f, 0xf0, 0xf0, 0xf0, 0xf0, 0xf0, 0xff, 0xf0, 0x0f, 0xf0, 0xff,
	0x0f, 0x00, 0xf0, 0xff, 0x00, 0x0f, 0xf0, 0x00, 0xf0, 0xff, 0xff, 0x0f, 0x00, 0x0f, 0xf0, 0x0f,
	0xf0, 0x00, 0xff, 0xff, 0xf0, 0xff, 0x0f, 0xff, 0x00, 0x0f, 0x00, 0xf0, 0xff, 0xf0, 0x00, 0x00,
	0xff, 0xff, 0xf0, 0xff, 0xf0, 0x0f, 0xf0, 0x0f, 0x0f, 0xf0, 0xff, 0xf0, 0x0f, 0xff, 0x00, 0x00,
	0xf0, 0x00, 0x0f, 0x00, 0xf0, 0x0f, 0xf0, 0xf0, 0xff, 0xff, 0x00, 0x0f, 0xf0, 0x0f, 0xff, 0x0f,
	0xf0, 0xff, 0xff, 0x0f, 0x0f, 0x0f, 0xff, 0xf0, 0xf0, 0x0f, 0xff, 0xf0, 0xf0, 0xff, 0xff, 0xf0,
	0xff, 0x0f, 0xff, 0xf0, 0xff, 0x0f, 0x0f, 0x0f, 0xf0, 0xf0, 0x00, 0xf0, 0x0f, 0xf0, 0xf0, 0x00,
	0xf0, 0x0f, 0xf0, 0xf0, 0xf0, 0xf0, 0xf0, 0xff, 0x0f, 0x0f, 0x00, 0xf0, 0xf0, 0x00, 0x0f, 0x0f,
	0xff, 0xff, 0xff, 0xf0, 0x00, 0x0f, 0xf0, 0xf0, 0xff, 0xf0, 0xf0, 0x00, 0x0f, 0x0f, 0x0f, 0xf0,
	0xff, 0xff, 0xf0, 0xf0, 0x0f, 0x0f, 0xf0, 0xf0, 0x0f, 0x0f, 0xf0, 0x0f, 0xf0, 0x0f, 0xf0, 0xff,
	0x0f, 0xff, 0xff, 0xf0, 0x0f, 0xf0, 0xf0, 0xff, 0x0f, 0xff, 0xff, 0xf0, 0x0f, 0xf0, 0xf0, 0xff,
	0xf0, 0xf0, 0x0f, 0x0f, 0xf0, 0xf0, 0xff, 0xf0, 0xf0, 0xf0, 0x0f, 0xf0, 0xff, 0xff, 0x0f, 0x0f,
	0xf0, 0x00, 0x0f, 0x0f, 0x0f, 0x0f, 0xff, 0xff, 0xff, 0x0f, 0x0f, 0x0f, 0x0f, 0xf0, 0xf0, 0x0f,
	0xff, 0x0f, 0xf0, 0x00, 0x0f, 0xff, 0xff, 0xf0, 0xff, 0xf0, 0xff, 0x00, 0x0f, 0x0f, 0x0f, 0x00,
	0x0f, 0x0f, 0x0f, 0xf0, 0x0f, 0xf0, 0xff, 0xff, 0x0f, 0xf0, 0xff, 0xf0, 0x0f, 0xf0, 0x00, 0xf0,
	0x0f, 0x00, 0xff, 0xf0, 0xf0, 0x0f, 0x00, 0x00, 0xf0, 0x00, 0xf0, 0x0f, 0x0f, 0x0f, 0x0f, 0xff,
	0x0f, 0x0f, 0x0f, 0x00, 0x0f, 0xff, 0x0f, 0xf0, 0x0f, 0xff, 0xff, 0xf0, 0xf0, 0x0f, 0x00, 0x00,
	0xff, 0xff, 0xff, 0xf0, 0xff, 0xf0, 0xf0, 0x0f, 0x0f, 0xf0, 0xf0, 0xff, 0xf0, 0x00, 0xf0, 0xff,
	0xff, 0x00, 0xff, 0xff, 0xff, 0xff, 0xff, 0xff, 0x0f, 0x00, 0x0f, 0xf0, 0xf0, 0x00, 0xf0, 0x0f,
	0xf0, 0xff, 0xff, 0xff, 0x0f, 0x0f, 0x00, 0x0f, 0x0f, 0x0f, 0xf0, 0x00, 0xf0, 0xff, 0xff, 0xf0,
	0xff, 0xf0, 0xff, 0xf0, 0xf0, 0xff, 0xf0, 0xff, 0xf0, 0xff, 0x0f, 0xff, 0xf0, 0xf0, 0xf0, 0x0f,
	0xff, 0xff, 0xff, 0x0f, 0x0f, 0xf0, 0x0f, 0x0f, 0xf0, 0xff, 0xf0, 0x0f, 0xff, 0xff, 0x00, 0xff,
	0xff, 0x00, 0xff, 0xff, 0x0f, 0xff, 0x0f, 0x0f, 0xff, 0xff, 0xff, 0xff, 0xf0, 0xff, 0xff, 0x00,
	0x0f, 0xf0, 0xff, 0xff, 0xff, 0x0f, 0xff, 0x0f, 0xf0, 0x0f, 0x0f, 0xf0, 0xf0, 0xf0, 0xf0, 0xf0,
	0x0f, 0x0f, 0xf0, 0x0f, 0xff, 0xff, 0x0f, 0xff, 0xf0, 0x0f, 0x00, 0xf0, 0xff, 0x0f, 0xff, 0xf0,
	0xff, 0x0f, 0x0f, 0xf0, 0x0f, 0xf0, 0xf0, 0xf0, 0xf0, 0xff, 0x0f, 0xf0, 0x0f, 0xf0, 0x0f, 0x0f,
	0xf0, 0xff, 0xff, 0x0f, 0x0f, 0xf0, 0x0f, 0x0f, 0xff, 0x0f, 0xff, 0x0f, 0xff, 0x0f, 0xf0, 0x0f,
	0xf0, 0xf0, 0xff, 0xff, 0xff, 0xf0, 0xff, 0xff, 0xf0, 0x0f, 0xff, 0x0f, 0xf0, 0x0f, 0x0f, 0x0f,
	0x0f, 0xff, 0xff, 0xff, 0xff, 0xf0, 0x0f, 0xff, 0xff, 0x0f, 0xff, 0xff, 0xff, 0xf0, 0xff, 0xff,
	0x0f, 0x0f, 0x0f, 0xf0, 0xff, 0x0f, 0x0f, 0xf0, 0xff, 0xff, 0x00, 0xff, 0xff, 0xf0, 0x0f, 0xf0,
	0x0f, 0xff, 0xff, 0xf0, 0xff, 0xf0, 0xf0, 0x0f, 0x0f, 0xf0, 0xf0, 0x0f, 0xf0, 0xf0, 0x0f, 0xf0,
	0x0f, 0xf0, 0xff, 0xf0, 0xff, 0xff, 0xf0, 0xf0, 0x0f, 0xf0, 0xff, 0xff, 0xf0, 0xf0, 0xff, 0x0f,
	0xf0, 0x0f, 0x0f, 0x0f, 0xf0, 0xf0, 0xff, 0xf0, 0xff, 0xf0, 0xf0, 0xff, 0x00, 0xf0, 0xff, 0xf0,
	0xf0, 0x0f, 0xf0, 0x0f, 0x0f, 0xf0, 0xff, 0xf0, 0xff, 0xf0, 0xf0, 0x0f, 0xff, 0xf0, 0xff, 0xff,
	0x0f, 0x0f, 0x0f, 0xf0, 0xff, 0xff, 0xf0, 0xf0, 0x0f, 0xff, 0xf0, 0xf0, 0x0f, 0x0f, 0xff, 0x00,
	0xff, 0x0f, 0xff, 0xff, 0xf0, 0x00, 0xff, 0x0f, 0x0f, 0xf0, 0xff, 0xf0, 0xf0, 0x0f, 0x0f, 0xf0,
	0xff, 0xff, 0xff, 0xff, 0x0f, 0xff, 0xf0, 0xf0, 0xf0, 0xf0, 0xff, 0xf0, 0x0f, 0xf0, 0x0f, 0xf0,
	0xff, 0xff, 0x0f, 0xf0, 0xff, 0xff, 0xff, 0x0f, 0xff, 0xff, 0xf0, 0xff, 0x0f, 0x0f, 0x0f, 0xff,
	0x0f, 0xff, 0xf0, 0xff, 0xff, 0xff, 0xf0, 0xf0, 0x0f, 0xf0, 0x0f, 0xf0, 0x0f, 0xff, 0xff, 0xf0,
	0xff, 0xff, 0xff, 0xff, 0xff, 0xff, 0xff, 0xff, 0xff, 0xff, 0xff, 0xff, 0xff, 0xff, 0xff, 0xff,
	0xff, 0xff, 0xff, 0xff, 0xff, 0xff, 0xff, 0xff, 0xff, 0xff, 0xff, 0xff, 0xff, 0xff, 0xff, 0xff,
	0xff, 0xff, 0xff, 0xff, 0xff, 0xff, 0xff, 0xff, 0xff, 0xff, 0xff, 0xff, 0xff, 0xff, 0xff, 0xff,
	0xff, 0xff, 0xff, 0xff, 0xff, 0xff, 0xff, 0xff, 0xff, 0xff, 0xff, 0xff, 0xff, 0xff, 0xff, 0xff,
	0xff, 0xff, 0xff, 0xff, 0xff, 0xff, 0xff, 0xff, 0xff, 0xff, 0xff, 0xff, 0xff, 0xff, 0xff, 0xff,
	0xff, 0xff, 0xff, 0xff, 0xff, 0xff, 0xff, 0xff, 0xff, 0xff, 0xff, 0xff, 0xff, 0xff, 0xff, 0xff,
	0xff, 0xff, 0xff, 0xff, 0xff, 0xff, 0xff, 0xff, 0xff, 0xff, 0xff, 0xff, 0xff, 0xff, 0xff, 0xff,
	0xff, 0xff, 0xff, 0xff, 0xff, 0xff, 0xff, 0xff, 0xff, 0xff, 0xff, 0xff, 0xff, 0xff, 0xff, 0xff,
	0xff, 0xff, 0xff, 0xff, 0xff, 0xff, 0xff, 0xff, 0xff, 0xff, 0xff, 0xff, 0xff, 0xff, 0xff, 0xff,
	0xff, 0xff, 0xff, 0xff, 0xff, 0xff, 0xff, 0xff, 0xff, 0xff, 0xff, 0xff, 0xff, 0xff, 0xff, 0xff,
	0xff, 0xff, 0xff, 0xff, 0xff, 0xff, 0xff, 0xff, 0xff, 0xff, 0xff, 0xff, 0xff, 0xff, 0xff, 0xff,
	0xff, 0xff, 0xff, 0xff, 0xff, 0xff, 0xff, 0xff, 0xff, 0xff, 0xff, 0xff, 0xff, 0xff, 0xff, 0xff,
	0xff, 0xff, 0xff, 0xff, 0xff, 0xff, 0xff, 0xff, 0xff, 0xff, 0xff, 0xff, 0xff, 0xff, 0xff, 0xff,
	0xff, 0xff, 0xff, 0xff, 0xff, 0xff, 0xff, 0xff, 0xff, 0xff, 0xff, 0xff, 0xff, 0xff, 0xff, 0xff,
	0xff, 0xff, 0xff, 0xff, 0xff, 0xff, 0xff, 0xff, 0xff, 0xff, 0xff, 0xff, 0xff, 0xff, 0xff, 0xff,
	0xff, 0xff, 0xff, 0xff, 0xff, 0xff, 0xff, 0xff, 0xff, 0xff, 0xff, 0xff, 0xff, 0xff, 0xff, 0xff,
	0xff, 0xff, 0xff, 0xff, 0xff, 0xff, 0xff, 0xff, 0xff, 0xff, 0xff, 0xff, 0xff, 0xff, 0xff, 0xff,
	0xff, 0xff, 0xff, 0xff, 0xff, 0xff, 0xff, 0xff, 0xff, 0xff, 0xff, 0xff, 0xff, 0xff, 0xff, 0xff,
	0xff, 0xff, 0xff, 0xff, 0xff, 0xff, 0xff, 0xff, 0xff, 0xff, 0xff, 0xff, 0xff, 0xff, 0xff, 0xff,
	0xff, 0xff, 0xff, 0xff, 0xff, 0xff, 0xff, 0xff, 0xff, 0xff, 0xff, 0xff, 0xff, 0xff, 0xff, 0xff,
	0x00, 0x00, 0x00, 0x00, 0x00, 0x00, 0x00, 0x00, 0x00, 0x00, 0x00, 0x00, 0x00, 0x00, 0x00, 0x00,
	0x00, 0x00, 0x00, 0x00, 0x00, 0x00, 0x00, 0x00, 0x00, 0x00, 0x00, 0x00, 0x00, 0x00, 0x00, 0x00,
	0x00, 0x00, 0x00, 0x00, 0x00, 0x00, 0x00, 0x00, 0x00, 0x00, 0x00, 0x00, 0x00, 0x00, 0x00, 0x00,
	0x00, 0x00, 0x00, 0x00, 0x00, 0x00, 0x00, 0x00, 0x00, 0x00, 0x00, 0x00, 0x00, 0x00, 0x00, 0x00,
	0x00, 0x00, 0x00, 0x00, 0x00, 0x00, 0x00, 0x00, 0x00, 0x00, 0x00, 0x00, 0x00, 0x00, 0x00, 0x00,
	0x00, 0x00, 0x00, 0x00, 0x00, 0x00, 0x00, 0x00, 0x00, 0x00, 0x00, 0x00, 0x00, 0x00, 0x00, 0x00,
	0x00, 0x00, 0x00, 0x00, 0x00, 0x00, 0x00, 0x00, 0x00, 0x00, 0x00, 0x00, 0x00, 0x00, 0x00, 0x00,
	0x00, 0x00, 0x00, 0x00, 0x00, 0x00, 0x00, 0x00, 0x00, 0x00, 0x00, 0x00, 0x00, 0x00, 0x00, 0x00,
	0x00, 0x00, 0x00, 0x00, 0x00, 0x00, 0x00, 0x00, 0x00, 0x00, 0x00, 0x00, 0x00, 0x00, 0x00, 0x00,
	0x00, 0x00, 0x00, 0x00, 0x00, 0x00, 0x00, 0x00, 0x00, 0x00, 0x00, 0x00, 0x00, 0x00, 0x00, 0x00,
	0x00, 0x00, 0x00, 0x00, 0x00, 0x00, 0x00, 0x00, 0x00, 0x00, 0x00, 0x00, 0x00, 0x00, 0x00, 0x00,
	0x00, 0x00, 0x00, 0x00, 0x00, 0x00, 0x00, 0x00, 0x00, 0x00, 0x00, 0x00, 0x00, 0x00, 0x00, 0x00,
	0x00, 0x00, 0x00, 0x00, 0x00, 0x00, 0x00, 0x00, 0x00, 0x00, 0x00, 0x00, 0x00, 0x00, 0x00, 0x00,
	0x00, 0x00, 0x00, 0x00, 0x00, 0x00, 0x00, 0x00, 0x00, 0x00, 0x00, 0x00, 0x00, 0x00, 0x00, 0x00,
	0x00, 0x00, 0x00, 0x00, 0x00, 0x00, 0x00, 0x00, 0x00, 0x00, 0x00, 0x00, 0x00, 0x00, 0x00, 0x00,
	0x00, 0x00, 0x00, 0x00, 0x00, 0x00, 0x00, 0x00, 0x00, 0x00, 0x00, 0x00, 0x00, 0x00, 0x00, 0x00,
	0x00, 0x00, 0x00, 0x00, 0x00, 0x00, 0x00, 0x00, 0x00, 0x00, 0x00, 0x00, 0x00, 0x00, 0x00, 0x00,
	0x00, 0x00, 0x00, 0x00, 0x00, 0x00, 0x00, 0x00, 0x00, 0x00, 0x00, 0x00, 0x00, 0x00, 0x00, 0x00,
	0x00, 0x00, 0x00, 0x00, 0x00, 0x00, 0x00, 0x00, 0x00, 0x00, 0x00, 0x00, 0x00, 0x00, 0x00, 0x00,
	0x00, 0x00, 0x00, 0x00, 0x00, 0x00, 0x00, 0x00, 0x00, 0x00, 0x00, 0x00, 0x00, 0x00, 0x00, 0x00,
	0x00, 0x00, 0x00, 0x00, 0x00, 0x00, 0x00, 0x00, 0x00, 0x0f, 0x00, 0x00, 0xff, 0x00, 0x00, 0x00,
	0x00, 0x00, 0x00, 0x00, 0x00, 0x00, 0xff, 0x00, 0x00, 0x00, 0x00, 0x00, 0x00, 0x00, 0x00, 0xff,
	0x00, 0xff, 0x00, 0x00, 0x00, 0x00, 0x00, 0x00, 0xff, 0x00, 0xf0, 0xff, 0xf0, 0x00, 0x00, 0xf0,
	0x00, 0x00, 0x00, 0x00, 0x00, 0x00, 0xff, 0xff, 0x00, 0x00, 0x00, 0x00, 0x0f, 0x00, 0x00, 0x00,
	0x00, 0x00, 0x00, 0x00, 0x00, 0x00, 0x00, 0xf0, 0x0f, 0x00, 0x00, 0xf0, 0x00, 0x00, 0xff, 0x00,
	0xf0, 0x00, 0x00, 0x00, 0x00, 0x00, 0x00, 0x00, 0x00, 0x00, 0xff, 0x00, 0x00, 0x00, 0x00, 0x00,
	0x00, 0xff, 0x00, 0x00, 0x00, 0x00, 0x00, 0x00, 0x00, 0x00, 0x00, 0x00, 0x00, 0x00, 0x00, 0xff,
	0x00, 0xff, 0x00, 0x00, 0xf0, 0x00, 0x00, 0x0f, 0x00, 0xf0, 0x00, 0xf0, 0xff, 0x00, 0x00, 0x0f,
	0x0f, 0x00, 0x00, 0x00, 0xf0, 0x00, 0x00, 0x00, 0x00, 0x00, 0x00, 0x00, 0xff, 0x00, 0x00, 0x00,
	0x00, 0x0f, 0x00, 0x00, 0x00, 0x00, 0x0f, 0x00, 0x00, 0x00, 0x0f, 0x00, 0x00, 0x00, 0x00, 0x00,
	0x00, 0x00, 0x00, 0xf0, 0x00, 0x00, 0x00, 0x00, 0x00, 0x0f, 0x0f, 0x00, 0xff, 0x00, 0x00, 0x00,
	0x00, 0x00, 0x00, 0x00, 0xf0, 0x00, 0x00, 0x00, 0x00, 0x00, 0x0f, 0x00, 0x00, 0x00, 0x0f, 0x00,
	0x00, 0x00, 0x00, 0xf0, 0x00, 0x00, 0x00, 0x00, 0x00, 0xff, 0xff, 0x00, 0x0f, 0x0f, 0x00, 0x00,
	0x00, 0x00, 0x00, 0x00, 0x00, 0x00, 0x00, 0x00, 0x00, 0x00, 0x00, 0x00, 0xff, 0x00, 0x00, 0x00,
	0x00, 0x00, 0xff, 0x00, 0x00, 0xff, 0x00, 0x00, 0x00, 0x00, 0x00, 0x00, 0x00, 0x00, 0x00, 0xf0,
	0x00, 0x00, 0x00, 0x00, 0x00, 0x00, 0x00, 0xff, 0x00, 0x0f, 0x00, 0x00, 0x00, 0x00, 0x00, 0x00,
	0x00, 0x00, 0x00, 0x00, 0x00, 0x00, 0xff, 0x00, 0xf0, 0x00, 0x00, 0x00, 0x00, 0x00, 0x00, 0x00,
	0x00, 0x0f, 0x00, 0xff, 0x00, 0x00, 0x00, 0xff, 0x0f, 0x00, 0x00, 0x00, 0x00, 0x00, 0x0f, 0x00,
	0x00, 0x00, 0x00, 0xf0, 0xf0, 0x00, 0xf0, 0x0f, 0x00, 0x00, 0x00, 0x00, 0x00, 0x00, 0x00, 0x00,
	0x00, 0x00, 0x00, 0x00, 0x00, 0xff, 0x00, 0x00, 0x00, 0x00, 0x00, 0x00, 0x00, 0x00, 0x00, 0x00,
	0xf0, 0x00, 0xff, 0x0f, 0x0f, 0x00, 0x00, 0xf0, 0x00, 0xff, 0xf0, 0xf0, 0x00, 0x00, 0x00, 0x0f,
	0x00, 0x00, 0x00, 0x00, 0x00, 0x00, 0x00, 0x00, 0x00, 0xf0, 0x00, 0x00, 0x00, 0x00, 0xff, 0x00,
	0x00, 0x00, 0x00, 0xf0, 0x00, 0xf0, 0x00, 0x00, 0x0f, 0xf0, 0x00, 0x00, 0xf0, 0x00, 0x00, 0xff,
	0x00, 0x00, 0x00, 0x00, 0x00, 0x00, 0x0f, 0xf0, 0x00, 0x00, 0x00, 0x00, 0x00, 0x00, 0x00, 0x00,
	0xff, 0xff, 0xff, 0x00, 0x00, 0x00, 0xf0, 0x00, 0x00, 0xff, 0x00, 0xff, 0x0f, 0xf0, 0x00, 0x00,
	0x00, 0x00, 0x00, 0x00, 0x00, 0x00, 0x00, 0x00, 0x00, 0xf0, 0xff, 0xf0, 0xff, 0x00, 0x00, 0xf0,
	0xff, 0x00, 0xff, 0x00, 0x00, 0x0f, 0xff, 0x00, 0x00, 0x0f, 0x00, 0x00, 0x00, 0xf0, 0x00, 0x00,
	0x00, 0x00, 0xf0, 0x00, 0x00, 0x0f, 0xf0, 0xff, 0x00, 0x00, 0x00, 0x00, 0xf0, 0x00, 0x00, 0x00,
	0x0f, 0x00, 0x0f, 0xff, 0x00, 0xff, 0x00, 0x00, 0x00, 0x00, 0x00, 0x00, 0xff, 0x00, 0x00, 0xf0,
	0x00, 0x0f, 0xf0, 0x00, 0x0f, 0x00, 0x00, 0x00, 0x00, 0x00, 0x00, 0x00, 0x00, 0xf0, 0x00, 0xf0,
	0x00, 0x00, 0xf0, 0x00, 0x00, 0xff, 0x00, 0x00, 0xff, 0xff, 0xff, 0x00, 0x0f, 0x00, 0xf0, 0x00,
	0x0f, 0xff, 0x0f, 0x0f, 0xff, 0xff, 0x0f, 0x00, 0x00, 0xf0, 0x00, 0xff, 0xf0, 0x00, 0x00, 0x00,
	0x00, 0x0f, 0x00, 0x0f, 0x00, 0x00, 0xf0, 0x00, 0x0f, 0x00, 0x00, 0xf0, 0xf0, 0x00, 0x00, 0x0f,
	0x00, 0x00, 0xf0, 0x00, 0x00, 0x0f, 0x00, 0xff, 0x00, 0xf0, 0xf0, 0xf0, 0x00, 0x00, 0x0f, 0x00,
	0xff, 0xf0, 0x0f, 0xf0, 0xff, 0x00, 0x00, 0xff, 0x00, 0x00, 0x00, 0x0f, 0x00, 0xf0, 0xf0, 0x00,
	0x00, 0x00, 0x0f, 0xff, 0x00, 0x00, 0x00, 0x00, 0x00, 0x00, 0x00, 0xf0, 0x00, 0x0f, 0x00, 0x00,
	0x00, 0xf0, 0x00, 0x00, 0x00, 0x00, 0xf0, 0x00, 0xf0, 0x00, 0x00, 0x00, 0x00, 0xff, 0x00, 0xf0,
	0x00, 0x00, 0x00, 0x00, 0xf0, 0x00, 0x00, 0xff, 0x00, 0x00, 0x00, 0xf0, 0x00, 0x00, 0xff, 0xff,
	0x00, 0xf0, 0x0f, 0x00, 0x00, 0x00, 0x00, 0x00, 0xf0, 0xff, 0x00, 0x00, 0x00, 0x00, 0xf0, 0x0f,
	0x0f, 0x00, 0xf0, 0xff, 0x00, 0xff, 0x00, 0xf0, 0x00, 0x00, 0x00, 0xff, 0x00, 0x00, 0x00, 0x00,
	0xf0, 0x0f, 0x0f, 0x00, 0x00, 0x00, 0xff, 0x00, 0x0f, 0x0f, 0xf0, 0x00, 0x00, 0x00, 0x00, 0xff,
	0xff, 0x00, 0x00, 0xff, 0xff, 0xff, 0xf0, 0x00, 0x0f, 0xf0, 0x0f, 0x0f, 0xff, 0x00, 0x00, 0x0f,
	0x0f, 0x00, 0xf0, 0xf0, 0x00, 0x00, 0x0f, 0xff, 0xf0, 0x00, 0x0f, 0xf0, 0x00, 0x00, 0xf0, 0xf0,
	0xff, 0x00, 0xf0, 0x0f, 0x0f, 0xf0, 0x0f, 0xf0, 0x0f, 0x00, 0x00, 0x00, 0xff, 0x00, 0xf0, 0xff,
	0x00, 0xf0, 0xf0, 0x00, 0xf0, 0xf0, 0xf0, 0x0f, 0xf0, 0x00, 0xff, 0x0f, 0xff, 0x00, 0xf0, 0x00,
	0x00, 0x00, 0x00, 0x00, 0x00, 0x00, 0x00, 0x00, 0x0f, 0xf0, 0x00, 0x00, 0xff, 0x00, 0x0f, 0x0f,
	0xf0, 0xff, 0x00, 0xff, 0x00, 0x00, 0x00, 0x00, 0x00, 0xf0, 0xf0, 0x00, 0x00, 0x00, 0xff, 0x00,
	0x00, 0x00, 0x0f, 0x00, 0x00, 0x00, 0xf0, 0x00, 0x00, 0x00, 0x00, 0x00, 0x00, 0xf0, 0x00, 0x00,
	0xff, 0x00, 0x0f, 0xf0, 0x0f, 0x0f, 0x00, 0x0f, 0x00, 0x00, 0xff, 0x00, 0x00, 0x00, 0x0f, 0x00,
	0x0f, 0x00, 0x00, 0x0f, 0x00, 0x0f, 0xff, 0xf0, 0xff, 0x0f, 0xf0, 0x00, 0xff, 0x0f, 0xff, 0xff,
	0x00, 0x00, 0x00, 0xf0, 0x00, 0x00, 0x00, 0x00, 0x0f, 0x00, 0x00, 0x00, 0xf0, 0x0f, 0xff, 0x00,
	0xff, 0x00, 0xff, 0x0f, 0x00, 0x0f, 0x00, 0x00, 0xf0, 0x00, 0x00, 0x00, 0x00, 0xff, 0x0f, 0x00,
	0xf0, 0x00, 0xf0, 0xf0, 0x00, 0xf0, 0xff, 0x00, 0x00, 0x00, 0x00, 0x00, 0x00, 0x00, 0x00, 0x00,
	0x00, 0xf0, 0xf0, 0xff, 0x00, 0x00, 0x00, 0x0f, 0xf0, 0x00, 0xff, 0xff, 0x00, 0xff, 0x0f, 0x00,
	0x0f, 0xf0, 0xf0, 0x00, 0xf0, 0x00, 0x0f, 0xf0, 0x00, 0x00, 0x0f, 0x00, 0x00, 0x00, 0x00, 0xf0,
	0x0f, 0x00, 0x00, 0xf0, 0xf0, 0xff, 0x00, 0x00, 0xf0, 0x00, 0xff, 0x00, 0xf0, 0x00, 0x00, 0x00,
	0x00, 0x00, 0x00, 0x0f, 0x00, 0x0f, 0xff, 0x00, 0x00, 0x00, 0x00, 0xff, 0x00, 0x0f, 0x00, 0xf0,
	0x00, 0x0f, 0x00, 0x00, 0x00, 0x0f, 0x00, 0x00, 0xff, 0xf0, 0x00, 0x00, 0xf0, 0x00, 0x00, 0x00,
	0x0f, 0xff, 0x0f, 0x0f, 0x00, 0x00, 0x00, 0x00, 0x00, 0xff, 0x00, 0x00, 0x00, 0x00, 0x00, 0x00,
	0x00, 0x0f, 0x00, 0xff, 0xf0, 0x00, 0x00, 0x0f, 0xff, 0xf0, 0x00, 0x00, 0x00, 0x00, 0xff, 0xff,
	0xff, 0x00, 0x0f, 0xff, 0xff, 0xff, 0x0f, 0xf0, 0x00, 0x00, 0xff, 0xf0, 0x0f, 0xf0, 0x0f, 0x00,
	0xff, 0x00, 0xf0, 0x00, 0x00, 0xff, 0xf0, 0xf0, 0xf0, 0x00, 0x0f, 0xf0, 0x00, 0x00, 0x0f, 0x00,
	0x00, 0xff, 0x00, 0xf0, 0x00, 0x0f, 0xf0, 0xf0, 0xf0, 0xff, 0x00, 0xff, 0xf0, 0xf0, 0xff, 0x0f,
	0xf0, 0x00, 0x00, 0x00, 0x0f, 0x0f, 0x0f, 0x00, 0x00, 0x0f, 0xff, 0x00, 0xff, 0xff, 0xff, 0x00,
	0x00, 0xff, 0xff, 0x0f, 0x00, 0x0f, 0xf0, 0x00, 0xf0, 0xff, 0x00, 0x0f, 0xff, 0xf0, 0x00, 0xff,
	0xff, 0x0f, 0x00, 0xf0, 0x0f, 0x00, 0xf0, 0x0f, 0x00, 0x00, 0x0f, 0xff, 0x00, 0x00, 0xf0, 0x00,
	0x0f, 0xff, 0xff, 0x0f, 0xff, 0xff, 0xf0, 0xff, 0xff, 0xf0, 0x00, 0xff, 0xf0, 0xf0, 0xff, 0x0f,
	0x0f, 0xf0, 0xff, 0xf0, 0x0f, 0xff, 0x0f, 0xff, 0x00, 0xff, 0xff, 0xf0, 0x00, 0x00, 0xf0, 0xff,
	0x00, 0x0f, 0xff, 0xff, 0xf0, 0x00, 0x00, 0xf0, 0x00, 0xf0, 0x00, 0xff, 0x00, 0xf0, 0xff, 0x0f,
	0xff, 0xf0, 0xf0, 0xf0, 0xf0, 0x0f, 0x00, 0x00, 0x00, 0x00, 0x0f, 0x0f, 0x00, 0xf0, 0x00, 0x00,
	0x00, 0xff, 0xf0, 0xf0, 0xff, 0x0f, 0x00, 0xf0, 0xff, 0xff, 0x0f, 0xff, 0x00, 0x00, 0xff, 0xff,
	0x0f, 0xf0, 0x00, 0x0f, 0x00, 0xf0, 0x0f, 0xff, 0xf0, 0x00, 0xf0, 0x00, 0x00, 0xf0, 0xf0, 0x0f,
	0x00, 0xff, 0x00, 0x0f, 0x00, 0xf0, 0x00, 0xff, 0x00, 0x00, 0xf0, 0xff, 0xff, 0x0f, 0xff, 0xff,
	0xff, 0x00, 0xf0, 0x0f, 0x0f, 0x00, 0x0f, 0xf0, 0x0f, 0x00, 0xff, 0x00, 0xf0, 0x0f, 0x0f, 0x00,
	0xff, 0x00, 0x00, 0x00, 0x00, 0x0f, 0x0f, 0x00, 0x0f, 0x0f, 0xf0, 0xf0, 0x00, 0x0f, 0xff, 0x00,
	0x0f, 0x00, 0xff, 0xf0, 0xf0, 0xf0, 0x00, 0xf0, 0x00, 0xf0, 0x00, 0x0f, 0x0f, 0x00, 0x00, 0x00,
	0x00, 0xff, 0xff, 0xff, 0xff, 0x00, 0x00, 0x0f, 0x0f, 0x0f, 0xff, 0x0f, 0xf0, 0x0f, 0xf0, 0x0f,
	0xf0, 0x00, 0xff, 0xff, 0xf0, 0xff, 0xff, 0x0f, 0xff, 0xff, 0x0f, 0xf0, 0x00, 0x00, 0x00, 0x0f,
	0x00, 0xff, 0x00, 0xf0, 0x0f, 0x00, 0xff, 0xf0, 0xff, 0x0f, 0x00, 0x00, 0xff, 0x00, 0xf0, 0x0f,
	0xf0, 0x0f, 0x00, 0xff, 0x0f, 0x0f, 0xf0, 0xff, 0x0f, 0xff, 0x00, 0xff, 0xff, 0xf0, 0x0f, 0xff,
	0xf0, 0xf0, 0xff, 0x0f, 0x00, 0x00, 0xf0, 0x0f, 0xf0, 0x0f, 0xf0, 0x0f, 0xff, 0x0f, 0x0f, 0xff,
	0x00, 0x0f, 0x0f, 0xff, 0xff, 0x0f, 0xff, 0xf0, 0xff, 0x00, 0xff, 0xf0, 0x0f, 0xff, 0x0f, 0xff,
	0x00, 0xf0, 0xf0, 0x0f, 0x0f, 0xff, 0x0f, 0xf0, 0xf0, 0x00, 0xf0, 0xff, 0x0f, 0xff, 0xf0, 0xf0,
	0xf0, 0xff, 0x0f, 0xff, 0x00, 0xf0, 0xf0, 0x0f, 0xf0, 0x0f, 0x0f, 0xf0, 0x00, 0xf0, 0xff, 0xf0,
	0x0f, 0xff, 0xf0, 0x0f, 0x00, 0x0f, 0xf0, 0x0f, 0xff, 0xf0, 0x0f, 0xf0, 0xff, 0xff, 0xf0, 0x00,
	0x0f, 0xff, 0x0f, 0x0f, 0xff, 0x0f, 0x0f, 0xff, 0x0f, 0xf0, 0x00, 0x0f, 0xff, 0x00, 0xf0, 0xff,
	0xf0, 0x0f, 0x00, 0x00, 0xff, 0x00, 0xf0, 0x0f, 0x0f, 0xff, 0xf0, 0xf0, 0x0f, 0xff, 0x0f, 0x0f,
	0xff, 0xf0, 0xf0, 0xff, 0x00, 0x00, 0xf0, 0x0f, 0x0f, 0xf0, 0xff, 0x0f, 0xff, 0xf0, 0x0f, 0xff,
	0xff, 0xf0, 0x0f, 0x0f, 0x0f, 0xf0, 0x0f, 0x00, 0xff, 0xf0, 0xf0, 0x00, 0x0f, 0xff, 0x0f, 0x0f,
	0xf0, 0x0f, 0xf0, 0xf0, 0x00, 0x0f, 0x00, 0xff, 0x00, 0xff, 0x0f, 0x0f, 0xff, 0xff, 0x0f, 0xf0,
	0xff, 0x0f, 0x00, 0x00, 0xff, 0x00, 0xff, 0x0f, 0x0f, 0x0f, 0x0f, 0xf0, 0xff, 0xff, 0x0f, 0x0f,
	0x00, 0xf0, 0xf0, 0xf0, 0xff, 0xff, 0xf0, 0xf0, 0xff, 0x0f, 0x00, 0xf0, 0xff, 0xff, 0x0f, 0xff,
	0x00, 0xff, 0x00, 0xff, 0x0f, 0xff, 0x0f, 0xff, 0x0f, 0x00, 0x0f, 0x0f, 0x0f, 0xf0, 0xff, 0xf0,
	0xf0, 0xff, 0x00, 0xff, 0x0f, 0x0f, 0xf0, 0xff, 0x0f, 0x0f, 0x0f, 0x0f, 0x0f, 0x0f, 0xf0, 0x0f,
	0x0f, 0x0f, 0xff, 0xf0, 0xff, 0x0f, 0x00, 0xff, 0xf0, 0xff, 0xff, 0xff, 0xf0, 0xff, 0xf0, 0x00,
	0x0f, 0xf0, 0xff, 0xf0, 0xff, 0x0f, 0x00, 0xff, 0xff, 0xff, 0x0f, 0x0f, 0xff, 0xf0, 0xf0, 0xff,
	0x0f, 0xff, 0xff, 0xf0, 0x0f, 0x0f, 0xff, 0x0f, 0xf0, 0xf0, 0xff, 0x0f, 0x00, 0xff, 0xf0, 0x0f,
	0xf0, 0x0f, 0xf0, 0xf0, 0xff, 0xf0, 0xf0, 0x0f, 0x0f, 0xf0, 0x0f, 0xff, 0x0f, 0x0f, 0xff, 0xf0,
	0x00, 0xf0, 0xf0, 0xff, 0xff, 0x0f, 0x00, 0x0f, 0x00, 0xff, 0xff, 0x0f, 0xff, 0xff, 0x00, 0x0f,
	0xff, 0xff, 0xf0, 0xff, 0xff, 0x00, 0xf0, 0x0f, 0x0f, 0xff, 0xff, 0x0f, 0xf0, 0xf0, 0xf0, 0xf0,
	0xf0, 0x0f, 0xff, 0xff, 0x0f, 0xff, 0xff, 0xf0, 0xf0, 0x00, 0xf0, 0xf0, 0x00, 0x0f, 0xf0, 0xf0,
	0xf0, 0xf0, 0xff, 0xf0, 0xff, 0xf0, 0x0f, 0xf0, 0x0f, 0xf0, 0xff, 0xff, 0xf0, 0xf0, 0xff, 0xf0,
	0xff, 0xf0, 0xff, 0x0f, 0xff, 0x0f, 0x0f, 0xff, 0xff, 0xff, 0xff, 0x0f, 0xf0, 0x0f, 0xff, 0xff,
	0xf0, 0xf0, 0x00, 0x0f, 0xff, 0xff, 0xff, 0xff, 0xff, 0xf0, 0xff, 0x0f, 0xf0, 0x0f, 0x0f, 0xff,
	0xff, 0xf0, 0xff, 0xff, 0x0f, 0xf0, 0x0f, 0x0f, 0xff, 0x0f, 0xff, 0x0f, 0x0f, 0xff, 0x0f, 0x0f,
	0xf0, 0x0f, 0xff, 0x0f, 0xf0, 0xf0, 0x0f, 0xf0, 0xff, 0xff, 0x0f, 0x0f, 0x0f, 0xf0, 0xf0, 0xff,
	0xff, 0xff, 0xf0, 0x0f, 0xff, 0xf0, 0xff, 0x0f, 0xf0, 0x0f, 0xf0, 0x0f, 0xf0, 0xf0, 0xf0, 0xf0,
	0xff, 0xff, 0xf0, 0xf0, 0xf0, 0x0f, 0xff, 0x0f, 0xff, 0xff, 0xff, 0x0f, 0x00, 0xff, 0xf0, 0xf0,
	0x0f, 0x00, 0x0f, 0xff, 0xff, 0x0f, 0x0f, 0xff, 0xf0, 0x0f, 0x0f, 0x0f, 0xf0, 0xff, 0xff, 0x0f,
	0xf0, 0xff, 0x00, 0xf0, 0x0f, 0xf0, 0xff, 0xff, 0x00, 0xf0, 0xf0, 0xff, 0xf0, 0xff, 0xf0, 0xff,
	0x0f, 0x0f, 0xff, 0xf0, 0xff, 0xf0, 0x0f, 0x0f, 0x0f, 0xf0, 0xff, 0x0f, 0xf0, 0xff, 0x00, 0xf0,
	0xff, 0xff, 0x0f, 0x0f, 0x0f, 0xf0, 0x0f, 0x0f, 0xf0, 0x0f, 0x0f, 0x0f, 0xf0, 0xf0, 0xff, 0xff,
	0x0f, 0xf0, 0xff, 0xff, 0xff, 0x00, 0xff, 0xff, 0xf0, 0x0f, 0x0f, 0xf0, 0xff, 0xf0, 0xf0, 0x0f,
	0xff, 0xf0, 0x0f, 0xf0, 0xf0, 0xff, 0xff, 0x0f, 0xff, 0x0f, 0xf0, 0xf0, 0xff, 0x0f, 0xf0, 0x0f,
	0x0f, 0xff, 0xff, 0xf0, 0x0f, 0xff, 0x0f, 0xff, 0x0f, 0x0f, 0xf0, 0x0f, 0xf0, 0x0f, 0x0f, 0x0f,
	0xff, 0x0f, 0xff, 0xf0, 0xff, 0xff, 0xf0, 0x00, 0xff, 0xff, 0xf0, 0x0f, 0xff, 0x0f, 0xf0, 0xf0,
	0x0f, 0xff, 0x0f, 0xff, 0xf0, 0x0f, 0xf0, 0xff, 0xf0, 0xff, 0xf0, 0xf0, 0x0f, 0x0f, 0xf0, 0x0f,
	0x0f, 0x0f, 0xf0, 0xff, 0x0f, 0xff, 0xff, 0xff, 0x0f, 0x0f, 0x0f, 0x0f, 0x0f, 0xf0, 0xf0, 0x0f,
	0x0f, 0xf0, 0xf0, 0xff, 0xf0, 0x0f, 0xff, 0xf0, 0xf0, 0xf0, 0xf0, 0xf0, 0xff, 0xf0, 0xf0, 0xff,
	0xf0, 0x0f, 0xff, 0x0f, 0x0f, 0xff, 0x0f, 0xff, 0xf0, 0xff, 0xff, 0xf0, 0xff, 0x0f, 0xf0, 0xff,
	0xff, 0xff, 0xff, 0xff, 0xff, 0xff, 0xff, 0xff, 0xff, 0xff, 0xff, 0xff, 0xff, 0xff, 0xff, 0xff,
	0xff, 0xff, 0xff, 0xff, 0xff, 0xff, 0xff, 0xff, 0xff, 0xff, 0xff, 0xff, 0xff, 0xff, 0xff, 0xff,
	0xff, 0xff, 0xff, 0xff, 0xff, 0xff, 0xff, 0xff, 0xff, 0xff, 0xff, 0xff, 0xff, 0xff, 0xff, 0xff,
	0xff, 0xff, 0xff, 0xff, 0xff, 0xff, 0xff, 0xff, 0xff, 0xff, 0xff, 0xff, 0xff, 0xff, 0xff, 0xff,
	0xff, 0xff, 0xff, 0xff, 0xff, 0xff, 0xff, 0xff, 0xff, 0xff, 0xff, 0xff, 0xff, 0xff, 0xff, 0xff,
	0xff, 0xff, 0xff, 0xff, 0xff, 0xff, 0xff, 0xff, 0xff, 0xff, 0xff, 0xff, 0xff, 0xff, 0xff, 0xff,
	0xff, 0xff, 0xff, 0xff, 0xff, 0xff, 0xff, 0xff, 0xff, 0xff, 0xff, 0xff, 0xff, 0xff, 0xff, 0xff,
	0xff, 0xff, 0xff, 0xff, 0xff, 0xff, 0xff, 0xff, 0xff, 0xff, 0xff, 0xff, 0xff, 0xff, 0xff, 0xff,
	0xff, 0xff, 0xff, 0xff, 0xff, 0xff, 0xff, 0xff, 0xff, 0xff, 0xff, 0xff, 0xff, 0xff, 0xff, 0xff,
	0xff, 0xff, 0xff, 0xff, 0xff, 0xff, 0xff, 0xff, 0xff, 0xff, 0xff, 0xff, 0xff, 0xff, 0xff, 0xff,
	0xff, 0xff, 0xff, 0xff, 0xff, 0xff, 0xff, 0xff, 0xff, 0xff, 0xff, 0xff, 0xff, 0xff, 0xff, 0xff,
	0xff, 0xff, 0xff, 0xff, 0xff, 0xff, 0xff, 0xff, 0xff, 0xff, 0xff, 0xff, 0xff, 0xff, 0xff, 0xff,
	0xff, 0xff, 0xff, 0xff, 0xff, 0xff, 0xff, 0xff, 0xff, 0xff, 0xff, 0xff, 0xff, 0xff, 0xff, 0xff,
	0xff, 0xff, 0xff, 0xff, 0xff, 0xff, 0xff, 0xff, 0xff, 0xff, 0xff, 0xff, 0xff, 0xff, 0xff, 0xff,
	0xff, 0xff, 0xff, 0xff, 0xff, 0xff, 0xff, 0xff, 0xff, 0xff, 0xff, 0xff, 0xff, 0xff, 0xff, 0xff,
	0xff, 0xff, 0xff, 0xff, 0xff, 0xff, 0xff, 0xff, 0xff, 0xff, 0xff, 0xff, 0xff, 0xff, 0xff, 0xff,
	0xff, 0xff, 0xff, 0xff, 0xff, 0xff, 0xff, 0xff, 0xff, 0xff, 0xff, 0xff, 0xff, 0xff, 0xff, 0xff,
	0xff, 0xff, 0xff, 0xff, 0xff, 0xff, 0xff, 0xff, 0xff, 0xff, 0xff, 0xff, 0xff, 0xff, 0xff, 0xff,
	0xff, 0xff, 0xff, 0xff, 0xff, 0xff, 0xff, 0xff, 0xff, 0xff, 0xff, 0xff, 0xff, 0xff, 0xff, 0xff,
	0xff, 0xff, 0xff, 0xff, 0xff, 0xff, 0xff, 0xff, 0xff, 0xff, 0xff, 0xff, 0xff, 0xff, 0xff, 0xff,
	0x00, 0x00, 0x00, 0x00, 0x00, 0x00, 0x00, 0x00, 0x00, 0x00, 0x00, 0x00, 0x00, 0x00, 0x00, 0x00,
	0x00, 0x00, 0x00, 0x00, 0x00, 0x00, 0x00, 0x00, 0x00, 0x00, 0x00, 0x00, 0x00, 0x00, 0x00, 0x00,
	0x00, 0x00, 0x00, 0x00, 0x00, 0x00, 0x00, 0x00, 0x00, 0x00, 0x00, 0x00, 0x00, 0x00, 0x00, 0x00,
	0x00, 0x00, 0x00, 0x00, 0x00, 0x00, 0x00, 0x00, 0x00, 0x00, 0x00, 0x00, 0x00, 0x00, 0x00, 0x00,
	0x00, 0x00, 0x00, 0x00, 0x00, 0x00, 0x00, 0x00, 0x00, 0x00, 0x00, 0x00, 0x00, 0x00, 0x00, 0x00,
	0x00, 0x00, 0x00, 0x00, 0x00, 0x00, 0x00, 0x00, 0x00, 0x00, 0x00, 0x00, 0x00, 0x00, 0x00, 0x00,
	0x00, 0x00, 0x00, 0x00, 0x00, 0x00, 0x00, 0x00, 0x00, 0x00, 0x00, 0x00, 0x00, 0x00, 0x00, 0x00,
	0x00, 0x00, 0x00, 0x00, 0x00, 0x00, 0x00, 0x00, 0x00, 0x00, 0x00, 0x00, 0x00, 0x00, 0x00, 0x00,
	0x00, 0x00, 0x00, 0x00, 0x00, 0x00, 0x00, 0x00, 0x00, 0x00, 0x00, 0x00, 0x00, 0x00, 0x00, 0x00,
	0x00, 0x00, 0x00, 0x00, 0x00, 0x00, 0x00, 0x00, 0x00, 0x00, 0x00, 0x00, 0x00, 0x00, 0x00, 0x00,
	0x00, 0x00, 0x00, 0x00, 0x00, 0x00, 0x00, 0x00, 0x00, 0x00, 0x00, 0x00, 0x00, 0x00, 0x00, 0x00,
	0x00, 0x00, 0x00, 0x00, 0x00, 0x00, 0x00, 0x00, 0x00, 0x00, 0x00, 0x00, 0x00, 0x00, 0x00, 0x00,
	0x00, 0x00, 0x00, 0x00, 0x00, 0x00, 0x00, 0x00, 0x00, 0x00, 0x00, 0x00, 0x00, 0x00, 0x00, 0x00,
	0x00, 0x00, 0x00, 0x00, 0x00, 0x00, 0x00, 0x00, 0x00, 0x00, 0x00, 0x00, 0x00, 0x00, 0x00, 0x00,
	0x00, 0x00, 0x00, 0x00, 0x00, 0x00, 0x00, 0x00, 0x00, 0x00, 0x00, 0x00, 0x00, 0x00, 0x00, 0x00,
	0x00, 0x00, 0x00, 0x00, 0x00, 0x00, 0x00, 0x00, 0x00, 0x00, 0x00, 0x00, 0x00, 0x00, 0x00, 0x00,
	0x00, 0x00, 0x00, 0x00, 0x00, 0x00, 0x00, 0x00, 0x00, 0x00, 0x00, 0x00, 0x00, 0x00, 0x00, 0x00,
	0x00, 0x00, 0x00, 0x00, 0x00, 0x00, 0x00, 0x00, 0x00, 0x00, 0x00, 0x00, 0x00, 0x00, 0x00, 0x00,
	0x00, 0x00, 0x00, 0x00, 0x00, 0x00, 0x00, 0x00, 0x00, 0x00, 0x00, 0x00, 0x00, 0x00, 0x00, 0x00,
	0x00, 0x00, 0x00, 0x00, 0x00, 0x00, 0x00, 0x00, 0x00, 0x00, 0x00, 0x00, 0x00, 0x00, 0x00, 0x00,
	0x00, 0x00, 0x00, 0x00, 0x00, 0x00, 0x00, 0x00, 0x00, 0x00, 0x00, 0x00, 0x00, 0x00, 0x0f, 0xff,
	0x00, 0x00, 0x00, 0x00, 0x00, 0xff, 0x00, 0x00, 0x00, 0xff, 0x00, 0x00, 0x00, 0x00, 0x0f, 0x00,
	0x00, 0x00, 0xff, 0x00, 0xff, 0xff, 0xff, 0x00, 0xf0, 0xff, 0x00, 0xff, 0xf0, 0x00, 0x00, 0x00,
	0x00, 0x00, 0x00, 0x00, 0x00, 0x00, 0x00, 0x00, 0x00, 0x00, 0x00, 0x00, 0x00, 0x0f, 0x0f, 0x00,
	0x00, 0x00, 0x00, 0x0f, 0xff, 0x00, 0x00, 0x00, 0x00, 0x00, 0x00, 0x00, 0xff, 0x00, 0xff, 0x00,
	0x00, 0x00, 0x00, 0xff, 0x00, 0x00, 0x00, 0x00, 0x0f, 0x00, 0x00, 0x00, 0x00, 0x00, 0x00, 0x00,
	0x00, 0x00, 0xf0, 0x00, 0x00, 0x00, 0x00, 0x00, 0x00, 0x00, 0x00, 0x0f, 0x00, 0x00, 0x0f, 0x00,
	0x00, 0x00, 0xff, 0xff, 0x00, 0x00, 0x00, 0x0f, 0xff, 0x00, 0x00, 0x00, 0x00, 0x00, 0x00, 0x00,
	0x00, 0x00, 0x00, 0x00, 0x00, 0xff, 0xff, 0x00, 0x00, 0x00, 0x00, 0x00, 0x0f, 0x00, 0x00, 0x00,
	0x00, 0xff, 0x00, 0x00, 0x0f, 0x00, 0x00, 0x00, 0x00, 0x00, 0x00, 0x00, 0x00, 0x00, 0x00, 0x00,
	0x00, 0xf0, 0x00, 0xf0, 0x0f, 0x00, 0x00, 0x00, 0x00, 0x00, 0x00, 0x00, 0x00, 0xf0, 0xf0, 0x00,
	0x00, 0x00, 0x00, 0x00, 0x00, 0x00, 0x00, 0x00, 0x0f, 0x00, 0x0f, 0x00, 0x00, 0x00, 0x00, 0x00,
	0xf0, 0x00, 0x00, 0x00, 0x00, 0x00, 0xf0, 0x00, 0xf0, 0x00, 0x00, 0x00, 0x00, 0xf0, 0x00, 0x00,
	0x00, 0x00, 0x00, 0x0f, 0x00, 0xf0, 0x0f, 0x00, 0x00, 0x00, 0x00, 0x00, 0x0f, 0x00, 0x00, 0x00,
	0x00, 0x00, 0x00, 0x00, 0x00, 0x00, 0x00, 0x00, 0x00, 0x00, 0x00, 0x00, 0x00, 0x00, 0xf0, 0x0f,
	0x00, 0x00, 0x00, 0xff, 0xf0, 0x00, 0x00, 0x00, 0x00, 0x00, 0x00, 0x00, 0x00, 0x00, 0x00, 0x00,
	0x0f, 0x00, 0x00, 0x00, 0x00, 0x00, 0x0f, 0x00, 0x00, 0x00, 0x00, 0x00, 0x00, 0x00, 0x00, 0x0f,
	0xff, 0x00, 0x00, 0x00, 0xff, 0x00, 0x00, 0x00, 0x00, 0xff, 0x00, 0x00, 0x00, 0x00, 0x0f, 0x00,
	0xf0, 0x00, 0x0f, 0x00, 0x00, 0x00, 0x00, 0x00, 0x00, 0x00, 0x00, 0x00, 0x00, 0x00, 0x00, 0x0f,
	0x00, 0x00, 0x00, 0x00, 0x00, 0x00, 0x00, 0x0f, 0x00, 0x00, 0x00, 0x00, 0x00, 0xf0, 0x00, 0x00,
	0x0f, 0x00, 0x00, 0x0f, 0xf0, 0x00, 0x00, 0x00, 0x00, 0xf0, 0x00, 0x00, 0x00, 0x00, 0x00, 0x00,
	0x00, 0x00, 0x00, 0xf0, 0x00, 0xf0, 0x00, 0x0f, 0x00, 0x00, 0xf0, 0x00, 0x00, 0x00, 0x00, 0x00,
	0x00, 0x00, 0x00, 0x0f, 0x00, 0x00, 0x00, 0xff, 0x00, 0x00, 0xff, 0x00, 0x00, 0xf0, 0x0f, 0x0f,
	0x00, 0x00, 0xff, 0x0f, 0x00, 0x0f, 0x0f, 0x00, 0x00, 0xf0, 0x00, 0xf0, 0x00, 0xf0, 0x00, 0x00,
	0xf0, 0xf0, 0x0f, 0x00, 0x00, 0x0f, 0x00, 0x00, 0xf0, 0xff, 0x00, 0x00, 0x00, 0x00, 0x00, 0x00,
	0x0f, 0xf0, 0xff, 0xf0, 0x00, 0x00, 0xff, 0x00, 0x00, 0xf0, 0xf0, 0xf0, 0x00, 0x00, 0xf0, 0xff,
	0x00, 0x00, 0xff, 0xff, 0x00, 0x00, 0xff, 0x00, 0x0f, 0xff, 0x0f, 0x0f, 0xff, 0xf0, 0x00, 0xff,
	0x00, 0x00, 0xf0, 0xff, 0x00, 0x00, 0x00, 0x0f, 0x00, 0x00, 0x00, 0x00, 0x00, 0xff, 0x00, 0x00,
	0xff, 0x00, 0xff, 0xf0, 0xff, 0xff, 0x00, 0xf0, 0x00, 0xf0, 0xf0, 0x00, 0x0f, 0x00, 0x00, 0x00,
	0xff, 0x00, 0x00, 0x00, 0x00, 0x0f, 0xff, 0x00, 0x00, 0xf0, 0x00, 0x00, 0xff, 0x0f, 0x00, 0x0f,
	0x00, 0xf0, 0x00, 0x00, 0x00, 0xff, 0x00, 0x00, 0x00, 0xff, 0x00, 0xff, 0xf0, 0x00, 0x00, 0x00,
	0x00, 0xff, 0x00, 0xff, 0xff, 0x00, 0x00, 0x00, 0x00, 0x00, 0x00, 0x00, 0x00, 0x00, 0xff, 0x00,
	0x00, 0xff, 0x00, 0x00, 0xff, 0x0f, 0x00, 0x00, 0x00, 0x00, 0x00, 0xff, 0x00, 0x00, 0xff, 0x00,
	0x00, 0x00, 0x0f, 0x00, 0xf0, 0xf0, 0xff, 0xf0, 0x00, 0x00, 0x00, 0xff, 0x00, 0x00, 0x00, 0xff,
	0x00, 0xf0, 0x00, 0x00, 0x00, 0xf0, 0x00, 0xff, 0x00, 0xf0, 0xf0, 0x00, 0x00, 0xf0, 0xff, 0x00,
	0x00, 0x00, 0xf0, 0x00, 0x00, 0x00, 0x00, 0x00, 0xff, 0x0f, 0x00, 0x00, 0x00, 0x00, 0x0f, 0x00,
	0x00, 0xf0, 0xff, 0x00, 0x00, 0x00, 0x00, 0x0f, 0xf0, 0xf0, 0x00, 0x0f, 0x00, 0x00, 0x00, 0x00,
	0xf0, 0x00, 0x00, 0xf0, 0xf0, 0x00, 0x00, 0x00, 0x00, 0x00, 0x00, 0x00, 0xf0, 0x0f, 0xf0, 0x0f,
	0x00, 0x00, 0x00, 0x00, 0x00, 0x0f, 0x00, 0xff, 0x00, 0x00, 0x00, 0x00, 0xf0, 0x00, 0x00, 0xff,
	0x00, 0x00, 0x00, 0xf0, 0x00, 0xf0, 0x00, 0x00, 0xff, 0x00, 0x00, 0x00, 0x00, 0x00, 0xff, 0x00,
	0xff, 0xff, 0x00, 0xf0, 0x00, 0x00, 0x00, 0x00, 0x00, 0x00, 0x00, 0xf0, 0x00, 0x00, 0xff, 0xff,
	0x00, 0xff, 0x00, 0x00, 0x00, 0x00, 0xff, 0x0f, 0x0f, 0xf0, 0x00, 0x00, 0x00, 0xff, 0x00, 0x0f,
	0x0f, 0x00, 0x00, 0x0f, 0x00, 0xff, 0x00, 0xff, 0x00, 0x00, 0x00, 0x00, 0x00, 0x0f, 0xff, 0xf0,
	0xf0, 0x00, 0xff, 0x00, 0x00, 0xf0, 0x00, 0x00, 0x00, 0x0f, 0xf0, 0xff, 0xff, 0x00, 0x00, 0xff,
	0x00, 0x00, 0x00, 0xf0, 0x00, 0x00, 0x0f, 0x00, 0x00, 0x00, 0xff, 0x00, 0xf0, 0x00, 0x00, 0x00,
	0x00, 0x00, 0xff, 0x00, 0x00, 0x00, 0x0f, 0x00, 0x00, 0x00, 0x00, 0xff, 0x00, 0x00, 0x0f, 0xff,
	0x00, 0xff, 0x00, 0x00, 0x00, 0x00, 0xff, 0xf0, 0x00, 0x00, 0xf0, 0x00, 0x00, 0xff, 0xff, 0x0f,
	0xff, 0xf0, 0x00, 0xf0, 0x00, 0xf0, 0xff, 0x00, 0x0f, 0xf0, 0x00, 0xf0, 0x00, 0xf0, 0xff, 0x0f,
	0xf0, 0x00, 0xff, 0xf0, 0x00, 0x00, 0xf0, 0xff, 0x00, 0xff, 0x00, 0xf0, 0xff, 0x00, 0x0f, 0xf0,
	0xf0, 0x00, 0xf0, 0x0f, 0x0f, 0x0f, 0x00, 0x00, 0xff, 0x00, 0x00, 0x0f, 0xf0, 0x00, 0xff, 0x00,
	0xf0, 0x00, 0x00, 0xff, 0x00, 0x00, 0x00, 0xf0, 0xff, 0x00, 0x0f, 0x00, 0x00, 0x0f, 0xff, 0xf0,
	0xff, 0x00, 0xf0, 0xff, 0xff, 0x00, 0x00, 0x0f, 0x00, 0x00, 0x0f, 0x00, 0xf0, 0xf0, 0x00, 0x00,
	0x00, 0x00, 0x00, 0xff, 0xf0, 0x00, 0x0f, 0xff, 0x0f, 0x0f, 0x00, 0x00, 0xf0, 0xf0, 0x00, 0xff,
	0x00, 0xf0, 0x00, 0x00, 0x00, 0x00, 0x0f, 0x00, 0x00, 0xff, 0x00, 0x00, 0xff, 0x0f, 0x00, 0x00,
	0xff, 0x00, 0x00, 0x0f, 0x00, 0x0f, 0x00, 0x0f, 0x00, 0xf0, 0xf0, 0xff, 0xf0, 0x00, 0xff, 0x00,
	0xf0, 0xf0, 0x00, 0x00, 0x00, 0x0f, 0x0f, 0x0f, 0x00, 0xf0, 0x0f, 0x00, 0x0f, 0x0f, 0xff, 0xff,
	0x0f, 0x00, 0x00, 0x00, 0x00, 0x00, 0x00, 0x00, 0xf0, 0x00, 0xf0, 0xf0, 0x00, 0x00, 0x0f, 0x00,
	0x00, 0x00, 0xff, 0xff, 0x00, 0x00, 0xff, 0xf0, 0x00, 0xff, 0xff, 0xff, 0x00, 0x00, 0xf0, 0x0f,
	0x00, 0x00, 0x00, 0x0f, 0xf0, 0xff, 0x00, 0xff, 0xff, 0x00, 0xff, 0x00, 0x00, 0xf0, 0x00, 0x00,
	0x00, 0x00, 0x00, 0x0f, 0x00, 0x00, 0x0f, 0x0f, 0x00, 0x00, 0x00, 0x00, 0xff, 0x00, 0x00, 0xf0,
	0x00, 0x00, 0x00, 0x0f, 0x00, 0xff, 0xf0, 0x0f, 0xff, 0xf0, 0x00, 0x00, 0xf0, 0x00, 0x0f, 0xf0,
	0x00, 0xff, 0xff, 0x00, 0x0f, 0x00, 0xff, 0x00, 0xf0, 0x0f, 0xff, 0x00, 0xff, 0xff, 0x0f, 0xf0,
	0x0f, 0xff, 0xf0, 0x00, 0x0f, 0xff, 0x00, 0xf0, 0xf0, 0x0f, 0x0f, 0xff, 0x00, 0xf0, 0x00, 0xf0,
	0x00, 0x0f, 0x00, 0x00, 0xff, 0x00, 0x00, 0xff, 0x00, 0xff, 0xff, 0x0f, 0xf0, 0x0f, 0xf0, 0xf0,
	0x00, 0x0f, 0xff, 0x00, 0xf0, 0x00, 0xff, 0xf0, 0xf0, 0x0f, 0xf0, 0x0f, 0xf0, 0x00, 0xff, 0xf0,
	0x00, 0xf0, 0xff, 0x00, 0xff, 0xff, 0xff, 0xf0, 0xf0, 0xf0, 0x00, 0x0f, 0x00, 0xf0, 0x0f, 0x00,
	0x0f, 0x00, 0xf0, 0x00, 0x00, 0xf0, 0x0f, 0xff, 0xff, 0xff, 0x00, 0xf0, 0xff, 0x00, 0xff, 0xff,
	0xf0, 0x00, 0xf0, 0xff, 0x00, 0x0f, 0x0f, 0x0f, 0x00, 0xf0, 0x0f, 0x00, 0xff, 0x0f, 0xf0, 0x00,
	0xf0, 0x0f, 0x00, 0xff, 0x00, 0x0f, 0xf0, 0x00, 0xff, 0xf0, 0xff, 0x0f, 0x0f, 0xf0, 0x00, 0x0f,
	0x00, 0x00, 0xf0, 0x0f, 0xff, 0x0f, 0xf0, 0x00, 0x00, 0x00, 0x0f, 0x0f, 0x0f, 0x0f, 0xf0, 0xf0,
	0xf0, 0xf0, 0xf0, 0xff, 0x00, 0x0f, 0x00, 0x0f, 0x0f, 0x00, 0xff, 0x00, 0xf0, 0x00, 0x00, 0x00,
	0xff, 0xff, 0x0f, 0x0f, 0x0f, 0xf0, 0x00, 0xff, 0xf0, 0x0f, 0xf0, 0x00, 0x00, 0x00, 0x00, 0xff,
	0xf0, 0xff, 0x00, 0x00, 0x0f, 0xff, 0x00, 0xff, 0xf0, 0xff, 0xff, 0x00, 0x0f, 0x00, 0x0f, 0x00,
	0xff, 0xf0, 0xff, 0xf0, 0xf0, 0xff, 0x00, 0xf0, 0x0f, 0xf0, 0x00, 0x00, 0xf0, 0x00, 0xff, 0xf0,
	0x00, 0xff, 0xf0, 0x0f, 0xf0, 0xff, 0x00, 0x00, 0x0f, 0xf0, 0xff, 0xff, 0x00, 0xf0, 0x00, 0x0f,
	0x00, 0x00, 0x00, 0x0f, 0x00, 0x00, 0xf0, 0x00, 0x0f, 0xff, 0x0f, 0xff, 0xff, 0xff, 0xf0, 0x0f,
	0x0f, 0xff, 0x00, 0x00, 0xff, 0xff, 0x00, 0x00, 0xf0, 0xf0, 0xff, 0xf0, 0x0f, 0x0f, 0x00, 0x0f,
	0x0f, 0x0f, 0x00, 0x0f, 0xf0, 0xf0, 0x00, 0xf0, 0x0f, 0x0f, 0xff, 0x00, 0x0f, 0x0f, 0x0f, 0xff,
	0xff, 0x0f, 0xff, 0x00, 0x00, 0x0f, 0x00, 0xff, 0x00, 0x00, 0xff, 0x00, 0x00, 0xff, 0xf0, 0xff,
	0xf0, 0x00, 0x0f, 0xf0, 0xf0, 0xff, 0xff, 0xf0, 0x0f, 0xff, 0x0f, 0x0f, 0xff, 0x00, 0xff, 0x0f,
	0xff, 0x0f, 0x0f, 0xf0, 0xff, 0xf0, 0xff, 0xf0, 0xff, 0xf0, 0x0f, 0xff, 0xff, 0x00, 0x0f, 0xf0,
	0xf0, 0xff, 0x0f, 0xff, 0xf0, 0x00, 0xff, 0x0f, 0xff, 0x00, 0xff, 0x0f, 0xf0, 0xf0, 0x0f, 0xff,
	0xf0, 0xf0, 0xf0, 0x0f, 0xff, 0x0f, 0xff, 0xf0, 0xff, 0xff, 0x0f, 0xff, 0x0f, 0xff, 0xf0, 0x00,
	0xff, 0xf0, 0xff, 0xf0, 0xf0, 0x00, 0xf0, 0x00, 0x0f, 0xf0, 0xf0, 0xff, 0xf0, 0xff, 0x0f, 0xff,
	0xf0, 0x00, 0x0f, 0xff, 0xf0, 0xff, 0x0f, 0xf0, 0x00, 0x0f, 0xf0, 0x0f, 0xf0, 0x0f, 0xf0, 0xf0,
	0xff, 0xf0, 0xff, 0x00, 0xff, 0xff, 0x00, 0xf0, 0x0f, 0xf0, 0xf0, 0xf0, 0xff, 0xf0, 0xf0, 0xff,
	0xf0, 0xf0, 0xf0, 0xf0, 0x0f, 0xff, 0xf0, 0xff, 0x0f, 0xff, 0x0f, 0xff, 0x0f, 0x00, 0xf0, 0x0f,
	0x0f, 0xff, 0x00, 0xff, 0xff, 0xf0, 0xff, 0xff, 0xff, 0xf0, 0xff, 0x0f, 0x00, 0xf0, 0xf0, 0xff,
	0xff, 0xff, 0xf0, 0x00, 0xf0, 0x0f, 0x00, 0xf0, 0xff, 0x00, 0x0f, 0xf0, 0xff, 0xff, 0xff, 0xff,
	0xff, 0x0f, 0x0f, 0x0f, 0x0f, 0xff, 0x0f, 0xf0, 0x0f, 0x00, 0x0f, 0x00, 0x0f, 0xf0, 0xff, 0x0f,
	0x0f, 0x00, 0xff, 0xff, 0xff, 0x0f, 0xff, 0x0f, 0xff, 0xff, 0x0f, 0x00, 0xf0, 0xf0, 0x0f, 0xf0,
	0x0f, 0x0f, 0xf0, 0xff, 0xf0, 0xff, 0xf0, 0x0f, 0xf0, 0xff, 0x00, 0xf0, 0xf0, 0x00, 0x0f, 0x0f,
	0x0f, 0x0f, 0xff, 0xff, 0xff, 0x0f, 0x0f, 0xf0, 0x00, 0x00, 0x0f, 0x00, 0x0f, 0xf0, 0xff, 0xff,
	0x00, 0x00, 0x00, 0x0f, 0x00, 0xf0, 0xff, 0xff, 0x0f, 0xff, 0x0f, 0xf0, 0xff, 0xff, 0xf0, 0x0f,
	0xff, 0xf0, 0x00, 0xf0, 0x0f, 0xf0, 0xff, 0xf0, 0xf0, 0x00, 0x0f, 0x0f, 0x0f, 0x0f, 0x0f, 0xff,
	0xff, 0xff, 0x00, 0xff, 0xf0, 0x0f, 0x0f, 0xff, 0xff, 0x0f, 0x0f, 0x0f, 0x0f, 0xf0, 0x0f, 0xf0,
	0x0f, 0x0f, 0xff, 0x0f, 0xff, 0x00, 0x0f, 0xf0, 0xf0, 0xff, 0x00, 0xff, 0x00, 0x0f, 0x0f, 0x0f,
	0xf0, 0xf0, 0xff, 0xf0, 0x00, 0x0f, 0x00, 0xff, 0xff, 0xff, 0x0f, 0x0f, 0xf0, 0xf0, 0xff, 0xff,
	0xff, 0x0f, 0xf0, 0x0f, 0xff, 0xff, 0x00, 0xf0, 0xff, 0xf0, 0x00, 0xf0, 0x0f, 0x0f, 0x0f, 0xff,
	0x0f, 0x00, 0x0f, 0xf0, 0xf0, 0xff, 0xff, 0x0f, 0xf0, 0xf0, 0xf0, 0x0f, 0xf0, 0xf0, 0xf0, 0x0f,
	0x00, 0xf0, 0xff, 0x0f, 0x0f, 0xf0, 0xf0, 0xf0, 0xf0, 0x0f, 0xf0, 0x0f, 0x0f, 0xf0, 0xff, 0x00,
	0x0f, 0xf0, 0xf0, 0xff, 0xff, 0xff, 0xff, 0xff, 0x0f, 0x0f, 0xff, 0xff, 0x0f, 0x0f, 0xff, 0x0f,
	0x0f, 0xff, 0xf0, 0x0f, 0x0f, 0xff, 0x0f, 0xf0, 0x0f, 0x0f, 0x0f, 0xff, 0x0f, 0x0f, 0xff, 0x0f,
	0xf0, 0x0f, 0xf0, 0xf0, 0xff, 0xf0, 0xff, 0xf0, 0xf0, 0xf0, 0xff, 0x00, 0x0f, 0xf0, 0xff, 0xff,
	0x0f, 0x0f, 0xff, 0xff, 0x0f, 0xf0, 0xff, 0x0f, 0xf0, 0xf0, 0xf0, 0xf0, 0xff, 0xff, 0xf0, 0x0f,
	0x0f, 0x0f, 0xf0, 0x0f, 0xf0, 0xf0, 0x0f, 0xff, 0x0f, 0xf0, 0xf0, 0xff, 0xf0, 0xff, 0x0f, 0xff,
	0xff, 0xf0, 0xf0, 0x0f, 0xff, 0xff, 0xff, 0xff, 0x00, 0xff, 0xff, 0xf0, 0xf0, 0x0f, 0xff, 0x00,
	0xf0, 0x0f, 0xff, 0xf0, 0xf0, 0xf0, 0xff, 0x0f, 0x0f, 0xf0, 0xf0, 0x0f, 0xf0, 0xff, 0x0f, 0xf0,
	0xff, 0xff, 0xf0, 0x0f, 0xf0, 0x0f, 0xf0, 0x0f, 0xff, 0xf0, 0x0f, 0xf0, 0x0f, 0xff, 0x0f, 0xff,
	0xff, 0xf0, 0x00, 0x0f, 0xf0, 0xf0, 0xf0, 0xf0, 0x0f, 0xf0, 0xf0, 0x0f, 0xff, 0xf0, 0xf0, 0xff,
	0xf0, 0xff, 0x0f, 0xf0, 0x0f, 0xf0, 0xff, 0xf0, 0xf0, 0xff, 0xff, 0xff, 0x0f, 0xff, 0xf0, 0xf0,
	0xf0, 0xf0, 0x0f, 0x0f, 0xf0, 0x0f, 0xf0, 0xf0, 0xf0, 0xff, 0xff, 0x0f, 0x0f, 0xf0, 0xff, 0xff,
	0x0f, 0xf0, 0x0f, 0x0f, 0xf0, 0xff, 0xff, 0x0f, 0xf0, 0x0f, 0x0f, 0x0f, 0xf0, 0xf0, 0x0f, 0xff,
	0xf0, 0x0f, 0xff, 0xf0, 0xff, 0x0f, 0xff, 0xff, 0xf0, 0x0f, 0xf0, 0xff, 0xf0, 0xf0, 0xf0, 0xff,
	0xff, 0x0f, 0x00, 0xff, 0xf0, 0x0f, 0x00, 0xff, 0xff, 0xf0, 0x0f, 0xff, 0x0f, 0x0f, 0xf0, 0xff,
	0x0f, 0xff, 0xf0, 0xf0, 0xff, 0x0f, 0xf0, 0x0f, 0x0f, 0xf0, 0xff, 0xff, 0xff, 0x0f, 0x0f, 0x0f,
	0x0f, 0xff, 0xff, 0xf0, 0x0f, 0xff, 0xf0, 0xff, 0x0f, 0xff, 0x0f, 0x0f, 0xff, 0xf0, 0xf0, 0xf0,
	0xf0, 0x0f, 0x0f, 0x0f, 0xff, 0xf0, 0xf0, 0xf0, 0xf0, 0xf0, 0x0f, 0xf0, 0x00, 0x0f, 0x0f, 0xf0,
	0xff, 0xff, 0xf0, 0xff, 0xf0, 0x0f, 0xf0, 0xff, 0xff, 0xf0, 0xf0, 0x0f, 0xff, 0xf0, 0xf0, 0xf0,
	0xff, 0xff, 0xf0, 0x00, 0xf0, 0xff, 0x0f, 0x0f, 0xf0, 0x0f, 0xf0, 0xff, 0xff, 0x0f, 0xf0, 0xff,
	0xff, 0xff, 0xff, 0xff, 0xff, 0xff, 0xff, 0xff, 0xff, 0xff, 0xff, 0xff, 0xff, 0xff, 0xff, 0xff,
	0xff, 0xff, 0xff, 0xff, 0xff, 0xff, 0xff, 0xff, 0xff, 0xff, 0xff, 0xff, 0xff, 0xff, 0xff, 0xff,
	0xff, 0xff, 0xff, 0xff, 0xff, 0xff, 0xff, 0xff, 0xff, 0xff, 0xff, 0xff, 0xff, 0xff, 0xff, 0xff,
	0xff, 0xff, 0xff, 0xff, 0xff, 0xff, 0xff, 0xff, 0xff, 0xff, 0xff, 0xff, 0xff, 0xff, 0xff, 0xff,
	0xff, 0xff, 0xff, 0xff, 0xff, 0xff, 0xff, 0xff, 0xff, 0xff, 0xff, 0xff, 0xff, 0xff, 0xff, 0xff,
	0xff, 0xff, 0xff, 0xff, 0xff, 0xff, 0xff, 0xff, 0xff, 0xff, 0xff, 0xff, 0xff, 0xff, 0xff, 0xff,
	0xff, 0xff, 0xff, 0xff, 0xff, 0xff, 0xff, 0xff, 0xff, 0xff, 0xff, 0xff, 0xff, 0xff, 0xff, 0xff,
	0xff, 0xff, 0xff, 0xff, 0xff, 0xff, 0xff, 0xff, 0xff, 0xff, 0xff, 0xff, 0xff, 0xff, 0xff, 0xff,
	0xff, 0xff, 0xff, 0xff, 0xff, 0xff, 0xff, 0xff, 0xff, 0xff, 0xff, 0xff, 0xff, 0xff, 0xff, 0xff,
	0xff, 0xff, 0xff, 0xff, 0xff, 0xff, 0xff, 0xff, 0xff, 0xff, 0xff, 0xff, 0xff, 0xff, 0xff, 0xff,
	0xff, 0xff, 0xff, 0xff, 0xff, 0xff, 0xff, 0xff, 0xff, 0xff, 0xff, 0xff, 0xff, 0xff, 0xff, 0xff,
	0xff, 0xff, 0xff, 0xff, 0xff, 0xff, 0xff, 0xff, 0xff, 0xff, 0xff, 0xff, 0xff, 0xff, 0xff, 0xff,
	0xff, 0xff, 0xff, 0xff, 0xff, 0xff, 0xff, 0xff, 0xff, 0xff, 0xff, 0xff, 0xff, 0xff, 0xff, 0xff,
	0xff, 0xff, 0xff, 0xff, 0xff, 0xff, 0xff, 0xff, 0xff, 0xff, 0xff, 0xff, 0xff, 0xff, 0xff, 0xff,
	0xff, 0xff, 0xff, 0xff, 0xff, 0xff, 0xff, 0xff, 0xff, 0xff, 0xff, 0xff, 0xff, 0xff, 0xff, 0xff,
	0xff, 0xff, 0xff, 0xff, 0xff, 0xff, 0xff, 0xff, 0xff, 0xff, 0xff, 0xff, 0xff, 0xff, 0xff, 0xff,
	0xff, 0xff, 0xff, 0xff, 0xff, 0xff, 0xff, 0xff, 0xff, 0xff, 0xff, 0xff, 0xff, 0xff, 0xff, 0xff,
	0xff, 0xff, 0xff, 0xff, 0xff, 0xff, 0xff, 0xff, 0xff, 0xff, 0xff, 0xff, 0xff, 0xff, 0xff, 0xff,
	0xff, 0xff, 0xff, 0xff, 0xff, 0xff, 0xff, 0xff, 0xff, 0xff, 0xff, 0xff, 0xff, 0xff, 0xff, 0xff,
	0xff, 0xff, 0xff, 0xff, 0xff, 0xff, 0xff, 0xff, 0xff, 0xff, 0xff, 0xff, 0xff, 0xff, 0xff, 0xff,
	0x00, 0x00, 0x00, 0x00, 0x00, 0x00, 0x00, 0x00, 0x00, 0x00, 0x00, 0x00, 0x00, 0x00, 0x00, 0x00,
	0x00, 0x00, 0x00, 0x00, 0x00, 0x00, 0x00, 0x00, 0x00, 0x00, 0x00, 0x00, 0x00, 0x00, 0x00, 0x00,
	0x00, 0x00, 0x00, 0x00, 0x00, 0x00, 0x00, 0x00, 0x00, 0x00, 0x00, 0x00, 0x00, 0x00, 0x00, 0x00,
	0x00, 0x00, 0x00, 0x00, 0x00, 0x00, 0x00, 0x00, 0x00, 0x00, 0x00, 0x00, 0x00, 0x00, 0x00, 0x00,
	0x00, 0x00, 0x00, 0x00, 0x00, 0x00, 0x00, 0x00, 0x00, 0x00, 0x00, 0x00, 0x00, 0x00, 0x00, 0x00,
	0x00, 0x00, 0x00, 0x00, 0x00, 0x00, 0x00, 0x00, 0x00, 0x00, 0x00, 0x00, 0x00, 0x00, 0x00, 0x00,
	0x00, 0x00, 0x00, 0x00, 0x00, 0x00, 0x00, 0x00, 0x00, 0x00, 0x00, 0x00, 0x00, 0x00, 0x00, 0x00,
	0x00, 0x00, 0x00, 0x00, 0x00, 0x00, 0x00, 0x00, 0x00, 0x00, 0x00, 0x00, 0x00, 0x00, 0x00, 0x00,
	0x00, 0x00, 0x00, 0x00, 0x00, 0x00, 0x00, 0x00, 0x00, 0x00, 0x00, 0x00, 0x00, 0x00, 0x00, 0x00,
	0x00, 0x00, 0x00, 0x00, 0x00, 0x00, 0x00, 0x00, 0x00, 0x00, 0x00, 0x00, 0x00, 0x00, 0x00, 0x00,
	0x00, 0x00, 0x00, 0x00, 0x00, 0x00, 0x00, 0x00, 0x00, 0x00, 0x00, 0x00, 0x00, 0x00, 0x00, 0x00,
	0x00, 0x00, 0x00, 0x00, 0x00, 0x00, 0x00, 0x00, 0x00, 0x00, 0x00, 0x00, 0x00, 0x00, 0x00, 0x00,
	0x00, 0x00, 0x00, 0x00, 0x00, 0x00, 0x00, 0x00, 0x00, 0x00, 0x00, 0x00, 0x00, 0x00, 0x00, 0x00,
	0x00, 0x00, 0x00, 0x00, 0x00, 0x00, 0x00, 0x00, 0x00, 0x00, 0x00, 0x00, 0x00, 0x00, 0x00, 0x00,
	0x00, 0x00, 0x00, 0x00, 0x00, 0x00, 0x00, 0x00, 0x00, 0x00, 0x00, 0x00, 0x00, 0x00, 0x00, 0x00,
	0x00, 0x00, 0x00, 0x00, 0x00, 0x00, 0x00, 0x00, 0x00, 0x00, 0x00, 0x00, 0x00, 0x00, 0x00, 0x00,
	0x00, 0x00, 0x00, 0x00, 0x00, 0x00, 0x00, 0x00, 0x00, 0x00, 0x00, 0x00, 0x00, 0x00, 0x00, 0x00,
	0x00, 0x00, 0x00, 0x00, 0x00, 0x00, 0x00, 0x00, 0x00, 0x00, 0x00, 0x00, 0x00, 0x00, 0x00, 0x00,
	0x00, 0x00, 0x00, 0x00, 0x00, 0x00, 0x00, 0x00, 0x00, 0x00, 0x00, 0x00, 0x00, 0x00, 0x00, 0x00,
	0x00, 0x00, 0x00, 0x00, 0x00, 0x00, 0x00, 0x00, 0x00, 0x00, 0x00, 0x00, 0x00, 0x00, 0x00, 0x00,
	0x00, 0x00, 0x00, 0xff, 0x0f, 0xf0, 0x00, 0x00, 0xff, 0x00, 0x00, 0x00, 0x00, 0x00, 0x00, 0x00,
	0xff, 0x00, 0xf0, 0x00, 0x00, 0x00, 0x00, 0x00, 0x00, 0x00, 0x00, 0xff, 0xff, 0x00, 0x00, 0x00,
	0x00, 0x00, 0xf0, 0x00, 0x00, 0x00, 0xff, 0x00, 0x00, 0x00, 0x00, 0xf0, 0x00, 0x00, 0xf0, 0x0f,
	0x00, 0xff, 0x00, 0x00, 0x00, 0x00, 0x00, 0x00, 0x00, 0xf0, 0x00, 0x00, 0x00, 0xff, 0x00, 0x00,
	0x00, 0x00, 0x00, 0x00, 0x00, 0x00, 0x00, 0x00, 0x00, 0x00, 0x00, 0x00, 0x00, 0x00, 0x00, 0x00,
	0x00, 0x00, 0x00, 0x00, 0x00, 0x00, 0x00, 0x0f, 0x00, 0x00, 0x00, 0x00, 0x00, 0x00, 0x00, 0x00,
	0x00, 0x00, 0x00, 0x00, 0x00, 0x00, 0x00, 0xf0, 0x00, 0x0f, 0xff, 0x00, 0x00, 0xf0, 0x00, 0x0f,
	0x0f, 0x00, 0x00, 0xf0, 0x00, 0x00, 0xff, 0x00, 0xf0, 0x00, 0x00, 0x00, 0xff, 0xf0, 0x00, 0x00,
	0x00, 0x00, 0x00, 0x00, 0x00, 0x00, 0x0f, 0x00, 0x00, 0x00, 0x00, 0x00, 0x00, 0x0f, 0x00, 0x00,
	0x00, 0x0f, 0x00, 0x00, 0x00, 0x00, 0x00, 0x00, 0xff, 0x00, 0x00, 0x00, 0x00, 0x00, 0x00, 0x00,
	0x00, 0x00, 0x00, 0xff, 0x00, 0x00, 0x00, 0x00, 0x00, 0x00, 0x00, 0x00, 0x00, 0x00, 0x00, 0x00,
	0x00, 0x00, 0xff, 0x00, 0xf0, 0x00, 0x00, 0x00, 0x00, 0x00, 0x00, 0xf0, 0x00, 0x00, 0x00, 0x00,
	0x00, 0x00, 0x00, 0x00, 0x00, 0x00, 0xff, 0x00, 0x00, 0x00, 0x0f, 0xf0, 0x00, 0x0f, 0xf0, 0x00,
	0x00, 0x00, 0x00, 0x00, 0xff, 0x00, 0x00, 0x00, 0x00, 0x00, 0x00, 0xf0, 0xff, 0x00, 0x0f, 0x00,
	0x00, 0x00, 0x00, 0xf0, 0xf0, 0x00, 0x0f, 0x00, 0x00, 0x00, 0x00, 0x00, 0xff, 0x00, 0x00, 0x00,
	0x00, 0x00, 0x0f, 0x00, 0x00, 0x00, 0x0f, 0x00, 0xf0, 0xf0, 0x00, 0x0f, 0xff, 0x00, 0x00, 0x00,
	0x00, 0x00, 0x00, 0x00, 0x00, 0xff, 0x00, 0x00, 0x00, 0x00, 0x00, 0xf0, 0x00, 0x00, 0xff, 0x00,
	0x00, 0x00, 0x00, 0x00, 0x00, 0x00, 0x00, 0x0f, 0xff, 0x00, 0xff, 0x00, 0x00, 0x00, 0x00, 0x00,
	0x00, 0x00, 0x00, 0x00, 0x00, 0x00, 0x00, 0x00, 0x0f, 0x00, 0x00, 0x00, 0x00, 0x00, 0x00, 0x00,
	0x00, 0x00, 0x00, 0x00, 0x00, 0x00, 0x00, 0x00, 0x00, 0x0f, 0x00, 0xf0, 0x00, 0x00, 0x00, 0x00,
	0xff, 0xf0, 0xff, 0x00, 0x00, 0xf0, 0x00, 0x00, 0x00, 0xf0, 0xf0, 0x00, 0x0f, 0x00, 0x00, 0x0f,
	0x00, 0x00, 0x00, 0xff, 0xff, 0x00, 0x00, 0xff, 0x0f, 0x00, 0x00, 0x00, 0xf0, 0x00, 0x00, 0x0f,
	0x00, 0x0f, 0x00, 0xff, 0x0f, 0x00, 0x00, 0x00, 0xff, 0x00, 0xff, 0x0f, 0xf0, 0x00, 0x00, 0x00,
	0x00, 0x00, 0x00, 0xff, 0x00, 0xff, 0xf0, 0xff, 0x00, 0xf0, 0x0f, 0x00, 0xf0, 0x00, 0x0f, 0x0f,
	0xff, 0xf0, 0x00, 0x00, 0x00, 0x00, 0xf0, 0xf0, 0x00, 0x00, 0xff, 0x00, 0x00, 0x00, 0x00, 0xff,
	0x00, 0x00, 0xff, 0x0f, 0x0f, 0x00, 0x00, 0x00, 0x00, 0x00, 0x00, 0x00, 0x00, 0x00, 0x00, 0x00,
	0x00, 0x00, 0xf0, 0x00, 0x00, 0xff, 0x00, 0x00, 0x00, 0x00, 0x00, 0x00, 0x0f, 0x00, 0x00, 0xf0,
	0x00, 0x00, 0x00, 0x00, 0x00, 0x00, 0x00, 0x00, 0x00, 0x00, 0x00, 0xff, 0x00, 0xf0, 0x00, 0x00,
	0xff, 0x00, 0x00, 0x00, 0x00, 0x00, 0x00, 0x0f, 0x00, 0x00, 0x00, 0x00, 0x00, 0x00, 0x00, 0x00,
	0x0f, 0x00, 0x00, 0x0f, 0x00, 0x00, 0x00, 0x00, 0xf0, 0xff, 0xf0, 0x00, 0xff, 0xf0, 0x00, 0x00,
	0xff, 0x00, 0x0f, 0xf0, 0x00, 0x0f, 0xff, 0x00, 0x00, 0x00, 0xf0, 0x0f, 0xf0, 0xf0, 0x00, 0x0f,
	0x00, 0x00, 0x00, 0x00, 0x00, 0x00, 0x0f, 0x00, 0x00, 0xf0, 0x00, 0x00, 0x00, 0x00, 0x00, 0x00,
	0x00, 0x00, 0x0f, 0x00, 0x0f, 0xf0, 0xff, 0xff, 0xff, 0x00, 0x00, 0x00, 0xff, 0x00, 0x00, 0x00,
	0x00, 0x00, 0x0f, 0x0f, 0xff, 0x0f, 0x00, 0x00, 0xf0, 0xff, 0x0f, 0x00, 0x00, 0x00, 0x0f, 0x00,
	0x0f, 0x00, 0x00, 0x00, 0xff, 0xff, 0x00, 0x00, 0x0f, 0x00, 0x00, 0x00, 0x0f, 0x00, 0xff, 0x00,
	0xff, 0xf0, 0x00, 0xff, 0xf0, 0x0f, 0x00, 0x00, 0x00, 0xf0, 0x00, 0x00, 0x00, 0x00, 0xf0, 0x0f,
	0x00, 0x00, 0x0f, 0x00, 0x00, 0x00, 0xff, 0x00, 0x00, 0x00, 0xff, 0x00, 0x00, 0x00, 0x00, 0x00,
	0xf0, 0x00, 0x00, 0x0f, 0x00, 0x0f, 0xf0, 0xf0, 0x00, 0x00, 0xff, 0x00, 0x00, 0xf0, 0x00, 0x00,
	0xf0, 0x0f, 0x00, 0x0f, 0xff, 0x00, 0x00, 0x00, 0x0f, 0x00, 0x0f, 0x00, 0x00, 0x00, 0x00, 0xf0,
	0x00, 0x00, 0x00, 0xf0, 0xff, 0x0f, 0xff, 0x00, 0x00, 0x00, 0xf0, 0x00, 0x0f, 0xf0, 0x00, 0xf0,
	0x0f, 0x00, 0x00, 0xff, 0xff, 0xf0, 0xf0, 0x0f, 0x0f, 0x00, 0xf0, 0x00, 0x0f, 0xf0, 0x00, 0x0f,
	0x00, 0x00, 0x00, 0xff, 0x00, 0x00, 0x00, 0xf0, 0x00, 0xf0, 0x00, 0x00, 0xf0, 0xff, 0x00, 0xff,
	0x0f, 0x00, 0x00, 0x00, 0xf0, 0x00, 0x0f, 0x00, 0x00, 0x00, 0x00, 0xf0, 0x0f, 0x00, 0x0f, 0xf0,
	0x00, 0x00, 0x00, 0x00, 0x00, 0x0f, 0x00, 0xf0, 0xf0, 0x00, 0xff, 0x00, 0xf0, 0x00, 0x00, 0x00,
	0xf0, 0xff, 0x00, 0x00, 0x00, 0x00, 0x00, 0xf0, 0xff, 0x0f, 0x0f, 0x0f, 0xff, 0x00, 0xff, 0x0f,
	0x00, 0xff, 0x00, 0x00, 0xff, 0x0f, 0x0f, 0x00, 0xff, 0x00, 0x00, 0xff, 0x00, 0x00, 0x00, 0x00,
	0x00, 0xf0, 0x00, 0x0f, 0xf0, 0x00, 0x0f, 0x00, 0x00, 0x0f, 0xf0, 0x00, 0x00, 0x00, 0xff, 0x00,
	0x00, 0xf0, 0x00, 0xff, 0xff, 0x00, 0x00, 0x00, 0x00, 0x00, 0x00, 0x00, 0x00, 0xff, 0xf0, 0x00,
	0x00, 0x00, 0x00, 0x00, 0x00, 0x0f, 0x00, 0x00, 0x00, 0x00, 0x00, 0x00, 0xff, 0x00, 0x00, 0x0f,
	0x00, 0x00, 0x00, 0xff, 0x00, 0xf0, 0xf0, 0x00, 0x00, 0x00, 0xf0, 0xf0, 0x00, 0xf0, 0xf0, 0x0f,
	0x00, 0x00, 0xf0, 0x00, 0xff, 0xf0, 0x0f, 0x00, 0xf0, 0xf0, 0x00, 0x00, 0xff, 0xf0, 0x0f, 0x00,
	0xf0, 0x0f, 0x00, 0xff, 0xf0, 0x0f, 0x00, 0xff, 0x0f, 0xf0, 0xf0, 0x00, 0xf0, 0xf0, 0x00, 0x00,
	0xff, 0x0f, 0xff, 0x00, 0xf0, 0x00, 0x00, 0xf0, 0x0f, 0x00, 0x00, 0x00, 0xf0, 0xff, 0x00, 0x00,
	0x00, 0x00, 0xff, 0x00, 0x00, 0x00, 0x00, 0x0f, 0xf0, 0xf0, 0xff, 0x00, 0x00, 0x00, 0x0f, 0x00,
	0x00, 0x00, 0x00, 0x00, 0xff, 0x00, 0x00, 0x0f, 0x00, 0x00, 0x00, 0x00, 0xff, 0xf0, 0x0f, 0x00,
	0x00, 0xff, 0x00, 0x00, 0x00, 0xff, 0xf0, 0xff, 0x00, 0xf0, 0x00, 0x00, 0x00, 0xf0, 0xff, 0x00,
	0x00, 0x0f, 0xf0, 0xff, 0x00, 0x00, 0x00, 0xff, 0x00, 0xff, 0xf0, 0xf0, 0xf0, 0x00, 0x00, 0xff,
	0xf0, 0xff, 0x00, 0xf0, 0xff, 0x00, 0x0f, 0x00, 0x00, 0x00, 0xf0, 0x0f, 0x00, 0xf0, 0x00, 0xff,
	0x00, 0x0f, 0xf0, 0xf0, 0xff, 0x00, 0x00, 0xf0, 0xff, 0x00, 0x0f, 0x00, 0x0f, 0x00, 0xf0, 0x00,
	0xf0, 0xf0, 0x00, 0xff, 0xff, 0x00, 0x00, 0xf0, 0x00, 0xff, 0xff, 0x00, 0x0f, 0x00, 0xff, 0x00,
	0x00, 0x00, 0x00, 0xff, 0xf0, 0x00, 0xff, 0x0f, 0x0f, 0x0f, 0x00, 0xff, 0x0f, 0xf0, 0x0f, 0xff,
	0x00, 0xff, 0x00, 0x0f, 0x0f, 0xff, 0xff, 0x00, 0x0f, 0xff, 0x00, 0xff, 0x00, 0xf0, 0x00, 0x00,
	0x00, 0xff, 0x00, 0xff, 0xff, 0xff, 0x00, 0xf0, 0x0f, 0x00, 0x0f, 0xf0, 0x0f, 0x00, 0x0f, 0x00,
	0xf0, 0xff, 0x0f, 0xff, 0xff, 0xf0, 0x0f, 0x00, 0x00, 0x00, 0x0f, 0xf0, 0x00, 0xf0, 0xff, 0xff,
	0x00, 0x0f, 0x00, 0x00, 0x00, 0x00, 0x0f, 0x0f, 0x0f, 0x0f, 0xf0, 0xff, 0x00, 0x0f, 0x0f, 0xf0,
	0x0f, 0x00, 0x0f, 0x0f, 0x00, 0x00, 0xff, 0xff, 0xf0, 0x0f, 0xff, 0x00, 0x00, 0xff, 0x00, 0xff,
	0x00, 0x0f, 0xff, 0xf0, 0x00, 0xf0, 0xff, 0x00, 0xf0, 0xff, 0x0f, 0xff, 0x0f, 0x0f, 0xf0, 0xf0,
	0x00, 0xf0, 0xff, 0x00, 0xf0, 0xff, 0x00, 0xf0, 0xf0, 0x0f, 0xf0, 0x0f, 0xff, 0x0f, 0x0f, 0x00,
	0x0f, 0xff, 0x00, 0xf0, 0xff, 0x0f, 0xf0, 0x00, 0xff, 0xf0, 0xf0, 0x00, 0x0f, 0x0f, 0x0f, 0x00,
	0x0f, 0x0f, 0xff, 0x00, 0xf0, 0x0f, 0x0f, 0x00, 0xff, 0x00, 0x0f, 0xf0, 0xf0, 0x0f, 0xf0, 0x00,
	0xf0, 0x0f, 0x00, 0x00, 0xff, 0x00, 0x00, 0xff, 0x00, 0xff, 0x0f, 0xf0, 0x00, 0x00, 0xf0, 0xf0,
	0x00, 0xf0, 0x00, 0xf0, 0x0f, 0x00, 0x00, 0xf0, 0x00, 0xf0, 0x00, 0x0f, 0xff, 0x0f, 0x00, 0xf0,
	0x0f, 0xf0, 0xf0, 0x0f, 0x0f, 0xff, 0x00, 0xf0, 0xff, 0xff, 0x00, 0x00, 0xff, 0x0f, 0x00, 0x00,
	0xff, 0x0f, 0x00, 0x0f, 0xf0, 0x00, 0x0f, 0x00, 0xf0, 0x00, 0xf0, 0x0f, 0x0f, 0xf0, 0x0f, 0x0f,
	0xff, 0xff, 0xff, 0xff, 0xff, 0xf0, 0xff, 0xf0, 0x00, 0xff, 0x00, 0xff, 0xf0, 0xff, 0xff, 0x00,
	0xff, 0x0f, 0x00, 0x0f, 0x0f, 0xff, 0xff, 0xf0, 0x0f, 0x00, 0xf0, 0x00, 0x00, 0xf0, 0x0f, 0x00,
	0xff, 0xff, 0xff, 0xff, 0xff, 0xf0, 0xff, 0x0f, 0xf0, 0xff, 0x00, 0x0f, 0xff, 0xff, 0x0f, 0x00,
	0xf0, 0xff, 0x00, 0x00, 0xf0, 0x00, 0xf0, 0x0f, 0x00, 0x0f, 0x00, 0x00, 0xff, 0xf0, 0xf0, 0xff,
	0xf0, 0xf0, 0xff, 0x00, 0x00, 0x0f, 0x00, 0xf0, 0x0f, 0xff, 0x00, 0x0f, 0xff, 0xf0, 0x00, 0x0f,
	0xf0, 0x0f, 0x00, 0xf0, 0x00, 0x0f, 0x00, 0x00, 0xff, 0x00, 0x00, 0x0f, 0x00, 0xff, 0xff, 0x0f,
	0xff, 0xff, 0xff, 0xf0, 0x0f, 0xff, 0xf0, 0x0f, 0x0f, 0xff, 0xf0, 0xf0, 0xf0, 0x0f, 0xf0, 0xf0,
	0xf0, 0x0f, 0xff, 0xf0, 0xff, 0x0f, 0xf0, 0xf0, 0xf0, 0xf0, 0xf0, 0xf0, 0xf0, 0xff, 0xff, 0x0f,
	0x00, 0x0f, 0x0f, 0xf0, 0xff, 0xff, 0x00, 0x0f, 0xff, 0xf0, 0xff, 0xff, 0xf0, 0xf0, 0xf0, 0x0f,
	0xff, 0xff, 0xf0, 0x0f, 0xf0, 0xff, 0xff, 0x0f, 0x0f, 0xf0, 0xf0, 0xff, 0xff, 0xf0, 0xf0, 0xff,
	0xff, 0xf0, 0x0f, 0xf0, 0xf0, 0x0f, 0x0f, 0xf0, 0x0f, 0xff, 0x00, 0x00, 0xf0, 0xff, 0xff, 0x0f,
	0xf0, 0xff, 0x0f, 0x00, 0x0f, 0xf0, 0xf0, 0x0f, 0xf0, 0xff, 0x0f, 0xf0, 0x00, 0xff, 0x00, 0xf0,
	0xff, 0xff, 0xff, 0x00, 0xf0, 0x00, 0xff, 0xf0, 0xf0, 0xf0, 0x0f, 0xff, 0x00, 0xf0, 0xf0, 0x0f,
	0xff, 0xff, 0x0f, 0xf0, 0xf0, 0x0f, 0xf0, 0xf0, 0xff, 0xf0, 0xf0, 0x0f, 0x00, 0x00, 0x0f, 0xff,
	0x0f, 0xf0, 0xff, 0x00, 0x0f, 0x0f, 0xff, 0xf0, 0xf0, 0xff, 0xf0, 0x00, 0xf0, 0xff, 0x00, 0xf0,
	0x00, 0xff, 0xff, 0xf0, 0x00, 0x0f, 0xf0, 0xff, 0xf0, 0xf0, 0x0f, 0xff, 0xff, 0x0f, 0x00, 0xf0,
	0xf0, 0xff, 0x0f, 0x00, 0xf0, 0xff, 0x0f, 0xff, 0x0f, 0x0f, 0xff, 0xf0, 0x00, 0xf0, 0xff, 0x00,
	0x0f, 0xff, 0xf0, 0x0f, 0xff, 0xff, 0x0f, 0x0f, 0xff, 0x0f, 0xff, 0xf0, 0xf0, 0x00, 0x0f, 0x0f,
	0x0f, 0x0f, 0xf0, 0x0f, 0xf0, 0xff, 0xf0, 0xf0, 0xff, 0xf0, 0xf0, 0x0f, 0x0f, 0xff, 0x0f, 0xff,
	0xff, 0xff, 0xff, 0xf0, 0x00, 0x00, 0xf0, 0x00, 0xf0, 0x0f, 0xff, 0x00, 0x0f, 0x00, 0xf0, 0x0f,
	0x0f, 0xff, 0xff, 0x0f, 0xf0, 0x0f, 0x0f, 0x00, 0xf0, 0x0f, 0xf0, 0x0f, 0x0f, 0x00, 0x0f, 0xff,
	0x0f, 0xf0, 0xff, 0xf0, 0x00, 0xf0, 0xf0, 0xff, 0xff, 0xff, 0xf0, 0xf0, 0xff, 0x0f, 0xf0, 0xff,
	0x0f, 0xf0, 0xff, 0xf0, 0x00, 0xf0, 0xf0, 0x0f, 0x0f, 0xf0, 0x0f, 0x0f, 0x00, 0xff, 0xf0, 0xf0,
	0x0f, 0x0f, 0xff, 0xff, 0x00, 0xf0, 0xf0, 0xf0, 0xf0, 0x0f, 0xf0, 0xf0, 0xff, 0x0f, 0xff, 0x0f,
	0xf0, 0x0f, 0x0f, 0x00, 0x0f, 0x00, 0x0f, 0xf0, 0x00, 0x0f, 0xf0, 0x00, 0xff, 0xff, 0x0f, 0xf0,
	0xff, 0xff, 0x00, 0xff, 0x00, 0xf0, 0xf0, 0xff, 0xff, 0x0f, 0x0f, 0x0f, 0x00, 0xf0, 0x0f, 0xf0,
	0xff, 0x0f, 0xff, 0xf0, 0xff, 0xff, 0xff, 0xff, 0xf0, 0xff, 0xff, 0x0f, 0x0f, 0xff, 0xff, 0xf0,
	0xf0, 0x0f, 0xff, 0xff, 0x00, 0xf0, 0xff, 0x0f, 0x0f, 0xff, 0xff, 0xf0, 0x0f, 0xf0, 0xff, 0x0f,
	0xff, 0xf0, 0xf0, 0xff, 0x0f, 0x0f, 0xf0, 0xff, 0xff, 0x0f, 0xf0, 0x0f, 0x0f, 0xff, 0x0f, 0x0f,
	0xff, 0xf0, 0xf0, 0x0f, 0xf0, 0x00, 0xf0, 0xff, 0xff, 0x0f, 0xff, 0x0f, 0xff, 0xff, 0xff, 0xff,
	0xff, 0xff, 0xff, 0xff, 0xff, 0xff, 0xff, 0xff, 0x0f, 0x0f, 0xf0, 0x0f, 0xf0, 0x0f, 0xf0, 0xf0,
	0x00, 0x0f, 0x0f, 0xf0, 0xff, 0xff, 0x0f, 0xff, 0xff, 0xf0, 0xff, 0x0f, 0x0f, 0xf0, 0xf0, 0xf0,
	0xff, 0x00, 0xff, 0xff, 0xff, 0xf0, 0x0f, 0xff, 0xf0, 0xf0, 0x0f, 0xff, 0x0f, 0x0f, 0x0f, 0xff,
	0x0f, 0x0f, 0xf0, 0xf0, 0xf0, 0x0f, 0xff, 0xff, 0x0f, 0xf0, 0xff, 0xf0, 0x0f, 0xf0, 0xf0, 0x0f,
	0x0f, 0xff, 0xf0, 0xf0, 0x0f, 0xf0, 0x0f, 0x00, 0xf0, 0x0f, 0x00, 0xf0, 0xff, 0xf0, 0xff, 0xff,
	0x0f, 0xff, 0xf0, 0xff, 0xff, 0xf0, 0x0f, 0xf0, 0x0f, 0xff, 0xf0, 0xf0, 0xf0, 0xff, 0xf0, 0xf0,
	0xff, 0xff, 0xff, 0xff, 0xff, 0x0f, 0xf0, 0xf0, 0xff, 0x0f, 0x0f, 0x0f, 0xf0, 0xff, 0x0f, 0xf0,
	0xf0, 0x00, 0x0f, 0xf0, 0x0f, 0x0f, 0xf0, 0xff, 0xff, 0x0f, 0xff, 0x0f, 0x0f, 0x0f, 0xff, 0xff,
	0xff, 0xf0, 0xff, 0x0f, 0x0f, 0xf0, 0x0f, 0xff, 0x0f, 0xf0, 0xf0, 0x0f, 0xff, 0xf0, 0x0f, 0x0f,
	0xf0, 0xff, 0xff, 0x0f, 0xff, 0xff, 0x0f, 0xff, 0x0f, 0x0f, 0x0f, 0xf0, 0x0f, 0xf0, 0x0f, 0x0f,
	0xf0, 0xff, 0x0f, 0xf0, 0xff, 0xf0, 0x00, 0xf0, 0xf0, 0xf0, 0xff, 0xff, 0xff, 0xf0, 0xff, 0x0f,
	0x0f, 0xff, 0x0f, 0x00, 0x0f, 0x0f, 0x0f, 0xff, 0x0f, 0xf0, 0xff, 0x0f, 0x0f, 0xff, 0xff, 0xff,
	0x0f, 0x0f, 0xff, 0x0f, 0xff, 0xff, 0x0f, 0x0f, 0x0f, 0xff, 0xf0, 0xff, 0xf0, 0xff, 0xf0, 0x0f,
	0xf0, 0xff, 0x0f, 0xff, 0xff, 0xf0, 0xff, 0xff, 0xf0, 0x00, 0xff, 0xf0, 0xf0, 0xff, 0xff, 0xf0,
	0xf0, 0xff, 0xff, 0xff, 0x0f, 0x0f, 0xf0, 0xf0, 0xff, 0xff, 0x0f, 0xf0, 0xf0, 0x0f, 0xf0, 0x0f,
	0xff, 0xf0, 0xff, 0x0f, 0x0f, 0xff, 0xff, 0xf0, 0x0f, 0xff, 0xff, 0xf0, 0xf0, 0xf0, 0xf0, 0xff,
	0xff, 0xff, 0xff, 0xff, 0xff, 0xff, 0xff, 0xff, 0xff, 0xff, 0xff, 0xff, 0xff, 0xff, 0xff, 0xff,
	0xff, 0xff, 0xff, 0xff, 0xff, 0xff, 0xff, 0xff, 0xff, 0xff, 0xff, 0xff, 0xff, 0xff, 0xff, 0xff,
	0xff, 0xff, 0xff, 0xff, 0xff, 0xff, 0xff, 0xff, 0xff, 0xff, 0xff, 0xff, 0xff, 0xff, 0xff, 0xff,
	0xff, 0xff, 0xff, 0xff, 0xff, 0xff, 0xff, 0xff, 0xff, 0xff, 0xff, 0xff, 0xff, 0xff, 0xff, 0xff,
	0xff, 0xff, 0xff, 0xff, 0xff, 0xff, 0xff, 0xff, 0xff, 0xff, 0xff, 0xff, 0xff, 0xff, 0xff, 0xff,
	0xff, 0xff, 0xff, 0xff, 0xff, 0xff, 0xff, 0xff, 0xff, 0xff, 0xff, 0xff, 0xff, 0xff, 0xff, 0xff,
	0xff, 0xff, 0xff, 0xff, 0xff, 0xff, 0xff, 0xff, 0xff, 0xff, 0xff, 0xff, 0xff, 0xff, 0xff, 0xff,
	0xff, 0xff, 0xff, 0xff, 0xff, 0xff, 0xff, 0xff, 0xff, 0xff, 0xff, 0xff, 0xff, 0xff, 0xff, 0xff,
	0xff, 0xff, 0xff, 0xff, 0xff, 0xff, 0xff, 0xff, 0xff, 0xff, 0xff, 0xff, 0xff, 0xff, 0xff, 0xff,
	0xff, 0xff, 0xff, 0xff, 0xff, 0xff, 0xff, 0xff, 0xff, 0xff, 0xff, 0xff, 0xff, 0xff, 0xff, 0xff,
	0xff, 0xff, 0xff, 0xff, 0xff, 0xff, 0xff, 0xff, 0xff, 0xff, 0xff, 0xff, 0xff, 0xff, 0xff, 0xff,
	0xff, 0xff, 0xff, 0xff, 0xff, 0xff, 0xff, 0xff, 0xff, 0xff, 0xff, 0xff, 0xff, 0xff, 0xff, 0xff,
	0xff, 0xff, 0xff, 0xff, 0xff, 0xff, 0xff, 0xff, 0xff, 0xff, 0xff, 0xff, 0xff, 0xff, 0xff, 0xff,
	0xff, 0xff, 0xff, 0xff, 0xff, 0xff, 0xff, 0xff, 0xff, 0xff, 0xff, 0xff, 0xff, 0xff, 0xff, 0xff,
	0xff, 0xff, 0xff, 0xff, 0xff, 0xff, 0xff, 0xff, 0xff, 0xff, 0xff, 0xff, 0xff, 0xff, 0xff, 0xff,
	0xff, 0xff, 0xff, 0xff, 0xff, 0xff, 0xff, 0xff, 0xff, 0xff, 0xff, 0xff, 0xff, 0xff, 0xff, 0xff,
	0xff, 0xff, 0xff, 0xff, 0xff, 0xff, 0xff, 0xff, 0xff, 0xff, 0xff, 0xff, 0xff, 0xff, 0xff, 0xff,
	0xff, 0xff, 0xff, 0xff, 0xff, 0xff, 0xff, 0xff, 0xff, 0xff, 0xff, 0xff, 0xff, 0xff, 0xff, 0xff,
	0xff, 0xff, 0xff, 0xff, 0xff, 0xff, 0xff, 0xff, 0xff, 0xff, 0xff, 0xff, 0xff, 0xff, 0xff, 0xff,
	0xff, 0xff, 0xff, 0xff, 0xff, 0xff, 0xff, 0xff, 0xff, 0xff, 0xff, 0xff, 0xff, 0xff, 0xff, 0xff,
	0x00, 0x00, 0x00, 0x00, 0x00, 0x00, 0x00, 0x00, 0x00, 0x00, 0x00, 0x00, 0x00, 0x00, 0x00, 0x00,
	0x00, 0x00, 0x00, 0x00, 0x00, 0x00, 0x00, 0x00, 0x00, 0x00, 0x00, 0x00, 0x00, 0x00, 0x00, 0x00,
	0x00, 0x00, 0x00, 0x00, 0x00, 0x00, 0x00, 0x00, 0x00, 0x00, 0x00, 0x00, 0x00, 0x00, 0x00, 0x00,
	0x00, 0x00, 0x00, 0x00, 0x00, 0x00, 0x00, 0x00, 0x00, 0x00, 0x00, 0x00, 0x00, 0x00, 0x00, 0x00,
	0x00, 0x00, 0x00, 0x00, 0x00, 0x00, 0x00, 0x00, 0x00, 0x00, 0x00, 0x00, 0x00, 0x00, 0x00, 0x00,
	0x00, 0x00, 0x00, 0x00, 0x00, 0x00, 0x00, 0x00, 0x00, 0x00, 0x00, 0x00, 0x00, 0x00, 0x00, 0x00,
	0x00, 0x00, 0x00, 0x00, 0x00, 0x00, 0x00, 0x00, 0x00, 0x00, 0x00, 0x00, 0x00, 0x00, 0x00, 0x00,
	0x00, 0x00, 0x00, 0x00, 0x00, 0x00, 0x00, 0x00, 0x00, 0x00, 0x00, 0x00, 0x00, 0x00, 0x00, 0x00,
	0x00, 0x00, 0x00, 0x00, 0x00, 0x00, 0x00, 0x00, 0x00, 0x00, 0x00, 0x00, 0x00, 0x00, 0x00, 0x00,
	0x00, 0x00, 0x00, 0x00, 0x00, 0x00, 0x00, 0x00, 0x00, 0x00, 0x00, 0x00, 0x00, 0x00, 0x00, 0x00,
	0x00, 0x00, 0x00, 0x00, 0x00, 0x00, 0x00, 0x00, 0x00, 0x00, 0x00, 0x00, 0x00, 0x00, 0x00, 0x00,
	0x00, 0x00, 0x00, 0x00, 0x00, 0x00, 0x00, 0x00, 0x00, 0x00, 0x00, 0x00, 0x00, 0x00, 0x00, 0x00,
	0x00, 0x00, 0x00, 0x00, 0x00, 0x00, 0x00, 0x00, 0x00, 0x00, 0x00, 0x00, 0x00, 0x00, 0x00, 0x00,
	0x00, 0x00, 0x00, 0x00, 0x00, 0x00, 0x00, 0x00, 0x00, 0x00, 0x00, 0x00, 0x00, 0x00, 0x00, 0x00,
	0x00, 0x00, 0x00, 0x00, 0x00, 0x00, 0x00, 0x00, 0x00, 0x00, 0x00, 0x00, 0x00, 0x00, 0x00, 0x00,
	0x00, 0x00, 0x00, 0x00, 0x00, 0x00, 0x00, 0x00, 0x00, 0x00, 0x00, 0x00, 0x00, 0x00, 0x00, 0x00,
	0x00, 0x00, 0x00, 0x00, 0x00, 0x00, 0x00, 0x00, 0x00, 0x00, 0x00, 0x00, 0x00, 0x00, 0x00, 0x00,
	0x00, 0x00, 0x00, 0x00, 0x00, 0x00, 0x00, 0x00, 0x00, 0x00, 0x00, 0x00, 0x00, 0x00, 0x00, 0x00,
	0x00, 0x00, 0x00, 0x00, 0x00, 0x00, 0x00, 0x00, 0x00, 0x00, 0x00, 0x00, 0x00, 0x00, 0x00, 0x00,
	0x00, 0x00, 0x00, 0x00, 0x00, 0x00, 0x00, 0x00, 0x00, 0x00, 0x00, 0x00, 0x00, 0x00, 0x00, 0x00,
	0x00, 0x00, 0x00, 0x00, 0xf0, 0x00, 0x0f, 0x00, 0x00, 0x00, 0x00, 0x00, 0x00, 0x0f, 0x00, 0x00,
	0x00, 0x00, 0x00, 0x00, 0x00, 0x00, 0x00, 0x00, 0x00, 0x00, 0x00, 0xf0, 0x00, 0x00, 0x00, 0x00,
	0x00, 0x00, 0xf0, 0x00, 0x00, 0x00, 0x00, 0x00, 0x00, 0x00, 0x00, 0x00, 0x00, 0x00, 0x00, 0x00,
	0x00, 0x00, 0x00, 0x00, 0xf0, 0x00, 0x00, 0x00, 0x00, 0x00, 0x00, 0x00, 0xf0, 0x00, 0x00, 0x00,
	0x00, 0x00, 0x00, 0x00, 0xff, 0x00, 0x00, 0x00, 0x00, 0x00, 0x00, 0x00, 0x00, 0x00, 0x0f, 0x00,
	0x00, 0x00, 0x00, 0x00, 0xf0, 0x00, 0x00, 0x00, 0x00, 0x00, 0x00, 0xf0, 0x00, 0x00, 0x00, 0x00,
	0x00, 0x00, 0x00, 0x00, 0x0f, 0x00, 0xf0, 0xff, 0x00, 0x00, 0x00, 0x00, 0x00, 0x00, 0x00, 0x00,
	0x00, 0x00, 0x00, 0x00, 0x00, 0x00, 0x00, 0x00, 0x00, 0x00, 0x00, 0x00, 0x00, 0x00, 0x00, 0x00,
	0x00, 0x00, 0x00, 0x00, 0x00, 0x00, 0x00, 0x00, 0x00, 0x00, 0x00, 0x00, 0x00, 0x00, 0x00, 0x00,
	0x00, 0x00, 0x0f, 0xf0, 0x00, 0x00, 0x0f, 0x00, 0x00, 0x00, 0x00, 0x00, 0x00, 0x00, 0x00, 0x00,
	0x0f, 0x00, 0x00, 0x00, 0x00, 0x00, 0x00, 0x00, 0xf0, 0x00, 0x00, 0x00, 0x00, 0x00, 0x00, 0x00,
	0x00, 0x00, 0x00, 0x00, 0xff, 0x00, 0x00, 0x00, 0x00, 0x00, 0x00, 0x00, 0x00, 0x00, 0x00, 0x00,
	0x00, 0x00, 0x00, 0x00, 0x00, 0x00, 0x00, 0x00, 0x00, 0x00, 0x00, 0x00, 0xff, 0x00, 0x00, 0xff,
	0x0f, 0x0f, 0x00, 0x00, 0x00, 0x00, 0x0f, 0x00, 0x00, 0x00, 0x00, 0x00, 0x00, 0x00, 0x00, 0x00,
	0x00, 0x00, 0x00, 0x00, 0x00, 0x00, 0x00, 0xf0, 0x00, 0x00, 0x00, 0x00, 0x00, 0x00, 0x00, 0x00,
	0x00, 0x00, 0x00, 0x00, 0x0f, 0x00, 0x00, 0x00, 0x00, 0x00, 0x00, 0x00, 0x00, 0x00, 0x00, 0x00,
	0x00, 0x00, 0x00, 0x00, 0x00, 0x00, 0x00, 0x00, 0x00, 0x00, 0x00, 0x00, 0x00, 0x00, 0x00, 0x00,
	0x00, 0x00, 0x00, 0x00, 0x00, 0x00, 0xf0, 0x00, 0x00, 0xff, 0x00, 0x00, 0x00, 0xff, 0xff, 0x00,
	0x00, 0x00, 0x00, 0x00, 0x00, 0x00, 0x00, 0x00, 0x00, 0x00, 0x00, 0x00, 0x00, 0x00, 0x00, 0x00,
	0x00, 0x00, 0x0f, 0x00, 0x00, 0x00, 0x00, 0x00, 0x0f, 0x00, 0x0f, 0x00, 0x00, 0x00, 0x00, 0x00,
	0x00, 0x00, 0x00, 0x00, 0x00, 0xff, 0x00, 0x00, 0x00, 0x00, 0x00, 0x00, 0x00, 0x00, 0x00, 0x00,
	0x00, 0x00, 0x00, 0x00, 0x00, 0x00, 0x00, 0x00, 0x00, 0x00, 0xff, 0xff, 0x00, 0x00, 0xff, 0x00,
	0x00, 0xff, 0xf0, 0xf0, 0x00, 0x00, 0xff, 0x00, 0x00, 0x00, 0xf0, 0x00, 0xf0, 0x00, 0x00, 0x00,
	0x00, 0x0f, 0x00, 0xff, 0x00, 0x00, 0x00, 0x00, 0x00, 0xff, 0x00, 0x00, 0xf0, 0x00, 0x00, 0x00,
	0x00, 0x00, 0x00, 0x00, 0x00, 0x00, 0x00, 0x00, 0xf0, 0xf0, 0xf0, 0x00, 0x0f, 0x0f, 0xff, 0x00,
	0x0f, 0x00, 0xff, 0xff, 0x00, 0xff, 0xff, 0x00, 0x00, 0x0f, 0x00, 0xff, 0x00, 0x00, 0x0f, 0x00,
	0x00, 0x0f, 0x00, 0x00, 0x00, 0x00, 0x0f, 0x00, 0x00, 0x00, 0x00, 0xff, 0xf0, 0x00, 0x00, 0x0f,
	0x00, 0xff, 0x00, 0x0f, 0x00, 0x00, 0xff, 0x00, 0x00, 0x00, 0x0f, 0x00, 0x00, 0x00, 0x0f, 0x00,
	0x00, 0x00, 0x00, 0x00, 0x00, 0x00, 0x00, 0x00, 0xff, 0x00, 0x00, 0x00, 0xf0, 0x00, 0x00, 0x00,
	0x0f, 0x00, 0xff, 0x0f, 0x00, 0xff, 0x00, 0xf0, 0x00, 0xff, 0xf0, 0xff, 0x0f, 0x00, 0x00, 0x00,
	0x0f, 0xf0, 0x00, 0xf0, 0x00, 0x00, 0x00, 0x00, 0x00, 0x00, 0x00, 0xf0, 0xf0, 0x00, 0xf0, 0x00,
	0x00, 0x00, 0x00, 0x00, 0xf0, 0xf0, 0xff, 0xf0, 0x0f, 0x0f, 0xf0, 0xf0, 0x00, 0x00, 0xf0, 0x00,
	0x00, 0x00, 0x00, 0x00, 0xff, 0x00, 0xf0, 0x00, 0x00, 0x00, 0x00, 0x00, 0x00, 0x00, 0x0f, 0x00,
	0x0f, 0x00, 0x00, 0x00, 0x00, 0x00, 0x00, 0xff, 0x00, 0x00, 0x00, 0x00, 0x00, 0xf0, 0xf0, 0x0f,
	0xff, 0x00, 0x00, 0xf0, 0x00, 0x00, 0xff, 0xf0, 0x00, 0xf0, 0x00, 0x00, 0x0f, 0x00, 0x00, 0x0f,
	0x0f, 0xff, 0x00, 0x00, 0x00, 0x00, 0x00, 0x00, 0x0f, 0x0f, 0xf0, 0x00, 0x00, 0x00, 0x0f, 0x00,
	0x00, 0x00, 0xf0, 0x00, 0x00, 0x00, 0xf0, 0x00, 0x00, 0x00, 0xff, 0x00, 0x0f, 0x00, 0x00, 0x00,
	0x00, 0x00, 0xff, 0x0f, 0x00, 0x00, 0x00, 0x00, 0x00, 0xff, 0x00, 0x00, 0xf0, 0x00, 0x00, 0x00,
	0x00, 0x00, 0x00, 0x00, 0x00, 0xf0, 0x00, 0x00, 0x00, 0x00, 0xf0, 0xf0, 0x00, 0x00, 0x0f, 0xf0,
	0x00, 0x00, 0x00, 0x00, 0x00, 0x00, 0xf0, 0x00, 0x00, 0x00, 0x00, 0x00, 0x00, 0x00, 0xff, 0x00,
	0x00, 0x00, 0x00, 0xff, 0x00, 0xff, 0xff, 0xf0, 0x00, 0x0f, 0x00, 0xff, 0xff, 0x00, 0x0f, 0xff,
	0x0f, 0xff, 0xff, 0x00, 0xff, 0xff, 0xff, 0xf0, 0x00, 0x0f, 0xff, 0x0f, 0x0f, 0x00, 0xff, 0xff,
	0x00, 0x00, 0xf0, 0x0f, 0x0f, 0x00, 0xf0, 0x00, 0x0f, 0xf0, 0xff, 0xf0, 0xff, 0x00, 0x00, 0x00,
	0x00, 0xf0, 0x00, 0x0f, 0x00, 0xff, 0xf0, 0xf0, 0x00, 0x00, 0x00, 0xf0, 0x0f, 0xff, 0x00, 0x00,
	0xff, 0x0f, 0x0f, 0x00, 0x00, 0x0f, 0x0f, 0x00, 0x00, 0x00, 0x00, 0x0f, 0xf0, 0x00, 0xff, 0xf0,
	0xff, 0x0f, 0x00, 0x00, 0x00, 0xf0, 0xff, 0x00, 0x00, 0x0f, 0x00, 0x0f, 0x00, 0xf0, 0x00, 0x00,
	0x0f, 0x0f, 0x00, 0xff, 0xf0, 0xf0, 0xf0, 0xff, 0xf0, 0x0f, 0x00, 0x0f, 0xff, 0x00, 0x00, 0x00,
	0x00, 0x00, 0xf0, 0x00, 0xf0, 0x00, 0x00, 0x0f, 0xf0, 0xff, 0x00, 0xf0, 0xff, 0x00, 0x0f, 0x00,
	0x0f, 0xff, 0x00, 0x00, 0xff, 0x00, 0x00, 0x0f, 0x0f, 0x00, 0xff, 0x0f, 0x0f, 0x00, 0x00, 0x00,
	0x00, 0xf0, 0x0f, 0x0f, 0x00, 0x00, 0x0f, 0x0f, 0x00, 0x0f, 0x00, 0xf0, 0x0f, 0x0f, 0x00, 0x00,
	0x0f, 0x00, 0x00, 0x00, 0x00, 0xf0, 0x00, 0x00, 0x00, 0x00, 0xff, 0x00, 0xf0, 0x00, 0x0f, 0x00,
	0x00, 0x00, 0x00, 0xf0, 0xff, 0x00, 0x00, 0x0f, 0x00, 0xf0, 0x00, 0x0f, 0x00, 0xf0, 0x0f, 0x00,
	0x00, 0x00, 0xf0, 0x00, 0xf0, 0x00, 0x0f, 0x0f, 0xff, 0xf0, 0x00, 0x00, 0xf0, 0x00, 0xf0, 0x00,
	0x00, 0x00, 0xf0, 0x00, 0x00, 0x00, 0x00, 0xf0, 0x0f, 0x00, 0xff, 0x0f, 0x00, 0x0f, 0xf0, 0x00,
	0xff, 0x0f, 0x0f, 0x00, 0x0f, 0x00, 0x00, 0x0f, 0x00, 0xff, 0x0f, 0x00, 0x00, 0xf0, 0x0f, 0xff,
	0x0f, 0x00, 0xf0, 0xff, 0x0f, 0xf0, 0xff, 0xff, 0x0f, 0xf0, 0x0f, 0xff, 0xff, 0xff, 0xf0, 0xf0,
	0x0f, 0x00, 0xff, 0xf0, 0x0f, 0x00, 0x0f, 0x00, 0xf0, 0xf0, 0x00, 0xf0, 0x0f, 0x0f, 0xff, 0x0f,
	0x0f, 0xf0, 0xf0, 0xff, 0x00, 0x0f, 0x0f, 0x00, 0x0f, 0xf0, 0xf0, 0x00, 0x00, 0x0f, 0xff, 0xf0,
	0x0f, 0xf0, 0xf0, 0x00, 0xf0, 0x00, 0x0f, 0x00, 0xff, 0xf0, 0xff, 0xff, 0xff, 0x0f, 0x00, 0xff,
	0x0f, 0xff, 0xf0, 0xf0, 0xf0, 0x0f, 0x00, 0x00, 0xf0, 0x0f, 0x0f, 0x00, 0x00, 0xff, 0x00, 0xff,
	0x0f, 0x0f, 0xf0, 0xff, 0xf0, 0xff, 0xf0, 0x00, 0x00, 0x00, 0x0f, 0x00, 0xff, 0x00, 0xff, 0x0f,
	0x0f, 0x00, 0xff, 0x0f, 0xff, 0xf0, 0x0f, 0xf0, 0xf0, 0xf0, 0x00, 0xff, 0xff, 0xf0, 0x00, 0xf0,
	0xf0, 0xff, 0xff, 0xff, 0x00, 0x00, 0x0f, 0x0f, 0xf0, 0x0f, 0x0f, 0xff, 0x00, 0x0f, 0xf0, 0x0f,
	0x00, 0xf0, 0xff, 0x0f, 0xf0, 0x0f, 0xff, 0x00, 0xf0, 0x0f, 0xf0, 0xf0, 0x0f, 0x00, 0x00, 0x0f,
	0x00, 0x00, 0x0f, 0xff, 0xf0, 0xff, 0x00, 0x0f, 0x00, 0x0f, 0x00, 0xf0, 0xf0, 0xf0, 0xf0, 0xf0,
	0xf0, 0x00, 0x0f, 0x0f, 0xff, 0x0f, 0xff, 0xff, 0xf0, 0x0f, 0xf0, 0xff, 0xf0, 0x0f, 0xf0, 0x00,
	0xf0, 0xf0, 0x00, 0x00, 0xf0, 0xf0, 0x00, 0xff, 0x0f, 0xff, 0x0f, 0xf0, 0x0f, 0x00, 0xf0, 0x00,
	0x0f, 0xff, 0xff, 0x0f, 0x0f, 0xf0, 0xf0, 0xff, 0xf0, 0x00, 0xff, 0xf0, 0xff, 0xff, 0xff, 0x0f,
	0xff, 0x0f, 0x0f, 0x00, 0x00, 0x0f, 0x0f, 0x00, 0x0f, 0xff, 0xff, 0xf0, 0xff, 0x00, 0xff, 0x00,
	0xff, 0xf0, 0xff, 0x0f, 0x0f, 0x0f, 0xff, 0xff, 0x0f, 0xff, 0xff, 0x0f, 0x00, 0xf0, 0xff, 0x00,
	0xff, 0x0f, 0xff, 0xff, 0xf0, 0x0f, 0xff, 0xff, 0x0f, 0x0f, 0x00, 0xff, 0x0f, 0x00, 0xf0, 0xf0,
	0xf0, 0x00, 0x0f, 0x00, 0x0f, 0x00, 0x00, 0xff, 0x0f, 0xf0, 0xff, 0xf0, 0x00, 0xff, 0xf0, 0x00,
	0xff, 0x0f, 0xff, 0x00, 0xff, 0x0f, 0x0f, 0x00, 0x0f, 0xf0, 0xff, 0x00, 0xff, 0xff, 0xff, 0x00,
	0xff, 0x0f, 0xf0, 0x0f, 0x0f, 0x00, 0xff, 0x0f, 0x00, 0x0f, 0x00, 0x00, 0x00, 0xff, 0x0f, 0xf0,
	0x0f, 0x00, 0x0f, 0xff, 0x0f, 0x00, 0x0f, 0xf0, 0x00, 0xff, 0x00, 0x00, 0xff, 0xff, 0xff, 0xff,
	0x00, 0xff, 0xf0, 0x0f, 0xff, 0x0f, 0x0f, 0x00, 0x0f, 0xf0, 0xff, 0x00, 0x00, 0xff, 0xf0, 0xf0,
	0x00, 0x0f, 0xff, 0xff, 0xff, 0xff, 0xf0, 0xf0, 0xff, 0xf0, 0x00, 0xff, 0x0f, 0xff, 0x00, 0xf0,
	0xf0, 0x00, 0x00, 0x00, 0xff, 0xff, 0xf0, 0x0f, 0x00, 0x0f, 0xf0, 0x0f, 0xff, 0xf0, 0xf0, 0xf0,
	0x00, 0xff, 0xf0, 0xff, 0x00, 0x00, 0x00, 0xf0, 0x0f, 0xff, 0x0f, 0x00, 0x0f, 0xf0, 0x00, 0x00,
	0xf0, 0xff, 0xff, 0x0f, 0x00, 0x00, 0xf0, 0x00, 0x0f, 0xff, 0x00, 0xff, 0x00, 0x0f, 0xf0, 0xff,
	0xf0, 0xff, 0x00, 0xff, 0xf0, 0xff, 0x0f, 0xff, 0x00, 0x0f, 0xf0, 0xf0, 0x00, 0xff, 0x0f, 0xff,
	0x0f, 0x00, 0xff, 0xff, 0xf0, 0x00, 0xff, 0xf0, 0xff, 0xf0, 0x0f, 0x00, 0x0f, 0xf0, 0xff, 0xff,
	0xf0, 0xff, 0xff, 0x0f, 0xff, 0x0f, 0xf0, 0x0f, 0x0f, 0xf0, 0xf0, 0xf0, 0xf0, 0xf0, 0xff, 0x0f,
	0x00, 0xff, 0x0f, 0xff, 0xff, 0xff, 0xff, 0xff, 0x0f, 0xff, 0xff, 0xf0, 0xf0, 0x0f, 0x0f, 0x00,
	0xff, 0xf0, 0xff, 0xff, 0xff, 0xf0, 0x0f, 0x0f, 0x00, 0x0f, 0xf0, 0xff, 0xff, 0x0f, 0x0f, 0x0f,
	0x0f, 0xf0, 0xf0, 0x0f, 0x0f, 0xf0, 0xff, 0xff, 0xf0, 0xf0, 0x00, 0x0f, 0xff, 0x0f, 0xff, 0x0f,
	0xff, 0xf0, 0x00, 0xf0, 0xf0, 0x0f, 0x0f, 0xff, 0xf0, 0xf0, 0xf0, 0xf0, 0xff, 0x0f, 0xff, 0xff,
	0xf0, 0xff, 0xff, 0x0f, 0x0f, 0x0f, 0xff, 0x0f, 0x00, 0xff, 0x0f, 0xff, 0xf0, 0x0f, 0xff, 0x0f,
	0xf0, 0xf0, 0xff, 0xf0, 0x0f, 0x00, 0x0f, 0x0f, 0x0f, 0xf0, 0x00, 0xff, 0xff, 0xf0, 0x0f, 0x0f,
	0x0f, 0x00, 0xf0, 0xf0, 0x0f, 0xf0, 0xff, 0xf0, 0xff, 0x0f, 0x0f, 0xff, 0x0f, 0xf0, 0xff, 0x0f,
	0x0f, 0xf0, 0xff, 0x0f, 0xff, 0xf0, 0xf0, 0x0f, 0x0f, 0xff, 0xf0, 0xff, 0x0f, 0xff, 0x00, 0xff,
	0x0f, 0xf0, 0xf0, 0xf0, 0xff, 0xf0, 0xf0, 0xf0, 0x00, 0x0f, 0xff, 0x0f, 0x0f, 0xff, 0xff, 0xff,
	0xf0, 0xf0, 0x0f, 0x00, 0xff, 0x0f, 0xff, 0xf0, 0x00, 0x0f, 0xff, 0xf0, 0xff, 0x00, 0x0f, 0x00,
	0x0f, 0xf0, 0xff, 0xff, 0xf0, 0xff, 0x0f, 0x0f, 0xff, 0xf0, 0x0f, 0xff, 0xff, 0xff, 0xf0, 0x0f,
	0xff, 0x0f, 0xff, 0x0f, 0xf0, 0xff, 0x00, 0xff, 0xff, 0x0f, 0xf0, 0xff, 0x0f, 0x00, 0xff, 0xf0,
	0xf0, 0xf0, 0x0f, 0x0f, 0x0f, 0xff, 0xf0, 0xff, 0x0f, 0x0f, 0x0f, 0x0f, 0xf0, 0xff, 0x0f, 0x0f,
	0xf0, 0x0f, 0xf0, 0x0f, 0xff, 0xf0, 0xff, 0xf0, 0x0f, 0xff, 0xf0, 0x0f, 0xf0, 0xff, 0x00, 0xf0,
	0x00, 0xf0, 0x0f, 0x00, 0x0f, 0xff, 0xf0, 0x0f, 0x0f, 0xff, 0xff, 0xff, 0x0f, 0xf0, 0x0f, 0x0f,
	0xff, 0xff, 0xf0, 0xff, 0x0f, 0xf0, 0x00, 0xff, 0x0f, 0xf0, 0xff, 0x0f, 0x0f, 0x00, 0x0f, 0xff,
	0xff, 0xf0, 0x0f, 0xff, 0x00, 0xf0, 0x0f, 0xff, 0x00, 0xff, 0xff, 0x0f, 0x0f, 0xf0, 0x0f, 0x0f,
	0xff, 0x0f, 0xf0, 0xf0, 0x0f, 0x0f, 0xff, 0xff, 0xff, 0xff, 0x0f, 0x0f, 0x0f, 0xff, 0x0f, 0xff,
	0x0f, 0x0f, 0xff, 0xf0, 0xf0, 0xff, 0x0f, 0xff, 0x0f, 0x0f, 0xff, 0xf0, 0xf0, 0x0f, 0xf0, 0x0f,
	0xf0, 0xff, 0xf0, 0xf0, 0xf0, 0x0f, 0x0f, 0xf0, 0xf0, 0x0f, 0xf0, 0x0f, 0xf0, 0xf0, 0x0f, 0xf0,
	0xf0, 0xf0, 0xf0, 0xff, 0xf0, 0xf0, 0x0f, 0xf0, 0x0f, 0xf0, 0x0f, 0x0f, 0xff, 0x0f, 0xf0, 0x0f,
	0xff, 0xff, 0x0f, 0x0f, 0xf0, 0xf0, 0xff, 0xff, 0xf0, 0xff, 0x0f, 0xf0, 0xf0, 0x0f, 0xff, 0xff,
	0xff, 0x0f, 0xff, 0xff, 0xf0, 0x0f, 0x0f, 0xff, 0x0f, 0xff, 0xff, 0xff, 0xf0, 0xf0, 0xf0, 0x0f,
	0x0f, 0x0f, 0x0f, 0xff, 0xf0, 0x0f, 0xff, 0xff, 0x0f, 0xf0, 0x0f, 0xff, 0xff, 0x0f, 0xf0, 0xff,
	0xff, 0xff, 0xff, 0xf0, 0xf0, 0xf0, 0xf0, 0xff, 0xf0, 0xf0, 0xf0, 0xf0, 0xff, 0x0f, 0x0f, 0x0f,
	0xff, 0x00, 0xf0, 0xf0, 0xf0, 0xf0, 0xff, 0x0f, 0xff, 0xf0, 0xff, 0xf0, 0xff, 0x0f, 0xff, 0x0f,
	0xf0, 0xff, 0xff, 0xff, 0xf0, 0xf0, 0x0f, 0xf0, 0x0f, 0xff, 0xff, 0x00, 0xf0, 0xf0, 0xff, 0x0f,
	0xf0, 0xf0, 0xf0, 0xff, 0xff, 0xff, 0xf0, 0xf0, 0x0f, 0xf0, 0x0f, 0xff, 0x0f, 0x0f, 0xf0, 0x0f,
	0xf0, 0xff, 0xff, 0x0f, 0xff, 0x0f, 0xf0, 0x00, 0x0f, 0x0f, 0x00, 0xff, 0x0f, 0x0f, 0x0f, 0xf0,
	0x0f, 0x0f, 0x0f, 0xff, 0xf0, 0xf0, 0x0f, 0xf0, 0x0f, 0xff, 0xff, 0xff, 0xff, 0x0f, 0x0f, 0xff,
	0xf0, 0xff, 0xf0, 0x0f, 0xff, 0xff, 0xf0, 0x0f, 0xf0, 0xff, 0xff, 0xf0, 0x0f, 0xf0, 0xff, 0x0f,
	0xff, 0xff, 0xff, 0xff, 0xff, 0x0f, 0xf0, 0x0f, 0xf0, 0xf0, 0xff, 0xff, 0xff, 0x0f, 0xff, 0xf0,
	0x0f, 0xff, 0xf0, 0x0f, 0xf0, 0x0f, 0xf0, 0xff, 0x0f, 0xff, 0xff, 0x0f, 0x0f, 0xff, 0xff, 0xf0,
	0xff, 0xff, 0xf0, 0xff, 0xff, 0x0f, 0xff, 0x0f, 0x0f, 0x0f, 0xff, 0x0f, 0x0f, 0x0f, 0x0f, 0xf0,
	0xff, 0xff, 0x0f, 0xff, 0x00, 0xf0, 0x0f, 0xf0, 0x0f, 0x0f, 0x0f, 0xff, 0xff, 0xff, 0xf0, 0xf0,
	0xf0, 0x0f, 0x0f, 0xf0, 0xf0, 0x0f, 0x0f, 0xf0, 0xf0, 0xff, 0x0f, 0xf0, 0xf0, 0x0f, 0x0f, 0xff,
	0x0f, 0xf0, 0xff, 0x0f, 0xf0, 0x0f, 0x0f, 0x0f, 0xff, 0xff, 0xff, 0xf0, 0xff, 0xff, 0xff, 0xf0,
	0xff, 0xff, 0xff, 0xff, 0xff, 0xff, 0xff, 0xff, 0xff, 0xff, 0xff, 0xff, 0xff, 0xff, 0xff, 0xff,
	0xff, 0xff, 0xff, 0xff, 0xff, 0xff, 0xff, 0xff, 0xff, 0xff, 0xff, 0xff, 0xff, 0xff, 0xff, 0xff,
	0xff, 0xff, 0xff, 0xff, 0xff, 0xff, 0xff, 0xff, 0xff, 0xff, 0xff, 0xff, 0xff, 0xff, 0xff, 0xff,
	0xff, 0xff, 0xff, 0xff, 0xff, 0xff, 0xff, 0xff, 0xff, 0xff, 0xff, 0xff, 0xff, 0xff, 0xff, 0xff,
	0xff, 0xff, 0xff, 0xff, 0xff, 0xff, 0xff, 0xff, 0xff, 0xff, 0xff, 0xff, 0xff, 0xff, 0xff, 0xff,
	0xff, 0xff, 0xff, 0xff, 0xff, 0xff, 0xff, 0xff, 0xff, 0xff, 0xff, 0xff, 0xff, 0xff, 0xff, 0xff,
	0xff, 0xff, 0xff, 0xff, 0xff, 0xff, 0xff, 0xff, 0xff, 0xff, 0xff, 0xff, 0xff, 0xff, 0xff, 0xff,
	0xff, 0xff, 0xff, 0xff, 0xff, 0xff, 0xff, 0xff, 0xff, 0xff, 0xff, 0xff, 0xff, 0xff, 0xff, 0xff,
	0xff, 0xff, 0xff, 0xff, 0xff, 0xff, 0xff, 0xff, 0xff, 0xff, 0xff, 0xff, 0xff, 0xff, 0xff, 0xff,
	0xff, 0xff, 0xff, 0xff, 0xff, 0xff, 0xff, 0xff, 0xff, 0xff, 0xff, 0xff, 0xff, 0xff, 0xff, 0xff,
	0xff, 0xff, 0xff, 0xff, 0xff, 0xff, 0xff, 0xff, 0xff, 0xff, 0xff, 0xff, 0xff, 0xff, 0xff, 0xff,
	0xff, 0xff, 0xff, 0xff, 0xff, 0xff, 0xff, 0xff, 0xff, 0xff, 0xff, 0xff, 0xff, 0xff, 0xff, 0xff,
	0xff, 0xff, 0xff, 0xff, 0xff, 0xff, 0xff, 0xff, 0xff, 0xff, 0xff, 0xff, 0xff, 0xff, 0xff, 0xff,
	0xff, 0xff, 0xff, 0xff, 0xff, 0xff, 0xff, 0xff, 0xff, 0xff, 0xff, 0xff, 0xff, 0xff, 0xff, 0xff,
	0xff, 0xff, 0xff, 0xff, 0xff, 0xff, 0xff, 0xff, 0xff, 0xff, 0xff, 0xff, 0xff, 0xff, 0xff, 0xff,
	0xff, 0xff, 0xff, 0xff, 0xff, 0xff, 0xff, 0xff, 0xff, 0xff, 0xff, 0xff, 0xff, 0xff, 0xff, 0xff,
	0xff, 0xff, 0xff, 0xff, 0xff, 0xff, 0xff, 0xff, 0xff, 0xff, 0xff, 0xff, 0xff, 0xff, 0xff, 0xff,
	0xff, 0xff, 0xff, 0xff, 0xff, 0xff, 0xff, 0xff, 0xff, 0xff, 0xff, 0xff, 0xff, 0xff, 0xff, 0xff,
	0xff, 0xff, 0xff, 0xff, 0xff, 0xff, 0xff, 0xff, 0xff, 0xff, 0xff, 0xff, 0xff, 0xff, 0xff, 0xff,
	0xff, 0xff, 0xff, 0xff, 0xff, 0xff, 0xff, 0xff, 0xff, 0xff, 0xff, 0xff, 0xff, 0xff, 0xff, 0xff,
	0x00, 0x00, 0x00, 0x00, 0x00, 0x00, 0x00, 0x00, 0x00, 0x00, 0x00, 0x00, 0x00, 0x00, 0x00, 0x00,
	0x00, 0x00, 0x00, 0x00, 0x00, 0x00, 0x00, 0x00, 0x00, 0x00, 0x00, 0x00, 0x00, 0x00, 0x00, 0x00,
	0x00, 0x00, 0x00, 0x00, 0x00, 0x00, 0x00, 0x00, 0x00, 0x00, 0x00, 0x00, 0x00, 0x00, 0x00, 0x00,
	0x00, 0x00, 0x00, 0x00, 0x00, 0x00, 0x00, 0x00, 0x00, 0x00, 0x00, 0x00, 0x00, 0x00, 0x00, 0x00,
	0x00, 0x00, 0x00, 0x00, 0x00, 0x00, 0x00, 0x00, 0x00, 0x00, 0x00, 0x00, 0x00, 0x00, 0x00, 0x00,
	0x00, 0x00, 0x00, 0x00, 0x00, 0x00, 0x00, 0x00, 0x00, 0x00, 0x00, 0x00, 0x00, 0x00, 0x00, 0x00,
	0x00, 0x00, 0x00, 0x00, 0x00, 0x00, 0x00, 0x00, 0x00, 0x00, 0x00, 0x00, 0x00, 0x00, 0x00, 0x00,
	0x00, 0x00, 0x00, 0x00, 0x00, 0x00, 0x00, 0x00, 0x00, 0x00, 0x00, 0x00, 0x00, 0x00, 0x00, 0x00,
	0x00, 0x00, 0x00, 0x00, 0x00, 0x00, 0x00, 0x00, 0x00, 0x00, 0x00, 0x00, 0x00, 0x00, 0x00, 0x00,
	0x00, 0x00, 0x00, 0x00, 0x00, 0x00, 0x00, 0x00, 0x00, 0x00, 0x00, 0x00, 0x00, 0x00, 0x00, 0x00,
	0x00, 0x00, 0x00, 0x00, 0x00, 0x00, 0x00, 0x00, 0x00, 0x00, 0x00, 0x00, 0x00, 0x00, 0x00, 0x00,
	0x00, 0x00, 0x00, 0x00, 0x00, 0x00, 0x00, 0x00, 0x00, 0x00, 0x00, 0x00, 0x00, 0x00, 0x00, 0x00,
	0x00, 0x00, 0x00, 0x00, 0x00, 0x00, 0x00, 0x00, 0x00, 0x00, 0x00, 0x00, 0x00, 0x00, 0x00, 0x00,
	0x00, 0x00, 0x00, 0x00, 0x00, 0x00, 0x00, 0x00, 0x00, 0x00, 0x00, 0x00, 0x00, 0x00, 0x00, 0x00,
	0x00, 0x00, 0x00, 0x00, 0x00, 0x00, 0x00, 0x00, 0x00, 0x00, 0x00, 0x00, 0x00, 0x00, 0x00, 0x00,
	0x00, 0x00, 0x00, 0x00, 0x00, 0x00, 0x00, 0x00, 0x00, 0x00, 0x00, 0x00, 0x00, 0x00, 0x00, 0x00,
	0x00, 0x00, 0x00, 0x00, 0x00, 0x00, 0x00, 0x00, 0x00, 0x00, 0x00, 0x00, 0x00, 0x00, 0x00, 0x00,
	0x00, 0x00, 0x00, 0x00, 0x00, 0x00, 0x00, 0x00, 0x00, 0x00, 0x00, 0x00, 0x00, 0x00, 0x00, 0x00,
	0x00, 0x00, 0x00, 0x00, 0x00, 0x00, 0x00, 0x00, 0x00, 0x00, 0x00, 0x00, 0x00, 0x00, 0x00, 0x00,
	0x00, 0x00, 0x00, 0x00, 0x00, 0x00, 0x00, 0x00, 0x00, 0x00, 0x00, 0x00, 0x00, 0x00, 0x00, 0x00,
	0x00, 0xf0, 0xff, 0x00, 0x00, 0x00, 0x00, 0x00, 0x00, 0x00, 0x00, 0x00, 0x00, 0x00, 0x00, 0x00,
	0x00, 0x00, 0x00, 0x00, 0xff, 0x00, 0x00, 0x00, 0x00, 0x00, 0x00, 0x00, 0x00, 0xf0, 0x00, 0x00,
	0x00, 0xf0, 0x00, 0x00, 0x00, 0x00, 0x00, 0x00, 0x00, 0x00, 0x00, 0x00, 0x00, 0x00, 0x00, 0x00,
	0x00, 0x00, 0x00, 0x00, 0xff, 0x00, 0x00, 0x00, 0xff, 0x00, 0x00, 0x00, 0x00, 0x00, 0x00, 0xf0,
	0x00, 0xf0, 0x00, 0xf0, 0x00, 0xf0, 0x00, 0x00, 0x00, 0x00, 0x00, 0x00, 0x00, 0x00, 0x00, 0x00,
	0x00, 0x00, 0x00, 0x00, 0x00, 0x00, 0x00, 0x00, 0x00, 0x00, 0x00, 0x00, 0x00, 0x00, 0x00, 0x00,
	0x00, 0x00, 0x00, 0x0f, 0x00, 0x00, 0x00, 0x00, 0x00, 0x00, 0x00, 0x00, 0x00, 0xf0, 0x00, 0x00,
	0x00, 0x00, 0x00, 0x00, 0x00, 0x00, 0x00, 0x00, 0x00, 0x00, 0x00, 0x00, 0x00, 0x00, 0x00, 0x00,
	0x00, 0x00, 0x00, 0x00, 0x00, 0x00, 0x00, 0x00, 0x00, 0x00, 0x00, 0x00, 0x00, 0x00, 0x00, 0x00,
	0x00, 0x00, 0xf0, 0x00, 0x00, 0x00, 0x00, 0x00, 0xff, 0x00, 0x00, 0x00, 0xff, 0x00, 0x00, 0x00,
	0x00, 0x00, 0x00, 0x00, 0x00, 0x00, 0x00, 0x00, 0xff, 0x00, 0x00, 0x00, 0x00, 0x00, 0x0f, 0x00,
	0x00, 0x00, 0x00, 0x00, 0x00, 0x00, 0x00, 0x00, 0x00, 0x00, 0x00, 0x00, 0x00, 0x00, 0x0f, 0x00,
	0x00, 0x00, 0x00, 0x00, 0x00, 0x00, 0x00, 0x00, 0x00, 0x00, 0x00, 0x00, 0x00, 0x0f, 0x00, 0x0f,
	0x00, 0x00, 0x00, 0x00, 0x00, 0x00, 0x00, 0x00, 0x00, 0x00, 0x00, 0x00, 0x00, 0xf0, 0x00, 0xff,
	0x00, 0x00, 0x00, 0x00, 0x00, 0x00, 0x00, 0x00, 0x00, 0x00, 0x00, 0xf0, 0x00, 0x00, 0x00, 0x00,
	0x00, 0x00, 0x00, 0x00, 0x00, 0x0f, 0x00, 0x00, 0x00, 0x00, 0x00, 0x00, 0x00, 0x00, 0x00, 0x00,
	0x00, 0xff, 0x00, 0xf0, 0x00, 0x00, 0xff, 0x00, 0x00, 0x00, 0x00, 0x00, 0x00, 0x00, 0x00, 0x00,
	0x00, 0x00, 0x0f, 0x00, 0x00, 0xf0, 0x00, 0x00, 0x00, 0x0f, 0x00, 0x00, 0x00, 0x00, 0x00, 0x00,
	0x00, 0x00, 0x00, 0x00, 0x00, 0x00, 0x00, 0x00, 0x00, 0x00, 0x0f, 0x00, 0x00, 0x00, 0x00, 0x00,
	0x00, 0x00, 0x00, 0x00, 0x00, 0xf0, 0x00, 0xff, 0x00, 0x00, 0x00, 0x00, 0x00, 0x00, 0x00, 0x00,
	0x0f, 0x0f, 0x00, 0x00, 0xf0, 0x00, 0x0f, 0x00, 0x00, 0xff, 0x00, 0x00, 0x0f, 0x00, 0xf0, 0x00,
	0x00, 0x00, 0x00, 0x00, 0x00, 0x00, 0x00, 0x00, 0x00, 0x00, 0x00, 0x00, 0x0f, 0x0f, 0xff, 0x0f,
	0x0f, 0x00, 0x00, 0xff, 0x00, 0x00, 0x00, 0x00, 0x0f, 0x00, 0x00, 0x0f, 0x00, 0x00, 0x00, 0x00,
	0xff, 0x00, 0x00, 0x00, 0xf0, 0x00, 0xff, 0x00, 0xf0, 0xf0, 0xf0, 0xff, 0x00, 0xff, 0x00, 0x00,
	0x0f, 0x00, 0xff, 0x00, 0x0f, 0x00, 0x00, 0x0f, 0x00, 0x00, 0x00, 0x00, 0x00, 0xf0, 0x00, 0x00,
	0x00, 0x00, 0x00, 0x00, 0x00, 0x00, 0xf0, 0x00, 0x0f, 0xf0, 0x00, 0x00, 0x00, 0x00, 0x00, 0x00,
	0x00, 0x00, 0xf0, 0x00, 0xff, 0xff, 0x00, 0x00, 0x00, 0x00, 0x00, 0x00, 0x00, 0x00, 0x0f, 0x00,
	0x00, 0x00, 0x00, 0x00, 0x00, 0x00, 0xf0, 0xff, 0x00, 0x00, 0x00, 0x00, 0x00, 0x00, 0x00, 0xff,
	0x0f, 0x00, 0x00, 0xf0, 0x00, 0xff, 0x00, 0x00, 0x00, 0x0f, 0x00, 0x00, 0xf0, 0x0f, 0x0f, 0x00,
	0x00, 0x00, 0x00, 0x00, 0x0f, 0x00, 0x00, 0x00, 0x00, 0x00, 0x00, 0x00, 0xf0, 0xff, 0x00, 0xf0,
	0x00, 0x00, 0x00, 0x00, 0xff, 0x00, 0x00, 0x00, 0x00, 0xff, 0x00, 0x00, 0x00, 0x00, 0x0f, 0x00,
	0x00, 0x00, 0x00, 0x00, 0x0f, 0x00, 0x00, 0x00, 0xf0, 0x00, 0xff, 0x00, 0x00, 0x00, 0x00, 0x0f,
	0x00, 0xff, 0x00, 0xf0, 0x00, 0xff, 0x00, 0x00, 0xf0, 0x00, 0x00, 0xf0, 0x0f, 0xff, 0xf0, 0x00,
	0x0f, 0xf0, 0x00, 0x00, 0x00, 0x0f, 0x00, 0x00, 0xff, 0x00, 0x00, 0x00, 0x0f, 0x00, 0x0f, 0x0f,
	0xff, 0x00, 0xff, 0x00, 0x0f, 0x00, 0x00, 0x00, 0x00, 0x00, 0x00, 0x00, 0x00, 0x00, 0x00, 0x00,
	0x00, 0x0f, 0x00, 0x00, 0x00, 0x00, 0x00, 0x00, 0x00, 0x00, 0x00, 0x00, 0x00, 0x0f, 0xff, 0x00,
	0xf0, 0xf0, 0x00, 0x00, 0x00, 0x00, 0xf0, 0x00, 0x00, 0x00, 0x00, 0x00, 0x00, 0x00, 0x00, 0xf0,
	0xff, 0x0f, 0x00, 0x00, 0xf0, 0x00, 0xf0, 0x00, 0xf0, 0x00, 0x00, 0xff, 0x00, 0x00, 0x00, 0x00,
	0x0f, 0x00, 0x00, 0x00, 0x00, 0xf0, 0x00, 0x00, 0x00, 0x00, 0x00, 0xff, 0x00, 0xf0, 0x00, 0x0f,
	0xff, 0x00, 0xff, 0xff, 0xff, 0x00, 0x00, 0x00, 0xff, 0x00, 0x00, 0xf0, 0x00, 0x0f, 0xf0, 0x00,
	0xf0, 0x0f, 0x0f, 0x0f, 0x00, 0x00, 0xff, 0x00, 0x00, 0x00, 0x0f, 0x00, 0xf0, 0xf0, 0x0f, 0xf0,
	0x00, 0x0f, 0xf0, 0xf0, 0xf0, 0x00, 0x00, 0xff, 0xff, 0xf0, 0x0f, 0x0f, 0x0f, 0x0f, 0x0f, 0x00,
	0x00, 0x00, 0x0f, 0x00, 0xf0, 0x0f, 0x00, 0x00, 0xff, 0xff, 0x00, 0x00, 0xf0, 0x00, 0x00, 0x00,
	0x00, 0xf0, 0xf0, 0xf0, 0x00, 0x0f, 0xff, 0x00, 0x00, 0x00, 0x00, 0x00, 0x00, 0x00, 0xff, 0x00,
	0x00, 0xf0, 0x00, 0xf0, 0x00, 0xff, 0xf0, 0x00, 0x00, 0x00, 0x0f, 0x0f, 0xf0, 0x0f, 0x00, 0xf0,
	0x0f, 0x00, 0x00, 0xf0, 0x0f, 0x0f, 0x00, 0x0f, 0xf0, 0x00, 0x0f, 0x0f, 0xf0, 0xff, 0x0f, 0x0f,
	0x0f, 0x00, 0xf0, 0x0f, 0x0f, 0xf0, 0xf0, 0x00, 0xf0, 0x0f, 0x00, 0x00, 0x0f, 0x00, 0xff, 0xf0,
	0x0f, 0xf0, 0x0f, 0x00, 0xff, 0x00, 0x0f, 0xf0, 0x00, 0x0f, 0x00, 0x00, 0x0f, 0xf0, 0xff, 0xff,
	0xff, 0xff, 0xf0, 0x0f, 0x00, 0x00, 0x00, 0xff, 0xff, 0x00, 0x00, 0x00, 0xff, 0x00, 0xff, 0x00,
	0xf0, 0x0f, 0x00, 0x0f, 0x0f, 0x00, 0xff, 0xf0, 0xf0, 0xff, 0xff, 0xf0, 0xf0, 0x0f, 0x00, 0xff,
	0x00, 0x00, 0xf0, 0x0f, 0xff, 0x00, 0xf0, 0xff, 0x0f, 0x00, 0x00, 0xff, 0x0f, 0x00, 0xff, 0x00,
	0xff, 0x00, 0xf0, 0x00, 0x00, 0x00, 0xf0, 0x00, 0x00, 0x00, 0xff, 0xf0, 0x00, 0xff, 0xf0, 0xff,
	0x0f, 0xf0, 0x00, 0x0f, 0xf0, 0x00, 0x00, 0xff, 0xff, 0xf0, 0x00, 0x00, 0x0f, 0xf0, 0xf0, 0x00,
	0x00, 0x00, 0x0f, 0x00, 0xff, 0xf0, 0xf0, 0xf0, 0x00, 0x00, 0xff, 0x00, 0x00, 0x00, 0xff, 0xf0,
	0x00, 0x00, 0x0f, 0xf0, 0x00, 0xff, 0x00, 0x00, 0x00, 0x0f, 0xf0, 0xff, 0x0f, 0xff, 0x00, 0x00,
	0x0f, 0x00, 0xff, 0x00, 0xff, 0x00, 0xff, 0xff, 0x00, 0x00, 0xf0, 0xf0, 0xff, 0xf0, 0xf0, 0xf0,
	0x00, 0xff, 0xff, 0xff, 0xff, 0x0f, 0x00, 0x00, 0xf0, 0x00, 0x00, 0x00, 0x0f, 0x00, 0xff, 0x0f,
	0xff, 0xf0, 0xff, 0x00, 0x00, 0x0f, 0x00, 0xff, 0x0f, 0x0f, 0xff, 0x00, 0x00, 0x00, 0x0f, 0xff,
	0x0f, 0xf0, 0xff, 0x0f, 0x00, 0x00, 0x00, 0x00, 0x00, 0x0f, 0xf0, 0x00, 0x0f, 0x00, 0xf0, 0xf0,
	0x00, 0x0f, 0xff, 0x0f, 0x0f, 0x00, 0x00, 0xf0, 0xff, 0x00, 0x00, 0xf0, 0xf0, 0x0f, 0xff, 0x00,
	0xff, 0xf0, 0xf0, 0x00, 0x0f, 0xff, 0x00, 0x00, 0xf0, 0x0f, 0x0f, 0xf0, 0x00, 0xf0, 0xf0, 0x00,
	0x0f, 0xf0, 0xff, 0x00, 0x00, 0xff, 0xf0, 0x0f, 0x0f, 0xff, 0x0f, 0x0f, 0xf0, 0xff, 0xf0, 0x0f,
	0x0f, 0x0f, 0x00, 0xf0, 0x0f, 0xff, 0xff, 0xf0, 0xff, 0xff, 0x0f, 0x00, 0xf0, 0x00, 0xf0, 0x0f,
	0x0f, 0xff, 0x0f, 0xff, 0x0f, 0x00, 0x00, 0xff, 0x00, 0xf0, 0x00, 0x0f, 0x00, 0x00, 0xf0, 0xff,
	0x00, 0x0f, 0x0f, 0x0f, 0x0f, 0xf0, 0x0f, 0x00, 0x00, 0x00, 0xf0, 0x0f, 0x00, 0x0f, 0xf0, 0xf0,
	0x0f, 0x00, 0xff, 0xff, 0x00, 0xf0, 0xff, 0xf0, 0x0f, 0xff, 0x00, 0x00, 0x0f, 0x0f, 0xff, 0x0f,
	0xff, 0xf0, 0xf0, 0xf0, 0x00, 0x00, 0x0f, 0xff, 0xf0, 0xf0, 0xff, 0x00, 0xff, 0xff, 0x00, 0xff,
	0xff, 0x0f, 0x0f, 0x0f, 0xf0, 0xf0, 0xff, 0xf0, 0x0f, 0x0f, 0x0f, 0xff, 0xff, 0xff, 0xff, 0xf0,
	0x0f, 0x0f, 0x0f, 0x0f, 0xff, 0x0f, 0xff, 0x0f, 0x0f, 0xf0, 0xff, 0xff, 0xf0, 0xf0, 0x0f, 0xff,
	0xff, 0xf0, 0x0f, 0xf0, 0x00, 0xf0, 0x00, 0x0f, 0x0f, 0x00, 0xff, 0x00, 0xff, 0x00, 0x00, 0xff,
	0xff, 0x0f, 0x00, 0x00, 0xff, 0x0f, 0xf0, 0x00, 0x00, 0xf0, 0xf0, 0x00, 0x0f, 0xff, 0xf0, 0xff,
	0xf0, 0xff, 0xf0, 0xf0, 0x0f, 0xf0, 0x00, 0x0f, 0xf0, 0x0f, 0xf0, 0x00, 0x00, 0xf0, 0x00, 0x00,
	0x00, 0xf0, 0x0f, 0xff, 0xff, 0x0f, 0x0f, 0x0f, 0xf0, 0xff, 0x00, 0x00, 0x00, 0x00, 0xf0, 0xff,
	0x00, 0xf0, 0xff, 0x00, 0x00, 0x0f, 0xf0, 0x0f, 0xf0, 0xf0, 0x00, 0x00, 0xff, 0x0f, 0xf0, 0xff,
	0xf0, 0xff, 0x0f, 0xff, 0x00, 0xff, 0x00, 0xf0, 0x0f, 0xff, 0x00, 0x0f, 0x00, 0x0f, 0x0f, 0xff,
	0xff, 0xff, 0xf0, 0x0f, 0xff, 0xf0, 0xff, 0xf0, 0xf0, 0x0f, 0xff, 0x00, 0x0f, 0x00, 0x00, 0x0f,
	0x0f, 0x0f, 0x0f, 0xf0, 0x00, 0xff, 0x0f, 0x00, 0x00, 0xff, 0xff, 0x0f, 0x00, 0xff, 0x0f, 0x0f,
	0x0f, 0xf0, 0xf0, 0xf0, 0x00, 0x00, 0x0f, 0xff, 0xf0, 0x0f, 0xf0, 0xff, 0x0f, 0xf0, 0xf0, 0x00,
	0x0f, 0x00, 0x00, 0x00, 0x0f, 0xf0, 0x0f, 0x00, 0x0f, 0x00, 0xf0, 0x0f, 0xf0, 0x00, 0xf0, 0xf0,
	0xf0, 0x00, 0x00, 0x0f, 0x0f, 0xff, 0xf0, 0xf0, 0x00, 0x0f, 0x00, 0x0f, 0x00, 0xff, 0xff, 0xf0,
	0x0f, 0xf0, 0xff, 0xf0, 0xff, 0x0f, 0xf0, 0xff, 0xff, 0xff, 0x00, 0xff, 0x00, 0xff, 0xff, 0xf0,
	0x0f, 0x0f, 0xf0, 0x0f, 0x0f, 0x0f, 0xff, 0xf0, 0xf0, 0x00, 0x0f, 0xf0, 0x0f, 0xff, 0x0f, 0x0f,
	0xff, 0x00, 0xf0, 0x0f, 0x00, 0x00, 0x0f, 0x0f, 0x00, 0x0f, 0x0f, 0xff, 0xff, 0xff, 0x0f, 0x0f,
	0x0f, 0xff, 0xf0, 0xf0, 0x0f, 0xf0, 0x0f, 0xf0, 0xf0, 0xf0, 0x0f, 0xff, 0xff, 0xff, 0x0f, 0x00,
	0x0f, 0xff, 0xf0, 0x0f, 0x0f, 0xf0, 0xf0, 0xff, 0x0f, 0xff, 0x0f, 0xf0, 0xff, 0xf0, 0xff, 0x00,
	0xf0, 0xf0, 0xff, 0x0f, 0x0f, 0x0f, 0xf0, 0xf0, 0x0f, 0xff, 0xf0, 0x0f, 0x0f, 0xff, 0xff, 0x0f,
	0x0f, 0xff, 0xf0, 0xf0, 0xf0, 0xf0, 0x0f, 0xf0, 0xf0, 0xff, 0xf0, 0xff, 0xff, 0x0f, 0xff, 0xf0,
	0x00, 0xff, 0x0f, 0xff, 0x00, 0xff, 0xf0, 0x00, 0xf0, 0xff, 0x00, 0xff, 0xf0, 0xf0, 0xff, 0x00,
	0xff, 0xff, 0xf0, 0x0f, 0xf0, 0xf0, 0x0f, 0x0f, 0x0f, 0xf0, 0x0f, 0xf0, 0xf0, 0x0f, 0xf0, 0x0f,
	0xf0, 0x00, 0x0f, 0xf0, 0xff, 0xf0, 0x0f, 0xf0, 0x0f, 0xf0, 0xf0, 0xf0, 0xf0, 0xff, 0xff, 0xff,
	0xff, 0x0f, 0xff, 0x00, 0xff, 0xff, 0xff, 0xff, 0xff, 0xf0, 0xff, 0xf0, 0xf0, 0x0f, 0x0f, 0xff,
	0xff, 0x00, 0xf0, 0xf0, 0x00, 0xf0, 0xff, 0xf0, 0x0f, 0x0f, 0xf0, 0xf0, 0xf0, 0x00, 0xff, 0xff,
	0x00, 0x0f, 0x0f, 0x0f, 0xf0, 0xff, 0x0f, 0xff, 0x0f, 0xf0, 0xf0, 0x0f, 0xff, 0x0f, 0xff, 0xff,
	0xf0, 0xff, 0xff, 0xf0, 0x00, 0xf0, 0xff, 0xf0, 0xf0, 0xf0, 0x0f, 0xf0, 0xf0, 0x0f, 0xff, 0x0f,
	0x00, 0x0f, 0xff, 0x0f, 0xf0, 0xf0, 0x0f, 0xf0, 0x0f, 0xff, 0xf0, 0xf0, 0xf0, 0xff, 0xf0, 0xf0,
	0x00, 0xf0, 0x00, 0x00, 0xf0, 0xff, 0xf0, 0xf0, 0xff, 0x00, 0xff, 0xff, 0x0f, 0xff, 0x0f, 0xf0,
	0xf0, 0xf0, 0x0f, 0xff, 0x0f, 0xff, 0x0f, 0x0f, 0xff, 0x00, 0xf0, 0xff, 0xf0, 0x0f, 0xf0, 0xf0,
	0xff, 0x0f, 0xff, 0x00, 0xf0, 0xf0, 0xff, 0xf0, 0xf0, 0xff, 0x0f, 0xf0, 0xff, 0x0f, 0x00, 0x0f,
	0xf0, 0xf0, 0x0f, 0xff, 0xf0, 0xff, 0xff, 0xff, 0xf0, 0x0f, 0xf0, 0xf0, 0xf0, 0x0f, 0xff, 0x0f,
	0xf0, 0xff, 0xf0, 0xf0, 0xff, 0xf0, 0xff, 0xff, 0xff, 0x0f, 0x00, 0x0f, 0x0f, 0xf0, 0xff, 0xf0,
	0xff, 0x0f, 0x0f, 0xf0, 0xff, 0xff, 0x0f, 0xff, 0xf0, 0xf0, 0x0f, 0xff, 0xf0, 0xf0, 0x0f, 0xff,
	0xff, 0x0f, 0x0f, 0xff, 0xf0, 0x0f, 0xf0, 0xff, 0xff, 0xff, 0xff, 0xf0, 0xf0, 0xff, 0xf0, 0xff,
	0xff, 0xf0, 0xff, 0xff, 0xff, 0xf0, 0x0f, 0xff, 0xf0, 0x0f, 0x0f, 0xff, 0xff, 0xff, 0x00, 0xff,
	0xf0, 0xff, 0xf0, 0xf0, 0xf0, 0xff, 0xff, 0xf0, 0xff, 0xf0, 0xff, 0x0f, 0x0f, 0xf0, 0xff, 0xf0,
	0xff, 0x0f, 0xf0, 0xff, 0xf0, 0x0f, 0x0f, 0xff, 0xff, 0xf0, 0xf0, 0xf0, 0x0f, 0xff, 0xf0, 0x0f,
	0xf0, 0x0f, 0xff, 0xf0, 0x0f, 0xff, 0xff, 0xf0, 0x0f, 0x0f, 0xf0, 0xff, 0xf0, 0xf0, 0x0f, 0xf0,
	0x0f, 0x0f, 0xff, 0xff, 0xff, 0xf0, 0x0f, 0xff, 0xf0, 0xf0, 0x0f, 0x0f, 0x0f, 0x0f, 0xff, 0x0f,
	0x0f, 0x0f, 0xf0, 0xf0, 0x0f, 0x0f, 0xff, 0x0f, 0x0f, 0x0f, 0x0f, 0xff, 0xff, 0xff, 0xf0, 0xff,
	0x0f, 0xf0, 0xff, 0x0f, 0xff, 0x0f, 0xff, 0xff, 0x0f, 0xf0, 0xff, 0xf0, 0x0f, 0x0f, 0xf0, 0xff,
	0xf0, 0x0f, 0xf0, 0x0f, 0xf0, 0xf0, 0xf0, 0xf0, 0x0f, 0xf0, 0x0f, 0xff, 0xff, 0x0f, 0x0f, 0xff,
	0x0f, 0xf0, 0xf0, 0xf0, 0x0f, 0x0f, 0xff, 0xf0, 0xff, 0x0f, 0xff, 0x0f, 0xf0, 0xff, 0xff, 0xff,
	0x0f, 0xf0, 0x0f, 0xff, 0x0f, 0xf0, 0xff, 0xff, 0xff, 0x0f, 0xf0, 0x0f, 0xff, 0xff, 0xff, 0x0f,
	0xff, 0x0f, 0x0f, 0xf0, 0xf0, 0x0f, 0xf0, 0x0f, 0x00, 0x0f, 0x0f, 0xff, 0x00, 0xff, 0xff, 0xf0,
	0xf0, 0x0f, 0xf0, 0xff, 0xf0, 0x0f, 0x0f, 0x0f, 0xff, 0x0f, 0xff, 0xf0, 0x0f, 0xf0, 0x0f, 0x0f,
	0xf0, 0xf0, 0xf0, 0xf0, 0xff, 0xf0, 0x0f, 0xff, 0xf0, 0xff, 0xff, 0xf0, 0xf0, 0xff, 0xf0, 0x0f,
	0x0f, 0x0f, 0xff, 0x0f, 0xf0, 0xf0, 0xff, 0xff, 0xf0, 0x0f, 0xff, 0x0f, 0xf0, 0xf0, 0xff, 0xff,
	0xf0, 0xff, 0xf0, 0xf0, 0xf0, 0x0f, 0xff, 0xff, 0x0f, 0xff, 0xf0, 0xff, 0x0f, 0x0f, 0xff, 0xf0,
	0xff, 0xff, 0xff, 0xff, 0xf0, 0xf0, 0xff, 0xff, 0xff, 0xf0, 0x0f, 0x00, 0xf0, 0xff, 0x00, 0xf0,
	0x0f, 0x0f, 0xf0, 0xff, 0xff, 0xf0, 0xff, 0xff, 0xf0, 0xf0, 0xf0, 0x0f, 0xff, 0xff, 0xff, 0x0f,
	0xf0, 0xf0, 0x0f, 0xf0, 0xff, 0x0f, 0x0f, 0xf0, 0x0f, 0xff, 0xf0, 0xff, 0x0f, 0xf0, 0xff, 0x0f,
	0xff, 0xff, 0xff, 0xff, 0xff, 0xff, 0xff, 0xff, 0xff, 0xff, 0xff, 0xff, 0xff, 0xff, 0xff, 0xff,
	0xff, 0xff, 0xff, 0xff, 0xff, 0xff, 0xff, 0xff, 0xff, 0xff, 0xff, 0xff, 0xff, 0xff, 0xff, 0xff,
	0xff, 0xff, 0xff, 0xff, 0xff, 0xff, 0xff, 0xff, 0xff, 0xff, 0xff, 0xff, 0xff, 0xff, 0xff, 0xff,
	0xff, 0xff, 0xff, 0xff, 0xff, 0xff, 0xff, 0xff, 0xff, 0xff, 0xff, 0xff, 0xff, 0xff, 0xff, 0xff,
	0xff, 0xff, 0xff, 0xff, 0xff, 0xff, 0xff, 0xff, 0xff, 0xff, 0xff, 0xff, 0xff, 0xff, 0xff, 0xff,
	0xff, 0xff, 0xff, 0xff, 0xff, 0xff, 0xff, 0xff, 0xff, 0xff, 0xff, 0xff, 0xff, 0xff, 0xff, 0xff,
	0xff, 0xff, 0xff, 0xff, 0xff, 0xff, 0xff, 0xff, 0xff, 0xff, 0xff, 0xff, 0xff, 0xff, 0xff, 0xff,
	0xff, 0xff, 0xff, 0xff, 0xff, 0xff, 0xff, 0xff, 0xff, 0xff, 0xff, 0xff, 0xff, 0xff, 0xff, 0xff,
	0xff, 0xff, 0xff, 0xff, 0xff, 0xff, 0xff, 0xff, 0xff, 0xff, 0xff, 0xff, 0xff, 0xff, 0xff, 0xff,
	0xff, 0xff, 0xff, 0xff, 0xff, 0xff, 0xff, 0xff, 0xff, 0xff, 0xff, 0xff, 0xff, 0xff, 0xff, 0xff,
	0xff, 0xff, 0xff, 0xff, 0xff, 0xff, 0xff, 0xff, 0xff, 0xff, 0xff, 0xff, 0xff, 0xff, 0xff, 0xff,
	0xff, 0xff, 0xff, 0xff, 0xff, 0xff, 0xff, 0xff, 0xff, 0xff, 0xff, 0xff, 0xff, 0xff, 0xff, 0xff,
	0xff, 0xff, 0xff, 0xff, 0xff, 0xff, 0xff, 0xff, 0xff, 0xff, 0xff, 0xff, 0xff, 0xff, 0xff, 0xff,
	0xff, 0xff, 0xff, 0xff, 0xff, 0xff, 0xff, 0xff, 0xff, 0xff, 0xff, 0xff, 0xff, 0xff, 0xff, 0xff,
	0xff, 0xff, 0xff, 0xff, 0xff, 0xff, 0xff, 0xff, 0xff, 0xff, 0xff, 0xff, 0xff, 0xff, 0xff, 0xff,
	0xff, 0xff, 0xff, 0xff, 0xff, 0xff, 0xff, 0xff, 0xff, 0xff, 0xff, 0xff, 0xff, 0xff, 0xff, 0xff,
	0xff, 0xff, 0xff, 0xff, 0xff, 0xff, 0xff, 0xff, 0xff, 0xff, 0xff, 0xff, 0xff, 0xff, 0xff, 0xff,
	0xff, 0xff, 0xff, 0xff, 0xff, 0xff, 0xff, 0xff, 0xff, 0xff, 0xff, 0xff, 0xff, 0xff, 0xff, 0xff,
	0xff, 0xff, 0xff, 0xff, 0xff, 0xff, 0xff, 0xff, 0xff, 0xff, 0xff, 0xff, 0xff, 0xff, 0xff, 0xff,
	0xff, 0xff, 0xff, 0xff, 0xff, 0xff, 0xff, 0xff, 0xff, 0xff, 0xff, 0xff, 0xff, 0xff, 0xff, 0xff,
	0x00, 0x00, 0x00, 0x00, 0x00, 0x00, 0x00, 0x00, 0x00, 0x00, 0x00, 0x00, 0x00, 0x00, 0x00, 0x00,
	0x00, 0x00, 0x00, 0x00, 0x00, 0x00, 0x00, 0x00, 0x00, 0x00, 0x00, 0x00, 0x00, 0x00, 0x00, 0x00,
	0x00, 0x00, 0x00, 0x00, 0x00, 0x00, 0x00, 0x00, 0x00, 0x00, 0x00, 0x00, 0x00, 0x00, 0x00, 0x00,
	0x00, 0x00, 0x00, 0x00, 0x00, 0x00, 0x00, 0x00, 0x00, 0x00, 0x00, 0x00, 0x00, 0x00, 0x00, 0x00,
	0x00, 0x00, 0x00, 0x00, 0x00, 0x00, 0x00, 0x00, 0x00, 0x00, 0x00, 0x00, 0x00, 0x00, 0x00, 0x00,
	0x00, 0x00, 0x00, 0x00, 0x00, 0x00, 0x00, 0x00, 0x00, 0x00, 0x00, 0x00, 0x00, 0x00, 0x00, 0x00,
	0x00, 0x00, 0x00, 0x00, 0x00, 0x00, 0x00, 0x00, 0x00, 0x00, 0x00, 0x00, 0x00, 0x00, 0x00, 0x00,
	0x00, 0x00, 0x00, 0x00, 0x00, 0x00, 0x00, 0x00, 0x00, 0x00, 0x00, 0x00, 0x00, 0x00, 0x00, 0x00,
	0x00, 0x00, 0x00, 0x00, 0x00, 0x00, 0x00, 0x00, 0x00, 0x00, 0x00, 0x00, 0x00, 0x00, 0x00, 0x00,
	0x00, 0x00, 0x00, 0x00, 0x00, 0x00, 0x00, 0x00, 0x00, 0x00, 0x00, 0x00, 0x00, 0x00, 0x00, 0x00,
	0x00, 0x00, 0x00, 0x00, 0x00, 0x00, 0x00, 0x00, 0x00, 0x00, 0x00, 0x00, 0x00, 0x00, 0x00, 0x00,
	0x00, 0x00, 0x00, 0x00, 0x00, 0x00, 0x00, 0x00, 0x00, 0x00, 0x00, 0x00, 0x00, 0x00, 0x00, 0x00,
	0x00, 0x00, 0x00, 0x00, 0x00, 0x00, 0x00, 0x00, 0x00, 0x00, 0x00, 0x00, 0x00, 0x00, 0x00, 0x00,
	0x00, 0x00, 0x00, 0x00, 0x00, 0x00, 0x00, 0x00, 0x00, 0x00, 0x00, 0x00, 0x00, 0x00, 0x00, 0x00,
	0x00, 0x00, 0x00, 0x00, 0x00, 0x00, 0x00, 0x00, 0x00, 0x00, 0x00, 0x00, 0x00, 0x00, 0x00, 0x00,
	0x00, 0x00, 0x00, 0x00, 0x00, 0x00, 0x00, 0x00, 0x00, 0x00, 0x00, 0x00, 0x00, 0x00, 0x00, 0x00,
	0x00, 0x00, 0x00, 0x00, 0x00, 0x00, 0x00, 0x00, 0x00, 0x00, 0x00, 0x00, 0x00, 0x00, 0x00, 0x00,
	0x00, 0x00, 0x00, 0x00, 0x00, 0x00, 0x00, 0x00, 0x00, 0x00, 0x00, 0x00, 0x00, 0x00, 0x00, 0x00,
	0x00, 0x00, 0x00, 0x00, 0x00, 0x00, 0x00, 0x00, 0x00, 0x00, 0x00, 0x00, 0x00, 0x00, 0x00, 0x00,
	0x00, 0x00, 0x00, 0x00, 0x00, 0x00, 0x00, 0x00, 0x00, 0x00, 0x00, 0x00, 0x00, 0x00, 0x00, 0x00,
	0x00, 0x00, 0x00, 0x00, 0x00, 0x00, 0x00, 0x00, 0x00, 0x00, 0xff, 0x00, 0x00, 0x00, 0x00, 0x00,
	0x00, 0x00, 0x00, 0x00, 0x0f, 0x00, 0x00, 0x00, 0x00, 0x00, 0x00, 0x00, 0x00, 0x00, 0xff, 0x00,
	0x00, 0x00, 0x00, 0x00, 0x00, 0x00, 0x00, 0x00, 0x00, 0x00, 0x00, 0xf0, 0xff, 0x00, 0x00, 0x00,
	0x00, 0x00, 0x00, 0x00, 0xf0, 0x00, 0x00, 0x00, 0x00, 0x00, 0x00, 0x00, 0x00, 0x00, 0xff, 0x00,
	0x00, 0x00, 0x00, 0x00, 0x00, 0x00, 0x00, 0x00, 0x00, 0x00, 0x00, 0x00, 0x00, 0x00, 0x00, 0x00,
	0x00, 0x00, 0x00, 0x00, 0x00, 0x00, 0x00, 0x00, 0x00, 0xf0, 0x00, 0x00, 0xf0, 0x00, 0x00, 0x00,
	0x00, 0x00, 0x00, 0x0f, 0x00, 0x00, 0x00, 0x00, 0xf0, 0x00, 0x00, 0x00, 0x00, 0x0f, 0x00, 0x00,
	0x00, 0x00, 0x00, 0x00, 0x00, 0x00, 0x00, 0x00, 0x00, 0x00, 0x00, 0x00, 0x00, 0x00, 0x00, 0x00,
	0x00, 0x00, 0x00, 0x00, 0x00, 0x00, 0x00, 0x00, 0x00, 0x00, 0x00, 0x00, 0xf0, 0x00, 0x00, 0x00,
	0x0f, 0xff, 0x00, 0x00, 0x00, 0x00, 0x00, 0x00, 0x0f, 0x00, 0x00, 0x00, 0x00, 0x00, 0x00, 0x00,
	0x00, 0x00, 0x00, 0x0f, 0x00, 0x00, 0x00, 0x0f, 0x00, 0x00, 0x00, 0x00, 0x00, 0x00, 0x00, 0x00,
	0x0f, 0xf0, 0x00, 0xf0, 0x00, 0x00, 0x00, 0x00, 0x00, 0x00, 0x00, 0x00, 0x00, 0xff, 0x00, 0x00,
	0x00, 0x00, 0x00, 0x00, 0x00, 0x00, 0x00, 0x00, 0x00, 0x00, 0xf0, 0x00, 0x00, 0x00, 0x00, 0x00,
	0x00, 0x00, 0x00, 0x00, 0x00, 0xff, 0x00, 0x00, 0x00, 0x00, 0x00, 0x00, 0x00, 0x00, 0x00, 0x00,
	0x00, 0x00, 0x00, 0x00, 0xf0, 0x00, 0xf0, 0x00, 0x00, 0x00, 0x00, 0x00, 0x00, 0x00, 0x00, 0x00,
	0x00, 0xf0, 0x00, 0x0f, 0x00, 0x00, 0x00, 0x00, 0x0f, 0x00, 0x00, 0x00, 0x00, 0x00, 0x00, 0x00,
	0x00, 0x00, 0x00, 0x00, 0x00, 0x00, 0x00, 0x00, 0x00, 0x00, 0x00, 0x00, 0x00, 0x00, 0x0f, 0x00,
	0xf0, 0x00, 0x00, 0x00, 0x00, 0x00, 0x00, 0x00, 0x00, 0x00, 0x00, 0x00, 0x00, 0x00, 0x0f, 0x00,
	0x00, 0xf0, 0x00, 0x00, 0x00, 0x00, 0x00, 0x00, 0x00, 0x00, 0x00, 0x00, 0x00, 0x00, 0x00, 0x00,
	0x00, 0x00, 0x00, 0xf0, 0x00, 0x00, 0x00, 0x00, 0x00, 0x00, 0x00, 0x00, 0x00, 0x00, 0x00, 0x00,
	0x00, 0x00, 0x00, 0x00, 0x00, 0x00, 0x00, 0x00, 0x00, 0x00, 0x0f, 0xf0, 0x00, 0x0f, 0xf0, 0xf0,
	0xff, 0x00, 0x00, 0x00, 0xff, 0x0f, 0x0f, 0x00, 0x00, 0x00, 0x00, 0x0f, 0x00, 0x0f, 0xf0, 0x00,
	0x00, 0x00, 0x0f, 0x00, 0x00, 0xf0, 0xf0, 0x0f, 0x00, 0x00, 0xf0, 0x0f, 0x00, 0x0f, 0x0f, 0x00,
	0x0f, 0x00, 0xf0, 0x0f, 0x00, 0x00, 0x00, 0x00, 0x0f, 0x00, 0x00, 0x00, 0x00, 0x00, 0x0f, 0x00,
	0x00, 0x00, 0x00, 0x00, 0xf0, 0x0f, 0x00, 0x0f, 0x00, 0x0f, 0x00, 0x00, 0x0f, 0xf0, 0x00, 0x0f,
	0x00, 0x00, 0x0f, 0x00, 0xf0, 0x0f, 0x00, 0x00, 0x00, 0x00, 0xf0, 0x00, 0x00, 0xf0, 0x0f, 0x00,
	0x00, 0x00, 0x00, 0xf0, 0xf0, 0x00, 0x00, 0xf0, 0xff, 0x00, 0x00, 0x00, 0x0f, 0x00, 0x00, 0x0f,
	0x00, 0x00, 0x00, 0xff, 0x00, 0x0f, 0xf0, 0x00, 0x00, 0x00, 0x00, 0xff, 0x00, 0x00, 0x00, 0x00,
	0x00, 0x00, 0xff, 0x00, 0x00, 0x0f, 0x00, 0x00, 0x00, 0x00, 0x00, 0x00, 0xff, 0x00, 0x00, 0x00,
	0x00, 0x00, 0x00, 0x00, 0xf0, 0x00, 0x00, 0xff, 0x00, 0x00, 0x0f, 0x00, 0x00, 0x00, 0x00, 0x00,
	0x0f, 0x00, 0x00, 0xff, 0x00, 0xf0, 0x00, 0x00, 0x00, 0x00, 0xf0, 0xf0, 0xf0, 0x00, 0x00, 0xff,
	0x0f, 0x0f, 0x00, 0x00, 0x0f, 0x00, 0x0f, 0x0f, 0x00, 0x00, 0x00, 0x00, 0xf0, 0x00, 0xff, 0x0f,
	0x00, 0xff, 0x00, 0x00, 0xf0, 0x00, 0x0f, 0x00, 0x00, 0xf0, 0x00, 0x00, 0xff, 0x00, 0x00, 0x00,
	0x00, 0x00, 0x00, 0x00, 0x00, 0x0f, 0x0f, 0xf0, 0x00, 0xf0, 0x00, 0x00, 0xff, 0xf0, 0x00, 0xf0,
	0x00, 0x00, 0x00, 0xff, 0x00, 0xff, 0x00, 0x00, 0x00, 0x00, 0x0f, 0x00, 0x00, 0x00, 0xff, 0x00,
	0x00, 0x00, 0x00, 0x00, 0x00, 0x00, 0x00, 0x00, 0x00, 0x00, 0x00, 0x00, 0x00, 0x00, 0x00, 0x00,
	0xff, 0x00, 0x00, 0x00, 0x0f, 0x00, 0x00, 0xff, 0x00, 0x00, 0x00, 0x00, 0x00, 0x00, 0xf0, 0x00,
	0x00, 0x00, 0x00, 0x00, 0x00, 0x00, 0x00, 0x00, 0x00, 0xf0, 0x00, 0x00, 0x00, 0x00, 0x00, 0x00,
	0xff, 0xf0, 0x00, 0x00, 0xf0, 0x00, 0xff, 0x00, 0x00, 0x00, 0x0f, 0xff, 0x00, 0x00, 0x00, 0x0f,
	0x00, 0x00, 0xf0, 0x00, 0x00, 0x00, 0x00, 0x00, 0x00, 0x00, 0x00, 0xf0, 0x00, 0x00, 0x00, 0xff,
	0x00, 0xff, 0x0f, 0xff, 0x0f, 0xff, 0xff, 0xf0, 0x00, 0xff, 0x0f, 0xf0, 0x0f, 0x00, 0xf0, 0xf0,
	0x00, 0x0f, 0x00, 0x00, 0x0f, 0x0f, 0xff, 0x00, 0x0f, 0x0f, 0xff, 0x00, 0x0f, 0xf0, 0x00, 0x00,
	0xff, 0x00, 0xf0, 0xff, 0xf0, 0x00, 0x00, 0xff, 0xff, 0x00, 0x00, 0xff, 0xff, 0x00, 0x00, 0xf0,
	0x0f, 0xff, 0x00, 0x0f, 0x0f, 0x00, 0x0f, 0x0f, 0x00, 0x0f, 0xf0, 0x00, 0x00, 0xff, 0xff, 0x0f,
	0x00, 0xf0, 0x00, 0x00, 0x0f, 0xf0, 0xf0, 0x0f, 0xf0, 0xf0, 0x00, 0x0f, 0xf0, 0x0f, 0x0f, 0xff,
	0xff, 0xf0, 0xf0, 0x0f, 0xf0, 0x00, 0xff, 0xff, 0xf0, 0xff, 0xf0, 0x00, 0x0f, 0x0f, 0xf0, 0x0f,
	0x00, 0x0f, 0xff, 0xf0, 0x0f, 0xf0, 0x0f, 0xf0, 0x00, 0xff, 0xff, 0x0f, 0xff, 0xff, 0xff, 0x00,
	0x00, 0xf0, 0x0f, 0x00, 0xf0, 0x00, 0x00, 0x00, 0x00, 0x00, 0xf0, 0xf0, 0xff, 0x00, 0xff, 0x00,
	0x0f, 0x0f, 0x00, 0x0f, 0x00, 0xff, 0x00, 0xff, 0x00, 0xff, 0x00, 0x00, 0x0f, 0x00, 0x0f, 0x00,
	0xf0, 0x0f, 0xf0, 0xff, 0xf0, 0xff, 0x00, 0x00, 0x00, 0xff, 0x0f, 0x00, 0x00, 0xf0, 0xf0, 0x0f,
	0x00, 0x00, 0xf0, 0x00, 0x00, 0x00, 0xff, 0x00, 0x00, 0x0f, 0xff, 0x00, 0x00, 0x00, 0xf0, 0x00,
	0xff, 0x00, 0x0f, 0x00, 0x00, 0xff, 0xf0, 0x00, 0x00, 0xff, 0x00, 0x00, 0xff, 0x0f, 0xf0, 0x00,
	0x00, 0xff, 0xf0, 0x00, 0x00, 0x00, 0x0f, 0x00, 0x00, 0x00, 0x00, 0xff, 0xf0, 0x00, 0x00, 0x00,
	0x00, 0xf0, 0xf0, 0x0f, 0x00, 0x0f, 0xff, 0xff, 0xf0, 0xf0, 0xf0, 0x00, 0x00, 0xff, 0x00, 0xff,
	0x00, 0xf0, 0x00, 0xff, 0x00, 0x00, 0x00, 0x00, 0x00, 0xf0, 0x00, 0x00, 0xff, 0x00, 0xff, 0xff,
	0x0f, 0xf0, 0x00, 0x00, 0x00, 0x0f, 0xf0, 0x00, 0x00, 0x0f, 0x00, 0x0f, 0xff, 0xff, 0x00, 0x00,
	0x0f, 0x00, 0x0f, 0x00, 0x00, 0x0f, 0xff, 0x00, 0xf0, 0x00, 0xff, 0x00, 0x0f, 0x00, 0xff, 0x0f,
	0x0f, 0xf0, 0x00, 0xf0, 0xf0, 0xff, 0xf0, 0x0f, 0x0f, 0x00, 0xf0, 0xf0, 0x0f, 0xf0, 0xf0, 0x00,
	0xff, 0x00, 0xf0, 0xff, 0xff, 0xff, 0x00, 0x0f, 0xff, 0x0f, 0x00, 0x00, 0x00, 0x00, 0x00, 0xf0,
	0xff, 0x00, 0x0f, 0xff, 0xf0, 0xf0, 0x0f, 0x0f, 0x00, 0x00, 0x00, 0x00, 0xf0, 0x00, 0xff, 0x00,
	0xff, 0xf0, 0xf0, 0xf0, 0x00, 0xff, 0x0f, 0xff, 0x0f, 0x00, 0x00, 0xff, 0x00, 0x0f, 0x0f, 0x00,
	0x0f, 0x00, 0xf0, 0xf0, 0x00, 0xff, 0xf0, 0xff, 0xf0, 0x0f, 0xff, 0xff, 0x00, 0xff, 0xf0, 0x0f,
	0xff, 0x00, 0xff, 0xff, 0xf0, 0xff, 0xf0, 0xff, 0xf0, 0x0f, 0xff, 0xf0, 0x00, 0xf0, 0x00, 0xff,
	0xff, 0xf0, 0xf0, 0x0f, 0xff, 0xff, 0x00, 0x0f, 0xf0, 0xff, 0xff, 0xff, 0xf0, 0xf0, 0xf0, 0x00,
	0x00, 0x00, 0xff, 0xf0, 0x00, 0xf0, 0x00, 0x00, 0x00, 0x0f, 0xf0, 0xff, 0x0f, 0xff, 0xff, 0xff,
	0xf0, 0xf0, 0xf0, 0xff, 0xff, 0xff, 0xf0, 0x00, 0xff, 0xf0, 0xf0, 0xf0, 0xff, 0x00, 0xff, 0xff,
	0xf0, 0xf0, 0xff, 0x0f, 0xf0, 0xf0, 0x0f, 0x00, 0x00, 0xf0, 0xf0, 0xff, 0x0f, 0xff, 0x0f, 0x0f,
	0x0f, 0xff, 0xff, 0xff, 0xf0, 0xf0, 0xf0, 0xf0, 0x00, 0xff, 0xf0, 0xff, 0xff, 0xf0, 0xf0, 0x00,
	0xf0, 0xff, 0x0f, 0x00, 0x0f, 0xf0, 0x00, 0xff, 0xff, 0xff, 0xf0, 0x0f, 0x00, 0xf0, 0xff, 0xf0,
	0x0f, 0x00, 0x0f, 0xf0, 0x00, 0x00, 0x00, 0xf0, 0xf0, 0x00, 0x00, 0x00, 0x00, 0x0f, 0xf0, 0xff,
	0x00, 0xff, 0x0f, 0x00, 0x0f, 0x00, 0x00, 0x0f, 0xf0, 0xf0, 0x0f, 0x0f, 0x00, 0xf0, 0xff, 0x0f,
	0x00, 0x00, 0x00, 0x0f, 0x00, 0x00, 0x0f, 0x00, 0x0f, 0xf0, 0x00, 0xf0, 0xff, 0x0f, 0xff, 0x0f,
	0xff, 0x00, 0xff, 0x0f, 0xf0, 0x0f, 0xff, 0x0f, 0xf0, 0x0f, 0x0f, 0xf0, 0x0f, 0xf0, 0x0f, 0x0f,
	0xff, 0x0f, 0xf0, 0xff, 0x0f, 0xff, 0xf0, 0xf0, 0xf0, 0x0f, 0x00, 0x0f, 0xf0, 0x0f, 0x0f, 0x0f,
	0xf0, 0x00, 0xff, 0x00, 0xff, 0x00, 0x00, 0xff, 0xf0, 0xff, 0xff, 0xff, 0x00, 0x0f, 0x0f, 0x00,
	0xf0, 0x00, 0xff, 0x00, 0xff, 0xf0, 0x0f, 0x0f, 0xff, 0x00, 0x0f, 0xf0, 0x00, 0x0f, 0xff, 0xff,
	0xff, 0x0f, 0x00, 0x00, 0xf0, 0x00, 0xf0, 0x00, 0x00, 0xf0, 0xf0, 0x00, 0xff, 0x00, 0xff, 0x0f,
	0x0f, 0xff, 0xff, 0xff, 0x00, 0x00, 0xf0, 0xf0, 0x00, 0xf0, 0xff, 0x00, 0x0f, 0xff, 0xf0, 0x0f,
	0x0f, 0xff, 0x0f, 0x00, 0x0f, 0xf0, 0x0f, 0xf0, 0x00, 0x00, 0x00, 0x0f, 0x00, 0xff, 0xff, 0xff,
	0x00, 0xf0, 0xf0, 0x00, 0x0f, 0xf0, 0xff, 0xf0, 0x00, 0x0f, 0xff, 0xff, 0x00, 0xff, 0xf0, 0xff,
	0xf0, 0xf0, 0x0f, 0xff, 0xff, 0x0f, 0xf0, 0xff, 0xff, 0xf0, 0xf0, 0xff, 0xff, 0xff, 0xff, 0x0f,
	0xf0, 0x00, 0xf0, 0xf0, 0x00, 0xff, 0x0f, 0xff, 0xff, 0xf0, 0xff, 0xff, 0xf0, 0xff, 0xf0, 0xff,
	0x0f, 0xf0, 0xf0, 0x0f, 0xf0, 0xf0, 0xff, 0x00, 0xf0, 0xff, 0x00, 0xf0, 0xf0, 0x0f, 0xf0, 0x0f,
	0x0f, 0xff, 0xf0, 0xff, 0x0f, 0x0f, 0xf0, 0x00, 0xff, 0x00, 0xff, 0xff, 0xf0, 0x0f, 0xf0, 0xf0,
	0x0f, 0x00, 0x0f, 0xf0, 0xff, 0xf0, 0x0f, 0xf0, 0xf0, 0x00, 0xf0, 0x0f, 0xff, 0x0f, 0xff, 0x00,
	0xff, 0x0f, 0x0f, 0xf0, 0xf0, 0xff, 0xff, 0xff, 0xf0, 0xff, 0xf0, 0x00, 0x00, 0x0f, 0xf0, 0x0f,
	0xff, 0xff, 0xf0, 0xf0, 0xf0, 0x0f, 0xf0, 0xf0, 0xff, 0x0f, 0x00, 0x0f, 0x0f, 0x0f, 0xf0, 0x0f,
	0xff, 0x0f, 0x0f, 0x0f, 0xff, 0xf0, 0xf0, 0x0f, 0xf0, 0x0f, 0x0f, 0x0f, 0x00, 0xff, 0x0f, 0xf0,
	0xf0, 0xff, 0xff, 0xff, 0xff, 0x0f, 0xff, 0x00, 0xf0, 0x0f, 0xff, 0xf0, 0x0f, 0xf0, 0xf0, 0xff,
	0xff, 0xff, 0xff, 0x0f, 0x0f, 0xff, 0xff, 0x0f, 0xf0, 0xf0, 0xff, 0x0f, 0x0f, 0x0f, 0x0f, 0x0f,
	0xff, 0xf0, 0x0f, 0xf0, 0x0f, 0xff, 0xff, 0x0f, 0x00, 0xff, 0xf0, 0xff, 0x0f, 0xff, 0xff, 0xf0,
	0xff, 0xf0, 0xf0, 0xf0, 0x0f, 0xf0, 0xff, 0xff, 0xff, 0xf0, 0xf0, 0xff, 0xff, 0x0f, 0xff, 0xff,
	0xff, 0x0f, 0xff, 0xf0, 0x00, 0x0f, 0x0f, 0xff, 0xff, 0x0f, 0xff, 0x0f, 0x0f, 0x0f, 0xf0, 0x0f,
	0x00, 0xf0, 0xff, 0x0f, 0xff, 0xff, 0xf0, 0xff, 0xf0, 0xf0, 0xff, 0x00, 0xf0, 0xff, 0xf0, 0xf0,
	0x0f, 0x0f, 0xf0, 0xff, 0xff, 0xff, 0xf0, 0xf0, 0xff, 0xf0, 0xff, 0xf0, 0x0f, 0x00, 0x0f, 0xff,
	0xff, 0x0f, 0xff, 0xf0, 0xff, 0x00, 0x0f, 0x0f, 0x0f, 0x0f, 0xf0, 0xf0, 0x0f, 0xff, 0xf0, 0xf0,
	0x0f, 0x00, 0x00, 0x0f, 0xff, 0xf0, 0xff, 0xf0, 0xff, 0x0f, 0xff, 0x00, 0xff, 0xf0, 0xff, 0xf0,
	0x0f, 0x0f, 0xf0, 0x0f, 0x0f, 0xff, 0x0f, 0x0f, 0x00, 0xff, 0x00, 0xf0, 0xf0, 0xff, 0xf0, 0x0f,
	0xf0, 0x0f, 0xff, 0xff, 0xff, 0xf0, 0xf0, 0xff, 0x00, 0xff, 0xff, 0xf0, 0xff, 0x0f, 0x00, 0x00,
	0xf0, 0xf0, 0xf0, 0xf0, 0xf0, 0x00, 0xff, 0x0f, 0x0f, 0xff, 0x0f, 0xf0, 0xff, 0xf0, 0x00, 0xf0,
	0xff, 0xf0, 0x0f, 0xf0, 0x0f, 0x0f, 0xff, 0x0f, 0x0f, 0xf0, 0xff, 0xff, 0xff, 0xff, 0x0f, 0x0f,
	0xf0, 0xff, 0xff, 0xf0, 0xf0, 0xff, 0x0f, 0x0f, 0x0f, 0xff, 0xff, 0x0f, 0xff, 0x0f, 0xf0, 0x0f,
	0xff, 0xf0, 0x0f, 0x0f, 0x0f, 0xf0, 0x0f, 0xff, 0xf0, 0xf0, 0xf0, 0xf0, 0x0f, 0xf0, 0x0f, 0xf0,
	0x0f, 0xff, 0xf0, 0x0f, 0xff, 0x0f, 0x0f, 0xf0, 0x0f, 0x0f, 0xf0, 0x0f, 0x0f, 0xff, 0x0f, 0xff,
	0xff, 0x0f, 0x0f, 0xf0, 0xff, 0x0f, 0xff, 0x0f, 0xf0, 0x0f, 0xff, 0xf0, 0x0f, 0xf0, 0xf0, 0xff,
	0xf0, 0x0f, 0xff, 0xf0, 0xff, 0xff, 0xf0, 0x00, 0xf0, 0xf0, 0xff, 0x0f, 0x0f, 0xff, 0xf0, 0xf0,
	0x0f, 0xff, 0x0f, 0xf0, 0xf0, 0x0f, 0xff, 0x00, 0xf0, 0x0f, 0xff, 0x0f, 0xff, 0xff, 0xf0, 0xf0,
	0xf0, 0x0f, 0xf0, 0xff, 0xff, 0x0f, 0xff, 0xff, 0xff, 0xff, 0x0f, 0x0f, 0x0f, 0xf0, 0xf0, 0xf0,
	0x0f, 0x0f, 0x0f, 0x0f, 0x0f, 0xf0, 0xf0, 0xf0, 0x0f, 0xf0, 0xf0, 0xff, 0xf0, 0x0f, 0xff, 0xff,
	0xff, 0xff, 0x0f, 0xf0, 0xf0, 0xff, 0x0f, 0xff, 0x0f, 0xf0, 0x00, 0xf0, 0xf0, 0xf0, 0x0f, 0x0f,
	0xf0, 0xf0, 0xf0, 0x0f, 0xf0, 0xf0, 0xff, 0xff, 0x0f, 0xf0, 0xff, 0xff, 0xff, 0xf0, 0x0f, 0x0f,
	0xff, 0x0f, 0xff, 0xf0, 0xf0, 0xff, 0xf0, 0x0f, 0xf0, 0xff, 0x0f, 0x0f, 0x0f, 0x0f, 0xff, 0xff,
	0xf0, 0xf0, 0xf0, 0xff, 0x0f, 0x0f, 0x0f, 0xf0, 0xff, 0xff, 0x0f, 0xf0, 0x0f, 0xf0, 0xf0, 0x0f,
	0xf0, 0xff, 0x0f, 0x0f, 0xff, 0x0f, 0x0f, 0xf0, 0xff, 0xf0, 0xf0, 0xf0, 0x0f, 0xf0, 0x0f, 0x00,
	0xff, 0xf0, 0x0f, 0xf0, 0x0f, 0xff, 0xff, 0xf0, 0x0f, 0xf0, 0xf0, 0xff, 0xff, 0xf0, 0xf0, 0xf0,
	0xf0, 0xf0, 0xff, 0xf0, 0xf0, 0xf0, 0x0f, 0xf0, 0xff, 0xf0, 0xff, 0xff, 0xff, 0xf0, 0xff, 0x0f,
	0xf0, 0xff, 0x0f, 0xf0, 0xf0, 0xf0, 0xf0, 0xf0, 0x0f, 0xff, 0xf0, 0x0f, 0x0f, 0x0f, 0xff, 0x0f,
	0x0f, 0x0f, 0xff, 0xf0, 0xff, 0xff, 0xf0, 0x00, 0xff, 0xf0, 0xf0, 0xff, 0xff, 0xf0, 0xf0, 0xff,
	0xf0, 0x0f, 0xff, 0x0f, 0x0f, 0xf0, 0xf0, 0xff, 0x0f, 0x0f, 0x0f, 0xff, 0xff, 0x0f, 0x0f, 0xff,
	0xff, 0xf0, 0xff, 0xff, 0x0f, 0xff, 0x0f, 0xff, 0xff, 0xff, 0x0f, 0xf0, 0xff, 0x0f, 0xf0, 0xff,
	0xff, 0xff, 0xff, 0xff, 0xff, 0xff, 0xff, 0xff, 0xff, 0xff, 0xff, 0xff, 0xff, 0xff, 0xff, 0xff,
	0xff, 0xff, 0xff, 0xff, 0xff, 0xff, 0xff, 0xff, 0xff, 0xff, 0xff, 0xff, 0xff, 0xff, 0xff, 0xff,
	0xff, 0xff, 0xff, 0xff, 0xff, 0xff, 0xff, 0xff, 0xff, 0xff, 0xff, 0xff, 0xff, 0xff, 0xff, 0xff,
	0xff, 0xff, 0xff, 0xff, 0xff, 0xff, 0xff, 0xff, 0xff, 0xff, 0xff, 0xff, 0xff, 0xff, 0xff, 0xff,
	0xff, 0xff, 0xff, 0xff, 0xff, 0xff, 0xff, 0xff, 0xff, 0xff, 0xff, 0xff, 0xff, 0xff, 0xff, 0xff,
	0xff, 0xff, 0xff, 0xff, 0xff, 0xff, 0xff, 0xff, 0xff, 0xff, 0xff, 0xff, 0xff, 0xff, 0xff, 0xff,
	0xff, 0xff, 0xff, 0xff, 0xff, 0xff, 0xff, 0xff, 0xff, 0xff, 0xff, 0xff, 0xff, 0xff, 0xff, 0xff,
	0xff, 0xff, 0xff, 0xff, 0xff, 0xff, 0xff, 0xff, 0xff, 0xff, 0xff, 0xff, 0xff, 0xff, 0xff, 0xff,
	0xff, 0xff, 0xff, 0xff, 0xff, 0xff, 0xff, 0xff, 0xff, 0xff, 0xff, 0xff, 0xff, 0xff, 0xff, 0xff,
	0xff, 0xff, 0xff, 0xff, 0xff, 0xff, 0xff, 0xff, 0xff, 0xff, 0xff, 0xff, 0xff, 0xff, 0xff, 0xff,
	0xff, 0xff, 0xff, 0xff, 0xff, 0xff, 0xff, 0xff, 0xff, 0xff, 0xff, 0xff, 0xff, 0xff, 0xff, 0xff,
	0xff, 0xff, 0xff, 0xff, 0xff, 0xff, 0xff, 0xff, 0xff, 0xff, 0xff, 0xff, 0xff, 0xff, 0xff, 0xff,
	0xff, 0xff, 0xff, 0xff, 0xff, 0xff, 0xff, 0xff, 0xff, 0xff, 0xff, 0xff, 0xff, 0xff, 0xff, 0xff,
	0xff, 0xff, 0xff, 0xff, 0xff, 0xff, 0xff, 0xff, 0xff, 0xff, 0xff, 0xff, 0xff, 0xff, 0xff, 0xff,
	0xff, 0xff, 0xff, 0xff, 0xff, 0xff, 0xff, 0xff, 0xff, 0xff, 0xff, 0xff, 0xff, 0xff, 0xff, 0xff,
	0xff, 0xff, 0xff, 0xff, 0xff, 0xff, 0xff, 0xff, 0xff, 0xff, 0xff, 0xff, 0xff, 0xff, 0xff, 0xff,
	0xff, 0xff, 0xff, 0xff, 0xff, 0xff, 0xff, 0xff, 0xff, 0xff, 0xff, 0xff, 0xff, 0xff, 0xff, 0xff,
	0xff, 0xff, 0xff, 0xff, 0xff, 0xff, 0xff, 0xff, 0xff, 0xff, 0xff, 0xff, 0xff, 0xff, 0xff, 0xff,
	0xff, 0xff, 0xff, 0xff, 0xff, 0xff, 0xff, 0xff, 0xff, 0xff, 0xff, 0xff, 0xff, 0xff, 0xff, 0xff,
	0xff, 0xff, 0xff, 0xff, 0xff, 0xff, 0xff, 0xff, 0xff, 0xff, 0xff, 0xff, 0xff, 0xff, 0xff, 0xff,
};
