/* GENERATED by recon/application/gen_app_string_rodata.py - do not edit.
 *
 * Byte-exact CPUAPP rodata STRING objects for the `rodata_<hex>` symbols that
 * the cohesive link otherwise resolved to ORIGINAL-image absolute addresses
 * (PROVIDE pins in recon/symbols/g1_app_globals.ld).  See the generator's
 * docstring for the measured failure this closes (the __sprintf_chk buffer
 * overflow in bt_start's device-name formatting).
 *
 * Bytes are read from app_update.bin through tools/extract.py.  Each object
 * carries its original VA so the mapping stays reversible.
 */

/* 0x243dc */ const unsigned char rodata_243dc[3] = { 0x54, 0x75, 0x00 };
/* 0x88434 */ const unsigned char rodata_88434[2] = { 0x20, 0x00 };
/* 0x8843e */ const unsigned char rodata_8843e[2] = { 0x20, 0x00 };
/* 0x8a208 */ const unsigned char rodata_8a208[2] = { 0x22, 0x00 };
/* 0x8ac20 */ const unsigned char rodata_8ac20[4] = { 0x3a, 0x79, 0x0d, 0x00 };
/* 0x8ac2c -- WITHDRAWN, P4 iteration 35.  Those bytes are not a string: they
 * are element [3] of the byte-verified recon/data table rodata_0x8ac20, the
 * 96-entry glyph count of font style 3 that get_font_style3_glyph_offset
 * (0x457f4) loads with `*(volatile int*)`.  The 2-byte stub made that load
 * read two bytes past the object.  The pin is now
 * `PROVIDE(rodata_8ac2c = rodata_0x8ac20 + 0xc)` in
 * recon/symbols/g1_app_globals.ld, so it is no longer a numeric literal and
 * gen_app_string_rodata.py no longer selects it: a regeneration reproduces
 * this file without the line. */
/* 0x8ad40 -- WITHDRAWN, P4 iteration 31.  Those bytes are not a string: they
 * are the first word of the NUS TX value ATTRIBUTE (`uuid = 0x20003559`) in
 * the shipped `attrs_nus_svc[]` at 0x8ad18, and the pin is the `&attrs[2]`
 * operand of the recovered bt_nus_send.  It is now bound onto the emitted
 * service (recon/application/app/src/g1_bt_nus_service.c) by
 * `PROVIDE(rodata_8ad40 = attr_g1_nus_svc + 40)`, so the pin is no longer a
 * numeric literal and gen_app_string_rodata.py no longer selects it: a
 * regeneration reproduces this file without the line. */
/* 0x9890c -- WITHDRAWN, P4 iteration 33.  Those bytes are not a string: they
 * are the 332-entry default-font glyph DIRECTORY (u16 codepoint, u8 half
 * width, u8 pad) that get_default_font_glyph_offset (0x45840) walks.  It is
 * now emitted byte-exact, together with the glyph bitmap blob it indexes, by
 * recon/application/app/src/g1_app_font_rodata.c, and its numeric pin is gone
 * from recon/symbols/g1_app_globals.ld, so gen_app_string_rodata.py no longer
 * selects it: a regeneration reproduces this file without the line. */
/* 0x98e3c, 0x98fbc, 0x98fe8 -- WITHDRAWN, P4 iteration 35, for exactly the
 * reason 0x9890c was withdrawn in iteration 33: they are not strings, they are
 * the glyph DIRECTORIES (u16 codepoint, u8 half width, u8 pad) of the three
 * remaining font families -- style 3 (96 entries), the small clock digits (11)
 * and the large clock digits (11).  All three are now emitted byte-exact,
 * together with the bitmap run they index, by
 * recon/application/app/src/g1_app_font_rodata.c +
 * recon/application/rodata/g1_app_rodata_02.c, and their numeric pins are gone
 * from recon/symbols/g1_app_globals.ld, so gen_app_string_rodata.py no longer
 * selects them: a regeneration reproduces this file without the lines. */
/* 0x990cf */ const unsigned char rodata_990cf[13] = { 0x72, 0x75, 0x6e, 0x74, 0x69, 0x6d, 0x65, 0x5f, 0x6d, 0x6f, 0x64, 0x65, 0x00 };
/* 0x990dc */ const unsigned char rodata_990dc[41] = { 0x25, 0x73, 0x28, 0x29, 0x3a, 0x20, 0x66, 0x61, 0x69, 0x6c, 0x65, 0x64, 0x20, 0x74, 0x6f, 0x20, 0x73, 0x77, 0x69, 0x74, 0x63, 0x68, 0x20, 0x74, 0x6f, 0x20, 0x62, 0x6c, 0x65, 0x20, 0x6d, 0x6f, 0x64, 0x65, 0x20, 0x5b, 0x25, 0x64, 0x5d, 0x0a, 0x00 };
/* 0x99105 */ const unsigned char rodata_99105[46] = { 0x25, 0x73, 0x28, 0x29, 0x3a, 0x20, 0x73, 0x79, 0x73, 0x20, 0x72, 0x65, 0x62, 0x6f, 0x6f, 0x74, 0x20, 0x62, 0x65, 0x63, 0x61, 0x75, 0x73, 0x65, 0x20, 0x73, 0x79, 0x73, 0x74, 0x65, 0x6d, 0x20, 0x72, 0x65, 0x73, 0x65, 0x74, 0x20, 0x25, 0x64, 0x2c, 0x20, 0x25, 0x64, 0x0a, 0x00 };
/* 0x99133 */ const unsigned char rodata_99133[31] = { 0x25, 0x73, 0x28, 0x29, 0x3a, 0x20, 0x73, 0x6c, 0x61, 0x76, 0x65, 0x20, 0x72, 0x65, 0x63, 0x76, 0x20, 0x73, 0x61, 0x6d, 0x65, 0x20, 0x70, 0x61, 0x63, 0x6b, 0x61, 0x67, 0x65, 0x0a, 0x00 };
/* 0x99152 */ const unsigned char rodata_99152[87] = { 0x25, 0x73, 0x28, 0x29, 0x3a, 0x20, 0x23, 0x23, 0x23, 0x23, 0x23, 0x23, 0x23, 0x23, 0x23, 0x23, 0x23, 0x23, 0x23, 0x23, 0x23, 0x6c, 0x6f, 0x73, 0x73, 0x20, 0x70, 0x61, 0x63, 0x6b, 0x61, 0x67, 0x65, 0x20, 0x6e, 0x65, 0x77, 0x5f, 0x64, 0x61, 0x74, 0x61, 0x5f, 0x70, 0x6b, 0x67, 0x2d, 0x3e, 0x70, 0x61, 0x63, 0x6b, 0x61, 0x67, 0x65, 0x5f, 0x69, 0x64, 0x20, 0x25, 0x64, 0x20, 0x64, 0x61, 0x74, 0x61, 0x5f, 0x70, 0x6b, 0x67, 0x2d, 0x3e, 0x70, 0x61, 0x63, 0x6b, 0x61, 0x67, 0x65, 0x5f, 0x69, 0x64, 0x20, 0x25, 0x64, 0x0a, 0x00 };
/* 0x99228 */ const unsigned char rodata_99228[39] = { 0x25, 0x73, 0x28, 0x29, 0x3a, 0x20, 0x73, 0x6c, 0x61, 0x76, 0x65, 0x20, 0x65, 0x76, 0x65, 0x6e, 0x20, 0x61, 0x69, 0x20, 0x72, 0x65, 0x63, 0x76, 0x20, 0x64, 0x6f, 0x77, 0x6e, 0x20, 0x72, 0x65, 0x63, 0x76, 0x69, 0x6e, 0x67, 0x0a, 0x00 };
/* 0x99297 */ const unsigned char rodata_99297[74] = { 0x25, 0x73, 0x28, 0x29, 0x3a, 0x20, 0x23, 0x23, 0x23, 0x23, 0x23, 0x23, 0x23, 0x23, 0x23, 0x23, 0x25, 0x73, 0x20, 0x25, 0x64, 0x20, 0x53, 0x59, 0x4e, 0x43, 0x5f, 0x44, 0x49, 0x53, 0x50, 0x4c, 0x41, 0x59, 0x5f, 0x43, 0x4d, 0x44, 0x5f, 0x43, 0x4f, 0x4d, 0x46, 0x49, 0x52, 0x4d, 0x5f, 0x4e, 0x4f, 0x54, 0x49, 0x46, 0x59, 0x5f, 0x46, 0x49, 0x52, 0x53, 0x54, 0x20, 0x73, 0x6c, 0x61, 0x76, 0x65, 0x20, 0x62, 0x65, 0x66, 0x6f, 0x72, 0x65, 0x0a, 0x00 };
/* 0x992e1 */ const unsigned char rodata_992e1[72] = { 0x25, 0x73, 0x28, 0x29, 0x3a, 0x20, 0x23, 0x23, 0x23, 0x23, 0x23, 0x23, 0x23, 0x23, 0x23, 0x23, 0x25, 0x73, 0x20, 0x25, 0x64, 0x20, 0x53, 0x59, 0x4e, 0x43, 0x5f, 0x44, 0x49, 0x53, 0x50, 0x4c, 0x41, 0x59, 0x5f, 0x43, 0x4d, 0x44, 0x5f, 0x43, 0x4f, 0x4d, 0x46, 0x49, 0x52, 0x4d, 0x5f, 0x4e, 0x4f, 0x54, 0x49, 0x46, 0x59, 0x5f, 0x45, 0x4e, 0x44, 0x20, 0x73, 0x6c, 0x61, 0x76, 0x65, 0x20, 0x62, 0x65, 0x66, 0x6f, 0x72, 0x65, 0x0a, 0x00 };
/* 0x99329 */ const unsigned char rodata_99329[28] = { 0x25, 0x73, 0x28, 0x29, 0x3a, 0x20, 0x43, 0x6f, 0x75, 0x6c, 0x64, 0x20, 0x6e, 0x6f, 0x74, 0x20, 0x73, 0x65, 0x74, 0x20, 0x6c, 0x64, 0x73, 0x77, 0x31, 0x2e, 0x0a, 0x00 };
/* 0x99345 */ const unsigned char rodata_99345[35] = { 0x25, 0x73, 0x28, 0x29, 0x3a, 0x20, 0x65, 0x6e, 0x61, 0x62, 0x6c, 0x65, 0x20, 0x6c, 0x64, 0x73, 0x77, 0x31, 0x20, 0x31, 0x2e, 0x38, 0x76, 0x20, 0x66, 0x6f, 0x72, 0x20, 0x70, 0x61, 0x6e, 0x65, 0x6c, 0x0a, 0x00 };
/* 0x9938c */ const unsigned char rodata_9938c[25] = { 0x25, 0x73, 0x28, 0x29, 0x3a, 0x20, 0x73, 0x65, 0x74, 0x20, 0x62, 0x75, 0x63, 0x6b, 0x32, 0x20, 0x74, 0x6f, 0x20, 0x31, 0x2e, 0x31, 0x76, 0x0a, 0x00 };
/* 0x9940b */ const unsigned char rodata_9940b[28] = { 0x25, 0x73, 0x28, 0x29, 0x3a, 0x20, 0x43, 0x6f, 0x75, 0x6c, 0x64, 0x20, 0x6e, 0x6f, 0x74, 0x20, 0x73, 0x65, 0x74, 0x20, 0x62, 0x75, 0x63, 0x6b, 0x32, 0x2e, 0x0a, 0x00 };
/* 0x99427 */ const unsigned char rodata_99427[21] = { 0x25, 0x73, 0x28, 0x29, 0x3a, 0x20, 0x65, 0x6e, 0x61, 0x62, 0x6c, 0x65, 0x20, 0x62, 0x75, 0x63, 0x6b, 0x32, 0x2e, 0x0a, 0x00 };
/* 0x9945a */ const unsigned char rodata_9945a[28] = { 0x25, 0x73, 0x28, 0x29, 0x3a, 0x20, 0x43, 0x6f, 0x75, 0x6c, 0x64, 0x20, 0x6e, 0x6f, 0x74, 0x20, 0x73, 0x65, 0x74, 0x20, 0x6c, 0x64, 0x73, 0x77, 0x32, 0x2e, 0x0a, 0x00 };
/* 0x9949a */ const unsigned char rodata_9949a[31] = { 0x25, 0x73, 0x28, 0x29, 0x3a, 0x20, 0x74, 0x75, 0x72, 0x6e, 0x20, 0x6f, 0x66, 0x66, 0x20, 0x2d, 0x32, 0x76, 0x20, 0x66, 0x6f, 0x72, 0x20, 0x70, 0x61, 0x6e, 0x65, 0x6c, 0x2e, 0x0a, 0x00 };
/* 0x994b9 */ const unsigned char rodata_994b9[26] = { 0x25, 0x73, 0x28, 0x29, 0x3a, 0x20, 0x64, 0x69, 0x73, 0x61, 0x62, 0x6c, 0x65, 0x20, 0x62, 0x75, 0x63, 0x6b, 0x32, 0x20, 0x31, 0x2e, 0x32, 0x76, 0x0a, 0x00 };
/* 0x9951c */ const unsigned char rodata_9951c[12] = { 0x30, 0x78, 0x31, 0x30, 0x20, 0x69, 0x73, 0x20, 0x25, 0x78, 0x0a, 0x00 };
/* 0x99528 */ const unsigned char rodata_99528[12] = { 0x30, 0x78, 0x31, 0x31, 0x20, 0x69, 0x73, 0x20, 0x25, 0x78, 0x0a, 0x00 };
/* 0x99534 */ const unsigned char rodata_99534[12] = { 0x30, 0x78, 0x31, 0x32, 0x20, 0x69, 0x73, 0x20, 0x25, 0x78, 0x0a, 0x00 };
/* 0x99540 */ const unsigned char rodata_99540[12] = { 0x30, 0x78, 0x31, 0x33, 0x20, 0x69, 0x73, 0x20, 0x25, 0x78, 0x0a, 0x00 };
/* 0x9954c */ const unsigned char rodata_9954c[12] = { 0x30, 0x78, 0x31, 0x34, 0x20, 0x69, 0x73, 0x20, 0x25, 0x78, 0x0a, 0x00 };
/* 0x99558 */ const unsigned char rodata_99558[12] = { 0x30, 0x78, 0x31, 0x35, 0x20, 0x69, 0x73, 0x20, 0x25, 0x78, 0x0a, 0x00 };
/* 0x99564 */ const unsigned char rodata_99564[12] = { 0x30, 0x78, 0x31, 0x36, 0x20, 0x69, 0x73, 0x20, 0x25, 0x78, 0x0a, 0x00 };
/* 0x99570 */ const unsigned char rodata_99570[12] = { 0x30, 0x78, 0x31, 0x37, 0x20, 0x69, 0x73, 0x20, 0x25, 0x78, 0x0a, 0x00 };
/* 0x9957c */ const unsigned char rodata_9957c[93] = { 0x25, 0x73, 0x28, 0x29, 0x3a, 0x20, 0x2d, 0x2d, 0x72, 0x6f, 0x6c, 0x65, 0x3a, 0x25, 0x64, 0x20, 0x2d, 0x2d, 0x6d, 0x6f, 0x64, 0x65, 0x3a, 0x25, 0x64, 0x2c, 0x20, 0x65, 0x73, 0x62, 0x5f, 0x63, 0x68, 0x61, 0x6e, 0x6e, 0x65, 0x6c, 0x20, 0x25, 0x64, 0x20, 0x2d, 0x2d, 0x72, 0x65, 0x74, 0x3a, 0x25, 0x64, 0x20, 0x65, 0x73, 0x62, 0x5f, 0x6d, 0x61, 0x73, 0x74, 0x65, 0x72, 0x5f, 0x61, 0x64, 0x64, 0x72, 0x20, 0x25, 0x30, 0x32, 0x58, 0x20, 0x65, 0x73, 0x62, 0x5f, 0x73, 0x6c, 0x61, 0x76, 0x65, 0x5f, 0x61, 0x64, 0x64, 0x72, 0x20, 0x25, 0x30, 0x32, 0x58, 0x0a, 0x00 };
/* 0x995d9 */ const unsigned char rodata_995d9[44] = { 0x25, 0x73, 0x28, 0x29, 0x3a, 0x20, 0x63, 0x70, 0x75, 0x6e, 0x65, 0x74, 0x20, 0x72, 0x65, 0x71, 0x75, 0x65, 0x73, 0x74, 0x20, 0x73, 0x65, 0x6e, 0x64, 0x20, 0x69, 0x6e, 0x66, 0x6f, 0x20, 0x75, 0x70, 0x74, 0x69, 0x6d, 0x65, 0x20, 0x25, 0x6c, 0x6c, 0x64, 0x0a, 0x00 };
/* 0x99605 */ const unsigned char rodata_99605[51] = { 0x25, 0x73, 0x28, 0x29, 0x3a, 0x20, 0x73, 0x79, 0x73, 0x20, 0x72, 0x65, 0x62, 0x6f, 0x6f, 0x74, 0x20, 0x62, 0x65, 0x63, 0x61, 0x75, 0x73, 0x65, 0x20, 0x72, 0x65, 0x63, 0x76, 0x20, 0x63, 0x70, 0x75, 0x6e, 0x65, 0x74, 0x20, 0x73, 0x79, 0x6e, 0x63, 0x20, 0x70, 0x61, 0x63, 0x6b, 0x61, 0x67, 0x65, 0x0a, 0x00 };
/* 0x99638 */ const unsigned char rodata_99638[107] = { 0x25, 0x73, 0x28, 0x29, 0x3a, 0x20, 0x63, 0x70, 0x75, 0x6e, 0x65, 0x74, 0x20, 0x72, 0x65, 0x71, 0x75, 0x65, 0x73, 0x74, 0x20, 0x75, 0x70, 0x64, 0x61, 0x74, 0x65, 0x20, 0x6d, 0x61, 0x63, 0x61, 0x64, 0x64, 0x72, 0x20, 0x69, 0x6e, 0x66, 0x6f, 0x20, 0x75, 0x70, 0x74, 0x69, 0x6d, 0x65, 0x20, 0x25, 0x6c, 0x6c, 0x64, 0x20, 0x62, 0x74, 0x20, 0x6d, 0x61, 0x63, 0x61, 0x64, 0x64, 0x72, 0x20, 0x65, 0x73, 0x62, 0x5f, 0x6d, 0x61, 0x73, 0x74, 0x65, 0x72, 0x5f, 0x61, 0x64, 0x64, 0x72, 0x20, 0x25, 0x30, 0x32, 0x58, 0x20, 0x65, 0x73, 0x62, 0x5f, 0x73, 0x6c, 0x61, 0x76, 0x65, 0x5f, 0x61, 0x64, 0x64, 0x72, 0x20, 0x25, 0x30, 0x32, 0x58, 0x20, 0x0a, 0x00 };
/* 0x996a3 */ const unsigned char rodata_996a3[16] = { 0x25, 0x73, 0x28, 0x29, 0x3a, 0x20, 0x62, 0x74, 0x5f, 0x72, 0x65, 0x61, 0x64, 0x79, 0x0a, 0x00 };
/* 0x996b3 */ const unsigned char rodata_996b3[48] = { 0x25, 0x73, 0x28, 0x29, 0x3a, 0x20, 0x49, 0x50, 0x43, 0x5f, 0x52, 0x45, 0x53, 0x50, 0x5f, 0x43, 0x50, 0x55, 0x4e, 0x45, 0x54, 0x5f, 0x45, 0x53, 0x42, 0x5f, 0x50, 0x41, 0x43, 0x4b, 0x41, 0x47, 0x45, 0x53, 0x20, 0x25, 0x64, 0x20, 0x25, 0x64, 0x20, 0x25, 0x64, 0x20, 0x25, 0x64, 0x0a, 0x00 };
/* 0x996e3 */ const unsigned char rodata_996e3[36] = { 0x25, 0x73, 0x28, 0x29, 0x3a, 0x20, 0x73, 0x79, 0x6e, 0x63, 0x20, 0x66, 0x61, 0x69, 0x6c, 0x21, 0x20, 0x6c, 0x65, 0x6e, 0x3a, 0x20, 0x25, 0x64, 0x2c, 0x20, 0x64, 0x61, 0x74, 0x61, 0x3d, 0x25, 0x73, 0x0a, 0x0a, 0x00 };
/* 0x99707 */ const unsigned char rodata_99707[31] = { 0x25, 0x73, 0x28, 0x29, 0x3a, 0x20, 0x64, 0x65, 0x6c, 0x65, 0x74, 0x65, 0x20, 0x6d, 0x65, 0x6d, 0x6f, 0x72, 0x79, 0x5f, 0x6b, 0x65, 0x65, 0x70, 0x5f, 0x64, 0x61, 0x74, 0x61, 0x0a, 0x00 };
/* 0x99726 */ const unsigned char rodata_99726[23] = { 0x65, 0x72, 0x61, 0x73, 0x65, 0x5f, 0x64, 0x66, 0x75, 0x5f, 0x66, 0x6c, 0x61, 0x73, 0x68, 0x20, 0x64, 0x6f, 0x6e, 0x65, 0x2e, 0x0a, 0x00 };
/* 0x9976b */ const unsigned char rodata_9976b[30] = { 0x25, 0x73, 0x28, 0x29, 0x3a, 0x20, 0x63, 0x68, 0x61, 0x6e, 0x67, 0x65, 0x5f, 0x77, 0x6f, 0x72, 0x6b, 0x5f, 0x6d, 0x6f, 0x64, 0x65, 0x20, 0x74, 0x6f, 0x20, 0x25, 0x64, 0x0a, 0x00 };
/* 0x99789 */ const unsigned char rodata_99789[41] = { 0x25, 0x73, 0x28, 0x29, 0x3a, 0x20, 0x72, 0x65, 0x63, 0x65, 0x69, 0x76, 0x65, 0x64, 0x20, 0x73, 0x6c, 0x61, 0x76, 0x65, 0x20, 0x64, 0x6f, 0x75, 0x62, 0x6c, 0x65, 0x20, 0x63, 0x6c, 0x69, 0x63, 0x6b, 0x20, 0x65, 0x76, 0x65, 0x6e, 0x74, 0x0a, 0x00 };
/* 0x997b2 */ const unsigned char rodata_997b2[39] = { 0x25, 0x73, 0x28, 0x29, 0x3a, 0x20, 0x72, 0x65, 0x63, 0x65, 0x69, 0x76, 0x65, 0x64, 0x20, 0x53, 0x59, 0x4e, 0x43, 0x5f, 0x44, 0x49, 0x53, 0x50, 0x4c, 0x41, 0x59, 0x5f, 0x46, 0x55, 0x4e, 0x43, 0x5f, 0x44, 0x41, 0x54, 0x41, 0x0a, 0x00 };
/* 0x997d9 */ const unsigned char rodata_997d9[44] = { 0x25, 0x73, 0x28, 0x29, 0x3a, 0x20, 0x6d, 0x61, 0x73, 0x74, 0x65, 0x72, 0x20, 0x73, 0x79, 0x6e, 0x63, 0x20, 0x6f, 0x6e, 0x62, 0x6f, 0x61, 0x72, 0x64, 0x69, 0x6e, 0x67, 0x20, 0x61, 0x63, 0x74, 0x69, 0x6f, 0x6e, 0x5f, 0x63, 0x6d, 0x64, 0x20, 0x25, 0x64, 0x0a, 0x00 };
/* 0x99805 */ const unsigned char rodata_99805[43] = { 0x25, 0x73, 0x28, 0x29, 0x3a, 0x20, 0x6d, 0x61, 0x73, 0x74, 0x65, 0x72, 0x20, 0x73, 0x79, 0x6e, 0x63, 0x20, 0x6e, 0x6f, 0x74, 0x5f, 0x64, 0x69, 0x73, 0x74, 0x75, 0x72, 0x62, 0x20, 0x73, 0x75, 0x62, 0x5f, 0x73, 0x74, 0x65, 0x70, 0x20, 0x25, 0x64, 0x0a, 0x00 };
/* 0x99830 */ const unsigned char rodata_99830[5] = { 0x6d, 0x62, 0x6f, 0x78, 0x00 };
/* 0x99835 */ const unsigned char rodata_99835[39] = { 0x25, 0x73, 0x28, 0x29, 0x3a, 0x20, 0x53, 0x79, 0x6e, 0x63, 0x68, 0x72, 0x6f, 0x6e, 0x69, 0x7a, 0x61, 0x74, 0x69, 0x6f, 0x6e, 0x20, 0x75, 0x73, 0x69, 0x6e, 0x67, 0x20, 0x25, 0x73, 0x20, 0x64, 0x72, 0x69, 0x76, 0x65, 0x72, 0x0a, 0x00 };
/* 0x9985c */ const unsigned char rodata_9985c[61] = { 0x25, 0x73, 0x28, 0x29, 0x3a, 0x20, 0x5b, 0x42, 0x75, 0x69, 0x6c, 0x64, 0x20, 0x49, 0x6e, 0x66, 0x6f, 0x3a, 0x20, 0x56, 0x65, 0x72, 0x3a, 0x76, 0x25, 0x64, 0x2e, 0x25, 0x64, 0x2e, 0x25, 0x64, 0x20, 0x43, 0x6f, 0x6d, 0x6d, 0x69, 0x74, 0x3a, 0x25, 0x73, 0x5d, 0x20, 0x5b, 0x42, 0x75, 0x69, 0x6c, 0x64, 0x20, 0x54, 0x69, 0x6d, 0x65, 0x3a, 0x25, 0x73, 0x5d, 0x0a, 0x00 };
/* 0x99899 */ const unsigned char rodata_99899[20] = { 0x32, 0x30, 0x32, 0x34, 0x2d, 0x31, 0x32, 0x2d, 0x32, 0x38, 0x20, 0x32, 0x30, 0x3a, 0x32, 0x30, 0x3a, 0x34, 0x35, 0x00 };
/* 0x998ad */ const unsigned char rodata_998ad[8] = { 0x31, 0x62, 0x38, 0x35, 0x38, 0x31, 0x35, 0x00 };
/* 0x998b5 */ const unsigned char rodata_998b5[37] = { 0x25, 0x73, 0x28, 0x29, 0x3a, 0x20, 0x5b, 0x63, 0x70, 0x75, 0x61, 0x70, 0x70, 0x5d, 0x20, 0x67, 0x6c, 0x6f, 0x62, 0x61, 0x6c, 0x20, 0x63, 0x6f, 0x6e, 0x74, 0x65, 0x78, 0x74, 0x20, 0x69, 0x6e, 0x69, 0x74, 0x0a, 0x0a, 0x00 };
/* 0x998da */ const unsigned char rodata_998da[13] = { 0x63, 0x70, 0x75, 0x61, 0x70, 0x70, 0x2d, 0x68, 0x77, 0x2d, 0x69, 0x64, 0x00 };
/* 0x998e7 */ const unsigned char rodata_998e7[21] = { 0x63, 0x70, 0x75, 0x6e, 0x65, 0x74, 0x2d, 0x65, 0x73, 0x62, 0x6d, 0x2d, 0x63, 0x70, 0x75, 0x2d, 0x73, 0x79, 0x6e, 0x63, 0x00 };
/* 0x998fc */ const unsigned char rodata_998fc[12] = { 0x63, 0x70, 0x75, 0x6e, 0x65, 0x74, 0x2d, 0x65, 0x73, 0x62, 0x73, 0x00 };
/* 0x99908 */ const unsigned char rodata_99908[17] = { 0x63, 0x70, 0x75, 0x6e, 0x65, 0x74, 0x2d, 0x65, 0x73, 0x62, 0x73, 0x2d, 0x63, 0x74, 0x72, 0x6c, 0x00 };
/* 0x9992e */ const unsigned char rodata_9992e[20] = { 0x25, 0x73, 0x28, 0x29, 0x3a, 0x20, 0x53, 0x6c, 0x61, 0x76, 0x65, 0x21, 0x2d, 0x2d, 0x2d, 0x2d, 0x2d, 0x2d, 0x0a, 0x00 };
/* 0x99942 */ const unsigned char rodata_99942[26] = { 0x25, 0x73, 0x28, 0x29, 0x3a, 0x20, 0x65, 0x72, 0x72, 0x6f, 0x72, 0x20, 0x2d, 0x2d, 0x68, 0x77, 0x5f, 0x69, 0x64, 0x3a, 0x30, 0x78, 0x25, 0x78, 0x0a, 0x00 };
/* 0x9995c */ const unsigned char rodata_9995c[13] = { 0x25, 0x73, 0x28, 0x29, 0x3a, 0x20, 0x65, 0x78, 0x69, 0x74, 0x21, 0x0a, 0x00 };
/* 0x99969 */ const unsigned char rodata_99969[13] = { 0x25, 0x73, 0x28, 0x29, 0x3a, 0x20, 0x65, 0x6e, 0x74, 0x65, 0x72, 0x0a, 0x00 };
/* 0x99976 */ const unsigned char rodata_99976[38] = { 0x25, 0x73, 0x28, 0x29, 0x3a, 0x20, 0x5b, 0x62, 0x6c, 0x65, 0x5f, 0x63, 0x6f, 0x6e, 0x74, 0x65, 0x78, 0x74, 0x20, 0x69, 0x6e, 0x69, 0x74, 0x5d, 0x20, 0x66, 0x61, 0x69, 0x6c, 0x3a, 0x20, 0x30, 0x78, 0x25, 0x78, 0x0a, 0x0a, 0x00 };
/* 0x9999c */ const unsigned char rodata_9999c[38] = { 0x25, 0x73, 0x28, 0x29, 0x3a, 0x20, 0x5b, 0x69, 0x6d, 0x75, 0x5f, 0x63, 0x6f, 0x6e, 0x74, 0x65, 0x78, 0x74, 0x20, 0x69, 0x6e, 0x69, 0x74, 0x5d, 0x20, 0x66, 0x61, 0x69, 0x6c, 0x3a, 0x20, 0x30, 0x78, 0x25, 0x78, 0x0a, 0x0a, 0x00 };
/* 0x999c2 */ const unsigned char rodata_999c2[34] = { 0x25, 0x73, 0x28, 0x29, 0x3a, 0x20, 0x5b, 0x6f, 0x70, 0x74, 0x33, 0x30, 0x30, 0x37, 0x20, 0x69, 0x6e, 0x69, 0x74, 0x5d, 0x20, 0x66, 0x61, 0x69, 0x6c, 0x3a, 0x20, 0x30, 0x78, 0x25, 0x78, 0x0a, 0x0a, 0x00 };
/* 0x999e4 */ const unsigned char rodata_999e4[27] = { 0x70, 0x6d, 0x69, 0x63, 0x20, 0x72, 0x65, 0x67, 0x75, 0x6c, 0x61, 0x74, 0x6f, 0x72, 0x20, 0x6e, 0x6f, 0x74, 0x20, 0x72, 0x65, 0x61, 0x64, 0x79, 0x2e, 0x0a, 0x00 };
/* 0x999ff */ const unsigned char rodata_999ff[36] = { 0x70, 0x6d, 0x69, 0x63, 0x20, 0x72, 0x65, 0x67, 0x75, 0x6c, 0x61, 0x74, 0x6f, 0x72, 0x20, 0x25, 0x73, 0x20, 0x69, 0x73, 0x20, 0x72, 0x65, 0x61, 0x64, 0x79, 0x20, 0x74, 0x6f, 0x20, 0x75, 0x73, 0x65, 0x2e, 0x0a, 0x00 };
/* 0x99a23 */ const unsigned char rodata_99a23[27] = { 0x43, 0x68, 0x61, 0x72, 0x67, 0x65, 0x72, 0x20, 0x64, 0x65, 0x76, 0x69, 0x63, 0x65, 0x20, 0x6e, 0x6f, 0x74, 0x20, 0x72, 0x65, 0x61, 0x64, 0x79, 0x2e, 0x0a, 0x00 };
/* 0x99a3e */ const unsigned char rodata_99a3e[34] = { 0x43, 0x6f, 0x75, 0x6c, 0x64, 0x20, 0x6e, 0x6f, 0x74, 0x20, 0x69, 0x6e, 0x69, 0x74, 0x69, 0x61, 0x6c, 0x69, 0x73, 0x65, 0x20, 0x66, 0x75, 0x65, 0x6c, 0x20, 0x67, 0x61, 0x75, 0x67, 0x65, 0x2e, 0x0a, 0x00 };
/* 0x99a60 */ const unsigned char rodata_99a60[31] = { 0x43, 0x6f, 0x75, 0x6c, 0x64, 0x20, 0x6e, 0x6f, 0x74, 0x20, 0x69, 0x6e, 0x69, 0x74, 0x69, 0x61, 0x6c, 0x69, 0x73, 0x65, 0x20, 0x63, 0x68, 0x61, 0x72, 0x67, 0x65, 0x72, 0x2e, 0x0a, 0x00 };
/* 0x99a7f */ const unsigned char rodata_99a7f[21] = { 0x49, 0x6e, 0x69, 0x74, 0x69, 0x61, 0x6c, 0x69, 0x73, 0x65, 0x20, 0x63, 0x68, 0x61, 0x72, 0x67, 0x65, 0x72, 0x2e, 0x0a, 0x00 };
/* 0x99a94 */ const unsigned char rodata_99a94[16] = { 0x50, 0x4d, 0x49, 0x43, 0x20, 0x64, 0x65, 0x76, 0x69, 0x63, 0x65, 0x20, 0x6f, 0x6b, 0x0a, 0x00 };
/* 0x99aa4 */ const unsigned char rodata_99aa4[43] = { 0x4f, 0x6c, 0x64, 0x20, 0x62, 0x6f, 0x61, 0x72, 0x64, 0x2c, 0x20, 0x6e, 0x65, 0x65, 0x64, 0x20, 0x74, 0x6f, 0x20, 0x72, 0x65, 0x73, 0x74, 0x72, 0x61, 0x69, 0x6e, 0x20, 0x56, 0x74, 0x65, 0x72, 0x6d, 0x20, 0x74, 0x6f, 0x20, 0x34, 0x2e, 0x32, 0x56, 0x0a, 0x00 };
/* 0x99acf */ const unsigned char rodata_99acf[37] = { 0x25, 0x73, 0x28, 0x29, 0x3a, 0x20, 0x5b, 0x73, 0x70, 0x69, 0x5f, 0x6d, 0x61, 0x73, 0x74, 0x65, 0x72, 0x20, 0x69, 0x6e, 0x69, 0x74, 0x5d, 0x20, 0x66, 0x61, 0x69, 0x6c, 0x3a, 0x20, 0x30, 0x78, 0x25, 0x78, 0x0a, 0x0a, 0x00 };
/* 0x99af4 */ const unsigned char rodata_99af4[42] = { 0x25, 0x73, 0x28, 0x29, 0x3a, 0x20, 0x5b, 0x70, 0x61, 0x6e, 0x65, 0x6c, 0x5f, 0x63, 0x6f, 0x6e, 0x74, 0x72, 0x6f, 0x6c, 0x65, 0x72, 0x20, 0x69, 0x6e, 0x69, 0x74, 0x5d, 0x20, 0x66, 0x61, 0x69, 0x6c, 0x3a, 0x20, 0x30, 0x78, 0x25, 0x78, 0x0a, 0x0a, 0x00 };
/* 0x99b1e */ const unsigned char rodata_99b1e[12] = { 0x25, 0x73, 0x28, 0x29, 0x3a, 0x20, 0x65, 0x78, 0x69, 0x74, 0x0a, 0x00 };
/* 0x99b2a */ const unsigned char rodata_99b2a[19] = { 0x73, 0x77, 0x69, 0x74, 0x63, 0x68, 0x5f, 0x74, 0x6f, 0x5f, 0x64, 0x66, 0x75, 0x5f, 0x6d, 0x6f, 0x64, 0x65, 0x00 };
/* 0x99b3d */ const unsigned char rodata_99b3d[15] = { 0x63, 0x6f, 0x6d, 0x70, 0x6f, 0x6e, 0x65, 0x6e, 0x74, 0x5f, 0x69, 0x6e, 0x69, 0x74, 0x00 };
/* 0x99b4c */ const unsigned char rodata_99b4c[10] = { 0x72, 0x6f, 0x6c, 0x65, 0x5f, 0x69, 0x6e, 0x69, 0x74, 0x00 };
/* 0x99b56 */ const unsigned char rodata_99b56[23] = { 0x6c, 0x6f, 0x63, 0x61, 0x6c, 0x5f, 0x69, 0x70, 0x63, 0x5f, 0x73, 0x65, 0x72, 0x76, 0x69, 0x63, 0x65, 0x5f, 0x72, 0x65, 0x63, 0x76, 0x00 };
/* 0x99b6d */ const unsigned char rodata_99b6d[28] = { 0x6c, 0x6f, 0x63, 0x61, 0x6c, 0x5f, 0x65, 0x73, 0x62, 0x6d, 0x5f, 0x69, 0x70, 0x63, 0x5f, 0x73, 0x65, 0x72, 0x76, 0x69, 0x63, 0x65, 0x5f, 0x72, 0x65, 0x63, 0x76, 0x00 };
/* 0x99b89 */ const unsigned char rodata_99b89[28] = { 0x6c, 0x6f, 0x63, 0x61, 0x6c, 0x5f, 0x65, 0x73, 0x62, 0x73, 0x5f, 0x69, 0x70, 0x63, 0x5f, 0x73, 0x65, 0x72, 0x76, 0x69, 0x63, 0x65, 0x5f, 0x72, 0x65, 0x63, 0x76, 0x00 };
/* 0x99ba5 */ const unsigned char rodata_99ba5[13] = { 0x69, 0x6e, 0x69, 0x74, 0x5f, 0x63, 0x6f, 0x6e, 0x74, 0x65, 0x78, 0x74, 0x00 };
/* 0x99bb2 */ const unsigned char rodata_99bb2[5] = { 0x6d, 0x61, 0x69, 0x6e, 0x00 };
/* 0x99bb7 */ const unsigned char rodata_99bb7[17] = { 0x63, 0x68, 0x61, 0x6e, 0x67, 0x65, 0x5f, 0x77, 0x6f, 0x72, 0x6b, 0x5f, 0x6d, 0x6f, 0x64, 0x65, 0x00 };
/* 0x99bd8 */ const unsigned char rodata_99bd8[22] = { 0x72, 0x65, 0x73, 0x65, 0x74, 0x5f, 0x61, 0x6c, 0x6c, 0x5f, 0x73, 0x74, 0x61, 0x74, 0x69, 0x63, 0x5f, 0x69, 0x6e, 0x66, 0x6f, 0x00 };
/* 0x99bee */ const unsigned char rodata_99bee[18] = { 0x72, 0x75, 0x6e, 0x74, 0x69, 0x6d, 0x65, 0x5f, 0x69, 0x6e, 0x66, 0x6f, 0x5f, 0x73, 0x79, 0x6e, 0x63, 0x00 };
/* 0x99c00 */ const unsigned char rodata_99c00[23] = { 0x70, 0x6f, 0x77, 0x65, 0x72, 0x5f, 0x64, 0x6f, 0x77, 0x6e, 0x5f, 0x69, 0x6d, 0x75, 0x5f, 0x61, 0x6e, 0x64, 0x5f, 0x6d, 0x69, 0x63, 0x00 };
/* 0x99c17 */ const unsigned char rodata_99c17[17] = { 0x70, 0x6f, 0x77, 0x65, 0x72, 0x5f, 0x64, 0x6f, 0x77, 0x6e, 0x5f, 0x70, 0x61, 0x6e, 0x65, 0x6c, 0x00 };
/* 0x99c28 */ const unsigned char rodata_99c28[22] = { 0x70, 0x6f, 0x77, 0x65, 0x72, 0x5f, 0x66, 0x6f, 0x72, 0x5f, 0x69, 0x6d, 0x75, 0x5f, 0x61, 0x6e, 0x64, 0x5f, 0x6d, 0x69, 0x63, 0x00 };
/* 0x99c3e */ const unsigned char rodata_99c3e[16] = { 0x70, 0x6f, 0x77, 0x65, 0x72, 0x5f, 0x66, 0x6f, 0x72, 0x5f, 0x70, 0x61, 0x6e, 0x65, 0x6c, 0x00 };
/* 0x99c53 */ const unsigned char rodata_99c53[49] = { 0x57, 0x45, 0x53, 0x54, 0x5f, 0x54, 0x4f, 0x50, 0x44, 0x49, 0x52, 0x2f, 0x7a, 0x65, 0x70, 0x68, 0x79, 0x72, 0x2f, 0x69, 0x6e, 0x63, 0x6c, 0x75, 0x64, 0x65, 0x2f, 0x7a, 0x65, 0x70, 0x68, 0x79, 0x72, 0x2f, 0x64, 0x72, 0x69, 0x76, 0x65, 0x72, 0x73, 0x2f, 0x67, 0x70, 0x69, 0x6f, 0x2e, 0x68, 0x00 };
/* 0x99c84 */ const unsigned char rodata_99c84[57] = { 0x28, 0x66, 0x6c, 0x61, 0x67, 0x73, 0x20, 0x26, 0x20, 0x28, 0x28, 0x31, 0x20, 0x3c, 0x3c, 0x20, 0x34, 0x29, 0x20, 0x7c, 0x20, 0x28, 0x31, 0x20, 0x3c, 0x3c, 0x20, 0x35, 0x29, 0x29, 0x29, 0x20, 0x21, 0x3d, 0x20, 0x28, 0x28, 0x31, 0x20, 0x3c, 0x3c, 0x20, 0x34, 0x29, 0x20, 0x7c, 0x20, 0x28, 0x31, 0x20, 0x3c, 0x3c, 0x20, 0x35, 0x29, 0x29, 0x00 };
/* 0x99cbd */ const unsigned char rodata_99cbd[29] = { 0x41, 0x53, 0x53, 0x45, 0x52, 0x54, 0x49, 0x4f, 0x4e, 0x20, 0x46, 0x41, 0x49, 0x4c, 0x20, 0x5b, 0x25, 0x73, 0x5d, 0x20, 0x40, 0x20, 0x25, 0x73, 0x3a, 0x25, 0x64, 0x0a, 0x00 };
/* 0x99cda */ const unsigned char rodata_99cda[61] = { 0x09, 0x50, 0x75, 0x6c, 0x6c, 0x20, 0x55, 0x70, 0x20, 0x61, 0x6e, 0x64, 0x20, 0x50, 0x75, 0x6c, 0x6c, 0x20, 0x44, 0x6f, 0x77, 0x6e, 0x20, 0x73, 0x68, 0x6f, 0x75, 0x6c, 0x64, 0x20, 0x6e, 0x6f, 0x74, 0x20, 0x62, 0x65, 0x20, 0x65, 0x6e, 0x61, 0x62, 0x6c, 0x65, 0x64, 0x20, 0x73, 0x69, 0x6d, 0x75, 0x6c, 0x74, 0x61, 0x6e, 0x65, 0x6f, 0x75, 0x73, 0x6c, 0x79, 0x0a, 0x00 };
/* 0x99dad */ const unsigned char rodata_99dad[51] = { 0x28, 0x66, 0x6c, 0x61, 0x67, 0x73, 0x20, 0x26, 0x20, 0x28, 0x31, 0x20, 0x3c, 0x3c, 0x20, 0x31, 0x29, 0x29, 0x20, 0x21, 0x3d, 0x20, 0x30, 0x20, 0x7c, 0x7c, 0x20, 0x28, 0x66, 0x6c, 0x61, 0x67, 0x73, 0x20, 0x26, 0x20, 0x28, 0x31, 0x20, 0x3c, 0x3c, 0x20, 0x32, 0x29, 0x29, 0x20, 0x3d, 0x3d, 0x20, 0x30, 0x00 };
/* 0x99de0 */ const unsigned char rodata_99de0[62] = { 0x28, 0x63, 0x66, 0x67, 0x2d, 0x3e, 0x70, 0x6f, 0x72, 0x74, 0x5f, 0x70, 0x69, 0x6e, 0x5f, 0x6d, 0x61, 0x73, 0x6b, 0x20, 0x26, 0x20, 0x28, 0x67, 0x70, 0x69, 0x6f, 0x5f, 0x70, 0x6f, 0x72, 0x74, 0x5f, 0x70, 0x69, 0x6e, 0x73, 0x5f, 0x74, 0x29, 0x28, 0x31, 0x55, 0x4c, 0x20, 0x3c, 0x3c, 0x20, 0x28, 0x70, 0x69, 0x6e, 0x29, 0x29, 0x29, 0x20, 0x21, 0x3d, 0x20, 0x30, 0x55, 0x00 };
/* 0x99e1e */ const unsigned char rodata_99e1e[18] = { 0x09, 0x55, 0x6e, 0x73, 0x75, 0x70, 0x70, 0x6f, 0x72, 0x74, 0x65, 0x64, 0x20, 0x70, 0x69, 0x6e, 0x0a, 0x00 };
/* 0x99f81 */ const unsigned char rodata_99f81[39] = { 0x25, 0x73, 0x28, 0x29, 0x3a, 0x20, 0x53, 0x57, 0x30, 0x20, 0x47, 0x50, 0x49, 0x4f, 0x20, 0x70, 0x6f, 0x72, 0x74, 0x20, 0x64, 0x65, 0x76, 0x69, 0x63, 0x65, 0x20, 0x6e, 0x6f, 0x74, 0x20, 0x72, 0x65, 0x61, 0x64, 0x79, 0x0a, 0x0a, 0x00 };
/* 0x99fd2 */ const unsigned char rodata_99fd2[22] = { 0x25, 0x73, 0x28, 0x29, 0x3a, 0x20, 0x64, 0x6f, 0x6e, 0x65, 0x2c, 0x20, 0x70, 0x69, 0x6e, 0x3d, 0x20, 0x25, 0x64, 0x0a, 0x0a, 0x00 };
/* 0x99fe8 */ const unsigned char rodata_99fe8[46] = { 0x25, 0x73, 0x28, 0x29, 0x3a, 0x20, 0x44, 0x45, 0x56, 0x49, 0x43, 0x45, 0x5f, 0x49, 0x44, 0x31, 0x5f, 0x50, 0x49, 0x4e, 0x3a, 0x20, 0x25, 0x64, 0x2c, 0x20, 0x64, 0x65, 0x76, 0x69, 0x63, 0x65, 0x31, 0x5f, 0x73, 0x74, 0x61, 0x74, 0x75, 0x73, 0x3a, 0x20, 0x25, 0x64, 0x0a, 0x00 };
/* 0x9a016 */ const unsigned char rodata_9a016[46] = { 0x25, 0x73, 0x28, 0x29, 0x3a, 0x20, 0x44, 0x45, 0x56, 0x49, 0x43, 0x45, 0x5f, 0x49, 0x44, 0x32, 0x5f, 0x50, 0x49, 0x4e, 0x3a, 0x20, 0x25, 0x64, 0x2c, 0x20, 0x64, 0x65, 0x76, 0x69, 0x63, 0x65, 0x32, 0x5f, 0x73, 0x74, 0x61, 0x74, 0x75, 0x73, 0x3a, 0x20, 0x25, 0x64, 0x0a, 0x00 };
/* 0x9a044 */ const unsigned char rodata_9a044[46] = { 0x25, 0x73, 0x28, 0x29, 0x3a, 0x20, 0x44, 0x45, 0x56, 0x49, 0x43, 0x45, 0x5f, 0x49, 0x44, 0x33, 0x5f, 0x50, 0x49, 0x4e, 0x3a, 0x20, 0x25, 0x64, 0x2c, 0x20, 0x64, 0x65, 0x76, 0x69, 0x63, 0x65, 0x33, 0x5f, 0x73, 0x74, 0x61, 0x74, 0x75, 0x73, 0x3a, 0x20, 0x25, 0x64, 0x0a, 0x00 };
/* 0x9a072 */ const unsigned char rodata_9a072[46] = { 0x25, 0x73, 0x28, 0x29, 0x3a, 0x20, 0x44, 0x45, 0x56, 0x49, 0x43, 0x45, 0x5f, 0x49, 0x44, 0x34, 0x5f, 0x50, 0x49, 0x4e, 0x3a, 0x20, 0x25, 0x64, 0x2c, 0x20, 0x64, 0x65, 0x76, 0x69, 0x63, 0x65, 0x34, 0x5f, 0x73, 0x74, 0x61, 0x74, 0x75, 0x73, 0x3a, 0x20, 0x25, 0x64, 0x0a, 0x00 };
/* 0x9a0a0 */ const unsigned char rodata_9a0a0[38] = { 0x25, 0x73, 0x28, 0x29, 0x3a, 0x20, 0x64, 0x65, 0x76, 0x69, 0x63, 0x65, 0x5f, 0x63, 0x6f, 0x6d, 0x70, 0x61, 0x74, 0x5f, 0x76, 0x61, 0x6c, 0x3a, 0x20, 0x25, 0x64, 0x20, 0x25, 0x64, 0x20, 0x25, 0x64, 0x20, 0x25, 0x64, 0x0a, 0x00 };
/* 0x9a0c6 */ const unsigned char rodata_9a0c6[83] = { 0x25, 0x73, 0x28, 0x29, 0x3a, 0x20, 0x70, 0x61, 0x6e, 0x65, 0x6c, 0x5f, 0x70, 0x6f, 0x77, 0x65, 0x72, 0x5f, 0x73, 0x74, 0x61, 0x74, 0x75, 0x73, 0x20, 0x25, 0x64, 0x20, 0x74, 0x6d, 0x72, 0x5f, 0x73, 0x74, 0x61, 0x74, 0x75, 0x73, 0x20, 0x25, 0x64, 0x20, 0x6e, 0x66, 0x63, 0x5f, 0x6c, 0x70, 0x64, 0x5f, 0x73, 0x74, 0x61, 0x74, 0x75, 0x73, 0x20, 0x25, 0x64, 0x20, 0x74, 0x6f, 0x75, 0x63, 0x68, 0x5f, 0x70, 0x6f, 0x77, 0x65, 0x72, 0x5f, 0x73, 0x74, 0x61, 0x74, 0x75, 0x73, 0x20, 0x25, 0x64, 0x0a, 0x00 };
/* 0x9a119 */ const unsigned char rodata_9a119[13] = { 0x6e, 0x66, 0x63, 0x5f, 0x67, 0x70, 0x6f, 0x5f, 0x69, 0x6e, 0x69, 0x74, 0x00 };
/* 0x9a126 */ const unsigned char rodata_9a126[12] = { 0x62, 0x75, 0x74, 0x74, 0x6f, 0x6e, 0x5f, 0x69, 0x6e, 0x69, 0x74, 0x00 };
/* 0x9a132 */ const unsigned char rodata_9a132[17] = { 0x67, 0x65, 0x74, 0x5f, 0x64, 0x65, 0x76, 0x69, 0x63, 0x65, 0x5f, 0x68, 0x77, 0x5f, 0x69, 0x64, 0x00 };
/* 0x9a143 */ const unsigned char rodata_9a143[18] = { 0x25, 0x73, 0x28, 0x29, 0x3a, 0x20, 0x73, 0x74, 0x61, 0x74, 0x75, 0x73, 0x3a, 0x25, 0x64, 0x0a, 0x0a, 0x00 };
/* 0x9a155 */ const unsigned char rodata_9a155[57] = { 0x46, 0x61, 0x69, 0x6c, 0x65, 0x64, 0x20, 0x74, 0x6f, 0x20, 0x73, 0x65, 0x6e, 0x64, 0x20, 0x64, 0x61, 0x74, 0x61, 0x20, 0x6f, 0x76, 0x65, 0x72, 0x20, 0x42, 0x4c, 0x45, 0x20, 0x63, 0x6f, 0x6e, 0x6e, 0x65, 0x63, 0x74, 0x69, 0x6f, 0x6e, 0x3a, 0x20, 0x72, 0x65, 0x74, 0x20, 0x25, 0x64, 0x20, 0x6c, 0x65, 0x6e, 0x20, 0x25, 0x64, 0x20, 0x0a, 0x00 };
/* 0x9a18e */ const unsigned char rodata_9a18e[32] = { 0x65, 0x6e, 0x71, 0x75, 0x65, 0x75, 0x65, 0x5f, 0x62, 0x74, 0x5f, 0x64, 0x61, 0x74, 0x61, 0x20, 0x64, 0x72, 0x6f, 0x70, 0x20, 0x70, 0x61, 0x63, 0x6b, 0x61, 0x67, 0x65, 0x21, 0x20, 0x0a, 0x00 };
/* 0x9a1ae */ const unsigned char rodata_9a1ae[26] = { 0x65, 0x6e, 0x71, 0x75, 0x65, 0x75, 0x65, 0x5f, 0x62, 0x74, 0x5f, 0x64, 0x61, 0x74, 0x61, 0x20, 0x66, 0x61, 0x69, 0x6c, 0x65, 0x64, 0x20, 0x21, 0x0a, 0x00 };
/* 0x9a1c8 */ const unsigned char rodata_9a1c8[7] = { 0x70, 0x75, 0x62, 0x6c, 0x69, 0x63, 0x00 };
/* 0x9a1cf */ const unsigned char rodata_9a1cf[7] = { 0x72, 0x61, 0x6e, 0x64, 0x6f, 0x6d, 0x00 };
/* 0x9a1d6 */ const unsigned char rodata_9a1d6[10] = { 0x70, 0x75, 0x62, 0x6c, 0x69, 0x63, 0x2d, 0x69, 0x64, 0x00 };
/* 0x9a1dd */ const unsigned char rodata_9a1dd[3] = { 0x69, 0x64, 0x00 };
/* 0x9a1e0 */ const unsigned char rodata_9a1e0[10] = { 0x72, 0x61, 0x6e, 0x64, 0x6f, 0x6d, 0x2d, 0x69, 0x64, 0x00 };
/* 0x9a1ea */ const unsigned char rodata_9a1ea[35] = { 0x25, 0x30, 0x32, 0x58, 0x3a, 0x25, 0x30, 0x32, 0x58, 0x3a, 0x25, 0x30, 0x32, 0x58, 0x3a, 0x25, 0x30, 0x32, 0x58, 0x3a, 0x25, 0x30, 0x32, 0x58, 0x3a, 0x25, 0x30, 0x32, 0x58, 0x20, 0x28, 0x25, 0x73, 0x29, 0x00 };
/* 0x9a20d */ const unsigned char rodata_9a20d[104] = { 0x25, 0x73, 0x28, 0x29, 0x3a, 0x20, 0x2a, 0x2a, 0x52, 0x65, 0x63, 0x65, 0x69, 0x76, 0x65, 0x64, 0x20, 0x64, 0x61, 0x74, 0x61, 0x20, 0x66, 0x72, 0x6f, 0x6d, 0x3a, 0x20, 0x25, 0x73, 0x2c, 0x20, 0x6c, 0x65, 0x6e, 0x3d, 0x25, 0x64, 0x2c, 0x63, 0x6d, 0x64, 0x20, 0x30, 0x78, 0x25, 0x78, 0x20, 0x30, 0x78, 0x25, 0x78, 0x20, 0x30, 0x78, 0x25, 0x78, 0x20, 0x30, 0x78, 0x25, 0x78, 0x20, 0x30, 0x78, 0x25, 0x78, 0x20, 0x30, 0x78, 0x25, 0x78, 0x2c, 0x72, 0x65, 0x63, 0x65, 0x69, 0x76, 0x65, 0x72, 0x5f, 0x74, 0x68, 0x64, 0x5f, 0x69, 0x73, 0x5f, 0x72, 0x75, 0x6e, 0x6e, 0x69, 0x6e, 0x67, 0x20, 0x69, 0x73, 0x20, 0x25, 0x64, 0x0a, 0x00 };
/* 0x9a275 */ const unsigned char rodata_9a275[32] = { 0x5b, 0x25, 0x73, 0x2d, 0x25, 0x64, 0x5d, 0x6c, 0x65, 0x6e, 0x20, 0x69, 0x73, 0x20, 0x25, 0x64, 0x2c, 0x20, 0x74, 0x6f, 0x6f, 0x20, 0x6c, 0x61, 0x72, 0x67, 0x65, 0x20, 0x21, 0x20, 0x0a, 0x00 };
/* 0x9a295 */ const unsigned char rodata_9a295[28] = { 0x25, 0x73, 0x28, 0x29, 0x3a, 0x20, 0x65, 0x6e, 0x71, 0x75, 0x65, 0x75, 0x65, 0x20, 0x62, 0x65, 0x63, 0x61, 0x75, 0x73, 0x65, 0x20, 0x62, 0x75, 0x73, 0x79, 0x0a, 0x00 };
/* 0x9a2b1 */ const unsigned char rodata_9a2b1[14] = { 0x62, 0x74, 0x5f, 0x72, 0x65, 0x63, 0x65, 0x69, 0x76, 0x65, 0x5f, 0x63, 0x62, 0x00 };
/* 0x9a2bf */ const unsigned char rodata_9a2bf[14] = { 0x62, 0x74, 0x5f, 0x72, 0x65, 0x63, 0x65, 0x69, 0x76, 0x65, 0x5f, 0x63, 0x62, 0x00 };
/* 0x9a2cd */ const unsigned char rodata_9a2cd[16] = { 0x62, 0x74, 0x5f, 0x73, 0x65, 0x6e, 0x64, 0x5f, 0x65, 0x6e, 0x61, 0x62, 0x6c, 0x65, 0x64, 0x00 };
/* 0x9a401 */ const unsigned char rodata_9a401[53] = { 0x46, 0x61, 0x69, 0x6c, 0x65, 0x64, 0x20, 0x74, 0x6f, 0x20, 0x73, 0x74, 0x61, 0x72, 0x74, 0x20, 0x64, 0x69, 0x73, 0x63, 0x6f, 0x76, 0x65, 0x72, 0x79, 0x20, 0x66, 0x6f, 0x72, 0x20, 0x47, 0x41, 0x54, 0x54, 0x20, 0x53, 0x65, 0x72, 0x76, 0x69, 0x63, 0x65, 0x20, 0x28, 0x65, 0x72, 0x72, 0x20, 0x25, 0x64, 0x29, 0x0a, 0x00 };
/* 0x9a436 */ const unsigned char rodata_9a436[34] = { 0x55, 0x70, 0x64, 0x61, 0x74, 0x65, 0x64, 0x20, 0x4d, 0x54, 0x55, 0x3a, 0x20, 0x54, 0x58, 0x3a, 0x20, 0x25, 0x64, 0x20, 0x52, 0x58, 0x3a, 0x20, 0x25, 0x64, 0x20, 0x62, 0x79, 0x74, 0x65, 0x73, 0x0a, 0x00 };
/* 0x9a458 */ const unsigned char rodata_9a458[23] = { 0x62, 0x6f, 0x6e, 0x64, 0x5f, 0x64, 0x65, 0x6c, 0x65, 0x74, 0x65, 0x64, 0x20, 0x63, 0x6f, 0x6e, 0x6e, 0x3a, 0x20, 0x25, 0x73, 0x0a, 0x00 };
/* 0x9a46f */ const unsigned char rodata_9a46f[28] = { 0x25, 0x73, 0x28, 0x29, 0x3a, 0x20, 0x47, 0x6f, 0x74, 0x20, 0x25, 0x73, 0x20, 0x62, 0x69, 0x6e, 0x64, 0x20, 0x61, 0x64, 0x64, 0x72, 0x20, 0x25, 0x64, 0x0a, 0x0a, 0x00 };
/* 0x9a48b */ const unsigned char rodata_9a48b[36] = { 0x50, 0x61, 0x69, 0x72, 0x69, 0x6e, 0x67, 0x20, 0x66, 0x61, 0x69, 0x6c, 0x65, 0x64, 0x20, 0x63, 0x6f, 0x6e, 0x6e, 0x3a, 0x20, 0x25, 0x73, 0x2c, 0x20, 0x72, 0x65, 0x61, 0x73, 0x6f, 0x6e, 0x20, 0x25, 0x64, 0x0a, 0x00 };
/* 0x9a4af */ const unsigned char rodata_9a4af[49] = { 0x25, 0x73, 0x28, 0x29, 0x3a, 0x20, 0x62, 0x74, 0x5f, 0x63, 0x6f, 0x6e, 0x6e, 0x5f, 0x64, 0x69, 0x73, 0x63, 0x6f, 0x6e, 0x6e, 0x65, 0x63, 0x74, 0x20, 0x62, 0x65, 0x63, 0x61, 0x75, 0x73, 0x65, 0x20, 0x50, 0x61, 0x69, 0x72, 0x69, 0x6e, 0x67, 0x20, 0x66, 0x61, 0x69, 0x6c, 0x65, 0x64, 0x0a, 0x00 };
/* 0x9a4e0 */ const unsigned char rodata_9a4e0[23] = { 0x50, 0x61, 0x69, 0x72, 0x69, 0x6e, 0x67, 0x20, 0x63, 0x61, 0x6e, 0x63, 0x65, 0x6c, 0x6c, 0x65, 0x64, 0x3a, 0x20, 0x25, 0x73, 0x0a, 0x00 };
/* 0x9a4f7 */ const unsigned char rodata_9a4f7[52] = { 0x25, 0x73, 0x28, 0x29, 0x3a, 0x20, 0x62, 0x74, 0x5f, 0x63, 0x6f, 0x6e, 0x6e, 0x5f, 0x64, 0x69, 0x73, 0x63, 0x6f, 0x6e, 0x6e, 0x65, 0x63, 0x74, 0x20, 0x62, 0x65, 0x63, 0x61, 0x75, 0x73, 0x65, 0x20, 0x50, 0x61, 0x69, 0x72, 0x69, 0x6e, 0x67, 0x20, 0x63, 0x61, 0x6e, 0x63, 0x65, 0x6c, 0x6c, 0x65, 0x64, 0x0a, 0x00 };
/* 0x9a52b */ const unsigned char rodata_9a52b[20] = { 0x25, 0x73, 0x28, 0x29, 0x3a, 0x20, 0x25, 0x73, 0x20, 0x6c, 0x65, 0x76, 0x65, 0x6c, 0x20, 0x25, 0x75, 0x0a, 0x0a, 0x00 };
/* 0x9a53f */ const unsigned char rodata_9a53f[44] = { 0x25, 0x73, 0x28, 0x29, 0x3a, 0x20, 0x53, 0x65, 0x63, 0x75, 0x72, 0x69, 0x74, 0x79, 0x20, 0x66, 0x61, 0x69, 0x6c, 0x65, 0x64, 0x3a, 0x20, 0x25, 0x73, 0x20, 0x6c, 0x65, 0x76, 0x65, 0x6c, 0x20, 0x25, 0x75, 0x20, 0x65, 0x72, 0x72, 0x20, 0x25, 0x64, 0x0a, 0x0a, 0x00 };
/* 0x9a56b */ const unsigned char rodata_9a56b[67] = { 0x25, 0x73, 0x28, 0x29, 0x3a, 0x20, 0x72, 0x65, 0x62, 0x6f, 0x6f, 0x74, 0x20, 0x62, 0x65, 0x63, 0x61, 0x75, 0x73, 0x65, 0x20, 0x53, 0x65, 0x63, 0x75, 0x72, 0x69, 0x74, 0x79, 0x20, 0x66, 0x61, 0x69, 0x6c, 0x65, 0x64, 0x20, 0x65, 0x78, 0x63, 0x65, 0x65, 0x64, 0x20, 0x31, 0x30, 0x20, 0x74, 0x69, 0x6d, 0x65, 0x73, 0x2c, 0x20, 0x73, 0x6f, 0x20, 0x72, 0x65, 0x62, 0x6f, 0x6f, 0x74, 0x0d, 0x0a, 0x0a, 0x00 };
/* 0x9a5ae */ const unsigned char rodata_9a5ae[42] = { 0x25, 0x73, 0x20, 0x2d, 0x2d, 0x20, 0x74, 0x79, 0x70, 0x65, 0x3a, 0x20, 0x30, 0x78, 0x25, 0x78, 0x2c, 0x20, 0x72, 0x6f, 0x6c, 0x65, 0x3a, 0x30, 0x78, 0x25, 0x78, 0x20, 0x66, 0x6f, 0x72, 0x63, 0x65, 0x5f, 0x62, 0x69, 0x6e, 0x64, 0x20, 0x25, 0x64, 0x00 };
/* 0x9a5d8 */ const unsigned char rodata_9a5d8[28] = { 0x25, 0x73, 0x28, 0x29, 0x3a, 0x20, 0x66, 0x61, 0x69, 0x6c, 0x65, 0x64, 0x20, 0x28, 0x65, 0x72, 0x72, 0x20, 0x30, 0x78, 0x25, 0x30, 0x32, 0x78, 0x29, 0x0a, 0x0a, 0x00 };
/* 0x9a5f4 */ const unsigned char rodata_9a5f4[68] = { 0x25, 0x73, 0x28, 0x29, 0x3a, 0x20, 0x64, 0x69, 0x73, 0x63, 0x6f, 0x6e, 0x6e, 0x65, 0x63, 0x74, 0x20, 0x62, 0x65, 0x63, 0x61, 0x75, 0x73, 0x65, 0x20, 0x69, 0x6e, 0x76, 0x61, 0x6c, 0x69, 0x64, 0x20, 0x6d, 0x61, 0x63, 0x20, 0x25, 0x73, 0x20, 0x2d, 0x2d, 0x20, 0x74, 0x79, 0x70, 0x65, 0x3a, 0x20, 0x30, 0x78, 0x25, 0x78, 0x2c, 0x20, 0x72, 0x6f, 0x6c, 0x65, 0x3a, 0x30, 0x78, 0x25, 0x78, 0x20, 0x0a, 0x0a, 0x00 };
/* 0x9a638 */ const unsigned char rodata_9a638[35] = { 0x50, 0x61, 0x69, 0x72, 0x69, 0x6e, 0x67, 0x20, 0x63, 0x6f, 0x6d, 0x70, 0x6c, 0x65, 0x74, 0x65, 0x64, 0x3a, 0x20, 0x25, 0x73, 0x2c, 0x20, 0x62, 0x6f, 0x6e, 0x64, 0x65, 0x64, 0x3a, 0x20, 0x25, 0x64, 0x0a, 0x00 };
/* 0x9a65b */ const unsigned char rodata_9a65b[45] = { 0x46, 0x61, 0x69, 0x6c, 0x65, 0x64, 0x20, 0x74, 0x6f, 0x20, 0x73, 0x74, 0x61, 0x72, 0x74, 0x20, 0x64, 0x69, 0x73, 0x63, 0x6f, 0x76, 0x65, 0x72, 0x79, 0x20, 0x66, 0x6f, 0x72, 0x20, 0x41, 0x4e, 0x43, 0x53, 0x20, 0x28, 0x65, 0x72, 0x72, 0x20, 0x25, 0x64, 0x29, 0x0a, 0x00 };
/* 0x9a688 */ const unsigned char rodata_9a688[57] = { 0x54, 0x68, 0x65, 0x20, 0x64, 0x69, 0x73, 0x63, 0x6f, 0x76, 0x65, 0x72, 0x79, 0x20, 0x70, 0x72, 0x6f, 0x63, 0x65, 0x64, 0x75, 0x72, 0x65, 0x20, 0x66, 0x6f, 0x72, 0x20, 0x47, 0x41, 0x54, 0x54, 0x20, 0x53, 0x65, 0x72, 0x76, 0x69, 0x63, 0x65, 0x20, 0x66, 0x61, 0x69, 0x6c, 0x65, 0x64, 0x2c, 0x20, 0x65, 0x72, 0x72, 0x20, 0x25, 0x64, 0x0a, 0x00 };
/* 0x9a6c1 */ const unsigned char rodata_9a6c1[49] = { 0x54, 0x68, 0x65, 0x20, 0x64, 0x69, 0x73, 0x63, 0x6f, 0x76, 0x65, 0x72, 0x79, 0x20, 0x70, 0x72, 0x6f, 0x63, 0x65, 0x64, 0x75, 0x72, 0x65, 0x20, 0x66, 0x6f, 0x72, 0x20, 0x41, 0x4e, 0x43, 0x53, 0x20, 0x66, 0x61, 0x69, 0x6c, 0x65, 0x64, 0x2c, 0x20, 0x65, 0x72, 0x72, 0x20, 0x25, 0x64, 0x0a, 0x00 };
/* 0x9a6f2 */ const unsigned char rodata_9a6f2[44] = { 0x54, 0x68, 0x65, 0x20, 0x64, 0x69, 0x73, 0x63, 0x6f, 0x76, 0x65, 0x72, 0x79, 0x20, 0x70, 0x72, 0x6f, 0x63, 0x65, 0x64, 0x75, 0x72, 0x65, 0x20, 0x66, 0x6f, 0x72, 0x20, 0x41, 0x4e, 0x43, 0x53, 0x20, 0x73, 0x75, 0x63, 0x63, 0x65, 0x65, 0x64, 0x65, 0x64, 0x0a, 0x00 };
/* 0x9a71e */ const unsigned char rodata_9a71e[46] = { 0x43, 0x6f, 0x75, 0x6c, 0x64, 0x20, 0x6e, 0x6f, 0x74, 0x20, 0x69, 0x6e, 0x69, 0x74, 0x20, 0x41, 0x4e, 0x43, 0x53, 0x20, 0x63, 0x6c, 0x69, 0x65, 0x6e, 0x74, 0x20, 0x6f, 0x62, 0x6a, 0x65, 0x63, 0x74, 0x2c, 0x20, 0x65, 0x72, 0x72, 0x6f, 0x72, 0x3a, 0x20, 0x25, 0x64, 0x0a, 0x00 };
/* 0x9a74c */ const unsigned char rodata_9a74c[60] = { 0x46, 0x61, 0x69, 0x6c, 0x65, 0x64, 0x20, 0x74, 0x6f, 0x20, 0x65, 0x6e, 0x61, 0x62, 0x6c, 0x65, 0x20, 0x4e, 0x6f, 0x74, 0x69, 0x66, 0x69, 0x63, 0x61, 0x74, 0x69, 0x6f, 0x6e, 0x20, 0x53, 0x6f, 0x75, 0x72, 0x63, 0x65, 0x20, 0x6e, 0x6f, 0x74, 0x69, 0x66, 0x69, 0x63, 0x61, 0x74, 0x69, 0x6f, 0x6e, 0x20, 0x28, 0x65, 0x72, 0x72, 0x20, 0x25, 0x64, 0x29, 0x0a, 0x00 };
/* 0x9a788 */ const unsigned char rodata_9a788[52] = { 0x46, 0x61, 0x69, 0x6c, 0x65, 0x64, 0x20, 0x74, 0x6f, 0x20, 0x65, 0x6e, 0x61, 0x62, 0x6c, 0x65, 0x20, 0x44, 0x61, 0x74, 0x61, 0x20, 0x53, 0x6f, 0x75, 0x72, 0x63, 0x65, 0x20, 0x6e, 0x6f, 0x74, 0x69, 0x66, 0x69, 0x63, 0x61, 0x74, 0x69, 0x6f, 0x6e, 0x20, 0x28, 0x65, 0x72, 0x72, 0x20, 0x25, 0x64, 0x29, 0x0a, 0x00 };
/* 0x9a7bc */ const unsigned char rodata_9a7bc[54] = { 0x43, 0x6f, 0x75, 0x6c, 0x64, 0x20, 0x6e, 0x6f, 0x74, 0x20, 0x72, 0x65, 0x6c, 0x65, 0x61, 0x73, 0x65, 0x20, 0x74, 0x68, 0x65, 0x20, 0x64, 0x69, 0x73, 0x63, 0x6f, 0x76, 0x65, 0x72, 0x79, 0x20, 0x64, 0x61, 0x74, 0x61, 0x2c, 0x20, 0x65, 0x72, 0x72, 0x6f, 0x72, 0x20, 0x63, 0x6f, 0x64, 0x65, 0x3a, 0x20, 0x25, 0x64, 0x0a, 0x00 };
/* 0x9a7f2 */ const unsigned char rodata_9a7f2[46] = { 0x41, 0x4e, 0x43, 0x53, 0x20, 0x63, 0x6f, 0x75, 0x6c, 0x64, 0x20, 0x6e, 0x6f, 0x74, 0x20, 0x62, 0x65, 0x20, 0x66, 0x6f, 0x75, 0x6e, 0x64, 0x20, 0x64, 0x75, 0x72, 0x69, 0x6e, 0x67, 0x20, 0x74, 0x68, 0x65, 0x20, 0x64, 0x69, 0x73, 0x63, 0x6f, 0x76, 0x65, 0x72, 0x79, 0x0a, 0x00 };
/* 0x9a820 */ const unsigned char rodata_9a820[52] = { 0x54, 0x68, 0x65, 0x20, 0x64, 0x69, 0x73, 0x63, 0x6f, 0x76, 0x65, 0x72, 0x79, 0x20, 0x70, 0x72, 0x6f, 0x63, 0x65, 0x64, 0x75, 0x72, 0x65, 0x20, 0x66, 0x6f, 0x72, 0x20, 0x47, 0x41, 0x54, 0x54, 0x20, 0x53, 0x65, 0x72, 0x76, 0x69, 0x63, 0x65, 0x20, 0x73, 0x75, 0x63, 0x63, 0x65, 0x65, 0x64, 0x65, 0x64, 0x0a, 0x00 };
/* 0x9a854 */ const unsigned char rodata_9a854[54] = { 0x43, 0x6f, 0x75, 0x6c, 0x64, 0x20, 0x6e, 0x6f, 0x74, 0x20, 0x69, 0x6e, 0x69, 0x74, 0x20, 0x47, 0x41, 0x54, 0x54, 0x20, 0x53, 0x65, 0x72, 0x76, 0x69, 0x63, 0x65, 0x20, 0x63, 0x6c, 0x69, 0x65, 0x6e, 0x74, 0x20, 0x6f, 0x62, 0x6a, 0x65, 0x63, 0x74, 0x2c, 0x20, 0x65, 0x72, 0x72, 0x6f, 0x72, 0x3a, 0x20, 0x25, 0x64, 0x0a, 0x00 };
/* 0x9a88a */ const unsigned char rodata_9a88a[57] = { 0x43, 0x61, 0x6e, 0x6e, 0x6f, 0x74, 0x20, 0x73, 0x75, 0x62, 0x73, 0x63, 0x72, 0x69, 0x62, 0x65, 0x20, 0x74, 0x6f, 0x20, 0x53, 0x65, 0x72, 0x76, 0x69, 0x63, 0x65, 0x20, 0x43, 0x68, 0x61, 0x6e, 0x67, 0x65, 0x64, 0x20, 0x69, 0x6e, 0x64, 0x69, 0x63, 0x61, 0x74, 0x69, 0x6f, 0x6e, 0x20, 0x28, 0x65, 0x72, 0x72, 0x20, 0x25, 0x64, 0x29, 0x0a, 0x00 };
/* 0x9a8c3 */ const unsigned char rodata_9a8c3[54] = { 0x47, 0x41, 0x54, 0x54, 0x20, 0x53, 0x65, 0x72, 0x76, 0x69, 0x63, 0x65, 0x20, 0x63, 0x6f, 0x75, 0x6c, 0x64, 0x20, 0x6e, 0x6f, 0x74, 0x20, 0x62, 0x65, 0x20, 0x66, 0x6f, 0x75, 0x6e, 0x64, 0x20, 0x64, 0x75, 0x72, 0x69, 0x6e, 0x67, 0x20, 0x74, 0x68, 0x65, 0x20, 0x64, 0x69, 0x73, 0x63, 0x6f, 0x76, 0x65, 0x72, 0x79, 0x0a, 0x00 };
/* 0x9a8f9 */ const unsigned char rodata_9a8f9[49] = { 0x25, 0x73, 0x28, 0x29, 0x3a, 0x20, 0x64, 0x69, 0x73, 0x63, 0x6f, 0x6e, 0x6e, 0x65, 0x63, 0x74, 0x20, 0x62, 0x65, 0x63, 0x61, 0x75, 0x73, 0x65, 0x20, 0x63, 0x61, 0x6e, 0x20, 0x6e, 0x6f, 0x74, 0x20, 0x64, 0x69, 0x73, 0x63, 0x6f, 0x76, 0x65, 0x72, 0x20, 0x61, 0x6e, 0x63, 0x73, 0x2e, 0x0a, 0x00 };
/* 0x9a92a */ const unsigned char rodata_9a92a[31] = { 0x25, 0x73, 0x28, 0x29, 0x3a, 0x20, 0x66, 0x72, 0x6f, 0x6d, 0x20, 0x25, 0x73, 0x20, 0x28, 0x72, 0x65, 0x61, 0x73, 0x6f, 0x6e, 0x20, 0x30, 0x78, 0x25, 0x30, 0x32, 0x78, 0x29, 0x0a, 0x00 };
/* 0x9a949 */ const unsigned char rodata_9a949[27] = { 0x25, 0x73, 0x28, 0x29, 0x3a, 0x20, 0x6b, 0x5f, 0x6d, 0x73, 0x67, 0x71, 0x20, 0x61, 0x6c, 0x6c, 0x6f, 0x63, 0x20, 0x66, 0x61, 0x69, 0x6c, 0x65, 0x64, 0x0a, 0x00 };
/* 0x9a964 */ const unsigned char rodata_9a964[29] = { 0x65, 0x6e, 0x71, 0x75, 0x65, 0x75, 0x65, 0x20, 0x61, 0x6e, 0x63, 0x73, 0x20, 0x64, 0x72, 0x6f, 0x70, 0x20, 0x70, 0x61, 0x63, 0x6b, 0x61, 0x67, 0x65, 0x21, 0x20, 0x0a, 0x00 };
/* 0x9a981 */ const unsigned char rodata_9a981[17] = { 0x25, 0x73, 0x28, 0x29, 0x3a, 0x20, 0x65, 0x6e, 0x20, 0x61, 0x6e, 0x63, 0x73, 0x20, 0x46, 0x0a, 0x00 };
/* 0x9a992 */ const unsigned char rodata_9a992[59] = { 0x25, 0x73, 0x28, 0x29, 0x3a, 0x20, 0x62, 0x74, 0x5f, 0x61, 0x6e, 0x63, 0x73, 0x5f, 0x64, 0x61, 0x74, 0x61, 0x5f, 0x73, 0x6f, 0x75, 0x72, 0x63, 0x65, 0x5f, 0x68, 0x61, 0x6e, 0x64, 0x6c, 0x65, 0x72, 0x20, 0x72, 0x65, 0x73, 0x70, 0x6f, 0x6e, 0x73, 0x65, 0x2d, 0x3e, 0x63, 0x6f, 0x6d, 0x6d, 0x61, 0x6e, 0x64, 0x5f, 0x69, 0x64, 0x20, 0x25, 0x64, 0x0a, 0x00 };
/* 0x9a9cd */ const unsigned char rodata_9a9cd[82] = { 0x25, 0x73, 0x28, 0x29, 0x3a, 0x20, 0x3d, 0x3d, 0x3d, 0x3d, 0x3d, 0x3d, 0x3d, 0x3d, 0x3d, 0x3d, 0x3d, 0x3d, 0x3d, 0x3d, 0x3d, 0x3d, 0x3d, 0x3d, 0x3d, 0x3d, 0x3d, 0x3d, 0x3d, 0x3d, 0x3d, 0x3e, 0x62, 0x74, 0x5f, 0x61, 0x6e, 0x63, 0x73, 0x5f, 0x67, 0x65, 0x74, 0x5f, 0x61, 0x74, 0x74, 0x72, 0x5f, 0x64, 0x61, 0x74, 0x61, 0x5f, 0x73, 0x65, 0x6d, 0x20, 0x25, 0x64, 0x20, 0x65, 0x76, 0x74, 0x5f, 0x69, 0x64, 0x20, 0x25, 0x64, 0x20, 0x61, 0x63, 0x74, 0x69, 0x6f, 0x6e, 0x20, 0x25, 0x64, 0x0a, 0x00 };
/* 0x9aa1f */ const unsigned char rodata_9aa1f[16] = { 0x25, 0x73, 0x28, 0x29, 0x3a, 0x20, 0x44, 0x20, 0x61, 0x6e, 0x63, 0x73, 0x20, 0x46, 0x0a, 0x00 };
/* 0x9aa2f */ const unsigned char rodata_9aa2f[28] = { 0x65, 0x6e, 0x71, 0x75, 0x65, 0x75, 0x65, 0x20, 0x75, 0x69, 0x64, 0x20, 0x64, 0x72, 0x6f, 0x70, 0x20, 0x70, 0x61, 0x63, 0x6b, 0x61, 0x67, 0x65, 0x21, 0x20, 0x0a, 0x00 };
/* 0x9aa4b */ const unsigned char rodata_9aa4b[25] = { 0x25, 0x73, 0x28, 0x29, 0x3a, 0x20, 0x6c, 0x6f, 0x63, 0x61, 0x6c, 0x5f, 0x64, 0x61, 0x74, 0x61, 0x20, 0x75, 0x69, 0x64, 0x20, 0x25, 0x64, 0x0a, 0x00 };
/* 0x9aa64 */ const unsigned char rodata_9aa64[16] = { 0x25, 0x73, 0x28, 0x29, 0x3a, 0x20, 0x65, 0x6e, 0x20, 0x75, 0x69, 0x64, 0x20, 0x46, 0x0a, 0x00 };
/* 0x9aafd */ const unsigned char rodata_9aafd[15] = { 0x25, 0x73, 0x28, 0x29, 0x3a, 0x20, 0x44, 0x20, 0x75, 0x69, 0x64, 0x20, 0x46, 0x0a, 0x00 };
/* 0x9ab0c */ const unsigned char rodata_9ab0c[18] = { 0x25, 0x73, 0x28, 0x29, 0x3a, 0x20, 0x25, 0x64, 0x3a, 0x20, 0x65, 0x72, 0x72, 0x3d, 0x25, 0x64, 0x0a, 0x00 };
/* 0x9ab1e */ const unsigned char rodata_9ab1e[159] = { 0x25, 0x73, 0x28, 0x29, 0x3a, 0x20, 0x6e, 0x6f, 0x74, 0x69, 0x66, 0x5f, 0x61, 0x74, 0x74, 0x72, 0x5f, 0x61, 0x70, 0x70, 0x5f, 0x69, 0x64, 0x5f, 0x6c, 0x61, 0x74, 0x65, 0x73, 0x74, 0x2e, 0x61, 0x74, 0x74, 0x72, 0x5f, 0x69, 0x64, 0x20, 0x25, 0x64, 0x20, 0x6e, 0x6f, 0x74, 0x69, 0x66, 0x5f, 0x61, 0x74, 0x74, 0x72, 0x5f, 0x61, 0x70, 0x70, 0x5f, 0x69, 0x64, 0x5f, 0x6c, 0x61, 0x74, 0x65, 0x73, 0x74, 0x2e, 0x61, 0x74, 0x74, 0x72, 0x5f, 0x6c, 0x65, 0x6e, 0x20, 0x25, 0x64, 0x20, 0x73, 0x74, 0x72, 0x6c, 0x65, 0x6e, 0x28, 0x6e, 0x6f, 0x74, 0x69, 0x66, 0x5f, 0x61, 0x74, 0x74, 0x72, 0x5f, 0x61, 0x70, 0x70, 0x5f, 0x69, 0x64, 0x5f, 0x6c, 0x61, 0x74, 0x65, 0x73, 0x74, 0x2e, 0x61, 0x74, 0x74, 0x72, 0x5f, 0x64, 0x61, 0x74, 0x61, 0x29, 0x20, 0x25, 0x64, 0x20, 0x63, 0x2d, 0x3e, 0x6e, 0x6f, 0x74, 0x69, 0x66, 0x69, 0x5f, 0x64, 0x61, 0x74, 0x61, 0x2e, 0x61, 0x70, 0x70, 0x5f, 0x69, 0x64, 0x65, 0x6e, 0x74, 0x69, 0x66, 0x69, 0x65, 0x72, 0x20, 0x25, 0x64, 0x0a, 0x00 };
/* 0x9abbd */ const unsigned char rodata_9abbd[31] = { 0x52, 0x65, 0x71, 0x75, 0x65, 0x73, 0x74, 0x20, 0x66, 0x6f, 0x72, 0x20, 0x25, 0x73, 0x3a, 0x20, 0x72, 0x65, 0x74, 0x72, 0x79, 0x5f, 0x74, 0x69, 0x6d, 0x65, 0x20, 0x25, 0x64, 0x0a, 0x00 };
/* 0x9abdc */ const unsigned char rodata_9abdc[56] = { 0x46, 0x61, 0x69, 0x6c, 0x65, 0x64, 0x20, 0x72, 0x65, 0x71, 0x75, 0x65, 0x73, 0x74, 0x69, 0x6e, 0x67, 0x20, 0x61, 0x74, 0x74, 0x72, 0x69, 0x62, 0x75, 0x74, 0x65, 0x73, 0x20, 0x66, 0x6f, 0x72, 0x20, 0x61, 0x20, 0x67, 0x69, 0x76, 0x65, 0x6e, 0x20, 0x61, 0x70, 0x70, 0x20, 0x28, 0x65, 0x72, 0x72, 0x3a, 0x20, 0x25, 0x64, 0x29, 0x0a, 0x00 };
/* 0x9ac14 */ const unsigned char rodata_9ac14[56] = { 0x6e, 0x6f, 0x74, 0x69, 0x66, 0x5f, 0x61, 0x74, 0x74, 0x72, 0x5f, 0x61, 0x70, 0x70, 0x5f, 0x69, 0x64, 0x5f, 0x6c, 0x61, 0x74, 0x65, 0x73, 0x74, 0x2e, 0x61, 0x74, 0x74, 0x72, 0x5f, 0x69, 0x64, 0x20, 0x28, 0x25, 0x64, 0x2f, 0x25, 0x64, 0x29, 0x20, 0x72, 0x65, 0x74, 0x72, 0x79, 0x5f, 0x74, 0x69, 0x6d, 0x65, 0x20, 0x25, 0x64, 0x0a, 0x00 };
/* 0x9ac4c */ const unsigned char rodata_9ac4c[20] = { 0x63, 0x2d, 0x3e, 0x65, 0x73, 0x62, 0x5f, 0x63, 0x68, 0x61, 0x6e, 0x6e, 0x65, 0x6c, 0x20, 0x25, 0x64, 0x0d, 0x0a, 0x00 };
/* 0x9ac60 */ const unsigned char rodata_9ac60[28] = { 0x25, 0x73, 0x56, 0x25, 0x64, 0x25, 0x64, 0x25, 0x64, 0x5f, 0x25, 0x64, 0x5f, 0x52, 0x5f, 0x25, 0x30, 0x32, 0x58, 0x25, 0x30, 0x32, 0x58, 0x25, 0x30, 0x32, 0x58, 0x00 };
/* 0x9ac7c */ const unsigned char rodata_9ac7c[8] = { 0x45, 0x76, 0x65, 0x6e, 0x20, 0x47, 0x31, 0x00 };
/* 0x9ac84 */ const unsigned char rodata_9ac84[25] = { 0x25, 0x73, 0x56, 0x25, 0x64, 0x25, 0x64, 0x25, 0x64, 0x5f, 0x52, 0x5f, 0x25, 0x30, 0x32, 0x58, 0x25, 0x30, 0x32, 0x58, 0x25, 0x30, 0x32, 0x58, 0x00 };
/* 0x9ac9d */ const unsigned char rodata_9ac9d[21] = { 0x25, 0x73, 0x5f, 0x25, 0x64, 0x5f, 0x52, 0x5f, 0x25, 0x30, 0x32, 0x58, 0x25, 0x30, 0x32, 0x58, 0x25, 0x30, 0x32, 0x58, 0x00 };
/* 0x9acb2 */ const unsigned char rodata_9acb2[18] = { 0x25, 0x73, 0x5f, 0x52, 0x5f, 0x25, 0x30, 0x32, 0x58, 0x25, 0x30, 0x32, 0x58, 0x25, 0x30, 0x32, 0x58, 0x00 };
/* 0x9acc4 */ const unsigned char rodata_9acc4[28] = { 0x25, 0x73, 0x56, 0x25, 0x64, 0x25, 0x64, 0x25, 0x64, 0x5f, 0x25, 0x64, 0x5f, 0x4c, 0x5f, 0x25, 0x30, 0x32, 0x58, 0x25, 0x30, 0x32, 0x58, 0x25, 0x30, 0x32, 0x58, 0x00 };
/* 0x9ace0 */ const unsigned char rodata_9ace0[25] = { 0x25, 0x73, 0x56, 0x25, 0x64, 0x25, 0x64, 0x25, 0x64, 0x5f, 0x4c, 0x5f, 0x25, 0x30, 0x32, 0x58, 0x25, 0x30, 0x32, 0x58, 0x25, 0x30, 0x32, 0x58, 0x00 };
/* 0x9acf9 */ const unsigned char rodata_9acf9[21] = { 0x25, 0x73, 0x5f, 0x25, 0x64, 0x5f, 0x4c, 0x5f, 0x25, 0x30, 0x32, 0x58, 0x25, 0x30, 0x32, 0x58, 0x25, 0x30, 0x32, 0x58, 0x00 };
/* 0x9ad0e */ const unsigned char rodata_9ad0e[18] = { 0x25, 0x73, 0x5f, 0x4c, 0x5f, 0x25, 0x30, 0x32, 0x58, 0x25, 0x30, 0x32, 0x58, 0x25, 0x30, 0x32, 0x58, 0x00 };
/* 0x9ad20 */ const unsigned char rodata_9ad20[43] = { 0x25, 0x73, 0x28, 0x29, 0x3a, 0x20, 0x46, 0x61, 0x69, 0x6c, 0x65, 0x64, 0x20, 0x74, 0x6f, 0x20, 0x73, 0x65, 0x74, 0x20, 0x64, 0x65, 0x76, 0x69, 0x63, 0x65, 0x20, 0x6e, 0x61, 0x6d, 0x65, 0x20, 0x28, 0x65, 0x72, 0x72, 0x20, 0x25, 0x64, 0x29, 0x0a, 0x0a, 0x00 };
/* 0x9ad4b */ const unsigned char rodata_9ad4b[49] = { 0x41, 0x64, 0x76, 0x65, 0x72, 0x74, 0x69, 0x73, 0x69, 0x6e, 0x67, 0x20, 0x25, 0x73, 0x20, 0x73, 0x75, 0x63, 0x63, 0x65, 0x73, 0x73, 0x66, 0x75, 0x6c, 0x6c, 0x79, 0x20, 0x73, 0x74, 0x61, 0x72, 0x74, 0x65, 0x64, 0x20, 0x75, 0x70, 0x74, 0x69, 0x6d, 0x65, 0x20, 0x25, 0x6c, 0x6c, 0x64, 0x0a, 0x00 };
/* 0x9ad7c */ const unsigned char rodata_9ad7c[10] = { 0x46, 0x52, 0x4f, 0x4d, 0x3a, 0x61, 0x6e, 0x63, 0x73, 0x00 };
/* 0x9ad86 */ const unsigned char rodata_9ad86[36] = { 0x62, 0x6c, 0x6f, 0x63, 0x6b, 0x65, 0x64, 0x21, 0x20, 0x61, 0x70, 0x70, 0x28, 0x25, 0x73, 0x29, 0x20, 0x6e, 0x6f, 0x74, 0x20, 0x69, 0x6e, 0x20, 0x77, 0x68, 0x69, 0x74, 0x65, 0x6c, 0x69, 0x73, 0x74, 0x20, 0x0a, 0x00 };
/* 0x9adaa */ const unsigned char rodata_9adaa[29] = { 0x63, 0x6f, 0x6d, 0x2e, 0x61, 0x70, 0x70, 0x6c, 0x65, 0x2e, 0x6d, 0x6f, 0x62, 0x69, 0x6c, 0x65, 0x70, 0x68, 0x6f, 0x6e, 0x65, 0x5f, 0x6d, 0x69, 0x73, 0x73, 0x65, 0x64, 0x00 };
/* 0x9adc7 */ const unsigned char rodata_9adc7[46] = { 0x25, 0x73, 0x28, 0x29, 0x3a, 0x20, 0x21, 0x21, 0x21, 0x21, 0x21, 0x21, 0x21, 0x21, 0x21, 0x77, 0x61, 0x69, 0x74, 0x20, 0x2d, 0x3e, 0x20, 0x61, 0x6e, 0x63, 0x73, 0x5f, 0x67, 0x65, 0x74, 0x5f, 0x61, 0x74, 0x74, 0x72, 0x5f, 0x72, 0x65, 0x71, 0x5f, 0x73, 0x65, 0x6d, 0x0a, 0x00 };
/* 0x9adf5 */ const unsigned char rodata_9adf5[63] = { 0x25, 0x73, 0x28, 0x29, 0x3a, 0x20, 0x21, 0x21, 0x21, 0x21, 0x21, 0x21, 0x21, 0x21, 0x21, 0x21, 0x21, 0x21, 0x21, 0x21, 0x67, 0x65, 0x74, 0x20, 0x2d, 0x3e, 0x20, 0x61, 0x6e, 0x63, 0x73, 0x5f, 0x67, 0x65, 0x74, 0x5f, 0x61, 0x74, 0x74, 0x72, 0x5f, 0x72, 0x65, 0x71, 0x5f, 0x73, 0x65, 0x6d, 0x20, 0x25, 0x64, 0x20, 0x65, 0x76, 0x74, 0x5f, 0x69, 0x64, 0x20, 0x25, 0x64, 0x0a, 0x00 };
/* 0x9ae34 */ const unsigned char rodata_9ae34[94] = { 0x25, 0x73, 0x28, 0x29, 0x3a, 0x20, 0x21, 0x21, 0x21, 0x21, 0x21, 0x21, 0x21, 0x21, 0x21, 0x21, 0x21, 0x21, 0x77, 0x61, 0x69, 0x74, 0x20, 0x2d, 0x3e, 0x20, 0x61, 0x6e, 0x63, 0x73, 0x5f, 0x67, 0x65, 0x74, 0x5f, 0x61, 0x74, 0x74, 0x72, 0x5f, 0x72, 0x65, 0x71, 0x5f, 0x73, 0x65, 0x6d, 0x20, 0x61, 0x64, 0x64, 0x20, 0x64, 0x6f, 0x6e, 0x65, 0x2c, 0x20, 0x61, 0x6e, 0x64, 0x20, 0x77, 0x61, 0x69, 0x74, 0x20, 0x2d, 0x3e, 0x20, 0x61, 0x6e, 0x63, 0x73, 0x5f, 0x67, 0x65, 0x74, 0x5f, 0x61, 0x74, 0x74, 0x72, 0x5f, 0x64, 0x61, 0x74, 0x61, 0x5f, 0x73, 0x65, 0x6d, 0x0a, 0x00 };
/* 0x9ae92 */ const unsigned char rodata_9ae92[97] = { 0x25, 0x73, 0x28, 0x29, 0x3a, 0x20, 0x21, 0x21, 0x21, 0x21, 0x21, 0x21, 0x21, 0x21, 0x21, 0x21, 0x21, 0x21, 0x77, 0x61, 0x69, 0x74, 0x20, 0x2d, 0x3e, 0x20, 0x61, 0x6e, 0x63, 0x73, 0x5f, 0x67, 0x65, 0x74, 0x5f, 0x61, 0x74, 0x74, 0x72, 0x5f, 0x72, 0x65, 0x71, 0x5f, 0x73, 0x65, 0x6d, 0x20, 0x72, 0x65, 0x6d, 0x6f, 0x76, 0x65, 0x20, 0x64, 0x6f, 0x6e, 0x65, 0x2c, 0x20, 0x61, 0x6e, 0x64, 0x20, 0x77, 0x61, 0x69, 0x74, 0x20, 0x2d, 0x3e, 0x20, 0x61, 0x6e, 0x63, 0x73, 0x5f, 0x67, 0x65, 0x74, 0x5f, 0x61, 0x74, 0x74, 0x72, 0x5f, 0x64, 0x61, 0x74, 0x61, 0x5f, 0x73, 0x65, 0x6d, 0x0a, 0x00 };
/* 0x9aef3 */ const unsigned char rodata_9aef3[59] = { 0x25, 0x73, 0x28, 0x29, 0x3a, 0x20, 0x21, 0x21, 0x21, 0x21, 0x21, 0x21, 0x21, 0x21, 0x21, 0x21, 0x21, 0x21, 0x21, 0x21, 0x21, 0x21, 0x77, 0x61, 0x69, 0x74, 0x20, 0x2d, 0x3e, 0x20, 0x61, 0x6e, 0x63, 0x73, 0x5f, 0x67, 0x65, 0x74, 0x5f, 0x61, 0x74, 0x74, 0x72, 0x5f, 0x64, 0x61, 0x74, 0x61, 0x5f, 0x73, 0x65, 0x6d, 0x20, 0x64, 0x6f, 0x6e, 0x65, 0x0a, 0x00 };
/* 0x9af2e */ const unsigned char rodata_9af2e[13] = { 0x25, 0x73, 0x28, 0x29, 0x3a, 0x20, 0x65, 0x78, 0x69, 0x74, 0x0a, 0x0a, 0x00 };
/* 0x9af3b */ const unsigned char rodata_9af3b[58] = { 0x25, 0x73, 0x28, 0x29, 0x3a, 0x20, 0x53, 0x74, 0x61, 0x72, 0x74, 0x69, 0x6e, 0x67, 0x20, 0x41, 0x70, 0x70, 0x6c, 0x65, 0x20, 0x4e, 0x6f, 0x74, 0x69, 0x66, 0x69, 0x63, 0x61, 0x74, 0x69, 0x6f, 0x6e, 0x20, 0x43, 0x65, 0x6e, 0x74, 0x65, 0x72, 0x20, 0x53, 0x65, 0x72, 0x76, 0x69, 0x63, 0x65, 0x20, 0x63, 0x6c, 0x69, 0x65, 0x6e, 0x74, 0x0a, 0x0a, 0x00 };
/* 0x9af75 */ const unsigned char rodata_9af75[44] = { 0x42, 0x4c, 0x45, 0x20, 0x69, 0x6e, 0x69, 0x74, 0x20, 0x66, 0x61, 0x69, 0x6c, 0x65, 0x64, 0x20, 0x28, 0x65, 0x72, 0x72, 0x20, 0x25, 0x64, 0x29, 0x20, 0x62, 0x74, 0x5f, 0x72, 0x65, 0x74, 0x72, 0x79, 0x5f, 0x63, 0x6f, 0x75, 0x6e, 0x74, 0x20, 0x25, 0x64, 0x0a, 0x00 };
/* 0x9afa1 */ const unsigned char rodata_9afa1[34] = { 0x41, 0x4e, 0x43, 0x53, 0x20, 0x63, 0x6c, 0x69, 0x65, 0x6e, 0x74, 0x20, 0x69, 0x6e, 0x69, 0x74, 0x20, 0x66, 0x61, 0x69, 0x6c, 0x65, 0x64, 0x20, 0x28, 0x65, 0x72, 0x72, 0x20, 0x25, 0x64, 0x29, 0x0a, 0x00 };
/* 0x9afc3 */ const unsigned char rodata_9afc3[42] = { 0x47, 0x41, 0x54, 0x54, 0x20, 0x53, 0x65, 0x72, 0x76, 0x69, 0x63, 0x65, 0x20, 0x63, 0x6c, 0x69, 0x65, 0x6e, 0x74, 0x20, 0x69, 0x6e, 0x69, 0x74, 0x20, 0x66, 0x61, 0x69, 0x6c, 0x65, 0x64, 0x20, 0x28, 0x65, 0x72, 0x72, 0x20, 0x25, 0x64, 0x29, 0x0a, 0x00 };
/* 0x9afed */ const unsigned char rodata_9afed[44] = { 0x46, 0x61, 0x69, 0x6c, 0x65, 0x64, 0x20, 0x74, 0x6f, 0x20, 0x72, 0x65, 0x67, 0x69, 0x73, 0x74, 0x65, 0x72, 0x20, 0x61, 0x75, 0x74, 0x68, 0x6f, 0x72, 0x69, 0x7a, 0x61, 0x74, 0x69, 0x6f, 0x6e, 0x20, 0x63, 0x61, 0x6c, 0x6c, 0x62, 0x61, 0x63, 0x6b, 0x73, 0x0a, 0x00 };
/* 0x9b019 */ const unsigned char rodata_9b019[50] = { 0x46, 0x61, 0x69, 0x6c, 0x65, 0x64, 0x20, 0x74, 0x6f, 0x20, 0x72, 0x65, 0x67, 0x69, 0x73, 0x74, 0x65, 0x72, 0x20, 0x61, 0x75, 0x74, 0x68, 0x6f, 0x72, 0x69, 0x7a, 0x61, 0x74, 0x69, 0x6f, 0x6e, 0x20, 0x69, 0x6e, 0x66, 0x6f, 0x20, 0x63, 0x61, 0x6c, 0x6c, 0x62, 0x61, 0x63, 0x6b, 0x73, 0x2e, 0x0a, 0x00 };
/* 0x9b04b */ const unsigned char rodata_9b04b[21] = { 0x46, 0x61, 0x69, 0x6c, 0x65, 0x64, 0x20, 0x74, 0x6f, 0x20, 0x69, 0x6e, 0x69, 0x74, 0x20, 0x6e, 0x75, 0x73, 0x2e, 0x0a, 0x00 };
/* 0x9b060 */ const unsigned char rodata_9b060[41] = { 0x41, 0x64, 0x76, 0x65, 0x72, 0x74, 0x69, 0x73, 0x69, 0x6e, 0x67, 0x20, 0x25, 0x73, 0x20, 0x66, 0x61, 0x69, 0x6c, 0x65, 0x64, 0x20, 0x74, 0x6f, 0x20, 0x73, 0x74, 0x61, 0x72, 0x74, 0x20, 0x28, 0x65, 0x72, 0x72, 0x20, 0x25, 0x64, 0x29, 0x0a, 0x00 };
/* 0x9b089 */ const unsigned char rodata_9b089[37] = { 0x61, 0x6e, 0x63, 0x73, 0x20, 0x6f, 0x72, 0x20, 0x6e, 0x63, 0x73, 0x20, 0x69, 0x6e, 0x69, 0x74, 0x20, 0x66, 0x61, 0x69, 0x6c, 0x75, 0x72, 0x65, 0x2c, 0x20, 0x72, 0x65, 0x62, 0x6f, 0x6f, 0x74, 0x20, 0x69, 0x74, 0x0a, 0x00 };
/* 0x9b0ae */ const unsigned char rodata_9b0ae[42] = { 0x25, 0x73, 0x28, 0x29, 0x3a, 0x20, 0x72, 0x65, 0x62, 0x6f, 0x6f, 0x74, 0x20, 0x62, 0x65, 0x63, 0x61, 0x75, 0x73, 0x65, 0x20, 0x61, 0x6e, 0x63, 0x73, 0x20, 0x73, 0x74, 0x61, 0x72, 0x74, 0x20, 0x66, 0x61, 0x69, 0x6c, 0x65, 0x64, 0x0d, 0x0a, 0x0a, 0x00 };
/* 0x9b0d8 */ const unsigned char rodata_9b0d8[25] = { 0x62, 0x6c, 0x65, 0x5f, 0x61, 0x6e, 0x63, 0x73, 0x5f, 0x64, 0x61, 0x74, 0x61, 0x5f, 0x72, 0x65, 0x71, 0x5f, 0x74, 0x68, 0x72, 0x65, 0x61, 0x64, 0x00 };
/* 0x9b0f1 */ const unsigned char rodata_9b0f1[23] = { 0x73, 0x74, 0x61, 0x72, 0x74, 0x5f, 0x61, 0x6e, 0x63, 0x73, 0x5f, 0x77, 0x6f, 0x72, 0x6b, 0x5f, 0x74, 0x68, 0x72, 0x65, 0x61, 0x64, 0x00 };
/* 0x9b108 */ const unsigned char rodata_9b108[18] = { 0x63, 0x68, 0x65, 0x63, 0x6b, 0x5f, 0x62, 0x6f, 0x6e, 0x64, 0x65, 0x64, 0x5f, 0x61, 0x64, 0x64, 0x72, 0x00 };
/* 0x9b11a */ const unsigned char rodata_9b11a[12] = { 0x61, 0x75, 0x74, 0x68, 0x5f, 0x63, 0x61, 0x6e, 0x63, 0x65, 0x6c, 0x00 };
/* 0x9b126 */ const unsigned char rodata_9b126[15] = { 0x70, 0x61, 0x69, 0x72, 0x69, 0x6e, 0x67, 0x5f, 0x66, 0x61, 0x69, 0x6c, 0x65, 0x64, 0x00 };
/* 0x9b135 */ const unsigned char rodata_9b135[10] = { 0x61, 0x6e, 0x63, 0x73, 0x5f, 0x6d, 0x61, 0x69, 0x6e, 0x00 };
/* 0x9b13f */ const unsigned char rodata_9b13f[9] = { 0x62, 0x74, 0x5f, 0x73, 0x74, 0x61, 0x72, 0x74, 0x00 };
/* 0x9b148 */ const unsigned char rodata_9b148[22] = { 0x72, 0x65, 0x71, 0x75, 0x65, 0x73, 0x74, 0x5f, 0x61, 0x6e, 0x63, 0x73, 0x5f, 0x61, 0x74, 0x74, 0x72, 0x5f, 0x65, 0x78, 0x74, 0x00 };
/* 0x9b15e */ const unsigned char rodata_9b15e[12] = { 0x61, 0x6e, 0x63, 0x73, 0x5f, 0x63, 0x5f, 0x69, 0x6e, 0x69, 0x74, 0x00 };
/* 0x9b16a */ const unsigned char rodata_9b16a[12] = { 0x64, 0x65, 0x71, 0x75, 0x65, 0x75, 0x65, 0x5f, 0x75, 0x69, 0x64, 0x00 };
/* 0x9b176 */ const unsigned char rodata_9b176[12] = { 0x65, 0x6e, 0x71, 0x75, 0x65, 0x75, 0x65, 0x5f, 0x75, 0x69, 0x64, 0x00 };
/* 0x9b182 */ const unsigned char rodata_9b182[14] = { 0x69, 0x6e, 0x69, 0x74, 0x5f, 0x6d, 0x73, 0x67, 0x71, 0x5f, 0x75, 0x69, 0x64, 0x00 };
/* 0x9b190 */ const unsigned char rodata_9b190[13] = { 0x64, 0x65, 0x71, 0x75, 0x65, 0x75, 0x65, 0x5f, 0x61, 0x6e, 0x63, 0x73, 0x00 };
/* 0x9b19d */ const unsigned char rodata_9b19d[13] = { 0x65, 0x6e, 0x71, 0x75, 0x65, 0x75, 0x65, 0x5f, 0x61, 0x6e, 0x63, 0x73, 0x00 };
/* 0x9b1aa */ const unsigned char rodata_9b1aa[15] = { 0x69, 0x6e, 0x69, 0x74, 0x5f, 0x6d, 0x73, 0x67, 0x71, 0x5f, 0x61, 0x6e, 0x63, 0x73, 0x00 };
/* 0x9b1b9 */ const unsigned char rodata_9b1b9[15] = { 0x61, 0x6e, 0x63, 0x73, 0x5f, 0x63, 0x6f, 0x6e, 0x6e, 0x65, 0x63, 0x74, 0x65, 0x64, 0x00 };
/* 0x9b1c8 */ const unsigned char rodata_9b1c8[18] = { 0x61, 0x6e, 0x63, 0x73, 0x5f, 0x64, 0x69, 0x73, 0x63, 0x6f, 0x6e, 0x6e, 0x65, 0x63, 0x74, 0x65, 0x64, 0x00 };
/* 0x9b1da */ const unsigned char rodata_9b1da[15] = { 0x69, 0x6e, 0x64, 0x69, 0x63, 0x61, 0x74, 0x65, 0x5f, 0x73, 0x63, 0x5f, 0x63, 0x62, 0x00 };
/* 0x9b20d */ const unsigned char rodata_9b20d[28] = { 0x62, 0x74, 0x5f, 0x61, 0x6e, 0x63, 0x73, 0x5f, 0x64, 0x61, 0x74, 0x61, 0x5f, 0x73, 0x6f, 0x75, 0x72, 0x63, 0x65, 0x5f, 0x68, 0x61, 0x6e, 0x64, 0x6c, 0x65, 0x72, 0x00 };
/* 0x9b229 */ const unsigned char rodata_9b229[22] = { 0x61, 0x6e, 0x63, 0x73, 0x5f, 0x73, 0x65, 0x63, 0x75, 0x72, 0x69, 0x74, 0x79, 0x5f, 0x63, 0x68, 0x61, 0x6e, 0x67, 0x65, 0x64, 0x00 };
/* 0x9b257 */ const unsigned char rodata_9b257[6] = { 0x74, 0x69, 0x74, 0x6c, 0x65, 0x00 };
/* 0x9b2ba */ const unsigned char rodata_9b2ba[59] = { 0x73, 0x70, 0x69, 0x6d, 0x20, 0x74, 0x78, 0x28, 0x6c, 0x65, 0x6e, 0x3d, 0x25, 0x64, 0x29, 0x3a, 0x20, 0x25, 0x30, 0x32, 0x78, 0x2c, 0x25, 0x30, 0x32, 0x78, 0x2c, 0x25, 0x30, 0x32, 0x78, 0x2c, 0x25, 0x30, 0x32, 0x78, 0x2c, 0x20, 0x25, 0x30, 0x32, 0x78, 0x2c, 0x25, 0x30, 0x32, 0x78, 0x2c, 0x25, 0x30, 0x32, 0x78, 0x2c, 0x25, 0x30, 0x32, 0x78, 0x0a, 0x00 };
/* 0x9b2f5 */ const unsigned char rodata_9b2f5[60] = { 0x73, 0x70, 0x69, 0x6d, 0x20, 0x72, 0x65, 0x74, 0x28, 0x6c, 0x65, 0x6e, 0x3d, 0x25, 0x64, 0x29, 0x3a, 0x20, 0x25, 0x30, 0x32, 0x78, 0x2c, 0x25, 0x30, 0x32, 0x78, 0x2c, 0x25, 0x30, 0x32, 0x78, 0x2c, 0x25, 0x30, 0x32, 0x78, 0x2c, 0x20, 0x25, 0x30, 0x32, 0x78, 0x2c, 0x25, 0x30, 0x32, 0x78, 0x2c, 0x25, 0x30, 0x32, 0x78, 0x2c, 0x25, 0x30, 0x32, 0x78, 0x0a, 0x00 };
/* 0x9b331 */ const unsigned char rodata_9b331[20] = { 0x64, 0x65, 0x62, 0x75, 0x67, 0x20, 0x69, 0x6e, 0x69, 0x74, 0x20, 0x66, 0x61, 0x69, 0x6c, 0x65, 0x64, 0x0d, 0x0a, 0x00 };
/* 0x9b345 */ const unsigned char rodata_9b345[21] = { 0x64, 0x65, 0x62, 0x75, 0x67, 0x20, 0x69, 0x6e, 0x69, 0x74, 0x20, 0x73, 0x75, 0x63, 0x63, 0x65, 0x73, 0x73, 0x0d, 0x0a, 0x00 };
/* 0x9b35a */ const unsigned char rodata_9b35a[23] = { 0x65, 0x6e, 0x71, 0x75, 0x65, 0x75, 0x65, 0x5f, 0x64, 0x65, 0x62, 0x75, 0x67, 0x20, 0x66, 0x61, 0x69, 0x6c, 0x65, 0x64, 0x0d, 0x0a, 0x00 };
/* 0x9b371 */ const unsigned char rodata_9b371[30] = { 0x5b, 0x25, 0x73, 0x2d, 0x25, 0x64, 0x5d, 0x65, 0x72, 0x72, 0x6f, 0x72, 0x2c, 0x20, 0x72, 0x65, 0x71, 0x20, 0x69, 0x73, 0x20, 0x4e, 0x55, 0x4c, 0x4c, 0x20, 0x21, 0x20, 0x0a, 0x00 };
/* 0x9b3b5 */ const unsigned char rodata_9b3b5[43] = { 0x5b, 0x25, 0x73, 0x2d, 0x25, 0x64, 0x5d, 0x65, 0x72, 0x72, 0x6f, 0x72, 0x2c, 0x20, 0x72, 0x65, 0x71, 0x5f, 0x6c, 0x65, 0x6e, 0x20, 0x69, 0x73, 0x20, 0x25, 0x64, 0x2c, 0x20, 0x74, 0x6f, 0x6f, 0x20, 0x73, 0x68, 0x6f, 0x72, 0x74, 0x20, 0x21, 0x20, 0x0a, 0x00 };
/* 0x9b3e0 */ const unsigned char rodata_9b3e0[51] = { 0x5b, 0x25, 0x73, 0x2d, 0x25, 0x64, 0x5d, 0x65, 0x72, 0x72, 0x6f, 0x72, 0x2c, 0x20, 0x63, 0x75, 0x72, 0x43, 0x6d, 0x64, 0x20, 0x69, 0x73, 0x20, 0x25, 0x64, 0x2c, 0x20, 0x62, 0x75, 0x74, 0x20, 0x70, 0x61, 0x72, 0x73, 0x65, 0x43, 0x6d, 0x64, 0x20, 0x69, 0x73, 0x20, 0x25, 0x64, 0x20, 0x21, 0x20, 0x0a, 0x00 };
/* 0x9b413 */ const unsigned char rodata_9b413[55] = { 0x5b, 0x25, 0x73, 0x2d, 0x25, 0x64, 0x5d, 0x65, 0x72, 0x72, 0x6f, 0x72, 0x2c, 0x20, 0x63, 0x75, 0x72, 0x4d, 0x73, 0x67, 0x49, 0x64, 0x20, 0x69, 0x73, 0x20, 0x25, 0x64, 0x2c, 0x20, 0x62, 0x75, 0x74, 0x20, 0x70, 0x61, 0x72, 0x73, 0x65, 0x4d, 0x73, 0x67, 0x49, 0x64, 0x20, 0x69, 0x73, 0x20, 0x25, 0x64, 0x20, 0x21, 0x20, 0x0a, 0x00 };
/* 0x9b44a */ const unsigned char rodata_9b44a[20] = { 0x6f, 0x72, 0x69, 0x67, 0x69, 0x6e, 0x5f, 0x64, 0x61, 0x74, 0x61, 0x20, 0x69, 0x73, 0x20, 0x25, 0x73, 0x20, 0x0a, 0x00 };
/* 0x9b45e */ const unsigned char rodata_9b45e[36] = { 0x25, 0x73, 0x28, 0x29, 0x3a, 0x20, 0x42, 0x4c, 0x45, 0x20, 0x73, 0x65, 0x6e, 0x64, 0x20, 0x66, 0x61, 0x69, 0x6c, 0x65, 0x64, 0x20, 0x66, 0x6f, 0x72, 0x20, 0x25, 0x64, 0x20, 0x74, 0x69, 0x6d, 0x65, 0x73, 0x0a, 0x00 };
/* 0x9b482 */ const unsigned char rodata_9b482[55] = { 0x25, 0x73, 0x28, 0x29, 0x3a, 0x20, 0x64, 0x6d, 0x69, 0x63, 0x5f, 0x73, 0x65, 0x6e, 0x64, 0x5f, 0x63, 0x6f, 0x75, 0x6e, 0x74, 0x20, 0x25, 0x64, 0x20, 0x73, 0x65, 0x6e, 0x64, 0x5f, 0x66, 0x61, 0x69, 0x6c, 0x5f, 0x63, 0x6f, 0x75, 0x6e, 0x74, 0x20, 0x25, 0x64, 0x20, 0x74, 0x69, 0x6d, 0x65, 0x20, 0x25, 0x6c, 0x6c, 0x64, 0x0a, 0x00 };
/* 0x9b5dd */ const unsigned char rodata_9b5dd[11] = { 0x67, 0x65, 0x74, 0x5f, 0x6d, 0x6e, 0x5f, 0x6d, 0x61, 0x63, 0x00 };
/* 0x9b708 */ const unsigned char rodata_9b708[33] = { 0x25, 0x73, 0x28, 0x29, 0x3a, 0x20, 0x42, 0x4c, 0x45, 0x5f, 0x52, 0x45, 0x51, 0x5f, 0x47, 0x45, 0x54, 0x5f, 0x44, 0x45, 0x56, 0x49, 0x43, 0x45, 0x5f, 0x53, 0x4e, 0x3a, 0x20, 0x25, 0x73, 0x0a, 0x00 };
/* 0x9b74b */ const unsigned char rodata_9b74b[35] = { 0x25, 0x73, 0x28, 0x29, 0x3a, 0x20, 0x42, 0x4c, 0x45, 0x5f, 0x52, 0x45, 0x51, 0x5f, 0x47, 0x45, 0x54, 0x5f, 0x45, 0x53, 0x42, 0x5f, 0x43, 0x48, 0x41, 0x4e, 0x4e, 0x45, 0x4c, 0x3a, 0x20, 0x25, 0x64, 0x0a, 0x00 };
/* 0x9b8fd */ const unsigned char rodata_9b8fd[74] = { 0x25, 0x73, 0x28, 0x29, 0x3a, 0x20, 0x70, 0x61, 0x63, 0x6b, 0x65, 0x74, 0x20, 0x6c, 0x65, 0x6e, 0x67, 0x74, 0x68, 0x20, 0x65, 0x72, 0x72, 0x6f, 0x72, 0x2c, 0x69, 0x6e, 0x70, 0x75, 0x74, 0x20, 0x64, 0x61, 0x74, 0x61, 0x20, 0x6c, 0x65, 0x6e, 0x67, 0x74, 0x68, 0x20, 0x3d, 0x20, 0x25, 0x64, 0x2c, 0x70, 0x61, 0x63, 0x6b, 0x65, 0x74, 0x20, 0x64, 0x61, 0x74, 0x61, 0x20, 0x6c, 0x65, 0x6e, 0x67, 0x74, 0x68, 0x20, 0x3d, 0x20, 0x25, 0x64, 0x0a, 0x00 };
/* 0x9b98b */ const unsigned char rodata_9b98b[15] = { 0x65, 0x72, 0x72, 0x6f, 0x72, 0x20, 0x67, 0x65, 0x74, 0x20, 0x72, 0x65, 0x71, 0x2e, 0x00 };
/* 0x9bbbf */ const unsigned char rodata_9bbbf[41] = { 0x64, 0x61, 0x74, 0x65, 0x3a, 0x20, 0x25, 0x75, 0x3a, 0x20, 0x25, 0x30, 0x34, 0x64, 0x2f, 0x25, 0x30, 0x32, 0x64, 0x2f, 0x25, 0x30, 0x32, 0x64, 0x2d, 0x25, 0x30, 0x32, 0x64, 0x3a, 0x25, 0x30, 0x32, 0x64, 0x3a, 0x25, 0x30, 0x32, 0x64, 0x0a, 0x00 };
/* 0x9d000 */ const unsigned char rodata_9d000[15] = { 0x6b, 0x65, 0x74, 0x20, 0x73, 0x69, 0x7a, 0x65, 0x20, 0x3d, 0x20, 0x25, 0x64, 0x0a, 0x00 };
/* 0x9d30b */ const unsigned char rodata_9d30b[34] = { 0x25, 0x73, 0x28, 0x29, 0x3a, 0x20, 0x72, 0x65, 0x63, 0x65, 0x69, 0x76, 0x65, 0x64, 0x20, 0x6f, 0x70, 0x65, 0x6e, 0x20, 0x64, 0x6d, 0x69, 0x63, 0x20, 0x63, 0x6f, 0x6d, 0x6d, 0x61, 0x6e, 0x64, 0x0a, 0x00 };
/* 0x9d4e4 */ const unsigned char rodata_9d4e4[52] = { 0x25, 0x73, 0x28, 0x29, 0x3a, 0x20, 0x2a, 0x2a, 0x2a, 0x2a, 0x2a, 0x77, 0x69, 0x6c, 0x6c, 0x20, 0x75, 0x6e, 0x62, 0x6f, 0x6e, 0x64, 0x20, 0x63, 0x75, 0x72, 0x72, 0x65, 0x6e, 0x74, 0x20, 0x62, 0x74, 0x20, 0x63, 0x6f, 0x6e, 0x6e, 0x65, 0x63, 0x74, 0x69, 0x6f, 0x6e, 0x2a, 0x2a, 0x2a, 0x2a, 0x2a, 0x0a, 0x0a, 0x00 };
/* 0x9d518 */ const unsigned char rodata_9d518[46] = { 0x25, 0x73, 0x28, 0x29, 0x3a, 0x20, 0x62, 0x74, 0x5f, 0x63, 0x6f, 0x6e, 0x6e, 0x5f, 0x64, 0x69, 0x73, 0x63, 0x6f, 0x6e, 0x6e, 0x65, 0x63, 0x74, 0x20, 0x62, 0x65, 0x63, 0x61, 0x75, 0x73, 0x65, 0x20, 0x72, 0x65, 0x63, 0x76, 0x20, 0x75, 0x6e, 0x70, 0x61, 0x69, 0x72, 0x0a, 0x00 };
/* 0x9d546 */ const unsigned char rodata_9d546[65] = { 0x25, 0x73, 0x28, 0x29, 0x3a, 0x20, 0x62, 0x6c, 0x65, 0x5f, 0x70, 0x72, 0x6f, 0x63, 0x65, 0x73, 0x73, 0x5f, 0x70, 0x6f, 0x73, 0x74, 0x5f, 0x72, 0x65, 0x71, 0x20, 0x42, 0x4c, 0x45, 0x5f, 0x52, 0x45, 0x51, 0x5f, 0x50, 0x4f, 0x53, 0x54, 0x5f, 0x44, 0x45, 0x4c, 0x45, 0x54, 0x45, 0x5f, 0x4e, 0x4f, 0x54, 0x49, 0x46, 0x49, 0x43, 0x41, 0x54, 0x49, 0x4f, 0x4e, 0x5f, 0x4d, 0x53, 0x47, 0x0a, 0x00 };
/* 0x9d587 */ const unsigned char rodata_9d587[40] = { 0x25, 0x73, 0x28, 0x29, 0x3a, 0x20, 0x72, 0x65, 0x63, 0x65, 0x69, 0x76, 0x65, 0x64, 0x20, 0x44, 0x61, 0x73, 0x68, 0x62, 0x6f, 0x61, 0x72, 0x64, 0x20, 0x6c, 0x6f, 0x63, 0x6b, 0x20, 0x63, 0x6f, 0x6d, 0x6d, 0x61, 0x6e, 0x64, 0x2e, 0x0a, 0x00 };
/* 0x9d5af */ const unsigned char rodata_9d5af[43] = { 0x25, 0x73, 0x28, 0x29, 0x3a, 0x20, 0x6d, 0x61, 0x73, 0x74, 0x65, 0x72, 0x20, 0x65, 0x78, 0x65, 0x63, 0x20, 0x64, 0x61, 0x73, 0x68, 0x62, 0x6f, 0x61, 0x72, 0x64, 0x20, 0x6c, 0x6f, 0x63, 0x6b, 0x20, 0x70, 0x72, 0x6f, 0x63, 0x65, 0x73, 0x73, 0x2e, 0x0a, 0x00 };
/* 0x9d5da */ const unsigned char rodata_9d5da[53] = { 0x25, 0x73, 0x28, 0x29, 0x3a, 0x20, 0x72, 0x65, 0x63, 0x65, 0x69, 0x76, 0x65, 0x64, 0x20, 0x65, 0x72, 0x72, 0x6f, 0x72, 0x20, 0x64, 0x61, 0x73, 0x68, 0x62, 0x6f, 0x61, 0x72, 0x64, 0x20, 0x6c, 0x6f, 0x63, 0x6b, 0x20, 0x61, 0x63, 0x74, 0x69, 0x6f, 0x6e, 0x20, 0x63, 0x6f, 0x6d, 0x6d, 0x61, 0x6e, 0x64, 0x2e, 0x0a, 0x00 };
/* 0x9d64e */ const unsigned char rodata_9d64e[35] = { 0x25, 0x73, 0x28, 0x29, 0x3a, 0x20, 0x40, 0x74, 0x78, 0x20, 0x65, 0x72, 0x72, 0x6f, 0x72, 0x20, 0x70, 0x6f, 0x73, 0x74, 0x20, 0x72, 0x65, 0x71, 0x5f, 0x74, 0x79, 0x70, 0x65, 0x3a, 0x20, 0x25, 0x64, 0x0a, 0x00 };
/* 0x9d671 */ const unsigned char rodata_9d671[16] = { 0x65, 0x72, 0x72, 0x6f, 0x72, 0x20, 0x70, 0x6f, 0x73, 0x74, 0x20, 0x72, 0x65, 0x71, 0x2e, 0x00 };
/* 0x9d681 */ const unsigned char rodata_9d681[29] = { 0x25, 0x73, 0x28, 0x29, 0x3a, 0x20, 0x74, 0x78, 0x20, 0x65, 0x72, 0x72, 0x6f, 0x72, 0x20, 0x72, 0x65, 0x71, 0x5f, 0x74, 0x79, 0x70, 0x65, 0x2e, 0x20, 0x25, 0x64, 0x0a, 0x00 };
/* 0x9d69e */ const unsigned char rodata_9d69e[3] = { 0x4e, 0x4e, 0x00 };
/* 0x9d6a1 */ const unsigned char rodata_9d6a1[55] = { 0x25, 0x73, 0x28, 0x29, 0x3a, 0x20, 0x69, 0x6e, 0x74, 0x65, 0x67, 0x65, 0x72, 0x5f, 0x6e, 0x75, 0x6d, 0x3a, 0x20, 0x25, 0x64, 0x2c, 0x20, 0x74, 0x61, 0x69, 0x6c, 0x5f, 0x6c, 0x65, 0x6e, 0x3a, 0x20, 0x25, 0x64, 0x2c, 0x20, 0x72, 0x61, 0x77, 0x5f, 0x64, 0x61, 0x74, 0x61, 0x5f, 0x6c, 0x65, 0x6e, 0x3a, 0x20, 0x25, 0x64, 0x0a, 0x00 };
/* 0x9d6ee */ const unsigned char rodata_9d6ee[5] = { 0x62, 0x6f, 0x64, 0x79, 0x00 };
/* 0x9d70f */ const unsigned char rodata_9d70f[5] = { 0x74, 0x61, 0x69, 0x6c, 0x00 };
/* 0x9d734 */ const unsigned char rodata_9d734[21] = { 0x25, 0x73, 0x28, 0x29, 0x3a, 0x20, 0x74, 0x6f, 0x74, 0x61, 0x6c, 0x2d, 0x73, 0x69, 0x7a, 0x65, 0x3a, 0x25, 0x64, 0x0a, 0x00 };
/* 0x9d749 */ const unsigned char rodata_9d749[16] = { 0x63, 0x6f, 0x6d, 0x2e, 0x74, 0x65, 0x6e, 0x63, 0x65, 0x6e, 0x74, 0x2e, 0x78, 0x69, 0x6e, 0x00 };
/* 0x9d759 */ const unsigned char rodata_9d759[15] = { 0x61, 0x70, 0x70, 0x5f, 0x69, 0x64, 0x65, 0x6e, 0x74, 0x69, 0x66, 0x69, 0x65, 0x72, 0x00 };
/* 0x9d768 */ const unsigned char rodata_9d768[4] = { 0x61, 0x61, 0x61, 0x00 };
/* 0x9d76c */ const unsigned char rodata_9d76c[9] = { 0x73, 0x75, 0x62, 0x74, 0x69, 0x74, 0x6c, 0x65, 0x00 };
/* 0x9d775 */ const unsigned char rodata_9d775[8] = { 0x6d, 0x65, 0x73, 0x73, 0x61, 0x67, 0x65, 0x00 };
/* 0x9d77d */ const unsigned char rodata_9d77d[12] = { 0x30, 0x38, 0x2d, 0x30, 0x34, 0x20, 0x30, 0x39, 0x3a, 0x35, 0x30, 0x00 };
/* 0x9d790 */ const unsigned char rodata_9d790[13] = { 0x64, 0x69, 0x73, 0x70, 0x6c, 0x61, 0x79, 0x5f, 0x6e, 0x61, 0x6d, 0x65, 0x00 };
/* 0x9d79d */ const unsigned char rodata_9d79d[17] = { 0x6e, 0x63, 0x73, 0x5f, 0x6e, 0x6f, 0x74, 0x69, 0x66, 0x69, 0x63, 0x61, 0x74, 0x69, 0x6f, 0x6e, 0x00 };
/* 0x9d7ae */ const unsigned char rodata_9d7ae[10] = { 0x25, 0x73, 0x28, 0x29, 0x3a, 0x20, 0x25, 0x73, 0x0a, 0x00 };
/* 0x9d7b8 */ const unsigned char rodata_9d7b8[20] = { 0x63, 0x6f, 0x6d, 0x2e, 0x61, 0x70, 0x70, 0x6c, 0x65, 0x2e, 0x6d, 0x6f, 0x62, 0x69, 0x6c, 0x65, 0x63, 0x61, 0x6c, 0x00 };
/* 0x9d7e8 */ const unsigned char rodata_9d7e8[15] = { 0x63, 0x61, 0x6c, 0x65, 0x6e, 0x64, 0x61, 0x72, 0x2d, 0x73, 0x63, 0x68, 0x65, 0x64, 0x00 };
/* 0x9d7f7 */ const unsigned char rodata_9d7f7[3] = { 0x23, 0x63, 0x00 };
/* 0x9d7fa */ const unsigned char rodata_9d7fa[36] = { 0x25, 0x73, 0x28, 0x29, 0x3a, 0x20, 0x74, 0x65, 0x73, 0x74, 0x3a, 0x42, 0x4c, 0x45, 0x5f, 0x52, 0x45, 0x51, 0x5f, 0x50, 0x4f, 0x53, 0x54, 0x5f, 0x42, 0x54, 0x5f, 0x55, 0x4e, 0x50, 0x41, 0x49, 0x52, 0x0a, 0x0a, 0x00 };
/* 0x9d81e */ const unsigned char rodata_9d81e[4] = { 0x23, 0x31, 0x40, 0x00 };
/* 0x9d857 */ const unsigned char rodata_9d857[4] = { 0x23, 0x32, 0x40, 0x00 };
/* 0x9d88c */ const unsigned char rodata_9d88c[4] = { 0x23, 0x33, 0x40, 0x00 };
/* 0x9d890 */ const unsigned char rodata_9d890[33] = { 0x25, 0x73, 0x28, 0x29, 0x3a, 0x20, 0x70, 0x6f, 0x73, 0x3a, 0x25, 0x73, 0x2c, 0x20, 0x6e, 0x65, 0x77, 0x20, 0x73, 0x63, 0x72, 0x65, 0x65, 0x6e, 0x5f, 0x69, 0x64, 0x3d, 0x25, 0x64, 0x0a, 0x0a, 0x00 };
/* 0x9d8b1 */ const unsigned char rodata_9d8b1[4] = { 0x23, 0x34, 0x40, 0x00 };
/* 0x9d8b5 */ const unsigned char rodata_9d8b5[37] = { 0x25, 0x73, 0x28, 0x29, 0x3a, 0x20, 0x70, 0x6f, 0x73, 0x3a, 0x25, 0x73, 0x2c, 0x20, 0x6e, 0x65, 0x77, 0x20, 0x6c, 0x6f, 0x67, 0x5f, 0x6c, 0x65, 0x76, 0x65, 0x6c, 0x5f, 0x73, 0x65, 0x74, 0x3d, 0x25, 0x64, 0x0a, 0x0a, 0x00 };
/* 0x9d8da */ const unsigned char rodata_9d8da[4] = { 0x23, 0x35, 0x40, 0x00 };
/* 0x9d8de */ const unsigned char rodata_9d8de[15] = { 0x25, 0x73, 0x28, 0x29, 0x3a, 0x20, 0x62, 0x75, 0x66, 0x3a, 0x25, 0x73, 0x0a, 0x0a, 0x00 };
/* 0x9d8ed */ const unsigned char rodata_9d8ed[15] = { 0x25, 0x73, 0x28, 0x29, 0x3a, 0x20, 0x63, 0x6d, 0x64, 0x3a, 0x25, 0x73, 0x0a, 0x0a, 0x00 };
/* 0x9d8fc */ const unsigned char rodata_9d8fc[14] = { 0x25, 0x73, 0x28, 0x29, 0x3a, 0x20, 0x65, 0x6e, 0x3a, 0x25, 0x73, 0x0a, 0x0a, 0x00 };
/* 0x9d90a */ const unsigned char rodata_9d90a[27] = { 0x25, 0x73, 0x28, 0x29, 0x3a, 0x20, 0x65, 0x6e, 0x61, 0x62, 0x6c, 0x65, 0x3a, 0x20, 0x25, 0x64, 0x2c, 0x20, 0x73, 0x65, 0x63, 0x3a, 0x25, 0x64, 0x0a, 0x0a, 0x00 };
/* 0x9d925 */ const unsigned char rodata_9d925[6] = { 0x23, 0x63, 0x6d, 0x64, 0x40, 0x00 };
/* 0x9d92b */ const unsigned char rodata_9d92b[31] = { 0x25, 0x73, 0x28, 0x29, 0x3a, 0x20, 0x70, 0x6f, 0x73, 0x3d, 0x25, 0x73, 0x2c, 0x20, 0x74, 0x78, 0x5f, 0x64, 0x61, 0x74, 0x61, 0x5f, 0x6c, 0x65, 0x6e, 0x3d, 0x25, 0x64, 0x0a, 0x0a, 0x00 };
/* 0x9d94a */ const unsigned char rodata_9d94a[17] = { 0x25, 0x73, 0x28, 0x29, 0x3a, 0x20, 0x31, 0x31, 0x20, 0x6c, 0x65, 0x6e, 0x3d, 0x25, 0x64, 0x0a, 0x00 };
/* 0x9d95b */ const unsigned char rodata_9d95b[14] = { 0x25, 0x73, 0x28, 0x29, 0x3a, 0x20, 0x63, 0x6d, 0x64, 0x3d, 0x25, 0x64, 0x0a, 0x00 };
/* 0x9d9a5 */ const unsigned char rodata_9d9a5[72] = { 0x7b, 0x22, 0x77, 0x68, 0x69, 0x74, 0x65, 0x6c, 0x69, 0x73, 0x74, 0x5f, 0x61, 0x70, 0x70, 0x22, 0x3a, 0x22, 0x63, 0x6f, 0x6d, 0x2e, 0x61, 0x70, 0x70, 0x6c, 0x65, 0x2e, 0x4d, 0x6f, 0x62, 0x69, 0x6c, 0x65, 0x53, 0x4d, 0x53, 0x3a, 0x63, 0x6f, 0x6d, 0x2e, 0x74, 0x65, 0x6e, 0x63, 0x65, 0x6e, 0x74, 0x2e, 0x78, 0x69, 0x6e, 0x3a, 0x63, 0x6f, 0x6d, 0x2e, 0x74, 0x65, 0x6e, 0x63, 0x65, 0x6e, 0x74, 0x2e, 0x6d, 0x71, 0x71, 0x22, 0x7d, 0x00 };
/* 0x9d9ed */ const unsigned char rodata_9d9ed[66] = { 0x25, 0x73, 0x28, 0x29, 0x3a, 0x20, 0x63, 0x6d, 0x64, 0x5f, 0x74, 0x79, 0x70, 0x65, 0x3a, 0x25, 0x73, 0x2c, 0x20, 0x76, 0x61, 0x6c, 0x75, 0x65, 0x3d, 0x25, 0x73, 0x2c, 0x20, 0x74, 0x78, 0x5f, 0x6c, 0x65, 0x6e, 0x3d, 0x25, 0x64, 0x2c, 0x20, 0x6a, 0x73, 0x74, 0x72, 0x5f, 0x6c, 0x65, 0x6e, 0x3d, 0x25, 0x64, 0x2c, 0x20, 0x6a, 0x73, 0x6f, 0x6e, 0x73, 0x74, 0x72, 0x3d, 0x25, 0x73, 0x0a, 0x0a, 0x00 };
/* 0x9da2f */ const unsigned char rodata_9da2f[50] = { 0x25, 0x73, 0x28, 0x29, 0x3a, 0x20, 0x73, 0x69, 0x6d, 0x75, 0x6c, 0x61, 0x74, 0x6f, 0x72, 0x2d, 0x3e, 0x42, 0x4c, 0x45, 0x5f, 0x52, 0x45, 0x51, 0x5f, 0x50, 0x55, 0x54, 0x5f, 0x54, 0x45, 0x4c, 0x45, 0x50, 0x52, 0x4f, 0x4d, 0x50, 0x54, 0x45, 0x52, 0x5f, 0x49, 0x4e, 0x46, 0x4f, 0x2e, 0x0a, 0x0a, 0x00 };
/* 0x9db03 */ const unsigned char rodata_9db03[18] = { 0x74, 0x65, 0x6c, 0x65, 0x70, 0x72, 0x6f, 0x6d, 0x70, 0x74, 0x65, 0x72, 0x5f, 0x69, 0x6e, 0x66, 0x6f, 0x00 };
/* 0x9db15 */ const unsigned char rodata_9db15[48] = { 0x25, 0x73, 0x28, 0x29, 0x3a, 0x20, 0x73, 0x69, 0x6d, 0x75, 0x6c, 0x61, 0x74, 0x6f, 0x72, 0x2d, 0x3e, 0x42, 0x4c, 0x45, 0x5f, 0x52, 0x45, 0x51, 0x5f, 0x50, 0x55, 0x54, 0x5f, 0x4e, 0x41, 0x56, 0x49, 0x47, 0x41, 0x54, 0x49, 0x4f, 0x4e, 0x5f, 0x49, 0x4e, 0x46, 0x4f, 0x2e, 0x0a, 0x0a, 0x00 };
/* 0x9db45 */ const unsigned char rodata_9db45[10] = { 0x64, 0x69, 0x72, 0x65, 0x63, 0x74, 0x69, 0x6f, 0x6e, 0x00 };
/* 0x9db81 */ const unsigned char rodata_9db81[16] = { 0x6e, 0x61, 0x76, 0x69, 0x67, 0x61, 0x74, 0x69, 0x6f, 0x6e, 0x5f, 0x69, 0x6e, 0x66, 0x6f, 0x00 };
/* 0x9dbb4 */ const unsigned char rodata_9dbb4[17] = { 0x25, 0x73, 0x28, 0x29, 0x3a, 0x20, 0x32, 0x32, 0x20, 0x6c, 0x65, 0x6e, 0x3d, 0x25, 0x64, 0x0a, 0x00 };
/* 0x9dbc5 */ const unsigned char rodata_9dbc5[39] = { 0x25, 0x73, 0x28, 0x29, 0x3a, 0x20, 0x23, 0x63, 0x6d, 0x64, 0x5f, 0x74, 0x79, 0x70, 0x65, 0x3a, 0x25, 0x73, 0x2c, 0x20, 0x74, 0x69, 0x74, 0x6c, 0x65, 0x3d, 0x25, 0x73, 0x2c, 0x20, 0x6d, 0x73, 0x67, 0x3d, 0x25, 0x73, 0x0a, 0x0a, 0x00 };
/* 0x9dbec */ const unsigned char rodata_9dbec[43] = { 0x25, 0x73, 0x28, 0x29, 0x3a, 0x20, 0x2a, 0x2a, 0x63, 0x6d, 0x64, 0x5f, 0x74, 0x79, 0x70, 0x65, 0x3a, 0x25, 0x73, 0x2c, 0x20, 0x76, 0x61, 0x6c, 0x75, 0x65, 0x3d, 0x25, 0x73, 0x2c, 0x20, 0x74, 0x78, 0x5f, 0x6c, 0x65, 0x6e, 0x3d, 0x25, 0x64, 0x0a, 0x0a, 0x00 };
/* 0x9dc17 */ const unsigned char rodata_9dc17[3] = { 0x23, 0x61, 0x00 };
/* 0x9dc1a */ const unsigned char rodata_9dc1a[37] = { 0x0a, 0x2a, 0x2a, 0x2a, 0x2a, 0x2a, 0x74, 0x65, 0x73, 0x74, 0x20, 0x63, 0x61, 0x6c, 0x6c, 0x62, 0x61, 0x63, 0x6b, 0x20, 0x61, 0x75, 0x64, 0x69, 0x6f, 0x20, 0x64, 0x61, 0x74, 0x61, 0x2a, 0x2a, 0x2a, 0x2a, 0x2a, 0x0a, 0x00 };
/* 0x9dc9c */ const unsigned char rodata_9dc9c[31] = { 0x0a, 0x2a, 0x2a, 0x2a, 0x2a, 0x2a, 0x73, 0x74, 0x61, 0x72, 0x74, 0x20, 0x75, 0x70, 0x6c, 0x6f, 0x61, 0x64, 0x20, 0x61, 0x75, 0x64, 0x69, 0x6f, 0x2a, 0x2a, 0x2a, 0x2a, 0x2a, 0x0a, 0x00 };
/* 0x9dcbb */ const unsigned char rodata_9dcbb[78] = { 0x25, 0x73, 0x28, 0x29, 0x3a, 0x20, 0x75, 0x6e, 0x61, 0x62, 0x6c, 0x65, 0x20, 0x74, 0x6f, 0x20, 0x61, 0x75, 0x64, 0x69, 0x6f, 0x20, 0x74, 0x72, 0x61, 0x6e, 0x73, 0x66, 0x65, 0x72, 0x2c, 0x20, 0x64, 0x75, 0x65, 0x20, 0x74, 0x6f, 0x20, 0x6e, 0x6f, 0x20, 0x63, 0x6f, 0x6e, 0x6e, 0x65, 0x63, 0x74, 0x65, 0x64, 0x20, 0x6f, 0x72, 0x20, 0x6e, 0x6f, 0x74, 0x69, 0x66, 0x69, 0x63, 0x61, 0x74, 0x69, 0x6f, 0x6e, 0x20, 0x64, 0x69, 0x73, 0x61, 0x62, 0x6c, 0x65, 0x64, 0x0a, 0x00 };
/* 0x9dd09 */ const unsigned char rodata_9dd09[27] = { 0x74, 0x30, 0x20, 0x3d, 0x20, 0x25, 0x64, 0x20, 0x65, 0x72, 0x72, 0x6f, 0x72, 0x20, 0x63, 0x6f, 0x75, 0x6e, 0x74, 0x20, 0x3d, 0x20, 0x25, 0x64, 0x20, 0x0a, 0x00 };
/* 0x9dd24 */ const unsigned char rodata_9dd24[3] = { 0x23, 0x62, 0x00 };
/* 0x9dd27 */ const unsigned char rodata_9dd27[36] = { 0x0a, 0x2a, 0x2a, 0x2a, 0x2a, 0x2a, 0x74, 0x65, 0x73, 0x74, 0x20, 0x73, 0x65, 0x74, 0x20, 0x65, 0x73, 0x62, 0x20, 0x63, 0x68, 0x61, 0x6e, 0x6e, 0x65, 0x6c, 0x2a, 0x2a, 0x2a, 0x2a, 0x2a, 0x20, 0x25, 0x64, 0x0a, 0x00 };
/* 0x9dd4b */ const unsigned char rodata_9dd4b[3] = { 0x23, 0x64, 0x00 };
/* 0x9dd4e */ const unsigned char rodata_9dd4e[28] = { 0x0a, 0x2a, 0x2a, 0x2a, 0x2a, 0x2a, 0x64, 0x69, 0x73, 0x70, 0x6c, 0x61, 0x79, 0x20, 0x6d, 0x6f, 0x64, 0x65, 0x2a, 0x2a, 0x2a, 0x2a, 0x2a, 0x20, 0x25, 0x64, 0x0a, 0x00 };
/* 0x9dd6a */ const unsigned char rodata_9dd6a[3] = { 0x23, 0x65, 0x00 };
/* 0x9dd6d */ const unsigned char rodata_9dd6d[3] = { 0x23, 0x66, 0x00 };
/* 0x9dd70 */ const unsigned char rodata_9dd70[3] = { 0x23, 0x67, 0x00 };
/* 0x9dd73 */ const unsigned char rodata_9dd73[30] = { 0x54, 0x58, 0x3a, 0x25, 0x64, 0x2c, 0x66, 0x61, 0x69, 0x6c, 0x3a, 0x25, 0x64, 0x2c, 0x52, 0x58, 0x3a, 0x25, 0x64, 0x2c, 0x53, 0x69, 0x67, 0x6e, 0x61, 0x6c, 0x3a, 0x25, 0x64, 0x00 };
/* 0x9dd91 */ const unsigned char rodata_9dd91[3] = { 0x23, 0x72, 0x00 };
/* 0x9dd94 */ const unsigned char rodata_9dd94[37] = { 0x25, 0x73, 0x28, 0x29, 0x3a, 0x20, 0x73, 0x79, 0x73, 0x20, 0x72, 0x65, 0x62, 0x6f, 0x6f, 0x74, 0x20, 0x62, 0x65, 0x63, 0x61, 0x75, 0x73, 0x65, 0x20, 0x72, 0x65, 0x62, 0x6f, 0x6f, 0x74, 0x20, 0x63, 0x6d, 0x64, 0x0a, 0x00 };
/* 0x9ddb9 */ const unsigned char rodata_9ddb9[3] = { 0x23, 0x6c, 0x00 };
/* 0x9ddbc */ const unsigned char rodata_9ddbc[3] = { 0x23, 0x6f, 0x00 };
/* 0x9ddbf */ const unsigned char rodata_9ddbf[9] = { 0x62, 0x61, 0x73, 0x65, 0x3a, 0x20, 0x25, 0x64, 0x00 };
/* 0x9ddc8 */ const unsigned char rodata_9ddc8[3] = { 0x23, 0x69, 0x00 };
/* 0x9ddcb */ const unsigned char rodata_9ddcb[3] = { 0x23, 0x79, 0x00 };
/* 0x9ddce */ const unsigned char rodata_9ddce[10] = { 0x6c, 0x65, 0x76, 0x65, 0x6c, 0x3a, 0x20, 0x25, 0x64, 0x00 };
/* 0x9ddd8 */ const unsigned char rodata_9ddd8[3] = { 0x23, 0x75, 0x00 };
/* 0x9dddb */ const unsigned char rodata_9dddb[3] = { 0x23, 0x70, 0x00 };
/* 0x9ddde */ const unsigned char rodata_9ddde[10] = { 0x70, 0x69, 0x74, 0x63, 0x68, 0x3a, 0x20, 0x25, 0x64, 0x00 };
/* 0x9dde8 */ const unsigned char rodata_9dde8[3] = { 0x23, 0x74, 0x00 };
/* 0x9ddeb */ const unsigned char rodata_9ddeb[71] = { 0x6e, 0x65, 0x74, 0x20, 0x62, 0x75, 0x69, 0x6c, 0x64, 0x20, 0x74, 0x69, 0x6d, 0x65, 0x3a, 0x20, 0x25, 0x73, 0x2c, 0x20, 0x61, 0x70, 0x70, 0x20, 0x62, 0x75, 0x69, 0x6c, 0x64, 0x20, 0x74, 0x69, 0x6d, 0x65, 0x20, 0x25, 0x73, 0x2c, 0x20, 0x76, 0x65, 0x72, 0x20, 0x25, 0x64, 0x2e, 0x25, 0x64, 0x2e, 0x25, 0x64, 0x2c, 0x20, 0x4a, 0x42, 0x44, 0x20, 0x44, 0x65, 0x76, 0x69, 0x63, 0x65, 0x49, 0x44, 0x20, 0x25, 0x78, 0x0a, 0x0d, 0x00 };
/* 0x9de32 */ const unsigned char rodata_9de32[3] = { 0x23, 0x76, 0x00 };
/* 0x9de35 */ const unsigned char rodata_9de35[23] = { 0x42, 0x3a, 0x25, 0x64, 0x2c, 0x20, 0x56, 0x3a, 0x25, 0x64, 0x2c, 0x20, 0x41, 0x3a, 0x25, 0x64, 0x2c, 0x20, 0x54, 0x3a, 0x25, 0x64, 0x00 };
/* 0x9de4c */ const unsigned char rodata_9de4c[3] = { 0x23, 0x6b, 0x00 };
/* 0x9de4f */ const unsigned char rodata_9de4f[15] = { 0x56, 0x41, 0x44, 0x43, 0x3a, 0x25, 0x64, 0x20, 0x54, 0x4d, 0x52, 0x3a, 0x25, 0x64, 0x00 };
/* 0x9de5e */ const unsigned char rodata_9de5e[3] = { 0x23, 0x6a, 0x00 };
/* 0x9de61 */ const unsigned char rodata_9de61[13] = { 0x64, 0x65, 0x69, 0x6e, 0x69, 0x74, 0x20, 0x66, 0x6c, 0x61, 0x73, 0x68, 0x00 };
/* 0x9de63 */ const unsigned char rodata_9de63[11] = { 0x69, 0x6e, 0x69, 0x74, 0x20, 0x66, 0x6c, 0x61, 0x73, 0x68, 0x00 };
/* 0x9de6e */ const unsigned char rodata_9de6e[3] = { 0x23, 0x73, 0x00 };
/* 0x9de71 */ const unsigned char rodata_9de71[3] = { 0x23, 0x68, 0x00 };
/* 0x9de74 */ const unsigned char rodata_9de74[84] = { 0x6d, 0x61, 0x73, 0x74, 0x65, 0x72, 0x20, 0x6d, 0x61, 0x63, 0x3a, 0x20, 0x25, 0x30, 0x32, 0x58, 0x3a, 0x25, 0x30, 0x32, 0x58, 0x3a, 0x25, 0x30, 0x32, 0x58, 0x3a, 0x25, 0x30, 0x32, 0x58, 0x3a, 0x25, 0x30, 0x32, 0x58, 0x3a, 0x25, 0x30, 0x32, 0x58, 0x2c, 0x20, 0x73, 0x6c, 0x61, 0x76, 0x65, 0x20, 0x6d, 0x61, 0x63, 0x3a, 0x20, 0x25, 0x30, 0x32, 0x58, 0x3a, 0x25, 0x30, 0x32, 0x58, 0x3a, 0x25, 0x30, 0x32, 0x58, 0x3a, 0x25, 0x30, 0x32, 0x58, 0x3a, 0x25, 0x30, 0x32, 0x58, 0x3a, 0x25, 0x30, 0x32, 0x58, 0x00 };
/* 0x9dec8 */ const unsigned char rodata_9dec8[8] = { 0x42, 0x4c, 0x45, 0x2d, 0x72, 0x65, 0x63, 0x00 };
/* 0x9ded0 */ const unsigned char rodata_9ded0[14] = { 0x25, 0x73, 0x28, 0x29, 0x3a, 0x20, 0x73, 0x74, 0x61, 0x72, 0x74, 0x0a, 0x0a, 0x00 };
/* 0x9dede */ const unsigned char rodata_9dede[15] = { 0x25, 0x73, 0x28, 0x29, 0x3a, 0x20, 0x65, 0x72, 0x72, 0x3a, 0x25, 0x64, 0x0a, 0x0a, 0x00 };
/* 0x9deed */ const unsigned char rodata_9deed[19] = { 0x25, 0x73, 0x28, 0x29, 0x3a, 0x20, 0x74, 0x78, 0x5f, 0x73, 0x69, 0x7a, 0x65, 0x3a, 0x25, 0x64, 0x0a, 0x0a, 0x00 };
/* 0x9df00 */ const unsigned char rodata_9df00[40] = { 0x25, 0x73, 0x28, 0x29, 0x3a, 0x20, 0x62, 0x74, 0x5f, 0x6c, 0x65, 0x5f, 0x61, 0x64, 0x76, 0x5f, 0x73, 0x74, 0x6f, 0x70, 0x20, 0x66, 0x61, 0x69, 0x6c, 0x65, 0x64, 0x21, 0x21, 0x21, 0x20, 0x65, 0x72, 0x72, 0x3d, 0x25, 0x64, 0x0a, 0x0a, 0x00 };
/* 0x9df28 */ const unsigned char rodata_9df28[41] = { 0x25, 0x73, 0x28, 0x29, 0x3a, 0x20, 0x63, 0x68, 0x61, 0x72, 0x67, 0x65, 0x20, 0x70, 0x6c, 0x75, 0x67, 0x20, 0x6f, 0x66, 0x66, 0x2c, 0x20, 0x63, 0x61, 0x6c, 0x6c, 0x20, 0x62, 0x74, 0x5f, 0x73, 0x74, 0x61, 0x72, 0x74, 0x2e, 0x20, 0x0a, 0x0a, 0x00 };
/* 0x9df51 */ const unsigned char rodata_9df51[38] = { 0x41, 0x64, 0x76, 0x65, 0x72, 0x74, 0x69, 0x73, 0x69, 0x6e, 0x67, 0x20, 0x66, 0x61, 0x69, 0x6c, 0x65, 0x64, 0x20, 0x74, 0x6f, 0x20, 0x73, 0x74, 0x61, 0x72, 0x74, 0x20, 0x28, 0x65, 0x72, 0x72, 0x20, 0x25, 0x64, 0x29, 0x0a, 0x00 };
/* 0x9df99 */ const unsigned char rodata_9df99[16] = { 0x62, 0x6c, 0x65, 0x5f, 0x77, 0x6f, 0x72, 0x6b, 0x5f, 0x74, 0x68, 0x72, 0x65, 0x61, 0x64, 0x00 };
/* 0x9dfa9 */ const unsigned char rodata_9dfa9[22] = { 0x73, 0x70, 0x65, 0x63, 0x5f, 0x62, 0x6c, 0x65, 0x5f, 0x63, 0x6f, 0x6d, 0x6d, 0x61, 0x6e, 0x64, 0x5f, 0x68, 0x6f, 0x6f, 0x6b, 0x00 };
/* 0x9dfbf */ const unsigned char rodata_9dfbf[41] = { 0x73, 0x69, 0x6d, 0x75, 0x6c, 0x61, 0x74, 0x6f, 0x72, 0x5f, 0x61, 0x6e, 0x63, 0x73, 0x5f, 0x63, 0x61, 0x6c, 0x65, 0x6e, 0x64, 0x61, 0x72, 0x5f, 0x73, 0x63, 0x68, 0x65, 0x64, 0x75, 0x6c, 0x65, 0x5f, 0x74, 0x72, 0x69, 0x67, 0x67, 0x65, 0x72, 0x00 };
/* 0x9dfe8 */ const unsigned char rodata_9dfe8[44] = { 0x6d, 0x6f, 0x62, 0x69, 0x6c, 0x65, 0x5f, 0x73, 0x65, 0x6e, 0x64, 0x5f, 0x6e, 0x6f, 0x74, 0x69, 0x66, 0x69, 0x63, 0x61, 0x74, 0x69, 0x6f, 0x6e, 0x5f, 0x74, 0x6f, 0x5f, 0x62, 0x6c, 0x65, 0x5f, 0x64, 0x65, 0x76, 0x69, 0x63, 0x65, 0x5f, 0x74, 0x65, 0x73, 0x74, 0x00 };
/* 0x9e014 */ const unsigned char rodata_9e014[30] = { 0x73, 0x75, 0x62, 0x63, 0x6f, 0x6e, 0x74, 0x72, 0x61, 0x63, 0x69, 0x6e, 0x67, 0x5f, 0x73, 0x65, 0x6e, 0x64, 0x5f, 0x64, 0x61, 0x74, 0x61, 0x5f, 0x70, 0x6b, 0x63, 0x73, 0x37, 0x00 };
/* 0x9e032 */ const unsigned char rodata_9e032[28] = { 0x62, 0x6c, 0x65, 0x5f, 0x70, 0x72, 0x6f, 0x63, 0x65, 0x73, 0x73, 0x5f, 0x72, 0x65, 0x70, 0x6f, 0x72, 0x74, 0x5f, 0x72, 0x65, 0x73, 0x70, 0x6f, 0x6e, 0x73, 0x65, 0x00 };
/* 0x9e04e */ const unsigned char rodata_9e04e[21] = { 0x62, 0x6c, 0x65, 0x5f, 0x70, 0x72, 0x6f, 0x63, 0x65, 0x73, 0x73, 0x5f, 0x70, 0x6f, 0x73, 0x74, 0x5f, 0x72, 0x65, 0x71, 0x00 };
/* 0x9e08b */ const unsigned char rodata_9e08b[25] = { 0x62, 0x6c, 0x65, 0x5f, 0x70, 0x72, 0x6f, 0x63, 0x65, 0x73, 0x73, 0x5f, 0x72, 0x65, 0x71, 0x5f, 0x64, 0x69, 0x73, 0x70, 0x61, 0x74, 0x63, 0x68, 0x00 };
/* 0x9e0a4 */ const unsigned char rodata_9e0a4[14] = { 0x73, 0x65, 0x6e, 0x64, 0x5f, 0x64, 0x6d, 0x69, 0x63, 0x5f, 0x6d, 0x73, 0x67, 0x00 };
/* 0x9e0b2 */ const unsigned char rodata_9e0b2[30] = { 0x70, 0x61, 0x72, 0x73, 0x65, 0x5f, 0x72, 0x65, 0x63, 0x65, 0x69, 0x76, 0x65, 0x72, 0x5f, 0x6d, 0x73, 0x67, 0x5f, 0x70, 0x61, 0x63, 0x6b, 0x5f, 0x70, 0x6b, 0x63, 0x73, 0x37, 0x00 };
/* 0x9e0d0 */ const unsigned char rodata_9e0d0[26] = { 0x70, 0x61, 0x72, 0x73, 0x65, 0x5f, 0x72, 0x65, 0x63, 0x65, 0x69, 0x76, 0x65, 0x72, 0x5f, 0x70, 0x61, 0x63, 0x6b, 0x5f, 0x70, 0x6b, 0x63, 0x73, 0x37, 0x00 };
/* 0x9e161 */ const unsigned char rodata_9e161[38] = { 0x25, 0x73, 0x28, 0x29, 0x3a, 0x20, 0x66, 0x61, 0x69, 0x6c, 0x65, 0x64, 0x20, 0x74, 0x6f, 0x20, 0x73, 0x74, 0x6f, 0x72, 0x65, 0x20, 0x6b, 0x65, 0x79, 0x3a, 0x20, 0x25, 0x73, 0x20, 0x2d, 0x2d, 0x2d, 0x20, 0x25, 0x64, 0x0a, 0x00 };
/* 0x9e187 */ const unsigned char rodata_9e187[33] = { 0x25, 0x73, 0x28, 0x29, 0x3a, 0x20, 0x73, 0x61, 0x76, 0x65, 0x20, 0x73, 0x75, 0x63, 0x63, 0x65, 0x73, 0x73, 0x3a, 0x5b, 0x25, 0x73, 0x5d, 0x2c, 0x20, 0x6c, 0x65, 0x6e, 0x3d, 0x25, 0x64, 0x0a, 0x00 };
/* 0x9e1a8 */ const unsigned char rodata_9e1a8[18] = { 0x62, 0x6c, 0x65, 0x5f, 0x77, 0x68, 0x69, 0x74, 0x65, 0x6c, 0x69, 0x73, 0x74, 0x5f, 0x61, 0x70, 0x70, 0x00 };
/* 0x9e1b6 */ const unsigned char rodata_9e1b6[4] = { 0x61, 0x70, 0x70, 0x00 };
/* 0x9e1ba */ const unsigned char rodata_9e1ba[36] = { 0x25, 0x73, 0x28, 0x29, 0x3a, 0x20, 0x46, 0x61, 0x69, 0x6c, 0x65, 0x64, 0x20, 0x74, 0x6f, 0x20, 0x72, 0x65, 0x61, 0x64, 0x20, 0x25, 0x73, 0x2c, 0x20, 0x65, 0x72, 0x72, 0x6f, 0x72, 0x3a, 0x20, 0x25, 0x64, 0x0a, 0x00 };
/* 0x9e1de */ const unsigned char rodata_9e1de[13] = { 0x64, 0x61, 0x73, 0x68, 0x62, 0x6f, 0x61, 0x72, 0x64, 0x5f, 0x74, 0x73, 0x00 };
/* 0x9e1eb */ const unsigned char rodata_9e1eb[22] = { 0x25, 0x73, 0x28, 0x29, 0x3a, 0x20, 0x6b, 0x65, 0x79, 0x3a, 0x25, 0x73, 0x2c, 0x20, 0x76, 0x61, 0x6c, 0x3d, 0x25, 0x64, 0x0a, 0x00 };
/* 0x9e201 */ const unsigned char rodata_9e201[13] = { 0x63, 0x6f, 0x75, 0x6e, 0x74, 0x64, 0x6f, 0x77, 0x6e, 0x5f, 0x74, 0x73, 0x00 };
/* 0x9e20e */ const unsigned char rodata_9e20e[17] = { 0x66, 0x69, 0x72, 0x73, 0x74, 0x5f, 0x65, 0x6e, 0x74, 0x65, 0x72, 0x5f, 0x66, 0x6c, 0x61, 0x67, 0x00 };
/* 0x9e21f */ const unsigned char rodata_9e21f[17] = { 0x62, 0x72, 0x69, 0x67, 0x68, 0x74, 0x6e, 0x65, 0x73, 0x73, 0x5f, 0x6c, 0x65, 0x76, 0x65, 0x6c, 0x00 };
/* 0x9e230 */ const unsigned char rodata_9e230[12] = { 0x33, 0x64, 0x6f, 0x66, 0x5f, 0x65, 0x6e, 0x61, 0x62, 0x6c, 0x65, 0x00 };
/* 0x9e235 */ const unsigned char rodata_9e235[7] = { 0x65, 0x6e, 0x61, 0x62, 0x6c, 0x65, 0x00 };
/* 0x9e23c */ const unsigned char rodata_9e23c[13] = { 0x64, 0x69, 0x73, 0x70, 0x6c, 0x61, 0x79, 0x5f, 0x6d, 0x6f, 0x64, 0x65, 0x00 };
/* 0x9e249 */ const unsigned char rodata_9e249[16] = { 0x75, 0x73, 0x65, 0x72, 0x5f, 0x73, 0x63, 0x68, 0x65, 0x64, 0x5f, 0x69, 0x6e, 0x66, 0x6f, 0x00 };
/* 0x9e259 */ const unsigned char rodata_9e259[13] = { 0x77, 0x61, 0x6b, 0x65, 0x75, 0x70, 0x5f, 0x61, 0x6e, 0x67, 0x6c, 0x65, 0x00 };
/* 0x9e266 */ const unsigned char rodata_9e266[58] = { 0x25, 0x73, 0x28, 0x29, 0x3a, 0x20, 0x46, 0x61, 0x69, 0x6c, 0x65, 0x64, 0x20, 0x74, 0x6f, 0x20, 0x69, 0x6e, 0x69, 0x74, 0x69, 0x61, 0x6c, 0x69, 0x7a, 0x65, 0x20, 0x73, 0x65, 0x74, 0x74, 0x69, 0x6e, 0x67, 0x73, 0x20, 0x73, 0x75, 0x62, 0x73, 0x79, 0x73, 0x74, 0x65, 0x6d, 0x2c, 0x20, 0x65, 0x72, 0x72, 0x6f, 0x72, 0x3a, 0x20, 0x25, 0x64, 0x0a, 0x00 };
/* 0x9e2cb */ const unsigned char rodata_9e2cb[15] = { 0x25, 0x73, 0x28, 0x29, 0x3a, 0x20, 0x69, 0x6e, 0x69, 0x74, 0x20, 0x6f, 0x6b, 0x0a, 0x00 };
/* 0x9e2da */ const unsigned char rodata_9e2da[23] = { 0x46, 0x6c, 0x61, 0x73, 0x68, 0x20, 0x72, 0x65, 0x61, 0x64, 0x20, 0x66, 0x61, 0x69, 0x6c, 0x65, 0x64, 0x21, 0x20, 0x25, 0x64, 0x0a, 0x00 };
/* 0x9e2f1 */ const unsigned char rodata_9e2f1[51] = { 0x25, 0x73, 0x28, 0x29, 0x3a, 0x20, 0x66, 0x6c, 0x61, 0x73, 0x68, 0x20, 0x72, 0x65, 0x61, 0x64, 0x20, 0x66, 0x61, 0x69, 0x6c, 0x2c, 0x20, 0x72, 0x65, 0x74, 0x72, 0x79, 0x20, 0x61, 0x67, 0x61, 0x69, 0x6e, 0x2c, 0x20, 0x72, 0x65, 0x74, 0x72, 0x79, 0x20, 0x74, 0x69, 0x6d, 0x65, 0x20, 0x25, 0x64, 0x0a, 0x00 };
/* 0x9e324 */ const unsigned char rodata_9e324[33] = { 0x5b, 0x25, 0x73, 0x2d, 0x25, 0x64, 0x5d, 0x65, 0x72, 0x72, 0x6f, 0x72, 0x2c, 0x20, 0x68, 0x61, 0x76, 0x65, 0x20, 0x6e, 0x6f, 0x20, 0x6d, 0x65, 0x6d, 0x6f, 0x72, 0x79, 0x20, 0x21, 0x20, 0x0a, 0x00 };
/* 0x9e345 */ const unsigned char rodata_9e345[40] = { 0x77, 0x72, 0x69, 0x74, 0x65, 0x20, 0x64, 0x61, 0x74, 0x61, 0x20, 0x61, 0x6e, 0x64, 0x20, 0x72, 0x65, 0x61, 0x64, 0x20, 0x64, 0x61, 0x74, 0x61, 0x20, 0x69, 0x73, 0x20, 0x73, 0x61, 0x6d, 0x65, 0x2c, 0x20, 0x65, 0x78, 0x69, 0x74, 0x0a, 0x00 };
/* 0x9e36d */ const unsigned char rodata_9e36d[24] = { 0x46, 0x6c, 0x61, 0x73, 0x68, 0x20, 0x65, 0x72, 0x61, 0x73, 0x65, 0x20, 0x66, 0x61, 0x69, 0x6c, 0x65, 0x64, 0x21, 0x20, 0x25, 0x64, 0x0a, 0x00 };
/* 0x9e385 */ const unsigned char rodata_9e385[42] = { 0x46, 0x6c, 0x61, 0x73, 0x68, 0x20, 0x77, 0x72, 0x69, 0x74, 0x65, 0x20, 0x66, 0x61, 0x69, 0x6c, 0x65, 0x64, 0x21, 0x20, 0x25, 0x64, 0x20, 0x61, 0x64, 0x64, 0x72, 0x20, 0x25, 0x30, 0x38, 0x58, 0x20, 0x73, 0x69, 0x7a, 0x65, 0x20, 0x25, 0x64, 0x0a, 0x00 };
/* 0x9e3af */ const unsigned char rodata_9e3af[23] = { 0x66, 0x6c, 0x61, 0x73, 0x68, 0x20, 0x76, 0x65, 0x72, 0x69, 0x66, 0x79, 0x20, 0x73, 0x75, 0x63, 0x63, 0x65, 0x73, 0x73, 0x21, 0x0a, 0x00 };
/* 0x9e3c6 */ const unsigned char rodata_9e3c6[21] = { 0x66, 0x6c, 0x61, 0x73, 0x68, 0x20, 0x76, 0x65, 0x72, 0x69, 0x66, 0x79, 0x20, 0x66, 0x61, 0x69, 0x6c, 0x65, 0x64, 0x0a, 0x00 };
/* 0x9e3db */ const unsigned char rodata_9e3db[12] = { 0x73, 0x69, 0x7a, 0x65, 0x20, 0x69, 0x73, 0x20, 0x25, 0x64, 0x0a, 0x00 };
/* 0x9e3e7 */ const unsigned char rodata_9e3e7[28] = { 0x46, 0x6c, 0x61, 0x73, 0x68, 0x20, 0x72, 0x65, 0x61, 0x64, 0x20, 0x66, 0x6f, 0x6e, 0x74, 0x20, 0x66, 0x61, 0x69, 0x6c, 0x65, 0x64, 0x21, 0x20, 0x25, 0x64, 0x0a, 0x00 };
/* 0x9e403 */ const unsigned char rodata_9e403[45] = { 0x77, 0x72, 0x69, 0x74, 0x65, 0x20, 0x66, 0x6f, 0x6e, 0x74, 0x20, 0x64, 0x61, 0x74, 0x61, 0x20, 0x61, 0x6e, 0x64, 0x20, 0x72, 0x65, 0x61, 0x64, 0x20, 0x64, 0x61, 0x74, 0x61, 0x20, 0x69, 0x73, 0x20, 0x73, 0x61, 0x6d, 0x65, 0x2c, 0x20, 0x65, 0x78, 0x69, 0x74, 0x0a, 0x00 };
/* 0x9e430 */ const unsigned char rodata_9e430[29] = { 0x46, 0x6c, 0x61, 0x73, 0x68, 0x20, 0x65, 0x72, 0x61, 0x73, 0x65, 0x20, 0x66, 0x6f, 0x6e, 0x74, 0x20, 0x66, 0x61, 0x69, 0x6c, 0x65, 0x64, 0x21, 0x20, 0x25, 0x64, 0x0a, 0x00 };
/* 0x9e44d */ const unsigned char rodata_9e44d[29] = { 0x46, 0x6c, 0x61, 0x73, 0x68, 0x20, 0x77, 0x72, 0x69, 0x74, 0x65, 0x20, 0x66, 0x6f, 0x6e, 0x74, 0x20, 0x66, 0x61, 0x69, 0x6c, 0x65, 0x64, 0x21, 0x20, 0x25, 0x64, 0x0a, 0x00 };
/* 0x9e46a */ const unsigned char rodata_9e46a[26] = { 0x66, 0x6c, 0x61, 0x73, 0x68, 0x20, 0x76, 0x65, 0x72, 0x69, 0x66, 0x79, 0x20, 0x66, 0x6f, 0x6e, 0x74, 0x20, 0x66, 0x61, 0x69, 0x6c, 0x65, 0x64, 0x0a, 0x00 };
/* 0x9e484 */ const unsigned char rodata_9e484[31] = { 0x25, 0x73, 0x28, 0x29, 0x3a, 0x20, 0x6a, 0x6f, 0x69, 0x6e, 0x20, 0x69, 0x6e, 0x20, 0x63, 0x61, 0x6c, 0x63, 0x5f, 0x66, 0x6c, 0x61, 0x73, 0x68, 0x5f, 0x63, 0x72, 0x63, 0x0a, 0x0a, 0x00 };
/* 0x9e4a3 */ const unsigned char rodata_9e4a3[36] = { 0x25, 0x73, 0x28, 0x29, 0x3a, 0x20, 0x63, 0x61, 0x6c, 0x63, 0x5f, 0x66, 0x6c, 0x61, 0x73, 0x68, 0x5f, 0x63, 0x72, 0x63, 0x20, 0x70, 0x61, 0x72, 0x61, 0x20, 0x69, 0x73, 0x20, 0x4e, 0x55, 0x4c, 0x4c, 0x0a, 0x0a, 0x00 };
/* 0x9e4c7 */ const unsigned char rodata_9e4c7[28] = { 0x46, 0x6c, 0x61, 0x73, 0x68, 0x20, 0x72, 0x65, 0x61, 0x64, 0x20, 0x30, 0x78, 0x25, 0x78, 0x20, 0x66, 0x61, 0x69, 0x6c, 0x65, 0x64, 0x3a, 0x20, 0x25, 0x64, 0x0a, 0x00 };
/* 0x9e4e3 */ const unsigned char rodata_9e4e3[13] = { 0x25, 0x73, 0x28, 0x29, 0x3a, 0x20, 0x30, 0x78, 0x25, 0x78, 0x20, 0x0a, 0x00 };
/* 0x9e4f0 */ const unsigned char rodata_9e4f0[9] = { 0x25, 0x73, 0x28, 0x29, 0x3a, 0x20, 0x0a, 0x0a, 0x00 };
/* 0x9e4f9 */ const unsigned char rodata_9e4f9[15] = { 0x63, 0x61, 0x6c, 0x63, 0x5f, 0x66, 0x6c, 0x61, 0x73, 0x68, 0x5f, 0x63, 0x72, 0x63, 0x00 };
/* 0x9e508 */ const unsigned char rodata_9e508[32] = { 0x66, 0x6c, 0x61, 0x73, 0x68, 0x5f, 0x73, 0x65, 0x74, 0x74, 0x69, 0x6e, 0x67, 0x73, 0x5f, 0x77, 0x72, 0x69, 0x74, 0x65, 0x5f, 0x61, 0x6e, 0x64, 0x5f, 0x76, 0x65, 0x72, 0x69, 0x66, 0x79, 0x00 };
/* 0x9e528 */ const unsigned char rodata_9e528[20] = { 0x66, 0x6c, 0x61, 0x73, 0x68, 0x5f, 0x73, 0x65, 0x74, 0x74, 0x69, 0x6e, 0x67, 0x73, 0x5f, 0x72, 0x65, 0x61, 0x64, 0x00 };
/* 0x9e53c */ const unsigned char rodata_9e53c[13] = { 0x73, 0x65, 0x74, 0x74, 0x5f, 0x68, 0x61, 0x6e, 0x64, 0x6c, 0x65, 0x72, 0x00 };
/* 0x9e549 */ const unsigned char rodata_9e549[10] = { 0x73, 0x65, 0x74, 0x74, 0x5f, 0x69, 0x6e, 0x69, 0x74, 0x00 };
/* 0x9e553 */ const unsigned char rodata_9e553[18] = { 0x6c, 0x6f, 0x63, 0x61, 0x6c, 0x5f, 0x73, 0x74, 0x6f, 0x72, 0x65, 0x5f, 0x77, 0x72, 0x69, 0x74, 0x65, 0x00 };
/* 0x9e580 */ const unsigned char rodata_9e580[38] = { 0x25, 0x73, 0x28, 0x29, 0x3a, 0x20, 0x73, 0x79, 0x73, 0x5f, 0x66, 0x6c, 0x61, 0x73, 0x68, 0x5f, 0x73, 0x65, 0x74, 0x74, 0x69, 0x6e, 0x67, 0x73, 0x5f, 0x72, 0x65, 0x61, 0x64, 0x20, 0x65, 0x72, 0x72, 0x6f, 0x72, 0x21, 0x0a, 0x00 };
/* 0x9e5a6 */ const unsigned char rodata_9e5a6[34] = { 0x25, 0x73, 0x28, 0x29, 0x3a, 0x20, 0x72, 0x65, 0x61, 0x64, 0x20, 0x73, 0x79, 0x73, 0x20, 0x73, 0x65, 0x74, 0x74, 0x69, 0x6e, 0x67, 0x73, 0x20, 0x73, 0x75, 0x63, 0x63, 0x65, 0x73, 0x73, 0x21, 0x0a, 0x00 };
/* 0x9e5c8 */ const unsigned char rodata_9e5c8[43] = { 0x25, 0x73, 0x28, 0x29, 0x3a, 0x20, 0x46, 0x49, 0x52, 0x53, 0x54, 0x20, 0x42, 0x4f, 0x4f, 0x54, 0x2c, 0x20, 0x66, 0x75, 0x6c, 0x6c, 0x20, 0x64, 0x65, 0x66, 0x61, 0x75, 0x6c, 0x74, 0x20, 0x73, 0x79, 0x73, 0x20, 0x76, 0x61, 0x6c, 0x75, 0x65, 0x21, 0x0a, 0x00 };
/* 0x9e5f3 */ const unsigned char rodata_9e5f3[25] = { 0x25, 0x73, 0x28, 0x29, 0x3a, 0x20, 0x72, 0x65, 0x73, 0x65, 0x74, 0x5f, 0x75, 0x73, 0x72, 0x5f, 0x73, 0x65, 0x74, 0x74, 0x69, 0x6e, 0x67, 0x0a, 0x00 };
/* 0x9e60c */ const unsigned char rodata_9e60c[38] = { 0x25, 0x73, 0x28, 0x29, 0x3a, 0x20, 0x75, 0x73, 0x72, 0x5f, 0x66, 0x6c, 0x61, 0x73, 0x68, 0x5f, 0x73, 0x65, 0x74, 0x74, 0x69, 0x6e, 0x67, 0x73, 0x5f, 0x72, 0x65, 0x61, 0x64, 0x20, 0x65, 0x72, 0x72, 0x6f, 0x72, 0x21, 0x0a, 0x00 };
/* 0x9e632 */ const unsigned char rodata_9e632[35] = { 0x25, 0x73, 0x28, 0x29, 0x3a, 0x20, 0x72, 0x65, 0x61, 0x64, 0x20, 0x75, 0x73, 0x65, 0x72, 0x20, 0x73, 0x65, 0x74, 0x74, 0x69, 0x6e, 0x67, 0x73, 0x20, 0x73, 0x75, 0x63, 0x63, 0x65, 0x73, 0x73, 0x21, 0x0a, 0x00 };
/* 0x9e655 */ const unsigned char rodata_9e655[39] = { 0x25, 0x73, 0x28, 0x29, 0x3a, 0x20, 0x75, 0x70, 0x64, 0x61, 0x74, 0x65, 0x5f, 0x62, 0x75, 0x72, 0x69, 0x61, 0x6c, 0x5f, 0x70, 0x6f, 0x69, 0x6e, 0x74, 0x5f, 0x74, 0x6f, 0x5f, 0x66, 0x6c, 0x61, 0x73, 0x68, 0x21, 0x21, 0x21, 0x0a, 0x00 };
/* 0x9e67c */ const unsigned char rodata_9e67c[32] = { 0x25, 0x73, 0x28, 0x29, 0x3a, 0x20, 0x62, 0x75, 0x72, 0x69, 0x61, 0x6c, 0x5f, 0x70, 0x6f, 0x69, 0x6e, 0x74, 0x20, 0x72, 0x65, 0x61, 0x64, 0x20, 0x65, 0x72, 0x72, 0x6f, 0x72, 0x21, 0x0a, 0x00 };
/* 0x9e6d7 */ const unsigned char rodata_9e6d7[49] = { 0x25, 0x73, 0x28, 0x29, 0x3a, 0x20, 0x73, 0x79, 0x73, 0x20, 0x72, 0x65, 0x62, 0x6f, 0x6f, 0x74, 0x20, 0x62, 0x65, 0x63, 0x61, 0x75, 0x73, 0x65, 0x20, 0x65, 0x6e, 0x74, 0x65, 0x72, 0x20, 0x73, 0x68, 0x69, 0x70, 0x20, 0x6d, 0x6f, 0x64, 0x65, 0x20, 0x66, 0x61, 0x69, 0x6c, 0x65, 0x64, 0x0a, 0x00 };
/* 0x9e708 */ const unsigned char rodata_9e708[34] = { 0x25, 0x73, 0x28, 0x29, 0x3a, 0x20, 0x72, 0x65, 0x61, 0x64, 0x20, 0x75, 0x73, 0x72, 0x20, 0x73, 0x65, 0x74, 0x74, 0x69, 0x6e, 0x67, 0x73, 0x20, 0x73, 0x75, 0x63, 0x63, 0x65, 0x73, 0x73, 0x21, 0x0a, 0x00 };
/* 0x9e72a */ const unsigned char rodata_9e72a[29] = { 0x72, 0x65, 0x61, 0x64, 0x5f, 0x75, 0x73, 0x72, 0x5f, 0x73, 0x65, 0x74, 0x74, 0x74, 0x69, 0x6e, 0x67, 0x5f, 0x66, 0x72, 0x6f, 0x6d, 0x5f, 0x66, 0x6c, 0x61, 0x73, 0x68, 0x00 };
/* 0x9e747 */ const unsigned char rodata_9e747[29] = { 0x72, 0x65, 0x61, 0x64, 0x5f, 0x73, 0x79, 0x73, 0x5f, 0x73, 0x65, 0x74, 0x74, 0x74, 0x69, 0x6e, 0x67, 0x5f, 0x66, 0x72, 0x6f, 0x6d, 0x5f, 0x66, 0x6c, 0x61, 0x73, 0x68, 0x00 };
/* 0x9e764 */ const unsigned char rodata_9e764[19] = { 0x72, 0x65, 0x73, 0x65, 0x74, 0x5f, 0x61, 0x6c, 0x6c, 0x5f, 0x75, 0x73, 0x72, 0x5f, 0x64, 0x61, 0x74, 0x61, 0x00 };
/* 0x9e777 */ const unsigned char rodata_9e777[18] = { 0x6c, 0x6f, 0x61, 0x64, 0x5f, 0x62, 0x75, 0x72, 0x69, 0x61, 0x6c, 0x5f, 0x70, 0x6f, 0x69, 0x6e, 0x74, 0x00 };
/* 0x9e789 */ const unsigned char rodata_9e789[29] = { 0x75, 0x70, 0x64, 0x61, 0x74, 0x65, 0x5f, 0x62, 0x75, 0x72, 0x69, 0x61, 0x6c, 0x5f, 0x70, 0x6f, 0x69, 0x6e, 0x74, 0x5f, 0x74, 0x6f, 0x5f, 0x66, 0x6c, 0x61, 0x73, 0x68, 0x00 };
/* 0x9e7a6 */ const unsigned char rodata_9e7a6[17] = { 0x6c, 0x6f, 0x61, 0x64, 0x5f, 0x75, 0x73, 0x72, 0x5f, 0x73, 0x65, 0x74, 0x74, 0x69, 0x6e, 0x67, 0x00 };
/* 0x9e7b7 */ const unsigned char rodata_9e7b7[18] = { 0x72, 0x65, 0x73, 0x65, 0x74, 0x5f, 0x75, 0x73, 0x72, 0x5f, 0x73, 0x65, 0x74, 0x74, 0x69, 0x6e, 0x67, 0x00 };
/* 0x9e7c9 */ const unsigned char rodata_9e7c9[17] = { 0x6c, 0x6f, 0x61, 0x64, 0x5f, 0x73, 0x79, 0x73, 0x5f, 0x73, 0x65, 0x74, 0x74, 0x69, 0x6e, 0x67, 0x00 };
/* 0x9e7da */ const unsigned char rodata_9e7da[35] = { 0x25, 0x73, 0x28, 0x29, 0x3a, 0x20, 0x66, 0x6c, 0x61, 0x73, 0x68, 0x20, 0x6f, 0x70, 0x20, 0x74, 0x68, 0x72, 0x65, 0x61, 0x64, 0x20, 0x73, 0x74, 0x61, 0x72, 0x74, 0x75, 0x70, 0x20, 0x2e, 0x2e, 0x2e, 0x0a, 0x00 };
/* 0x9e7fd */ const unsigned char rodata_9e7fd[19] = { 0x66, 0x69, 0x6c, 0x65, 0x20, 0x69, 0x6e, 0x69, 0x74, 0x20, 0x66, 0x61, 0x69, 0x6c, 0x65, 0x64, 0x0d, 0x0a, 0x00 };
/* 0x9e810 */ const unsigned char rodata_9e810[20] = { 0x66, 0x69, 0x6c, 0x65, 0x20, 0x69, 0x6e, 0x69, 0x74, 0x20, 0x73, 0x75, 0x63, 0x63, 0x65, 0x73, 0x73, 0x0d, 0x0a, 0x00 };
/* 0x9e824 */ const unsigned char rodata_9e824[28] = { 0x25, 0x73, 0x28, 0x29, 0x3a, 0x20, 0x65, 0x6e, 0x71, 0x75, 0x65, 0x75, 0x65, 0x5f, 0x66, 0x69, 0x6c, 0x65, 0x20, 0x69, 0x73, 0x20, 0x66, 0x75, 0x6c, 0x6c, 0x0a, 0x00 };
/* 0x9e840 */ const unsigned char rodata_9e840[29] = { 0x25, 0x73, 0x28, 0x29, 0x3a, 0x20, 0x65, 0x6e, 0x71, 0x75, 0x65, 0x75, 0x65, 0x5f, 0x66, 0x69, 0x6c, 0x65, 0x20, 0x66, 0x61, 0x69, 0x6c, 0x65, 0x64, 0x0d, 0x0a, 0x0a, 0x00 };
/* 0x9e85d */ const unsigned char rodata_9e85d[22] = { 0x64, 0x65, 0x71, 0x75, 0x65, 0x75, 0x65, 0x5f, 0x66, 0x69, 0x6c, 0x65, 0x20, 0x66, 0x61, 0x69, 0x6c, 0x65, 0x64, 0x0d, 0x0a, 0x00 };
/* 0x9e873 */ const unsigned char rodata_9e873[24] = { 0x25, 0x73, 0x28, 0x29, 0x3a, 0x20, 0x63, 0x72, 0x63, 0x33, 0x32, 0x5f, 0x76, 0x61, 0x6c, 0x75, 0x65, 0x20, 0x25, 0x30, 0x38, 0x58, 0x0a, 0x00 };
/* 0x9e88b */ const unsigned char rodata_9e88b[36] = { 0x25, 0x73, 0x28, 0x29, 0x3a, 0x20, 0x63, 0x72, 0x63, 0x20, 0x63, 0x61, 0x6c, 0x20, 0x65, 0x6e, 0x64, 0x20, 0x63, 0x72, 0x63, 0x33, 0x32, 0x5f, 0x76, 0x61, 0x6c, 0x75, 0x65, 0x20, 0x25, 0x30, 0x38, 0x58, 0x0a, 0x00 };
/* 0x9e8af */ const unsigned char rodata_9e8af[15] = { 0x25, 0x73, 0x28, 0x29, 0x3a, 0x20, 0x69, 0x67, 0x6e, 0x6f, 0x72, 0x65, 0x2e, 0x0a, 0x00 };
/* 0x9e8be */ const unsigned char rodata_9e8be[17] = { 0x66, 0x6c, 0x61, 0x73, 0x68, 0x5f, 0x6f, 0x70, 0x73, 0x5f, 0x74, 0x68, 0x72, 0x65, 0x61, 0x64, 0x00 };
/* 0x9e8cf */ const unsigned char rodata_9e8cf[22] = { 0x73, 0x74, 0x6f, 0x72, 0x61, 0x67, 0x65, 0x5f, 0x63, 0x6f, 0x6d, 0x6d, 0x69, 0x74, 0x5f, 0x74, 0x68, 0x72, 0x65, 0x61, 0x64, 0x00 };
/* 0x9e8e5 */ const unsigned char rodata_9e8e5[17] = { 0x74, 0x72, 0x79, 0x5f, 0x74, 0x6f, 0x5f, 0x73, 0x61, 0x76, 0x65, 0x5f, 0x66, 0x69, 0x6c, 0x65, 0x00 };
/* 0x9e8f6 */ const unsigned char rodata_9e8f6[13] = { 0x65, 0x6e, 0x71, 0x75, 0x65, 0x75, 0x65, 0x5f, 0x66, 0x69, 0x6c, 0x65, 0x00 };
/* 0x9e903 */ const unsigned char rodata_9e903[47] = { 0x25, 0x73, 0x28, 0x29, 0x3a, 0x20, 0x73, 0x65, 0x74, 0x74, 0x69, 0x6e, 0x67, 0x20, 0x66, 0x6c, 0x61, 0x73, 0x68, 0x20, 0x73, 0x74, 0x6f, 0x72, 0x65, 0x20, 0x71, 0x75, 0x65, 0x75, 0x65, 0x20, 0x66, 0x69, 0x6c, 0x6c, 0x20, 0x66, 0x61, 0x69, 0x6c, 0x65, 0x64, 0x0d, 0x0a, 0x0a, 0x00 };
/* 0x9e932 */ const unsigned char rodata_9e932[54] = { 0x25, 0x73, 0x28, 0x29, 0x3a, 0x20, 0x73, 0x65, 0x6e, 0x64, 0x20, 0x61, 0x70, 0x70, 0x20, 0x6c, 0x61, 0x6e, 0x67, 0x75, 0x61, 0x67, 0x65, 0x20, 0x73, 0x74, 0x6f, 0x72, 0x65, 0x20, 0x43, 0x6f, 0x6d, 0x6d, 0x61, 0x6e, 0x64, 0x2c, 0x20, 0x6c, 0x61, 0x6e, 0x67, 0x75, 0x61, 0x67, 0x65, 0x20, 0x3d, 0x20, 0x25, 0x64, 0x0a, 0x00 };
/* 0x9e968 */ const unsigned char rodata_9e968[36] = { 0x25, 0x73, 0x28, 0x29, 0x3a, 0x20, 0x53, 0x45, 0x4e, 0x44, 0x20, 0x41, 0x50, 0x50, 0x20, 0x4c, 0x61, 0x6e, 0x67, 0x75, 0x61, 0x67, 0x65, 0x20, 0x43, 0x6f, 0x6d, 0x6d, 0x61, 0x6e, 0x64, 0x2e, 0x2e, 0x2e, 0x0a, 0x00 };
/* 0x9e98c */ const unsigned char rodata_9e98c[51] = { 0x25, 0x73, 0x28, 0x29, 0x3a, 0x20, 0x73, 0x65, 0x6e, 0x64, 0x20, 0x73, 0x74, 0x61, 0x72, 0x74, 0x75, 0x70, 0x20, 0x6d, 0x6f, 0x64, 0x65, 0x20, 0x20, 0x73, 0x74, 0x6f, 0x72, 0x65, 0x20, 0x43, 0x6f, 0x6d, 0x6d, 0x61, 0x6e, 0x64, 0x2c, 0x20, 0x6d, 0x6f, 0x64, 0x65, 0x20, 0x3d, 0x20, 0x25, 0x64, 0x0a, 0x00 };
/* 0x9e9bf */ const unsigned char rodata_9e9bf[43] = { 0x25, 0x73, 0x28, 0x29, 0x3a, 0x20, 0x72, 0x65, 0x61, 0x64, 0x20, 0x73, 0x65, 0x74, 0x74, 0x69, 0x6e, 0x67, 0x20, 0x66, 0x6c, 0x61, 0x73, 0x68, 0x20, 0x64, 0x61, 0x74, 0x61, 0x20, 0x74, 0x6f, 0x20, 0x72, 0x61, 0x6d, 0x2e, 0x2e, 0x2e, 0x0d, 0x0a, 0x0a, 0x00 };
/* 0x9e9ea */ const unsigned char rodata_9e9ea[32] = { 0x25, 0x73, 0x28, 0x29, 0x3a, 0x20, 0x20, 0x5b, 0x25, 0x73, 0x5d, 0x20, 0x64, 0x65, 0x76, 0x69, 0x63, 0x65, 0x20, 0x6e, 0x6f, 0x74, 0x20, 0x72, 0x65, 0x61, 0x64, 0x79, 0x2e, 0x0a, 0x0a, 0x00 };
/* 0x9ea0a */ const unsigned char rodata_9ea0a[45] = { 0x25, 0x73, 0x28, 0x29, 0x3a, 0x20, 0x20, 0x66, 0x6f, 0x72, 0x6d, 0x20, 0x61, 0x64, 0x64, 0x72, 0x65, 0x73, 0x73, 0x20, 0x5b, 0x25, 0x64, 0x5d, 0x20, 0x72, 0x65, 0x61, 0x64, 0x20, 0x64, 0x61, 0x74, 0x61, 0x20, 0x66, 0x61, 0x69, 0x6c, 0x65, 0x64, 0x2e, 0x0a, 0x0a, 0x00 };
/* 0x9ea37 */ const unsigned char rodata_9ea37[33] = { 0x25, 0x73, 0x28, 0x29, 0x3a, 0x20, 0x73, 0x79, 0x73, 0x74, 0x65, 0x6d, 0x20, 0x6c, 0x61, 0x6e, 0x67, 0x75, 0x61, 0x67, 0x65, 0x20, 0x74, 0x79, 0x70, 0x65, 0x20, 0x3d, 0x20, 0x25, 0x64, 0x0a, 0x00 };
/* 0x9ea58 */ const unsigned char rodata_9ea58[35] = { 0x25, 0x73, 0x28, 0x29, 0x3a, 0x20, 0x64, 0x61, 0x73, 0x68, 0x62, 0x6f, 0x61, 0x72, 0x64, 0x20, 0x73, 0x74, 0x61, 0x72, 0x74, 0x75, 0x70, 0x20, 0x6d, 0x6f, 0x64, 0x65, 0x20, 0x3d, 0x20, 0x25, 0x64, 0x0a, 0x00 };
/* 0x9ea7b */ const unsigned char rodata_9ea7b[42] = { 0x25, 0x73, 0x28, 0x29, 0x3a, 0x20, 0x73, 0x65, 0x74, 0x74, 0x69, 0x6e, 0x67, 0x20, 0x73, 0x74, 0x6f, 0x72, 0x61, 0x67, 0x65, 0x20, 0x71, 0x75, 0x65, 0x75, 0x65, 0x20, 0x67, 0x65, 0x74, 0x20, 0x66, 0x61, 0x69, 0x6c, 0x65, 0x64, 0x0d, 0x0a, 0x0a, 0x00 };
/* 0x9ead2 */ const unsigned char rodata_9ead2[34] = { 0x25, 0x73, 0x28, 0x29, 0x3a, 0x20, 0x72, 0x65, 0x63, 0x65, 0x69, 0x76, 0x65, 0x64, 0x20, 0x73, 0x65, 0x74, 0x74, 0x69, 0x6e, 0x67, 0x20, 0x63, 0x6f, 0x6d, 0x6d, 0x61, 0x6e, 0x64, 0x20, 0x2e, 0x0a, 0x00 };
/* 0x9eaf4 */ const unsigned char rodata_9eaf4[58] = { 0x25, 0x73, 0x28, 0x29, 0x3a, 0x20, 0x73, 0x74, 0x61, 0x72, 0x74, 0x20, 0x73, 0x65, 0x74, 0x74, 0x69, 0x6e, 0x67, 0x20, 0x20, 0x70, 0x61, 0x72, 0x61, 0x6d, 0x65, 0x74, 0x65, 0x72, 0x20, 0x63, 0x68, 0x65, 0x63, 0x6b, 0x2e, 0x20, 0x6c, 0x61, 0x6e, 0x67, 0x75, 0x61, 0x67, 0x65, 0x20, 0x74, 0x79, 0x70, 0x65, 0x20, 0x3d, 0x20, 0x25, 0x64, 0x0a, 0x00 };
/* 0x9eb2e */ const unsigned char rodata_9eb2e[56] = { 0x25, 0x73, 0x28, 0x29, 0x3a, 0x20, 0x53, 0x65, 0x74, 0x74, 0x69, 0x6e, 0x67, 0x20, 0x54, 0x61, 0x73, 0x6b, 0x20, 0x72, 0x65, 0x63, 0x65, 0x69, 0x76, 0x65, 0x64, 0x20, 0x65, 0x72, 0x72, 0x6f, 0x72, 0x20, 0x6c, 0x61, 0x6e, 0x67, 0x75, 0x61, 0x67, 0x65, 0x20, 0x70, 0x61, 0x72, 0x61, 0x6d, 0x65, 0x74, 0x65, 0x72, 0x73, 0x2e, 0x0a, 0x00 };
/* 0x9eba7 */ const unsigned char rodata_9eba7[31] = { 0x25, 0x73, 0x28, 0x29, 0x3a, 0x20, 0x46, 0x6c, 0x61, 0x73, 0x68, 0x20, 0x65, 0x72, 0x61, 0x73, 0x65, 0x20, 0x66, 0x61, 0x69, 0x6c, 0x65, 0x64, 0x21, 0x20, 0x25, 0x64, 0x0a, 0x0a, 0x00 };
/* 0x9ebc6 */ const unsigned char rodata_9ebc6[31] = { 0x25, 0x73, 0x28, 0x29, 0x3a, 0x20, 0x46, 0x6c, 0x61, 0x73, 0x68, 0x20, 0x77, 0x72, 0x69, 0x74, 0x65, 0x20, 0x66, 0x61, 0x69, 0x6c, 0x65, 0x64, 0x21, 0x20, 0x25, 0x64, 0x0a, 0x0a, 0x00 };
/* 0x9ecd5 */ const unsigned char rodata_9ecd5[32] = { 0x67, 0x65, 0x74, 0x53, 0x65, 0x74, 0x74, 0x69, 0x6e, 0x67, 0x53, 0x74, 0x6f, 0x72, 0x61, 0x67, 0x65, 0x51, 0x75, 0x65, 0x75, 0x65, 0x43, 0x61, 0x63, 0x68, 0x65, 0x44, 0x61, 0x74, 0x61, 0x00 };
/* 0x9ecf5 */ const unsigned char rodata_9ecf5[20] = { 0x53, 0x65, 0x74, 0x74, 0x69, 0x6e, 0x67, 0x53, 0x74, 0x6f, 0x72, 0x65, 0x48, 0x61, 0x6e, 0x64, 0x6c, 0x65, 0x72, 0x00 };
/* 0x9ed09 */ const unsigned char rodata_9ed09[37] = { 0x67, 0x65, 0x74, 0x44, 0x61, 0x73, 0x68, 0x62, 0x6f, 0x61, 0x72, 0x64, 0x53, 0x74, 0x61, 0x72, 0x74, 0x55, 0x70, 0x4d, 0x6f, 0x64, 0x65, 0x49, 0x6e, 0x66, 0x6f, 0x66, 0x72, 0x6f, 0x6d, 0x46, 0x6c, 0x61, 0x73, 0x68, 0x00 };
/* 0x9ed2e */ const unsigned char rodata_9ed2e[28] = { 0x67, 0x65, 0x74, 0x41, 0x70, 0x70, 0x4c, 0x61, 0x6e, 0x67, 0x75, 0x61, 0x67, 0x65, 0x49, 0x6e, 0x66, 0x6f, 0x66, 0x72, 0x6f, 0x6d, 0x46, 0x6c, 0x61, 0x73, 0x68, 0x00 };
/* 0x9ed4a */ const unsigned char rodata_9ed4a[30] = { 0x63, 0x6c, 0x65, 0x61, 0x6e, 0x44, 0x61, 0x73, 0x68, 0x42, 0x6f, 0x61, 0x72, 0x64, 0x53, 0x74, 0x61, 0x72, 0x74, 0x55, 0x70, 0x4d, 0x6f, 0x64, 0x65, 0x49, 0x6e, 0x66, 0x6f, 0x00 };
/* 0x9ed68 */ const unsigned char rodata_9ed68[39] = { 0x75, 0x70, 0x67, 0x72, 0x61, 0x64, 0x65, 0x44, 0x61, 0x73, 0x68, 0x62, 0x6f, 0x61, 0x72, 0x64, 0x53, 0x74, 0x61, 0x72, 0x74, 0x75, 0x70, 0x4d, 0x6f, 0x64, 0x65, 0x49, 0x6e, 0x66, 0x6f, 0x54, 0x6f, 0x46, 0x6c, 0x61, 0x73, 0x68, 0x00 };
/* 0x9ed8f */ const unsigned char rodata_9ed8f[21] = { 0x63, 0x6c, 0x65, 0x61, 0x6e, 0x41, 0x70, 0x70, 0x4c, 0x61, 0x6e, 0x67, 0x75, 0x61, 0x67, 0x65, 0x49, 0x6e, 0x66, 0x6f, 0x00 };
/* 0x9eda4 */ const unsigned char rodata_9eda4[30] = { 0x75, 0x70, 0x67, 0x72, 0x61, 0x64, 0x65, 0x41, 0x70, 0x70, 0x4c, 0x61, 0x6e, 0x67, 0x75, 0x61, 0x67, 0x65, 0x49, 0x6e, 0x66, 0x6f, 0x54, 0x6f, 0x46, 0x6c, 0x61, 0x73, 0x68, 0x00 };
/* 0x9edc2 */ const unsigned char rodata_9edc2[49] = { 0x25, 0x73, 0x28, 0x29, 0x3a, 0x20, 0x71, 0x75, 0x69, 0x63, 0x6b, 0x6e, 0x6f, 0x74, 0x65, 0x20, 0x66, 0x6c, 0x61, 0x73, 0x68, 0x20, 0x73, 0x74, 0x6f, 0x72, 0x65, 0x20, 0x71, 0x75, 0x65, 0x75, 0x65, 0x20, 0x66, 0x69, 0x6c, 0x6c, 0x20, 0x66, 0x61, 0x69, 0x6c, 0x65, 0x64, 0x0d, 0x0a, 0x0a, 0x00 };
/* 0x9edf3 */ const unsigned char rodata_9edf3[48] = { 0x25, 0x73, 0x28, 0x29, 0x3a, 0x20, 0x53, 0x45, 0x4e, 0x44, 0x20, 0x51, 0x55, 0x49, 0x43, 0x4b, 0x4e, 0x4f, 0x54, 0x45, 0x20, 0x54, 0x45, 0x58, 0x54, 0x20, 0x53, 0x74, 0x6f, 0x72, 0x65, 0x28, 0x25, 0x64, 0x29, 0x20, 0x43, 0x6f, 0x6d, 0x6d, 0x61, 0x6e, 0x64, 0x2e, 0x2e, 0x2e, 0x0a, 0x00 };
/* 0x9ee23 */ const unsigned char rodata_9ee23[49] = { 0x25, 0x73, 0x28, 0x29, 0x3a, 0x20, 0x53, 0x45, 0x4e, 0x44, 0x20, 0x51, 0x55, 0x49, 0x43, 0x4b, 0x4e, 0x4f, 0x54, 0x45, 0x20, 0x54, 0x45, 0x58, 0x54, 0x20, 0x64, 0x65, 0x6c, 0x65, 0x74, 0x65, 0x28, 0x25, 0x64, 0x29, 0x20, 0x43, 0x6f, 0x6d, 0x6d, 0x61, 0x6e, 0x64, 0x2e, 0x2e, 0x2e, 0x0a, 0x00 };
/* 0x9ee54 */ const unsigned char rodata_9ee54[44] = { 0x25, 0x73, 0x28, 0x29, 0x3a, 0x20, 0x71, 0x75, 0x69, 0x63, 0x6b, 0x6e, 0x6f, 0x74, 0x65, 0x20, 0x75, 0x70, 0x67, 0x72, 0x61, 0x64, 0x65, 0x20, 0x69, 0x6e, 0x64, 0x65, 0x78, 0x20, 0x6f, 0x75, 0x74, 0x20, 0x6f, 0x66, 0x20, 0x72, 0x61, 0x6e, 0x67, 0x65, 0x0a, 0x00 };
/* 0x9ee80 */ const unsigned char rodata_9ee80[45] = { 0x25, 0x73, 0x28, 0x29, 0x3a, 0x20, 0x72, 0x65, 0x61, 0x64, 0x20, 0x71, 0x75, 0x69, 0x63, 0x6b, 0x6e, 0x6f, 0x74, 0x65, 0x20, 0x66, 0x6c, 0x61, 0x73, 0x68, 0x20, 0x64, 0x61, 0x74, 0x61, 0x20, 0x74, 0x6f, 0x20, 0x72, 0x61, 0x6d, 0x2e, 0x2e, 0x2e, 0x0d, 0x0a, 0x0a, 0x00 };
/* 0x9eeeb */ const unsigned char rodata_9eeeb[42] = { 0x25, 0x73, 0x28, 0x29, 0x3a, 0x20, 0x65, 0x78, 0x70, 0x6f, 0x72, 0x74, 0x20, 0x66, 0x6c, 0x61, 0x73, 0x68, 0x20, 0x64, 0x61, 0x74, 0x61, 0x20, 0x74, 0x6f, 0x20, 0x67, 0x6c, 0x6f, 0x62, 0x61, 0x6c, 0x20, 0x72, 0x61, 0x6d, 0x2e, 0x2e, 0x2e, 0x0a, 0x00 };
/* 0x9ef15 */ const unsigned char rodata_9ef15[42] = { 0x25, 0x73, 0x28, 0x29, 0x3a, 0x20, 0x71, 0x75, 0x69, 0x63, 0x6b, 0x20, 0x6e, 0x6f, 0x74, 0x65, 0x20, 0x66, 0x69, 0x6c, 0x65, 0x20, 0x71, 0x75, 0x65, 0x75, 0x65, 0x20, 0x67, 0x65, 0x74, 0x20, 0x66, 0x61, 0x69, 0x6c, 0x65, 0x64, 0x0d, 0x0a, 0x0a, 0x00 };
/* 0x9ef67 */ const unsigned char rodata_9ef67[39] = { 0x25, 0x73, 0x28, 0x29, 0x3a, 0x20, 0x73, 0x74, 0x61, 0x72, 0x74, 0x20, 0x71, 0x75, 0x69, 0x63, 0x6b, 0x6e, 0x6f, 0x74, 0x65, 0x20, 0x74, 0x65, 0x78, 0x74, 0x20, 0x63, 0x68, 0x65, 0x63, 0x6b, 0x2e, 0x2e, 0x2e, 0x0d, 0x0a, 0x0a, 0x00 };
/* 0x9efaf */ const unsigned char rodata_9efaf[97] = { 0x25, 0x73, 0x28, 0x29, 0x3a, 0x20, 0x54, 0x68, 0x65, 0x20, 0x63, 0x75, 0x72, 0x72, 0x65, 0x6e, 0x74, 0x20, 0x71, 0x75, 0x69, 0x63, 0x6b, 0x6e, 0x6f, 0x74, 0x65, 0x20, 0x74, 0x65, 0x78, 0x74, 0x20, 0x69, 0x73, 0x20, 0x73, 0x74, 0x6f, 0x72, 0x65, 0x64, 0x20, 0x74, 0x68, 0x65, 0x20, 0x73, 0x61, 0x6d, 0x65, 0x20, 0x61, 0x73, 0x20, 0x69, 0x6e, 0x20, 0x66, 0x6c, 0x61, 0x73, 0x68, 0x20, 0x61, 0x6e, 0x64, 0x20, 0x64, 0x6f, 0x65, 0x73, 0x20, 0x6e, 0x6f, 0x74, 0x20, 0x6e, 0x65, 0x65, 0x64, 0x20, 0x74, 0x6f, 0x20, 0x62, 0x65, 0x20, 0x75, 0x70, 0x64, 0x61, 0x74, 0x65, 0x64, 0x0a, 0x00 };
/* 0x9f010 */ const unsigned char rodata_9f010[34] = { 0x25, 0x73, 0x28, 0x29, 0x3a, 0x20, 0x71, 0x75, 0x69, 0x63, 0x6b, 0x6e, 0x6f, 0x74, 0x65, 0x20, 0x25, 0x64, 0x20, 0x64, 0x65, 0x6c, 0x65, 0x74, 0x65, 0x20, 0x73, 0x75, 0x63, 0x65, 0x73, 0x73, 0x0a, 0x00 };
/* 0x9f032 */ const unsigned char rodata_9f032[30] = { 0x67, 0x65, 0x74, 0x51, 0x75, 0x69, 0x63, 0x6b, 0x4e, 0x6f, 0x74, 0x65, 0x42, 0x4b, 0x50, 0x51, 0x75, 0x65, 0x75, 0x65, 0x43, 0x61, 0x63, 0x68, 0x65, 0x44, 0x61, 0x74, 0x61, 0x00 };
/* 0x9f050 */ const unsigned char rodata_9f050[22] = { 0x51, 0x75, 0x69, 0x63, 0x6b, 0x4e, 0x6f, 0x74, 0x65, 0x53, 0x74, 0x6f, 0x72, 0x65, 0x48, 0x61, 0x6e, 0x64, 0x6c, 0x65, 0x72, 0x00 };
/* 0x9f066 */ const unsigned char rodata_9f066[26] = { 0x67, 0x65, 0x74, 0x51, 0x75, 0x69, 0x63, 0x6b, 0x4e, 0x6f, 0x74, 0x65, 0x44, 0x61, 0x74, 0x61, 0x46, 0x72, 0x6f, 0x6d, 0x46, 0x6c, 0x61, 0x73, 0x68, 0x00 };
/* 0x9f080 */ const unsigned char rodata_9f080[20] = { 0x64, 0x65, 0x6c, 0x65, 0x74, 0x65, 0x51, 0x75, 0x69, 0x63, 0x6b, 0x4e, 0x6f, 0x74, 0x65, 0x44, 0x61, 0x74, 0x61, 0x00 };
/* 0x9f094 */ const unsigned char rodata_9f094[28] = { 0x75, 0x70, 0x67, 0x72, 0x61, 0x64, 0x65, 0x51, 0x75, 0x69, 0x63, 0x6b, 0x4e, 0x6f, 0x74, 0x65, 0x44, 0x61, 0x74, 0x61, 0x54, 0x6f, 0x46, 0x6c, 0x61, 0x73, 0x68, 0x00 };
/* 0x9f0b0 */ const unsigned char rodata_9f0b0[43] = { 0x25, 0x73, 0x28, 0x29, 0x3a, 0x20, 0x41, 0x44, 0x43, 0x20, 0x63, 0x6f, 0x6e, 0x74, 0x72, 0x6f, 0x6c, 0x6c, 0x65, 0x72, 0x20, 0x64, 0x65, 0x76, 0x69, 0x63, 0x65, 0x20, 0x25, 0x73, 0x20, 0x6e, 0x6f, 0x74, 0x20, 0x72, 0x65, 0x61, 0x64, 0x79, 0x0a, 0x0a, 0x00 };
/* 0x9f0db */ const unsigned char rodata_9f0db[41] = { 0x25, 0x73, 0x28, 0x29, 0x3a, 0x20, 0x43, 0x6f, 0x75, 0x6c, 0x64, 0x20, 0x6e, 0x6f, 0x74, 0x20, 0x73, 0x65, 0x74, 0x75, 0x70, 0x20, 0x63, 0x68, 0x61, 0x6e, 0x6e, 0x65, 0x6c, 0x20, 0x23, 0x25, 0x64, 0x20, 0x28, 0x25, 0x64, 0x29, 0x0a, 0x0a, 0x00 };
/* 0x9f104 */ const unsigned char rodata_9f104[28] = { 0x25, 0x73, 0x28, 0x29, 0x3a, 0x20, 0x43, 0x6f, 0x75, 0x6c, 0x64, 0x20, 0x6e, 0x6f, 0x74, 0x20, 0x72, 0x65, 0x61, 0x64, 0x20, 0x28, 0x25, 0x64, 0x29, 0x0a, 0x0a, 0x00 };
/* 0x9f120 */ const unsigned char rodata_9f120[37] = { 0x25, 0x73, 0x28, 0x29, 0x3a, 0x20, 0x20, 0x28, 0x76, 0x61, 0x6c, 0x75, 0x65, 0x20, 0x69, 0x6e, 0x20, 0x6d, 0x56, 0x20, 0x6e, 0x6f, 0x74, 0x20, 0x61, 0x76, 0x61, 0x69, 0x6c, 0x61, 0x62, 0x6c, 0x65, 0x29, 0x0a, 0x0a, 0x00 };
/* 0x9f145 */ const unsigned char rodata_9f145[49] = { 0x55, 0x55, 0x49, 0x44, 0x20, 0x3d, 0x20, 0x25, 0x30, 0x32, 0x58, 0x20, 0x25, 0x30, 0x32, 0x58, 0x20, 0x25, 0x30, 0x32, 0x58, 0x20, 0x25, 0x30, 0x32, 0x58, 0x20, 0x25, 0x30, 0x32, 0x58, 0x20, 0x25, 0x30, 0x32, 0x58, 0x20, 0x25, 0x30, 0x32, 0x58, 0x20, 0x25, 0x30, 0x32, 0x58, 0x2e, 0x0a, 0x00 };
/* 0x9f176 */ const unsigned char rodata_9f176[16] = { 0x52, 0x45, 0x56, 0x5f, 0x49, 0x43, 0x20, 0x3d, 0x20, 0x25, 0x30, 0x32, 0x58, 0x2e, 0x0a, 0x00 };
/* 0x9f186 */ const unsigned char rodata_9f186[16] = { 0x52, 0x45, 0x46, 0x5f, 0x49, 0x43, 0x20, 0x3d, 0x20, 0x25, 0x30, 0x32, 0x58, 0x2e, 0x0a, 0x00 };
/* 0x9f196 */ const unsigned char rodata_9f196[25] = { 0x69, 0x6e, 0x69, 0x74, 0x5f, 0x6e, 0x66, 0x63, 0x5f, 0x63, 0x6f, 0x6d, 0x6d, 0x20, 0x69, 0x73, 0x20, 0x66, 0x61, 0x69, 0x6c, 0x65, 0x64, 0x0a, 0x00 };
/* 0x9f1af */ const unsigned char rodata_9f1af[20] = { 0x69, 0x6e, 0x70, 0x75, 0x74, 0x20, 0x70, 0x61, 0x72, 0x61, 0x6d, 0x20, 0x76, 0x61, 0x6c, 0x69, 0x64, 0x20, 0x0a, 0x00 };
/* 0x9f1c3 */ const unsigned char rodata_9f1c3[12] = { 0x61, 0x64, 0x63, 0x5f, 0x6e, 0x66, 0x63, 0x5f, 0x72, 0x75, 0x6e, 0x00 };
/* 0x9f1cf */ const unsigned char rodata_9f1cf[13] = { 0x61, 0x64, 0x63, 0x5f, 0x6e, 0x66, 0x63, 0x5f, 0x69, 0x6e, 0x69, 0x74, 0x00 };
/* 0x9f1eb */ const unsigned char rodata_9f1eb[24] = { 0x5f, 0x73, 0x74, 0x32, 0x35, 0x64, 0x76, 0x5f, 0x77, 0x72, 0x69, 0x74, 0x65, 0x20, 0x20, 0x72, 0x65, 0x74, 0x20, 0x25, 0x64, 0x20, 0x0a, 0x00 };
/* 0x9f203 */ const unsigned char rodata_9f203[54] = { 0x65, 0x65, 0x70, 0x72, 0x6f, 0x6d, 0x5f, 0x73, 0x74, 0x32, 0x35, 0x64, 0x76, 0x5f, 0x77, 0x72, 0x69, 0x74, 0x65, 0x20, 0x61, 0x64, 0x64, 0x72, 0x20, 0x25, 0x30, 0x34, 0x58, 0x20, 0x6f, 0x66, 0x66, 0x73, 0x65, 0x74, 0x20, 0x25, 0x30, 0x34, 0x58, 0x20, 0x66, 0x61, 0x69, 0x6c, 0x65, 0x64, 0x20, 0x25, 0x64, 0x0d, 0x0a, 0x00 };
/* 0x9f239 */ const unsigned char rodata_9f239[23] = { 0x5f, 0x73, 0x74, 0x32, 0x35, 0x64, 0x76, 0x5f, 0x72, 0x65, 0x61, 0x64, 0x20, 0x20, 0x72, 0x65, 0x74, 0x20, 0x25, 0x64, 0x20, 0x0a, 0x00 };
/* 0x9f250 */ const unsigned char rodata_9f250[53] = { 0x65, 0x65, 0x70, 0x72, 0x6f, 0x6d, 0x5f, 0x73, 0x74, 0x32, 0x35, 0x64, 0x76, 0x5f, 0x72, 0x65, 0x61, 0x64, 0x20, 0x61, 0x64, 0x64, 0x72, 0x20, 0x25, 0x30, 0x34, 0x58, 0x20, 0x6f, 0x66, 0x66, 0x73, 0x65, 0x74, 0x20, 0x25, 0x30, 0x34, 0x58, 0x20, 0x66, 0x61, 0x69, 0x6c, 0x65, 0x64, 0x20, 0x25, 0x64, 0x0d, 0x0a, 0x00 };
/* 0x9f285 */ const unsigned char rodata_9f285[57] = { 0x65, 0x65, 0x70, 0x72, 0x6f, 0x6d, 0x5f, 0x73, 0x74, 0x32, 0x35, 0x64, 0x76, 0x5f, 0x72, 0x65, 0x61, 0x64, 0x5f, 0x73, 0x79, 0x73, 0x20, 0x61, 0x64, 0x64, 0x72, 0x20, 0x25, 0x30, 0x34, 0x58, 0x20, 0x6f, 0x66, 0x66, 0x73, 0x65, 0x74, 0x20, 0x25, 0x30, 0x34, 0x58, 0x20, 0x66, 0x61, 0x69, 0x6c, 0x65, 0x64, 0x20, 0x25, 0x64, 0x0d, 0x0a, 0x00 };
/* 0x9f2be */ const unsigned char rodata_9f2be[58] = { 0x65, 0x65, 0x70, 0x72, 0x6f, 0x6d, 0x5f, 0x73, 0x74, 0x32, 0x35, 0x64, 0x76, 0x5f, 0x77, 0x72, 0x69, 0x74, 0x65, 0x5f, 0x73, 0x79, 0x73, 0x20, 0x61, 0x64, 0x64, 0x72, 0x20, 0x25, 0x30, 0x34, 0x58, 0x20, 0x6f, 0x66, 0x66, 0x73, 0x65, 0x74, 0x20, 0x25, 0x30, 0x34, 0x58, 0x20, 0x66, 0x61, 0x69, 0x6c, 0x65, 0x64, 0x20, 0x25, 0x64, 0x0d, 0x0a, 0x00 };
/* 0x9f2f8 */ const unsigned char rodata_9f2f8[53] = { 0x65, 0x65, 0x70, 0x72, 0x6f, 0x6d, 0x5f, 0x73, 0x74, 0x32, 0x35, 0x64, 0x76, 0x5f, 0x72, 0x65, 0x61, 0x64, 0x20, 0x53, 0x54, 0x32, 0x35, 0x44, 0x56, 0x5f, 0x52, 0x45, 0x47, 0x5f, 0x4d, 0x42, 0x5f, 0x43, 0x54, 0x52, 0x4c, 0x5f, 0x44, 0x59, 0x4e, 0x20, 0x69, 0x73, 0x20, 0x66, 0x61, 0x69, 0x6c, 0x65, 0x64, 0x0a, 0x00 };
/* 0x9f32d */ const unsigned char rodata_9f32d[52] = { 0x65, 0x65, 0x70, 0x72, 0x6f, 0x6d, 0x5f, 0x73, 0x74, 0x32, 0x35, 0x64, 0x76, 0x5f, 0x72, 0x65, 0x61, 0x64, 0x20, 0x53, 0x54, 0x32, 0x35, 0x44, 0x56, 0x5f, 0x52, 0x45, 0x47, 0x5f, 0x4d, 0x42, 0x5f, 0x4c, 0x45, 0x4e, 0x5f, 0x44, 0x59, 0x4e, 0x20, 0x69, 0x73, 0x20, 0x66, 0x61, 0x69, 0x6c, 0x65, 0x64, 0x0a, 0x00 };
/* 0x9f361 */ const unsigned char rodata_9f361[53] = { 0x65, 0x65, 0x70, 0x72, 0x6f, 0x6d, 0x5f, 0x73, 0x74, 0x32, 0x35, 0x64, 0x76, 0x5f, 0x72, 0x65, 0x61, 0x64, 0x20, 0x53, 0x54, 0x32, 0x35, 0x44, 0x56, 0x5f, 0x52, 0x45, 0x47, 0x5f, 0x4d, 0x41, 0x49, 0x4c, 0x42, 0x4f, 0x58, 0x5f, 0x44, 0x59, 0x4e, 0x20, 0x69, 0x73, 0x20, 0x66, 0x61, 0x69, 0x6c, 0x65, 0x64, 0x0a, 0x00 };
/* 0x9f396 */ const unsigned char rodata_9f396[49] = { 0x65, 0x65, 0x70, 0x72, 0x6f, 0x6d, 0x5f, 0x73, 0x74, 0x32, 0x35, 0x64, 0x76, 0x5f, 0x77, 0x72, 0x69, 0x74, 0x65, 0x5f, 0x69, 0x32, 0x63, 0x5f, 0x6d, 0x62, 0x5f, 0x6d, 0x61, 0x69, 0x6c, 0x62, 0x6f, 0x78, 0x5f, 0x72, 0x61, 0x6d, 0x20, 0x6e, 0x6f, 0x20, 0x77, 0x72, 0x69, 0x74, 0x65, 0x0a, 0x00 };
/* 0x9f3fa */ const unsigned char rodata_9f3fa[30] = { 0x70, 0x61, 0x72, 0x65, 0x6e, 0x74, 0x20, 0x62, 0x75, 0x73, 0x20, 0x64, 0x65, 0x76, 0x69, 0x63, 0x65, 0x20, 0x6e, 0x6f, 0x74, 0x20, 0x72, 0x65, 0x61, 0x64, 0x79, 0x0d, 0x0a, 0x00 };
/* 0x9f418 */ const unsigned char rodata_9f418[27] = { 0x65, 0x65, 0x70, 0x72, 0x6f, 0x6d, 0x5f, 0x73, 0x74, 0x32, 0x35, 0x64, 0x76, 0x5f, 0x69, 0x6e, 0x69, 0x74, 0x20, 0x72, 0x65, 0x61, 0x64, 0x79, 0x0d, 0x0a, 0x00 };
/* 0x9f433 */ const unsigned char rodata_9f433[84] = { 0x0a, 0x45, 0x72, 0x72, 0x6f, 0x72, 0x3a, 0x20, 0x44, 0x65, 0x76, 0x69, 0x63, 0x65, 0x20, 0x22, 0x25, 0x73, 0x22, 0x20, 0x69, 0x73, 0x20, 0x6e, 0x6f, 0x74, 0x20, 0x72, 0x65, 0x61, 0x64, 0x79, 0x3b, 0x20, 0x63, 0x68, 0x65, 0x63, 0x6b, 0x20, 0x74, 0x68, 0x65, 0x20, 0x64, 0x72, 0x69, 0x76, 0x65, 0x72, 0x20, 0x69, 0x6e, 0x69, 0x74, 0x69, 0x61, 0x6c, 0x69, 0x7a, 0x61, 0x74, 0x69, 0x6f, 0x6e, 0x20, 0x6c, 0x6f, 0x67, 0x73, 0x20, 0x66, 0x6f, 0x72, 0x20, 0x65, 0x72, 0x72, 0x6f, 0x72, 0x73, 0x2e, 0x0a, 0x00 };
/* 0x9f487 */ const unsigned char rodata_9f487[26] = { 0x75, 0x70, 0x64, 0x61, 0x74, 0x65, 0x5f, 0x65, 0x65, 0x70, 0x72, 0x6f, 0x6d, 0x5f, 0x69, 0x6e, 0x74, 0x65, 0x72, 0x66, 0x61, 0x63, 0x65, 0x0d, 0x0a, 0x00 };
/* 0x9f4a1 */ const unsigned char rodata_9f4a1[113] = { 0x25, 0x73, 0x28, 0x29, 0x3a, 0x20, 0x4e, 0x4f, 0x54, 0x20, 0x4d, 0x41, 0x54, 0x43, 0x48, 0x28, 0x63, 0x6d, 0x64, 0x3d, 0x25, 0x78, 0x29, 0x21, 0x20, 0x69, 0x70, 0x63, 0x5f, 0x72, 0x65, 0x63, 0x65, 0x69, 0x76, 0x65, 0x72, 0x5f, 0x69, 0x6e, 0x64, 0x65, 0x78, 0x3a, 0x20, 0x25, 0x64, 0x2c, 0x20, 0x6c, 0x65, 0x6e, 0x3a, 0x25, 0x64, 0x2c, 0x20, 0x72, 0x65, 0x63, 0x65, 0x69, 0x76, 0x65, 0x64, 0x5f, 0x64, 0x61, 0x74, 0x61, 0x3a, 0x20, 0x25, 0x30, 0x32, 0x78, 0x2c, 0x25, 0x30, 0x32, 0x78, 0x2c, 0x25, 0x30, 0x32, 0x78, 0x2c, 0x25, 0x30, 0x32, 0x78, 0x2c, 0x25, 0x30, 0x32, 0x78, 0x2c, 0x25, 0x30, 0x32, 0x78, 0x2c, 0x25, 0x30, 0x32, 0x78, 0x2c, 0x25, 0x30, 0x32, 0x78, 0x0a, 0x00 };
/* 0x9f512 */ const unsigned char rodata_9f512[46] = { 0x25, 0x73, 0x28, 0x29, 0x3a, 0x20, 0x69, 0x70, 0x63, 0x5f, 0x73, 0x65, 0x72, 0x76, 0x69, 0x63, 0x65, 0x5f, 0x72, 0x65, 0x67, 0x69, 0x73, 0x74, 0x65, 0x72, 0x28, 0x25, 0x64, 0x2c, 0x25, 0x73, 0x29, 0x20, 0x25, 0x64, 0x2c, 0x53, 0x55, 0x43, 0x43, 0x45, 0x53, 0x53, 0x0a, 0x00 };
/* 0x9f540 */ const unsigned char rodata_9f540[54] = { 0x25, 0x73, 0x28, 0x29, 0x3a, 0x20, 0x69, 0x70, 0x63, 0x5f, 0x73, 0x65, 0x72, 0x76, 0x69, 0x63, 0x65, 0x5f, 0x72, 0x65, 0x67, 0x69, 0x73, 0x74, 0x65, 0x72, 0x28, 0x25, 0x64, 0x2c, 0x25, 0x73, 0x29, 0x20, 0x25, 0x64, 0x2c, 0x74, 0x6f, 0x74, 0x61, 0x6c, 0x20, 0x6d, 0x75, 0x73, 0x74, 0x20, 0x3c, 0x20, 0x25, 0x64, 0x0a, 0x00 };
/* 0x9f576 */ const unsigned char rodata_9f576[51] = { 0x25, 0x73, 0x28, 0x29, 0x3a, 0x20, 0x69, 0x70, 0x63, 0x5f, 0x73, 0x65, 0x72, 0x76, 0x69, 0x63, 0x65, 0x5f, 0x73, 0x65, 0x6e, 0x64, 0x20, 0x64, 0x61, 0x74, 0x61, 0x20, 0x66, 0x61, 0x69, 0x6c, 0x65, 0x64, 0x20, 0x77, 0x69, 0x74, 0x68, 0x20, 0x72, 0x65, 0x74, 0x20, 0x25, 0x64, 0x20, 0x25, 0x64, 0x0a, 0x00 };
/* 0x9f5a9 */ const unsigned char rodata_9f5a9[37] = { 0x25, 0x73, 0x28, 0x29, 0x3a, 0x20, 0x73, 0x79, 0x73, 0x20, 0x72, 0x65, 0x62, 0x6f, 0x6f, 0x74, 0x20, 0x62, 0x65, 0x63, 0x61, 0x75, 0x73, 0x65, 0x20, 0x69, 0x70, 0x63, 0x20, 0x66, 0x61, 0x69, 0x6c, 0x65, 0x64, 0x0a, 0x00 };
/* 0x9f5ce */ const unsigned char rodata_9f5ce[30] = { 0x25, 0x73, 0x28, 0x29, 0x3a, 0x20, 0x69, 0x70, 0x63, 0x5f, 0x73, 0x65, 0x72, 0x76, 0x69, 0x63, 0x65, 0x20, 0x6e, 0x6f, 0x74, 0x20, 0x72, 0x65, 0x61, 0x64, 0x79, 0x21, 0x0a, 0x00 };
/* 0x9f5ec */ const unsigned char rodata_9f5ec[37] = { 0x25, 0x73, 0x28, 0x29, 0x3a, 0x20, 0x49, 0x50, 0x43, 0x2d, 0x73, 0x65, 0x72, 0x76, 0x69, 0x63, 0x65, 0x20, 0x48, 0x4f, 0x53, 0x54, 0x20, 0x69, 0x6e, 0x69, 0x74, 0x20, 0x73, 0x74, 0x61, 0x72, 0x74, 0x65, 0x64, 0x0a, 0x00 };
/* 0x9f611 */ const unsigned char rodata_9f611[43] = { 0x25, 0x73, 0x28, 0x29, 0x3a, 0x20, 0x69, 0x70, 0x63, 0x5f, 0x73, 0x65, 0x72, 0x76, 0x69, 0x63, 0x65, 0x5f, 0x6f, 0x70, 0x65, 0x6e, 0x5f, 0x69, 0x6e, 0x73, 0x74, 0x61, 0x6e, 0x63, 0x65, 0x28, 0x29, 0x20, 0x66, 0x61, 0x69, 0x6c, 0x75, 0x72, 0x65, 0x0a, 0x00 };
/* 0x9f63c */ const unsigned char rodata_9f63c[19] = { 0x25, 0x73, 0x28, 0x29, 0x3a, 0x20, 0x69, 0x70, 0x63, 0x20, 0x6f, 0x70, 0x65, 0x6e, 0x20, 0x25, 0x64, 0x0a, 0x00 };
/* 0x9f67e */ const unsigned char rodata_9f67e[37] = { 0x25, 0x73, 0x28, 0x29, 0x3a, 0x20, 0x69, 0x70, 0x63, 0x5f, 0x73, 0x65, 0x72, 0x76, 0x69, 0x63, 0x65, 0x5b, 0x48, 0x4f, 0x53, 0x54, 0x5d, 0x20, 0x68, 0x61, 0x73, 0x20, 0x72, 0x65, 0x61, 0x64, 0x79, 0x21, 0x0a, 0x0a, 0x00 };
/* 0x9f6a3 */ const unsigned char rodata_9f6a3[35] = { 0x72, 0x65, 0x67, 0x69, 0x73, 0x74, 0x65, 0x72, 0x5f, 0x69, 0x70, 0x63, 0x5f, 0x73, 0x65, 0x72, 0x76, 0x69, 0x63, 0x65, 0x5f, 0x72, 0x65, 0x63, 0x76, 0x5f, 0x63, 0x61, 0x6c, 0x6c, 0x62, 0x61, 0x63, 0x6b, 0x00 };
/* 0x9f6c6 */ const unsigned char rodata_9f6c6[29] = { 0x72, 0x65, 0x67, 0x69, 0x73, 0x74, 0x65, 0x72, 0x5f, 0x69, 0x70, 0x63, 0x5f, 0x73, 0x65, 0x72, 0x76, 0x69, 0x63, 0x65, 0x5f, 0x63, 0x6f, 0x6e, 0x74, 0x65, 0x78, 0x74, 0x00 };
/* 0x9f6e3 */ const unsigned char rodata_9f6e3[14] = { 0x69, 0x70, 0x63, 0x30, 0x5f, 0x65, 0x70, 0x74, 0x5f, 0x72, 0x65, 0x63, 0x76, 0x00 };
/* 0x9f6f1 */ const unsigned char rodata_9f6f1[19] = { 0x73, 0x65, 0x72, 0x69, 0x61, 0x6c, 0x69, 0x7a, 0x61, 0x74, 0x69, 0x6f, 0x6e, 0x5f, 0x69, 0x6e, 0x69, 0x74, 0x00 };
/* 0x9f704 */ const unsigned char rodata_9f704[24] = { 0x67, 0x6c, 0x6f, 0x62, 0x61, 0x6c, 0x5f, 0x69, 0x70, 0x63, 0x5f, 0x73, 0x65, 0x72, 0x76, 0x69, 0x63, 0x65, 0x5f, 0x73, 0x65, 0x6e, 0x64, 0x00 };
/* 0x9f721 */ const unsigned char rodata_9f721[14] = { 0x25, 0x73, 0x28, 0x29, 0x3a, 0x20, 0x25, 0x64, 0x28, 0x6d, 0x73, 0x29, 0x0a, 0x00 };
/* 0x9f72f */ const unsigned char rodata_9f72f[14] = { 0x25, 0x73, 0x28, 0x29, 0x3a, 0x20, 0x65, 0x6e, 0x74, 0x65, 0x72, 0x21, 0x0a, 0x00 };
/* 0x9f73d */ const unsigned char rodata_9f73d[54] = { 0x25, 0x73, 0x28, 0x29, 0x3a, 0x20, 0x73, 0x65, 0x6e, 0x64, 0x20, 0x64, 0x61, 0x73, 0x68, 0x62, 0x6f, 0x61, 0x72, 0x64, 0x20, 0x6c, 0x6f, 0x63, 0x6b, 0x20, 0x69, 0x6e, 0x66, 0x6f, 0x20, 0x74, 0x6f, 0x20, 0x61, 0x70, 0x70, 0x20, 0x2c, 0x73, 0x74, 0x61, 0x74, 0x75, 0x73, 0x20, 0x3d, 0x20, 0x25, 0x64, 0x0a, 0x20, 0x0a, 0x00 };
/* 0x9f773 */ const unsigned char rodata_9f773[36] = { 0x25, 0x73, 0x28, 0x29, 0x3a, 0x20, 0x69, 0x6d, 0x75, 0x5f, 0x66, 0x75, 0x73, 0x69, 0x6f, 0x6e, 0x3a, 0x20, 0x61, 0x6c, 0x67, 0x6f, 0x20, 0x69, 0x73, 0x20, 0x65, 0x78, 0x69, 0x73, 0x74, 0x65, 0x64, 0x0a, 0x0a, 0x00 };
/* 0x9f797 */ const unsigned char rodata_9f797[44] = { 0x25, 0x73, 0x28, 0x29, 0x3a, 0x20, 0x69, 0x6d, 0x75, 0x5f, 0x66, 0x75, 0x73, 0x69, 0x6f, 0x6e, 0x3a, 0x20, 0x73, 0x65, 0x6e, 0x73, 0x6f, 0x72, 0x20, 0x64, 0x65, 0x76, 0x69, 0x63, 0x65, 0x20, 0x69, 0x73, 0x20, 0x72, 0x65, 0x61, 0x64, 0x79, 0x3a, 0x0a, 0x0a, 0x00 };
/* 0x9f7c3 */ const unsigned char rodata_9f7c3[79] = { 0x25, 0x73, 0x28, 0x29, 0x3a, 0x20, 0x63, 0x2d, 0x3e, 0x69, 0x6d, 0x75, 0x5f, 0x66, 0x75, 0x73, 0x69, 0x6f, 0x6e, 0x3a, 0x20, 0x43, 0x61, 0x6e, 0x6e, 0x6f, 0x74, 0x20, 0x73, 0x65, 0x74, 0x20, 0x73, 0x61, 0x6d, 0x70, 0x6c, 0x69, 0x6e, 0x67, 0x20, 0x66, 0x72, 0x65, 0x71, 0x75, 0x65, 0x6e, 0x63, 0x79, 0x20, 0x66, 0x6f, 0x72, 0x20, 0x61, 0x63, 0x63, 0x65, 0x6c, 0x65, 0x72, 0x6f, 0x6d, 0x65, 0x74, 0x65, 0x72, 0x20, 0x72, 0x65, 0x74, 0x20, 0x25, 0x64, 0x2e, 0x0a, 0x0a, 0x00 };
/* 0x9f812 */ const unsigned char rodata_9f812[63] = { 0x25, 0x73, 0x28, 0x29, 0x3a, 0x20, 0x63, 0x2d, 0x3e, 0x69, 0x6d, 0x75, 0x5f, 0x66, 0x75, 0x73, 0x69, 0x6f, 0x6e, 0x3a, 0x20, 0x43, 0x61, 0x6e, 0x6e, 0x6f, 0x74, 0x20, 0x73, 0x65, 0x74, 0x20, 0x73, 0x61, 0x6d, 0x70, 0x6c, 0x69, 0x6e, 0x67, 0x20, 0x66, 0x72, 0x65, 0x71, 0x75, 0x65, 0x6e, 0x63, 0x79, 0x20, 0x66, 0x6f, 0x72, 0x20, 0x67, 0x79, 0x72, 0x6f, 0x2e, 0x0a, 0x0a, 0x00 };
/* 0x9f851 */ const unsigned char rodata_9f851[28] = { 0x25, 0x73, 0x28, 0x29, 0x3a, 0x20, 0x73, 0x65, 0x6e, 0x73, 0x6f, 0x72, 0x5f, 0x66, 0x75, 0x73, 0x69, 0x6f, 0x6e, 0x5f, 0x69, 0x6e, 0x69, 0x74, 0x3a, 0x0a, 0x0a, 0x00 };
/* 0x9f929 */ const unsigned char rodata_9f929[53] = { 0x25, 0x73, 0x28, 0x29, 0x3a, 0x20, 0x73, 0x65, 0x6e, 0x64, 0x20, 0x64, 0x61, 0x73, 0x68, 0x62, 0x6f, 0x61, 0x72, 0x64, 0x20, 0x6c, 0x6f, 0x63, 0x6b, 0x20, 0x69, 0x6e, 0x66, 0x6f, 0x20, 0x74, 0x6f, 0x20, 0x61, 0x70, 0x70, 0x20, 0x2c, 0x73, 0x74, 0x61, 0x74, 0x75, 0x73, 0x20, 0x3d, 0x20, 0x25, 0x64, 0x20, 0x0a, 0x00 };
/* 0x9fa9c */ const unsigned char rodata_9fa9c[27] = { 0x53, 0x65, 0x6e, 0x64, 0x44, 0x61, 0x73, 0x68, 0x62, 0x6f, 0x61, 0x72, 0x64, 0x4c, 0x6f, 0x63, 0x6b, 0x49, 0x6e, 0x66, 0x6f, 0x54, 0x6f, 0x41, 0x70, 0x70, 0x00 };
/* 0x9fae1 */ const unsigned char rodata_9fae1[16] = { 0x69, 0x6d, 0x75, 0x5f, 0x66, 0x75, 0x73, 0x69, 0x6f, 0x6e, 0x5f, 0x69, 0x6e, 0x69, 0x74, 0x00 };
/* 0x9faf1 */ const unsigned char rodata_9faf1[8] = { 0x73, 0x75, 0x73, 0x70, 0x65, 0x6e, 0x64, 0x00 };
/* 0x9faf9 */ const unsigned char rodata_9faf9[7] = { 0x72, 0x65, 0x73, 0x75, 0x6d, 0x65, 0x00 };
/* 0x9fb00 */ const unsigned char rodata_9fb00[21] = { 0x73, 0x65, 0x74, 0x5f, 0x69, 0x6d, 0x75, 0x5f, 0x74, 0x68, 0x72, 0x65, 0x61, 0x64, 0x5f, 0x64, 0x65, 0x6c, 0x61, 0x79, 0x00 };
/* 0x9fb15 */ const unsigned char rodata_9fb15[29] = { 0x72, 0x65, 0x67, 0x69, 0x73, 0x74, 0x65, 0x72, 0x5f, 0x69, 0x6d, 0x75, 0x5f, 0x66, 0x75, 0x6e, 0x73, 0x69, 0x6f, 0x6e, 0x5f, 0x63, 0x6f, 0x6e, 0x74, 0x65, 0x78, 0x74, 0x00 };
/* 0x9fb42 */ const unsigned char rodata_9fb42[23] = { 0x25, 0x73, 0x28, 0x29, 0x3a, 0x20, 0x77, 0x61, 0x69, 0x74, 0x20, 0x69, 0x6e, 0x69, 0x74, 0x5f, 0x64, 0x6f, 0x6e, 0x65, 0x2e, 0x0a, 0x00 };
/* 0x9fb59 */ const unsigned char rodata_9fb59[48] = { 0x25, 0x73, 0x28, 0x29, 0x3a, 0x20, 0x73, 0x69, 0x70, 0x6d, 0x28, 0x62, 0x75, 0x73, 0x3d, 0x25, 0x64, 0x29, 0x2d, 0x73, 0x79, 0x6e, 0x63, 0x20, 0x66, 0x61, 0x69, 0x6c, 0x3a, 0x20, 0x73, 0x74, 0x61, 0x74, 0x75, 0x73, 0x3a, 0x20, 0x25, 0x64, 0x20, 0x2d, 0x2d, 0x20, 0x25, 0x64, 0x0a, 0x00 };
/* 0x9fb89 */ const unsigned char rodata_9fb89[22] = { 0x25, 0x73, 0x28, 0x29, 0x3a, 0x20, 0x20, 0x53, 0x50, 0x49, 0x4d, 0x20, 0x42, 0x55, 0x53, 0x20, 0x45, 0x52, 0x52, 0x21, 0x0a, 0x00 };
/* 0x9fb9f */ const unsigned char rodata_9fb9f[59] = { 0x25, 0x73, 0x28, 0x29, 0x3a, 0x20, 0x2a, 0x53, 0x50, 0x49, 0x4d, 0x28, 0x25, 0x64, 0x29, 0x73, 0x70, 0x65, 0x65, 0x64, 0x3d, 0x25, 0x64, 0x4d, 0x2c, 0x20, 0x73, 0x63, 0x6b, 0x3d, 0x25, 0x64, 0x2c, 0x20, 0x6d, 0x6f, 0x73, 0x69, 0x3d, 0x25, 0x64, 0x2c, 0x20, 0x6d, 0x69, 0x73, 0x6f, 0x3d, 0x25, 0x64, 0x2c, 0x20, 0x73, 0x73, 0x3d, 0x25, 0x64, 0x0a, 0x00 };
/* 0x9fbda */ const unsigned char rodata_9fbda[35] = { 0x25, 0x73, 0x28, 0x29, 0x3a, 0x20, 0x73, 0x70, 0x69, 0x6d, 0x28, 0x62, 0x75, 0x73, 0x3d, 0x25, 0x64, 0x29, 0x3a, 0x20, 0x75, 0x6e, 0x69, 0x6e, 0x69, 0x74, 0x20, 0x66, 0x69, 0x6e, 0x69, 0x73, 0x68, 0x0a, 0x00 };
/* 0x9fbfd */ const unsigned char rodata_9fbfd[24] = { 0x2e, 0x2e, 0x2f, 0x73, 0x72, 0x63, 0x2f, 0x73, 0x70, 0x69, 0x6d, 0x5f, 0x73, 0x70, 0x69, 0x73, 0x2f, 0x73, 0x70, 0x69, 0x6d, 0x2e, 0x63, 0x00 };
/* 0x9fc15 */ const unsigned char rodata_9fc15[23] = { 0x73, 0x74, 0x61, 0x74, 0x75, 0x73, 0x20, 0x3d, 0x3d, 0x20, 0x4e, 0x52, 0x46, 0x58, 0x5f, 0x53, 0x55, 0x43, 0x43, 0x45, 0x53, 0x53, 0x00 };
/* 0x9fc2c */ const unsigned char rodata_9fc2c[33] = { 0x25, 0x73, 0x28, 0x29, 0x3a, 0x20, 0x73, 0x70, 0x69, 0x6d, 0x28, 0x62, 0x75, 0x73, 0x3d, 0x25, 0x64, 0x29, 0x3a, 0x20, 0x69, 0x6e, 0x69, 0x74, 0x20, 0x66, 0x69, 0x6e, 0x69, 0x73, 0x68, 0x0a, 0x00 };
/* 0x9fc4d */ const unsigned char rodata_9fc4d[16] = { 0x73, 0x70, 0x69, 0x5f, 0x6d, 0x61, 0x73, 0x74, 0x65, 0x72, 0x5f, 0x69, 0x6e, 0x69, 0x74, 0x00 };
/* 0x9fc5d */ const unsigned char rodata_9fc5d[28] = { 0x73, 0x70, 0x69, 0x5f, 0x6d, 0x61, 0x73, 0x74, 0x65, 0x72, 0x5f, 0x74, 0x72, 0x61, 0x6e, 0x73, 0x5f, 0x64, 0x61, 0x74, 0x61, 0x5f, 0x74, 0x78, 0x5f, 0x72, 0x78, 0x00 };
/* 0x9fc79 */ const unsigned char rodata_9fc79[18] = { 0x73, 0x70, 0x69, 0x5f, 0x6d, 0x61, 0x73, 0x74, 0x65, 0x72, 0x5f, 0x64, 0x65, 0x69, 0x6e, 0x69, 0x74, 0x00 };
/* 0x9fc8b */ const unsigned char rodata_9fc8b[14] = { 0x25, 0x73, 0x28, 0x29, 0x3a, 0x20, 0x23, 0x65, 0x6e, 0x74, 0x65, 0x72, 0x0a, 0x00 };
/* 0x9fc99 */ const unsigned char rodata_9fc99[40] = { 0x25, 0x73, 0x28, 0x29, 0x3a, 0x20, 0x72, 0x65, 0x62, 0x6f, 0x6f, 0x74, 0x20, 0x62, 0x65, 0x63, 0x61, 0x75, 0x73, 0x65, 0x20, 0x64, 0x66, 0x75, 0x20, 0x65, 0x78, 0x63, 0x65, 0x65, 0x64, 0x20, 0x74, 0x69, 0x6d, 0x65, 0x0d, 0x0a, 0x0a, 0x00 };
/* 0x9fcc1 */ const unsigned char rodata_9fcc1[35] = { 0x25, 0x73, 0x28, 0x29, 0x3a, 0x20, 0x72, 0x65, 0x61, 0x64, 0x79, 0x20, 0x74, 0x6f, 0x20, 0x73, 0x68, 0x6f, 0x77, 0x20, 0x6f, 0x6e, 0x62, 0x6f, 0x61, 0x72, 0x64, 0x69, 0x6e, 0x67, 0x2e, 0x2e, 0x2e, 0x0a, 0x00 };
/* 0x9fce4 */ const unsigned char rodata_9fce4[30] = { 0x25, 0x73, 0x28, 0x29, 0x3a, 0x20, 0x65, 0x6e, 0x61, 0x62, 0x6c, 0x65, 0x20, 0x61, 0x6c, 0x6c, 0x6f, 0x77, 0x20, 0x62, 0x69, 0x6e, 0x64, 0x20, 0x6d, 0x6f, 0x64, 0x65, 0x0a, 0x00 };
/* 0x9fd02 */ const unsigned char rodata_9fd02[31] = { 0x25, 0x73, 0x28, 0x29, 0x3a, 0x20, 0x64, 0x69, 0x73, 0x61, 0x62, 0x6c, 0x65, 0x20, 0x61, 0x6c, 0x6c, 0x6f, 0x77, 0x20, 0x62, 0x69, 0x6e, 0x64, 0x20, 0x6d, 0x6f, 0x64, 0x65, 0x0a, 0x00 };
/* 0x9fede */ const unsigned char rodata_9fede[39] = { 0x25, 0x73, 0x28, 0x29, 0x3a, 0x20, 0x45, 0x53, 0x42, 0x20, 0x73, 0x65, 0x6e, 0x64, 0x20, 0x73, 0x61, 0x6d, 0x65, 0x20, 0x74, 0x79, 0x70, 0x65, 0x20, 0x63, 0x6d, 0x64, 0x20, 0x25, 0x64, 0x2c, 0x20, 0x65, 0x78, 0x69, 0x74, 0x0a, 0x00 };
/* 0x9ff05 */ const unsigned char rodata_9ff05[51] = { 0x25, 0x73, 0x28, 0x29, 0x3a, 0x20, 0x45, 0x53, 0x42, 0x20, 0x73, 0x65, 0x6e, 0x64, 0x20, 0x64, 0x61, 0x74, 0x61, 0x20, 0x61, 0x66, 0x74, 0x65, 0x72, 0x20, 0x73, 0x75, 0x73, 0x70, 0x65, 0x6e, 0x64, 0x20, 0x63, 0x6d, 0x64, 0x2c, 0x20, 0x69, 0x67, 0x6e, 0x6f, 0x72, 0x65, 0x20, 0x69, 0x74, 0x2e, 0x0a, 0x00 };
/* 0x9ff92 */ const unsigned char rodata_9ff92[50] = { 0x25, 0x73, 0x28, 0x29, 0x3a, 0x20, 0x45, 0x53, 0x42, 0x20, 0x73, 0x65, 0x6e, 0x64, 0x20, 0x69, 0x6d, 0x75, 0x20, 0x73, 0x74, 0x61, 0x74, 0x75, 0x73, 0x20, 0x69, 0x73, 0x20, 0x63, 0x68, 0x61, 0x6e, 0x67, 0x65, 0x64, 0x2c, 0x20, 0x69, 0x67, 0x6e, 0x6f, 0x72, 0x65, 0x20, 0x69, 0x74, 0x2e, 0x0a, 0x00 };
/* 0xa0102 */ const unsigned char rodata_a0102[48] = { 0x25, 0x73, 0x28, 0x29, 0x3a, 0x20, 0x73, 0x79, 0x6e, 0x63, 0x20, 0x74, 0x6f, 0x20, 0x73, 0x6c, 0x61, 0x76, 0x65, 0x20, 0x66, 0x61, 0x69, 0x6c, 0x65, 0x64, 0x21, 0x21, 0x21, 0x21, 0x21, 0x21, 0x20, 0x77, 0x61, 0x69, 0x74, 0x5f, 0x63, 0x6f, 0x75, 0x6e, 0x74, 0x20, 0x25, 0x64, 0x0a, 0x00 };
/* 0xa0132 */ const unsigned char rodata_a0132[29] = { 0x25, 0x73, 0x28, 0x29, 0x3a, 0x20, 0x4d, 0x4f, 0x44, 0x45, 0x5f, 0x4e, 0x4f, 0x52, 0x4d, 0x41, 0x4c, 0x5f, 0x53, 0x54, 0x41, 0x4e, 0x42, 0x59, 0x5f, 0x49, 0x44, 0x0a, 0x00 };
/* 0xa0169 */ const unsigned char rodata_a0169[34] = { 0x25, 0x73, 0x28, 0x29, 0x3a, 0x20, 0x4d, 0x4f, 0x44, 0x45, 0x5f, 0x43, 0x48, 0x41, 0x52, 0x47, 0x49, 0x4e, 0x47, 0x5f, 0x4c, 0x4f, 0x57, 0x5f, 0x50, 0x4f, 0x57, 0x45, 0x52, 0x5f, 0x49, 0x44, 0x0a, 0x00 };
/* 0xa01c7 */ const unsigned char rodata_a01c7[35] = { 0x25, 0x73, 0x28, 0x29, 0x3a, 0x20, 0x45, 0x56, 0x45, 0x4e, 0x54, 0x5f, 0x47, 0x4c, 0x41, 0x53, 0x53, 0x5f, 0x48, 0x41, 0x53, 0x5f, 0x46, 0x49, 0x4e, 0x49, 0x53, 0x48, 0x5f, 0x42, 0x49, 0x4e, 0x44, 0x0a, 0x00 };
/* 0xa01ea */ const unsigned char rodata_a01ea[36] = { 0x25, 0x73, 0x28, 0x29, 0x3a, 0x20, 0x45, 0x56, 0x45, 0x4e, 0x54, 0x5f, 0x50, 0x55, 0x54, 0x5f, 0x49, 0x4e, 0x5f, 0x47, 0x4c, 0x41, 0x53, 0x53, 0x5f, 0x42, 0x4f, 0x58, 0x5f, 0x43, 0x4c, 0x4f, 0x53, 0x45, 0x0a, 0x00 };
/* 0xa020e */ const unsigned char rodata_a020e[35] = { 0x25, 0x73, 0x28, 0x29, 0x3a, 0x20, 0x45, 0x56, 0x45, 0x4e, 0x54, 0x5f, 0x50, 0x55, 0x54, 0x5f, 0x49, 0x4e, 0x5f, 0x47, 0x4c, 0x41, 0x53, 0x53, 0x5f, 0x42, 0x4f, 0x58, 0x5f, 0x4f, 0x50, 0x45, 0x4e, 0x0a, 0x00 };
/* 0xa0210 */ const unsigned char rodata_a0210[33] = { 0x28, 0x29, 0x3a, 0x20, 0x45, 0x56, 0x45, 0x4e, 0x54, 0x5f, 0x50, 0x55, 0x54, 0x5f, 0x49, 0x4e, 0x5f, 0x47, 0x4c, 0x41, 0x53, 0x53, 0x5f, 0x42, 0x4f, 0x58, 0x5f, 0x4f, 0x50, 0x45, 0x4e, 0x0a, 0x00 };
/* 0xa0231 */ const unsigned char rodata_a0231[25] = { 0x25, 0x73, 0x28, 0x29, 0x3a, 0x20, 0x45, 0x56, 0x45, 0x4e, 0x54, 0x5f, 0x45, 0x4e, 0x54, 0x45, 0x52, 0x5f, 0x57, 0x41, 0x52, 0x45, 0x44, 0x0a, 0x00 };
/* 0xa024a */ const unsigned char rodata_a024a[28] = { 0x25, 0x73, 0x28, 0x29, 0x3a, 0x20, 0x45, 0x56, 0x45, 0x4e, 0x54, 0x5f, 0x55, 0x4e, 0x57, 0x41, 0x52, 0x45, 0x44, 0x5f, 0x4f, 0x55, 0x54, 0x42, 0x4f, 0x58, 0x0a, 0x00 };
/* 0xa0266 */ const unsigned char rodata_a0266[38] = { 0x25, 0x73, 0x28, 0x29, 0x3a, 0x20, 0x45, 0x56, 0x45, 0x4e, 0x54, 0x5f, 0x53, 0x54, 0x41, 0x54, 0x45, 0x5f, 0x42, 0x41, 0x54, 0x54, 0x45, 0x52, 0x59, 0x5f, 0x50, 0x45, 0x52, 0x43, 0x45, 0x4e, 0x54, 0x20, 0x25, 0x64, 0x0a, 0x00 };
/* 0xa028c */ const unsigned char rodata_a028c[31] = { 0x25, 0x73, 0x28, 0x29, 0x3a, 0x20, 0x45, 0x56, 0x45, 0x4e, 0x54, 0x5f, 0x53, 0x54, 0x41, 0x54, 0x45, 0x5f, 0x43, 0x48, 0x41, 0x52, 0x47, 0x49, 0x4e, 0x47, 0x20, 0x25, 0x64, 0x0a, 0x00 };
/* 0xa02ab */ const unsigned char rodata_a02ab[33] = { 0x25, 0x73, 0x28, 0x29, 0x3a, 0x20, 0x45, 0x56, 0x45, 0x4e, 0x54, 0x5f, 0x47, 0x4c, 0x41, 0x53, 0x53, 0x5f, 0x42, 0x4f, 0x58, 0x5f, 0x53, 0x54, 0x41, 0x54, 0x55, 0x53, 0x20, 0x25, 0x64, 0x0a, 0x00 };
/* 0xa02cc */ const unsigned char rodata_a02cc[65] = { 0x25, 0x73, 0x28, 0x29, 0x3a, 0x20, 0x6c, 0x61, 0x73, 0x74, 0x5f, 0x62, 0x6f, 0x78, 0x5f, 0x63, 0x68, 0x61, 0x72, 0x67, 0x69, 0x6e, 0x67, 0x5f, 0x73, 0x74, 0x61, 0x74, 0x75, 0x73, 0x20, 0x69, 0x73, 0x20, 0x25, 0x64, 0x2c, 0x20, 0x62, 0x6f, 0x78, 0x5f, 0x63, 0x68, 0x61, 0x72, 0x67, 0x69, 0x6e, 0x67, 0x5f, 0x73, 0x74, 0x61, 0x74, 0x75, 0x73, 0x20, 0x69, 0x73, 0x20, 0x25, 0x64, 0x0a, 0x00 };
/* 0xa030d */ const unsigned char rodata_a030d[30] = { 0x25, 0x73, 0x28, 0x29, 0x3a, 0x20, 0x45, 0x56, 0x45, 0x4e, 0x54, 0x5f, 0x47, 0x4c, 0x41, 0x53, 0x53, 0x5f, 0x42, 0x4f, 0x58, 0x5f, 0x53, 0x4f, 0x43, 0x20, 0x25, 0x64, 0x0a, 0x00 };
/* 0xa0354 */ const unsigned char rodata_a0354[22] = { 0x25, 0x73, 0x28, 0x29, 0x3a, 0x20, 0x49, 0x67, 0x6e, 0x6f, 0x72, 0x65, 0x20, 0x64, 0x61, 0x74, 0x61, 0x2e, 0x2e, 0x2e, 0x0a, 0x00 };
/* 0xa036a */ const unsigned char rodata_a036a[44] = { 0x25, 0x73, 0x28, 0x29, 0x3a, 0x20, 0x72, 0x65, 0x73, 0x75, 0x6d, 0x65, 0x20, 0x62, 0x65, 0x63, 0x61, 0x75, 0x73, 0x65, 0x20, 0x53, 0x59, 0x4e, 0x43, 0x5f, 0x44, 0x49, 0x53, 0x50, 0x4c, 0x41, 0x59, 0x5f, 0x43, 0x4d, 0x44, 0x5f, 0x44, 0x41, 0x54, 0x41, 0x0a, 0x00 };
/* 0xa0396 */ const unsigned char rodata_a0396[29] = { 0x25, 0x73, 0x28, 0x29, 0x3a, 0x20, 0x2a, 0x2a, 0x2a, 0x2a, 0x53, 0x55, 0x53, 0x50, 0x45, 0x4e, 0x44, 0x20, 0x73, 0x74, 0x61, 0x72, 0x74, 0x2a, 0x2a, 0x2a, 0x2a, 0x0a, 0x00 };
/* 0xa03b3 */ const unsigned char rodata_a03b3[11] = { 0x67, 0x6f, 0x74, 0x6f, 0x20, 0x69, 0x64, 0x6c, 0x65, 0x32, 0x00 };
/* 0xa03d9 */ const unsigned char rodata_a03d9[28] = { 0x25, 0x73, 0x28, 0x29, 0x3a, 0x20, 0x2a, 0x2a, 0x2a, 0x2a, 0x52, 0x45, 0x53, 0x55, 0x4d, 0x45, 0x20, 0x73, 0x74, 0x61, 0x72, 0x74, 0x2a, 0x2a, 0x2a, 0x2a, 0x0a, 0x00 };
/* 0xa03f5 */ const unsigned char rodata_a03f5[63] = { 0x25, 0x73, 0x28, 0x29, 0x3a, 0x20, 0x73, 0x6c, 0x61, 0x76, 0x65, 0x20, 0x72, 0x63, 0x76, 0x20, 0x63, 0x61, 0x6e, 0x76, 0x61, 0x73, 0x5f, 0x64, 0x69, 0x73, 0x74, 0x61, 0x6e, 0x63, 0x65, 0x5f, 0x67, 0x65, 0x61, 0x72, 0x3a, 0x25, 0x64, 0x2c, 0x72, 0x61, 0x73, 0x74, 0x65, 0x72, 0x5f, 0x68, 0x65, 0x69, 0x67, 0x68, 0x74, 0x5f, 0x67, 0x65, 0x61, 0x72, 0x3a, 0x25, 0x64, 0x0a, 0x00 };
/* 0xa0434 */ const unsigned char rodata_a0434[26] = { 0x25, 0x73, 0x28, 0x29, 0x3a, 0x20, 0x2a, 0x2a, 0x2a, 0x2a, 0x52, 0x45, 0x53, 0x55, 0x4d, 0x45, 0x20, 0x65, 0x6e, 0x64, 0x2a, 0x2a, 0x2a, 0x2a, 0x0a, 0x00 };
/* 0xa044e */ const unsigned char rodata_a044e[41] = { 0x25, 0x73, 0x28, 0x29, 0x3a, 0x20, 0x72, 0x65, 0x63, 0x65, 0x69, 0x76, 0x65, 0x64, 0x20, 0x6d, 0x61, 0x73, 0x74, 0x65, 0x72, 0x20, 0x73, 0x65, 0x6e, 0x64, 0x20, 0x73, 0x79, 0x6e, 0x63, 0x20, 0x63, 0x6f, 0x6d, 0x6d, 0x61, 0x6e, 0x64, 0x0a, 0x00 };
/* 0xa0477 */ const unsigned char rodata_a0477[84] = { 0x25, 0x73, 0x28, 0x29, 0x3a, 0x20, 0x20, 0x53, 0x4c, 0x41, 0x56, 0x45, 0x20, 0x72, 0x65, 0x63, 0x65, 0x69, 0x76, 0x65, 0x64, 0x20, 0x64, 0x61, 0x73, 0x68, 0x62, 0x6f, 0x61, 0x72, 0x64, 0x20, 0x73, 0x74, 0x61, 0x72, 0x74, 0x75, 0x70, 0x20, 0x6d, 0x6f, 0x64, 0x65, 0x20, 0x63, 0x68, 0x61, 0x6e, 0x67, 0x65, 0x64, 0x20, 0x69, 0x6e, 0x66, 0x6f, 0x6d, 0x61, 0x74, 0x69, 0x6f, 0x6e, 0x20, 0x2c, 0x73, 0x74, 0x61, 0x72, 0x74, 0x75, 0x70, 0x20, 0x6d, 0x6f, 0x64, 0x65, 0x20, 0x3d, 0x20, 0x25, 0x64, 0x0a, 0x00 };
/* 0xa04cb */ const unsigned char rodata_a04cb[63] = { 0x25, 0x73, 0x28, 0x29, 0x3a, 0x20, 0x20, 0x53, 0x4c, 0x41, 0x56, 0x45, 0x20, 0x72, 0x65, 0x63, 0x65, 0x69, 0x76, 0x65, 0x64, 0x20, 0x64, 0x61, 0x73, 0x68, 0x62, 0x6f, 0x61, 0x72, 0x64, 0x20, 0x64, 0x6f, 0x75, 0x62, 0x6c, 0x65, 0x20, 0x63, 0x6c, 0x69, 0x63, 0x6b, 0x20, 0x73, 0x74, 0x61, 0x72, 0x74, 0x75, 0x70, 0x20, 0x63, 0x6f, 0x6d, 0x6d, 0x61, 0x6e, 0x64, 0x20, 0x0a, 0x00 };
/* 0xa050a */ const unsigned char rodata_a050a[35] = { 0x25, 0x73, 0x28, 0x29, 0x3a, 0x20, 0x51, 0x55, 0x49, 0x43, 0x4b, 0x20, 0x4e, 0x4f, 0x54, 0x45, 0x20, 0x53, 0x4c, 0x41, 0x56, 0x45, 0x20, 0x44, 0x65, 0x6c, 0x61, 0x79, 0x20, 0x45, 0x58, 0x49, 0x54, 0x0a, 0x00 };
/* 0xa052d */ const unsigned char rodata_a052d[59] = { 0x25, 0x73, 0x28, 0x29, 0x3a, 0x20, 0x51, 0x75, 0x69, 0x63, 0x6b, 0x20, 0x4e, 0x6f, 0x74, 0x65, 0x20, 0x53, 0x6c, 0x61, 0x76, 0x65, 0x20, 0x53, 0x74, 0x61, 0x72, 0x74, 0x20, 0x75, 0x70, 0x2e, 0x2e, 0x2e, 0x2c, 0x63, 0x75, 0x72, 0x72, 0x65, 0x6e, 0x74, 0x20, 0x73, 0x63, 0x72, 0x65, 0x65, 0x6e, 0x20, 0x49, 0x44, 0x20, 0x3d, 0x20, 0x25, 0x64, 0x0a, 0x00 };
/* 0xa0568 */ const unsigned char rodata_a0568[90] = { 0x25, 0x73, 0x28, 0x29, 0x3a, 0x20, 0x72, 0x65, 0x63, 0x65, 0x69, 0x76, 0x65, 0x64, 0x20, 0x6d, 0x61, 0x73, 0x74, 0x65, 0x72, 0x20, 0x73, 0x65, 0x6e, 0x64, 0x20, 0x74, 0x6f, 0x75, 0x63, 0x68, 0x20, 0x73, 0x69, 0x67, 0x6c, 0x65, 0x20, 0x63, 0x6c, 0x69, 0x63, 0x6b, 0x20, 0x63, 0x6f, 0x6d, 0x6d, 0x61, 0x6e, 0x64, 0x2c, 0x74, 0x69, 0x6d, 0x65, 0x73, 0x74, 0x61, 0x6d, 0x70, 0x20, 0x3d, 0x20, 0x25, 0x64, 0x2c, 0x65, 0x78, 0x65, 0x63, 0x20, 0x6b, 0x65, 0x79, 0x20, 0x66, 0x75, 0x6e, 0x63, 0x74, 0x69, 0x6f, 0x6e, 0x2c, 0x25, 0x64, 0x0a, 0x00 };
/* 0xa05c2 */ const unsigned char rodata_a05c2[95] = { 0x25, 0x73, 0x28, 0x29, 0x3a, 0x20, 0x72, 0x65, 0x63, 0x65, 0x69, 0x76, 0x65, 0x64, 0x20, 0x6d, 0x61, 0x73, 0x74, 0x65, 0x72, 0x20, 0x73, 0x65, 0x6e, 0x64, 0x20, 0x71, 0x75, 0x69, 0x63, 0x6b, 0x6e, 0x6f, 0x74, 0x65, 0x20, 0x69, 0x6e, 0x64, 0x65, 0x78, 0x20, 0x73, 0x79, 0x6e, 0x63, 0x20, 0x63, 0x6f, 0x6d, 0x6d, 0x6d, 0x61, 0x6e, 0x64, 0x20, 0x2c, 0x74, 0x69, 0x6d, 0x65, 0x73, 0x74, 0x61, 0x6d, 0x70, 0x20, 0x3d, 0x20, 0x25, 0x64, 0x2c, 0x65, 0x78, 0x65, 0x63, 0x20, 0x69, 0x6e, 0x64, 0x65, 0x78, 0x20, 0x75, 0x70, 0x64, 0x61, 0x74, 0x65, 0x20, 0x25, 0x64, 0x0a, 0x00 };
/* 0xa0621 */ const unsigned char rodata_a0621[90] = { 0x25, 0x73, 0x28, 0x29, 0x3a, 0x20, 0x72, 0x65, 0x63, 0x65, 0x69, 0x76, 0x65, 0x64, 0x20, 0x6d, 0x61, 0x73, 0x74, 0x65, 0x72, 0x20, 0x73, 0x65, 0x6e, 0x64, 0x20, 0x74, 0x6f, 0x75, 0x63, 0x68, 0x20, 0x73, 0x69, 0x67, 0x6c, 0x65, 0x20, 0x63, 0x6c, 0x69, 0x63, 0x6b, 0x20, 0x63, 0x6f, 0x6d, 0x6d, 0x61, 0x6e, 0x64, 0x2c, 0x74, 0x69, 0x6d, 0x65, 0x73, 0x74, 0x61, 0x6d, 0x70, 0x20, 0x3d, 0x20, 0x25, 0x64, 0x2c, 0x65, 0x78, 0x65, 0x63, 0x20, 0x6b, 0x65, 0x79, 0x20, 0x66, 0x75, 0x6e, 0x63, 0x74, 0x69, 0x6f, 0x6e, 0x20, 0x25, 0x64, 0x0a, 0x00 };
/* 0xa067b */ const unsigned char rodata_a067b[92] = { 0x25, 0x73, 0x28, 0x29, 0x3a, 0x20, 0x72, 0x65, 0x63, 0x65, 0x69, 0x76, 0x65, 0x64, 0x20, 0x6d, 0x61, 0x73, 0x74, 0x65, 0x72, 0x20, 0x73, 0x65, 0x6e, 0x64, 0x20, 0x53, 0x74, 0x6f, 0x63, 0x6b, 0x73, 0x20, 0x69, 0x6e, 0x64, 0x65, 0x78, 0x20, 0x73, 0x79, 0x6e, 0x63, 0x20, 0x63, 0x6f, 0x6d, 0x6d, 0x6d, 0x61, 0x6e, 0x64, 0x20, 0x2c, 0x74, 0x69, 0x6d, 0x65, 0x73, 0x74, 0x61, 0x6d, 0x70, 0x20, 0x3d, 0x20, 0x25, 0x64, 0x2c, 0x65, 0x78, 0x65, 0x63, 0x20, 0x69, 0x6e, 0x64, 0x65, 0x78, 0x20, 0x75, 0x70, 0x64, 0x61, 0x74, 0x65, 0x20, 0x25, 0x64, 0x0a, 0x00 };
/* 0xa06d7 */ const unsigned char rodata_a06d7[66] = { 0x25, 0x73, 0x28, 0x29, 0x3a, 0x20, 0x72, 0x65, 0x63, 0x65, 0x69, 0x76, 0x65, 0x64, 0x20, 0x6b, 0x65, 0x79, 0x20, 0x70, 0x72, 0x65, 0x73, 0x73, 0x20, 0x65, 0x76, 0x65, 0x6e, 0x74, 0x20, 0x2c, 0x73, 0x6c, 0x61, 0x76, 0x65, 0x20, 0x73, 0x63, 0x72, 0x65, 0x65, 0x6e, 0x20, 0x69, 0x64, 0x20, 0x3d, 0x20, 0x25, 0x64, 0x2c, 0x64, 0x72, 0x6f, 0x70, 0x20, 0x69, 0x74, 0x20, 0x2e, 0x2e, 0x2e, 0x0a, 0x00 };
/* 0xa07eb */ const unsigned char rodata_a07eb[40] = { 0x25, 0x73, 0x28, 0x29, 0x3a, 0x20, 0x6e, 0x61, 0x76, 0x69, 0x67, 0x61, 0x74, 0x69, 0x6f, 0x6e, 0x20, 0x53, 0x4c, 0x41, 0x56, 0x45, 0x20, 0x64, 0x69, 0x73, 0x63, 0x6f, 0x6e, 0x6e, 0x65, 0x63, 0x74, 0x20, 0x45, 0x58, 0x49, 0x54, 0x0a, 0x00 };
/* 0xa0889 */ const unsigned char rodata_a0889[50] = { 0x25, 0x73, 0x28, 0x29, 0x3a, 0x20, 0x64, 0x61, 0x73, 0x68, 0x62, 0x6f, 0x61, 0x72, 0x64, 0x20, 0x53, 0x4c, 0x41, 0x56, 0x45, 0x20, 0x72, 0x65, 0x63, 0x65, 0x69, 0x76, 0x65, 0x64, 0x20, 0x70, 0x6f, 0x77, 0x65, 0x72, 0x20, 0x69, 0x6e, 0x66, 0x6f, 0x6d, 0x61, 0x74, 0x69, 0x6f, 0x6e, 0x20, 0x0a, 0x00 };
/* 0xa0932 */ const unsigned char rodata_a0932[48] = { 0x25, 0x73, 0x28, 0x29, 0x3a, 0x20, 0x20, 0x53, 0x4c, 0x41, 0x56, 0x45, 0x20, 0x72, 0x65, 0x63, 0x65, 0x69, 0x76, 0x65, 0x64, 0x20, 0x61, 0x70, 0x70, 0x20, 0x6c, 0x61, 0x6e, 0x67, 0x75, 0x61, 0x67, 0x65, 0x20, 0x69, 0x6e, 0x66, 0x6f, 0x6d, 0x61, 0x74, 0x69, 0x6f, 0x6e, 0x20, 0x0a, 0x00 };
/* 0xa0962 */ const unsigned char rodata_a0962[74] = { 0x25, 0x73, 0x28, 0x29, 0x3a, 0x20, 0x54, 0x68, 0x65, 0x20, 0x69, 0x6e, 0x66, 0x6f, 0x72, 0x6d, 0x61, 0x74, 0x69, 0x6f, 0x6e, 0x20, 0x73, 0x65, 0x6e, 0x74, 0x20, 0x62, 0x79, 0x20, 0x74, 0x68, 0x65, 0x20, 0x68, 0x6f, 0x73, 0x74, 0x20, 0x69, 0x73, 0x20, 0x64, 0x69, 0x66, 0x66, 0x65, 0x72, 0x65, 0x6e, 0x74, 0x20, 0x66, 0x72, 0x6f, 0x6d, 0x20, 0x74, 0x68, 0x61, 0x74, 0x20, 0x6f, 0x66, 0x20, 0x74, 0x68, 0x65, 0x20, 0x41, 0x50, 0x50, 0x0a, 0x00 };
/* 0xa09ac */ const unsigned char rodata_a09ac[66] = { 0x25, 0x73, 0x28, 0x29, 0x3a, 0x20, 0x73, 0x6c, 0x61, 0x76, 0x65, 0x20, 0x73, 0x79, 0x6e, 0x63, 0x20, 0x6f, 0x6e, 0x62, 0x6f, 0x61, 0x72, 0x64, 0x69, 0x6e, 0x67, 0x20, 0x61, 0x63, 0x74, 0x69, 0x6f, 0x6e, 0x5f, 0x63, 0x6d, 0x64, 0x20, 0x25, 0x64, 0x2c, 0x20, 0x73, 0x75, 0x62, 0x5f, 0x73, 0x74, 0x65, 0x70, 0x20, 0x25, 0x64, 0x2c, 0x20, 0x64, 0x61, 0x74, 0x61, 0x3a, 0x20, 0x25, 0x64, 0x0a, 0x00 };
/* 0xa09ee */ const unsigned char rodata_a09ee[22] = { 0x49, 0x4d, 0x55, 0x3a, 0x77, 0x61, 0x6b, 0x65, 0x75, 0x70, 0x3a, 0x6f, 0x6e, 0x62, 0x6f, 0x61, 0x72, 0x64, 0x69, 0x6e, 0x67, 0x00 };
/* 0xa0a04 */ const unsigned char rodata_a0a04[42] = { 0x25, 0x73, 0x28, 0x29, 0x3a, 0x20, 0x73, 0x6c, 0x61, 0x76, 0x65, 0x20, 0x73, 0x79, 0x6e, 0x63, 0x20, 0x6e, 0x6f, 0x74, 0x5f, 0x64, 0x69, 0x73, 0x74, 0x75, 0x72, 0x62, 0x20, 0x73, 0x75, 0x62, 0x5f, 0x73, 0x74, 0x65, 0x70, 0x20, 0x25, 0x64, 0x0a, 0x00 };
/* 0xa0a2e */ const unsigned char rodata_a0a2e[25] = { 0x54, 0x4f, 0x55, 0x43, 0x48, 0x3a, 0x77, 0x61, 0x6b, 0x65, 0x75, 0x70, 0x3a, 0x6e, 0x6f, 0x74, 0x5f, 0x64, 0x69, 0x73, 0x74, 0x75, 0x72, 0x62, 0x00 };
/* 0xa0a47 */ const unsigned char rodata_a0a47[26] = { 0x42, 0x4c, 0x45, 0x3a, 0x77, 0x61, 0x6b, 0x65, 0x75, 0x70, 0x3a, 0x6e, 0x65, 0x77, 0x2d, 0x75, 0x6e, 0x72, 0x65, 0x61, 0x64, 0x5f, 0x6d, 0x73, 0x67, 0x00 };
/* 0xa0a61 */ const unsigned char rodata_a0a61[26] = { 0x49, 0x4d, 0x55, 0x3a, 0x77, 0x61, 0x6b, 0x65, 0x75, 0x70, 0x3a, 0x75, 0x6e, 0x63, 0x6f, 0x6d, 0x70, 0x6c, 0x65, 0x74, 0x65, 0x20, 0x6d, 0x73, 0x67, 0x00 };
/* 0xa0a7b */ const unsigned char rodata_a0a7b[28] = { 0x49, 0x4d, 0x55, 0x3a, 0x77, 0x61, 0x6b, 0x65, 0x75, 0x70, 0x3a, 0x6e, 0x65, 0x77, 0x2d, 0x6e, 0x6f, 0x74, 0x69, 0x66, 0x69, 0x63, 0x61, 0x74, 0x69, 0x6f, 0x6e, 0x00 };
/* 0xa0ca9 */ const unsigned char rodata_a0ca9[54] = { 0x25, 0x73, 0x28, 0x29, 0x3a, 0x20, 0x72, 0x61, 0x73, 0x74, 0x65, 0x72, 0x5f, 0x68, 0x65, 0x69, 0x67, 0x68, 0x74, 0x5f, 0x67, 0x65, 0x61, 0x72, 0x3a, 0x25, 0x64, 0x2c, 0x20, 0x63, 0x61, 0x6e, 0x76, 0x61, 0x73, 0x5f, 0x64, 0x69, 0x73, 0x74, 0x61, 0x6e, 0x63, 0x65, 0x5f, 0x67, 0x65, 0x61, 0x72, 0x3a, 0x25, 0x64, 0x0a, 0x00 };
/* 0xa0cdf */ const unsigned char rodata_a0cdf[36] = { 0x25, 0x73, 0x28, 0x29, 0x3a, 0x20, 0x6d, 0x61, 0x73, 0x74, 0x65, 0x72, 0x20, 0x73, 0x79, 0x6e, 0x63, 0x20, 0x64, 0x69, 0x73, 0x70, 0x6c, 0x61, 0x79, 0x20, 0x73, 0x75, 0x73, 0x70, 0x65, 0x6e, 0x64, 0x2e, 0x0a, 0x00 };
/* 0xa0d03 */ const unsigned char rodata_a0d03[26] = { 0x25, 0x73, 0x28, 0x29, 0x3a, 0x20, 0x74, 0x68, 0x72, 0x65, 0x61, 0x64, 0x20, 0x67, 0x6f, 0x74, 0x6f, 0x20, 0x73, 0x6c, 0x65, 0x65, 0x70, 0x2e, 0x0a, 0x00 };
/* 0xa0d1d */ const unsigned char rodata_a0d1d[23] = { 0x25, 0x73, 0x28, 0x29, 0x3a, 0x20, 0x74, 0x68, 0x72, 0x65, 0x61, 0x64, 0x20, 0x77, 0x61, 0x6b, 0x65, 0x75, 0x70, 0x21, 0x2e, 0x0a, 0x00 };
/* 0xa0d34 */ const unsigned char rodata_a0d34[28] = { 0x25, 0x73, 0x28, 0x29, 0x3a, 0x20, 0x73, 0x79, 0x6e, 0x63, 0x20, 0x64, 0x69, 0x73, 0x70, 0x6c, 0x61, 0x79, 0x20, 0x72, 0x65, 0x73, 0x75, 0x6d, 0x65, 0x2e, 0x0a, 0x00 };
/* 0xa0d50 */ const unsigned char rodata_a0d50[39] = { 0x25, 0x73, 0x28, 0x29, 0x3a, 0x20, 0x6e, 0x6f, 0x20, 0x72, 0x75, 0x6e, 0x6e, 0x69, 0x6e, 0x67, 0x20, 0x74, 0x61, 0x73, 0x6b, 0x2c, 0x20, 0x67, 0x6f, 0x74, 0x6f, 0x20, 0x6e, 0x65, 0x78, 0x74, 0x20, 0x74, 0x72, 0x75, 0x6e, 0x0a, 0x00 };
/* 0xa0d77 */ const unsigned char rodata_a0d77[27] = { 0x25, 0x73, 0x28, 0x29, 0x3a, 0x20, 0x73, 0x65, 0x74, 0x20, 0x64, 0x61, 0x73, 0x68, 0x62, 0x6f, 0x61, 0x72, 0x64, 0x20, 0x64, 0x61, 0x74, 0x61, 0x2e, 0x0a, 0x00 };
/* 0xa0d92 */ const unsigned char rodata_a0d92[57] = { 0x25, 0x73, 0x28, 0x29, 0x3a, 0x20, 0x73, 0x79, 0x6e, 0x63, 0x20, 0x74, 0x6f, 0x20, 0x73, 0x6c, 0x61, 0x76, 0x65, 0x20, 0x65, 0x78, 0x63, 0x65, 0x65, 0x64, 0x20, 0x4d, 0x41, 0x58, 0x5f, 0x57, 0x41, 0x49, 0x54, 0x5f, 0x43, 0x4f, 0x55, 0x4e, 0x54, 0x2c, 0x20, 0x77, 0x61, 0x69, 0x74, 0x5f, 0x74, 0x69, 0x6d, 0x65, 0x20, 0x25, 0x64, 0x0a, 0x00 };
/* 0xa0dcb */ const unsigned char rodata_a0dcb[57] = { 0x25, 0x73, 0x28, 0x29, 0x3a, 0x20, 0x73, 0x79, 0x6e, 0x63, 0x20, 0x74, 0x6f, 0x20, 0x73, 0x6c, 0x61, 0x76, 0x65, 0x20, 0x65, 0x78, 0x63, 0x65, 0x65, 0x64, 0x20, 0x43, 0x4d, 0x44, 0x5f, 0x57, 0x41, 0x49, 0x54, 0x5f, 0x43, 0x4f, 0x55, 0x4e, 0x54, 0x2c, 0x20, 0x77, 0x61, 0x69, 0x74, 0x5f, 0x74, 0x69, 0x6d, 0x65, 0x20, 0x25, 0x64, 0x0a, 0x00 };
/* 0xa0e3d */ const unsigned char rodata_a0e3d[84] = { 0x25, 0x73, 0x28, 0x29, 0x3a, 0x20, 0x73, 0x63, 0x72, 0x65, 0x65, 0x6e, 0x20, 0x69, 0x64, 0x20, 0x77, 0x61, 0x73, 0x20, 0x63, 0x68, 0x61, 0x6e, 0x67, 0x65, 0x64, 0x2c, 0x20, 0x67, 0x2d, 0x3e, 0x6d, 0x61, 0x73, 0x74, 0x65, 0x72, 0x5f, 0x73, 0x79, 0x6e, 0x63, 0x5f, 0x70, 0x6b, 0x67, 0x2e, 0x6e, 0x65, 0x77, 0x5f, 0x73, 0x63, 0x72, 0x65, 0x65, 0x6e, 0x5f, 0x69, 0x64, 0x20, 0x25, 0x64, 0x20, 0x70, 0x6b, 0x67, 0x2d, 0x3e, 0x73, 0x63, 0x72, 0x65, 0x65, 0x6e, 0x5f, 0x69, 0x64, 0x20, 0x25, 0x64, 0x0a, 0x00 };
/* 0xa0e91 */ const unsigned char rodata_a0e91[26] = { 0x25, 0x73, 0x28, 0x29, 0x3a, 0x20, 0x74, 0x61, 0x73, 0x6b, 0x20, 0x77, 0x61, 0x73, 0x20, 0x63, 0x6c, 0x6f, 0x73, 0x65, 0x64, 0x21, 0x21, 0x21, 0x0a, 0x00 };
/* 0xa0ee6 */ const unsigned char rodata_a0ee6[34] = { 0x25, 0x73, 0x28, 0x29, 0x3a, 0x20, 0x69, 0x6d, 0x75, 0x2d, 0x3e, 0x61, 0x74, 0x74, 0x69, 0x74, 0x75, 0x64, 0x65, 0x20, 0x63, 0x68, 0x61, 0x6e, 0x67, 0x65, 0x64, 0x20, 0x2e, 0x2e, 0x2e, 0x2e, 0x0a, 0x00 };
/* 0xa0f08 */ const unsigned char rodata_a0f08[38] = { 0x25, 0x73, 0x28, 0x29, 0x3a, 0x20, 0x64, 0x69, 0x73, 0x70, 0x6c, 0x61, 0x79, 0x5f, 0x72, 0x65, 0x66, 0x6c, 0x61, 0x73, 0x68, 0x5f, 0x73, 0x63, 0x72, 0x65, 0x65, 0x6e, 0x20, 0x25, 0x64, 0x20, 0x64, 0x6f, 0x6e, 0x65, 0x0a, 0x00 };
/* 0xa0fad */ const unsigned char rodata_a0fad[56] = { 0x25, 0x73, 0x28, 0x29, 0x3a, 0x20, 0x53, 0x59, 0x4e, 0x43, 0x20, 0x54, 0x4f, 0x20, 0x53, 0x6c, 0x61, 0x76, 0x65, 0x20, 0x66, 0x61, 0x69, 0x6c, 0x65, 0x64, 0x2e, 0x2e, 0x2e, 0x2c, 0x64, 0x6f, 0x6e, 0x27, 0x74, 0x20, 0x65, 0x78, 0x65, 0x63, 0x20, 0x6b, 0x65, 0x79, 0x20, 0x66, 0x75, 0x6e, 0x63, 0x74, 0x69, 0x6f, 0x6e, 0x2e, 0x0a, 0x00 };
/* 0xa0fe5 */ const unsigned char rodata_a0fe5[66] = { 0x25, 0x73, 0x28, 0x29, 0x3a, 0x20, 0x73, 0x79, 0x6e, 0x63, 0x20, 0x74, 0x6f, 0x20, 0x73, 0x6c, 0x61, 0x76, 0x65, 0x20, 0x72, 0x65, 0x74, 0x75, 0x72, 0x6e, 0x20, 0x76, 0x61, 0x6c, 0x75, 0x65, 0x20, 0x3d, 0x20, 0x25, 0x64, 0x2c, 0x65, 0x78, 0x65, 0x63, 0x20, 0x6b, 0x65, 0x79, 0x20, 0x66, 0x75, 0x6e, 0x63, 0x74, 0x69, 0x6f, 0x6e, 0x2e, 0x20, 0x74, 0x73, 0x20, 0x3d, 0x20, 0x25, 0x64, 0x0a, 0x00 };
/* 0xa1027 */ const unsigned char rodata_a1027[88] = { 0x25, 0x73, 0x28, 0x29, 0x3a, 0x20, 0x53, 0x59, 0x4e, 0x43, 0x20, 0x54, 0x4f, 0x20, 0x53, 0x6c, 0x61, 0x76, 0x65, 0x20, 0x66, 0x61, 0x69, 0x6c, 0x65, 0x64, 0x20, 0x25, 0x20, 0x74, 0x69, 0x6d, 0x65, 0x73, 0x2c, 0x64, 0x6f, 0x6e, 0x27, 0x74, 0x20, 0x65, 0x78, 0x65, 0x63, 0x20, 0x64, 0x6f, 0x75, 0x62, 0x6c, 0x65, 0x20, 0x63, 0x6c, 0x69, 0x63, 0x6b, 0x20, 0x73, 0x74, 0x61, 0x72, 0x74, 0x75, 0x70, 0x20, 0x64, 0x61, 0x73, 0x68, 0x62, 0x6f, 0x61, 0x72, 0x64, 0x20, 0x66, 0x75, 0x6e, 0x63, 0x74, 0x69, 0x6f, 0x6e, 0x2e, 0x0a, 0x00 };
/* 0xa116d */ const unsigned char rodata_a116d[75] = { 0x25, 0x73, 0x28, 0x29, 0x3a, 0x20, 0x53, 0x45, 0x4e, 0x44, 0x20, 0x44, 0x45, 0x4c, 0x41, 0x59, 0x20, 0x43, 0x4c, 0x4f, 0x53, 0x45, 0x20, 0x54, 0x4f, 0x20, 0x53, 0x4c, 0x41, 0x56, 0x45, 0x20, 0x53, 0x55, 0x43, 0x43, 0x45, 0x53, 0x53, 0x2c, 0x6d, 0x61, 0x73, 0x74, 0x65, 0x72, 0x20, 0x73, 0x74, 0x61, 0x72, 0x74, 0x20, 0x64, 0x65, 0x6c, 0x61, 0x79, 0x20, 0x63, 0x6c, 0x6f, 0x73, 0x65, 0x20, 0x66, 0x75, 0x6e, 0x63, 0x74, 0x69, 0x6f, 0x6e, 0x0a, 0x00 };
/* 0xa125e */ const unsigned char rodata_a125e[74] = { 0x25, 0x73, 0x28, 0x29, 0x3a, 0x20, 0x53, 0x59, 0x4e, 0x43, 0x20, 0x54, 0x4f, 0x20, 0x53, 0x6c, 0x61, 0x76, 0x65, 0x20, 0x66, 0x61, 0x69, 0x6c, 0x65, 0x64, 0x20, 0x25, 0x20, 0x74, 0x69, 0x6d, 0x65, 0x73, 0x2c, 0x64, 0x6f, 0x6e, 0x27, 0x74, 0x20, 0x65, 0x78, 0x65, 0x63, 0x20, 0x71, 0x75, 0x69, 0x63, 0x6b, 0x20, 0x6e, 0x6f, 0x74, 0x65, 0x20, 0x73, 0x74, 0x61, 0x72, 0x74, 0x20, 0x66, 0x75, 0x6e, 0x63, 0x74, 0x69, 0x6f, 0x6e, 0x2e, 0x0a, 0x00 };
/* 0xa15d6 */ const unsigned char rodata_a15d6[80] = { 0x25, 0x73, 0x28, 0x29, 0x3a, 0x20, 0x23, 0x23, 0x23, 0x23, 0x23, 0x23, 0x23, 0x23, 0x23, 0x23, 0x23, 0x23, 0x23, 0x23, 0x23, 0x23, 0x23, 0x23, 0x23, 0x23, 0x23, 0x23, 0x23, 0x23, 0x74, 0x75, 0x72, 0x6e, 0x20, 0x6f, 0x6e, 0x20, 0x74, 0x68, 0x65, 0x20, 0x6d, 0x69, 0x63, 0x20, 0x61, 0x6e, 0x64, 0x20, 0x73, 0x74, 0x61, 0x72, 0x74, 0x20, 0x74, 0x6f, 0x20, 0x73, 0x70, 0x65, 0x61, 0x6b, 0x21, 0x20, 0x68, 0x6f, 0x6c, 0x64, 0x74, 0x69, 0x6d, 0x65, 0x20, 0x25, 0x64, 0x0a, 0x0a, 0x00 };
/* 0xa1626 */ const unsigned char rodata_a1626[91] = { 0x25, 0x73, 0x28, 0x29, 0x3a, 0x20, 0x23, 0x23, 0x23, 0x23, 0x23, 0x23, 0x23, 0x23, 0x23, 0x23, 0x23, 0x23, 0x23, 0x23, 0x23, 0x23, 0x23, 0x23, 0x23, 0x23, 0x23, 0x23, 0x23, 0x23, 0x23, 0x23, 0x23, 0x23, 0x23, 0x4c, 0x6f, 0x6e, 0x67, 0x20, 0x70, 0x72, 0x65, 0x73, 0x73, 0x20, 0x74, 0x69, 0x6d, 0x65, 0x6f, 0x75, 0x74, 0x20, 0x25, 0x64, 0x23, 0x23, 0x23, 0x23, 0x23, 0x23, 0x23, 0x23, 0x23, 0x23, 0x23, 0x23, 0x23, 0x23, 0x23, 0x23, 0x23, 0x23, 0x23, 0x23, 0x23, 0x23, 0x23, 0x23, 0x23, 0x23, 0x23, 0x23, 0x23, 0x23, 0x23, 0x23, 0x0a, 0x0a, 0x00 };
/* 0xa1681 */ const unsigned char rodata_a1681[84] = { 0x25, 0x73, 0x28, 0x29, 0x3a, 0x20, 0x23, 0x23, 0x23, 0x23, 0x23, 0x23, 0x23, 0x23, 0x23, 0x23, 0x23, 0x23, 0x23, 0x23, 0x23, 0x23, 0x23, 0x23, 0x23, 0x23, 0x23, 0x23, 0x23, 0x23, 0x23, 0x23, 0x23, 0x23, 0x23, 0x4c, 0x6f, 0x6e, 0x67, 0x20, 0x70, 0x72, 0x65, 0x73, 0x73, 0x20, 0x65, 0x6e, 0x64, 0x23, 0x23, 0x23, 0x23, 0x23, 0x23, 0x23, 0x23, 0x23, 0x23, 0x23, 0x23, 0x23, 0x23, 0x23, 0x23, 0x23, 0x23, 0x23, 0x23, 0x23, 0x23, 0x23, 0x23, 0x23, 0x23, 0x23, 0x23, 0x23, 0x23, 0x23, 0x23, 0x0a, 0x0a, 0x00 };
/* 0xa172a */ const unsigned char rodata_a172a[85] = { 0x25, 0x73, 0x28, 0x29, 0x3a, 0x20, 0x23, 0x23, 0x23, 0x23, 0x23, 0x23, 0x23, 0x23, 0x23, 0x23, 0x23, 0x23, 0x23, 0x23, 0x23, 0x23, 0x23, 0x23, 0x23, 0x23, 0x23, 0x23, 0x23, 0x23, 0x23, 0x23, 0x23, 0x23, 0x23, 0x73, 0x69, 0x6e, 0x67, 0x6c, 0x65, 0x20, 0x63, 0x6c, 0x69, 0x63, 0x6b, 0x20, 0x25, 0x64, 0x23, 0x23, 0x23, 0x23, 0x23, 0x23, 0x23, 0x23, 0x23, 0x23, 0x23, 0x23, 0x23, 0x23, 0x23, 0x23, 0x23, 0x23, 0x23, 0x23, 0x23, 0x23, 0x23, 0x23, 0x23, 0x23, 0x23, 0x23, 0x23, 0x23, 0x23, 0x23, 0x0a, 0x0a, 0x00 };
/* 0xa1895 */ const unsigned char rodata_a1895[42] = { 0x5b, 0x63, 0x73, 0x68, 0x5f, 0x64, 0x65, 0x62, 0x75, 0x67, 0x5f, 0x6e, 0x66, 0x63, 0x5d, 0x20, 0x67, 0x5f, 0x6e, 0x66, 0x63, 0x4d, 0x73, 0x67, 0x53, 0x65, 0x6d, 0x49, 0x6e, 0x69, 0x74, 0x4f, 0x6b, 0x20, 0x69, 0x73, 0x20, 0x25, 0x64, 0x20, 0x0a, 0x00 };
/* 0xa18bf */ const unsigned char rodata_a18bf[14] = { 0x25, 0x73, 0x28, 0x29, 0x3a, 0x20, 0x65, 0x6e, 0x74, 0x65, 0x72, 0x2e, 0x0a, 0x00 };
/* 0xa18cd */ const unsigned char rodata_a18cd[29] = { 0x25, 0x73, 0x28, 0x29, 0x3a, 0x20, 0x69, 0x6e, 0x74, 0x65, 0x72, 0x72, 0x75, 0x70, 0x74, 0x20, 0x6c, 0x69, 0x6e, 0x65, 0x20, 0x6c, 0x6f, 0x77, 0x21, 0x21, 0x21, 0x0a, 0x00 };
/* 0xa18ea */ const unsigned char rodata_a18ea[42] = { 0x25, 0x73, 0x28, 0x29, 0x3a, 0x20, 0x69, 0x6e, 0x74, 0x65, 0x72, 0x72, 0x75, 0x70, 0x74, 0x20, 0x6c, 0x69, 0x6e, 0x65, 0x20, 0x61, 0x62, 0x6e, 0x6f, 0x72, 0x6d, 0x61, 0x6c, 0x2c, 0x20, 0x6e, 0x6f, 0x77, 0x20, 0x72, 0x65, 0x73, 0x65, 0x74, 0x0a, 0x00 };
/* 0xa1914 */ const unsigned char rodata_a1914[40] = { 0x25, 0x73, 0x28, 0x29, 0x3a, 0x20, 0x46, 0x61, 0x69, 0x6c, 0x65, 0x64, 0x20, 0x74, 0x6f, 0x20, 0x73, 0x65, 0x74, 0x20, 0x73, 0x65, 0x63, 0x75, 0x72, 0x69, 0x74, 0x79, 0x20, 0x28, 0x65, 0x72, 0x72, 0x20, 0x25, 0x64, 0x29, 0x0a, 0x0a, 0x00 };
/* 0xa193c */ const unsigned char rodata_a193c[38] = { 0x25, 0x73, 0x28, 0x29, 0x3a, 0x20, 0x72, 0x65, 0x62, 0x6f, 0x6f, 0x74, 0x20, 0x62, 0x65, 0x63, 0x61, 0x75, 0x73, 0x65, 0x20, 0x64, 0x66, 0x75, 0x20, 0x65, 0x78, 0x63, 0x65, 0x65, 0x64, 0x20, 0x74, 0x69, 0x6d, 0x65, 0x0a, 0x00 };
/* 0xa1962 */ const unsigned char rodata_a1962[77] = { 0x25, 0x73, 0x28, 0x29, 0x3a, 0x20, 0x47, 0x6c, 0x6f, 0x62, 0x61, 0x6c, 0x20, 0x57, 0x6f, 0x72, 0x6b, 0x69, 0x6e, 0x67, 0x20, 0x4d, 0x6f, 0x64, 0x65, 0x3a, 0x20, 0x25, 0x64, 0x20, 0x67, 0x65, 0x74, 0x5f, 0x67, 0x6c, 0x61, 0x73, 0x73, 0x65, 0x73, 0x5f, 0x62, 0x6c, 0x65, 0x5f, 0x73, 0x74, 0x61, 0x74, 0x75, 0x73, 0x20, 0x25, 0x64, 0x20, 0x62, 0x6c, 0x65, 0x5f, 0x69, 0x73, 0x5f, 0x63, 0x6f, 0x6e, 0x6e, 0x65, 0x63, 0x74, 0x65, 0x64, 0x20, 0x25, 0x64, 0x0a, 0x00 };
/* 0xa19af */ const unsigned char rodata_a19af[17] = { 0x63, 0x68, 0x65, 0x63, 0x6b, 0x5f, 0x73, 0x77, 0x30, 0x5f, 0x73, 0x74, 0x61, 0x74, 0x75, 0x73, 0x00 };
/* 0xa19c0 */ const unsigned char rodata_a19c0[37] = { 0x6c, 0x6f, 0x77, 0x5f, 0x73, 0x70, 0x65, 0x65, 0x64, 0x5f, 0x70, 0x65, 0x72, 0x69, 0x70, 0x68, 0x65, 0x72, 0x61, 0x6c, 0x5f, 0x64, 0x69, 0x73, 0x70, 0x61, 0x74, 0x63, 0x68, 0x5f, 0x74, 0x68, 0x72, 0x65, 0x61, 0x64, 0x00 };
/* 0xa19e5 */ const unsigned char rodata_a19e5[46] = { 0x6c, 0x6f, 0x77, 0x5f, 0x73, 0x70, 0x65, 0x65, 0x64, 0x5f, 0x70, 0x65, 0x72, 0x69, 0x70, 0x68, 0x65, 0x72, 0x61, 0x6c, 0x5f, 0x64, 0x69, 0x73, 0x70, 0x61, 0x74, 0x63, 0x68, 0x5f, 0x74, 0x68, 0x72, 0x65, 0x61, 0x64, 0x5f, 0x66, 0x6f, 0x72, 0x5f, 0x74, 0x65, 0x73, 0x74, 0x00 };
/* 0xa1a13 */ const unsigned char rodata_a1a13[24] = { 0x64, 0x69, 0x73, 0x70, 0x6c, 0x61, 0x79, 0x5f, 0x64, 0x69, 0x73, 0x70, 0x61, 0x74, 0x63, 0x68, 0x5f, 0x74, 0x68, 0x72, 0x65, 0x61, 0x64, 0x00 };
/* 0xa1a43 */ const unsigned char rodata_a1a43[21] = { 0x73, 0x6c, 0x61, 0x76, 0x65, 0x5f, 0x64, 0x69, 0x73, 0x70, 0x6c, 0x61, 0x79, 0x5f, 0x74, 0x68, 0x72, 0x65, 0x61, 0x64, 0x00 };
/* 0xa1a76 */ const unsigned char rodata_a1a76[17] = { 0x74, 0x6f, 0x75, 0x63, 0x68, 0x5f, 0x6b, 0x65, 0x79, 0x5f, 0x74, 0x68, 0x72, 0x65, 0x61, 0x64, 0x00 };
/* 0xa1a98 */ const unsigned char rodata_a1a98[25] = { 0x72, 0x75, 0x6e, 0x5f, 0x6d, 0x61, 0x69, 0x6e, 0x5f, 0x64, 0x69, 0x73, 0x70, 0x61, 0x74, 0x63, 0x68, 0x5f, 0x74, 0x68, 0x72, 0x65, 0x61, 0x64, 0x00 };
/* 0xa1ab1 */ const unsigned char rodata_a1ab1[14] = { 0x73, 0x79, 0x6e, 0x63, 0x5f, 0x74, 0x6f, 0x5f, 0x73, 0x6c, 0x61, 0x76, 0x65, 0x00 };
/* 0xa1ad8 */ const unsigned char rodata_a1ad8[18] = { 0x63, 0x68, 0x65, 0x63, 0x6b, 0x5f, 0x62, 0x69, 0x6e, 0x64, 0x5f, 0x73, 0x74, 0x61, 0x74, 0x75, 0x73, 0x00 };
/* 0xa1aea */ const unsigned char rodata_a1aea[22] = { 0x63, 0x68, 0x65, 0x63, 0x6b, 0x5f, 0x64, 0x69, 0x73, 0x70, 0x5f, 0x6f, 0x6e, 0x62, 0x6f, 0x61, 0x72, 0x64, 0x69, 0x6e, 0x67, 0x00 };
/* 0xa1b00 */ const unsigned char rodata_a1b00[16] = { 0x63, 0x68, 0x65, 0x63, 0x6b, 0x5f, 0x77, 0x6f, 0x72, 0x6b, 0x5f, 0x6d, 0x6f, 0x64, 0x65, 0x00 };
/* 0xa1b10 */ const unsigned char rodata_a1b10[35] = { 0x25, 0x73, 0x28, 0x29, 0x3a, 0x20, 0x57, 0x61, 0x74, 0x63, 0x68, 0x64, 0x6f, 0x67, 0x20, 0x73, 0x61, 0x6d, 0x70, 0x6c, 0x65, 0x20, 0x61, 0x70, 0x70, 0x6c, 0x69, 0x63, 0x61, 0x74, 0x69, 0x6f, 0x6e, 0x0a, 0x00 };
/* 0xa1b33 */ const unsigned char rodata_a1b33[29] = { 0x25, 0x73, 0x28, 0x29, 0x3a, 0x20, 0x25, 0x73, 0x3a, 0x20, 0x64, 0x65, 0x76, 0x69, 0x63, 0x65, 0x20, 0x6e, 0x6f, 0x74, 0x20, 0x72, 0x65, 0x61, 0x64, 0x79, 0x2e, 0x0a, 0x00 };
/* 0xa1b50 */ const unsigned char rodata_a1b50[56] = { 0x25, 0x73, 0x28, 0x29, 0x3a, 0x20, 0x43, 0x61, 0x6c, 0x6c, 0x62, 0x61, 0x63, 0x6b, 0x20, 0x69, 0x6e, 0x20, 0x52, 0x45, 0x53, 0x45, 0x54, 0x5f, 0x53, 0x4f, 0x43, 0x20, 0x64, 0x69, 0x73, 0x61, 0x62, 0x6c, 0x65, 0x64, 0x20, 0x66, 0x6f, 0x72, 0x20, 0x74, 0x68, 0x69, 0x73, 0x20, 0x70, 0x6c, 0x61, 0x74, 0x66, 0x6f, 0x72, 0x6d, 0x0a, 0x00 };
/* 0xa1b88 */ const unsigned char rodata_a1b88[52] = { 0x25, 0x73, 0x28, 0x29, 0x3a, 0x20, 0x43, 0x61, 0x6c, 0x6c, 0x62, 0x61, 0x63, 0x6b, 0x20, 0x73, 0x75, 0x70, 0x70, 0x6f, 0x72, 0x74, 0x20, 0x72, 0x65, 0x6a, 0x65, 0x63, 0x74, 0x65, 0x64, 0x2c, 0x20, 0x63, 0x6f, 0x6e, 0x74, 0x69, 0x6e, 0x75, 0x69, 0x6e, 0x67, 0x20, 0x61, 0x6e, 0x79, 0x77, 0x61, 0x79, 0x0a, 0x00 };
/* 0xa1bbc */ const unsigned char rodata_a1bbc[30] = { 0x25, 0x73, 0x28, 0x29, 0x3a, 0x20, 0x57, 0x61, 0x74, 0x63, 0x68, 0x64, 0x6f, 0x67, 0x20, 0x69, 0x6e, 0x73, 0x74, 0x61, 0x6c, 0x6c, 0x20, 0x65, 0x72, 0x72, 0x6f, 0x72, 0x0a, 0x00 };
/* 0xa1bf6 */ const unsigned char rodata_a1bf6[33] = { 0x25, 0x73, 0x28, 0x29, 0x3a, 0x20, 0x46, 0x65, 0x65, 0x64, 0x69, 0x6e, 0x67, 0x20, 0x77, 0x61, 0x74, 0x63, 0x68, 0x64, 0x6f, 0x67, 0x20, 0x25, 0x64, 0x20, 0x74, 0x69, 0x6d, 0x65, 0x73, 0x0a, 0x00 };
/* 0xa1c17 */ const unsigned char rodata_a1c17[27] = { 0x25, 0x73, 0x28, 0x29, 0x3a, 0x20, 0x46, 0x65, 0x65, 0x64, 0x69, 0x6e, 0x67, 0x20, 0x77, 0x61, 0x74, 0x63, 0x68, 0x64, 0x6f, 0x67, 0x2e, 0x2e, 0x2e, 0x0a, 0x00 };
/* 0xa1c4e */ const unsigned char rodata_a1c4e[28] = { 0x25, 0x73, 0x28, 0x29, 0x3a, 0x20, 0x77, 0x61, 0x74, 0x63, 0x68, 0x64, 0x6f, 0x67, 0x20, 0x69, 0x73, 0x20, 0x64, 0x69, 0x73, 0x61, 0x62, 0x6c, 0x65, 0x64, 0x0a, 0x00 };
/* 0xa1c6a */ const unsigned char rodata_a1c6a[27] = { 0x25, 0x73, 0x28, 0x29, 0x3a, 0x20, 0x64, 0x69, 0x73, 0x61, 0x62, 0x6c, 0x65, 0x20, 0x77, 0x61, 0x74, 0x63, 0x68, 0x64, 0x6f, 0x67, 0x2e, 0x2e, 0x2e, 0x0a, 0x00 };
/* 0xa1c85 */ const unsigned char rodata_a1c85[17] = { 0x64, 0x69, 0x73, 0x61, 0x62, 0x6c, 0x65, 0x5f, 0x77, 0x61, 0x74, 0x63, 0x68, 0x64, 0x6f, 0x67, 0x00 };
/* 0xa1c96 */ const unsigned char rodata_a1c96[14] = { 0x69, 0x6e, 0x69, 0x74, 0x5f, 0x77, 0x61, 0x74, 0x63, 0x68, 0x64, 0x6f, 0x67, 0x00 };
/* 0xa1ca4 */ const unsigned char rodata_a1ca4[60] = { 0x25, 0x73, 0x28, 0x29, 0x3a, 0x20, 0x72, 0x65, 0x63, 0x65, 0x76, 0x3a, 0x20, 0x70, 0x61, 0x63, 0x6b, 0x5f, 0x69, 0x6e, 0x64, 0x65, 0x78, 0x3a, 0x25, 0x64, 0x2c, 0x20, 0x73, 0x74, 0x61, 0x72, 0x74, 0x5f, 0x61, 0x64, 0x64, 0x72, 0x3a, 0x30, 0x78, 0x25, 0x78, 0x2c, 0x20, 0x72, 0x78, 0x5f, 0x62, 0x75, 0x66, 0x5f, 0x6c, 0x65, 0x6e, 0x3a, 0x25, 0x64, 0x0a, 0x00 };
/* 0xa1ce0 */ const unsigned char rodata_a1ce0[28] = { 0x25, 0x73, 0x28, 0x29, 0x3a, 0x20, 0x72, 0x65, 0x61, 0x64, 0x20, 0x66, 0x6c, 0x61, 0x73, 0x68, 0x20, 0x66, 0x61, 0x69, 0x6c, 0x3a, 0x20, 0x25, 0x64, 0x0a, 0x0a, 0x00 };
/* 0xa1cfc */ const unsigned char rodata_a1cfc[10] = { 0x66, 0x6c, 0x61, 0x73, 0x68, 0x5f, 0x6d, 0x64, 0x35, 0x00 };
/* 0xa1d06 */ const unsigned char rodata_a1d06[43] = { 0x25, 0x73, 0x28, 0x29, 0x3a, 0x20, 0x42, 0x4c, 0x45, 0x5f, 0x52, 0x45, 0x51, 0x5f, 0x50, 0x55, 0x54, 0x5f, 0x42, 0x52, 0x49, 0x47, 0x48, 0x54, 0x4e, 0x45, 0x53, 0x53, 0x20, 0x6e, 0x65, 0x77, 0x20, 0x6c, 0x65, 0x76, 0x65, 0x6c, 0x3a, 0x25, 0x64, 0x0a, 0x00 };
/* 0xa1d31 */ const unsigned char rodata_a1d31[40] = { 0x25, 0x73, 0x28, 0x29, 0x3a, 0x20, 0x42, 0x4c, 0x45, 0x5f, 0x52, 0x45, 0x51, 0x5f, 0x50, 0x55, 0x54, 0x5f, 0x42, 0x52, 0x49, 0x47, 0x48, 0x54, 0x4e, 0x45, 0x53, 0x53, 0x20, 0x69, 0x67, 0x6e, 0x6f, 0x72, 0x65, 0x3a, 0x25, 0x64, 0x0a, 0x00 };
/* 0xa1d59 */ const unsigned char rodata_a1d59[52] = { 0x25, 0x73, 0x28, 0x29, 0x3a, 0x20, 0x42, 0x4c, 0x45, 0x5f, 0x52, 0x45, 0x51, 0x5f, 0x50, 0x55, 0x54, 0x5f, 0x41, 0x4e, 0x54, 0x49, 0x5f, 0x53, 0x48, 0x41, 0x4b, 0x45, 0x5f, 0x45, 0x4e, 0x41, 0x42, 0x4c, 0x45, 0x3a, 0x20, 0x6e, 0x65, 0x77, 0x20, 0x73, 0x74, 0x61, 0x74, 0x65, 0x3a, 0x20, 0x25, 0x64, 0x0a, 0x00 };
/* 0xa1dbe */ const unsigned char rodata_a1dbe[55] = { 0x25, 0x73, 0x28, 0x29, 0x3a, 0x20, 0x42, 0x4c, 0x45, 0x5f, 0x52, 0x45, 0x51, 0x5f, 0x50, 0x55, 0x54, 0x5f, 0x44, 0x49, 0x53, 0x50, 0x4c, 0x41, 0x59, 0x5f, 0x4d, 0x4f, 0x44, 0x45, 0x3a, 0x20, 0x25, 0x64, 0x2c, 0x20, 0x66, 0x6c, 0x61, 0x67, 0x5f, 0x73, 0x68, 0x6f, 0x77, 0x5f, 0x74, 0x69, 0x70, 0x3a, 0x20, 0x25, 0x64, 0x0a, 0x00 };
/* 0xa1e3a */ const unsigned char rodata_a1e3a[44] = { 0x25, 0x73, 0x28, 0x29, 0x3a, 0x20, 0x42, 0x4c, 0x45, 0x5f, 0x52, 0x45, 0x51, 0x5f, 0x50, 0x55, 0x54, 0x5f, 0x44, 0x49, 0x53, 0x50, 0x4c, 0x41, 0x59, 0x5f, 0x4d, 0x4f, 0x44, 0x45, 0x20, 0x6e, 0x65, 0x77, 0x20, 0x6d, 0x6f, 0x64, 0x65, 0x3a, 0x25, 0x64, 0x0a, 0x00 };
/* 0xa1ead */ const unsigned char rodata_a1ead[46] = { 0x25, 0x73, 0x28, 0x29, 0x3a, 0x20, 0x42, 0x4c, 0x45, 0x5f, 0x52, 0x45, 0x51, 0x5f, 0x50, 0x55, 0x54, 0x5f, 0x44, 0x49, 0x53, 0x50, 0x4c, 0x41, 0x59, 0x5f, 0x4d, 0x4f, 0x44, 0x45, 0x20, 0x65, 0x72, 0x72, 0x6f, 0x72, 0x20, 0x6d, 0x6f, 0x64, 0x65, 0x3a, 0x25, 0x64, 0x0a, 0x00 };
/* 0xa1edb */ const unsigned char rodata_a1edb[63] = { 0x25, 0x73, 0x28, 0x29, 0x3a, 0x20, 0x42, 0x4c, 0x45, 0x5f, 0x52, 0x45, 0x51, 0x5f, 0x50, 0x55, 0x54, 0x5f, 0x49, 0x4e, 0x54, 0x45, 0x52, 0x4e, 0x41, 0x4c, 0x5f, 0x44, 0x45, 0x42, 0x55, 0x47, 0x3a, 0x6f, 0x70, 0x5f, 0x63, 0x6f, 0x64, 0x65, 0x3d, 0x30, 0x78, 0x25, 0x30, 0x32, 0x78, 0x2c, 0x6f, 0x70, 0x5f, 0x76, 0x61, 0x6c, 0x3d, 0x30, 0x78, 0x25, 0x30, 0x32, 0x78, 0x0a, 0x00 };
/* 0xa1f1a */ const unsigned char rodata_a1f1a[10] = { 0x64, 0x65, 0x62, 0x75, 0x67, 0x2d, 0x62, 0x6c, 0x65, 0x00 };
/* 0xa1f20 */ const unsigned char rodata_a1f20[4] = { 0x62, 0x6c, 0x65, 0x00 };
/* 0xa1f24 */ const unsigned char rodata_a1f24[17] = { 0x6c, 0x6f, 0x67, 0x5f, 0x6c, 0x65, 0x76, 0x65, 0x6c, 0x5f, 0x73, 0x65, 0x74, 0x3d, 0x25, 0x64, 0x00 };
/* 0xa1f35 */ const unsigned char rodata_a1f35[20] = { 0x25, 0x73, 0x28, 0x29, 0x3a, 0x20, 0x73, 0x63, 0x72, 0x65, 0x65, 0x6e, 0x5f, 0x69, 0x64, 0x3d, 0x25, 0x64, 0x0a, 0x00 };
/* 0xa1f49 */ const unsigned char rodata_a1f49[5] = { 0x47, 0x6f, 0x6f, 0x64, 0x00 };
/* 0xa1f4e */ const unsigned char rodata_a1f4e[47] = { 0x25, 0x73, 0x28, 0x29, 0x3a, 0x20, 0x70, 0x6c, 0x61, 0x79, 0x6c, 0x6f, 0x61, 0x64, 0x3a, 0x20, 0x25, 0x30, 0x32, 0x78, 0x2c, 0x25, 0x30, 0x32, 0x78, 0x2c, 0x25, 0x30, 0x32, 0x78, 0x2c, 0x25, 0x30, 0x32, 0x78, 0x2c, 0x25, 0x30, 0x32, 0x78, 0x2c, 0x25, 0x30, 0x32, 0x78, 0x0a, 0x00 };
/* 0xa1f7d */ const unsigned char rodata_a1f7d[74] = { 0x25, 0x73, 0x28, 0x29, 0x3a, 0x20, 0x75, 0x70, 0x64, 0x61, 0x74, 0x65, 0x2d, 0x3e, 0x42, 0x4c, 0x45, 0x5f, 0x52, 0x45, 0x51, 0x5f, 0x50, 0x55, 0x54, 0x5f, 0x43, 0x4f, 0x55, 0x4e, 0x54, 0x44, 0x4f, 0x57, 0x4e, 0x5f, 0x54, 0x49, 0x4d, 0x45, 0x52, 0x3a, 0x20, 0x25, 0x64, 0x28, 0x25, 0x30, 0x32, 0x64, 0x3a, 0x25, 0x30, 0x32, 0x64, 0x3a, 0x25, 0x30, 0x32, 0x64, 0x29, 0x2c, 0x20, 0x65, 0x6e, 0x61, 0x62, 0x6c, 0x65, 0x3a, 0x25, 0x64, 0x0a, 0x00 };
/* 0xa1fc7 */ const unsigned char rodata_a1fc7[43] = { 0x25, 0x73, 0x28, 0x29, 0x3a, 0x20, 0x72, 0x65, 0x63, 0x76, 0x23, 0x42, 0x4c, 0x45, 0x5f, 0x52, 0x45, 0x51, 0x5f, 0x50, 0x55, 0x54, 0x5f, 0x54, 0x45, 0x4c, 0x45, 0x50, 0x52, 0x4f, 0x4d, 0x50, 0x54, 0x45, 0x52, 0x5f, 0x49, 0x4e, 0x46, 0x4f, 0x3a, 0x0a, 0x00 };
/* 0xa1ff2 */ const unsigned char rodata_a1ff2[41] = { 0x25, 0x73, 0x28, 0x29, 0x3a, 0x20, 0x72, 0x65, 0x63, 0x76, 0x23, 0x42, 0x4c, 0x45, 0x5f, 0x52, 0x45, 0x51, 0x5f, 0x50, 0x55, 0x54, 0x5f, 0x4e, 0x41, 0x56, 0x49, 0x47, 0x41, 0x54, 0x49, 0x4f, 0x4e, 0x5f, 0x49, 0x4e, 0x46, 0x4f, 0x3a, 0x0a, 0x00 };
/* 0xa201b */ const unsigned char rodata_a201b[38] = { 0x25, 0x73, 0x28, 0x29, 0x3a, 0x20, 0x72, 0x65, 0x63, 0x76, 0x23, 0x42, 0x4c, 0x45, 0x5f, 0x52, 0x45, 0x51, 0x5f, 0x50, 0x55, 0x54, 0x5f, 0x53, 0x43, 0x48, 0x45, 0x44, 0x55, 0x4c, 0x45, 0x5f, 0x54, 0x41, 0x53, 0x4b, 0x0a, 0x00 };
/* 0xa2041 */ const unsigned char rodata_a2041[32] = { 0x25, 0x73, 0x28, 0x29, 0x3a, 0x20, 0x72, 0x65, 0x63, 0x76, 0x23, 0x53, 0x43, 0x48, 0x45, 0x44, 0x55, 0x4c, 0x45, 0x5f, 0x54, 0x41, 0x53, 0x4b, 0x3a, 0x20, 0x73, 0x61, 0x76, 0x65, 0x0a, 0x00 };
/* 0xa2061 */ const unsigned char rodata_a2061[55] = { 0x25, 0x73, 0x28, 0x29, 0x3a, 0x20, 0x42, 0x4c, 0x45, 0x5f, 0x52, 0x45, 0x51, 0x5f, 0x50, 0x55, 0x54, 0x5f, 0x57, 0x41, 0x4b, 0x45, 0x55, 0x50, 0x5f, 0x41, 0x4e, 0x47, 0x4c, 0x45, 0x20, 0x6e, 0x65, 0x77, 0x20, 0x6c, 0x65, 0x76, 0x65, 0x6c, 0x3a, 0x25, 0x64, 0x20, 0x6f, 0x66, 0x66, 0x73, 0x65, 0x74, 0x20, 0x25, 0x64, 0x0a, 0x00 };
/* 0xa20c2 */ const unsigned char rodata_a20c2[39] = { 0x25, 0x73, 0x28, 0x29, 0x3a, 0x20, 0x42, 0x4c, 0x45, 0x5f, 0x52, 0x45, 0x51, 0x5f, 0x50, 0x55, 0x54, 0x5f, 0x4e, 0x4f, 0x54, 0x49, 0x46, 0x59, 0x5f, 0x45, 0x4e, 0x20, 0x65, 0x6e, 0x61, 0x62, 0x6c, 0x65, 0x3a, 0x25, 0x64, 0x0a, 0x00 };
/* 0xa20e9 */ const unsigned char rodata_a20e9[53] = { 0x25, 0x73, 0x28, 0x29, 0x3a, 0x20, 0x72, 0x65, 0x63, 0x76, 0x23, 0x42, 0x4c, 0x45, 0x5f, 0x52, 0x45, 0x51, 0x5f, 0x50, 0x55, 0x54, 0x5f, 0x47, 0x4c, 0x41, 0x53, 0x53, 0x45, 0x53, 0x5f, 0x53, 0x45, 0x54, 0x54, 0x49, 0x4e, 0x47, 0x2c, 0x74, 0x79, 0x70, 0x65, 0x20, 0x69, 0x73, 0x20, 0x30, 0x78, 0x25, 0x78, 0x0a, 0x00 };
/* 0xa211e */ const unsigned char rodata_a211e[102] = { 0x25, 0x73, 0x28, 0x29, 0x3a, 0x20, 0x62, 0x6c, 0x65, 0x20, 0x72, 0x65, 0x63, 0x76, 0x20, 0x72, 0x61, 0x73, 0x74, 0x65, 0x72, 0x5f, 0x63, 0x6f, 0x6e, 0x66, 0x69, 0x67, 0x5f, 0x69, 0x6e, 0x66, 0x6f, 0x3a, 0x65, 0x6e, 0x61, 0x62, 0x6c, 0x65, 0x20, 0x69, 0x73, 0x20, 0x25, 0x64, 0x2c, 0x20, 0x72, 0x61, 0x73, 0x74, 0x65, 0x72, 0x5f, 0x68, 0x65, 0x69, 0x67, 0x68, 0x74, 0x5f, 0x67, 0x65, 0x61, 0x72, 0x20, 0x69, 0x73, 0x20, 0x25, 0x64, 0x2c, 0x20, 0x63, 0x61, 0x6e, 0x76, 0x61, 0x73, 0x5f, 0x64, 0x69, 0x73, 0x74, 0x61, 0x6e, 0x63, 0x65, 0x5f, 0x67, 0x65, 0x61, 0x72, 0x20, 0x69, 0x73, 0x20, 0x25, 0x64, 0x0a, 0x00 };
/* 0xa2184 */ const unsigned char rodata_a2184[64] = { 0x25, 0x73, 0x28, 0x29, 0x3a, 0x20, 0x42, 0x4c, 0x45, 0x5f, 0x52, 0x45, 0x51, 0x5f, 0x47, 0x45, 0x54, 0x5f, 0x44, 0x49, 0x53, 0x50, 0x4c, 0x41, 0x59, 0x5f, 0x4d, 0x4f, 0x44, 0x45, 0x3a, 0x30, 0x78, 0x25, 0x30, 0x32, 0x78, 0x2c, 0x20, 0x30, 0x78, 0x25, 0x30, 0x32, 0x78, 0x2c, 0x20, 0x30, 0x78, 0x25, 0x30, 0x32, 0x78, 0x2c, 0x20, 0x30, 0x78, 0x25, 0x30, 0x32, 0x78, 0x2c, 0x0a, 0x00 };
/* 0xa21c4 */ const unsigned char rodata_a21c4[53] = { 0x25, 0x73, 0x28, 0x29, 0x3a, 0x20, 0x42, 0x4c, 0x45, 0x5f, 0x52, 0x45, 0x51, 0x5f, 0x47, 0x45, 0x54, 0x5f, 0x41, 0x4e, 0x54, 0x49, 0x5f, 0x53, 0x48, 0x41, 0x4b, 0x45, 0x5f, 0x45, 0x4e, 0x41, 0x42, 0x4c, 0x45, 0x3a, 0x30, 0x78, 0x25, 0x30, 0x32, 0x78, 0x2c, 0x20, 0x30, 0x78, 0x25, 0x30, 0x32, 0x78, 0x2c, 0x0a, 0x00 };
/* 0xa21f9 */ const unsigned char rodata_a21f9[46] = { 0x25, 0x73, 0x28, 0x29, 0x3a, 0x20, 0x42, 0x4c, 0x45, 0x5f, 0x52, 0x45, 0x51, 0x5f, 0x47, 0x45, 0x54, 0x5f, 0x42, 0x52, 0x49, 0x47, 0x48, 0x54, 0x4e, 0x45, 0x53, 0x53, 0x3a, 0x30, 0x78, 0x25, 0x30, 0x32, 0x78, 0x2c, 0x20, 0x30, 0x78, 0x25, 0x30, 0x32, 0x78, 0x2c, 0x0a, 0x00 };
/* 0xa2227 */ const unsigned char rodata_a2227[145] = { 0x25, 0x73, 0x28, 0x29, 0x3a, 0x20, 0x42, 0x4c, 0x45, 0x5f, 0x52, 0x45, 0x51, 0x5f, 0x47, 0x45, 0x54, 0x5f, 0x44, 0x45, 0x56, 0x49, 0x43, 0x45, 0x5f, 0x49, 0x4e, 0x46, 0x4f, 0x3a, 0x30, 0x78, 0x25, 0x30, 0x32, 0x78, 0x2c, 0x30, 0x78, 0x25, 0x30, 0x32, 0x78, 0x2c, 0x30, 0x78, 0x25, 0x30, 0x32, 0x78, 0x2c, 0x30, 0x78, 0x25, 0x30, 0x32, 0x78, 0x2c, 0x20, 0x30, 0x78, 0x25, 0x30, 0x32, 0x78, 0x2c, 0x30, 0x78, 0x25, 0x30, 0x32, 0x78, 0x2c, 0x30, 0x78, 0x25, 0x30, 0x32, 0x78, 0x2c, 0x30, 0x78, 0x25, 0x30, 0x32, 0x78, 0x2c, 0x20, 0x30, 0x78, 0x25, 0x30, 0x32, 0x78, 0x2c, 0x30, 0x78, 0x25, 0x30, 0x32, 0x78, 0x2c, 0x30, 0x78, 0x25, 0x30, 0x32, 0x78, 0x2c, 0x30, 0x78, 0x25, 0x30, 0x32, 0x78, 0x2c, 0x30, 0x78, 0x25, 0x30, 0x32, 0x78, 0x2c, 0x30, 0x78, 0x25, 0x30, 0x32, 0x78, 0x2c, 0x30, 0x78, 0x25, 0x30, 0x32, 0x78, 0x2c, 0x30, 0x78, 0x25, 0x30, 0x32, 0x78, 0x0a, 0x00 };
/* 0xa22b8 */ const unsigned char rodata_a22b8[124] = { 0x25, 0x73, 0x28, 0x29, 0x3a, 0x20, 0x42, 0x4c, 0x45, 0x5f, 0x52, 0x45, 0x51, 0x5f, 0x47, 0x45, 0x54, 0x5f, 0x4d, 0x5f, 0x4e, 0x5f, 0x53, 0x5f, 0x4d, 0x41, 0x43, 0x3a, 0x6d, 0x61, 0x73, 0x74, 0x65, 0x72, 0x5b, 0x30, 0x78, 0x25, 0x30, 0x32, 0x78, 0x2c, 0x30, 0x78, 0x25, 0x30, 0x32, 0x78, 0x2c, 0x30, 0x78, 0x25, 0x30, 0x32, 0x78, 0x2c, 0x30, 0x78, 0x25, 0x30, 0x32, 0x78, 0x2c, 0x30, 0x78, 0x25, 0x30, 0x32, 0x78, 0x2c, 0x30, 0x78, 0x25, 0x30, 0x32, 0x78, 0x5d, 0x2c, 0x20, 0x5b, 0x30, 0x78, 0x25, 0x30, 0x32, 0x78, 0x2c, 0x30, 0x78, 0x25, 0x30, 0x32, 0x78, 0x2c, 0x30, 0x78, 0x25, 0x30, 0x32, 0x78, 0x2c, 0x30, 0x78, 0x25, 0x30, 0x32, 0x78, 0x2c, 0x30, 0x78, 0x25, 0x30, 0x32, 0x78, 0x2c, 0x30, 0x78, 0x25, 0x30, 0x32, 0x78, 0x5d, 0x0a, 0x00 };
/* 0xa2334 */ const unsigned char rodata_a2334[48] = { 0x25, 0x73, 0x28, 0x29, 0x3a, 0x20, 0x42, 0x4c, 0x45, 0x5f, 0x52, 0x45, 0x51, 0x5f, 0x47, 0x45, 0x54, 0x5f, 0x57, 0x41, 0x4b, 0x45, 0x55, 0x50, 0x5f, 0x41, 0x4e, 0x47, 0x4c, 0x45, 0x3a, 0x30, 0x78, 0x25, 0x30, 0x32, 0x78, 0x2c, 0x20, 0x30, 0x78, 0x25, 0x30, 0x32, 0x78, 0x2c, 0x0a, 0x00 };
/* 0xa2364 */ const unsigned char rodata_a2364[31] = { 0x25, 0x73, 0x28, 0x29, 0x3a, 0x20, 0x72, 0x65, 0x63, 0x65, 0x69, 0x76, 0x65, 0x20, 0x64, 0x66, 0x75, 0x5f, 0x73, 0x6f, 0x63, 0x3d, 0x30, 0x78, 0x25, 0x30, 0x32, 0x78, 0x0a, 0x0a, 0x00 };
/* 0xa2383 */ const unsigned char rodata_a2383[29] = { 0x25, 0x73, 0x28, 0x29, 0x3a, 0x20, 0x6d, 0x61, 0x73, 0x74, 0x65, 0x72, 0x20, 0x65, 0x6e, 0x74, 0x65, 0x72, 0x20, 0x64, 0x66, 0x75, 0x20, 0x6d, 0x6f, 0x64, 0x65, 0x0a, 0x00 };
/* 0xa23a0 */ const unsigned char rodata_a23a0[45] = { 0x25, 0x73, 0x28, 0x29, 0x3a, 0x20, 0x74, 0x78, 0x20, 0x65, 0x72, 0x72, 0x6f, 0x72, 0x20, 0x72, 0x65, 0x71, 0x5f, 0x74, 0x79, 0x70, 0x65, 0x20, 0x68, 0x65, 0x61, 0x64, 0x2d, 0x3e, 0x72, 0x65, 0x71, 0x5f, 0x74, 0x79, 0x70, 0x65, 0x20, 0x25, 0x64, 0x2e, 0x0a, 0x0a, 0x00 };
/* 0xa23cd */ const unsigned char rodata_a23cd[27] = { 0x60, 0x62, 0x63, 0x6d, 0x61, 0x73, 0x74, 0x65, 0x72, 0x5f, 0x70, 0x72, 0x6f, 0x63, 0x65, 0x73, 0x73, 0x5f, 0x70, 0x6f, 0x73, 0x74, 0x5f, 0x72, 0x65, 0x71, 0x00 };
/* 0xa23d0 */ const unsigned char rodata_a23d0[24] = { 0x6d, 0x61, 0x73, 0x74, 0x65, 0x72, 0x5f, 0x70, 0x72, 0x6f, 0x63, 0x65, 0x73, 0x73, 0x5f, 0x70, 0x6f, 0x73, 0x74, 0x5f, 0x72, 0x65, 0x71, 0x00 };
/* 0xa23e8 */ const unsigned char rodata_a23e8[23] = { 0x6d, 0x61, 0x73, 0x74, 0x65, 0x72, 0x5f, 0x70, 0x72, 0x6f, 0x63, 0x65, 0x73, 0x73, 0x5f, 0x67, 0x65, 0x74, 0x5f, 0x72, 0x65, 0x71, 0x00 };
/* 0xa23ff */ const unsigned char rodata_a23ff[23] = { 0x6d, 0x61, 0x73, 0x74, 0x65, 0x72, 0x5f, 0x70, 0x72, 0x6f, 0x63, 0x65, 0x73, 0x73, 0x5f, 0x70, 0x75, 0x74, 0x5f, 0x72, 0x65, 0x71, 0x00 };
/* 0xa2416 */ const unsigned char rodata_a2416[36] = { 0x72, 0x65, 0x61, 0x64, 0x5f, 0x66, 0x77, 0x5f, 0x70, 0x61, 0x63, 0x6b, 0x5f, 0x66, 0x72, 0x6f, 0x6d, 0x5f, 0x6e, 0x6f, 0x72, 0x5f, 0x66, 0x6c, 0x61, 0x73, 0x68, 0x5f, 0x62, 0x79, 0x5f, 0x71, 0x73, 0x70, 0x69, 0x00 };
/* 0xa243a */ const unsigned char rodata_a243a[33] = { 0x6d, 0x61, 0x73, 0x74, 0x65, 0x72, 0x5f, 0x70, 0x72, 0x6f, 0x63, 0x65, 0x73, 0x73, 0x5f, 0x61, 0x75, 0x64, 0x69, 0x6f, 0x5f, 0x66, 0x77, 0x5f, 0x6c, 0x6f, 0x61, 0x64, 0x5f, 0x72, 0x65, 0x71, 0x00 };
/* 0xa245b */ const unsigned char rodata_a245b[21] = { 0x70, 0x72, 0x6f, 0x63, 0x65, 0x73, 0x73, 0x5f, 0x72, 0x65, 0x63, 0x76, 0x5f, 0x62, 0x6c, 0x65, 0x5f, 0x72, 0x65, 0x71, 0x00 };
/* 0xa2470 */ const unsigned char rodata_a2470[22] = { 0x25, 0x73, 0x28, 0x29, 0x3a, 0x20, 0x25, 0x73, 0x3a, 0x20, 0x69, 0x67, 0x6e, 0x6f, 0x72, 0x65, 0x3a, 0x25, 0x64, 0x2e, 0x0a, 0x00 };
/* 0xa2486 */ const unsigned char rodata_a2486[35] = { 0x25, 0x73, 0x28, 0x29, 0x3a, 0x20, 0x25, 0x73, 0x3a, 0x20, 0x74, 0x72, 0x69, 0x67, 0x67, 0x65, 0x72, 0x5f, 0x6f, 0x6e, 0x5f, 0x73, 0x63, 0x72, 0x65, 0x65, 0x6e, 0x20, 0x2d, 0x3e, 0x20, 0x25, 0x64, 0x0a, 0x00 };
/* 0xa24a9 */ const unsigned char rodata_a24a9[26] = { 0x25, 0x73, 0x28, 0x29, 0x3a, 0x20, 0x25, 0x73, 0x20, 0x6e, 0x65, 0x77, 0x20, 0x73, 0x74, 0x61, 0x74, 0x75, 0x73, 0x3a, 0x20, 0x25, 0x64, 0x0a, 0x0a, 0x00 };
/* 0xa24c3 */ const unsigned char rodata_a24c3[25] = { 0x25, 0x73, 0x28, 0x29, 0x3a, 0x20, 0x69, 0x6d, 0x75, 0x20, 0x77, 0x61, 0x6b, 0x65, 0x75, 0x70, 0x20, 0x74, 0x68, 0x64, 0x2d, 0x3e, 0x20, 0x0a, 0x00 };
/* 0xa24dc */ const unsigned char rodata_a24dc[8] = { 0x69, 0x6d, 0x75, 0x2d, 0x6f, 0x66, 0x66, 0x00 };
/* 0xa24e4 */ const unsigned char rodata_a24e4[7] = { 0x69, 0x6d, 0x75, 0x2d, 0x6f, 0x6e, 0x00 };
/* 0xa24eb */ const unsigned char rodata_a24eb[14] = { 0x25, 0x73, 0x28, 0x29, 0x3a, 0x20, 0x62, 0x65, 0x67, 0x69, 0x6e, 0x2e, 0x0a, 0x00 };
/* 0xa24f9 */ const unsigned char rodata_a24f9[12] = { 0x25, 0x73, 0x28, 0x29, 0x3a, 0x20, 0x65, 0x6e, 0x64, 0x2e, 0x0a, 0x00 };
/* 0xa251a */ const unsigned char rodata_a251a[22] = { 0x67, 0x6c, 0x6f, 0x62, 0x61, 0x6c, 0x5f, 0x73, 0x79, 0x73, 0x74, 0x65, 0x6d, 0x5f, 0x73, 0x75, 0x73, 0x70, 0x65, 0x6e, 0x64, 0x00 };
/* 0xa2530 */ const unsigned char rodata_a2530[26] = { 0x75, 0x70, 0x64, 0x61, 0x74, 0x65, 0x5f, 0x69, 0x6d, 0x75, 0x5f, 0x74, 0x72, 0x69, 0x67, 0x67, 0x65, 0x72, 0x5f, 0x73, 0x74, 0x61, 0x74, 0x75, 0x73, 0x00 };
/* 0xa254a */ const unsigned char rodata_a254a[28] = { 0x74, 0x72, 0x69, 0x67, 0x67, 0x65, 0x72, 0x5f, 0x73, 0x63, 0x72, 0x65, 0x65, 0x6e, 0x5f, 0x73, 0x74, 0x61, 0x74, 0x65, 0x5f, 0x63, 0x68, 0x61, 0x6e, 0x67, 0x65, 0x00 };
/* 0xa2597 */ const unsigned char rodata_a2597[34] = { 0x25, 0x73, 0x28, 0x29, 0x3a, 0x20, 0x70, 0x65, 0x72, 0x73, 0x69, 0x73, 0x74, 0x20, 0x74, 0x61, 0x73, 0x6b, 0x20, 0x5b, 0x72, 0x75, 0x6e, 0x6e, 0x69, 0x6e, 0x67, 0x5d, 0x3a, 0x20, 0x25, 0x64, 0x0a, 0x00 };
/* 0xa25b9 */ const unsigned char rodata_a25b9[32] = { 0x25, 0x73, 0x28, 0x29, 0x3a, 0x20, 0x70, 0x65, 0x72, 0x73, 0x69, 0x73, 0x74, 0x20, 0x74, 0x61, 0x73, 0x6b, 0x20, 0x5b, 0x70, 0x61, 0x75, 0x73, 0x65, 0x5d, 0x3a, 0x20, 0x25, 0x64, 0x0a, 0x00 };
/* 0xa25d9 */ const unsigned char rodata_a25d9[31] = { 0x25, 0x73, 0x28, 0x29, 0x3a, 0x20, 0x70, 0x65, 0x72, 0x73, 0x69, 0x73, 0x74, 0x20, 0x74, 0x61, 0x73, 0x6b, 0x20, 0x5b, 0x73, 0x74, 0x6f, 0x70, 0x5d, 0x3a, 0x20, 0x25, 0x64, 0x0a, 0x00 };
/* 0xa25f8 */ const unsigned char rodata_a25f8[45] = { 0x75, 0x70, 0x64, 0x61, 0x74, 0x65, 0x5f, 0x70, 0x65, 0x72, 0x73, 0x69, 0x73, 0x74, 0x5f, 0x74, 0x61, 0x73, 0x6b, 0x5f, 0x73, 0x74, 0x61, 0x74, 0x75, 0x73, 0x5f, 0x74, 0x6f, 0x5f, 0x77, 0x61, 0x69, 0x74, 0x5f, 0x62, 0x6c, 0x6f, 0x77, 0x5f, 0x68, 0x65, 0x61, 0x64, 0x00 };
/* 0xa2625 */ const unsigned char rodata_a2625[35] = { 0x75, 0x70, 0x64, 0x61, 0x74, 0x65, 0x5f, 0x70, 0x65, 0x72, 0x73, 0x69, 0x73, 0x74, 0x5f, 0x74, 0x61, 0x73, 0x6b, 0x5f, 0x73, 0x74, 0x61, 0x74, 0x75, 0x73, 0x5f, 0x74, 0x6f, 0x5f, 0x69, 0x64, 0x6c, 0x65, 0x00 };
/* 0xa2648 */ const unsigned char rodata_a2648[24] = { 0x75, 0x70, 0x64, 0x61, 0x74, 0x65, 0x5f, 0x74, 0x65, 0x6d, 0x70, 0x5f, 0x74, 0x61, 0x73, 0x6b, 0x5f, 0x73, 0x74, 0x61, 0x74, 0x75, 0x73, 0x00 };
/* 0xa2660 */ const unsigned char rodata_a2660[27] = { 0x75, 0x70, 0x64, 0x61, 0x74, 0x65, 0x5f, 0x70, 0x65, 0x72, 0x73, 0x69, 0x73, 0x74, 0x5f, 0x74, 0x61, 0x73, 0x6b, 0x5f, 0x73, 0x74, 0x61, 0x74, 0x75, 0x73, 0x00 };
/* 0xa26ae */ const unsigned char rodata_a26ae[29] = { 0x72, 0x65, 0x74, 0x72, 0x79, 0x20, 0x73, 0x79, 0x6e, 0x63, 0x5f, 0x74, 0x6f, 0x5f, 0x73, 0x6c, 0x61, 0x76, 0x65, 0x20, 0x66, 0x61, 0x69, 0x6c, 0x65, 0x64, 0x20, 0x21, 0x00 };
/* 0xa26cb */ const unsigned char rodata_a26cb[44] = { 0x5b, 0x63, 0x73, 0x68, 0x5f, 0x64, 0x65, 0x62, 0x75, 0x67, 0x5f, 0x6d, 0x73, 0x67, 0x5d, 0x20, 0x63, 0x68, 0x65, 0x63, 0x6b, 0x20, 0x73, 0x68, 0x6f, 0x77, 0x69, 0x6e, 0x67, 0x20, 0x6d, 0x73, 0x67, 0x20, 0x74, 0x69, 0x6d, 0x65, 0x6f, 0x75, 0x74, 0x20, 0x0a, 0x00 };
/* 0xa26f7 */ const unsigned char rodata_a26f7[60] = { 0x5b, 0x63, 0x73, 0x68, 0x5f, 0x64, 0x65, 0x62, 0x75, 0x67, 0x5f, 0x6d, 0x73, 0x67, 0x5d, 0x20, 0x73, 0x65, 0x74, 0x20, 0x74, 0x6f, 0x75, 0x63, 0x68, 0x20, 0x6b, 0x65, 0x79, 0x20, 0x66, 0x6c, 0x61, 0x67, 0x20, 0x67, 0x65, 0x74, 0x5f, 0x6d, 0x73, 0x67, 0x5f, 0x73, 0x68, 0x6f, 0x77, 0x5f, 0x73, 0x74, 0x61, 0x74, 0x65, 0x28, 0x29, 0x20, 0x25, 0x64, 0x0a, 0x00 };
/* 0xa2733 */ const unsigned char rodata_a2733[21] = { 0x49, 0x4d, 0x55, 0x3a, 0x77, 0x61, 0x6b, 0x65, 0x75, 0x70, 0x3a, 0x64, 0x61, 0x73, 0x68, 0x62, 0x6f, 0x61, 0x72, 0x64, 0x00 };
/* 0xa2748 */ const unsigned char rodata_a2748[32] = { 0x23, 0x23, 0x23, 0x23, 0x23, 0x23, 0x23, 0x23, 0x23, 0x74, 0x69, 0x6d, 0x65, 0x6f, 0x75, 0x74, 0x2c, 0x73, 0x68, 0x6f, 0x75, 0x6c, 0x64, 0x20, 0x72, 0x65, 0x74, 0x72, 0x79, 0x20, 0x21, 0x00 };
/* 0xa2768 */ const unsigned char rodata_a2768[45] = { 0x25, 0x73, 0x28, 0x29, 0x3a, 0x20, 0x23, 0x30, 0x20, 0x25, 0x64, 0x3a, 0x20, 0x49, 0x20, 0x77, 0x69, 0x6c, 0x6c, 0x20, 0x67, 0x6f, 0x20, 0x74, 0x6f, 0x20, 0x73, 0x75, 0x73, 0x70, 0x65, 0x6e, 0x64, 0x2c, 0x20, 0x67, 0x6f, 0x6f, 0x64, 0x62, 0x79, 0x65, 0x21, 0x0a, 0x00 };
/* 0xa2795 */ const unsigned char rodata_a2795[28] = { 0x6d, 0x65, 0x73, 0x73, 0x61, 0x67, 0x65, 0x3a, 0x69, 0x6d, 0x75, 0x2d, 0x74, 0x72, 0x69, 0x67, 0x67, 0x65, 0x72, 0x2d, 0x6f, 0x66, 0x66, 0x2d, 0x69, 0x6d, 0x6d, 0x00 };
/* 0xa27b1 */ const unsigned char rodata_a27b1[43] = { 0x25, 0x73, 0x28, 0x29, 0x3a, 0x20, 0x67, 0x6f, 0x74, 0x6f, 0x20, 0x6e, 0x65, 0x78, 0x74, 0x20, 0x73, 0x63, 0x72, 0x65, 0x65, 0x6e, 0x2c, 0x20, 0x6e, 0x65, 0x77, 0x20, 0x73, 0x63, 0x72, 0x65, 0x65, 0x6e, 0x20, 0x25, 0x64, 0x20, 0x21, 0x0d, 0x0a, 0x0a, 0x00 };
/* 0xa2831 */ const unsigned char rodata_a2831[47] = { 0x25, 0x73, 0x28, 0x29, 0x3a, 0x20, 0x67, 0x6f, 0x74, 0x6f, 0x20, 0x6e, 0x65, 0x77, 0x20, 0x6d, 0x65, 0x73, 0x73, 0x61, 0x67, 0x65, 0x20, 0x63, 0x6f, 0x6d, 0x65, 0x20, 0x6f, 0x6e, 0x20, 0x74, 0x61, 0x73, 0x6b, 0x20, 0x6d, 0x61, 0x73, 0x74, 0x65, 0x72, 0x21, 0x0d, 0x0a, 0x0a, 0x00 };
/* 0xa28d4 */ const unsigned char rodata_a28d4[26] = { 0x6e, 0x65, 0x77, 0x2d, 0x6d, 0x73, 0x67, 0x2d, 0x74, 0x69, 0x6d, 0x65, 0x6f, 0x75, 0x74, 0x2d, 0x67, 0x6f, 0x74, 0x6f, 0x2d, 0x69, 0x64, 0x6c, 0x65, 0x00 };
/* 0xa28ee */ const unsigned char rodata_a28ee[47] = { 0x25, 0x73, 0x28, 0x29, 0x3a, 0x20, 0x23, 0x30, 0x20, 0x25, 0x64, 0x3a, 0x20, 0x49, 0x20, 0x77, 0x69, 0x6c, 0x6c, 0x20, 0x67, 0x6f, 0x20, 0x74, 0x6f, 0x20, 0x64, 0x61, 0x73, 0x68, 0x62, 0x6f, 0x61, 0x72, 0x64, 0x2c, 0x20, 0x67, 0x6f, 0x6f, 0x64, 0x62, 0x79, 0x65, 0x21, 0x0a, 0x00 };
/* 0xa291d */ const unsigned char rodata_a291d[45] = { 0x25, 0x73, 0x28, 0x29, 0x3a, 0x20, 0x23, 0x31, 0x20, 0x25, 0x64, 0x3a, 0x20, 0x49, 0x20, 0x77, 0x69, 0x6c, 0x6c, 0x20, 0x67, 0x6f, 0x20, 0x74, 0x6f, 0x20, 0x73, 0x75, 0x73, 0x70, 0x65, 0x6e, 0x64, 0x2c, 0x20, 0x67, 0x6f, 0x6f, 0x64, 0x62, 0x79, 0x65, 0x21, 0x0a, 0x00 };
/* 0xa294a */ const unsigned char rodata_a294a[45] = { 0x25, 0x73, 0x28, 0x29, 0x3a, 0x20, 0x23, 0x32, 0x20, 0x25, 0x64, 0x3a, 0x20, 0x49, 0x20, 0x77, 0x69, 0x6c, 0x6c, 0x20, 0x67, 0x6f, 0x20, 0x74, 0x6f, 0x20, 0x73, 0x75, 0x73, 0x70, 0x65, 0x6e, 0x64, 0x2c, 0x20, 0x67, 0x6f, 0x6f, 0x64, 0x62, 0x79, 0x65, 0x21, 0x0a, 0x00 };
/* 0xa2977 */ const unsigned char rodata_a2977[71] = { 0x25, 0x73, 0x28, 0x29, 0x3a, 0x20, 0x23, 0x33, 0x20, 0x25, 0x64, 0x3a, 0x20, 0x73, 0x63, 0x72, 0x65, 0x65, 0x6e, 0x5f, 0x69, 0x64, 0x20, 0x69, 0x73, 0x20, 0x63, 0x68, 0x61, 0x6e, 0x67, 0x65, 0x64, 0x2c, 0x20, 0x49, 0x20, 0x77, 0x69, 0x6c, 0x6c, 0x20, 0x67, 0x6f, 0x20, 0x74, 0x6f, 0x20, 0x6e, 0x65, 0x78, 0x74, 0x20, 0x73, 0x63, 0x72, 0x65, 0x65, 0x6e, 0x2c, 0x20, 0x67, 0x6f, 0x6f, 0x64, 0x62, 0x79, 0x65, 0x21, 0x0a, 0x00 };
/* 0xa2a21 */ const unsigned char rodata_a2a21[17] = { 0x65, 0x76, 0x65, 0x6e, 0x61, 0x69, 0x3a, 0x73, 0x65, 0x6c, 0x66, 0x20, 0x65, 0x78, 0x69, 0x74, 0x00 };
/* 0xa2a32 */ const unsigned char rodata_a2a32[27] = { 0x65, 0x76, 0x65, 0x6e, 0x61, 0x69, 0x3a, 0x69, 0x6d, 0x75, 0x2d, 0x74, 0x72, 0x69, 0x67, 0x67, 0x65, 0x72, 0x2d, 0x6f, 0x66, 0x66, 0x2d, 0x69, 0x6d, 0x6d, 0x00 };
/* 0xa2a4d */ const unsigned char rodata_a2a4d[49] = { 0x25, 0x73, 0x28, 0x29, 0x3a, 0x20, 0x73, 0x77, 0x69, 0x74, 0x63, 0x68, 0x20, 0x2d, 0x3e, 0x20, 0x45, 0x5f, 0x49, 0x44, 0x5f, 0x53, 0x43, 0x52, 0x45, 0x45, 0x4e, 0x5f, 0x4e, 0x45, 0x57, 0x5f, 0x4d, 0x45, 0x53, 0x53, 0x41, 0x47, 0x45, 0x5f, 0x43, 0x4f, 0x4d, 0x45, 0x5f, 0x4f, 0x4e, 0x0a, 0x00 };
/* 0xa2a7e */ const unsigned char rodata_a2a7e[47] = { 0x25, 0x73, 0x28, 0x29, 0x3a, 0x20, 0x73, 0x77, 0x69, 0x74, 0x63, 0x68, 0x20, 0x2d, 0x3e, 0x20, 0x45, 0x5f, 0x49, 0x44, 0x5f, 0x53, 0x43, 0x52, 0x45, 0x45, 0x4e, 0x5f, 0x41, 0x4e, 0x43, 0x53, 0x5f, 0x4e, 0x4f, 0x54, 0x49, 0x46, 0x49, 0x43, 0x41, 0x54, 0x49, 0x4f, 0x4e, 0x0a, 0x00 };
/* 0xa2aad */ const unsigned char rodata_a2aad[39] = { 0x25, 0x73, 0x28, 0x29, 0x3a, 0x20, 0x73, 0x77, 0x69, 0x74, 0x63, 0x68, 0x20, 0x2d, 0x3e, 0x20, 0x45, 0x5f, 0x49, 0x44, 0x5f, 0x53, 0x43, 0x52, 0x45, 0x45, 0x4e, 0x5f, 0x44, 0x41, 0x53, 0x48, 0x42, 0x4f, 0x41, 0x52, 0x44, 0x0a, 0x00 };
/* 0xa2ad4 */ const unsigned char rodata_a2ad4[30] = { 0x64, 0x61, 0x73, 0x68, 0x62, 0x6f, 0x61, 0x72, 0x64, 0x3a, 0x69, 0x6d, 0x75, 0x2d, 0x74, 0x72, 0x69, 0x67, 0x67, 0x65, 0x72, 0x2d, 0x6f, 0x66, 0x66, 0x2d, 0x69, 0x6d, 0x6d, 0x00 };
/* 0xa2b22 */ const unsigned char rodata_a2b22[55] = { 0x25, 0x73, 0x28, 0x29, 0x3a, 0x20, 0x23, 0x32, 0x20, 0x25, 0x64, 0x3a, 0x20, 0x25, 0x64, 0x20, 0x25, 0x64, 0x20, 0x49, 0x20, 0x77, 0x69, 0x6c, 0x6c, 0x20, 0x67, 0x6f, 0x20, 0x74, 0x6f, 0x20, 0x6e, 0x65, 0x78, 0x74, 0x20, 0x73, 0x63, 0x72, 0x65, 0x65, 0x6e, 0x2c, 0x20, 0x67, 0x6f, 0x6f, 0x64, 0x62, 0x79, 0x65, 0x21, 0x0a, 0x00 };
/* 0xa2ba7 */ const unsigned char rodata_a2ba7[25] = { 0x67, 0x6f, 0x74, 0x6f, 0x20, 0x6d, 0x65, 0x73, 0x73, 0x61, 0x67, 0x65, 0x20, 0x73, 0x68, 0x6f, 0x77, 0x20, 0x74, 0x61, 0x73, 0x6b, 0x20, 0x21, 0x00 };
/* 0xa2c70 */ const unsigned char rodata_a2c70[21] = { 0x64, 0x69, 0x73, 0x70, 0x6c, 0x61, 0x79, 0x20, 0x6d, 0x73, 0x67, 0x20, 0x62, 0x79, 0x20, 0x74, 0x6f, 0x75, 0x63, 0x68, 0x00 };
/* 0xa2c85 */ const unsigned char rodata_a2c85[45] = { 0x25, 0x73, 0x28, 0x29, 0x3a, 0x20, 0x73, 0x77, 0x69, 0x74, 0x63, 0x68, 0x20, 0x2d, 0x3e, 0x20, 0x45, 0x5f, 0x49, 0x44, 0x5f, 0x53, 0x43, 0x52, 0x45, 0x45, 0x4e, 0x5f, 0x43, 0x4f, 0x55, 0x4e, 0x54, 0x44, 0x4f, 0x57, 0x4e, 0x5f, 0x54, 0x49, 0x4d, 0x45, 0x52, 0x0a, 0x00 };
/* 0xa2cb2 */ const unsigned char rodata_a2cb2[48] = { 0x25, 0x73, 0x28, 0x29, 0x3a, 0x20, 0x23, 0x34, 0x20, 0x25, 0x64, 0x2d, 0x25, 0x64, 0x3a, 0x20, 0x49, 0x20, 0x77, 0x69, 0x6c, 0x6c, 0x20, 0x67, 0x6f, 0x20, 0x74, 0x6f, 0x20, 0x73, 0x75, 0x73, 0x70, 0x65, 0x6e, 0x64, 0x2c, 0x20, 0x67, 0x6f, 0x6f, 0x64, 0x62, 0x79, 0x65, 0x21, 0x0a, 0x00 };
/* 0xa2ce2 */ const unsigned char rodata_a2ce2[26] = { 0x63, 0x6f, 0x75, 0x6e, 0x74, 0x64, 0x6f, 0x77, 0x6e, 0x3a, 0x74, 0x72, 0x69, 0x67, 0x67, 0x65, 0x72, 0x2d, 0x6f, 0x66, 0x66, 0x2d, 0x69, 0x6d, 0x6d, 0x00 };
/* 0xa2cfc */ const unsigned char rodata_a2cfc[30] = { 0x63, 0x6f, 0x75, 0x6e, 0x74, 0x64, 0x6f, 0x77, 0x6e, 0x3a, 0x69, 0x6d, 0x75, 0x2d, 0x74, 0x72, 0x69, 0x67, 0x67, 0x65, 0x72, 0x2d, 0x6f, 0x66, 0x66, 0x2d, 0x69, 0x6d, 0x6d, 0x00 };
/* 0xa2d1a */ const unsigned char rodata_a2d1a[64] = { 0x25, 0x73, 0x28, 0x29, 0x3a, 0x20, 0x23, 0x35, 0x20, 0x25, 0x64, 0x2d, 0x25, 0x64, 0x3a, 0x20, 0x65, 0x78, 0x70, 0x65, 0x63, 0x74, 0x5f, 0x74, 0x73, 0x20, 0x3d, 0x3d, 0x20, 0x30, 0x2c, 0x20, 0x49, 0x20, 0x77, 0x69, 0x6c, 0x6c, 0x20, 0x67, 0x6f, 0x20, 0x74, 0x6f, 0x20, 0x73, 0x75, 0x73, 0x70, 0x65, 0x6e, 0x64, 0x2c, 0x20, 0x67, 0x6f, 0x6f, 0x64, 0x62, 0x79, 0x65, 0x21, 0x0a, 0x00 };
/* 0xa2d5a */ const unsigned char rodata_a2d5a[21] = { 0x63, 0x6f, 0x75, 0x6e, 0x74, 0x64, 0x6f, 0x77, 0x6e, 0x3a, 0x74, 0x73, 0x20, 0x69, 0x73, 0x20, 0x6f, 0x76, 0x65, 0x72, 0x00 };
/* 0xa2de3 */ const unsigned char rodata_a2de3[78] = { 0x25, 0x73, 0x28, 0x29, 0x3a, 0x20, 0x23, 0x39, 0x20, 0x25, 0x64, 0x3a, 0x20, 0x49, 0x20, 0x77, 0x69, 0x6c, 0x6c, 0x20, 0x67, 0x6f, 0x20, 0x74, 0x6f, 0x20, 0x73, 0x75, 0x73, 0x70, 0x65, 0x6e, 0x64, 0x20, 0x62, 0x65, 0x63, 0x61, 0x75, 0x73, 0x65, 0x20, 0x65, 0x6e, 0x74, 0x65, 0x72, 0x20, 0x77, 0x61, 0x69, 0x74, 0x20, 0x62, 0x6c, 0x6f, 0x77, 0x68, 0x65, 0x61, 0x64, 0x20, 0x6d, 0x6f, 0x64, 0x65, 0x2c, 0x20, 0x67, 0x6f, 0x6f, 0x64, 0x62, 0x79, 0x65, 0x21, 0x0a, 0x00 };
/* 0xa2e31 */ const unsigned char rodata_a2e31[42] = { 0x25, 0x73, 0x28, 0x29, 0x3a, 0x20, 0x73, 0x77, 0x69, 0x74, 0x63, 0x68, 0x20, 0x2d, 0x3e, 0x20, 0x45, 0x5f, 0x49, 0x44, 0x5f, 0x53, 0x43, 0x52, 0x45, 0x45, 0x4e, 0x5f, 0x54, 0x45, 0x4c, 0x45, 0x50, 0x52, 0x4f, 0x4d, 0x50, 0x54, 0x45, 0x52, 0x0a, 0x00 };
/* 0xa2e5b */ const unsigned char rodata_a2e5b[33] = { 0x74, 0x65, 0x6c, 0x65, 0x70, 0x72, 0x6f, 0x6d, 0x70, 0x74, 0x65, 0x72, 0x3a, 0x69, 0x6d, 0x75, 0x2d, 0x74, 0x72, 0x69, 0x67, 0x67, 0x65, 0x72, 0x2d, 0x6f, 0x66, 0x66, 0x2d, 0x69, 0x6d, 0x6d, 0x00 };
/* 0xa2e7c */ const unsigned char rodata_a2e7c[23] = { 0x74, 0x65, 0x6d, 0x65, 0x70, 0x72, 0x6f, 0x6d, 0x70, 0x74, 0x65, 0x72, 0x3a, 0x73, 0x65, 0x6c, 0x66, 0x20, 0x65, 0x78, 0x69, 0x74, 0x00 };
/* 0xa2e93 */ const unsigned char rodata_a2e93[69] = { 0x25, 0x73, 0x28, 0x29, 0x3a, 0x20, 0x23, 0x32, 0x20, 0x25, 0x64, 0x2d, 0x25, 0x64, 0x3a, 0x20, 0x49, 0x20, 0x77, 0x69, 0x6c, 0x6c, 0x20, 0x67, 0x6f, 0x20, 0x74, 0x6f, 0x20, 0x73, 0x75, 0x73, 0x70, 0x65, 0x6e, 0x64, 0x20, 0x62, 0x65, 0x63, 0x61, 0x73, 0x75, 0x65, 0x20, 0x77, 0x6f, 0x72, 0x6b, 0x6d, 0x6f, 0x64, 0x65, 0x20, 0x25, 0x64, 0x2c, 0x2c, 0x20, 0x67, 0x6f, 0x6f, 0x64, 0x62, 0x79, 0x65, 0x21, 0x0a, 0x00 };
/* 0xa2ed8 */ const unsigned char rodata_a2ed8[48] = { 0x25, 0x73, 0x28, 0x29, 0x3a, 0x20, 0x23, 0x33, 0x20, 0x25, 0x64, 0x2d, 0x25, 0x64, 0x3a, 0x20, 0x49, 0x20, 0x77, 0x69, 0x6c, 0x6c, 0x20, 0x67, 0x6f, 0x20, 0x74, 0x6f, 0x20, 0x73, 0x75, 0x73, 0x70, 0x65, 0x6e, 0x64, 0x2c, 0x20, 0x67, 0x6f, 0x6f, 0x64, 0x62, 0x79, 0x65, 0x21, 0x0a, 0x00 };
/* 0xa2f57 */ const unsigned char rodata_a2f57[39] = { 0x25, 0x73, 0x28, 0x29, 0x3a, 0x20, 0x73, 0x77, 0x69, 0x74, 0x63, 0x68, 0x20, 0x2d, 0x3e, 0x20, 0x45, 0x5f, 0x49, 0x44, 0x5f, 0x53, 0x43, 0x52, 0x45, 0x45, 0x4e, 0x5f, 0x51, 0x55, 0x49, 0x43, 0x4b, 0x4e, 0x4f, 0x54, 0x45, 0x0a, 0x00 };
/* 0xa2f7e */ const unsigned char rodata_a2f7e[30] = { 0x71, 0x75, 0x69, 0x63, 0x6b, 0x6e, 0x6f, 0x74, 0x65, 0x3a, 0x69, 0x6d, 0x75, 0x2d, 0x74, 0x72, 0x69, 0x67, 0x67, 0x65, 0x72, 0x2d, 0x6f, 0x66, 0x66, 0x2d, 0x69, 0x6d, 0x6d, 0x00 };
/* 0xa2f9c */ const unsigned char rodata_a2f9c[20] = { 0x71, 0x75, 0x69, 0x63, 0x6b, 0x6e, 0x6f, 0x74, 0x65, 0x3a, 0x73, 0x65, 0x6c, 0x66, 0x20, 0x65, 0x78, 0x69, 0x74, 0x00 };
/* 0xa2fb0 */ const unsigned char rodata_a2fb0[110] = { 0x25, 0x73, 0x28, 0x29, 0x3a, 0x20, 0x70, 0x72, 0x6f, 0x63, 0x65, 0x73, 0x73, 0x5f, 0x66, 0x6f, 0x72, 0x5f, 0x71, 0x75, 0x69, 0x63, 0x6b, 0x6e, 0x6f, 0x74, 0x65, 0x5f, 0x73, 0x68, 0x6f, 0x77, 0x20, 0x23, 0x30, 0x20, 0x25, 0x64, 0x2d, 0x25, 0x64, 0x2c, 0x64, 0x69, 0x73, 0x70, 0x6c, 0x61, 0x79, 0x20, 0x6d, 0x6f, 0x64, 0x65, 0x20, 0x3d, 0x20, 0x25, 0x64, 0x3a, 0x20, 0x49, 0x20, 0x77, 0x69, 0x6c, 0x6c, 0x20, 0x67, 0x6f, 0x20, 0x74, 0x6f, 0x20, 0x73, 0x75, 0x73, 0x70, 0x65, 0x6e, 0x64, 0x2c, 0x20, 0x67, 0x6f, 0x6f, 0x64, 0x62, 0x79, 0x65, 0x21, 0x20, 0x69, 0x6d, 0x75, 0x2d, 0x3e, 0x61, 0x74, 0x74, 0x69, 0x74, 0x75, 0x64, 0x65, 0x20, 0x25, 0x64, 0x0a, 0x00 };
/* 0xa301e */ const unsigned char rodata_a301e[83] = { 0x25, 0x73, 0x28, 0x29, 0x3a, 0x20, 0x23, 0x30, 0x20, 0x25, 0x64, 0x2d, 0x25, 0x64, 0x2c, 0x64, 0x69, 0x73, 0x70, 0x6c, 0x61, 0x79, 0x20, 0x6d, 0x6f, 0x64, 0x65, 0x20, 0x3d, 0x20, 0x25, 0x64, 0x3a, 0x20, 0x49, 0x20, 0x77, 0x69, 0x6c, 0x6c, 0x20, 0x67, 0x6f, 0x20, 0x74, 0x6f, 0x20, 0x73, 0x75, 0x73, 0x70, 0x65, 0x6e, 0x64, 0x2c, 0x20, 0x67, 0x6f, 0x6f, 0x64, 0x62, 0x79, 0x65, 0x21, 0x20, 0x69, 0x6d, 0x75, 0x2d, 0x3e, 0x61, 0x74, 0x74, 0x69, 0x74, 0x75, 0x64, 0x65, 0x20, 0x25, 0x64, 0x0a, 0x00 };
/* 0xa30bd */ const unsigned char rodata_a30bd[40] = { 0x25, 0x73, 0x28, 0x29, 0x3a, 0x20, 0x73, 0x77, 0x69, 0x74, 0x63, 0x68, 0x20, 0x2d, 0x3e, 0x20, 0x45, 0x5f, 0x49, 0x44, 0x5f, 0x53, 0x43, 0x52, 0x45, 0x45, 0x4e, 0x5f, 0x4e, 0x41, 0x56, 0x49, 0x47, 0x41, 0x54, 0x49, 0x4f, 0x4e, 0x0a, 0x00 };
/* 0xa30e5 */ const unsigned char rodata_a30e5[31] = { 0x6e, 0x61, 0x76, 0x69, 0x67, 0x61, 0x74, 0x69, 0x6f, 0x6e, 0x3a, 0x69, 0x6d, 0x75, 0x2d, 0x74, 0x72, 0x69, 0x67, 0x67, 0x65, 0x72, 0x2d, 0x6f, 0x66, 0x66, 0x2d, 0x69, 0x6d, 0x6d, 0x00 };
/* 0xa3104 */ const unsigned char rodata_a3104[21] = { 0x6e, 0x61, 0x76, 0x69, 0x67, 0x61, 0x74, 0x69, 0x6f, 0x6e, 0x3a, 0x73, 0x65, 0x6c, 0x66, 0x20, 0x65, 0x78, 0x69, 0x74, 0x00 };
/* 0xa3119 */ const unsigned char rodata_a3119[68] = { 0x25, 0x73, 0x28, 0x29, 0x3a, 0x20, 0x23, 0x30, 0x20, 0x25, 0x64, 0x2d, 0x25, 0x64, 0x3a, 0x20, 0x49, 0x20, 0x77, 0x69, 0x6c, 0x6c, 0x20, 0x67, 0x6f, 0x20, 0x74, 0x6f, 0x20, 0x73, 0x75, 0x73, 0x70, 0x65, 0x6e, 0x64, 0x20, 0x62, 0x65, 0x63, 0x61, 0x73, 0x75, 0x65, 0x20, 0x77, 0x6f, 0x72, 0x6b, 0x6d, 0x6f, 0x64, 0x65, 0x20, 0x25, 0x64, 0x2c, 0x20, 0x67, 0x6f, 0x6f, 0x64, 0x62, 0x79, 0x65, 0x21, 0x0a, 0x00 };
/* 0xa315d */ const unsigned char rodata_a315d[48] = { 0x25, 0x73, 0x28, 0x29, 0x3a, 0x20, 0x23, 0x30, 0x20, 0x25, 0x64, 0x2d, 0x25, 0x64, 0x3a, 0x20, 0x49, 0x20, 0x77, 0x69, 0x6c, 0x6c, 0x20, 0x67, 0x6f, 0x20, 0x74, 0x6f, 0x20, 0x73, 0x75, 0x73, 0x70, 0x65, 0x6e, 0x64, 0x2c, 0x20, 0x67, 0x6f, 0x6f, 0x64, 0x62, 0x79, 0x65, 0x21, 0x0a, 0x00 };
/* 0xa31da */ const unsigned char rodata_a31da[39] = { 0x25, 0x73, 0x28, 0x29, 0x3a, 0x20, 0x73, 0x77, 0x69, 0x74, 0x63, 0x68, 0x20, 0x2d, 0x3e, 0x20, 0x45, 0x5f, 0x49, 0x44, 0x5f, 0x53, 0x43, 0x52, 0x45, 0x45, 0x4e, 0x5f, 0x54, 0x52, 0x41, 0x4e, 0x53, 0x4c, 0x41, 0x54, 0x45, 0x0a, 0x00 };
/* 0xa3201 */ const unsigned char rodata_a3201[20] = { 0x74, 0x72, 0x61, 0x6e, 0x73, 0x6c, 0x61, 0x74, 0x65, 0x3a, 0x73, 0x65, 0x6c, 0x66, 0x20, 0x65, 0x78, 0x69, 0x74, 0x00 };
/* 0xa3215 */ const unsigned char rodata_a3215[47] = { 0x25, 0x73, 0x28, 0x29, 0x3a, 0x20, 0x23, 0x31, 0x20, 0x25, 0x64, 0x3a, 0x20, 0x49, 0x20, 0x77, 0x69, 0x6c, 0x6c, 0x20, 0x67, 0x6f, 0x20, 0x74, 0x6f, 0x20, 0x64, 0x61, 0x73, 0x68, 0x62, 0x6f, 0x61, 0x72, 0x64, 0x2c, 0x20, 0x67, 0x6f, 0x6f, 0x64, 0x62, 0x79, 0x65, 0x21, 0x0a, 0x00 };
/* 0xa3290 */ const unsigned char rodata_a3290[38] = { 0x25, 0x73, 0x28, 0x29, 0x3a, 0x20, 0x73, 0x77, 0x69, 0x74, 0x63, 0x68, 0x20, 0x2d, 0x3e, 0x20, 0x45, 0x5f, 0x49, 0x44, 0x5f, 0x53, 0x43, 0x52, 0x45, 0x45, 0x4e, 0x5f, 0x53, 0x43, 0x48, 0x45, 0x44, 0x55, 0x4c, 0x45, 0x0a, 0x00 };
/* 0xa32b6 */ const unsigned char rodata_a32b6[41] = { 0x25, 0x73, 0x28, 0x29, 0x3a, 0x20, 0x73, 0x77, 0x69, 0x74, 0x63, 0x68, 0x20, 0x2d, 0x3e, 0x20, 0x45, 0x5f, 0x49, 0x44, 0x5f, 0x53, 0x43, 0x52, 0x45, 0x45, 0x4e, 0x5f, 0x4e, 0x4f, 0x54, 0x5f, 0x44, 0x49, 0x53, 0x54, 0x55, 0x52, 0x42, 0x0a, 0x00 };
/* 0xa32df */ const unsigned char rodata_a32df[16] = { 0x6e, 0x6f, 0x74, 0x5f, 0x64, 0x69, 0x73, 0x74, 0x75, 0x72, 0x62, 0x3a, 0x64, 0x66, 0x75, 0x00 };
/* 0xa32ef */ const unsigned char rodata_a32ef[22] = { 0x6e, 0x6f, 0x74, 0x5f, 0x64, 0x69, 0x73, 0x74, 0x75, 0x72, 0x62, 0x3a, 0x73, 0x65, 0x6c, 0x66, 0x20, 0x65, 0x78, 0x69, 0x74, 0x00 };
/* 0xa3305 */ const unsigned char rodata_a3305[32] = { 0x6e, 0x6f, 0x74, 0x5f, 0x64, 0x69, 0x73, 0x74, 0x75, 0x72, 0x62, 0x3a, 0x69, 0x6d, 0x75, 0x2d, 0x74, 0x72, 0x69, 0x67, 0x67, 0x65, 0x72, 0x2d, 0x6f, 0x66, 0x66, 0x2d, 0x69, 0x6d, 0x6d, 0x00 };
/* 0xa3311 */ const unsigned char rodata_a3311[20] = { 0x69, 0x6d, 0x75, 0x2d, 0x74, 0x72, 0x69, 0x67, 0x67, 0x65, 0x72, 0x2d, 0x6f, 0x66, 0x66, 0x2d, 0x69, 0x6d, 0x6d, 0x00 };
/* 0xa3373 */ const unsigned char rodata_a3373[40] = { 0x25, 0x73, 0x28, 0x29, 0x3a, 0x20, 0x73, 0x77, 0x69, 0x74, 0x63, 0x68, 0x20, 0x2d, 0x3e, 0x20, 0x45, 0x5f, 0x49, 0x44, 0x5f, 0x53, 0x43, 0x52, 0x45, 0x45, 0x4e, 0x5f, 0x4f, 0x4e, 0x42, 0x4f, 0x41, 0x52, 0x44, 0x49, 0x4e, 0x47, 0x0a, 0x00 };
/* 0xa339b */ const unsigned char rodata_a339b[15] = { 0x6f, 0x6e, 0x62, 0x6f, 0x61, 0x72, 0x64, 0x69, 0x6e, 0x67, 0x3a, 0x64, 0x66, 0x75, 0x00 };
/* 0xa33aa */ const unsigned char rodata_a33aa[21] = { 0x6f, 0x6e, 0x62, 0x6f, 0x61, 0x72, 0x64, 0x69, 0x6e, 0x67, 0x3a, 0x73, 0x65, 0x6c, 0x66, 0x20, 0x65, 0x78, 0x69, 0x74, 0x00 };
/* 0xa33bf */ const unsigned char rodata_a33bf[31] = { 0x6f, 0x6e, 0x62, 0x6f, 0x61, 0x72, 0x64, 0x69, 0x6e, 0x67, 0x3a, 0x69, 0x6d, 0x75, 0x2d, 0x74, 0x72, 0x69, 0x67, 0x67, 0x65, 0x72, 0x2d, 0x6f, 0x66, 0x66, 0x2d, 0x69, 0x6d, 0x6d, 0x00 };
/* 0xa342b */ const unsigned char rodata_a342b[43] = { 0x25, 0x73, 0x28, 0x29, 0x3a, 0x20, 0x73, 0x77, 0x69, 0x74, 0x63, 0x68, 0x20, 0x2d, 0x3e, 0x20, 0x45, 0x5f, 0x49, 0x44, 0x5f, 0x53, 0x43, 0x52, 0x45, 0x45, 0x4e, 0x5f, 0x52, 0x41, 0x53, 0x54, 0x45, 0x52, 0x5f, 0x43, 0x4f, 0x4e, 0x46, 0x49, 0x47, 0x0a, 0x00 };
/* 0xa3456 */ const unsigned char rodata_a3456[18] = { 0x72, 0x61, 0x73, 0x74, 0x65, 0x72, 0x5f, 0x68, 0x65, 0x69, 0x67, 0x68, 0x74, 0x3a, 0x64, 0x66, 0x75, 0x00 };
/* 0xa3468 */ const unsigned char rodata_a3468[24] = { 0x72, 0x61, 0x73, 0x74, 0x65, 0x72, 0x5f, 0x68, 0x65, 0x69, 0x67, 0x68, 0x74, 0x3a, 0x73, 0x65, 0x6c, 0x66, 0x20, 0x65, 0x78, 0x69, 0x74, 0x00 };
/* 0xa3480 */ const unsigned char rodata_a3480[34] = { 0x72, 0x61, 0x73, 0x74, 0x65, 0x72, 0x5f, 0x68, 0x65, 0x69, 0x67, 0x68, 0x74, 0x3a, 0x69, 0x6d, 0x75, 0x2d, 0x74, 0x72, 0x69, 0x67, 0x67, 0x65, 0x72, 0x2d, 0x6f, 0x66, 0x66, 0x2d, 0x69, 0x6d, 0x6d, 0x00 };
/* 0xa34f2 */ const unsigned char rodata_a34f2[37] = { 0x25, 0x73, 0x28, 0x29, 0x3a, 0x20, 0x73, 0x77, 0x69, 0x74, 0x63, 0x68, 0x20, 0x2d, 0x3e, 0x20, 0x45, 0x5f, 0x49, 0x44, 0x5f, 0x53, 0x43, 0x52, 0x45, 0x45, 0x4e, 0x5f, 0x45, 0x56, 0x45, 0x4e, 0x5f, 0x41, 0x49, 0x0a, 0x00 };
/* 0xa3517 */ const unsigned char rodata_a3517[65] = { 0x25, 0x73, 0x28, 0x29, 0x3a, 0x20, 0x23, 0x30, 0x20, 0x25, 0x64, 0x3a, 0x20, 0x49, 0x20, 0x77, 0x69, 0x6c, 0x6c, 0x20, 0x67, 0x6f, 0x20, 0x74, 0x6f, 0x20, 0x73, 0x75, 0x73, 0x70, 0x65, 0x6e, 0x64, 0x20, 0x62, 0x65, 0x63, 0x61, 0x73, 0x75, 0x65, 0x20, 0x77, 0x6f, 0x72, 0x6b, 0x6d, 0x6f, 0x64, 0x65, 0x20, 0x25, 0x64, 0x2c, 0x20, 0x67, 0x6f, 0x6f, 0x64, 0x62, 0x79, 0x65, 0x21, 0x0a, 0x00 };
/* 0xa35a2 */ const unsigned char rodata_a35a2[43] = { 0x25, 0x73, 0x28, 0x29, 0x3a, 0x20, 0x73, 0x77, 0x69, 0x74, 0x63, 0x68, 0x20, 0x2d, 0x3e, 0x20, 0x45, 0x5f, 0x49, 0x44, 0x5f, 0x53, 0x43, 0x52, 0x45, 0x45, 0x4e, 0x5f, 0x53, 0x45, 0x54, 0x5f, 0x49, 0x4d, 0x55, 0x5f, 0x50, 0x49, 0x54, 0x43, 0x48, 0x0a, 0x00 };
/* 0xa35cd */ const unsigned char rodata_a35cd[18] = { 0x73, 0x65, 0x74, 0x5f, 0x69, 0x6d, 0x75, 0x5f, 0x70, 0x69, 0x74, 0x63, 0x68, 0x3a, 0x64, 0x66, 0x75, 0x00 };
/* 0xa35df */ const unsigned char rodata_a35df[24] = { 0x73, 0x65, 0x74, 0x5f, 0x69, 0x6d, 0x75, 0x5f, 0x70, 0x69, 0x74, 0x63, 0x68, 0x3a, 0x73, 0x65, 0x6c, 0x66, 0x20, 0x65, 0x78, 0x69, 0x74, 0x00 };
/* 0xa35f7 */ const unsigned char rodata_a35f7[34] = { 0x73, 0x65, 0x74, 0x5f, 0x69, 0x6d, 0x75, 0x5f, 0x70, 0x69, 0x74, 0x63, 0x68, 0x3a, 0x69, 0x6d, 0x75, 0x2d, 0x74, 0x72, 0x69, 0x67, 0x67, 0x65, 0x72, 0x2d, 0x6f, 0x66, 0x66, 0x2d, 0x69, 0x6d, 0x6d, 0x00 };
/* 0xa3669 */ const unsigned char rodata_a3669[34] = { 0x25, 0x73, 0x28, 0x29, 0x3a, 0x20, 0x73, 0x77, 0x69, 0x74, 0x63, 0x68, 0x20, 0x2d, 0x3e, 0x20, 0x45, 0x5f, 0x49, 0x44, 0x5f, 0x53, 0x43, 0x52, 0x45, 0x45, 0x4e, 0x5f, 0x49, 0x44, 0x4c, 0x45, 0x0a, 0x00 };
/* 0xa3696 */ const unsigned char rodata_a3696[105] = { 0x25, 0x73, 0x28, 0x29, 0x3a, 0x20, 0x4e, 0x6f, 0x77, 0x2c, 0x20, 0x49, 0x20, 0x77, 0x69, 0x6c, 0x6c, 0x20, 0x67, 0x6f, 0x74, 0x6f, 0x20, 0x72, 0x75, 0x6e, 0x20, 0x49, 0x44, 0x4c, 0x45, 0x20, 0x5e, 0x76, 0x5e, 0x20, 0x67, 0x2d, 0x3e, 0x70, 0x65, 0x72, 0x73, 0x69, 0x73, 0x74, 0x5f, 0x74, 0x61, 0x73, 0x6b, 0x2d, 0x3e, 0x73, 0x63, 0x72, 0x65, 0x65, 0x6e, 0x5f, 0x69, 0x64, 0x20, 0x25, 0x64, 0x2c, 0x20, 0x70, 0x65, 0x72, 0x73, 0x69, 0x73, 0x74, 0x2d, 0x3e, 0x73, 0x74, 0x61, 0x74, 0x75, 0x73, 0x20, 0x25, 0x64, 0x20, 0x70, 0x6b, 0x67, 0x2d, 0x3e, 0x73, 0x63, 0x72, 0x65, 0x65, 0x6e, 0x5f, 0x69, 0x64, 0x20, 0x25, 0x64, 0x0a, 0x00 };
/* 0xa36ff */ const unsigned char rodata_a36ff[89] = { 0x25, 0x73, 0x28, 0x29, 0x3a, 0x20, 0x47, 0x4c, 0x4f, 0x42, 0x41, 0x4c, 0x2d, 0x3e, 0x6d, 0x61, 0x73, 0x74, 0x65, 0x72, 0x5f, 0x73, 0x79, 0x6e, 0x63, 0x5f, 0x70, 0x6b, 0x67, 0x2e, 0x70, 0x61, 0x6e, 0x65, 0x6c, 0x5f, 0x64, 0x61, 0x74, 0x61, 0x5f, 0x70, 0x6b, 0x67, 0x2e, 0x75, 0x6e, 0x72, 0x65, 0x61, 0x64, 0x5f, 0x6d, 0x73, 0x67, 0x5f, 0x6e, 0x75, 0x6d, 0x20, 0x69, 0x73, 0x20, 0x25, 0x64, 0x2c, 0x67, 0x2d, 0x3e, 0x65, 0x6e, 0x61, 0x62, 0x6c, 0x65, 0x5f, 0x61, 0x6e, 0x63, 0x73, 0x20, 0x69, 0x73, 0x20, 0x25, 0x64, 0x20, 0x0a, 0x00 };
/* 0xa3758 */ const unsigned char rodata_a3758[24] = { 0x42, 0x4c, 0x45, 0x3a, 0x77, 0x61, 0x6b, 0x65, 0x75, 0x70, 0x3a, 0x70, 0x65, 0x72, 0x73, 0x69, 0x73, 0x74, 0x5f, 0x74, 0x61, 0x73, 0x6b, 0x00 };
/* 0xa3770 */ const unsigned char rodata_a3770[56] = { 0x25, 0x73, 0x28, 0x29, 0x3a, 0x20, 0x54, 0x68, 0x65, 0x72, 0x65, 0x20, 0x69, 0x73, 0x20, 0x61, 0x6e, 0x20, 0x75, 0x6e, 0x66, 0x69, 0x6e, 0x69, 0x73, 0x68, 0x65, 0x64, 0x20, 0x74, 0x61, 0x73, 0x6b, 0x2c, 0x73, 0x6b, 0x69, 0x70, 0x20, 0x74, 0x68, 0x65, 0x20, 0x6c, 0x6f, 0x63, 0x61, 0x6c, 0x20, 0x74, 0x61, 0x73, 0x6b, 0x73, 0x0a, 0x00 };
/* 0xa37f6 */ const unsigned char rodata_a37f6[27] = { 0x42, 0x4c, 0x45, 0x3a, 0x77, 0x61, 0x6b, 0x65, 0x75, 0x70, 0x3a, 0x6e, 0x65, 0x78, 0x74, 0x2d, 0x75, 0x6e, 0x72, 0x65, 0x61, 0x64, 0x5f, 0x6d, 0x73, 0x67, 0x00 };
/* 0xa3811 */ const unsigned char rodata_a3811[44] = { 0x25, 0x73, 0x28, 0x29, 0x3a, 0x20, 0x73, 0x77, 0x69, 0x74, 0x63, 0x68, 0x20, 0x2d, 0x3e, 0x20, 0x45, 0x5f, 0x49, 0x44, 0x5f, 0x53, 0x43, 0x52, 0x45, 0x45, 0x4e, 0x5f, 0x57, 0x41, 0x49, 0x54, 0x5f, 0x42, 0x4c, 0x4f, 0x57, 0x5f, 0x48, 0x45, 0x41, 0x44, 0x0a, 0x00 };
/* 0xa383d */ const unsigned char rodata_a383d[15] = { 0x57, 0x41, 0x49, 0x54, 0x5f, 0x42, 0x4c, 0x4f, 0x57, 0x5f, 0x48, 0x45, 0x41, 0x44, 0x00 };
/* 0xa384c */ const unsigned char rodata_a384c[41] = { 0x25, 0x73, 0x28, 0x29, 0x3a, 0x20, 0x23, 0x36, 0x20, 0x25, 0x64, 0x3a, 0x20, 0x74, 0x69, 0x6d, 0x65, 0x6f, 0x75, 0x74, 0x5f, 0x73, 0x75, 0x73, 0x70, 0x65, 0x6e, 0x64, 0x20, 0x72, 0x65, 0x61, 0x73, 0x6f, 0x6e, 0x3a, 0x20, 0x25, 0x73, 0x0a, 0x00 };
/* 0xa3875 */ const unsigned char rodata_a3875[17] = { 0x70, 0x72, 0x6f, 0x63, 0x65, 0x73, 0x73, 0x5f, 0x66, 0x6f, 0x72, 0x5f, 0x49, 0x44, 0x4c, 0x45, 0x00 };
/* 0xa3886 */ const unsigned char rodata_a3886[31] = { 0x70, 0x72, 0x6f, 0x63, 0x65, 0x73, 0x73, 0x5f, 0x66, 0x6f, 0x72, 0x5f, 0x73, 0x65, 0x74, 0x5f, 0x69, 0x6d, 0x75, 0x5f, 0x70, 0x69, 0x74, 0x63, 0x68, 0x5f, 0x73, 0x68, 0x6f, 0x77, 0x00 };
/* 0xa38a5 */ const unsigned char rodata_a38a5[25] = { 0x70, 0x72, 0x6f, 0x63, 0x65, 0x73, 0x73, 0x5f, 0x66, 0x6f, 0x72, 0x5f, 0x65, 0x76, 0x65, 0x6e, 0x5f, 0x61, 0x69, 0x5f, 0x73, 0x68, 0x6f, 0x77, 0x00 };
/* 0xa38be */ const unsigned char rodata_a38be[31] = { 0x70, 0x72, 0x6f, 0x63, 0x65, 0x73, 0x73, 0x5f, 0x66, 0x6f, 0x72, 0x5f, 0x72, 0x61, 0x73, 0x74, 0x65, 0x72, 0x5f, 0x68, 0x65, 0x69, 0x67, 0x68, 0x74, 0x5f, 0x73, 0x68, 0x6f, 0x77, 0x00 };
/* 0xa38dd */ const unsigned char rodata_a38dd[28] = { 0x70, 0x72, 0x6f, 0x63, 0x65, 0x73, 0x73, 0x5f, 0x66, 0x6f, 0x72, 0x5f, 0x6f, 0x6e, 0x62, 0x6f, 0x61, 0x72, 0x64, 0x69, 0x6e, 0x67, 0x5f, 0x73, 0x68, 0x6f, 0x77, 0x00 };
/* 0xa38f9 */ const unsigned char rodata_a38f9[29] = { 0x70, 0x72, 0x6f, 0x63, 0x65, 0x73, 0x73, 0x5f, 0x66, 0x6f, 0x72, 0x5f, 0x6e, 0x6f, 0x74, 0x5f, 0x64, 0x69, 0x73, 0x74, 0x75, 0x72, 0x62, 0x5f, 0x73, 0x68, 0x6f, 0x77, 0x00 };
/* 0xa3916 */ const unsigned char rodata_a3916[26] = { 0x70, 0x72, 0x6f, 0x63, 0x65, 0x73, 0x73, 0x5f, 0x66, 0x6f, 0x72, 0x5f, 0x73, 0x63, 0x68, 0x65, 0x64, 0x75, 0x6c, 0x65, 0x5f, 0x73, 0x68, 0x6f, 0x77, 0x00 };
/* 0xa3930 */ const unsigned char rodata_a3930[27] = { 0x70, 0x72, 0x6f, 0x63, 0x65, 0x73, 0x73, 0x5f, 0x66, 0x6f, 0x72, 0x5f, 0x74, 0x72, 0x61, 0x6e, 0x73, 0x6c, 0x61, 0x74, 0x65, 0x5f, 0x73, 0x68, 0x6f, 0x77, 0x00 };
/* 0xa394b */ const unsigned char rodata_a394b[28] = { 0x70, 0x72, 0x6f, 0x63, 0x65, 0x73, 0x73, 0x5f, 0x66, 0x6f, 0x72, 0x5f, 0x6e, 0x61, 0x76, 0x69, 0x67, 0x61, 0x74, 0x69, 0x6f, 0x6e, 0x5f, 0x73, 0x68, 0x6f, 0x77, 0x00 };
/* 0xa3967 */ const unsigned char rodata_a3967[27] = { 0x70, 0x72, 0x6f, 0x63, 0x65, 0x73, 0x73, 0x5f, 0x66, 0x6f, 0x72, 0x5f, 0x71, 0x75, 0x69, 0x63, 0x6b, 0x6e, 0x6f, 0x74, 0x65, 0x5f, 0x73, 0x68, 0x6f, 0x77, 0x00 };
/* 0xa3982 */ const unsigned char rodata_a3982[30] = { 0x70, 0x72, 0x6f, 0x63, 0x65, 0x73, 0x73, 0x5f, 0x66, 0x6f, 0x72, 0x5f, 0x74, 0x65, 0x6c, 0x65, 0x70, 0x72, 0x6f, 0x6d, 0x70, 0x74, 0x65, 0x72, 0x5f, 0x73, 0x68, 0x6f, 0x77, 0x00 };
/* 0xa39a0 */ const unsigned char rodata_a39a0[27] = { 0x70, 0x72, 0x6f, 0x63, 0x65, 0x73, 0x73, 0x5f, 0x66, 0x6f, 0x72, 0x5f, 0x63, 0x6f, 0x75, 0x6e, 0x74, 0x64, 0x6f, 0x77, 0x6e, 0x5f, 0x73, 0x68, 0x6f, 0x77, 0x00 };
/* 0xa39bb */ const unsigned char rodata_a39bb[27] = { 0x70, 0x72, 0x6f, 0x63, 0x65, 0x73, 0x73, 0x5f, 0x66, 0x6f, 0x72, 0x5f, 0x44, 0x41, 0x53, 0x48, 0x42, 0x4f, 0x41, 0x52, 0x44, 0x5f, 0x73, 0x68, 0x6f, 0x77, 0x00 };
/* 0xa39d6 */ const unsigned char rodata_a39d6[25] = { 0x70, 0x72, 0x6f, 0x63, 0x65, 0x73, 0x73, 0x5f, 0x66, 0x6f, 0x72, 0x5f, 0x6d, 0x65, 0x73, 0x73, 0x61, 0x67, 0x65, 0x5f, 0x73, 0x68, 0x6f, 0x77, 0x00 };
/* 0xa39ef */ const unsigned char rodata_a39ef[32] = { 0x70, 0x72, 0x6f, 0x63, 0x65, 0x73, 0x73, 0x5f, 0x66, 0x6f, 0x72, 0x5f, 0x6e, 0x65, 0x77, 0x5f, 0x6d, 0x65, 0x73, 0x73, 0x61, 0x67, 0x65, 0x5f, 0x63, 0x6f, 0x6d, 0x65, 0x5f, 0x6f, 0x6e, 0x00 };
/* 0xa3a0f */ const unsigned char rodata_a3a0f[21] = { 0x70, 0x72, 0x6f, 0x63, 0x65, 0x73, 0x73, 0x5f, 0x66, 0x6f, 0x72, 0x5f, 0x6e, 0x65, 0x77, 0x5f, 0x74, 0x61, 0x73, 0x6b, 0x00 };
/* 0xa3a24 */ const unsigned char rodata_a3a24[29] = { 0x73, 0x79, 0x6e, 0x63, 0x5f, 0x6d, 0x65, 0x73, 0x73, 0x61, 0x67, 0x65, 0x5f, 0x73, 0x69, 0x67, 0x6e, 0x61, 0x6c, 0x5f, 0x74, 0x6f, 0x5f, 0x73, 0x6c, 0x61, 0x76, 0x65, 0x00 };
/* 0xa3a5a */ const unsigned char rodata_a3a5a[24] = { 0x25, 0x73, 0x28, 0x29, 0x3a, 0x20, 0x66, 0x6c, 0x61, 0x73, 0x68, 0x20, 0x72, 0x65, 0x61, 0x64, 0x20, 0x66, 0x61, 0x69, 0x6c, 0x21, 0x0a, 0x00 };
/* 0xa3a72 */ const unsigned char rodata_a3a72[25] = { 0x25, 0x73, 0x28, 0x29, 0x3a, 0x20, 0x66, 0x6c, 0x61, 0x73, 0x68, 0x20, 0x77, 0x72, 0x69, 0x74, 0x65, 0x20, 0x66, 0x61, 0x69, 0x6c, 0x21, 0x0a, 0x00 };
/* 0xa3a8b */ const unsigned char rodata_a3a8b[27] = { 0x25, 0x73, 0x28, 0x29, 0x3a, 0x20, 0x66, 0x6c, 0x61, 0x73, 0x68, 0x20, 0x69, 0x6e, 0x69, 0x74, 0x20, 0x73, 0x75, 0x63, 0x63, 0x65, 0x73, 0x73, 0x21, 0x0a, 0x00 };
/* 0xa3aa6 */ const unsigned char rodata_a3aa6[16] = { 0x25, 0x73, 0x28, 0x29, 0x3a, 0x20, 0x46, 0x41, 0x49, 0x4c, 0x55, 0x52, 0x45, 0x21, 0x0a, 0x00 };
/* 0xa3ab6 */ const unsigned char rodata_a3ab6[15] = { 0x65, 0x78, 0x74, 0x5f, 0x66, 0x6c, 0x61, 0x73, 0x68, 0x5f, 0x72, 0x65, 0x61, 0x64, 0x00 };
/* 0xa3ac5 */ const unsigned char rodata_a3ac5[16] = { 0x65, 0x78, 0x74, 0x5f, 0x66, 0x6c, 0x61, 0x73, 0x68, 0x5f, 0x77, 0x72, 0x69, 0x74, 0x65, 0x00 };
/* 0xa3ae5 */ const unsigned char rodata_a3ae5[19] = { 0x65, 0x78, 0x74, 0x5f, 0x66, 0x6c, 0x61, 0x73, 0x68, 0x5f, 0x61, 0x70, 0x69, 0x5f, 0x69, 0x6e, 0x69, 0x74, 0x00 };
/* 0xa3af8 */ const unsigned char rodata_a3af8[31] = { 0x25, 0x73, 0x28, 0x29, 0x3a, 0x20, 0x42, 0x75, 0x73, 0x20, 0x64, 0x65, 0x76, 0x69, 0x63, 0x65, 0x20, 0x69, 0x73, 0x20, 0x6e, 0x6f, 0x74, 0x20, 0x72, 0x65, 0x61, 0x64, 0x79, 0x0a, 0x00 };
/* 0xa3b17 */ const unsigned char rodata_a3b17[40] = { 0x25, 0x73, 0x28, 0x29, 0x3a, 0x20, 0x45, 0x52, 0x52, 0x3a, 0x20, 0x6f, 0x70, 0x74, 0x33, 0x30, 0x30, 0x37, 0x20, 0x69, 0x32, 0x63, 0x20, 0x72, 0x65, 0x61, 0x64, 0x20, 0x61, 0x64, 0x64, 0x72, 0x3d, 0x30, 0x78, 0x25, 0x78, 0x2c, 0x0a, 0x00 };
/* 0xa3b3f */ const unsigned char rodata_a3b3f[27] = { 0x25, 0x73, 0x28, 0x29, 0x3a, 0x20, 0x6f, 0x70, 0x74, 0x33, 0x30, 0x30, 0x37, 0x20, 0x69, 0x6e, 0x69, 0x74, 0x20, 0x73, 0x74, 0x61, 0x72, 0x74, 0x3a, 0x0a, 0x00 };
/* 0xa3b5a */ const unsigned char rodata_a3b5a[32] = { 0x25, 0x73, 0x28, 0x29, 0x3a, 0x20, 0x6f, 0x70, 0x74, 0x33, 0x30, 0x30, 0x37, 0x20, 0x6d, 0x66, 0x67, 0x20, 0x69, 0x64, 0x3d, 0x30, 0x78, 0x25, 0x78, 0x2c, 0x20, 0x65, 0x72, 0x72, 0x0a, 0x00 };
/* 0xa3b7a */ const unsigned char rodata_a3b7a[20] = { 0x25, 0x73, 0x28, 0x29, 0x3a, 0x20, 0x6d, 0x66, 0x67, 0x5f, 0x69, 0x64, 0x3d, 0x30, 0x78, 0x25, 0x78, 0x2c, 0x0a, 0x00 };
/* 0xa3b8e */ const unsigned char rodata_a3b8e[40] = { 0x25, 0x73, 0x28, 0x29, 0x3a, 0x20, 0x6f, 0x70, 0x74, 0x33, 0x30, 0x30, 0x37, 0x20, 0x42, 0x61, 0x64, 0x20, 0x6d, 0x61, 0x6e, 0x75, 0x66, 0x61, 0x63, 0x74, 0x75, 0x72, 0x65, 0x72, 0x20, 0x69, 0x64, 0x20, 0x30, 0x78, 0x25, 0x78, 0x0a, 0x00 };
/* 0xa3bd6 */ const unsigned char rodata_a3bd6[20] = { 0x25, 0x73, 0x28, 0x29, 0x3a, 0x20, 0x64, 0x65, 0x76, 0x5f, 0x69, 0x64, 0x3d, 0x30, 0x78, 0x25, 0x78, 0x2c, 0x0a, 0x00 };
/* 0xa3c0c */ const unsigned char rodata_a3c0c[33] = { 0x25, 0x73, 0x28, 0x29, 0x3a, 0x20, 0x6f, 0x70, 0x74, 0x33, 0x30, 0x30, 0x37, 0x20, 0x69, 0x32, 0x63, 0x20, 0x77, 0x72, 0x69, 0x74, 0x65, 0x20, 0x65, 0x72, 0x72, 0x3d, 0x25, 0x64, 0x2c, 0x0a, 0x00 };
/* 0xa3c2d */ const unsigned char rodata_a3c2d[59] = { 0x25, 0x73, 0x28, 0x29, 0x3a, 0x20, 0x6f, 0x70, 0x74, 0x33, 0x30, 0x30, 0x37, 0x20, 0x46, 0x61, 0x69, 0x6c, 0x65, 0x64, 0x20, 0x74, 0x6f, 0x20, 0x73, 0x65, 0x74, 0x20, 0x6d, 0x6f, 0x64, 0x65, 0x20, 0x74, 0x6f, 0x20, 0x63, 0x6f, 0x6e, 0x74, 0x69, 0x6e, 0x75, 0x6f, 0x75, 0x73, 0x20, 0x63, 0x6f, 0x6e, 0x76, 0x65, 0x72, 0x73, 0x69, 0x6f, 0x6e, 0x0a, 0x00 };
/* 0xa3c68 */ const unsigned char rodata_a3c68[26] = { 0x25, 0x73, 0x28, 0x29, 0x3a, 0x20, 0x6f, 0x70, 0x74, 0x33, 0x30, 0x30, 0x37, 0x20, 0x69, 0x6e, 0x69, 0x74, 0x20, 0x64, 0x6f, 0x6e, 0x65, 0x21, 0x0a, 0x00 };
/* 0xa3c82 */ const unsigned char rodata_a3c82[55] = { 0x25, 0x73, 0x28, 0x29, 0x3a, 0x20, 0x6f, 0x70, 0x74, 0x33, 0x30, 0x30, 0x37, 0x5f, 0x67, 0x65, 0x74, 0x5f, 0x6d, 0x61, 0x78, 0x5f, 0x6c, 0x75, 0x78, 0x20, 0x25, 0x64, 0x20, 0x25, 0x66, 0x20, 0x6c, 0x75, 0x6d, 0x69, 0x6e, 0x61, 0x6e, 0x63, 0x65, 0x5f, 0x63, 0x75, 0x72, 0x76, 0x65, 0x5f, 0x61, 0x30, 0x20, 0x25, 0x64, 0x0a, 0x00 };
/* 0xa3cb9 */ const unsigned char rodata_a3cb9[33] = { 0x25, 0x73, 0x28, 0x29, 0x3a, 0x20, 0x6f, 0x70, 0x74, 0x33, 0x30, 0x30, 0x37, 0x5f, 0x63, 0x68, 0x69, 0x70, 0x5f, 0x64, 0x65, 0x69, 0x6e, 0x69, 0x74, 0x20, 0x64, 0x6f, 0x6e, 0x65, 0x21, 0x0a, 0x00 };
/* 0xa3cda */ const unsigned char rodata_a3cda[20] = { 0x6f, 0x70, 0x74, 0x33, 0x30, 0x30, 0x37, 0x5f, 0x63, 0x68, 0x69, 0x70, 0x5f, 0x64, 0x65, 0x69, 0x6e, 0x69, 0x74, 0x00 };
/* 0xa3cee */ const unsigned char rodata_a3cee[18] = { 0x6f, 0x70, 0x74, 0x33, 0x30, 0x30, 0x31, 0x5f, 0x72, 0x65, 0x67, 0x5f, 0x77, 0x72, 0x69, 0x74, 0x65, 0x00 };
/* 0xa3d00 */ const unsigned char rodata_a3d00[18] = { 0x6f, 0x70, 0x74, 0x33, 0x30, 0x30, 0x37, 0x5f, 0x63, 0x68, 0x69, 0x70, 0x5f, 0x69, 0x6e, 0x69, 0x74, 0x00 };
/* 0xa3d12 */ const unsigned char rodata_a3d12[20] = { 0x6f, 0x70, 0x74, 0x33, 0x30, 0x30, 0x37, 0x5f, 0x67, 0x65, 0x74, 0x5f, 0x6d, 0x61, 0x78, 0x5f, 0x6c, 0x75, 0x78, 0x00 };
/* 0xa3d26 */ const unsigned char rodata_a3d26[17] = { 0x6f, 0x70, 0x74, 0x33, 0x30, 0x30, 0x31, 0x5f, 0x72, 0x65, 0x67, 0x5f, 0x72, 0x65, 0x61, 0x64, 0x00 };
/* 0xa3d37 */ const unsigned char rodata_a3d37[43] = { 0x45, 0x72, 0x72, 0x6f, 0x72, 0x3a, 0x20, 0x43, 0x6f, 0x75, 0x6c, 0x64, 0x20, 0x6e, 0x6f, 0x74, 0x20, 0x72, 0x65, 0x61, 0x64, 0x20, 0x66, 0x72, 0x6f, 0x6d, 0x20, 0x63, 0x68, 0x61, 0x72, 0x67, 0x65, 0x72, 0x20, 0x64, 0x65, 0x76, 0x69, 0x63, 0x65, 0x0a, 0x00 };
/* 0xa3d62 */ const unsigned char rodata_a3d62[33] = { 0x25, 0x73, 0x28, 0x29, 0x3a, 0x20, 0x56, 0x3a, 0x20, 0x25, 0x2e, 0x33, 0x66, 0x2c, 0x20, 0x49, 0x3a, 0x20, 0x25, 0x2e, 0x33, 0x66, 0x2c, 0x20, 0x54, 0x3a, 0x20, 0x25, 0x2e, 0x32, 0x66, 0x0a, 0x00 };
/* 0xa3d83 */ const unsigned char rodata_a3d83[43] = { 0x25, 0x73, 0x28, 0x29, 0x3a, 0x20, 0x4f, 0x72, 0x69, 0x67, 0x69, 0x6e, 0x61, 0x6c, 0x20, 0x73, 0x6f, 0x63, 0x20, 0x25, 0x2e, 0x32, 0x66, 0x2c, 0x20, 0x4e, 0x65, 0x77, 0x20, 0x53, 0x6f, 0x63, 0x20, 0x25, 0x2e, 0x32, 0x66, 0x2c, 0x20, 0x25, 0x73, 0x0a, 0x00 };
/* 0xa3dae */ const unsigned char rodata_a3dae[90] = { 0x25, 0x73, 0x28, 0x29, 0x3a, 0x20, 0x23, 0x23, 0x23, 0x23, 0x23, 0x23, 0x23, 0x23, 0x23, 0x23, 0x23, 0x23, 0x23, 0x23, 0x23, 0x23, 0x23, 0x23, 0x23, 0x23, 0x23, 0x23, 0x23, 0x23, 0x23, 0x23, 0x23, 0x23, 0x23, 0x41, 0x62, 0x6e, 0x6f, 0x72, 0x6d, 0x61, 0x6c, 0x20, 0x74, 0x65, 0x6d, 0x70, 0x65, 0x72, 0x61, 0x74, 0x75, 0x72, 0x65, 0x23, 0x23, 0x23, 0x23, 0x23, 0x23, 0x23, 0x23, 0x23, 0x23, 0x23, 0x23, 0x23, 0x23, 0x23, 0x23, 0x23, 0x23, 0x23, 0x23, 0x23, 0x23, 0x23, 0x23, 0x23, 0x23, 0x23, 0x23, 0x23, 0x23, 0x23, 0x23, 0x0a, 0x0a, 0x00 };
/* 0xa3e08 */ const unsigned char rodata_a3e08[18] = { 0x66, 0x75, 0x65, 0x6c, 0x5f, 0x67, 0x61, 0x75, 0x67, 0x65, 0x5f, 0x75, 0x70, 0x64, 0x61, 0x74, 0x65, 0x00 };
/* 0xa3e1a */ const unsigned char rodata_a3e1a[46] = { 0x43, 0x6f, 0x75, 0x6c, 0x64, 0x20, 0x6e, 0x6f, 0x74, 0x20, 0x63, 0x68, 0x61, 0x6e, 0x67, 0x65, 0x20, 0x74, 0x65, 0x72, 0x6d, 0x69, 0x6e, 0x61, 0x74, 0x69, 0x6f, 0x6e, 0x20, 0x76, 0x6f, 0x6c, 0x74, 0x61, 0x67, 0x65, 0x20, 0x74, 0x6f, 0x20, 0x34, 0x2e, 0x32, 0x56, 0x0a, 0x00 };
/* 0xa3e48 */ const unsigned char rodata_a3e48[26] = { 0x43, 0x6f, 0x75, 0x6c, 0x64, 0x20, 0x6e, 0x6f, 0x74, 0x20, 0x65, 0x6e, 0x61, 0x62, 0x6c, 0x65, 0x20, 0x63, 0x68, 0x61, 0x72, 0x67, 0x65, 0x72, 0x0a, 0x00 };
/* 0xa3e62 */ const unsigned char rodata_a3e62[30] = { 0x43, 0x6f, 0x75, 0x6c, 0x64, 0x20, 0x6e, 0x6f, 0x74, 0x20, 0x67, 0x65, 0x74, 0x20, 0x63, 0x68, 0x61, 0x72, 0x67, 0x65, 0x72, 0x20, 0x73, 0x74, 0x61, 0x74, 0x75, 0x73, 0x0a, 0x00 };
/* 0xa3e80 */ const unsigned char rodata_a3e80[31] = { 0x5b, 0x63, 0x73, 0x68, 0x5f, 0x64, 0x65, 0x62, 0x75, 0x67, 0x5f, 0x62, 0x6f, 0x78, 0x5d, 0x69, 0x73, 0x49, 0x6e, 0x62, 0x6f, 0x78, 0x20, 0x69, 0x73, 0x20, 0x25, 0x64, 0x20, 0x0a, 0x00 };
/* 0xa3e9f */ const unsigned char rodata_a3e9f[34] = { 0x5b, 0x63, 0x73, 0x68, 0x5f, 0x64, 0x65, 0x62, 0x75, 0x67, 0x5f, 0x62, 0x6f, 0x78, 0x5d, 0x69, 0x73, 0x4c, 0x69, 0x64, 0x43, 0x4c, 0x6f, 0x73, 0x65, 0x20, 0x69, 0x73, 0x20, 0x25, 0x64, 0x20, 0x0a, 0x00 };
/* 0xa3ec1 */ const unsigned char rodata_a3ec1[35] = { 0x5b, 0x63, 0x73, 0x68, 0x5f, 0x64, 0x65, 0x62, 0x75, 0x67, 0x5f, 0x62, 0x6f, 0x78, 0x5d, 0x20, 0x69, 0x73, 0x49, 0x6e, 0x43, 0x68, 0x61, 0x72, 0x67, 0x65, 0x20, 0x69, 0x73, 0x20, 0x25, 0x64, 0x20, 0x0a, 0x00 };
/* 0xa3ee4 */ const unsigned char rodata_a3ee4[24] = { 0x25, 0x73, 0x28, 0x29, 0x3a, 0x20, 0x64, 0x6d, 0x69, 0x63, 0x20, 0x69, 0x6e, 0x69, 0x74, 0x20, 0x66, 0x61, 0x69, 0x6c, 0x65, 0x64, 0x0a, 0x00 };
/* 0xa3efc */ const unsigned char rodata_a3efc[27] = { 0x25, 0x73, 0x28, 0x29, 0x3a, 0x20, 0x64, 0x6d, 0x69, 0x63, 0x20, 0x63, 0x6c, 0x65, 0x61, 0x6e, 0x75, 0x70, 0x20, 0x66, 0x61, 0x69, 0x6c, 0x65, 0x64, 0x0a, 0x00 };
/* 0xa3f17 */ const unsigned char rodata_a3f17[46] = { 0x25, 0x73, 0x28, 0x29, 0x3a, 0x20, 0x65, 0x6e, 0x71, 0x75, 0x65, 0x75, 0x65, 0x5f, 0x64, 0x6d, 0x69, 0x63, 0x20, 0x6e, 0x75, 0x6d, 0x20, 0x69, 0x73, 0x20, 0x66, 0x75, 0x6c, 0x6c, 0x2c, 0x20, 0x64, 0x72, 0x6f, 0x70, 0x20, 0x69, 0x74, 0x20, 0x25, 0x64, 0x0d, 0x0a, 0x0a, 0x00 };
/* 0xa3f45 */ const unsigned char rodata_a3f45[29] = { 0x25, 0x73, 0x28, 0x29, 0x3a, 0x20, 0x65, 0x6e, 0x71, 0x75, 0x65, 0x75, 0x65, 0x5f, 0x64, 0x6d, 0x69, 0x63, 0x20, 0x66, 0x61, 0x69, 0x6c, 0x65, 0x64, 0x0d, 0x0a, 0x0a, 0x00 };
/* 0xa3f62 */ const unsigned char rodata_a3f62[29] = { 0x25, 0x73, 0x28, 0x29, 0x3a, 0x20, 0x64, 0x65, 0x71, 0x75, 0x65, 0x75, 0x65, 0x5f, 0x64, 0x6d, 0x69, 0x63, 0x20, 0x66, 0x61, 0x69, 0x6c, 0x65, 0x64, 0x0d, 0x0a, 0x0a, 0x00 };
/* 0xa3f7f */ const unsigned char rodata_a3f7f[22] = { 0x25, 0x73, 0x28, 0x29, 0x3a, 0x20, 0x6d, 0x61, 0x6c, 0x6c, 0x6f, 0x63, 0x20, 0x65, 0x72, 0x72, 0x6f, 0x72, 0x0d, 0x0a, 0x0a, 0x00 };
/* 0xa3fbe */ const unsigned char rodata_a3fbe[33] = { 0x25, 0x73, 0x28, 0x29, 0x3a, 0x20, 0x46, 0x6c, 0x61, 0x73, 0x68, 0x20, 0x77, 0x72, 0x69, 0x74, 0x65, 0x20, 0x74, 0x6f, 0x20, 0x61, 0x64, 0x64, 0x72, 0x20, 0x30, 0x78, 0x25, 0x78, 0x0a, 0x0a, 0x00 };
/* 0xa3fdf */ const unsigned char rodata_a3fdf[65] = { 0x25, 0x73, 0x28, 0x29, 0x3a, 0x20, 0x73, 0x65, 0x6e, 0x64, 0x20, 0x61, 0x75, 0x64, 0x69, 0x6f, 0x20, 0x73, 0x74, 0x72, 0x65, 0x61, 0x6d, 0x20, 0x64, 0x61, 0x74, 0x61, 0x20, 0x74, 0x6f, 0x20, 0x73, 0x74, 0x6f, 0x72, 0x61, 0x67, 0x65, 0x20, 0x74, 0x68, 0x72, 0x65, 0x61, 0x64, 0x2c, 0x74, 0x69, 0x6d, 0x65, 0x73, 0x74, 0x65, 0x6d, 0x70, 0x20, 0x3d, 0x20, 0x25, 0x6c, 0x6c, 0x64, 0x0a, 0x00 };
/* 0xa4038 */ const unsigned char rodata_a4038[19] = { 0x25, 0x73, 0x28, 0x29, 0x3a, 0x20, 0x44, 0x4d, 0x49, 0x43, 0x20, 0x73, 0x61, 0x6d, 0x70, 0x6c, 0x65, 0x0a, 0x00 };
/* 0xa404b */ const unsigned char rodata_a404b[23] = { 0x25, 0x73, 0x28, 0x29, 0x3a, 0x20, 0x25, 0x73, 0x20, 0x69, 0x73, 0x20, 0x6e, 0x6f, 0x74, 0x20, 0x72, 0x65, 0x61, 0x64, 0x79, 0x0a, 0x00 };
/* 0xa4062 */ const unsigned char rodata_a4062[19] = { 0x25, 0x73, 0x28, 0x29, 0x3a, 0x20, 0x25, 0x73, 0x20, 0x69, 0x73, 0x20, 0x72, 0x65, 0x61, 0x64, 0x79, 0x0a, 0x00 };
/* 0xa4075 */ const unsigned char rodata_a4075[39] = { 0x25, 0x73, 0x28, 0x29, 0x3a, 0x20, 0x46, 0x61, 0x69, 0x6c, 0x65, 0x64, 0x20, 0x74, 0x6f, 0x20, 0x65, 0x72, 0x61, 0x73, 0x65, 0x5f, 0x61, 0x75, 0x64, 0x69, 0x6f, 0x5f, 0x62, 0x75, 0x66, 0x66, 0x65, 0x72, 0x20, 0x25, 0x64, 0x0a, 0x00 };
/* 0xa40e6 */ const unsigned char rodata_a40e6[31] = { 0x25, 0x73, 0x28, 0x29, 0x3a, 0x20, 0x20, 0x5b, 0x25, 0x73, 0x5d, 0x20, 0x64, 0x65, 0x76, 0x69, 0x63, 0x65, 0x20, 0x6e, 0x6f, 0x74, 0x20, 0x72, 0x65, 0x61, 0x64, 0x79, 0x2e, 0x0a, 0x00 };
/* 0xa40ec */ const unsigned char rodata_a40ec[25] = { 0x20, 0x5b, 0x25, 0x73, 0x5d, 0x20, 0x64, 0x65, 0x76, 0x69, 0x63, 0x65, 0x20, 0x6e, 0x6f, 0x74, 0x20, 0x72, 0x65, 0x61, 0x64, 0x79, 0x2e, 0x0a, 0x00 };
/* 0xa4120 */ const unsigned char rodata_a4120[39] = { 0x25, 0x73, 0x28, 0x29, 0x3a, 0x20, 0x21, 0x21, 0x21, 0x64, 0x6f, 0x5f, 0x70, 0x64, 0x6d, 0x5f, 0x74, 0x72, 0x61, 0x6e, 0x73, 0x66, 0x65, 0x72, 0x20, 0x65, 0x78, 0x65, 0x63, 0x20, 0x66, 0x61, 0x69, 0x6c, 0x65, 0x64, 0x2e, 0x0a, 0x00 };
/* 0xa4147 */ const unsigned char rodata_a4147[27] = { 0x25, 0x73, 0x28, 0x29, 0x3a, 0x20, 0x53, 0x54, 0x4f, 0x50, 0x20, 0x74, 0x72, 0x69, 0x67, 0x67, 0x65, 0x72, 0x20, 0x66, 0x61, 0x69, 0x6c, 0x65, 0x64, 0x0a, 0x00 };
/* 0xa417e */ const unsigned char rodata_a417e[15] = { 0x25, 0x73, 0x28, 0x29, 0x3a, 0x20, 0x45, 0x78, 0x69, 0x74, 0x69, 0x6e, 0x67, 0x0a, 0x00 };
/* 0xa41a0 */ const unsigned char rodata_a41a0[16] = { 0x64, 0x6f, 0x5f, 0x70, 0x64, 0x6d, 0x5f, 0x74, 0x72, 0x61, 0x6e, 0x73, 0x66, 0x65, 0x72, 0x00 };
/* 0xa41b0 */ const unsigned char rodata_a41b0[18] = { 0x64, 0x6d, 0x69, 0x63, 0x5f, 0x73, 0x74, 0x72, 0x65, 0x61, 0x6d, 0x5f, 0x73, 0x74, 0x61, 0x72, 0x74, 0x00 };
/* 0xa41c2 */ const unsigned char rodata_a41c2[19] = { 0x61, 0x70, 0x70, 0x5f, 0x63, 0x6f, 0x64, 0x65, 0x63, 0x5f, 0x6c, 0x63, 0x33, 0x5f, 0x74, 0x65, 0x73, 0x74, 0x00 };
/* 0xa41d5 */ const unsigned char rodata_a41d5[13] = { 0x64, 0x65, 0x71, 0x75, 0x65, 0x75, 0x65, 0x5f, 0x64, 0x6d, 0x69, 0x63, 0x00 };
/* 0xa41e2 */ const unsigned char rodata_a41e2[13] = { 0x65, 0x6e, 0x71, 0x75, 0x65, 0x75, 0x65, 0x5f, 0x64, 0x6d, 0x69, 0x63, 0x00 };
/* 0xa41ef */ const unsigned char rodata_a41ef[16] = { 0x63, 0x6c, 0x65, 0x61, 0x6e, 0x5f, 0x64, 0x6d, 0x69, 0x63, 0x5f, 0x6d, 0x73, 0x67, 0x71, 0x00 };
/* 0xa41ff */ const unsigned char rodata_a41ff[15] = { 0x69, 0x6e, 0x69, 0x74, 0x5f, 0x64, 0x6d, 0x69, 0x63, 0x5f, 0x6d, 0x73, 0x67, 0x71, 0x00 };
/* 0xa420e */ const unsigned char rodata_a420e[37] = { 0x25, 0x73, 0x28, 0x29, 0x3a, 0x20, 0x72, 0x65, 0x63, 0x65, 0x69, 0x76, 0x65, 0x64, 0x20, 0x61, 0x75, 0x64, 0x69, 0x6f, 0x20, 0x64, 0x65, 0x6c, 0x65, 0x74, 0x65, 0x20, 0x63, 0x6f, 0x6d, 0x6d, 0x61, 0x6e, 0x64, 0x0a, 0x00 };
/* 0xa4233 */ const unsigned char rodata_a4233[32] = { 0x25, 0x73, 0x28, 0x29, 0x3a, 0x20, 0x69, 0x6e, 0x70, 0x75, 0x74, 0x20, 0x70, 0x61, 0x72, 0x61, 0x6d, 0x65, 0x74, 0x65, 0x72, 0x20, 0x65, 0x72, 0x72, 0x6f, 0x72, 0x2e, 0x2e, 0x2e, 0x0a, 0x00 };
/* 0xa4253 */ const unsigned char rodata_a4253[43] = { 0x25, 0x73, 0x28, 0x29, 0x3a, 0x20, 0x73, 0x75, 0x63, 0x63, 0x65, 0x73, 0x73, 0x20, 0x64, 0x65, 0x6c, 0x65, 0x74, 0x65, 0x20, 0x76, 0x6f, 0x69, 0x63, 0x65, 0x20, 0x62, 0x6c, 0x6f, 0x63, 0x6b, 0x20, 0x6e, 0x75, 0x6d, 0x2e, 0x28, 0x25, 0x64, 0x29, 0x0a, 0x00 };
/* 0xa427e */ const unsigned char rodata_a427e[39] = { 0x25, 0x73, 0x28, 0x29, 0x3a, 0x20, 0x73, 0x75, 0x63, 0x63, 0x65, 0x73, 0x73, 0x20, 0x64, 0x65, 0x6c, 0x65, 0x74, 0x65, 0x20, 0x61, 0x6c, 0x6c, 0x20, 0x76, 0x6f, 0x69, 0x63, 0x65, 0x20, 0x62, 0x6c, 0x6f, 0x63, 0x6b, 0x20, 0x0a, 0x00 };
/* 0xa42cf */ const unsigned char rodata_a42cf[53] = { 0x25, 0x73, 0x28, 0x29, 0x3a, 0x20, 0x65, 0x6e, 0x71, 0x75, 0x65, 0x75, 0x65, 0x20, 0x64, 0x6d, 0x69, 0x63, 0x20, 0x73, 0x74, 0x72, 0x65, 0x61, 0x6d, 0x20, 0x6e, 0x75, 0x6d, 0x20, 0x69, 0x73, 0x20, 0x66, 0x75, 0x6c, 0x6c, 0x2c, 0x20, 0x64, 0x72, 0x6f, 0x70, 0x20, 0x69, 0x74, 0x20, 0x25, 0x64, 0x0d, 0x0a, 0x0a, 0x00 };
/* 0xa4304 */ const unsigned char rodata_a4304[38] = { 0x25, 0x73, 0x28, 0x29, 0x3a, 0x20, 0x73, 0x74, 0x61, 0x72, 0x74, 0x20, 0x75, 0x70, 0x20, 0x61, 0x75, 0x64, 0x69, 0x6f, 0x20, 0x72, 0x65, 0x63, 0x6f, 0x72, 0x64, 0x20, 0x66, 0x61, 0x69, 0x6c, 0x65, 0x64, 0x0d, 0x0a, 0x0a, 0x00 };
/* 0xa432a */ const unsigned char rodata_a432a[63] = { 0x25, 0x73, 0x28, 0x29, 0x3a, 0x20, 0x62, 0x65, 0x63, 0x61, 0x75, 0x73, 0x65, 0x20, 0x73, 0x74, 0x61, 0x72, 0x74, 0x75, 0x70, 0x20, 0x61, 0x75, 0x69, 0x64, 0x6f, 0x20, 0x72, 0x65, 0x63, 0x6f, 0x72, 0x64, 0x20, 0x66, 0x61, 0x69, 0x6c, 0x65, 0x64, 0x2c, 0x65, 0x78, 0x69, 0x74, 0x20, 0x71, 0x75, 0x69, 0x63, 0x6b, 0x6e, 0x6f, 0x74, 0x65, 0x20, 0x2e, 0x2e, 0x2e, 0x2e, 0x0a, 0x00 };
/* 0xa4395 */ const unsigned char rodata_a4395[36] = { 0x25, 0x73, 0x28, 0x29, 0x3a, 0x20, 0x73, 0x74, 0x61, 0x72, 0x74, 0x20, 0x61, 0x75, 0x64, 0x69, 0x6f, 0x20, 0x73, 0x74, 0x72, 0x65, 0x61, 0x6d, 0x20, 0x72, 0x65, 0x63, 0x6f, 0x72, 0x64, 0x21, 0x0d, 0x0a, 0x0a, 0x00 };
/* 0xa43b9 */ const unsigned char rodata_a43b9[58] = { 0x25, 0x73, 0x28, 0x29, 0x3a, 0x20, 0x66, 0x69, 0x6c, 0x65, 0x73, 0x79, 0x73, 0x74, 0x65, 0x6d, 0x20, 0x6e, 0x65, 0x65, 0x64, 0x20, 0x66, 0x6f, 0x72, 0x6d, 0x61, 0x74, 0x2c, 0x74, 0x72, 0x79, 0x20, 0x74, 0x6f, 0x20, 0x66, 0x6f, 0x72, 0x6d, 0x61, 0x74, 0x2c, 0x70, 0x6c, 0x65, 0x61, 0x73, 0x65, 0x20, 0x77, 0x61, 0x69, 0x74, 0x2e, 0x2e, 0x0a, 0x00 };
/* 0xa43f3 */ const unsigned char rodata_a43f3[32] = { 0x25, 0x73, 0x28, 0x29, 0x3a, 0x20, 0x66, 0x69, 0x6c, 0x65, 0x73, 0x79, 0x73, 0x74, 0x65, 0x6d, 0x20, 0x66, 0x6f, 0x72, 0x6d, 0x61, 0x74, 0x20, 0x73, 0x75, 0x63, 0x65, 0x73, 0x73, 0x0a, 0x00 };
/* 0xa4413 */ const unsigned char rodata_a4413[38] = { 0x25, 0x73, 0x28, 0x29, 0x3a, 0x20, 0x66, 0x69, 0x6e, 0x64, 0x20, 0x61, 0x20, 0x66, 0x72, 0x65, 0x65, 0x20, 0x76, 0x6f, 0x69, 0x63, 0x65, 0x20, 0x62, 0x6c, 0x6f, 0x63, 0x6b, 0x28, 0x25, 0x64, 0x29, 0x21, 0x0d, 0x0a, 0x0a, 0x00 };
/* 0xa4439 */ const unsigned char rodata_a4439[68] = { 0x25, 0x73, 0x28, 0x29, 0x3a, 0x20, 0x76, 0x6f, 0x69, 0x63, 0x65, 0x5f, 0x62, 0x6c, 0x6f, 0x63, 0x6b, 0x5f, 0x73, 0x74, 0x6f, 0x72, 0x65, 0x5f, 0x74, 0x69, 0x6d, 0x65, 0x73, 0x74, 0x61, 0x6d, 0x70, 0x20, 0x3d, 0x20, 0x25, 0x64, 0x2c, 0x20, 0x76, 0x6f, 0x69, 0x63, 0x65, 0x5f, 0x73, 0x74, 0x72, 0x65, 0x61, 0x6d, 0x5f, 0x62, 0x6c, 0x6f, 0x63, 0x6b, 0x5f, 0x74, 0x73, 0x20, 0x3d, 0x20, 0x25, 0x64, 0x0a, 0x00 };
/* 0xa447d */ const unsigned char rodata_a447d[66] = { 0x25, 0x73, 0x28, 0x29, 0x3a, 0x20, 0x6e, 0x6f, 0x20, 0x66, 0x72, 0x65, 0x65, 0x20, 0x76, 0x6f, 0x69, 0x63, 0x65, 0x20, 0x62, 0x6c, 0x6f, 0x63, 0x6b, 0x2c, 0x74, 0x72, 0x79, 0x20, 0x74, 0x6f, 0x20, 0x75, 0x73, 0x65, 0x20, 0x74, 0x68, 0x65, 0x20, 0x6f, 0x6c, 0x64, 0x65, 0x73, 0x74, 0x20, 0x76, 0x6f, 0x69, 0x63, 0x65, 0x20, 0x62, 0x6c, 0x6f, 0x63, 0x6b, 0x28, 0x25, 0x64, 0x29, 0x21, 0x0a, 0x00 };
/* 0xa44bf */ const unsigned char rodata_a44bf[82] = { 0x25, 0x73, 0x28, 0x29, 0x3a, 0x20, 0x61, 0x75, 0x64, 0x69, 0x6f, 0x20, 0x6d, 0x61, 0x6e, 0x61, 0x67, 0x65, 0x72, 0x20, 0x73, 0x74, 0x61, 0x72, 0x74, 0x20, 0x63, 0x68, 0x65, 0x63, 0x6b, 0x20, 0x73, 0x75, 0x63, 0x63, 0x65, 0x73, 0x73, 0x2c, 0x77, 0x69, 0x6c, 0x6c, 0x20, 0x66, 0x69, 0x6c, 0x6c, 0x20, 0x75, 0x70, 0x20, 0x61, 0x75, 0x64, 0x69, 0x6f, 0x20, 0x73, 0x74, 0x72, 0x65, 0x61, 0x6d, 0x20, 0x74, 0x6f, 0x20, 0x4e, 0x75, 0x6d, 0x25, 0x64, 0x20, 0x62, 0x6c, 0x6f, 0x63, 0x6b, 0x0a, 0x00 };
/* 0xa4511 */ const unsigned char rodata_a4511[71] = { 0x25, 0x73, 0x28, 0x29, 0x3a, 0x20, 0x41, 0x20, 0x73, 0x74, 0x61, 0x72, 0x74, 0x20, 0x63, 0x6f, 0x6d, 0x6d, 0x61, 0x6e, 0x64, 0x20, 0x6f, 0x63, 0x63, 0x75, 0x72, 0x72, 0x65, 0x64, 0x20, 0x64, 0x75, 0x72, 0x69, 0x6e, 0x67, 0x20, 0x72, 0x65, 0x63, 0x6f, 0x72, 0x64, 0x69, 0x6e, 0x67, 0x20, 0x74, 0x6f, 0x20, 0x65, 0x78, 0x69, 0x74, 0x20, 0x74, 0x68, 0x65, 0x20, 0x72, 0x65, 0x63, 0x6f, 0x72, 0x64, 0x69, 0x6e, 0x67, 0x0a, 0x00 };
/* 0xa4558 */ const unsigned char rodata_a4558[37] = { 0x25, 0x73, 0x28, 0x29, 0x3a, 0x20, 0x63, 0x6f, 0x70, 0x79, 0x20, 0x25, 0x64, 0x20, 0x62, 0x79, 0x74, 0x65, 0x20, 0x69, 0x6e, 0x74, 0x6f, 0x20, 0x61, 0x75, 0x64, 0x69, 0x6f, 0x20, 0x63, 0x61, 0x63, 0x68, 0x65, 0x0a, 0x00 };
/* 0xa457d */ const unsigned char rodata_a457d[68] = { 0x25, 0x73, 0x28, 0x29, 0x3a, 0x20, 0x54, 0x6f, 0x20, 0x63, 0x6f, 0x6d, 0x70, 0x6c, 0x65, 0x74, 0x65, 0x20, 0x61, 0x20, 0x73, 0x65, 0x63, 0x74, 0x6f, 0x72, 0x20, 0x6f, 0x66, 0x20, 0x64, 0x61, 0x74, 0x61, 0x2c, 0x20, 0x70, 0x65, 0x72, 0x66, 0x6f, 0x72, 0x6d, 0x20, 0x66, 0x6c, 0x61, 0x73, 0x68, 0x20, 0x77, 0x72, 0x69, 0x74, 0x65, 0x20, 0x6f, 0x70, 0x65, 0x72, 0x61, 0x74, 0x69, 0x6f, 0x6e, 0x73, 0x0a, 0x00 };
/* 0xa45c1 */ const unsigned char rodata_a45c1[89] = { 0x25, 0x73, 0x28, 0x29, 0x3a, 0x20, 0x74, 0x68, 0x65, 0x20, 0x6e, 0x75, 0x6d, 0x62, 0x65, 0x72, 0x20, 0x6f, 0x66, 0x20, 0x72, 0x65, 0x63, 0x6f, 0x72, 0x64, 0x69, 0x6e, 0x67, 0x20, 0x66, 0x69, 0x6c, 0x65, 0x73, 0x20, 0x65, 0x78, 0x63, 0x65, 0x65, 0x64, 0x73, 0x20, 0x74, 0x68, 0x65, 0x20, 0x75, 0x70, 0x70, 0x65, 0x72, 0x20, 0x6c, 0x69, 0x6d, 0x69, 0x74, 0x2c, 0x20, 0x73, 0x79, 0x73, 0x74, 0x65, 0x6d, 0x20, 0x61, 0x75, 0x74, 0x6f, 0x6d, 0x61, 0x74, 0x69, 0x63, 0x61, 0x6c, 0x6c, 0x79, 0x20, 0x73, 0x74, 0x6f, 0x70, 0x73, 0x0a, 0x00 };
/* 0xa461a */ const unsigned char rodata_a461a[91] = { 0x25, 0x73, 0x28, 0x29, 0x3a, 0x20, 0x43, 0x61, 0x74, 0x63, 0x68, 0x20, 0x74, 0x6f, 0x75, 0x63, 0x68, 0x20, 0x72, 0x65, 0x6c, 0x65, 0x61, 0x73, 0x65, 0x20, 0x69, 0x73, 0x20, 0x6e, 0x6f, 0x74, 0x20, 0x72, 0x65, 0x63, 0x6f, 0x67, 0x6e, 0x69, 0x7a, 0x65, 0x64, 0x2c, 0x20, 0x73, 0x74, 0x61, 0x72, 0x74, 0x20, 0x51, 0x75, 0x69, 0x63, 0x6b, 0x4e, 0x6f, 0x74, 0x65, 0x20, 0x65, 0x78, 0x63, 0x65, 0x70, 0x74, 0x69, 0x6f, 0x6e, 0x20, 0x72, 0x65, 0x63, 0x6f, 0x76, 0x65, 0x72, 0x79, 0x20, 0x6d, 0x65, 0x63, 0x68, 0x61, 0x6e, 0x69, 0x73, 0x6d, 0x0a, 0x00 };
/* 0xa4675 */ const unsigned char rodata_a4675[27] = { 0x25, 0x73, 0x28, 0x29, 0x3a, 0x20, 0x77, 0x69, 0x72, 0x74, 0x65, 0x20, 0x61, 0x64, 0x64, 0x72, 0x20, 0x3d, 0x20, 0x30, 0x78, 0x25, 0x30, 0x38, 0x78, 0x0a, 0x00 };
/* 0xa4690 */ const unsigned char rodata_a4690[59] = { 0x25, 0x73, 0x28, 0x29, 0x3a, 0x20, 0x77, 0x69, 0x72, 0x74, 0x65, 0x20, 0x34, 0x6b, 0x20, 0x76, 0x6f, 0x69, 0x63, 0x65, 0x20, 0x64, 0x61, 0x74, 0x61, 0x20, 0x74, 0x6f, 0x20, 0x66, 0x6c, 0x61, 0x73, 0x68, 0x2c, 0x77, 0x72, 0x69, 0x74, 0x65, 0x20, 0x61, 0x64, 0x64, 0x72, 0x65, 0x73, 0x73, 0x20, 0x3d, 0x20, 0x30, 0x78, 0x25, 0x30, 0x38, 0x78, 0x0a, 0x00 };
/* 0xa46cb */ const unsigned char rodata_a46cb[50] = { 0x25, 0x73, 0x28, 0x29, 0x3a, 0x20, 0x43, 0x6f, 0x70, 0x79, 0x20, 0x72, 0x65, 0x6d, 0x61, 0x69, 0x6e, 0x20, 0x25, 0x64, 0x20, 0x62, 0x79, 0x74, 0x65, 0x20, 0x64, 0x61, 0x74, 0x61, 0x20, 0x69, 0x6e, 0x74, 0x6f, 0x20, 0x63, 0x61, 0x63, 0x68, 0x65, 0x20, 0x6d, 0x65, 0x6d, 0x6f, 0x72, 0x79, 0x0a, 0x00 };
/* 0xa46fd */ const unsigned char rodata_a46fd[60] = { 0x25, 0x73, 0x28, 0x29, 0x3a, 0x20, 0x72, 0x65, 0x63, 0x65, 0x69, 0x76, 0x65, 0x64, 0x20, 0x61, 0x75, 0x64, 0x69, 0x6f, 0x20, 0x73, 0x74, 0x6f, 0x70, 0x20, 0x63, 0x6f, 0x6d, 0x6d, 0x61, 0x6e, 0x64, 0x2c, 0x73, 0x74, 0x6f, 0x70, 0x20, 0x61, 0x75, 0x64, 0x69, 0x6f, 0x20, 0x77, 0x72, 0x69, 0x74, 0x65, 0x20, 0x70, 0x72, 0x6f, 0x63, 0x65, 0x73, 0x73, 0x0a, 0x00 };
/* 0xa4739 */ const unsigned char rodata_a4739[105] = { 0x25, 0x73, 0x28, 0x29, 0x3a, 0x20, 0x75, 0x70, 0x67, 0x72, 0x61, 0x64, 0x65, 0x20, 0x4e, 0x75, 0x6d, 0x2e, 0x25, 0x64, 0x20, 0x76, 0x6f, 0x69, 0x63, 0x65, 0x20, 0x6d, 0x61, 0x6e, 0x61, 0x67, 0x65, 0x72, 0x20, 0x62, 0x6c, 0x6f, 0x63, 0x6b, 0x2c, 0x74, 0x6f, 0x74, 0x61, 0x6c, 0x20, 0x77, 0x72, 0x69, 0x74, 0x65, 0x20, 0x73, 0x65, 0x63, 0x74, 0x6f, 0x72, 0x20, 0x6e, 0x75, 0x6d, 0x20, 0x3d, 0x20, 0x25, 0x64, 0x2c, 0x20, 0x74, 0x6f, 0x74, 0x61, 0x6c, 0x20, 0x77, 0x72, 0x69, 0x74, 0x65, 0x20, 0x62, 0x79, 0x74, 0x65, 0x20, 0x3d, 0x20, 0x25, 0x64, 0x20, 0x2c, 0x63, 0x72, 0x63, 0x33, 0x32, 0x20, 0x3d, 0x20, 0x25, 0x64, 0x0a, 0x00 };
/* 0xa47a2 */ const unsigned char rodata_a47a2[53] = { 0x25, 0x73, 0x28, 0x29, 0x3a, 0x20, 0x76, 0x6f, 0x69, 0x63, 0x65, 0x20, 0x62, 0x6c, 0x6f, 0x63, 0x6b, 0x20, 0x73, 0x74, 0x61, 0x72, 0x74, 0x20, 0x61, 0x64, 0x64, 0x72, 0x20, 0x3d, 0x20, 0x76, 0x6f, 0x69, 0x63, 0x65, 0x20, 0x62, 0x6c, 0x6f, 0x63, 0x6b, 0x20, 0x65, 0x6e, 0x64, 0x20, 0x61, 0x64, 0x64, 0x72, 0x0a, 0x00 };
/* 0xa486b */ const unsigned char rodata_a486b[143] = { 0x25, 0x73, 0x28, 0x29, 0x3a, 0x20, 0x41, 0x20, 0x64, 0x65, 0x6c, 0x65, 0x74, 0x65, 0x20, 0x63, 0x6f, 0x6d, 0x6d, 0x61, 0x6e, 0x64, 0x20, 0x6f, 0x63, 0x63, 0x75, 0x72, 0x72, 0x65, 0x64, 0x20, 0x64, 0x75, 0x72, 0x69, 0x6e, 0x67, 0x20, 0x74, 0x68, 0x65, 0x20, 0x72, 0x65, 0x63, 0x6f, 0x72, 0x64, 0x69, 0x6e, 0x67, 0x20, 0x70, 0x72, 0x6f, 0x63, 0x65, 0x73, 0x73, 0x2e, 0x20, 0x54, 0x68, 0x65, 0x20, 0x72, 0x65, 0x63, 0x6f, 0x72, 0x64, 0x69, 0x6e, 0x67, 0x20, 0x77, 0x61, 0x73, 0x20, 0x73, 0x74, 0x6f, 0x70, 0x70, 0x65, 0x64, 0x20, 0x61, 0x6e, 0x64, 0x20, 0x74, 0x68, 0x65, 0x20, 0x64, 0x65, 0x6c, 0x65, 0x74, 0x69, 0x6f, 0x6e, 0x20, 0x61, 0x63, 0x74, 0x69, 0x6f, 0x6e, 0x20, 0x77, 0x61, 0x73, 0x20, 0x70, 0x65, 0x72, 0x66, 0x6f, 0x72, 0x6d, 0x65, 0x64, 0x2c, 0x44, 0x65, 0x6c, 0x65, 0x74, 0x65, 0x20, 0x6e, 0x75, 0x6d, 0x20, 0x3d, 0x20, 0x25, 0x64, 0x0a, 0x00 };
/* 0xa48fa */ const unsigned char rodata_a48fa[14] = { 0x64, 0x65, 0x6c, 0x56, 0x6f, 0x69, 0x63, 0x65, 0x42, 0x6c, 0x6f, 0x63, 0x6b, 0x00 };
/* 0xa4908 */ const unsigned char rodata_a4908[30] = { 0x67, 0x65, 0x74, 0x41, 0x75, 0x64, 0x69, 0x6f, 0x4d, 0x65, 0x73, 0x73, 0x61, 0x67, 0x65, 0x51, 0x75, 0x65, 0x75, 0x65, 0x43, 0x61, 0x63, 0x68, 0x65, 0x44, 0x61, 0x74, 0x61, 0x00 };
/* 0xa4926 */ const unsigned char rodata_a4926[30] = { 0x61, 0x75, 0x64, 0x69, 0x6f, 0x53, 0x74, 0x72, 0x65, 0x61, 0x6d, 0x46, 0x69, 0x6c, 0x65, 0x4d, 0x61, 0x6e, 0x61, 0x67, 0x65, 0x72, 0x48, 0x61, 0x6e, 0x64, 0x6c, 0x65, 0x72, 0x00 };
/* 0xa4944 */ const unsigned char rodata_a4944[21] = { 0x64, 0x65, 0x6c, 0x41, 0x75, 0x64, 0x69, 0x6f, 0x53, 0x74, 0x72, 0x65, 0x61, 0x6d, 0x52, 0x65, 0x63, 0x6f, 0x72, 0x64, 0x00 };
/* 0xa4959 */ const unsigned char rodata_a4959[22] = { 0x73, 0x74, 0x6f, 0x70, 0x41, 0x75, 0x64, 0x69, 0x6f, 0x53, 0x74, 0x72, 0x65, 0x61, 0x6d, 0x52, 0x65, 0x63, 0x6f, 0x72, 0x64, 0x00 };
/* 0xa496f */ const unsigned char rodata_a496f[23] = { 0x73, 0x74, 0x61, 0x72, 0x74, 0x41, 0x75, 0x64, 0x69, 0x6f, 0x53, 0x74, 0x72, 0x65, 0x61, 0x6d, 0x52, 0x65, 0x63, 0x6f, 0x72, 0x64, 0x00 };
/* 0xa4986 */ const unsigned char rodata_a4986[21] = { 0x73, 0x65, 0x6e, 0x64, 0x41, 0x75, 0x64, 0x69, 0x6f, 0x53, 0x74, 0x72, 0x61, 0x6d, 0x32, 0x43, 0x61, 0x63, 0x68, 0x65, 0x00 };
/* 0xa49ed */ const unsigned char rodata_a49ed[2] = { 0x20, 0x00 };
/* 0xa6589 */ const unsigned char rodata_a6589[26] = { 0x63, 0x6f, 0x6d, 0x6d, 0x5f, 0x77, 0x72, 0x69, 0x74, 0x65, 0x20, 0x70, 0x61, 0x72, 0x61, 0x20, 0x69, 0x73, 0x20, 0x65, 0x72, 0x72, 0x6f, 0x72, 0x0a, 0x00 };
/* 0xa6603 */ const unsigned char rodata_a6603[27] = { 0x67, 0x65, 0x74, 0x5f, 0x6d, 0x61, 0x63, 0x5f, 0x69, 0x6e, 0x66, 0x6f, 0x20, 0x70, 0x61, 0x72, 0x61, 0x20, 0x69, 0x73, 0x20, 0x4e, 0x55, 0x4c, 0x4c, 0x0a, 0x00 };
/* 0xa6711 */ const unsigned char rodata_a6711[13] = { 0x6a, 0x6f, 0x69, 0x6e, 0x20, 0x69, 0x6e, 0x20, 0x25, 0x73, 0x20, 0x0a, 0x00 };
/* 0xa671e */ const unsigned char rodata_a671e[17] = { 0x25, 0x73, 0x20, 0x70, 0x61, 0x72, 0x61, 0x20, 0x69, 0x73, 0x20, 0x4e, 0x55, 0x4c, 0x4c, 0x0a, 0x00 };
/* 0xa672f */ const unsigned char rodata_a672f[40] = { 0x77, 0x61, 0x72, 0x6e, 0x69, 0x6e, 0x67, 0x3a, 0x20, 0x6e, 0x6f, 0x74, 0x20, 0x74, 0x65, 0x73, 0x74, 0x20, 0x6d, 0x6f, 0x64, 0x65, 0x2c, 0x64, 0x69, 0x73, 0x61, 0x62, 0x6c, 0x65, 0x20, 0x73, 0x65, 0x74, 0x74, 0x69, 0x6e, 0x67, 0x0a, 0x00 };
/* 0xa676d */ const unsigned char rodata_a676d[23] = { 0x5b, 0x25, 0x73, 0x2d, 0x25, 0x64, 0x5d, 0x69, 0x6e, 0x76, 0x61, 0x6c, 0x69, 0x64, 0x20, 0x76, 0x61, 0x75, 0x6c, 0x65, 0x20, 0x0a, 0x00 };
/* 0xa69f3 */ const unsigned char rodata_a69f3[24] = { 0x6a, 0x6f, 0x69, 0x6e, 0x20, 0x69, 0x6e, 0x20, 0x67, 0x65, 0x74, 0x5f, 0x66, 0x6c, 0x61, 0x73, 0x68, 0x5f, 0x69, 0x6e, 0x66, 0x6f, 0x0a, 0x00 };
/* 0xa6a0b */ const unsigned char rodata_a6a0b[29] = { 0x67, 0x65, 0x74, 0x5f, 0x66, 0x6c, 0x61, 0x73, 0x68, 0x5f, 0x69, 0x6e, 0x66, 0x6f, 0x20, 0x70, 0x61, 0x72, 0x61, 0x20, 0x69, 0x73, 0x20, 0x4e, 0x55, 0x4c, 0x4c, 0x0a, 0x00 };
/* 0xa6aab */ const unsigned char rodata_a6aab[15] = { 0x66, 0x6c, 0x61, 0x73, 0x68, 0x20, 0x72, 0x65, 0x61, 0x64, 0x20, 0x6f, 0x6b, 0x0a, 0x00 };
/* 0xa701c */ const unsigned char rodata_a701c[21] = { 0x6a, 0x6f, 0x69, 0x6e, 0x20, 0x69, 0x6e, 0x20, 0x67, 0x65, 0x74, 0x5f, 0x73, 0x6e, 0x5f, 0x69, 0x6e, 0x66, 0x6f, 0x0a, 0x00 };
/* 0xa7031 */ const unsigned char rodata_a7031[26] = { 0x67, 0x65, 0x74, 0x5f, 0x73, 0x6e, 0x5f, 0x69, 0x6e, 0x66, 0x6f, 0x20, 0x70, 0x61, 0x72, 0x61, 0x20, 0x69, 0x73, 0x20, 0x4e, 0x55, 0x4c, 0x4c, 0x0a, 0x00 };
/* 0xa704b */ const unsigned char rodata_a704b[22] = { 0x6a, 0x6f, 0x69, 0x6e, 0x20, 0x69, 0x6e, 0x20, 0x67, 0x65, 0x74, 0x5f, 0x6d, 0x61, 0x63, 0x5f, 0x69, 0x6e, 0x66, 0x6f, 0x0a, 0x00 };
/* 0xa70a0 */ const unsigned char rodata_a70a0[33] = { 0x6a, 0x6f, 0x69, 0x6e, 0x20, 0x69, 0x6e, 0x20, 0x73, 0x65, 0x74, 0x5f, 0x62, 0x72, 0x69, 0x67, 0x68, 0x74, 0x6e, 0x65, 0x73, 0x73, 0x5f, 0x6c, 0x75, 0x6d, 0x5f, 0x62, 0x61, 0x73, 0x65, 0x0a, 0x00 };
/* 0xa70c1 */ const unsigned char rodata_a70c1[38] = { 0x73, 0x65, 0x74, 0x5f, 0x62, 0x72, 0x69, 0x67, 0x68, 0x74, 0x6e, 0x65, 0x73, 0x73, 0x5f, 0x6c, 0x75, 0x6d, 0x5f, 0x62, 0x61, 0x73, 0x65, 0x20, 0x70, 0x61, 0x72, 0x61, 0x20, 0x69, 0x73, 0x20, 0x4e, 0x55, 0x4c, 0x4c, 0x0a, 0x00 };
/* 0xa70e7 */ const unsigned char rodata_a70e7[29] = { 0x25, 0x73, 0x28, 0x29, 0x3a, 0x20, 0x74, 0x6d, 0x70, 0x5f, 0x6c, 0x75, 0x6d, 0x5f, 0x76, 0x61, 0x6c, 0x75, 0x65, 0x20, 0x69, 0x73, 0x3a, 0x30, 0x78, 0x25, 0x78, 0x0a, 0x00 };
/* 0xa715d */ const unsigned char rodata_a715d[22] = { 0x6a, 0x6f, 0x69, 0x6e, 0x20, 0x69, 0x6e, 0x20, 0x73, 0x65, 0x74, 0x5f, 0x69, 0x6d, 0x75, 0x5f, 0x62, 0x61, 0x73, 0x65, 0x0a, 0x00 };
/* 0xa7173 */ const unsigned char rodata_a7173[27] = { 0x73, 0x65, 0x74, 0x5f, 0x69, 0x6d, 0x75, 0x5f, 0x62, 0x61, 0x73, 0x65, 0x20, 0x70, 0x61, 0x72, 0x61, 0x20, 0x69, 0x73, 0x20, 0x4e, 0x55, 0x4c, 0x4c, 0x0a, 0x00 };
/* 0xa718e */ const unsigned char rodata_a718e[29] = { 0x6a, 0x6f, 0x69, 0x6e, 0x20, 0x69, 0x6e, 0x20, 0x73, 0x65, 0x74, 0x5f, 0x67, 0x6c, 0x61, 0x73, 0x73, 0x65, 0x73, 0x5f, 0x73, 0x6e, 0x5f, 0x69, 0x6e, 0x66, 0x6f, 0x0a, 0x00 };
/* 0xa71ab */ const unsigned char rodata_a71ab[34] = { 0x73, 0x65, 0x74, 0x5f, 0x67, 0x6c, 0x61, 0x73, 0x73, 0x65, 0x73, 0x5f, 0x73, 0x6e, 0x5f, 0x69, 0x6e, 0x66, 0x6f, 0x20, 0x70, 0x61, 0x72, 0x61, 0x20, 0x69, 0x73, 0x20, 0x4e, 0x55, 0x4c, 0x4c, 0x0a, 0x00 };
/* 0xa71cd */ const unsigned char rodata_a71cd[19] = { 0x54, 0x68, 0x65, 0x20, 0x73, 0x74, 0x72, 0x69, 0x6e, 0x67, 0x20, 0x69, 0x73, 0x3a, 0x20, 0x25, 0x73, 0x0a, 0x00 };
/* 0xa71e0 */ const unsigned char rodata_a71e0[41] = { 0x25, 0x73, 0x28, 0x29, 0x3a, 0x20, 0x42, 0x4c, 0x45, 0x5f, 0x52, 0x45, 0x51, 0x5f, 0x50, 0x55, 0x54, 0x5f, 0x44, 0x45, 0x56, 0x49, 0x43, 0x45, 0x5f, 0x53, 0x4e, 0x20, 0x6e, 0x65, 0x77, 0x20, 0x73, 0x6e, 0x3a, 0x25, 0x31, 0x36, 0x73, 0x0a, 0x00 };
/* 0xa7209 */ const unsigned char rodata_a7209[53] = { 0x53, 0x4e, 0x20, 0x63, 0x6f, 0x64, 0x65, 0x73, 0x20, 0x75, 0x70, 0x64, 0x61, 0x74, 0x65, 0x64, 0x20, 0x61, 0x6e, 0x64, 0x20, 0x77, 0x72, 0x69, 0x74, 0x74, 0x65, 0x6e, 0x20, 0x74, 0x6f, 0x20, 0x66, 0x6c, 0x61, 0x73, 0x68, 0x20, 0x73, 0x75, 0x63, 0x63, 0x65, 0x73, 0x73, 0x66, 0x75, 0x6c, 0x6c, 0x79, 0x2e, 0x0a, 0x00 };
/* 0xa723e */ const unsigned char rodata_a723e[40] = { 0x25, 0x73, 0x28, 0x29, 0x3a, 0x20, 0x6a, 0x6f, 0x69, 0x6e, 0x20, 0x69, 0x6e, 0x20, 0x67, 0x65, 0x74, 0x5f, 0x61, 0x73, 0x73, 0x69, 0x67, 0x6e, 0x5f, 0x63, 0x68, 0x61, 0x6e, 0x6e, 0x65, 0x6c, 0x5f, 0x69, 0x6e, 0x66, 0x6f, 0x0a, 0x0a, 0x00 };
/* 0xa7266 */ const unsigned char rodata_a7266[45] = { 0x25, 0x73, 0x28, 0x29, 0x3a, 0x20, 0x67, 0x65, 0x74, 0x5f, 0x61, 0x73, 0x73, 0x69, 0x67, 0x6e, 0x5f, 0x63, 0x68, 0x61, 0x6e, 0x6e, 0x65, 0x6c, 0x5f, 0x69, 0x6e, 0x66, 0x6f, 0x20, 0x70, 0x61, 0x72, 0x61, 0x20, 0x69, 0x73, 0x20, 0x4e, 0x55, 0x4c, 0x4c, 0x0a, 0x0a, 0x00 };
/* 0xa7293 */ const unsigned char rodata_a7293[24] = { 0x25, 0x73, 0x28, 0x29, 0x3a, 0x20, 0x65, 0x73, 0x62, 0x5f, 0x63, 0x68, 0x61, 0x6e, 0x6e, 0x65, 0x6c, 0x3a, 0x20, 0x25, 0x64, 0x0a, 0x0a, 0x00 };
/* 0xa72ab */ const unsigned char rodata_a72ab[27] = { 0x25, 0x73, 0x28, 0x29, 0x3a, 0x20, 0x65, 0x73, 0x62, 0x20, 0x6d, 0x61, 0x73, 0x74, 0x65, 0x72, 0x20, 0x61, 0x64, 0x64, 0x72, 0x3a, 0x25, 0x64, 0x0a, 0x0a, 0x00 };
/* 0xa72c6 */ const unsigned char rodata_a72c6[27] = { 0x25, 0x73, 0x28, 0x29, 0x3a, 0x20, 0x65, 0x73, 0x62, 0x20, 0x73, 0x6c, 0x61, 0x76, 0x65, 0x20, 0x61, 0x64, 0x64, 0x72, 0x3a, 0x20, 0x25, 0x64, 0x0a, 0x0a, 0x00 };
/* 0xa72e1 */ const unsigned char rodata_a72e1[27] = { 0x6a, 0x6f, 0x69, 0x6e, 0x20, 0x69, 0x6e, 0x20, 0x67, 0x65, 0x74, 0x5f, 0x71, 0x75, 0x65, 0x72, 0x79, 0x5f, 0x73, 0x6e, 0x5f, 0x69, 0x6e, 0x66, 0x6f, 0x0a, 0x00 };
/* 0xa72fc */ const unsigned char rodata_a72fc[32] = { 0x67, 0x65, 0x74, 0x5f, 0x71, 0x75, 0x65, 0x72, 0x79, 0x5f, 0x73, 0x6e, 0x5f, 0x69, 0x6e, 0x66, 0x6f, 0x20, 0x70, 0x61, 0x72, 0x61, 0x20, 0x69, 0x73, 0x20, 0x4e, 0x55, 0x4c, 0x4c, 0x0a, 0x00 };
/* 0xa731c */ const unsigned char rodata_a731c[26] = { 0x6a, 0x6f, 0x69, 0x6e, 0x20, 0x69, 0x6e, 0x20, 0x73, 0x65, 0x74, 0x5f, 0x63, 0x68, 0x61, 0x72, 0x67, 0x65, 0x5f, 0x6c, 0x69, 0x6d, 0x69, 0x74, 0x0a, 0x00 };
/* 0xa7336 */ const unsigned char rodata_a7336[31] = { 0x73, 0x65, 0x74, 0x5f, 0x63, 0x68, 0x61, 0x72, 0x67, 0x65, 0x5f, 0x6c, 0x69, 0x6d, 0x69, 0x74, 0x20, 0x70, 0x61, 0x72, 0x61, 0x20, 0x69, 0x73, 0x20, 0x4e, 0x55, 0x4c, 0x4c, 0x0a, 0x00 };
/* 0xa73e2 */ const unsigned char rodata_a73e2[47] = { 0x73, 0x74, 0x61, 0x72, 0x74, 0x20, 0x73, 0x65, 0x6e, 0x64, 0x20, 0x6d, 0x69, 0x63, 0x20, 0x64, 0x61, 0x74, 0x61, 0x2c, 0x66, 0x6c, 0x61, 0x73, 0x68, 0x20, 0x61, 0x64, 0x64, 0x72, 0x65, 0x73, 0x73, 0x3a, 0x30, 0x78, 0x25, 0x78, 0x2c, 0x73, 0x65, 0x71, 0x3a, 0x25, 0x64, 0x0a, 0x00 };
/* 0xa7411 */ const unsigned char rodata_a7411[28] = { 0x25, 0x73, 0x28, 0x29, 0x3a, 0x20, 0x62, 0x49, 0x73, 0x43, 0x68, 0x61, 0x72, 0x67, 0x69, 0x6e, 0x67, 0x20, 0x69, 0x73, 0x20, 0x3a, 0x25, 0x64, 0x20, 0x0a, 0x0a, 0x00 };
/* 0xa742d */ const unsigned char rodata_a742d[30] = { 0x25, 0x73, 0x28, 0x29, 0x3a, 0x20, 0x62, 0x61, 0x74, 0x74, 0x65, 0x72, 0x50, 0x65, 0x72, 0x63, 0x65, 0x6e, 0x74, 0x20, 0x69, 0x73, 0x20, 0x3a, 0x25, 0x64, 0x20, 0x0a, 0x0a, 0x00 };
/* 0xa74b9 */ const unsigned char rodata_a74b9[35] = { 0x70, 0x72, 0x6f, 0x63, 0x65, 0x73, 0x73, 0x5f, 0x70, 0x74, 0x5f, 0x70, 0x72, 0x6f, 0x74, 0x6f, 0x63, 0x6f, 0x6c, 0x20, 0x70, 0x61, 0x72, 0x61, 0x20, 0x69, 0x73, 0x20, 0x65, 0x72, 0x72, 0x6f, 0x72, 0x0a, 0x00 };
/* 0xa74dc */ const unsigned char rodata_a74dc[36] = { 0x25, 0x73, 0x28, 0x29, 0x3a, 0x20, 0x6a, 0x6f, 0x69, 0x6e, 0x20, 0x69, 0x6e, 0x20, 0x69, 0x73, 0x5f, 0x65, 0x78, 0x74, 0x5f, 0x66, 0x6c, 0x61, 0x73, 0x68, 0x5f, 0x62, 0x75, 0x72, 0x6e, 0x65, 0x64, 0x0a, 0x0a, 0x00 };
/* 0xa7500 */ const unsigned char rodata_a7500[43] = { 0x25, 0x73, 0x28, 0x29, 0x3a, 0x20, 0x72, 0x65, 0x61, 0x64, 0x20, 0x66, 0x6c, 0x61, 0x73, 0x68, 0x20, 0x69, 0x64, 0x78, 0x20, 0x25, 0x64, 0x2c, 0x20, 0x63, 0x61, 0x6c, 0x63, 0x20, 0x63, 0x72, 0x63, 0x20, 0x69, 0x73, 0x3a, 0x30, 0x78, 0x25, 0x78, 0x0a, 0x00 };
/* 0xa756a */ const unsigned char rodata_a756a[21] = { 0x73, 0x65, 0x74, 0x20, 0x74, 0x65, 0x73, 0x74, 0x6d, 0x6f, 0x64, 0x65, 0x20, 0x69, 0x73, 0x20, 0x25, 0x64, 0x20, 0x0a, 0x00 };
/* 0xa757f */ const unsigned char rodata_a757f[31] = { 0x5b, 0x25, 0x73, 0x2d, 0x25, 0x64, 0x5d, 0x2c, 0x20, 0x74, 0x68, 0x72, 0x65, 0x61, 0x64, 0x20, 0x68, 0x61, 0x73, 0x20, 0x73, 0x74, 0x61, 0x72, 0x74, 0x65, 0x64, 0x20, 0x21, 0x0a, 0x00 };
/* 0xa759e */ const unsigned char rodata_a759e[18] = { 0x6d, 0x69, 0x63, 0x5f, 0x74, 0x72, 0x61, 0x6e, 0x73, 0x6d, 0x5f, 0x74, 0x68, 0x72, 0x65, 0x61, 0x64, 0x00 };
/* 0xa75c2 */ const unsigned char rodata_a75c2[24] = { 0x73, 0x74, 0x61, 0x72, 0x74, 0x5f, 0x61, 0x67, 0x69, 0x6e, 0x67, 0x5f, 0x6d, 0x6f, 0x64, 0x65, 0x5f, 0x74, 0x68, 0x72, 0x65, 0x61, 0x64, 0x00 };
/* 0xa7655 */ const unsigned char rodata_a7655[24] = { 0x73, 0x65, 0x74, 0x5f, 0x62, 0x72, 0x69, 0x67, 0x68, 0x74, 0x6e, 0x65, 0x73, 0x73, 0x5f, 0x6c, 0x75, 0x6d, 0x5f, 0x62, 0x61, 0x73, 0x65, 0x00 };
/* 0xa766d */ const unsigned char rodata_a766d[20] = { 0x69, 0x73, 0x5f, 0x65, 0x78, 0x74, 0x5f, 0x66, 0x6c, 0x61, 0x73, 0x68, 0x5f, 0x62, 0x75, 0x72, 0x6e, 0x65, 0x64, 0x00 };
/* 0xa769d */ const unsigned char rodata_a769d[20] = { 0x73, 0x65, 0x74, 0x5f, 0x67, 0x6c, 0x61, 0x73, 0x73, 0x65, 0x73, 0x5f, 0x73, 0x6e, 0x5f, 0x69, 0x6e, 0x66, 0x6f, 0x00 };
/* 0xa76cb */ const unsigned char rodata_a76cb[15] = { 0x67, 0x65, 0x74, 0x5f, 0x66, 0x6c, 0x61, 0x73, 0x68, 0x5f, 0x69, 0x6e, 0x66, 0x6f, 0x00 };
/* 0xa76da */ const unsigned char rodata_a76da[24] = { 0x67, 0x65, 0x74, 0x5f, 0x61, 0x73, 0x73, 0x69, 0x67, 0x6e, 0x5f, 0x63, 0x68, 0x61, 0x6e, 0x6e, 0x65, 0x6c, 0x5f, 0x69, 0x6e, 0x66, 0x6f, 0x00 };
/* 0xa76f2 */ const unsigned char rodata_a76f2[19] = { 0x73, 0x65, 0x74, 0x5f, 0x64, 0x65, 0x76, 0x69, 0x63, 0x65, 0x5f, 0x73, 0x6e, 0x5f, 0x69, 0x6e, 0x66, 0x6f, 0x00 };
/* 0xa7712 */ const unsigned char rodata_a7712[18] = { 0x73, 0x65, 0x74, 0x5f, 0x70, 0x61, 0x6e, 0x65, 0x6c, 0x5f, 0x76, 0x6f, 0x6c, 0x74, 0x61, 0x67, 0x65, 0x00 };
/* 0xa7735 */ const unsigned char rodata_a7735[28] = { 0x67, 0x65, 0x74, 0x5f, 0x67, 0x6c, 0x61, 0x73, 0x73, 0x62, 0x6f, 0x78, 0x5f, 0x63, 0x68, 0x61, 0x72, 0x67, 0x65, 0x5f, 0x70, 0x65, 0x72, 0x63, 0x65, 0x6e, 0x74, 0x00 };
/* 0xa7751 */ const unsigned char rodata_a7751[27] = { 0x67, 0x65, 0x74, 0x5f, 0x67, 0x6c, 0x61, 0x73, 0x73, 0x62, 0x6f, 0x78, 0x5f, 0x63, 0x68, 0x61, 0x72, 0x67, 0x65, 0x5f, 0x73, 0x74, 0x61, 0x74, 0x75, 0x73, 0x00 };
/* 0xa776c */ const unsigned char rodata_a776c[20] = { 0x63, 0x6f, 0x6d, 0x6d, 0x20, 0x70, 0x61, 0x72, 0x61, 0x20, 0x69, 0x73, 0x20, 0x65, 0x72, 0x72, 0x6f, 0x72, 0x0a, 0x00 };
/* 0xa7780 */ const unsigned char rodata_a7780[31] = { 0x70, 0x72, 0x6f, 0x63, 0x65, 0x73, 0x73, 0x5f, 0x70, 0x74, 0x5f, 0x70, 0x72, 0x6f, 0x74, 0x6f, 0x63, 0x6f, 0x6c, 0x20, 0x69, 0x73, 0x20, 0x66, 0x61, 0x69, 0x6c, 0x65, 0x64, 0x0a, 0x00 };
/* 0xa779f */ const unsigned char rodata_a779f[22] = { 0x63, 0x6f, 0x6d, 0x6d, 0x5f, 0x77, 0x72, 0x69, 0x74, 0x65, 0x20, 0x69, 0x73, 0x20, 0x66, 0x61, 0x69, 0x6c, 0x65, 0x64, 0x0a, 0x00 };
/* 0xa77b5 */ const unsigned char rodata_a77b5[23] = { 0x65, 0x6e, 0x74, 0x65, 0x72, 0x20, 0x69, 0x6e, 0x74, 0x6f, 0x20, 0x6c, 0x6f, 0x6e, 0x67, 0x20, 0x74, 0x72, 0x69, 0x70, 0x20, 0x0a, 0x00 };
/* 0xa77cc */ const unsigned char rodata_a77cc[65] = { 0x25, 0x73, 0x28, 0x29, 0x3a, 0x20, 0x73, 0x79, 0x73, 0x20, 0x72, 0x65, 0x62, 0x6f, 0x6f, 0x74, 0x20, 0x62, 0x65, 0x63, 0x61, 0x75, 0x73, 0x65, 0x20, 0x70, 0x72, 0x6f, 0x63, 0x65, 0x73, 0x73, 0x5f, 0x70, 0x74, 0x5f, 0x64, 0x61, 0x74, 0x61, 0x20, 0x63, 0x6d, 0x64, 0x20, 0x50, 0x54, 0x50, 0x5f, 0x44, 0x45, 0x56, 0x49, 0x43, 0x45, 0x5f, 0x52, 0x45, 0x53, 0x54, 0x41, 0x52, 0x54, 0x0a, 0x00 };
/* 0xa780d */ const unsigned char rodata_a780d[62] = { 0x25, 0x73, 0x28, 0x29, 0x3a, 0x20, 0x73, 0x79, 0x73, 0x20, 0x72, 0x65, 0x62, 0x6f, 0x6f, 0x74, 0x20, 0x62, 0x65, 0x63, 0x61, 0x75, 0x73, 0x65, 0x20, 0x70, 0x72, 0x6f, 0x63, 0x65, 0x73, 0x73, 0x5f, 0x70, 0x74, 0x5f, 0x64, 0x61, 0x74, 0x61, 0x20, 0x63, 0x6d, 0x64, 0x20, 0x25, 0x64, 0x20, 0x61, 0x6e, 0x64, 0x20, 0x41, 0x43, 0x4b, 0x5f, 0x53, 0x55, 0x43, 0x43, 0x0a, 0x00 };
/* 0xa7882 */ const unsigned char rodata_a7882[16] = { 0x70, 0x72, 0x6f, 0x63, 0x65, 0x73, 0x73, 0x5f, 0x70, 0x74, 0x5f, 0x64, 0x61, 0x74, 0x61, 0x00 };
/* 0xa7892 */ const unsigned char rodata_a7892[39] = { 0x2e, 0x2e, 0x2f, 0x73, 0x72, 0x63, 0x2f, 0x70, 0x72, 0x6f, 0x64, 0x75, 0x63, 0x74, 0x69, 0x6f, 0x6e, 0x5f, 0x74, 0x65, 0x73, 0x74, 0x2f, 0x73, 0x65, 0x72, 0x69, 0x61, 0x6c, 0x5f, 0x74, 0x68, 0x72, 0x65, 0x61, 0x64, 0x2e, 0x63, 0x00 };
/* 0xa78b9 */ const unsigned char rodata_a78b9[24] = { 0x64, 0x65, 0x76, 0x69, 0x63, 0x65, 0x5f, 0x69, 0x73, 0x5f, 0x72, 0x65, 0x61, 0x64, 0x79, 0x28, 0x6c, 0x70, 0x75, 0x61, 0x72, 0x74, 0x29, 0x00 };
/* 0xa78d1 */ const unsigned char rodata_a78d1[26] = { 0x09, 0x4c, 0x50, 0x55, 0x41, 0x52, 0x54, 0x20, 0x64, 0x65, 0x76, 0x69, 0x63, 0x65, 0x20, 0x6e, 0x6f, 0x74, 0x20, 0x72, 0x65, 0x61, 0x64, 0x79, 0x0a, 0x00 };
/* 0xa78eb */ const unsigned char rodata_a78eb[28] = { 0x69, 0x6e, 0x69, 0x74, 0x5f, 0x73, 0x65, 0x72, 0x69, 0x61, 0x6c, 0x5f, 0x70, 0x6f, 0x72, 0x74, 0x20, 0x69, 0x73, 0x20, 0x66, 0x61, 0x69, 0x6c, 0x65, 0x64, 0x0a, 0x00 };
/* 0xa7907 */ const unsigned char rodata_a7907[28] = { 0x69, 0x6e, 0x69, 0x74, 0x5f, 0x73, 0x65, 0x72, 0x69, 0x61, 0x6c, 0x5f, 0x63, 0x6f, 0x6d, 0x6d, 0x20, 0x69, 0x73, 0x20, 0x66, 0x61, 0x69, 0x6c, 0x65, 0x64, 0x0a, 0x00 };
/* 0xa797b */ const unsigned char rodata_a797b[24] = { 0x25, 0x73, 0x28, 0x29, 0x3a, 0x20, 0x54, 0x78, 0x20, 0x73, 0x65, 0x6e, 0x74, 0x20, 0x25, 0x64, 0x20, 0x62, 0x79, 0x74, 0x65, 0x73, 0x0a, 0x00 };
/* 0xa7993 */ const unsigned char rodata_a7993[6] = { 0x25, 0x30, 0x32, 0x78, 0x20, 0x00 };
/* 0xa7999 */ const unsigned char rodata_a7999[18] = { 0x25, 0x73, 0x28, 0x29, 0x3a, 0x20, 0x54, 0x78, 0x20, 0x61, 0x62, 0x6f, 0x72, 0x74, 0x65, 0x64, 0x0a, 0x00 };
/* 0xa79ab */ const unsigned char rodata_a79ab[20] = { 0x72, 0x65, 0x63, 0x76, 0x20, 0x64, 0x61, 0x74, 0x61, 0x20, 0x25, 0x64, 0x20, 0x62, 0x79, 0x74, 0x65, 0x73, 0x3a, 0x00 };
/* 0xa79bf */ const unsigned char rodata_a79bf[44] = { 0x2a, 0x2a, 0x2a, 0x2a, 0x2a, 0x2a, 0x2a, 0x2a, 0x2a, 0x2a, 0x2a, 0x2a, 0x2a, 0x61, 0x6c, 0x6c, 0x6f, 0x63, 0x20, 0x6e, 0x65, 0x77, 0x20, 0x72, 0x78, 0x20, 0x62, 0x75, 0x66, 0x2a, 0x2a, 0x2a, 0x2a, 0x2a, 0x2a, 0x2a, 0x2a, 0x2a, 0x2a, 0x2a, 0x2a, 0x2a, 0x0a, 0x00 };
/* 0xa79eb */ const unsigned char rodata_a79eb[37] = { 0x2e, 0x2e, 0x2f, 0x73, 0x72, 0x63, 0x2f, 0x70, 0x72, 0x6f, 0x64, 0x75, 0x63, 0x74, 0x69, 0x6f, 0x6e, 0x5f, 0x74, 0x65, 0x73, 0x74, 0x2f, 0x73, 0x65, 0x72, 0x69, 0x61, 0x6c, 0x5f, 0x70, 0x6f, 0x72, 0x74, 0x2e, 0x63, 0x00 };
/* 0xa7a10 */ const unsigned char rodata_a7a10[9] = { 0x65, 0x72, 0x72, 0x20, 0x3d, 0x3d, 0x20, 0x30, 0x00 };
/* 0xa7a19 */ const unsigned char rodata_a7a19[26] = { 0x09, 0x46, 0x61, 0x69, 0x6c, 0x65, 0x64, 0x20, 0x74, 0x6f, 0x20, 0x61, 0x6c, 0x6c, 0x6f, 0x63, 0x61, 0x74, 0x65, 0x20, 0x73, 0x6c, 0x61, 0x62, 0x0a, 0x00 };
/* 0xa7a33 */ const unsigned char rodata_a7a33[31] = { 0x09, 0x46, 0x61, 0x69, 0x6c, 0x65, 0x64, 0x20, 0x74, 0x6f, 0x20, 0x70, 0x72, 0x6f, 0x76, 0x69, 0x64, 0x65, 0x20, 0x6e, 0x65, 0x77, 0x20, 0x62, 0x75, 0x66, 0x66, 0x65, 0x72, 0x0a, 0x00 };
/* 0xa7a52 */ const unsigned char rodata_a7a52[89] = { 0x2a, 0x2a, 0x2a, 0x2a, 0x2a, 0x2a, 0x2a, 0x2a, 0x2a, 0x2a, 0x2a, 0x2a, 0x2a, 0x2a, 0x2a, 0x2a, 0x2a, 0x2a, 0x2a, 0x2a, 0x2a, 0x2a, 0x2a, 0x2a, 0x2a, 0x2a, 0x2a, 0x2a, 0x55, 0x41, 0x52, 0x54, 0x5f, 0x52, 0x58, 0x5f, 0x42, 0x55, 0x46, 0x5f, 0x52, 0x45, 0x4c, 0x45, 0x41, 0x53, 0x45, 0x44, 0x2a, 0x2a, 0x2a, 0x2a, 0x2a, 0x2a, 0x2a, 0x2a, 0x2a, 0x2a, 0x2a, 0x2a, 0x2a, 0x2a, 0x2a, 0x2a, 0x2a, 0x2a, 0x2a, 0x2a, 0x2a, 0x2a, 0x2a, 0x2a, 0x2a, 0x2a, 0x2a, 0x2a, 0x2a, 0x2a, 0x2a, 0x2a, 0x2a, 0x2a, 0x2a, 0x2a, 0x2a, 0x2a, 0x2a, 0x0a, 0x00 };
/* 0xa7aab */ const unsigned char rodata_a7aab[22] = { 0x75, 0x73, 0x65, 0x20, 0x72, 0x65, 0x61, 0x64, 0x5f, 0x73, 0x65, 0x72, 0x69, 0x61, 0x6c, 0x5f, 0x64, 0x61, 0x74, 0x61, 0x3a, 0x00 };
/* 0xa7ac1 */ const unsigned char rodata_a7ac1[49] = { 0x45, 0x72, 0x72, 0x3a, 0x73, 0x65, 0x72, 0x69, 0x61, 0x6c, 0x20, 0x72, 0x65, 0x63, 0x76, 0x20, 0x64, 0x61, 0x74, 0x61, 0x20, 0x64, 0x6f, 0x65, 0x73, 0x20, 0x6e, 0x6f, 0x74, 0x20, 0x6d, 0x65, 0x65, 0x74, 0x20, 0x74, 0x68, 0x65, 0x20, 0x70, 0x72, 0x6f, 0x74, 0x6f, 0x63, 0x6f, 0x6c, 0x0a, 0x00 };
/* 0xa7af2 */ const unsigned char rodata_a7af2[33] = { 0x46, 0x61, 0x69, 0x6c, 0x65, 0x64, 0x20, 0x74, 0x6f, 0x20, 0x69, 0x6e, 0x69, 0x74, 0x69, 0x61, 0x74, 0x65, 0x20, 0x74, 0x72, 0x61, 0x6e, 0x73, 0x6d, 0x69, 0x73, 0x73, 0x69, 0x6f, 0x6e, 0x0a, 0x00 };
/* 0xa7b13 */ const unsigned char rodata_a7b13[22] = { 0x46, 0x61, 0x69, 0x6c, 0x65, 0x64, 0x20, 0x74, 0x6f, 0x20, 0x61, 0x6c, 0x6c, 0x6f, 0x63, 0x20, 0x73, 0x6c, 0x61, 0x62, 0x0a, 0x00 };
/* 0xa7b29 */ const unsigned char rodata_a7b29[24] = { 0x46, 0x61, 0x69, 0x6c, 0x65, 0x64, 0x20, 0x74, 0x6f, 0x20, 0x73, 0x65, 0x74, 0x20, 0x63, 0x61, 0x6c, 0x6c, 0x62, 0x61, 0x63, 0x6b, 0x0a, 0x00 };
/* 0xa7b41 */ const unsigned char rodata_a7b41[21] = { 0x46, 0x61, 0x69, 0x6c, 0x65, 0x64, 0x20, 0x74, 0x6f, 0x20, 0x65, 0x6e, 0x61, 0x62, 0x6c, 0x65, 0x20, 0x52, 0x58, 0x0a, 0x00 };
/* 0xa7b56 */ const unsigned char rodata_a7b56[14] = { 0x75, 0x61, 0x72, 0x74, 0x5f, 0x63, 0x61, 0x6c, 0x6c, 0x62, 0x61, 0x63, 0x6b, 0x00 };
/* 0xa7b64 */ const unsigned char rodata_a7b64[48] = { 0x7b, 0x22, 0x77, 0x68, 0x69, 0x74, 0x65, 0x6c, 0x69, 0x73, 0x74, 0x5f, 0x61, 0x70, 0x70, 0x5f, 0x61, 0x64, 0x64, 0x22, 0x3a, 0x20, 0x7b, 0x22, 0x25, 0x73, 0x22, 0x3a, 0x20, 0x20, 0x22, 0x25, 0x73, 0x22, 0x2c, 0x22, 0x25, 0x73, 0x22, 0x3a, 0x20, 0x22, 0x25, 0x73, 0x22, 0x7d, 0x7d, 0x00 };
/* 0xa7b94 */ const unsigned char rodata_a7b94[56] = { 0x5b, 0x63, 0x73, 0x68, 0x5f, 0x64, 0x65, 0x62, 0x75, 0x67, 0x5d, 0x3a, 0x73, 0x65, 0x6e, 0x64, 0x5f, 0x6e, 0x6f, 0x74, 0x69, 0x66, 0x69, 0x5f, 0x61, 0x70, 0x70, 0x5f, 0x77, 0x68, 0x69, 0x74, 0x65, 0x5f, 0x6c, 0x69, 0x73, 0x74, 0x20, 0x61, 0x70, 0x70, 0x20, 0x62, 0x75, 0x66, 0x20, 0x69, 0x73, 0x3a, 0x20, 0x25, 0x73, 0x20, 0x0a, 0x00 };
/* 0xa7bcc */ const unsigned char rodata_a7bcc[41] = { 0x5b, 0x63, 0x73, 0x68, 0x5f, 0x64, 0x65, 0x62, 0x75, 0x67, 0x5d, 0x20, 0x66, 0x61, 0x69, 0x6c, 0x65, 0x64, 0x20, 0x74, 0x6f, 0x20, 0x73, 0x65, 0x6e, 0x64, 0x20, 0x77, 0x68, 0x69, 0x74, 0x65, 0x6c, 0x69, 0x73, 0x74, 0x20, 0x21, 0x21, 0x0a, 0x00 };
/* 0xa7bf5 */ const unsigned char rodata_a7bf5[56] = { 0x5b, 0x25, 0x73, 0x2d, 0x25, 0x64, 0x5d, 0x20, 0x73, 0x70, 0x65, 0x63, 0x69, 0x61, 0x6c, 0x20, 0x70, 0x61, 0x63, 0x6b, 0x61, 0x67, 0x65, 0x20, 0x6e, 0x61, 0x6e, 0x65, 0x3a, 0x25, 0x73, 0x2c, 0x6e, 0x65, 0x65, 0x64, 0x20, 0x6e, 0x6f, 0x74, 0x20, 0x73, 0x65, 0x6e, 0x64, 0x20, 0x74, 0x6f, 0x20, 0x61, 0x70, 0x70, 0x20, 0x21, 0x0a, 0x00 };
/* 0xa7c2d */ const unsigned char rodata_a7c2d[29] = { 0x25, 0x73, 0x28, 0x29, 0x3a, 0x20, 0x69, 0x6e, 0x70, 0x75, 0x74, 0x20, 0x70, 0x61, 0x72, 0x61, 0x6d, 0x20, 0x69, 0x6e, 0x76, 0x61, 0x6c, 0x69, 0x64, 0x20, 0x21, 0x0a, 0x00 };
/* 0xa7c9c */ const unsigned char rodata_a7c9c[26] = { 0x5b, 0x25, 0x73, 0x2d, 0x25, 0x64, 0x5d, 0x20, 0x6d, 0x61, 0x6c, 0x6c, 0x6f, 0x63, 0x20, 0x66, 0x61, 0x69, 0x6c, 0x65, 0x64, 0x20, 0x21, 0x21, 0x0a, 0x00 };
/* 0xa7cb6 */ const unsigned char rodata_a7cb6[32] = { 0x25, 0x73, 0x28, 0x29, 0x3a, 0x20, 0x6e, 0x63, 0x73, 0x20, 0x64, 0x61, 0x74, 0x61, 0x20, 0x72, 0x65, 0x63, 0x65, 0x69, 0x76, 0x65, 0x20, 0x6f, 0x6b, 0x61, 0x79, 0x20, 0x21, 0x0a, 0x0a, 0x00 };
/* 0xa7cd6 */ const unsigned char rodata_a7cd6[30] = { 0x25, 0x73, 0x28, 0x29, 0x3a, 0x20, 0x69, 0x6e, 0x70, 0x75, 0x74, 0x20, 0x70, 0x61, 0x72, 0x61, 0x6d, 0x20, 0x69, 0x73, 0x20, 0x65, 0x72, 0x72, 0x6f, 0x72, 0x20, 0x21, 0x0a, 0x00 };
/* 0xa7cf4 */ const unsigned char rodata_a7cf4[40] = { 0x25, 0x73, 0x28, 0x29, 0x3a, 0x20, 0x5b, 0x63, 0x73, 0x68, 0x5f, 0x64, 0x65, 0x62, 0x75, 0x67, 0x5d, 0x75, 0x6e, 0x72, 0x65, 0x61, 0x64, 0x5f, 0x6d, 0x73, 0x67, 0x5f, 0x6e, 0x75, 0x6d, 0x20, 0x69, 0x73, 0x3a, 0x20, 0x25, 0x64, 0x0a, 0x00 };
/* 0xa7d1c */ const unsigned char rodata_a7d1c[57] = { 0x6e, 0x6f, 0x72, 0x6d, 0x61, 0x6c, 0x20, 0x67, 0x5f, 0x61, 0x72, 0x72, 0x4d, 0x73, 0x67, 0x43, 0x6f, 0x6e, 0x74, 0x65, 0x6e, 0x74, 0x5b, 0x25, 0x64, 0x5d, 0x2e, 0x75, 0x69, 0x64, 0x54, 0x61, 0x69, 0x6c, 0x20, 0x69, 0x73, 0x20, 0x25, 0x64, 0x20, 0x25, 0x64, 0x20, 0x72, 0x65, 0x63, 0x76, 0x54, 0x69, 0x6d, 0x65, 0x20, 0x25, 0x64, 0x0a, 0x00 };
/* 0xa7d55 */ const unsigned char rodata_a7d55[50] = { 0x50, 0x55, 0x53, 0x48, 0x3a, 0x20, 0x67, 0x5f, 0x61, 0x72, 0x72, 0x4d, 0x73, 0x67, 0x43, 0x6f, 0x6e, 0x74, 0x65, 0x6e, 0x74, 0x5b, 0x25, 0x64, 0x5d, 0x2e, 0x75, 0x69, 0x64, 0x54, 0x61, 0x69, 0x6c, 0x20, 0x69, 0x73, 0x20, 0x25, 0x64, 0x20, 0x70, 0x75, 0x73, 0x68, 0x20, 0x25, 0x64, 0x20, 0x0a, 0x00 };
/* 0xa7d87 */ const unsigned char rodata_a7d87[62] = { 0x25, 0x73, 0x28, 0x29, 0x3a, 0x20, 0x23, 0x23, 0x23, 0x23, 0x23, 0x23, 0x63, 0x6c, 0x65, 0x61, 0x72, 0x5f, 0x74, 0x69, 0x6d, 0x65, 0x6f, 0x75, 0x74, 0x5f, 0x6d, 0x65, 0x73, 0x73, 0x61, 0x67, 0x65, 0x20, 0x63, 0x6f, 0x70, 0x79, 0x20, 0x64, 0x61, 0x74, 0x61, 0x20, 0x66, 0x72, 0x6f, 0x6d, 0x20, 0x25, 0x64, 0x20, 0x74, 0x6f, 0x20, 0x20, 0x69, 0x20, 0x25, 0x64, 0x0a, 0x00 };
/* 0xa7dc5 */ const unsigned char rodata_a7dc5[26] = { 0x5b, 0x25, 0x73, 0x2d, 0x25, 0x64, 0x5d, 0x20, 0x6d, 0x65, 0x73, 0x73, 0x61, 0x67, 0x65, 0x20, 0x69, 0x73, 0x20, 0x4e, 0x55, 0x4c, 0x4c, 0x20, 0x0a, 0x00 };
/* 0xa7e3d */ const unsigned char rodata_a7e3d[72] = { 0x25, 0x73, 0x28, 0x29, 0x3a, 0x20, 0x75, 0x70, 0x64, 0x61, 0x74, 0x65, 0x20, 0x70, 0x6f, 0x73, 0x20, 0x74, 0x6f, 0x20, 0x25, 0x64, 0x2c, 0x20, 0x75, 0x69, 0x64, 0x74, 0x61, 0x69, 0x6c, 0x20, 0x25, 0x64, 0x20, 0x6d, 0x65, 0x73, 0x73, 0x61, 0x67, 0x65, 0x2d, 0x3e, 0x73, 0x74, 0x61, 0x72, 0x74, 0x53, 0x68, 0x6f, 0x77, 0x54, 0x69, 0x6d, 0x65, 0x20, 0x25, 0x64, 0x20, 0x61, 0x63, 0x74, 0x69, 0x6f, 0x6e, 0x20, 0x25, 0x64, 0x0a, 0x00 };
/* 0xa7e85 */ const unsigned char rodata_a7e85[62] = { 0x25, 0x73, 0x28, 0x29, 0x3a, 0x20, 0x75, 0x70, 0x64, 0x61, 0x74, 0x65, 0x20, 0x70, 0x6f, 0x73, 0x20, 0x74, 0x6f, 0x20, 0x25, 0x64, 0x2c, 0x20, 0x75, 0x69, 0x64, 0x74, 0x61, 0x69, 0x6c, 0x20, 0x25, 0x64, 0x20, 0x6d, 0x65, 0x73, 0x73, 0x61, 0x67, 0x65, 0x2d, 0x3e, 0x73, 0x74, 0x61, 0x72, 0x74, 0x53, 0x68, 0x6f, 0x77, 0x54, 0x69, 0x6d, 0x65, 0x20, 0x25, 0x64, 0x0a, 0x00 };
/* 0xa7ec3 */ const unsigned char rodata_a7ec3[51] = { 0x5b, 0x63, 0x73, 0x68, 0x5f, 0x64, 0x65, 0x62, 0x75, 0x67, 0x5f, 0x6d, 0x73, 0x67, 0x5d, 0x70, 0x75, 0x73, 0x68, 0x5f, 0x6d, 0x65, 0x73, 0x73, 0x61, 0x67, 0x65, 0x20, 0x67, 0x5f, 0x6d, 0x73, 0x67, 0x5f, 0x6e, 0x75, 0x6d, 0x5f, 0x70, 0x75, 0x73, 0x68, 0x20, 0x69, 0x73, 0x20, 0x25, 0x64, 0x20, 0x0a, 0x00 };
/* 0xa7ef6 */ const unsigned char rodata_a7ef6[28] = { 0x25, 0x73, 0x28, 0x29, 0x3a, 0x20, 0x69, 0x6e, 0x70, 0x75, 0x74, 0x20, 0x70, 0x61, 0x72, 0x6d, 0x20, 0x69, 0x6e, 0x76, 0x61, 0x6c, 0x69, 0x64, 0x20, 0x21, 0x0a, 0x00 };
/* 0xa7f12 */ const unsigned char rodata_a7f12[47] = { 0x25, 0x73, 0x28, 0x29, 0x3a, 0x20, 0x42, 0x4c, 0x45, 0x5f, 0x52, 0x45, 0x51, 0x5f, 0x50, 0x4f, 0x53, 0x54, 0x5f, 0x4e, 0x4f, 0x54, 0x49, 0x46, 0x49, 0x43, 0x41, 0x54, 0x49, 0x4f, 0x4e, 0x5f, 0x4d, 0x53, 0x47, 0x20, 0x73, 0x6f, 0x75, 0x72, 0x63, 0x65, 0x3a, 0x25, 0x64, 0x0a, 0x00 };
/* 0xa7f41 */ const unsigned char rodata_a7f41[56] = { 0x25, 0x73, 0x28, 0x29, 0x3a, 0x20, 0x73, 0x63, 0x68, 0x65, 0x64, 0x75, 0x6c, 0x65, 0x5f, 0x6e, 0x6f, 0x74, 0x69, 0x66, 0x23, 0x74, 0x69, 0x74, 0x6c, 0x65, 0x3a, 0x25, 0x73, 0x2c, 0x20, 0x64, 0x65, 0x73, 0x63, 0x3a, 0x25, 0x73, 0x2c, 0x20, 0x74, 0x73, 0x3a, 0x25, 0x64, 0x2c, 0x20, 0x64, 0x61, 0x74, 0x65, 0x3a, 0x25, 0x73, 0x0a, 0x00 };
/* 0xa7f79 */ const unsigned char rodata_a7f79[53] = { 0x25, 0x73, 0x28, 0x29, 0x3a, 0x20, 0x5b, 0x25, 0x73, 0x2d, 0x25, 0x64, 0x5d, 0x20, 0x69, 0x6e, 0x76, 0x6c, 0x69, 0x61, 0x64, 0x20, 0x20, 0x6d, 0x65, 0x73, 0x73, 0x61, 0x67, 0x65, 0x20, 0x6c, 0x65, 0x6e, 0x2c, 0x20, 0x64, 0x61, 0x74, 0x61, 0x5f, 0x6c, 0x65, 0x6e, 0x20, 0x69, 0x73, 0x20, 0x25, 0x64, 0x0a, 0x0a, 0x00 };
/* 0xa8017 */ const unsigned char rodata_a8017[52] = { 0x5b, 0x63, 0x73, 0x68, 0x5f, 0x64, 0x65, 0x62, 0x75, 0x67, 0x5f, 0x6d, 0x73, 0x67, 0x5d, 0x6d, 0x73, 0x67, 0x5f, 0x63, 0x6f, 0x75, 0x6e, 0x74, 0x5f, 0x64, 0x65, 0x63, 0x20, 0x75, 0x6e, 0x72, 0x65, 0x61, 0x64, 0x5f, 0x6d, 0x73, 0x67, 0x5f, 0x6e, 0x75, 0x6d, 0x20, 0x69, 0x73, 0x20, 0x25, 0x64, 0x20, 0x0a, 0x00 };
/* 0xa804b */ const unsigned char rodata_a804b[33] = { 0x25, 0x73, 0x28, 0x29, 0x3a, 0x20, 0x5b, 0x25, 0x73, 0x2d, 0x25, 0x64, 0x5d, 0x20, 0x6d, 0x65, 0x73, 0x73, 0x61, 0x67, 0x65, 0x20, 0x69, 0x73, 0x20, 0x4e, 0x55, 0x4c, 0x4c, 0x20, 0x0a, 0x0a, 0x00 };
/* 0xa806c */ const unsigned char rodata_a806c[80] = { 0x65, 0x78, 0x63, 0x65, 0x70, 0x74, 0x69, 0x6f, 0x6e, 0x20, 0x68, 0x61, 0x6e, 0x64, 0x6c, 0x65, 0x2c, 0x20, 0x47, 0x4c, 0x4f, 0x42, 0x41, 0x4c, 0x2d, 0x3e, 0x6d, 0x61, 0x73, 0x74, 0x65, 0x72, 0x5f, 0x73, 0x79, 0x6e, 0x63, 0x5f, 0x70, 0x6b, 0x67, 0x2e, 0x70, 0x61, 0x6e, 0x65, 0x6c, 0x5f, 0x64, 0x61, 0x74, 0x61, 0x5f, 0x70, 0x6b, 0x67, 0x2e, 0x75, 0x6e, 0x72, 0x65, 0x61, 0x64, 0x5f, 0x6d, 0x73, 0x67, 0x5f, 0x6e, 0x75, 0x6d, 0x20, 0x69, 0x73, 0x20, 0x25, 0x64, 0x20, 0x0a, 0x00 };
/* 0xa80bc */ const unsigned char rodata_a80bc[39] = { 0x5b, 0x63, 0x73, 0x68, 0x5f, 0x64, 0x65, 0x62, 0x75, 0x67, 0x5f, 0x6d, 0x73, 0x67, 0x5d, 0x67, 0x5f, 0x63, 0x75, 0x72, 0x53, 0x68, 0x6f, 0x77, 0x4d, 0x73, 0x67, 0x49, 0x64, 0x78, 0x20, 0x69, 0x73, 0x20, 0x25, 0x64, 0x20, 0x0a, 0x00 };
/* 0xa80e3 */ const unsigned char rodata_a80e3[99] = { 0x25, 0x73, 0x28, 0x29, 0x3a, 0x20, 0x5b, 0x63, 0x73, 0x68, 0x5f, 0x64, 0x65, 0x62, 0x75, 0x67, 0x5f, 0x6d, 0x73, 0x67, 0x5d, 0x74, 0x68, 0x65, 0x20, 0x6d, 0x73, 0x67, 0x20, 0x68, 0x61, 0x73, 0x20, 0x65, 0x78, 0x70, 0x69, 0x72, 0x74, 0x69, 0x6f, 0x6e, 0x2c, 0x67, 0x5f, 0x63, 0x75, 0x72, 0x53, 0x68, 0x6f, 0x77, 0x4d, 0x73, 0x67, 0x49, 0x64, 0x78, 0x20, 0x69, 0x73, 0x20, 0x25, 0x75, 0x2c, 0x20, 0x73, 0x74, 0x61, 0x72, 0x74, 0x53, 0x68, 0x6f, 0x77, 0x54, 0x69, 0x6d, 0x65, 0x20, 0x69, 0x73, 0x20, 0x25, 0x75, 0x2c, 0x20, 0x6e, 0x6f, 0x77, 0x20, 0x69, 0x73, 0x20, 0x25, 0x64, 0x0a, 0x0a, 0x00 };
/* 0xa8146 */ const unsigned char rodata_a8146[46] = { 0x65, 0x72, 0x72, 0x6f, 0x72, 0x20, 0x73, 0x74, 0x61, 0x72, 0x74, 0x53, 0x68, 0x6f, 0x77, 0x54, 0x69, 0x6d, 0x65, 0x2c, 0x20, 0x67, 0x72, 0x65, 0x61, 0x74, 0x65, 0x20, 0x74, 0x68, 0x61, 0x6e, 0x20, 0x6e, 0x6f, 0x77, 0x20, 0x74, 0x69, 0x6d, 0x65, 0x20, 0x21, 0x20, 0x0a, 0x00 };
/* 0xa8174 */ const unsigned char rodata_a8174[42] = { 0x25, 0x73, 0x28, 0x29, 0x3a, 0x20, 0x61, 0x64, 0x64, 0x20, 0x66, 0x6f, 0x75, 0x6e, 0x64, 0x20, 0x73, 0x61, 0x6d, 0x65, 0x20, 0x6d, 0x65, 0x73, 0x73, 0x61, 0x67, 0x65, 0x2c, 0x20, 0x75, 0x69, 0x64, 0x74, 0x61, 0x69, 0x6c, 0x20, 0x25, 0x64, 0x0a, 0x00 };
/* 0xa819e */ const unsigned char rodata_a819e[25] = { 0x63, 0x6f, 0x6d, 0x2e, 0x61, 0x6e, 0x64, 0x72, 0x6f, 0x69, 0x64, 0x2e, 0x70, 0x68, 0x6f, 0x6e, 0x65, 0x5f, 0x6d, 0x69, 0x73, 0x73, 0x65, 0x64, 0x00 };
/* 0xa81b7 */ const unsigned char rodata_a81b7[25] = { 0x63, 0x6f, 0x6d, 0x2e, 0x61, 0x6e, 0x64, 0x72, 0x6f, 0x69, 0x64, 0x2e, 0x70, 0x68, 0x6f, 0x6e, 0x65, 0x5f, 0x69, 0x6e, 0x63, 0x61, 0x6c, 0x6c, 0x00 };
/* 0xa81d0 */ const unsigned char rodata_a81d0[22] = { 0x63, 0x6f, 0x6d, 0x2e, 0x61, 0x70, 0x70, 0x6c, 0x65, 0x2e, 0x6d, 0x6f, 0x62, 0x69, 0x6c, 0x65, 0x70, 0x68, 0x6f, 0x6e, 0x65, 0x00 };
/* 0xa81e6 */ const unsigned char rodata_a81e6[20] = { 0x63, 0x6f, 0x6d, 0x2e, 0x61, 0x70, 0x70, 0x6c, 0x65, 0x2e, 0x4d, 0x6f, 0x62, 0x69, 0x6c, 0x65, 0x53, 0x4d, 0x53, 0x00 };
/* 0xa81fa */ const unsigned char rodata_a81fa[21] = { 0x63, 0x6f, 0x6d, 0x2e, 0x61, 0x6e, 0x64, 0x72, 0x6f, 0x69, 0x64, 0x2e, 0x65, 0x76, 0x65, 0x6e, 0x5f, 0x73, 0x6d, 0x73, 0x00 };
/* 0xa820f */ const unsigned char rodata_a820f[18] = { 0x69, 0x73, 0x5f, 0x6d, 0x73, 0x67, 0x5f, 0x65, 0x78, 0x70, 0x69, 0x72, 0x61, 0x74, 0x69, 0x6f, 0x6e, 0x00 };
/* 0xa8221 */ const unsigned char rodata_a8221[13] = { 0x70, 0x75, 0x6c, 0x6c, 0x5f, 0x6d, 0x65, 0x73, 0x73, 0x61, 0x67, 0x65, 0x00 };
/* 0xa822e */ const unsigned char rodata_a822e[13] = { 0x70, 0x75, 0x6c, 0x6c, 0x5f, 0x6d, 0x65, 0x73, 0x73, 0x61, 0x67, 0x65, 0x00 };
/* 0xa823b */ const unsigned char rodata_a823b[13] = { 0x70, 0x75, 0x73, 0x68, 0x5f, 0x6d, 0x65, 0x73, 0x73, 0x61, 0x67, 0x65, 0x00 };
/* 0xa8248 */ const unsigned char rodata_a8248[13] = { 0x70, 0x75, 0x73, 0x68, 0x5f, 0x6d, 0x65, 0x73, 0x73, 0x61, 0x67, 0x65, 0x00 };
/* 0xa8255 */ const unsigned char rodata_a8255[16] = { 0x63, 0x6f, 0x6e, 0x66, 0x69, 0x72, 0x6d, 0x5f, 0x6d, 0x65, 0x73, 0x73, 0x61, 0x67, 0x65, 0x00 };
/* 0xa8265 */ const unsigned char rodata_a8265[22] = { 0x63, 0x6c, 0x65, 0x61, 0x72, 0x5f, 0x74, 0x69, 0x6d, 0x65, 0x6f, 0x75, 0x74, 0x5f, 0x6d, 0x65, 0x73, 0x73, 0x61, 0x67, 0x65, 0x00 };
/* 0xa829f */ const unsigned char rodata_a829f[37] = { 0x67, 0x65, 0x74, 0x5f, 0x6e, 0x6f, 0x74, 0x69, 0x66, 0x69, 0x63, 0x61, 0x74, 0x69, 0x6f, 0x6e, 0x5f, 0x63, 0x6f, 0x75, 0x6e, 0x74, 0x73, 0x5f, 0x63, 0x6d, 0x64, 0x5f, 0x72, 0x65, 0x73, 0x70, 0x6f, 0x6e, 0x73, 0x65, 0x00 };
/* 0xa82c4 */ const unsigned char rodata_a82c4[30] = { 0x70, 0x6f, 0x73, 0x74, 0x5f, 0x6e, 0x6f, 0x74, 0x69, 0x66, 0x69, 0x63, 0x61, 0x74, 0x69, 0x6f, 0x6e, 0x5f, 0x63, 0x6d, 0x64, 0x5f, 0x70, 0x72, 0x6f, 0x63, 0x65, 0x73, 0x73, 0x00 };
/* 0xa82e2 */ const unsigned char rodata_a82e2[30] = { 0x70, 0x6f, 0x73, 0x74, 0x5f, 0x6e, 0x6f, 0x74, 0x69, 0x66, 0x69, 0x63, 0x61, 0x74, 0x69, 0x6f, 0x6e, 0x5f, 0x63, 0x6d, 0x64, 0x5f, 0x70, 0x72, 0x6f, 0x63, 0x65, 0x73, 0x73, 0x00 };
/* 0xa8300 */ const unsigned char rodata_a8300[31] = { 0x70, 0x6f, 0x73, 0x74, 0x5f, 0x6e, 0x6f, 0x74, 0x69, 0x66, 0x69, 0x63, 0x61, 0x74, 0x69, 0x6f, 0x6e, 0x5f, 0x63, 0x6d, 0x64, 0x5f, 0x72, 0x65, 0x73, 0x70, 0x6f, 0x6e, 0x73, 0x65, 0x00 };
/* 0xa831f */ const unsigned char rodata_a831f[31] = { 0x70, 0x6f, 0x73, 0x74, 0x5f, 0x6e, 0x6f, 0x74, 0x69, 0x66, 0x69, 0x63, 0x61, 0x74, 0x69, 0x6f, 0x6e, 0x5f, 0x63, 0x6d, 0x64, 0x5f, 0x72, 0x65, 0x73, 0x70, 0x6f, 0x6e, 0x73, 0x65, 0x00 };
/* 0xa833e */ const unsigned char rodata_a833e[32] = { 0x73, 0x65, 0x6e, 0x64, 0x5f, 0x77, 0x68, 0x69, 0x6c, 0x65, 0x6c, 0x69, 0x73, 0x74, 0x5f, 0x61, 0x70, 0x70, 0x5f, 0x69, 0x6e, 0x66, 0x6f, 0x5f, 0x77, 0x72, 0x61, 0x70, 0x70, 0x65, 0x72, 0x00 };
/* 0xa835e */ const unsigned char rodata_a835e[21] = { 0x63, 0x6f, 0x6d, 0x2e, 0x61, 0x70, 0x70, 0x6c, 0x65, 0x2e, 0x6d, 0x6f, 0x62, 0x69, 0x6c, 0x65, 0x6d, 0x61, 0x69, 0x6c, 0x00 };
/* 0xa8373 */ const unsigned char rodata_a8373[26] = { 0x63, 0x6f, 0x6d, 0x2e, 0x61, 0x6e, 0x64, 0x72, 0x6f, 0x69, 0x64, 0x2e, 0x65, 0x76, 0x65, 0x6e, 0x5f, 0x63, 0x61, 0x6c, 0x65, 0x6e, 0x64, 0x61, 0x72, 0x00 };
/* 0xa838d */ const unsigned char rodata_a838d[29] = { 0x25, 0x73, 0x28, 0x29, 0x3a, 0x20, 0x65, 0x72, 0x72, 0x6f, 0x72, 0x20, 0x72, 0x6f, 0x6f, 0x74, 0x20, 0x4a, 0x53, 0x4f, 0x4e, 0x20, 0x4e, 0x4f, 0x44, 0x45, 0x21, 0x0a, 0x00 };
/* 0xa83aa */ const unsigned char rodata_a83aa[32] = { 0x25, 0x73, 0x28, 0x29, 0x3a, 0x20, 0x4e, 0x4f, 0x54, 0x20, 0x46, 0x4f, 0x55, 0x4e, 0x44, 0x20, 0x4e, 0x43, 0x53, 0x20, 0x4a, 0x53, 0x4f, 0x4e, 0x20, 0x4e, 0x4f, 0x44, 0x45, 0x21, 0x0a, 0x00 };
/* 0xa83ca */ const unsigned char rodata_a83ca[7] = { 0x6d, 0x73, 0x67, 0x5f, 0x69, 0x64, 0x00 };
/* 0xa83d1 */ const unsigned char rodata_a83d1[7] = { 0x61, 0x63, 0x74, 0x69, 0x6f, 0x6e, 0x00 };
/* 0xa83d8 */ const unsigned char rodata_a83d8[17] = { 0x23, 0x64, 0x65, 0x76, 0x69, 0x63, 0x65, 0x2d, 0x72, 0x65, 0x63, 0x65, 0x69, 0x76, 0x65, 0x72, 0x00 };
/* 0xa83e9 */ const unsigned char rodata_a83e9[23] = { 0x70, 0x61, 0x72, 0x73, 0x65, 0x5f, 0x6e, 0x63, 0x73, 0x5f, 0x6e, 0x6f, 0x74, 0x69, 0x66, 0x69, 0x63, 0x61, 0x74, 0x69, 0x6f, 0x6e, 0x00 };
/* 0xa8400 */ const unsigned char rodata_a8400[46] = { 0x5b, 0x25, 0x73, 0x2d, 0x25, 0x64, 0x5d, 0x20, 0x66, 0x6c, 0x61, 0x73, 0x68, 0x5f, 0x73, 0x65, 0x74, 0x74, 0x69, 0x6e, 0x67, 0x73, 0x5f, 0x72, 0x65, 0x61, 0x64, 0x20, 0x65, 0x72, 0x72, 0x6f, 0x72, 0x2c, 0x72, 0x65, 0x74, 0x20, 0x69, 0x73, 0x20, 0x25, 0x64, 0x20, 0x0a, 0x00 };
/* 0xa842e */ const unsigned char rodata_a842e[32] = { 0x5b, 0x25, 0x73, 0x2d, 0x25, 0x64, 0x5d, 0x20, 0x65, 0x72, 0x72, 0x6f, 0x72, 0x2c, 0x61, 0x70, 0x70, 0x43, 0x6f, 0x75, 0x6e, 0x74, 0x73, 0x20, 0x69, 0x73, 0x20, 0x25, 0x64, 0x20, 0x0a, 0x00 };
/* 0xa844e */ const unsigned char rodata_a844e[28] = { 0x5b, 0x25, 0x73, 0x2d, 0x25, 0x64, 0x5d, 0x20, 0x70, 0x6b, 0x67, 0x5f, 0x6e, 0x61, 0x6d, 0x65, 0x20, 0x69, 0x73, 0x20, 0x4e, 0x55, 0x4c, 0x4c, 0x20, 0x21, 0x0a, 0x00 };
/* 0xa8491 */ const unsigned char rodata_a8491[17] = { 0x70, 0x6b, 0x67, 0x5f, 0x6e, 0x61, 0x6d, 0x65, 0x20, 0x69, 0x73, 0x20, 0x25, 0x73, 0x20, 0x0a, 0x00 };
/* 0xa84a2 */ const unsigned char rodata_a84a2[34] = { 0x77, 0x68, 0x69, 0x74, 0x65, 0x6c, 0x69, 0x73, 0x74, 0x20, 0x74, 0x79, 0x70, 0x65, 0x20, 0x63, 0x61, 0x6c, 0x6c, 0x20, 0x69, 0x73, 0x20, 0x65, 0x6e, 0x61, 0x62, 0x6c, 0x65, 0x20, 0x21, 0x20, 0x0a, 0x00 };
/* 0xa84c4 */ const unsigned char rodata_a84c4[35] = { 0x77, 0x68, 0x69, 0x74, 0x65, 0x6c, 0x69, 0x73, 0x74, 0x20, 0x74, 0x79, 0x70, 0x65, 0x20, 0x63, 0x61, 0x6c, 0x6c, 0x20, 0x69, 0x73, 0x20, 0x64, 0x69, 0x73, 0x61, 0x62, 0x6c, 0x65, 0x20, 0x21, 0x20, 0x0a, 0x00 };
/* 0xa85c4 */ const unsigned char rodata_a85c4[18] = { 0x61, 0x70, 0x70, 0x63, 0x6f, 0x75, 0x6e, 0x74, 0x73, 0x20, 0x69, 0x73, 0x20, 0x25, 0x64, 0x20, 0x0a, 0x00 };
/* 0xa85d6 */ const unsigned char rodata_a85d6[46] = { 0x67, 0x5f, 0x61, 0x70, 0x70, 0x57, 0x68, 0x69, 0x74, 0x65, 0x4c, 0x69, 0x73, 0x74, 0x49, 0x6e, 0x66, 0x6f, 0x2e, 0x6c, 0x69, 0x73, 0x74, 0x41, 0x70, 0x70, 0x49, 0x6e, 0x66, 0x6f, 0x5b, 0x25, 0x64, 0x5d, 0x2e, 0x69, 0x64, 0x20, 0x69, 0x73, 0x20, 0x25, 0x73, 0x20, 0x0a, 0x00 };
/* 0xa8604 */ const unsigned char rodata_a8604[40] = { 0x65, 0x72, 0x72, 0x6f, 0x72, 0x20, 0x72, 0x6f, 0x6f, 0x74, 0x20, 0x4a, 0x53, 0x4f, 0x4e, 0x20, 0x4e, 0x4f, 0x44, 0x45, 0x2c, 0x6a, 0x73, 0x6f, 0x6e, 0x5f, 0x62, 0x75, 0x66, 0x66, 0x65, 0x72, 0x20, 0x69, 0x73, 0x20, 0x25, 0x73, 0x0a, 0x00 };
/* 0xa862c */ const unsigned char rodata_a862c[12] = { 0x63, 0x61, 0x6c, 0x6c, 0x5f, 0x65, 0x6e, 0x61, 0x62, 0x6c, 0x65, 0x00 };
/* 0xa8638 */ const unsigned char rodata_a8638[22] = { 0x63, 0x61, 0x6c, 0x6c, 0x45, 0x6e, 0x61, 0x62, 0x6c, 0x65, 0x20, 0x69, 0x73, 0x20, 0x4e, 0x55, 0x4c, 0x4c, 0x20, 0x21, 0x0a, 0x00 };
/* 0xa864e */ const unsigned char rodata_a864e[11] = { 0x6d, 0x73, 0x67, 0x5f, 0x65, 0x6e, 0x61, 0x62, 0x6c, 0x65, 0x00 };
/* 0xa866e */ const unsigned char rodata_a866e[16] = { 0x63, 0x61, 0x6c, 0x65, 0x6e, 0x64, 0x61, 0x72, 0x5f, 0x65, 0x6e, 0x61, 0x62, 0x6c, 0x65, 0x00 };
/* 0xa869b */ const unsigned char rodata_a869b[16] = { 0x69, 0x6f, 0x73, 0x5f, 0x6d, 0x61, 0x69, 0x6c, 0x5f, 0x65, 0x6e, 0x61, 0x62, 0x6c, 0x65, 0x00 };
/* 0xa870b */ const unsigned char rodata_a870b[25] = { 0x73, 0x69, 0x6e, 0x67, 0x6c, 0x65, 0x41, 0x70, 0x70, 0x4a, 0x73, 0x6f, 0x6e, 0x20, 0x69, 0x73, 0x20, 0x4e, 0x55, 0x4c, 0x4c, 0x20, 0x21, 0x0a, 0x00 };
/* 0xa8750 */ const unsigned char rodata_a8750[18] = { 0x69, 0x6e, 0x76, 0x61, 0x6c, 0x69, 0x64, 0x20, 0x70, 0x61, 0x72, 0x61, 0x6d, 0x20, 0x21, 0x20, 0x0a, 0x00 };
/* 0xa8762 */ const unsigned char rodata_a8762[24] = { 0x65, 0x72, 0x72, 0x6f, 0x72, 0x20, 0x72, 0x6f, 0x6f, 0x74, 0x20, 0x4a, 0x53, 0x4f, 0x4e, 0x20, 0x4e, 0x4f, 0x44, 0x45, 0x20, 0x21, 0x0a, 0x00 };
/* 0xa886d */ const unsigned char rodata_a886d[23] = { 0x74, 0x68, 0x65, 0x20, 0x73, 0x61, 0x6d, 0x65, 0x20, 0x77, 0x68, 0x69, 0x74, 0x65, 0x6c, 0x69, 0x73, 0x74, 0x20, 0x21, 0x20, 0x0a, 0x00 };
/* 0xa8884 */ const unsigned char rodata_a8884[37] = { 0x69, 0x73, 0x5f, 0x74, 0x68, 0x65, 0x5f, 0x73, 0x61, 0x6d, 0x65, 0x5f, 0x77, 0x68, 0x69, 0x74, 0x65, 0x6c, 0x69, 0x73, 0x74, 0x5f, 0x61, 0x70, 0x70, 0x20, 0x72, 0x65, 0x74, 0x20, 0x69, 0x73, 0x20, 0x25, 0x64, 0x0a, 0x00 };
/* 0xa88a9 */ const unsigned char rodata_a88a9[21] = { 0x5b, 0x25, 0x73, 0x2d, 0x25, 0x64, 0x5d, 0x62, 0x75, 0x66, 0x20, 0x69, 0x73, 0x20, 0x6e, 0x75, 0x6c, 0x6c, 0x20, 0x0a, 0x00 };
/* 0xa88d8 */ const unsigned char rodata_a88d8[25] = { 0x5b, 0x25, 0x73, 0x2d, 0x25, 0x64, 0x5d, 0x61, 0x70, 0x70, 0x4a, 0x73, 0x6f, 0x6e, 0x20, 0x69, 0x73, 0x20, 0x6e, 0x75, 0x6c, 0x6c, 0x20, 0x0a, 0x00 };
/* 0xa892b */ const unsigned char rodata_a892b[17] = { 0x63, 0x4a, 0x73, 0x6f, 0x6e, 0x53, 0x74, 0x72, 0x20, 0x69, 0x73, 0x20, 0x25, 0x73, 0x20, 0x0a, 0x00 };
/* 0xa893c */ const unsigned char rodata_a893c[22] = { 0x5b, 0x25, 0x73, 0x2d, 0x25, 0x64, 0x5d, 0x20, 0x62, 0x75, 0x66, 0x20, 0x69, 0x73, 0x20, 0x4e, 0x55, 0x4c, 0x4c, 0x20, 0x0a, 0x00 };
/* 0xa8952 */ const unsigned char rodata_a8952[26] = { 0x5b, 0x25, 0x73, 0x2d, 0x25, 0x64, 0x5d, 0x20, 0x74, 0x6f, 0x74, 0x61, 0x6c, 0x5f, 0x6c, 0x65, 0x6e, 0x20, 0x69, 0x73, 0x20, 0x25, 0x64, 0x20, 0x0a, 0x00 };
/* 0xa896c */ const unsigned char rodata_a896c[40] = { 0x77, 0x72, 0x69, 0x74, 0x65, 0x20, 0x74, 0x6f, 0x20, 0x66, 0x6c, 0x61, 0x73, 0x68, 0x20, 0x66, 0x61, 0x69, 0x6c, 0x65, 0x64, 0x2c, 0x20, 0x73, 0x68, 0x6f, 0x75, 0x6c, 0x64, 0x20, 0x72, 0x65, 0x74, 0x72, 0x79, 0x20, 0x21, 0x20, 0x0a, 0x00 };
/* 0xa8994 */ const unsigned char rodata_a8994[52] = { 0x5b, 0x25, 0x73, 0x2d, 0x25, 0x64, 0x5d, 0x20, 0x66, 0x6c, 0x61, 0x73, 0x68, 0x5f, 0x73, 0x65, 0x74, 0x74, 0x69, 0x6e, 0x67, 0x73, 0x5f, 0x77, 0x72, 0x69, 0x74, 0x65, 0x5f, 0x61, 0x6e, 0x64, 0x5f, 0x76, 0x65, 0x72, 0x69, 0x66, 0x79, 0x20, 0x72, 0x65, 0x74, 0x20, 0x69, 0x73, 0x20, 0x25, 0x64, 0x20, 0x0a, 0x00 };
/* 0xa89c8 */ const unsigned char rodata_a89c8[32] = { 0x73, 0x74, 0x6f, 0x72, 0x65, 0x5f, 0x77, 0x72, 0x69, 0x74, 0x65, 0x23, 0x77, 0x68, 0x69, 0x74, 0x65, 0x6c, 0x69, 0x73, 0x74, 0x5f, 0x61, 0x70, 0x70, 0x3a, 0x20, 0x46, 0x41, 0x49, 0x4c, 0x00 };
/* 0xa8a05 */ const unsigned char rodata_a8a05[31] = { 0x4d, 0x41, 0x58, 0x5f, 0x57, 0x48, 0x49, 0x54, 0x45, 0x5f, 0x4c, 0x49, 0x53, 0x54, 0x5f, 0x42, 0x55, 0x46, 0x5f, 0x4c, 0x45, 0x4e, 0x20, 0x69, 0x73, 0x20, 0x25, 0x64, 0x20, 0x0a, 0x00 };
/* 0xa8a24 */ const unsigned char rodata_a8a24[15] = { 0x64, 0x75, 0x6d, 0x70, 0x5f, 0x77, 0x68, 0x69, 0x74, 0x65, 0x6c, 0x69, 0x73, 0x74, 0x00 };
/* 0xa8a33 */ const unsigned char rodata_a8a33[30] = { 0x67, 0x65, 0x74, 0x5f, 0x77, 0x68, 0x69, 0x74, 0x65, 0x6c, 0x69, 0x73, 0x74, 0x5f, 0x61, 0x70, 0x70, 0x5f, 0x66, 0x72, 0x6f, 0x6d, 0x5f, 0x64, 0x65, 0x76, 0x69, 0x63, 0x65, 0x00 };
/* 0xa8a51 */ const unsigned char rodata_a8a51[30] = { 0x63, 0x6f, 0x6e, 0x76, 0x65, 0x72, 0x74, 0x5f, 0x61, 0x70, 0x70, 0x5f, 0x77, 0x68, 0x69, 0x74, 0x65, 0x6c, 0x69, 0x73, 0x74, 0x5f, 0x74, 0x6f, 0x5f, 0x6a, 0x73, 0x6f, 0x6e, 0x00 };
/* 0xa8a6f */ const unsigned char rodata_a8a6f[27] = { 0x70, 0x75, 0x74, 0x5f, 0x77, 0x68, 0x69, 0x74, 0x65, 0x6c, 0x69, 0x73, 0x74, 0x5f, 0x61, 0x70, 0x70, 0x5f, 0x66, 0x72, 0x6f, 0x6d, 0x5f, 0x61, 0x70, 0x70, 0x00 };
/* 0xa8a8a */ const unsigned char rodata_a8a8a[30] = { 0x69, 0x73, 0x5f, 0x6f, 0x6e, 0x5f, 0x77, 0x68, 0x69, 0x74, 0x65, 0x6c, 0x69, 0x73, 0x74, 0x5f, 0x62, 0x79, 0x5f, 0x69, 0x64, 0x65, 0x6e, 0x74, 0x69, 0x66, 0x69, 0x65, 0x72, 0x00 };
/* 0xa8aa8 */ const unsigned char rodata_a8aa8[15] = { 0x6c, 0x6f, 0x61, 0x64, 0x5f, 0x77, 0x68, 0x69, 0x74, 0x65, 0x6c, 0x69, 0x73, 0x74, 0x00 };
/* 0xa8ab7 */ const unsigned char rodata_a8ab7[16] = { 0x73, 0x74, 0x6f, 0x72, 0x65, 0x5f, 0x77, 0x68, 0x69, 0x74, 0x65, 0x6c, 0x69, 0x73, 0x74, 0x00 };
/* 0xa8ac7 */ const unsigned char rodata_a8ac7[52] = { 0x63, 0x75, 0x72, 0x72, 0x65, 0x6e, 0x74, 0x54, 0x69, 0x6d, 0x65, 0x20, 0x69, 0x73, 0x20, 0x25, 0x64, 0x2c, 0x72, 0x65, 0x63, 0x76, 0x54, 0x69, 0x6d, 0x65, 0x20, 0x69, 0x73, 0x20, 0x25, 0x64, 0x2c, 0x75, 0x6e, 0x52, 0x65, 0x61, 0x64, 0x54, 0x69, 0x6d, 0x65, 0x20, 0x69, 0x73, 0x20, 0x25, 0x64, 0x20, 0x0a, 0x00 };
/* 0xa8afb */ const unsigned char rodata_a8afb[6] = { 0x4a, 0x65, 0x74, 0x7a, 0x74, 0x00 };
/* 0xa8b01 */ const unsigned char rodata_a8b01[12] = { 0x56, 0x6f, 0x72, 0x20, 0x25, 0x64, 0x20, 0x4d, 0x69, 0x6e, 0x2e, 0x00 };
/* 0xa8b0d */ const unsigned char rodata_a8b0d[12] = { 0x56, 0x6f, 0x72, 0x20, 0x25, 0x64, 0x20, 0x53, 0x74, 0x64, 0x2e, 0x00 };
/* 0xa8b19 */ const unsigned char rodata_a8b19[8] = { 0x47, 0x65, 0x73, 0x74, 0x65, 0x72, 0x6e, 0x00 };
/* 0xa8b21 */ const unsigned char rodata_a8b21[10] = { 0x25, 0x30, 0x32, 0x64, 0x2f, 0x25, 0x30, 0x32, 0x64, 0x00 };
/* 0xa8b2b */ const unsigned char rodata_a8b2b[4] = { 0x4e, 0x6f, 0x77, 0x00 };
/* 0xa8b2f */ const unsigned char rodata_a8b2f[8] = { 0x25, 0x64, 0x6d, 0x20, 0x61, 0x67, 0x6f, 0x00 };
/* 0xa8b37 */ const unsigned char rodata_a8b37[8] = { 0x25, 0x64, 0x68, 0x20, 0x61, 0x67, 0x6f, 0x00 };
/* 0xa8b3f */ const unsigned char rodata_a8b3f[40] = { 0x64, 0x61, 0x74, 0x65, 0x3a, 0x20, 0x25, 0x75, 0x3a, 0x20, 0x25, 0x30, 0x34, 0x64, 0x2f, 0x25, 0x30, 0x32, 0x64, 0x2f, 0x25, 0x30, 0x32, 0x64, 0x2d, 0x25, 0x30, 0x32, 0x64, 0x3a, 0x25, 0x30, 0x32, 0x64, 0x3a, 0x25, 0x30, 0x32, 0x64, 0x00 };
/* 0xa8b67 */ const unsigned char rodata_a8b67[23] = { 0x74, 0x69, 0x6d, 0x65, 0x5f, 0x64, 0x69, 0x73, 0x70, 0x5f, 0x6d, 0x6f, 0x64, 0x65, 0x20, 0x69, 0x73, 0x20, 0x25, 0x64, 0x20, 0x0a, 0x00 };
/* 0xa8b7e */ const unsigned char rodata_a8b7e[12] = { 0x25, 0x30, 0x32, 0x64, 0x3a, 0x25, 0x30, 0x32, 0x64, 0x70, 0x6d, 0x00 };
/* 0xa8b8a */ const unsigned char rodata_a8b8a[12] = { 0x25, 0x30, 0x32, 0x64, 0x3a, 0x25, 0x30, 0x32, 0x64, 0x61, 0x6d, 0x00 };
/* 0xa8b96 */ const unsigned char rodata_a8b96[10] = { 0x59, 0x65, 0x73, 0x74, 0x65, 0x72, 0x64, 0x61, 0x79, 0x00 };
/* 0xa8ba0 */ const unsigned char rodata_a8ba0[45] = { 0x67, 0x75, 0x69, 0x5f, 0x67, 0x65, 0x74, 0x53, 0x63, 0x72, 0x65, 0x65, 0x6e, 0x6f, 0x66, 0x66, 0x73, 0x65, 0x74, 0x5f, 0x78, 0x3d, 0x25, 0x64, 0x2c, 0x74, 0x69, 0x6d, 0x65, 0x44, 0x69, 0x66, 0x66, 0x42, 0x75, 0x66, 0x20, 0x69, 0x73, 0x20, 0x25, 0x73, 0x20, 0x0a, 0x00 };
/* 0xa8bcd */ const unsigned char rodata_a8bcd[25] = { 0x5b, 0x25, 0x73, 0x2d, 0x25, 0x64, 0x5d, 0x63, 0x75, 0x72, 0x4d, 0x73, 0x67, 0x20, 0x69, 0x73, 0x20, 0x4e, 0x55, 0x4c, 0x4c, 0x20, 0x21, 0x0a, 0x00 };
/* 0xa8be6 */ const unsigned char rodata_a8be6[35] = { 0x73, 0x68, 0x6f, 0x77, 0x20, 0x6d, 0x73, 0x67, 0x54, 0x79, 0x70, 0x65, 0x20, 0x69, 0x73, 0x20, 0x25, 0x64, 0x20, 0x75, 0x6e, 0x52, 0x65, 0x61, 0x64, 0x43, 0x6f, 0x75, 0x6e, 0x74, 0x20, 0x25, 0x64, 0x0a, 0x00 };
/* 0xa8c09 */ const unsigned char rodata_a8c09[8] = { 0x25, 0x73, 0x20, 0x7c, 0x20, 0x25, 0x73, 0x00 };
/* 0xa8c11 */ const unsigned char rodata_a8c11[35] = { 0x72, 0x65, 0x63, 0x76, 0x54, 0x69, 0x6d, 0x65, 0x20, 0x69, 0x73, 0x20, 0x25, 0x75, 0x2c, 0x63, 0x75, 0x72, 0x4d, 0x73, 0x67, 0x2d, 0x3e, 0x6d, 0x65, 0x73, 0x73, 0x61, 0x67, 0x65, 0x20, 0x25, 0x73, 0x0a, 0x00 };
/* 0xa8c34 */ const unsigned char rodata_a8c34[6] = { 0x25, 0x73, 0x0a, 0x25, 0x73, 0x00 };
/* 0xa8c37 */ const unsigned char rodata_a8c37[3] = { 0x25, 0x73, 0x00 };
/* 0xa8c3a */ const unsigned char rodata_a8c3a[8] = { 0x25, 0x73, 0x20, 0x2d, 0x20, 0x25, 0x73, 0x00 };
/* 0xa8c60 */ const unsigned char rodata_a8c60[32] = { 0x75, 0x69, 0x5f, 0x61, 0x6e, 0x63, 0x73, 0x5f, 0x6e, 0x6f, 0x74, 0x69, 0x66, 0x69, 0x63, 0x61, 0x74, 0x6f, 0x6e, 0x5f, 0x74, 0x61, 0x73, 0x6b, 0x20, 0x65, 0x78, 0x69, 0x74, 0x20, 0x21, 0x00 };
/* 0xa8c80 */ const unsigned char rodata_a8c80[23] = { 0x70, 0x75, 0x6c, 0x6c, 0x20, 0x6d, 0x65, 0x73, 0x73, 0x61, 0x67, 0x65, 0x20, 0x65, 0x72, 0x72, 0x6f, 0x72, 0x20, 0x21, 0x0d, 0x0a, 0x00 };
/* 0xa8c97 */ const unsigned char rodata_a8c97[31] = { 0x6d, 0x65, 0x73, 0x73, 0x61, 0x67, 0x65, 0x20, 0x68, 0x61, 0x73, 0x20, 0x6e, 0x6f, 0x74, 0x20, 0x73, 0x65, 0x74, 0x20, 0x74, 0x6f, 0x20, 0x73, 0x68, 0x6f, 0x77, 0x21, 0x0d, 0x0a, 0x00 };
/* 0xa8cd1 */ const unsigned char rodata_a8cd1[22] = { 0x64, 0x72, 0x61, 0x77, 0x5f, 0x70, 0x61, 0x72, 0x74, 0x69, 0x63, 0x6c, 0x65, 0x5f, 0x65, 0x66, 0x66, 0x65, 0x63, 0x74, 0x73, 0x00 };
/* 0xa8ce7 */ const unsigned char rodata_a8ce7[13] = { 0x64, 0x72, 0x61, 0x77, 0x5f, 0x6d, 0x65, 0x73, 0x73, 0x61, 0x67, 0x65, 0x00 };
/* 0xa8cf4 */ const unsigned char rodata_a8cf4[44] = { 0x25, 0x73, 0x28, 0x29, 0x3a, 0x20, 0x73, 0x63, 0x72, 0x65, 0x65, 0x6e, 0x5f, 0x69, 0x64, 0x3a, 0x20, 0x25, 0x64, 0x2c, 0x20, 0x79, 0x70, 0x72, 0x3a, 0x20, 0x25, 0x2e, 0x32, 0x66, 0x2c, 0x20, 0x25, 0x2e, 0x32, 0x66, 0x2c, 0x20, 0x25, 0x2e, 0x32, 0x66, 0x0a, 0x00 };
/* 0xa8d3a */ const unsigned char rodata_a8d3a[24] = { 0x64, 0x75, 0x6d, 0x70, 0x5f, 0x74, 0x65, 0x6d, 0x70, 0x6c, 0x61, 0x74, 0x65, 0x5f, 0x67, 0x79, 0x72, 0x6f, 0x5f, 0x69, 0x6e, 0x66, 0x6f, 0x00 };
/* 0xa8d69 */ const unsigned char rodata_a8d69[22] = { 0x5b, 0x25, 0x73, 0x2d, 0x25, 0x64, 0x5d, 0x6d, 0x61, 0x6c, 0x6c, 0x6f, 0x63, 0x20, 0x65, 0x72, 0x72, 0x6f, 0x72, 0x20, 0x0a, 0x00 };
/* 0xa8d7f */ const unsigned char rodata_a8d7f[38] = { 0x5b, 0x25, 0x73, 0x2d, 0x25, 0x64, 0x5d, 0x20, 0x72, 0x65, 0x61, 0x64, 0x20, 0x70, 0x69, 0x63, 0x20, 0x66, 0x72, 0x6f, 0x6d, 0x20, 0x66, 0x6c, 0x61, 0x73, 0x68, 0x20, 0x66, 0x61, 0x69, 0x6c, 0x65, 0x64, 0x20, 0x21, 0x0a, 0x00 };
/* 0xa8da5 */ const unsigned char rodata_a8da5[3] = { 0x42, 0x4d, 0x00 };
/* 0xa8da8 */ const unsigned char rodata_a8da8[25] = { 0x46, 0x69, 0x6c, 0x65, 0x20, 0x69, 0x73, 0x20, 0x6e, 0x6f, 0x74, 0x20, 0x42, 0x4d, 0x50, 0x20, 0x66, 0x6f, 0x72, 0x6d, 0x61, 0x74, 0x20, 0x0a, 0x00 };
/* 0xa8dc1 */ const unsigned char rodata_a8dc1[29] = { 0x55, 0x6e, 0x73, 0x75, 0x70, 0x70, 0x6f, 0x72, 0x74, 0x65, 0x64, 0x20, 0x62, 0x69, 0x74, 0x20, 0x64, 0x65, 0x70, 0x74, 0x68, 0x20, 0x2d, 0x20, 0x25, 0x64, 0x0d, 0x0a, 0x00 };
/* 0xa8dde */ const unsigned char rodata_a8dde[36] = { 0x65, 0x72, 0x72, 0x6f, 0x72, 0x20, 0x69, 0x6d, 0x67, 0x49, 0x64, 0x78, 0x20, 0x69, 0x73, 0x20, 0x25, 0x64, 0x2c, 0x72, 0x65, 0x73, 0x65, 0x74, 0x20, 0x61, 0x73, 0x20, 0x7a, 0x65, 0x72, 0x6f, 0x20, 0x21, 0x0a, 0x00 };
/* 0xa8e02 */ const unsigned char rodata_a8e02[22] = { 0x67, 0x65, 0x74, 0x5f, 0x64, 0x65, 0x6d, 0x6f, 0x5f, 0x69, 0x6d, 0x61, 0x67, 0x65, 0x5f, 0x73, 0x6f, 0x75, 0x72, 0x63, 0x65, 0x00 };
/* 0xa8e18 */ const unsigned char rodata_a8e18[15] = { 0x70, 0x69, 0x78, 0x65, 0x6c, 0x74, 0x6f, 0x34, 0x62, 0x69, 0x74, 0x68, 0x65, 0x78, 0x00 };
/* 0xa8e27 */ const unsigned char rodata_a8e27[33] = { 0x67, 0x65, 0x74, 0x5f, 0x64, 0x65, 0x6d, 0x6f, 0x5f, 0x69, 0x6d, 0x61, 0x67, 0x65, 0x5f, 0x73, 0x6f, 0x75, 0x72, 0x63, 0x65, 0x5f, 0x66, 0x72, 0x6f, 0x6d, 0x5f, 0x66, 0x6c, 0x61, 0x73, 0x68, 0x00 };
/* 0xa8e48 */ const unsigned char rodata_a8e48[25] = { 0x70, 0x69, 0x78, 0x65, 0x6c, 0x74, 0x6f, 0x34, 0x62, 0x69, 0x74, 0x68, 0x65, 0x78, 0x5f, 0x66, 0x6f, 0x72, 0x5f, 0x66, 0x6c, 0x61, 0x73, 0x68, 0x00 };
/* 0xa8e61 */ const unsigned char rodata_a8e61[35] = { 0x75, 0x69, 0x5f, 0x6e, 0x65, 0x77, 0x5f, 0x6d, 0x65, 0x73, 0x73, 0x61, 0x67, 0x65, 0x5f, 0x63, 0x6f, 0x6d, 0x65, 0x5f, 0x6f, 0x6e, 0x5f, 0x74, 0x61, 0x73, 0x6b, 0x20, 0x65, 0x78, 0x69, 0x74, 0x20, 0x21, 0x00 };
/* 0xa8e84 */ const unsigned char rodata_a8e84[20] = { 0x6e, 0x65, 0x77, 0x20, 0x6d, 0x73, 0x67, 0x54, 0x79, 0x70, 0x65, 0x20, 0x69, 0x73, 0x20, 0x25, 0x64, 0x20, 0x0a, 0x00 };
/* 0xa8ea1 */ const unsigned char rodata_a8ea1[20] = { 0x48, 0x6f, 0x6c, 0x64, 0x20, 0x52, 0x69, 0x67, 0x68, 0x74, 0x20, 0x54, 0x6f, 0x75, 0x63, 0x68, 0x42, 0x61, 0x72, 0x00 };
/* 0xa8eb5 */ const unsigned char rodata_a8eb5[17] = { 0x74, 0x6f, 0x20, 0x41, 0x64, 0x64, 0x20, 0x51, 0x75, 0x69, 0x63, 0x6b, 0x4e, 0x6f, 0x74, 0x65, 0x00 };
/* 0xa8ec6 */ const unsigned char rodata_a8ec6[23] = { 0x52, 0x65, 0x63, 0x68, 0x74, 0x65, 0x20, 0x54, 0x6f, 0x75, 0x63, 0x68, 0x42, 0x61, 0x72, 0x20, 0x68, 0x61, 0x6c, 0x74, 0x65, 0x6e, 0x00 };
/* 0xa8eee */ const unsigned char rodata_a8eee[43] = { 0x25, 0x73, 0x28, 0x29, 0x3a, 0x20, 0x73, 0x79, 0x73, 0x74, 0x65, 0x6d, 0x20, 0x73, 0x74, 0x61, 0x72, 0x74, 0x75, 0x70, 0x20, 0x2c, 0x4e, 0x43, 0x53, 0x20, 0x6d, 0x65, 0x6d, 0x6f, 0x72, 0x79, 0x20, 0x69, 0x73, 0x20, 0x76, 0x61, 0x69, 0x6c, 0x64, 0x0a, 0x00 };
/* 0xa8f19 */ const unsigned char rodata_a8f19[45] = { 0x25, 0x73, 0x28, 0x29, 0x3a, 0x20, 0x73, 0x79, 0x73, 0x74, 0x65, 0x6d, 0x20, 0x73, 0x74, 0x61, 0x72, 0x74, 0x75, 0x70, 0x20, 0x2c, 0x4e, 0x43, 0x53, 0x20, 0x6d, 0x65, 0x6d, 0x6f, 0x72, 0x79, 0x20, 0x69, 0x73, 0x20, 0x69, 0x6e, 0x76, 0x61, 0x69, 0x6c, 0x64, 0x0a, 0x00 };
/* 0xa8f46 */ const unsigned char rodata_a8f46[44] = { 0x25, 0x73, 0x28, 0x29, 0x3a, 0x20, 0x51, 0x75, 0x69, 0x63, 0x6b, 0x4e, 0x6f, 0x74, 0x65, 0x20, 0x25, 0x64, 0x20, 0x69, 0x73, 0x20, 0x69, 0x6e, 0x76, 0x61, 0x69, 0x6c, 0x64, 0x2c, 0x64, 0x6f, 0x6e, 0x27, 0x74, 0x20, 0x65, 0x78, 0x70, 0x6f, 0x72, 0x74, 0x0a, 0x00 };
/* 0xa8fb7 */ const unsigned char rodata_a8fb7[60] = { 0x25, 0x73, 0x28, 0x29, 0x3a, 0x20, 0x21, 0x21, 0x21, 0x21, 0x20, 0x67, 0x65, 0x74, 0x51, 0x75, 0x69, 0x63, 0x6b, 0x4e, 0x6f, 0x74, 0x65, 0x44, 0x61, 0x74, 0x61, 0x46, 0x72, 0x6f, 0x6d, 0x46, 0x6c, 0x61, 0x73, 0x68, 0x20, 0x72, 0x65, 0x74, 0x75, 0x72, 0x6e, 0x20, 0x75, 0x6e, 0x6b, 0x6e, 0x6f, 0x77, 0x6e, 0x20, 0x76, 0x61, 0x6c, 0x75, 0x65, 0x2e, 0x0a, 0x00 };
/* 0xa8ff3 */ const unsigned char rodata_a8ff3[22] = { 0x25, 0x73, 0x28, 0x29, 0x3a, 0x20, 0x20, 0x25, 0x73, 0x20, 0x69, 0x6e, 0x64, 0x65, 0x78, 0x20, 0x3d, 0x20, 0x25, 0x64, 0x0a, 0x00 };
/* 0xa9009 */ const unsigned char rodata_a9009[11] = { 0x64, 0x69, 0x73, 0x63, 0x6f, 0x6e, 0x6e, 0x65, 0x63, 0x74, 0x00 };
/* 0xa9014 */ const unsigned char rodata_a9014[25] = { 0x25, 0x73, 0x28, 0x29, 0x3a, 0x20, 0x64, 0x69, 0x73, 0x70, 0x6c, 0x61, 0x79, 0x5f, 0x6d, 0x6f, 0x64, 0x65, 0x20, 0x3d, 0x20, 0x25, 0x64, 0x0a, 0x00 };
/* 0xa902d */ const unsigned char rodata_a902d[31] = { 0x25, 0x73, 0x28, 0x29, 0x3a, 0x20, 0x42, 0x4c, 0x45, 0x20, 0x43, 0x6f, 0x6e, 0x6e, 0x65, 0x63, 0x74, 0x20, 0x73, 0x74, 0x61, 0x74, 0x75, 0x73, 0x20, 0x3a, 0x20, 0x25, 0x73, 0x0a, 0x00 };
/* 0xa904c */ const unsigned char rodata_a904c[44] = { 0x25, 0x73, 0x28, 0x29, 0x3a, 0x20, 0x64, 0x69, 0x73, 0x70, 0x6c, 0x61, 0x79, 0x5f, 0x6d, 0x6f, 0x64, 0x65, 0x20, 0x3d, 0x20, 0x25, 0x64, 0x20, 0x2c, 0x65, 0x78, 0x65, 0x63, 0x20, 0x73, 0x63, 0x72, 0x65, 0x65, 0x6e, 0x20, 0x63, 0x6c, 0x65, 0x61, 0x72, 0x0a, 0x00 };
/* 0xa9078 */ const unsigned char rodata_a9078[10] = { 0x25, 0x73, 0x2c, 0x20, 0x25, 0x73, 0x20, 0x25, 0x64, 0x00 };
/* 0xa9082 */ const unsigned char rodata_a9082[29] = { 0x25, 0x73, 0x28, 0x29, 0x3a, 0x20, 0x77, 0x65, 0x61, 0x74, 0x68, 0x65, 0x72, 0x20, 0x69, 0x63, 0x6f, 0x6e, 0x20, 0x6e, 0x75, 0x6d, 0x20, 0x3d, 0x20, 0x25, 0x64, 0x0a, 0x00 };
/* 0xa909f */ const unsigned char rodata_a909f[24] = { 0x25, 0x73, 0x28, 0x29, 0x3a, 0x20, 0x74, 0x65, 0x6d, 0x70, 0x65, 0x72, 0x61, 0x74, 0x75, 0x72, 0x65, 0x20, 0x3d, 0x20, 0x25, 0x64, 0x0a, 0x00 };
/* 0xa90b7 */ const unsigned char rodata_a90b7[35] = { 0x25, 0x73, 0x28, 0x29, 0x3a, 0x20, 0x66, 0x61, 0x68, 0x72, 0x65, 0x6e, 0x68, 0x65, 0x69, 0x74, 0x5f, 0x74, 0x65, 0x6d, 0x70, 0x65, 0x72, 0x61, 0x74, 0x75, 0x72, 0x65, 0x20, 0x3d, 0x20, 0x25, 0x64, 0x0a, 0x00 };
/* 0xa90de */ const unsigned char rodata_a90de[34] = { 0x25, 0x73, 0x28, 0x29, 0x3a, 0x20, 0x71, 0x75, 0x69, 0x63, 0x6b, 0x20, 0x6e, 0x6f, 0x74, 0x65, 0x20, 0x6e, 0x75, 0x6d, 0x2e, 0x25, 0x64, 0x20, 0x69, 0x73, 0x20, 0x76, 0x61, 0x69, 0x6c, 0x64, 0x0a, 0x00 };
/* 0xa9100 */ const unsigned char rodata_a9100[33] = { 0x25, 0x73, 0x28, 0x29, 0x3a, 0x20, 0x74, 0x6f, 0x74, 0x61, 0x6c, 0x20, 0x71, 0x75, 0x69, 0x63, 0x6b, 0x20, 0x6e, 0x6f, 0x74, 0x65, 0x20, 0x6e, 0x75, 0x6d, 0x20, 0x3d, 0x20, 0x25, 0x64, 0x0a, 0x00 };
/* 0xa9121 */ const unsigned char rodata_a9121[6] = { 0x25, 0x64, 0x2f, 0x25, 0x64, 0x00 };
/* 0xa9127 */ const unsigned char rodata_a9127[38] = { 0x25, 0x73, 0x28, 0x29, 0x3a, 0x20, 0x64, 0x62, 0x5f, 0x69, 0x6e, 0x66, 0x6f, 0x2d, 0x3e, 0x73, 0x74, 0x6f, 0x63, 0x6b, 0x73, 0x5f, 0x64, 0x69, 0x73, 0x70, 0x5f, 0x6d, 0x6f, 0x64, 0x65, 0x20, 0x3d, 0x20, 0x25, 0x64, 0x0a, 0x00 };
/* 0xa914d */ const unsigned char rodata_a914d[8] = { 0x4c, 0x6f, 0x61, 0x64, 0x69, 0x6e, 0x67, 0x00 };
/* 0xa9155 */ const unsigned char rodata_a9155[6] = { 0x4c, 0x61, 0x64, 0x65, 0x6e, 0x00 };
/* 0xa915b */ const unsigned char rodata_a915b[17] = { 0x4e, 0x6f, 0x20, 0x44, 0x61, 0x74, 0x61, 0x20, 0x53, 0x65, 0x6c, 0x65, 0x63, 0x74, 0x65, 0x64, 0x00 };
/* 0xa916c */ const unsigned char rodata_a916c[17] = { 0x50, 0x6c, 0x65, 0x61, 0x73, 0x65, 0x20, 0x43, 0x75, 0x73, 0x74, 0x6f, 0x6d, 0x69, 0x7a, 0x65, 0x00 };
/* 0xa9195 */ const unsigned char rodata_a9195[15] = { 0x42, 0x69, 0x74, 0x74, 0x65, 0x20, 0x61, 0x6e, 0x70, 0x61, 0x73, 0x73, 0x65, 0x6e, 0x00 };
/* 0xa91a4 */ const unsigned char rodata_a91a4[28] = { 0x25, 0x73, 0x28, 0x29, 0x3a, 0x20, 0x6e, 0x65, 0x77, 0x73, 0x20, 0x6e, 0x75, 0x6d, 0x2e, 0x25, 0x64, 0x20, 0x69, 0x73, 0x20, 0x76, 0x61, 0x69, 0x6c, 0x64, 0x0a, 0x00 };
/* 0xa91c0 */ const unsigned char rodata_a91c0[27] = { 0x25, 0x73, 0x28, 0x29, 0x3a, 0x20, 0x74, 0x6f, 0x74, 0x61, 0x6c, 0x20, 0x6e, 0x65, 0x77, 0x73, 0x20, 0x6e, 0x75, 0x6d, 0x20, 0x3d, 0x20, 0x25, 0x64, 0x0a, 0x00 };
/* 0xa91db */ const unsigned char rodata_a91db[23] = { 0x52, 0x65, 0x63, 0x6f, 0x6e, 0x6e, 0x65, 0x63, 0x74, 0x20, 0x74, 0x6f, 0x20, 0x53, 0x79, 0x6e, 0x63, 0x20, 0x44, 0x61, 0x74, 0x61, 0x00 };
/* 0xa91f2 */ const unsigned char rodata_a91f2[20] = { 0x56, 0x65, 0x72, 0x62, 0x69, 0x6e, 0x64, 0x65, 0x6e, 0x2c, 0x20, 0x75, 0x6d, 0x20, 0x44, 0x61, 0x74, 0x65, 0x6e, 0x00 };
/* 0xa9206 */ const unsigned char rodata_a9206[19] = { 0x7a, 0x75, 0x20, 0x73, 0x79, 0x6e, 0x63, 0x68, 0x72, 0x6f, 0x6e, 0x69, 0x73, 0x69, 0x65, 0x72, 0x65, 0x6e, 0x00 };
/* 0xa9219 */ const unsigned char rodata_a9219[18] = { 0x4e, 0x6f, 0x20, 0x55, 0x70, 0x63, 0x6f, 0x6d, 0x69, 0x6e, 0x67, 0x20, 0x45, 0x76, 0x65, 0x6e, 0x74, 0x00 };
/* 0xa922b */ const unsigned char rodata_a922b[24] = { 0x4b, 0x65, 0x69, 0x6e, 0x20, 0x61, 0x6e, 0x73, 0x74, 0x65, 0x68, 0x65, 0x6e, 0x64, 0x65, 0x72, 0x20, 0x54, 0x65, 0x72, 0x6d, 0x69, 0x6e, 0x00 };
/* 0xa9243 */ const unsigned char rodata_a9243[44] = { 0x25, 0x73, 0x28, 0x29, 0x3a, 0x20, 0x45, 0x6e, 0x74, 0x65, 0x72, 0x20, 0x44, 0x41, 0x53, 0x48, 0x42, 0x4f, 0x41, 0x52, 0x44, 0x5f, 0x49, 0x4e, 0x49, 0x54, 0x5f, 0x53, 0x54, 0x41, 0x54, 0x55, 0x53, 0x20, 0x74, 0x61, 0x73, 0x6b, 0x2e, 0x2e, 0x2e, 0x2e, 0x0a, 0x00 };
/* 0xa926f */ const unsigned char rodata_a926f[35] = { 0x25, 0x73, 0x28, 0x29, 0x3a, 0x20, 0x64, 0x61, 0x73, 0x68, 0x62, 0x6f, 0x61, 0x72, 0x64, 0x20, 0x66, 0x75, 0x6e, 0x63, 0x74, 0x69, 0x6f, 0x6e, 0x20, 0x65, 0x78, 0x69, 0x74, 0x20, 0x2e, 0x2e, 0x2e, 0x0a, 0x00 };
/* 0xa9292 */ const unsigned char rodata_a9292[30] = { 0x25, 0x73, 0x28, 0x29, 0x3a, 0x20, 0x44, 0x41, 0x53, 0x48, 0x42, 0x4f, 0x41, 0x52, 0x44, 0x20, 0x49, 0x4e, 0x49, 0x54, 0x20, 0x2e, 0x2e, 0x2e, 0x2e, 0x2e, 0x2e, 0x2e, 0x0a, 0x00 };
/* 0xa92b0 */ const unsigned char rodata_a92b0[62] = { 0x25, 0x73, 0x28, 0x29, 0x3a, 0x20, 0x71, 0x75, 0x69, 0x63, 0x6b, 0x6e, 0x6f, 0x74, 0x65, 0x20, 0x69, 0x6e, 0x64, 0x65, 0x78, 0x20, 0x3d, 0x20, 0x25, 0x64, 0x2c, 0x73, 0x74, 0x6f, 0x63, 0x6b, 0x73, 0x20, 0x69, 0x6e, 0x64, 0x65, 0x78, 0x20, 0x3d, 0x20, 0x25, 0x64, 0x2c, 0x6e, 0x65, 0x77, 0x73, 0x20, 0x69, 0x6e, 0x64, 0x65, 0x78, 0x20, 0x3d, 0x20, 0x25, 0x64, 0x0a, 0x00 };
/* 0xa92ee */ const unsigned char rodata_a92ee[42] = { 0x25, 0x73, 0x28, 0x29, 0x3a, 0x20, 0x64, 0x62, 0x5f, 0x69, 0x6e, 0x66, 0x6f, 0x2d, 0x3e, 0x73, 0x63, 0x68, 0x65, 0x64, 0x75, 0x6c, 0x65, 0x5f, 0x64, 0x69, 0x73, 0x70, 0x5f, 0x73, 0x74, 0x61, 0x74, 0x75, 0x73, 0x20, 0x3d, 0x20, 0x25, 0x64, 0x0a, 0x00 };
/* 0xa9318 */ const unsigned char rodata_a9318[36] = { 0x25, 0x73, 0x28, 0x29, 0x3a, 0x20, 0x64, 0x62, 0x5f, 0x69, 0x6e, 0x66, 0x6f, 0x2d, 0x3e, 0x6e, 0x65, 0x77, 0x73, 0x5f, 0x64, 0x69, 0x73, 0x70, 0x5f, 0x6d, 0x6f, 0x64, 0x65, 0x20, 0x3d, 0x20, 0x25, 0x64, 0x0a, 0x00 };
/* 0xa933c */ const unsigned char rodata_a933c[56] = { 0x25, 0x73, 0x28, 0x29, 0x3a, 0x20, 0x6d, 0x61, 0x73, 0x74, 0x65, 0x72, 0x20, 0x73, 0x79, 0x6e, 0x63, 0x20, 0x71, 0x75, 0x69, 0x63, 0x6b, 0x6e, 0x6f, 0x74, 0x65, 0x20, 0x69, 0x6e, 0x64, 0x65, 0x78, 0x20, 0x74, 0x6f, 0x20, 0x73, 0x6c, 0x61, 0x76, 0x65, 0x20, 0x2c, 0x69, 0x6e, 0x64, 0x65, 0x78, 0x20, 0x3d, 0x20, 0x25, 0x64, 0x0a, 0x00 };
/* 0xa93da */ const unsigned char rodata_a93da[93] = { 0x25, 0x73, 0x28, 0x29, 0x3a, 0x20, 0x6e, 0x6f, 0x74, 0x69, 0x66, 0x79, 0x20, 0x6d, 0x65, 0x73, 0x73, 0x61, 0x67, 0x65, 0x20, 0x63, 0x6f, 0x75, 0x6e, 0x74, 0x20, 0x68, 0x61, 0x73, 0x20, 0x63, 0x68, 0x61, 0x6e, 0x67, 0x65, 0x64, 0x2c, 0x73, 0x65, 0x6e, 0x64, 0x20, 0x6d, 0x65, 0x73, 0x73, 0x61, 0x67, 0x65, 0x20, 0x63, 0x6f, 0x75, 0x6e, 0x74, 0x20, 0x74, 0x6f, 0x20, 0x61, 0x70, 0x70, 0x2e, 0x20, 0x75, 0x6e, 0x72, 0x65, 0x61, 0x64, 0x20, 0x6d, 0x65, 0x73, 0x73, 0x67, 0x61, 0x65, 0x20, 0x63, 0x6f, 0x75, 0x6e, 0x74, 0x20, 0x3d, 0x20, 0x25, 0x64, 0x0a, 0x00 };
/* 0xa9437 */ const unsigned char rodata_a9437[46] = { 0x25, 0x73, 0x28, 0x29, 0x3a, 0x20, 0x45, 0x6e, 0x74, 0x65, 0x72, 0x20, 0x44, 0x41, 0x53, 0x48, 0x42, 0x4f, 0x41, 0x52, 0x44, 0x5f, 0x52, 0x55, 0x4e, 0x49, 0x4e, 0x47, 0x5f, 0x53, 0x54, 0x41, 0x54, 0x55, 0x53, 0x20, 0x74, 0x61, 0x73, 0x6b, 0x2e, 0x2e, 0x2e, 0x2e, 0x0a, 0x00 };
/* 0xa9465 */ const unsigned char rodata_a9465[26] = { 0x25, 0x73, 0x28, 0x29, 0x3a, 0x20, 0x63, 0x75, 0x72, 0x72, 0x65, 0x6e, 0x74, 0x20, 0x69, 0x6e, 0x64, 0x65, 0x78, 0x20, 0x3d, 0x20, 0x25, 0x64, 0x0a, 0x00 };
/* 0xa947f */ const unsigned char rodata_a947f[70] = { 0x25, 0x73, 0x28, 0x29, 0x3a, 0x20, 0x72, 0x65, 0x63, 0x65, 0x69, 0x76, 0x65, 0x64, 0x20, 0x6b, 0x65, 0x79, 0x20, 0x70, 0x72, 0x65, 0x73, 0x73, 0x20, 0x65, 0x76, 0x65, 0x6e, 0x74, 0x2c, 0x5f, 0x64, 0x61, 0x73, 0x68, 0x62, 0x6f, 0x61, 0x72, 0x64, 0x5f, 0x70, 0x72, 0x76, 0x5f, 0x64, 0x61, 0x74, 0x61, 0x2e, 0x64, 0x69, 0x73, 0x70, 0x6c, 0x61, 0x79, 0x5f, 0x6d, 0x6f, 0x64, 0x65, 0x20, 0x3d, 0x20, 0x25, 0x64, 0x0a, 0x00 };
/* 0xa94c5 */ const unsigned char rodata_a94c5[36] = { 0x25, 0x73, 0x28, 0x29, 0x3a, 0x20, 0x63, 0x75, 0x72, 0x72, 0x65, 0x6e, 0x74, 0x20, 0x71, 0x75, 0x69, 0x63, 0x6b, 0x6e, 0x6f, 0x74, 0x65, 0x20, 0x69, 0x6e, 0x64, 0x65, 0x78, 0x20, 0x3d, 0x20, 0x25, 0x64, 0x0a, 0x00 };
/* 0xa9529 */ const unsigned char rodata_a9529[40] = { 0x25, 0x73, 0x28, 0x29, 0x3a, 0x20, 0x72, 0x65, 0x63, 0x65, 0x69, 0x76, 0x65, 0x64, 0x20, 0x73, 0x79, 0x73, 0x74, 0x65, 0x6d, 0x20, 0x6c, 0x6f, 0x77, 0x20, 0x70, 0x6f, 0x77, 0x65, 0x72, 0x20, 0x65, 0x76, 0x65, 0x6e, 0x74, 0x2e, 0x0a, 0x00 };
/* 0xa9551 */ const unsigned char rodata_a9551[44] = { 0x25, 0x73, 0x28, 0x29, 0x3a, 0x20, 0x72, 0x65, 0x63, 0x65, 0x69, 0x76, 0x65, 0x64, 0x20, 0x73, 0x79, 0x73, 0x74, 0x65, 0x6d, 0x20, 0x20, 0x70, 0x6f, 0x77, 0x65, 0x72, 0x20, 0x72, 0x65, 0x73, 0x75, 0x6d, 0x65, 0x20, 0x65, 0x76, 0x65, 0x6e, 0x74, 0x2e, 0x0a, 0x00 };
/* 0xa957d */ const unsigned char rodata_a957d[18] = { 0x75, 0x69, 0x5f, 0x44, 0x61, 0x73, 0x68, 0x42, 0x6f, 0x61, 0x72, 0x64, 0x5f, 0x74, 0x61, 0x73, 0x6b, 0x00 };
/* 0xa958f */ const unsigned char rodata_a958f[15] = { 0x63, 0x6c, 0x65, 0x61, 0x6e, 0x4e, 0x65, 0x77, 0x73, 0x49, 0x6e, 0x64, 0x65, 0x78, 0x00 };
/* 0xa959e */ const unsigned char rodata_a959e[13] = { 0x73, 0x65, 0x74, 0x4e, 0x65, 0x77, 0x73, 0x49, 0x6e, 0x64, 0x65, 0x78, 0x00 };
/* 0xa95ab */ const unsigned char rodata_a95ab[13] = { 0x67, 0x65, 0x74, 0x4e, 0x65, 0x77, 0x73, 0x49, 0x6e, 0x64, 0x65, 0x78, 0x00 };
/* 0xa95b8 */ const unsigned char rodata_a95b8[17] = { 0x63, 0x6c, 0x65, 0x61, 0x6e, 0x53, 0x74, 0x6f, 0x63, 0x6b, 0x73, 0x49, 0x6e, 0x64, 0x65, 0x78, 0x00 };
/* 0xa95c9 */ const unsigned char rodata_a95c9[15] = { 0x73, 0x65, 0x74, 0x53, 0x74, 0x6f, 0x63, 0x6b, 0x73, 0x49, 0x6e, 0x64, 0x65, 0x78, 0x00 };
/* 0xa95d8 */ const unsigned char rodata_a95d8[15] = { 0x67, 0x65, 0x74, 0x53, 0x74, 0x6f, 0x63, 0x6b, 0x73, 0x49, 0x6e, 0x64, 0x65, 0x78, 0x00 };
/* 0xa95e7 */ const unsigned char rodata_a95e7[18] = { 0x44, 0x61, 0x73, 0x68, 0x42, 0x6f, 0x61, 0x72, 0x64, 0x5f, 0x52, 0x65, 0x66, 0x6c, 0x61, 0x73, 0x68, 0x00 };
/* 0xa95f9 */ const unsigned char rodata_a95f9[20] = { 0x69, 0x6e, 0x69, 0x74, 0x5f, 0x64, 0x61, 0x73, 0x68, 0x62, 0x6f, 0x61, 0x72, 0x64, 0x5f, 0x69, 0x6e, 0x66, 0x6f, 0x00 };
/* 0xa960d */ const unsigned char rodata_a960d[28] = { 0x25, 0x73, 0x28, 0x29, 0x3a, 0x20, 0x51, 0x55, 0x49, 0x43, 0x4b, 0x20, 0x4e, 0x4f, 0x54, 0x45, 0x20, 0x49, 0x4e, 0x49, 0x54, 0x2e, 0x2e, 0x2e, 0x2e, 0x2e, 0x0a, 0x00 };
/* 0xa9629 */ const unsigned char rodata_a9629[43] = { 0x25, 0x73, 0x28, 0x29, 0x3a, 0x20, 0x47, 0x4c, 0x4f, 0x42, 0x41, 0x4c, 0x2d, 0x3e, 0x71, 0x75, 0x69, 0x63, 0x6b, 0x6e, 0x6f, 0x74, 0x65, 0x5f, 0x69, 0x6e, 0x66, 0x6f, 0x2d, 0x3e, 0x65, 0x6e, 0x61, 0x62, 0x6c, 0x65, 0x20, 0x3d, 0x20, 0x25, 0x64, 0x0a, 0x00 };
/* 0xa9654 */ const unsigned char rodata_a9654[37] = { 0x25, 0x73, 0x28, 0x29, 0x3a, 0x20, 0x71, 0x75, 0x69, 0x63, 0x6b, 0x20, 0x6e, 0x6f, 0x74, 0x65, 0x20, 0x66, 0x75, 0x6e, 0x63, 0x74, 0x69, 0x6f, 0x6e, 0x20, 0x73, 0x74, 0x61, 0x72, 0x74, 0x20, 0x2e, 0x2e, 0x2e, 0x0a, 0x00 };
/* 0xa9679 */ const unsigned char rodata_a9679[23] = { 0x51, 0x75, 0x69, 0x63, 0x6b, 0x4e, 0x6f, 0x74, 0x65, 0x20, 0x72, 0x65, 0x63, 0x6f, 0x72, 0x64, 0x69, 0x6e, 0x67, 0x2e, 0x2e, 0x2e, 0x00 };
/* 0xa9690 */ const unsigned char rodata_a9690[28] = { 0x52, 0x65, 0x6c, 0x65, 0x61, 0x73, 0x65, 0x20, 0x74, 0x6f, 0x20, 0x46, 0x69, 0x6e, 0x69, 0x73, 0x68, 0x20, 0x52, 0x65, 0x63, 0x6f, 0x72, 0x64, 0x69, 0x6e, 0x67, 0x00 };
/* 0xa96ac */ const unsigned char rodata_a96ac[28] = { 0x4b, 0x75, 0x72, 0x7a, 0x6e, 0x6f, 0x74, 0x69, 0x7a, 0x65, 0x6e, 0x2d, 0x41, 0x75, 0x66, 0x7a, 0x65, 0x69, 0x63, 0x68, 0x6e, 0x75, 0x6e, 0x67, 0x2e, 0x2e, 0x2e, 0x00 };
/* 0xa96c8 */ const unsigned char rodata_a96c8[24] = { 0x4c, 0x6f, 0x73, 0x6c, 0x61, 0x73, 0x73, 0x65, 0x6e, 0x20, 0x7a, 0x75, 0x6d, 0x20, 0x41, 0x62, 0x73, 0x63, 0x68, 0x6c, 0x75, 0x73, 0x73, 0x00 };
/* 0xa96e0 */ const unsigned char rodata_a96e0[41] = { 0x25, 0x73, 0x28, 0x29, 0x3a, 0x20, 0x71, 0x75, 0x69, 0x63, 0x6b, 0x20, 0x69, 0x6e, 0x69, 0x74, 0x2c, 0x65, 0x78, 0x65, 0x63, 0x20, 0x66, 0x75, 0x6e, 0x63, 0x74, 0x69, 0x6f, 0x6e, 0x20, 0x65, 0x78, 0x69, 0x74, 0x20, 0x2e, 0x2e, 0x2e, 0x0a, 0x00 };
/* 0xa9709 */ const unsigned char rodata_a9709[30] = { 0x25, 0x73, 0x28, 0x29, 0x3a, 0x20, 0x51, 0x55, 0x49, 0x43, 0x4b, 0x20, 0x4e, 0x4f, 0x54, 0x45, 0x20, 0x52, 0x55, 0x4e, 0x49, 0x4e, 0x47, 0x2e, 0x2e, 0x2e, 0x2e, 0x2e, 0x0a, 0x00 };
/* 0xa9727 */ const unsigned char rodata_a9727[36] = { 0x25, 0x73, 0x28, 0x29, 0x3a, 0x20, 0x71, 0x75, 0x69, 0x63, 0x6b, 0x20, 0x6e, 0x6f, 0x74, 0x65, 0x20, 0x66, 0x75, 0x6e, 0x63, 0x74, 0x69, 0x6f, 0x6e, 0x20, 0x65, 0x78, 0x69, 0x74, 0x20, 0x2e, 0x2e, 0x2e, 0x0a, 0x00 };
/* 0xa974b */ const unsigned char rodata_a974b[42] = { 0x25, 0x73, 0x28, 0x29, 0x3a, 0x20, 0x71, 0x75, 0x69, 0x63, 0x6b, 0x20, 0x6e, 0x6f, 0x74, 0x65, 0x20, 0x66, 0x75, 0x6e, 0x63, 0x74, 0x69, 0x6f, 0x6e, 0x20, 0x64, 0x65, 0x6c, 0x61, 0x79, 0x20, 0x65, 0x78, 0x69, 0x74, 0x20, 0x2e, 0x2e, 0x2e, 0x0a, 0x00 };
/* 0xa9775 */ const unsigned char rodata_a9775[34] = { 0x25, 0x73, 0x28, 0x29, 0x3a, 0x20, 0x65, 0x78, 0x65, 0x63, 0x20, 0x65, 0x76, 0x65, 0x6e, 0x20, 0x6c, 0x6f, 0x67, 0x6f, 0x20, 0x72, 0x65, 0x66, 0x6c, 0x61, 0x73, 0x68, 0x2e, 0x2e, 0x2e, 0x2e, 0x0a, 0x00 };
/* 0xa9797 */ const unsigned char rodata_a9797[36] = { 0x25, 0x73, 0x28, 0x29, 0x3a, 0x20, 0x71, 0x75, 0x69, 0x63, 0x6b, 0x20, 0x6e, 0x6f, 0x74, 0x65, 0x20, 0x70, 0x72, 0x6f, 0x63, 0x65, 0x73, 0x73, 0x20, 0x65, 0x78, 0x65, 0x63, 0x2e, 0x2e, 0x2e, 0x2e, 0x2e, 0x0a, 0x00 };
/* 0xa97bb */ const unsigned char rodata_a97bb[41] = { 0x25, 0x73, 0x28, 0x29, 0x3a, 0x20, 0x71, 0x75, 0x69, 0x63, 0x6b, 0x20, 0x6e, 0x6f, 0x74, 0x65, 0x20, 0x66, 0x75, 0x6e, 0x63, 0x74, 0x69, 0x6f, 0x6e, 0x20, 0x65, 0x78, 0x69, 0x74, 0x20, 0x2d, 0x31, 0x36, 0x34, 0x20, 0x2e, 0x2e, 0x2e, 0x0a, 0x00 };
/* 0xa97e4 */ const unsigned char rodata_a97e4[39] = { 0x25, 0x73, 0x28, 0x29, 0x3a, 0x20, 0x65, 0x78, 0x65, 0x63, 0x20, 0x71, 0x75, 0x69, 0x63, 0x6b, 0x20, 0x6e, 0x6f, 0x74, 0x65, 0x20, 0x65, 0x78, 0x69, 0x74, 0x20, 0x64, 0x69, 0x73, 0x70, 0x6c, 0x61, 0x79, 0x2e, 0x2e, 0x2e, 0x0a, 0x00 };
/* 0xa980b */ const unsigned char rodata_a980b[15] = { 0x4e, 0x65, 0x77, 0x20, 0x4e, 0x6f, 0x74, 0x65, 0x20, 0x53, 0x61, 0x76, 0x65, 0x64, 0x00 };
/* 0xa981a */ const unsigned char rodata_a981a[23] = { 0x4e, 0x65, 0x75, 0x65, 0x20, 0x4e, 0x6f, 0x74, 0x69, 0x7a, 0x20, 0x67, 0x65, 0x73, 0x70, 0x65, 0x69, 0x63, 0x68, 0x65, 0x72, 0x74, 0x00 };
/* 0xa9831 */ const unsigned char rodata_a9831[18] = { 0x75, 0x69, 0x5f, 0x51, 0x75, 0x69, 0x63, 0x6b, 0x4e, 0x6f, 0x74, 0x65, 0x5f, 0x74, 0x61, 0x73, 0x6b, 0x00 };
/* 0xa9843 */ const unsigned char rodata_a9843[18] = { 0x64, 0x6d, 0x69, 0x63, 0x5f, 0x72, 0x65, 0x63, 0x6f, 0x72, 0x64, 0x5f, 0x73, 0x74, 0x61, 0x72, 0x74, 0x00 };
/* 0xa9855 */ const unsigned char rodata_a9855[36] = { 0x25, 0x73, 0x28, 0x29, 0x3a, 0x20, 0x45, 0x4e, 0x54, 0x45, 0x52, 0x20, 0x65, 0x76, 0x65, 0x6e, 0x61, 0x69, 0x20, 0x49, 0x4e, 0x49, 0x54, 0x20, 0x70, 0x72, 0x6f, 0x63, 0x65, 0x73, 0x73, 0x2e, 0x2e, 0x2e, 0x0a, 0x00 };
/* 0xa9879 */ const unsigned char rodata_a9879[38] = { 0x25, 0x73, 0x28, 0x29, 0x3a, 0x20, 0x53, 0x59, 0x4e, 0x43, 0x5f, 0x41, 0x52, 0x45, 0x41, 0x5f, 0x52, 0x45, 0x46, 0x41, 0x4c, 0x53, 0x48, 0x20, 0x55, 0x70, 0x67, 0x72, 0x61, 0x64, 0x65, 0x20, 0x2e, 0x2e, 0x2e, 0x2e, 0x0a, 0x00 };
/* 0xa989f */ const unsigned char rodata_a989f[47] = { 0x25, 0x73, 0x28, 0x29, 0x3a, 0x20, 0x65, 0x76, 0x65, 0x6e, 0x61, 0x69, 0x20, 0x70, 0x72, 0x6f, 0x63, 0x65, 0x73, 0x73, 0x20, 0x72, 0x65, 0x63, 0x65, 0x69, 0x76, 0x65, 0x64, 0x20, 0x65, 0x78, 0x69, 0x74, 0x20, 0x70, 0x61, 0x63, 0x6b, 0x65, 0x74, 0x20, 0x2e, 0x2e, 0x2e, 0x0a, 0x00 };
/* 0xa98ce */ const unsigned char rodata_a98ce[16] = { 0x75, 0x69, 0x5f, 0x65, 0x76, 0x65, 0x6e, 0x5f, 0x61, 0x69, 0x5f, 0x74, 0x61, 0x73, 0x6b, 0x00 };
/* 0xa98de */ const unsigned char rodata_a98de[43] = { 0x25, 0x73, 0x28, 0x29, 0x3a, 0x20, 0x6e, 0x6f, 0x74, 0x5f, 0x64, 0x69, 0x73, 0x74, 0x75, 0x72, 0x62, 0x20, 0x53, 0x59, 0x4e, 0x43, 0x20, 0x54, 0x4f, 0x20, 0x53, 0x6c, 0x61, 0x76, 0x65, 0x20, 0x66, 0x61, 0x69, 0x6c, 0x65, 0x64, 0x2e, 0x2e, 0x2e, 0x0a, 0x00 };
/* 0xa9935 */ const unsigned char rodata_a9935[22] = { 0x6e, 0x6f, 0x74, 0x5f, 0x64, 0x69, 0x73, 0x74, 0x75, 0x72, 0x62, 0x5f, 0x73, 0x79, 0x6e, 0x63, 0x5f, 0x64, 0x61, 0x74, 0x61, 0x00 };
/* 0xa9b76 */ const unsigned char rodata_a9b76[45] = { 0x25, 0x73, 0x28, 0x29, 0x3a, 0x20, 0x72, 0x65, 0x63, 0x65, 0x69, 0x76, 0x65, 0x64, 0x20, 0x65, 0x78, 0x69, 0x74, 0x20, 0x63, 0x6f, 0x6d, 0x6d, 0x61, 0x6e, 0x64, 0x2c, 0x63, 0x6c, 0x65, 0x61, 0x72, 0x20, 0x73, 0x63, 0x72, 0x65, 0x65, 0x6e, 0x2e, 0x2e, 0x2e, 0x0a, 0x00 };
/* 0xa9c18 */ const unsigned char rodata_a9c18[10] = { 0x25, 0x30, 0x32, 0x64, 0x3a, 0x25, 0x30, 0x32, 0x64, 0x00 };
/* 0xa9c22 */ const unsigned char rodata_a9c22[65] = { 0x25, 0x73, 0x28, 0x29, 0x3a, 0x20, 0x44, 0x45, 0x43, 0x45, 0x54, 0x45, 0x44, 0x20, 0x54, 0x49, 0x4d, 0x45, 0x4f, 0x55, 0x54, 0x20, 0x2e, 0x2e, 0x2e, 0x2e, 0x2e, 0x2e, 0x20, 0x5f, 0x74, 0x70, 0x6d, 0x5f, 0x74, 0x68, 0x72, 0x65, 0x61, 0x64, 0x5f, 0x70, 0x72, 0x76, 0x5f, 0x64, 0x61, 0x74, 0x61, 0x2e, 0x73, 0x79, 0x6e, 0x63, 0x5f, 0x63, 0x6e, 0x74, 0x20, 0x3d, 0x20, 0x25, 0x64, 0x0a, 0x00 };
/* 0xa9c63 */ const unsigned char rodata_a9c63[86] = { 0x25, 0x73, 0x28, 0x29, 0x3a, 0x20, 0x54, 0x68, 0x65, 0x72, 0x65, 0x20, 0x69, 0x73, 0x20, 0x61, 0x20, 0x64, 0x69, 0x73, 0x63, 0x6f, 0x6e, 0x6e, 0x65, 0x63, 0x74, 0x69, 0x6f, 0x6e, 0x20, 0x62, 0x65, 0x74, 0x77, 0x65, 0x65, 0x6e, 0x20, 0x74, 0x68, 0x65, 0x20, 0x41, 0x52, 0x20, 0x47, 0x6c, 0x61, 0x73, 0x73, 0x65, 0x73, 0x20, 0x61, 0x6e, 0x64, 0x20, 0x74, 0x68, 0x65, 0x20, 0x42, 0x6c, 0x75, 0x65, 0x74, 0x6f, 0x6f, 0x74, 0x68, 0x20, 0x61, 0x70, 0x70, 0x6c, 0x69, 0x63, 0x61, 0x74, 0x69, 0x6f, 0x6e, 0x21, 0x0a, 0x00 };
/* 0xa9dba */ const unsigned char rodata_a9dba[65] = { 0x25, 0x73, 0x28, 0x29, 0x3a, 0x20, 0x52, 0x65, 0x63, 0x65, 0x69, 0x76, 0x65, 0x64, 0x20, 0x65, 0x78, 0x69, 0x74, 0x20, 0x63, 0x6f, 0x6d, 0x6d, 0x61, 0x6e, 0x64, 0x20, 0x66, 0x72, 0x6f, 0x6d, 0x20, 0x6d, 0x61, 0x73, 0x74, 0x65, 0x72, 0x2c, 0x20, 0x65, 0x78, 0x69, 0x74, 0x20, 0x74, 0x65, 0x6c, 0x65, 0x70, 0x72, 0x6f, 0x6d, 0x70, 0x74, 0x65, 0x72, 0x20, 0x6d, 0x6f, 0x64, 0x65, 0x0a, 0x00 };
/* 0xa9e91 */ const unsigned char rodata_a9e91[44] = { 0x25, 0x73, 0x28, 0x29, 0x3a, 0x20, 0x6e, 0x61, 0x76, 0x69, 0x67, 0x61, 0x74, 0x69, 0x6f, 0x6e, 0x20, 0x64, 0x69, 0x72, 0x65, 0x63, 0x74, 0x69, 0x6f, 0x6e, 0x20, 0x70, 0x61, 0x72, 0x61, 0x6d, 0x70, 0x74, 0x65, 0x72, 0x20, 0x65, 0x72, 0x72, 0x6f, 0x72, 0x0a, 0x00 };
/* 0xa9ebd */ const unsigned char rodata_a9ebd[36] = { 0x25, 0x73, 0x28, 0x29, 0x3a, 0x20, 0x72, 0x65, 0x66, 0x6c, 0x61, 0x73, 0x68, 0x20, 0x6f, 0x76, 0x65, 0x72, 0x76, 0x69, 0x65, 0x77, 0x20, 0x6d, 0x61, 0x70, 0x20, 0x26, 0x26, 0x20, 0x74, 0x65, 0x78, 0x74, 0x0a, 0x00 };
/* 0xa9ee1 */ const unsigned char rodata_a9ee1[30] = { 0x25, 0x73, 0x28, 0x29, 0x3a, 0x20, 0x44, 0x61, 0x74, 0x61, 0x20, 0x69, 0x73, 0x20, 0x69, 0x6e, 0x20, 0x72, 0x61, 0x77, 0x20, 0x66, 0x6f, 0x72, 0x6d, 0x61, 0x74, 0x2e, 0x0a, 0x00 };
/* 0xa9eff */ const unsigned char rodata_a9eff[43] = { 0x25, 0x73, 0x28, 0x29, 0x3a, 0x20, 0x44, 0x61, 0x74, 0x61, 0x20, 0x69, 0x73, 0x20, 0x69, 0x6e, 0x20, 0x72, 0x6c, 0x65, 0x20, 0x63, 0x6f, 0x6d, 0x70, 0x72, 0x65, 0x73, 0x73, 0x20, 0x72, 0x61, 0x77, 0x20, 0x66, 0x6f, 0x72, 0x6d, 0x61, 0x74, 0x2e, 0x0a, 0x00 };
/* 0xa9f2a */ const unsigned char rodata_a9f2a[6] = { 0x25, 0x73, 0x20, 0x25, 0x73, 0x00 };
/* 0xa9f30 */ const unsigned char rodata_a9f30[33] = { 0x25, 0x73, 0x28, 0x29, 0x3a, 0x20, 0x72, 0x65, 0x66, 0x6c, 0x61, 0x73, 0x68, 0x20, 0x6f, 0x76, 0x65, 0x72, 0x76, 0x69, 0x65, 0x77, 0x20, 0x6d, 0x61, 0x70, 0x20, 0x2e, 0x2e, 0x2e, 0x2e, 0x0a, 0x00 };
/* 0xa9f51 */ const unsigned char rodata_a9f51[30] = { 0x25, 0x73, 0x28, 0x29, 0x3a, 0x20, 0x72, 0x65, 0x66, 0x6c, 0x61, 0x73, 0x68, 0x20, 0x74, 0x65, 0x78, 0x74, 0x20, 0x69, 0x6e, 0x66, 0x6f, 0x20, 0x2e, 0x2e, 0x2e, 0x2e, 0x0a, 0x00 };
/* 0xa9f6f */ const unsigned char rodata_a9f6f[36] = { 0x25, 0x73, 0x28, 0x29, 0x3a, 0x20, 0x72, 0x65, 0x66, 0x6c, 0x61, 0x73, 0x68, 0x20, 0x70, 0x61, 0x6e, 0x6f, 0x72, 0x61, 0x6d, 0x69, 0x63, 0x20, 0x6d, 0x61, 0x70, 0x20, 0x74, 0x6f, 0x20, 0x6c, 0x63, 0x64, 0x0a, 0x00 };
/* 0xa9f93 */ const unsigned char rodata_a9f93[58] = { 0x25, 0x73, 0x28, 0x29, 0x3a, 0x20, 0x41, 0x50, 0x50, 0x20, 0x73, 0x65, 0x6e, 0x64, 0x20, 0x6e, 0x61, 0x76, 0x69, 0x67, 0x61, 0x74, 0x69, 0x6f, 0x6e, 0x20, 0x6f, 0x66, 0x66, 0x73, 0x65, 0x74, 0x20, 0x6f, 0x76, 0x65, 0x72, 0x73, 0x74, 0x65, 0x70, 0x20, 0x2c, 0x73, 0x74, 0x6f, 0x70, 0x20, 0x64, 0x72, 0x61, 0x77, 0x2e, 0x2e, 0x2e, 0x2e, 0x0a, 0x00 };
/* 0xa9fcd */ const unsigned char rodata_a9fcd[25] = { 0x59, 0x6f, 0x75, 0x20, 0x68, 0x61, 0x76, 0x65, 0x20, 0x67, 0x6f, 0x6e, 0x65, 0x20, 0x6f, 0x66, 0x66, 0x20, 0x72, 0x6f, 0x75, 0x74, 0x65, 0x2e, 0x00 };
/* 0xa9fe6 */ const unsigned char rodata_a9fe6[17] = { 0x52, 0x65, 0x63, 0x61, 0x6c, 0x63, 0x75, 0x6c, 0x61, 0x74, 0x69, 0x6e, 0x67, 0x2e, 0x2e, 0x2e, 0x00 };
/* 0xa9ff7 */ const unsigned char rodata_a9ff7[35] = { 0x53, 0x69, 0x65, 0x20, 0x73, 0x69, 0x6e, 0x64, 0x20, 0x76, 0x6f, 0x6e, 0x20, 0x64, 0x65, 0x72, 0x20, 0x52, 0x6f, 0x75, 0x74, 0x65, 0x20, 0x61, 0x62, 0x67, 0x65, 0x6b, 0x6f, 0x6d, 0x6d, 0x65, 0x6e, 0x2e, 0x00 };
/* 0xaa01a */ const unsigned char rodata_aa01a[17] = { 0x4e, 0x65, 0x75, 0x62, 0x65, 0x72, 0x65, 0x63, 0x68, 0x6e, 0x75, 0x6e, 0x67, 0x2e, 0x2e, 0x2e, 0x00 };
/* 0xaa070 */ const unsigned char rodata_aa070[33] = { 0x59, 0x6f, 0x75, 0x72, 0x20, 0x72, 0x6f, 0x75, 0x74, 0x65, 0x20, 0x69, 0x73, 0x20, 0x62, 0x65, 0x69, 0x6e, 0x67, 0x20, 0x67, 0x65, 0x6e, 0x65, 0x72, 0x61, 0x74, 0x65, 0x64, 0x2e, 0x2e, 0x2e, 0x00 };
/* 0xaa091 */ const unsigned char rodata_aa091[29] = { 0x49, 0x68, 0x72, 0x65, 0x20, 0x52, 0x6f, 0x75, 0x74, 0x65, 0x20, 0x77, 0x69, 0x72, 0x64, 0x20, 0x62, 0x65, 0x72, 0x65, 0x63, 0x68, 0x6e, 0x65, 0x74, 0x2e, 0x2e, 0x2e, 0x00 };
/* 0xaa0ae */ const unsigned char rodata_aa0ae[41] = { 0x25, 0x73, 0x28, 0x29, 0x3a, 0x20, 0x45, 0x4e, 0x54, 0x45, 0x52, 0x20, 0x4e, 0x41, 0x56, 0x49, 0x47, 0x41, 0x54, 0x49, 0x4f, 0x4e, 0x20, 0x49, 0x4e, 0x49, 0x54, 0x20, 0x73, 0x74, 0x61, 0x74, 0x75, 0x73, 0x20, 0x2e, 0x2e, 0x2e, 0x2e, 0x0a, 0x00 };
/* 0xaa0d7 */ const unsigned char rodata_aa0d7[30] = { 0x25, 0x73, 0x28, 0x29, 0x3a, 0x20, 0x72, 0x75, 0x6e, 0x6e, 0x69, 0x6e, 0x67, 0x20, 0x65, 0x78, 0x69, 0x74, 0x20, 0x63, 0x6f, 0x6d, 0x6d, 0x61, 0x6e, 0x64, 0x2e, 0x2e, 0x0a, 0x00 };
/* 0xaa112 */ const unsigned char rodata_aa112[38] = { 0x25, 0x73, 0x28, 0x29, 0x3a, 0x20, 0x49, 0x4e, 0x49, 0x54, 0x20, 0x53, 0x54, 0x41, 0x54, 0x55, 0x53, 0x20, 0x20, 0x53, 0x59, 0x4e, 0x43, 0x20, 0x41, 0x43, 0x54, 0x49, 0x4f, 0x4e, 0x20, 0x45, 0x4e, 0x54, 0x45, 0x52, 0x0a, 0x00 };
/* 0xaa138 */ const unsigned char rodata_aa138[46] = { 0x25, 0x73, 0x28, 0x29, 0x3a, 0x20, 0x73, 0x77, 0x69, 0x74, 0x63, 0x68, 0x20, 0x4e, 0x41, 0x56, 0x49, 0x47, 0x41, 0x54, 0x49, 0x4f, 0x4e, 0x5f, 0x52, 0x55, 0x4e, 0x4e, 0x49, 0x4e, 0x47, 0x5f, 0x53, 0x54, 0x41, 0x54, 0x55, 0x53, 0x20, 0x2e, 0x2e, 0x2e, 0x2e, 0x2e, 0x0a, 0x00 };
/* 0xaa166 */ const unsigned char rodata_aa166[73] = { 0x25, 0x73, 0x28, 0x29, 0x3a, 0x20, 0x62, 0x6c, 0x75, 0x65, 0x74, 0x6f, 0x6f, 0x74, 0x68, 0x20, 0x63, 0x6f, 0x6e, 0x6e, 0x65, 0x63, 0x74, 0x20, 0x69, 0x73, 0x20, 0x62, 0x72, 0x65, 0x61, 0x6b, 0x2c, 0x53, 0x65, 0x6e, 0x64, 0x20, 0x53, 0x74, 0x6f, 0x70, 0x20, 0x4e, 0x61, 0x76, 0x69, 0x67, 0x61, 0x74, 0x69, 0x6f, 0x6e, 0x20, 0x63, 0x6f, 0x6d, 0x6d, 0x61, 0x6e, 0x64, 0x20, 0x74, 0x6f, 0x20, 0x73, 0x6c, 0x61, 0x76, 0x65, 0x2e, 0x0a, 0x00 };
/* 0xaa1af */ const unsigned char rodata_aa1af[85] = { 0x25, 0x73, 0x28, 0x29, 0x3a, 0x20, 0x53, 0x59, 0x4e, 0x43, 0x20, 0x54, 0x4f, 0x20, 0x53, 0x6c, 0x61, 0x76, 0x65, 0x20, 0x66, 0x61, 0x69, 0x6c, 0x65, 0x64, 0x2e, 0x2e, 0x2e, 0x2c, 0x64, 0x6f, 0x6e, 0x27, 0x74, 0x20, 0x65, 0x78, 0x65, 0x63, 0x20, 0x4e, 0x61, 0x76, 0x69, 0x67, 0x61, 0x74, 0x69, 0x6f, 0x6e, 0x20, 0x65, 0x78, 0x69, 0x74, 0x20, 0x61, 0x63, 0x74, 0x69, 0x6f, 0x6e, 0x2c, 0x6d, 0x61, 0x73, 0x74, 0x65, 0x72, 0x20, 0x61, 0x75, 0x74, 0x6f, 0x20, 0x65, 0x78, 0x69, 0x74, 0x2e, 0x2e, 0x2e, 0x0a, 0x00 };
/* 0xaa204 */ const unsigned char rodata_aa204[57] = { 0x25, 0x73, 0x28, 0x29, 0x3a, 0x20, 0x61, 0x72, 0x72, 0x69, 0x76, 0x65, 0x64, 0x20, 0x73, 0x74, 0x61, 0x74, 0x75, 0x73, 0x20, 0x3d, 0x20, 0x25, 0x64, 0x2c, 0x20, 0x20, 0x6e, 0x61, 0x76, 0x2d, 0x3e, 0x69, 0x6d, 0x75, 0x5f, 0x61, 0x63, 0x74, 0x69, 0x6f, 0x6e, 0x5f, 0x73, 0x74, 0x61, 0x74, 0x75, 0x73, 0x20, 0x3d, 0x20, 0x25, 0x64, 0x0a, 0x00 };
/* 0xaa23d */ const unsigned char rodata_aa23d[40] = { 0x25, 0x73, 0x28, 0x29, 0x3a, 0x20, 0x72, 0x65, 0x63, 0x65, 0x69, 0x76, 0x65, 0x64, 0x20, 0x61, 0x72, 0x72, 0x69, 0x76, 0x65, 0x64, 0x20, 0x63, 0x6f, 0x6d, 0x70, 0x6c, 0x74, 0x65, 0x20, 0x63, 0x6f, 0x6d, 0x6d, 0x61, 0x6e, 0x64, 0x0a, 0x00 };
/* 0xaa265 */ const unsigned char rodata_aa265[50] = { 0x25, 0x73, 0x28, 0x29, 0x3a, 0x20, 0x72, 0x65, 0x63, 0x65, 0x69, 0x76, 0x65, 0x64, 0x20, 0x61, 0x72, 0x72, 0x69, 0x76, 0x65, 0x64, 0x20, 0x63, 0x6f, 0x6d, 0x6d, 0x61, 0x6e, 0x64, 0x2c, 0x64, 0x72, 0x61, 0x77, 0x20, 0x61, 0x72, 0x72, 0x69, 0x76, 0x65, 0x64, 0x20, 0x70, 0x61, 0x67, 0x65, 0x0a, 0x00 };
/* 0xaa297 */ const unsigned char rodata_aa297[82] = { 0x25, 0x73, 0x28, 0x29, 0x3a, 0x20, 0x6e, 0x61, 0x76, 0x69, 0x67, 0x61, 0x74, 0x69, 0x6f, 0x6e, 0x20, 0x61, 0x72, 0x72, 0x69, 0x76, 0x65, 0x64, 0x20, 0x32, 0x20, 0x72, 0x73, 0x74, 0x20, 0x72, 0x65, 0x66, 0x6c, 0x61, 0x73, 0x68, 0x2c, 0x20, 0x6e, 0x61, 0x76, 0x69, 0x67, 0x61, 0x74, 0x69, 0x6f, 0x6e, 0x5f, 0x70, 0x61, 0x6e, 0x6f, 0x72, 0x61, 0x6d, 0x69, 0x63, 0x5f, 0x6d, 0x61, 0x70, 0x5f, 0x64, 0x69, 0x73, 0x70, 0x6c, 0x61, 0x79, 0x20, 0x72, 0x65, 0x66, 0x6c, 0x61, 0x73, 0x68, 0x0a, 0x00 };
/* 0xaa2e9 */ const unsigned char rodata_aa2e9[40] = { 0x25, 0x73, 0x28, 0x29, 0x3a, 0x20, 0x6e, 0x61, 0x76, 0x69, 0x67, 0x61, 0x74, 0x69, 0x6f, 0x6e, 0x20, 0x61, 0x72, 0x72, 0x69, 0x76, 0x65, 0x64, 0x20, 0x31, 0x20, 0x72, 0x73, 0x74, 0x20, 0x72, 0x65, 0x66, 0x6c, 0x61, 0x73, 0x68, 0x0a, 0x00 };
/* 0xaa341 */ const unsigned char rodata_aa341[47] = { 0x25, 0x73, 0x28, 0x29, 0x3a, 0x20, 0x6e, 0x61, 0x76, 0x69, 0x67, 0x61, 0x74, 0x69, 0x6f, 0x6e, 0x5f, 0x6f, 0x76, 0x65, 0x72, 0x76, 0x69, 0x65, 0x77, 0x5f, 0x6d, 0x61, 0x70, 0x5f, 0x64, 0x69, 0x73, 0x70, 0x6c, 0x61, 0x79, 0x20, 0x72, 0x65, 0x66, 0x6c, 0x61, 0x73, 0x68, 0x0a, 0x00 };
/* 0xaa370 */ const unsigned char rodata_aa370[56] = { 0x25, 0x73, 0x28, 0x29, 0x3a, 0x20, 0x72, 0x75, 0x6e, 0x6e, 0x69, 0x6e, 0x67, 0x20, 0x6e, 0x61, 0x76, 0x69, 0x67, 0x61, 0x74, 0x69, 0x6f, 0x6e, 0x20, 0x44, 0x49, 0x53, 0x50, 0x4c, 0x41, 0x59, 0x20, 0x41, 0x42, 0x4e, 0x4f, 0x52, 0x4d, 0x41, 0x4c, 0x20, 0x45, 0x58, 0x49, 0x54, 0x20, 0x53, 0x54, 0x41, 0x54, 0x55, 0x53, 0x2e, 0x0a, 0x00 };
/* 0xaa3a8 */ const unsigned char rodata_aa3a8[69] = { 0x25, 0x73, 0x28, 0x29, 0x3a, 0x20, 0x54, 0x68, 0x65, 0x20, 0x6e, 0x61, 0x76, 0x69, 0x67, 0x61, 0x74, 0x69, 0x6f, 0x6e, 0x20, 0x61, 0x75, 0x74, 0x6f, 0x6d, 0x61, 0x74, 0x69, 0x63, 0x61, 0x6c, 0x6c, 0x79, 0x20, 0x73, 0x68, 0x75, 0x74, 0x73, 0x20, 0x64, 0x6f, 0x77, 0x6e, 0x20, 0x64, 0x75, 0x65, 0x20, 0x74, 0x6f, 0x20, 0x64, 0x69, 0x73, 0x63, 0x6f, 0x6e, 0x6e, 0x65, 0x63, 0x74, 0x69, 0x6f, 0x6e, 0x2e, 0x0a, 0x00 };
/* 0xaa3ed */ const unsigned char rodata_aa3ed[37] = { 0x25, 0x73, 0x28, 0x29, 0x3a, 0x20, 0x65, 0x78, 0x65, 0x63, 0x20, 0x6e, 0x61, 0x76, 0x69, 0x67, 0x61, 0x74, 0x69, 0x6f, 0x6e, 0x20, 0x61, 0x75, 0x74, 0x6f, 0x20, 0x65, 0x78, 0x69, 0x74, 0x20, 0x2e, 0x2e, 0x2e, 0x0a, 0x00 };
/* 0xaa412 */ const unsigned char rodata_aa412[19] = { 0x75, 0x69, 0x5f, 0x6e, 0x61, 0x76, 0x69, 0x67, 0x61, 0x74, 0x69, 0x6f, 0x6e, 0x5f, 0x74, 0x61, 0x73, 0x6b, 0x00 };
/* 0xaa425 */ const unsigned char rodata_aa425[33] = { 0x6e, 0x61, 0x76, 0x69, 0x67, 0x61, 0x74, 0x69, 0x6f, 0x6e, 0x5f, 0x70, 0x61, 0x6e, 0x6f, 0x72, 0x61, 0x6d, 0x69, 0x63, 0x5f, 0x6d, 0x61, 0x70, 0x5f, 0x64, 0x69, 0x73, 0x70, 0x6c, 0x61, 0x79, 0x00 };
/* 0xaa446 */ const unsigned char rodata_aa446[32] = { 0x6e, 0x61, 0x76, 0x69, 0x67, 0x61, 0x74, 0x69, 0x6f, 0x6e, 0x5f, 0x6f, 0x76, 0x65, 0x72, 0x76, 0x69, 0x65, 0x77, 0x5f, 0x6d, 0x61, 0x70, 0x5f, 0x64, 0x69, 0x73, 0x70, 0x6c, 0x61, 0x79, 0x00 };
/* 0xaa466 */ const unsigned char rodata_aa466[33] = { 0x6e, 0x61, 0x76, 0x69, 0x67, 0x61, 0x74, 0x69, 0x6f, 0x6e, 0x5f, 0x64, 0x69, 0x72, 0x65, 0x63, 0x74, 0x69, 0x6f, 0x6e, 0x5f, 0x69, 0x6d, 0x67, 0x5f, 0x64, 0x69, 0x73, 0x70, 0x6c, 0x61, 0x79, 0x00 };
/* 0xaa487 */ const unsigned char rodata_aa487[99] = { 0x25, 0x73, 0x28, 0x29, 0x3a, 0x20, 0x74, 0x72, 0x61, 0x6e, 0x73, 0x6c, 0x61, 0x74, 0x65, 0x20, 0x6c, 0x61, 0x6e, 0x67, 0x75, 0x61, 0x67, 0x65, 0x20, 0x74, 0x79, 0x70, 0x65, 0x20, 0x65, 0x72, 0x72, 0x6f, 0x72, 0x21, 0x20, 0x74, 0x72, 0x61, 0x6e, 0x73, 0x5f, 0x69, 0x6e, 0x66, 0x6f, 0x2d, 0x3e, 0x6f, 0x72, 0x69, 0x67, 0x69, 0x6e, 0x61, 0x6c, 0x5f, 0x74, 0x79, 0x70, 0x65, 0x20, 0x25, 0x64, 0x20, 0x74, 0x72, 0x61, 0x6e, 0x73, 0x5f, 0x69, 0x6e, 0x66, 0x6f, 0x2d, 0x3e, 0x74, 0x72, 0x61, 0x6e, 0x73, 0x6c, 0x61, 0x74, 0x69, 0x6f, 0x6e, 0x5f, 0x74, 0x79, 0x70, 0x65, 0x20, 0x25, 0x64, 0x0a, 0x00 };
/* 0xaa4ea */ const unsigned char rodata_aa4ea[6] = { 0x25, 0x73, 0x3e, 0x25, 0x73, 0x00 };
/* 0xaa4f0 */ const unsigned char rodata_aa4f0[39] = { 0x25, 0x73, 0x28, 0x29, 0x3a, 0x20, 0x45, 0x4e, 0x54, 0x45, 0x52, 0x20, 0x74, 0x72, 0x61, 0x6e, 0x73, 0x6c, 0x61, 0x74, 0x65, 0x20, 0x49, 0x4e, 0x49, 0x54, 0x20, 0x70, 0x72, 0x6f, 0x63, 0x65, 0x73, 0x73, 0x2e, 0x2e, 0x2e, 0x0a, 0x00 };
/* 0xaa517 */ const unsigned char rodata_aa517[35] = { 0x25, 0x73, 0x28, 0x29, 0x3a, 0x20, 0x64, 0x72, 0x61, 0x77, 0x20, 0x74, 0x72, 0x61, 0x6e, 0x73, 0x6c, 0x61, 0x74, 0x65, 0x20, 0x74, 0x79, 0x70, 0x65, 0x20, 0x63, 0x6f, 0x6e, 0x74, 0x65, 0x6e, 0x74, 0x0a, 0x00 };
/* 0xaa53a */ const unsigned char rodata_aa53a[50] = { 0x25, 0x73, 0x28, 0x29, 0x3a, 0x20, 0x74, 0x72, 0x61, 0x6e, 0x73, 0x6c, 0x61, 0x74, 0x65, 0x20, 0x70, 0x72, 0x6f, 0x63, 0x65, 0x73, 0x73, 0x20, 0x72, 0x65, 0x63, 0x65, 0x69, 0x76, 0x65, 0x64, 0x20, 0x65, 0x78, 0x69, 0x74, 0x20, 0x70, 0x61, 0x63, 0x6b, 0x65, 0x74, 0x20, 0x2e, 0x2e, 0x2e, 0x0a, 0x00 };
/* 0xaa56c */ const unsigned char rodata_aa56c[45] = { 0x25, 0x73, 0x28, 0x29, 0x3a, 0x20, 0x73, 0x75, 0x73, 0x70, 0x65, 0x6e, 0x64, 0x5f, 0x65, 0x6e, 0x20, 0x69, 0x73, 0x20, 0x31, 0x2c, 0x20, 0x72, 0x65, 0x66, 0x6c, 0x61, 0x73, 0x68, 0x20, 0x73, 0x75, 0x73, 0x70, 0x65, 0x6e, 0x64, 0x20, 0x69, 0x63, 0x6f, 0x6e, 0x0a, 0x00 };
/* 0xaa599 */ const unsigned char rodata_aa599[18] = { 0x75, 0x69, 0x5f, 0x74, 0x72, 0x61, 0x6e, 0x73, 0x6c, 0x61, 0x74, 0x65, 0x5f, 0x74, 0x61, 0x73, 0x6b, 0x00 };
/* 0xaa5ab */ const unsigned char rodata_aa5ab[31] = { 0x64, 0x72, 0x61, 0x77, 0x5f, 0x74, 0x65, 0x6d, 0x70, 0x6c, 0x61, 0x74, 0x65, 0x5f, 0x74, 0x72, 0x61, 0x6e, 0x73, 0x6c, 0x61, 0x74, 0x65, 0x5f, 0x73, 0x63, 0x72, 0x65, 0x65, 0x6e, 0x00 };
/* 0xaa600 */ const unsigned char rodata_aa600[4] = { 0x32, 0x2f, 0x32, 0x00 };
/* 0xaa604 */ const unsigned char rodata_aa604[4] = { 0x31, 0x2f, 0x32, 0x00 };
/* 0xaa608 */ const unsigned char rodata_aa608[6] = { 0x31, 0x32, 0x3a, 0x34, 0x37, 0x00 };
/* 0xaa60e */ const unsigned char rodata_aa60e[3] = { 0x32, 0x35, 0x00 };
/* 0xaa611 */ const unsigned char rodata_aa611[44] = { 0x25, 0x73, 0x28, 0x29, 0x3a, 0x20, 0x62, 0x6c, 0x65, 0x20, 0x72, 0x63, 0x76, 0x20, 0x75, 0x6e, 0x6b, 0x6e, 0x6f, 0x77, 0x6e, 0x20, 0x6f, 0x6e, 0x62, 0x6f, 0x61, 0x72, 0x64, 0x69, 0x6e, 0x67, 0x20, 0x61, 0x63, 0x74, 0x69, 0x6f, 0x6e, 0x3a, 0x25, 0x64, 0x0a, 0x00 };
/* 0xaa63d */ const unsigned char rodata_aa63d[36] = { 0x25, 0x73, 0x28, 0x29, 0x3a, 0x20, 0x62, 0x6c, 0x65, 0x20, 0x72, 0x63, 0x76, 0x20, 0x6f, 0x6e, 0x62, 0x6f, 0x61, 0x72, 0x64, 0x69, 0x6e, 0x67, 0x20, 0x61, 0x63, 0x74, 0x69, 0x6f, 0x6e, 0x3a, 0x25, 0x64, 0x0a, 0x00 };
/* 0xaa661 */ const unsigned char rodata_aa661[4] = { 0x31, 0x2f, 0x36, 0x00 };
/* 0xaa665 */ const unsigned char rodata_aa665[4] = { 0x36, 0x2f, 0x36, 0x00 };
/* 0xaa669 */ const unsigned char rodata_aa669[4] = { 0x34, 0x2f, 0x36, 0x00 };
/* 0xaa66d */ const unsigned char rodata_aa66d[4] = { 0x33, 0x2f, 0x36, 0x00 };
/* 0xaa671 */ const unsigned char rodata_aa671[4] = { 0x35, 0x2f, 0x36, 0x00 };
/* 0xaa675 */ const unsigned char rodata_aa675[4] = { 0x32, 0x2f, 0x36, 0x00 };
/* 0xaa679 */ const unsigned char rodata_aa679[42] = { 0x25, 0x73, 0x28, 0x29, 0x3a, 0x20, 0x6f, 0x6e, 0x62, 0x6f, 0x61, 0x72, 0x64, 0x69, 0x6e, 0x67, 0x20, 0x73, 0x79, 0x6e, 0x63, 0x20, 0x74, 0x6f, 0x20, 0x53, 0x6c, 0x61, 0x76, 0x65, 0x20, 0x66, 0x61, 0x69, 0x6c, 0x65, 0x64, 0x2e, 0x2e, 0x2e, 0x0a, 0x00 };
/* 0xaa763 */ const unsigned char rodata_aa763[21] = { 0x6f, 0x6e, 0x62, 0x6f, 0x61, 0x72, 0x64, 0x69, 0x6e, 0x67, 0x5f, 0x73, 0x79, 0x6e, 0x63, 0x5f, 0x64, 0x61, 0x74, 0x61, 0x00 };
/* 0xaa778 */ const unsigned char rodata_aa778[23] = { 0x6f, 0x6e, 0x62, 0x6f, 0x61, 0x72, 0x64, 0x69, 0x6e, 0x67, 0x5f, 0x62, 0x6c, 0x65, 0x5f, 0x70, 0x72, 0x6f, 0x63, 0x65, 0x73, 0x73, 0x00 };
/* 0xaa7a2 */ const unsigned char rodata_aa7a2[41] = { 0x25, 0x73, 0x28, 0x29, 0x3a, 0x20, 0x63, 0x61, 0x6e, 0x76, 0x61, 0x73, 0x5f, 0x64, 0x69, 0x73, 0x74, 0x61, 0x6e, 0x63, 0x65, 0x5f, 0x67, 0x65, 0x61, 0x72, 0x3a, 0x25, 0x64, 0x2c, 0x20, 0x70, 0x6f, 0x73, 0x5f, 0x78, 0x3a, 0x25, 0x64, 0x0a, 0x00 };
/* 0xaa7cb */ const unsigned char rodata_aa7cb[39] = { 0x25, 0x73, 0x28, 0x29, 0x3a, 0x20, 0x72, 0x61, 0x73, 0x74, 0x65, 0x72, 0x5f, 0x68, 0x65, 0x69, 0x67, 0x68, 0x74, 0x5f, 0x67, 0x65, 0x61, 0x72, 0x3a, 0x25, 0x64, 0x2c, 0x20, 0x70, 0x6f, 0x73, 0x5f, 0x79, 0x3a, 0x25, 0x64, 0x0a, 0x00 };
/* 0xaa7f2 */ const unsigned char rodata_aa7f2[37] = { 0x25, 0x73, 0x28, 0x29, 0x3a, 0x20, 0x75, 0x69, 0x5f, 0x72, 0x61, 0x73, 0x74, 0x65, 0x72, 0x5f, 0x68, 0x65, 0x69, 0x67, 0x68, 0x74, 0x5f, 0x74, 0x61, 0x73, 0x6b, 0x20, 0x65, 0x78, 0x69, 0x74, 0x2e, 0x2e, 0x2e, 0x0a, 0x00 };
/* 0xaa817 */ const unsigned char rodata_aa817[40] = { 0x25, 0x73, 0x28, 0x29, 0x3a, 0x20, 0x75, 0x69, 0x5f, 0x72, 0x61, 0x73, 0x74, 0x65, 0x72, 0x5f, 0x68, 0x65, 0x69, 0x67, 0x68, 0x74, 0x5f, 0x74, 0x61, 0x73, 0x6b, 0x20, 0x72, 0x65, 0x66, 0x6c, 0x61, 0x73, 0x68, 0x2e, 0x2e, 0x2e, 0x0a, 0x00 };
/* 0xaa83f */ const unsigned char rodata_aa83f[22] = { 0x75, 0x69, 0x5f, 0x72, 0x61, 0x73, 0x74, 0x65, 0x72, 0x5f, 0x68, 0x65, 0x69, 0x67, 0x68, 0x74, 0x5f, 0x74, 0x61, 0x73, 0x6b, 0x00 };
/* 0xaa855 */ const unsigned char rodata_aa855[23] = { 0x63, 0x61, 0x6c, 0x5f, 0x70, 0x61, 0x6e, 0x65, 0x6c, 0x5f, 0x63, 0x61, 0x6e, 0x76, 0x61, 0x73, 0x5f, 0x63, 0x6f, 0x6f, 0x72, 0x64, 0x00 };
/* 0xaa86c */ const unsigned char rodata_aa86c[37] = { 0x25, 0x73, 0x28, 0x29, 0x3a, 0x20, 0x65, 0x78, 0x65, 0x63, 0x20, 0x73, 0x63, 0x72, 0x65, 0x65, 0x6e, 0x20, 0x63, 0x6c, 0x65, 0x61, 0x72, 0x20, 0x63, 0x6f, 0x6d, 0x6d, 0x61, 0x6e, 0x64, 0x2e, 0x2e, 0x2e, 0x2e, 0x0a, 0x00 };
/* 0xaa891 */ const unsigned char rodata_aa891[55] = { 0x25, 0x73, 0x28, 0x29, 0x3a, 0x20, 0x63, 0x2d, 0x3e, 0x69, 0x6e, 0x69, 0x74, 0x5f, 0x64, 0x6f, 0x6e, 0x65, 0x20, 0x3d, 0x20, 0x30, 0x2c, 0x69, 0x6e, 0x69, 0x74, 0x20, 0x66, 0x61, 0x69, 0x6c, 0x65, 0x64, 0x2c, 0x20, 0x63, 0x61, 0x6e, 0x27, 0x74, 0x20, 0x77, 0x72, 0x69, 0x74, 0x65, 0x20, 0x64, 0x61, 0x74, 0x61, 0x21, 0x0a, 0x00 };
/* 0xaa8c8 */ const unsigned char rodata_aa8c8[35] = { 0x25, 0x73, 0x28, 0x29, 0x3a, 0x20, 0x65, 0x78, 0x65, 0x63, 0x20, 0x61, 0x72, 0x65, 0x61, 0x20, 0x63, 0x6c, 0x65, 0x61, 0x72, 0x20, 0x63, 0x6f, 0x6d, 0x6d, 0x61, 0x6e, 0x64, 0x2e, 0x2e, 0x2e, 0x2e, 0x0a, 0x00 };
/* 0xaa8eb */ const unsigned char rodata_aa8eb[56] = { 0x25, 0x73, 0x28, 0x29, 0x3a, 0x20, 0x63, 0x61, 0x6e, 0x27, 0x74, 0x20, 0x66, 0x69, 0x6e, 0x64, 0x20, 0x72, 0x65, 0x73, 0x6f, 0x75, 0x72, 0x63, 0x65, 0x2c, 0x70, 0x6c, 0x65, 0x61, 0x73, 0x65, 0x20, 0x63, 0x68, 0x65, 0x63, 0x6b, 0x20, 0x72, 0x65, 0x73, 0x6f, 0x75, 0x72, 0x63, 0x65, 0x20, 0x6e, 0x61, 0x6d, 0x65, 0x20, 0x21, 0x0a, 0x00 };
/* 0xaa923 */ const unsigned char rodata_aa923[46] = { 0x25, 0x73, 0x28, 0x29, 0x3a, 0x20, 0x64, 0x61, 0x72, 0x6b, 0x20, 0x6c, 0x69, 0x67, 0x68, 0x74, 0x20, 0x76, 0x61, 0x6c, 0x75, 0x65, 0x20, 0x70, 0x61, 0x72, 0x61, 0x6d, 0x70, 0x74, 0x65, 0x72, 0x20, 0x65, 0x72, 0x72, 0x6f, 0x72, 0x2c, 0x65, 0x78, 0x69, 0x74, 0x21, 0x0a, 0x00 };
/* 0xaa951 */ const unsigned char rodata_aa951[28] = { 0x25, 0x73, 0x28, 0x29, 0x3a, 0x20, 0x75, 0x6e, 0x6b, 0x6f, 0x6e, 0x6f, 0x77, 0x6e, 0x20, 0x61, 0x64, 0x76, 0x20, 0x63, 0x6f, 0x6d, 0x6d, 0x61, 0x6e, 0x64, 0x0a, 0x00 };
/* 0xaa96d */ const unsigned char rodata_aa96d[54] = { 0x25, 0x73, 0x28, 0x29, 0x3a, 0x20, 0x69, 0x6e, 0x70, 0x75, 0x74, 0x20, 0x70, 0x61, 0x72, 0x61, 0x6d, 0x20, 0x65, 0x72, 0x72, 0x6f, 0x72, 0x2c, 0x70, 0x6c, 0x65, 0x61, 0x73, 0x65, 0x20, 0x63, 0x68, 0x65, 0x63, 0x6b, 0x20, 0x70, 0x6f, 0x73, 0x74, 0x69, 0x6f, 0x6e, 0x20, 0x63, 0x6f, 0x6e, 0x74, 0x65, 0x6e, 0x74, 0x0a, 0x00 };
/* 0xaaa01 */ const unsigned char rodata_aaa01[87] = { 0x25, 0x73, 0x28, 0x29, 0x3a, 0x20, 0x67, 0x75, 0x69, 0x5f, 0x34, 0x62, 0x69, 0x74, 0x5f, 0x62, 0x69, 0x74, 0x6d, 0x61, 0x70, 0x5f, 0x6f, 0x76, 0x65, 0x72, 0x72, 0x69, 0x64, 0x65, 0x20, 0x70, 0x61, 0x72, 0x61, 0x6d, 0x70, 0x74, 0x65, 0x72, 0x20, 0x6f, 0x76, 0x65, 0x72, 0x73, 0x74, 0x65, 0x70, 0x21, 0x21, 0x21, 0x20, 0x73, 0x74, 0x6f, 0x70, 0x20, 0x64, 0x72, 0x61, 0x77, 0x20, 0x62, 0x69, 0x74, 0x6d, 0x61, 0x70, 0x20, 0x21, 0x21, 0x21, 0x20, 0x78, 0x3d, 0x20, 0x25, 0x64, 0x2c, 0x79, 0x3d, 0x20, 0x25, 0x64, 0x0a, 0x00 };
/* 0xaaa58 */ const unsigned char rodata_aaa58[39] = { 0x25, 0x73, 0x28, 0x29, 0x3a, 0x20, 0x63, 0x61, 0x6e, 0x20, 0x6e, 0x6f, 0x74, 0x20, 0x66, 0x69, 0x6e, 0x64, 0x20, 0x30, 0x78, 0x25, 0x78, 0x20, 0x66, 0x6f, 0x6e, 0x74, 0x20, 0x72, 0x65, 0x73, 0x6f, 0x75, 0x72, 0x63, 0x65, 0x0a, 0x00 };
/* 0xaaa7f */ const unsigned char rodata_aaa7f[45] = { 0x25, 0x73, 0x28, 0x29, 0x3a, 0x20, 0x65, 0x78, 0x65, 0x78, 0x20, 0x70, 0x72, 0x6f, 0x63, 0x65, 0x73, 0x73, 0x20, 0x65, 0x66, 0x66, 0x65, 0x63, 0x74, 0x20, 0x63, 0x61, 0x6c, 0x6c, 0x62, 0x61, 0x63, 0x6b, 0x20, 0x66, 0x75, 0x6e, 0x63, 0x74, 0x69, 0x6f, 0x6e, 0x0a, 0x00 };
/* 0xaaaac */ const unsigned char rodata_aaaac[11] = { 0x25, 0x64, 0x25, 0x64, 0x25, 0x73, 0x25, 0x64, 0x25, 0x64, 0x00 };
/* 0xaaab7 */ const unsigned char rodata_aaab7[29] = { 0x45, 0x56, 0x45, 0x4e, 0x5f, 0x44, 0x41, 0x53, 0x48, 0x42, 0x4f, 0x41, 0x52, 0x44, 0x5f, 0x43, 0x4c, 0x4f, 0x43, 0x4b, 0x5f, 0x33, 0x32, 0x78, 0x5f, 0x54, 0x54, 0x46, 0x00 };
/* 0xaaad4 */ const unsigned char rodata_aaad4[103] = { 0x25, 0x73, 0x28, 0x29, 0x3a, 0x20, 0x54, 0x68, 0x65, 0x20, 0x63, 0x6f, 0x6e, 0x74, 0x65, 0x6e, 0x74, 0x20, 0x63, 0x61, 0x6e, 0x6e, 0x6f, 0x74, 0x20, 0x62, 0x65, 0x20, 0x66, 0x6f, 0x75, 0x6e, 0x64, 0x20, 0x69, 0x6e, 0x20, 0x74, 0x68, 0x65, 0x20, 0x63, 0x75, 0x72, 0x72, 0x65, 0x6e, 0x74, 0x20, 0x66, 0x6f, 0x6e, 0x74, 0x20, 0x6c, 0x69, 0x62, 0x72, 0x61, 0x72, 0x79, 0x2c, 0x75, 0x6e, 0x69, 0x63, 0x6f, 0x64, 0x65, 0x20, 0x63, 0x6f, 0x6e, 0x74, 0x65, 0x6e, 0x74, 0x20, 0x3d, 0x20, 0x25, 0x32, 0x64, 0x2c, 0x66, 0x6f, 0x6e, 0x74, 0x20, 0x6c, 0x69, 0x62, 0x72, 0x61, 0x79, 0x20, 0x69, 0x73, 0x20, 0x25, 0x73, 0x0a, 0x00 };
/* 0xaab3b */ const unsigned char rodata_aab3b[37] = { 0x25, 0x73, 0x28, 0x29, 0x3a, 0x20, 0x64, 0x61, 0x72, 0x6b, 0x5f, 0x6c, 0x69, 0x67, 0x68, 0x74, 0x5f, 0x66, 0x6c, 0x61, 0x67, 0x20, 0x31, 0x20, 0x63, 0x6f, 0x64, 0x65, 0x20, 0x3d, 0x20, 0x30, 0x78, 0x25, 0x78, 0x0a, 0x00 };
/* 0xaab85 */ const unsigned char rodata_aab85[25] = { 0x25, 0x73, 0x28, 0x29, 0x3a, 0x20, 0x64, 0x61, 0x72, 0x6b, 0x5f, 0x6c, 0x69, 0x67, 0x68, 0x74, 0x5f, 0x66, 0x6c, 0x61, 0x67, 0x20, 0x30, 0x0a, 0x00 };
/* 0xaab9e */ const unsigned char rodata_aab9e[52] = { 0x25, 0x73, 0x28, 0x29, 0x3a, 0x20, 0x74, 0x72, 0x75, 0x6e, 0x63, 0x61, 0x74, 0x65, 0x20, 0x63, 0x61, 0x6e, 0x20, 0x6e, 0x6f, 0x74, 0x20, 0x66, 0x69, 0x6e, 0x64, 0x20, 0x5b, 0x25, 0x64, 0x5d, 0x30, 0x78, 0x25, 0x78, 0x20, 0x66, 0x6f, 0x6e, 0x74, 0x20, 0x72, 0x65, 0x73, 0x6f, 0x75, 0x72, 0x63, 0x65, 0x0a, 0x00 };
/* 0xaabd2 */ const unsigned char rodata_aabd2[22] = { 0x25, 0x73, 0x28, 0x29, 0x3a, 0x20, 0x65, 0x6e, 0x64, 0x20, 0x6c, 0x69, 0x6e, 0x65, 0x20, 0x78, 0x30, 0x3d, 0x25, 0x64, 0x0a, 0x00 };
/* 0xaac1e */ const unsigned char rodata_aac1e[68] = { 0x25, 0x73, 0x28, 0x29, 0x3a, 0x20, 0x21, 0x21, 0x21, 0x20, 0x65, 0x6e, 0x64, 0x5f, 0x73, 0x70, 0x6c, 0x69, 0x74, 0x5f, 0x63, 0x68, 0x61, 0x72, 0x61, 0x63, 0x74, 0x65, 0x72, 0x5f, 0x69, 0x6e, 0x64, 0x65, 0x78, 0x20, 0x3d, 0x3d, 0x20, 0x73, 0x74, 0x61, 0x72, 0x74, 0x5f, 0x73, 0x70, 0x6c, 0x69, 0x74, 0x5f, 0x63, 0x68, 0x61, 0x72, 0x61, 0x63, 0x74, 0x65, 0x72, 0x5f, 0x69, 0x6e, 0x64, 0x65, 0x78, 0x0a, 0x00 };
/* 0xaac62 */ const unsigned char rodata_aac62[33] = { 0x25, 0x73, 0x28, 0x29, 0x3a, 0x20, 0x66, 0x69, 0x6e, 0x64, 0x20, 0x61, 0x73, 0x63, 0x69, 0x69, 0x20, 0x70, 0x6f, 0x73, 0x74, 0x69, 0x6f, 0x6e, 0x20, 0x66, 0x61, 0x69, 0x6c, 0x65, 0x64, 0x0a, 0x00 };
/* 0xaac9f */ const unsigned char rodata_aac9f[16] = { 0x67, 0x75, 0x69, 0x5f, 0x73, 0x74, 0x72, 0x69, 0x6e, 0x67, 0x5f, 0x64, 0x72, 0x61, 0x77, 0x00 };
/* 0xaacaf */ const unsigned char rodata_aacaf[25] = { 0x67, 0x75, 0x69, 0x5f, 0x34, 0x62, 0x69, 0x74, 0x5f, 0x62, 0x69, 0x74, 0x6d, 0x61, 0x70, 0x5f, 0x6f, 0x76, 0x65, 0x72, 0x72, 0x69, 0x64, 0x65, 0x00 };
/* 0xaacc8 */ const unsigned char rodata_aacc8[22] = { 0x67, 0x75, 0x69, 0x5f, 0x62, 0x69, 0x74, 0x6d, 0x70, 0x73, 0x5f, 0x6d, 0x65, 0x72, 0x67, 0x65, 0x5f, 0x64, 0x72, 0x61, 0x77, 0x00 };
/* 0xaacde */ const unsigned char rodata_aacde[16] = { 0x67, 0x75, 0x69, 0x5f, 0x62, 0x69, 0x74, 0x6d, 0x61, 0x70, 0x5f, 0x64, 0x72, 0x61, 0x77, 0x00 };
/* 0xaacee */ const unsigned char rodata_aacee[29] = { 0x67, 0x75, 0x69, 0x5f, 0x76, 0x65, 0x72, 0x74, 0x69, 0x63, 0x61, 0x6c, 0x4c, 0x69, 0x6e, 0x65, 0x5f, 0x70, 0x72, 0x6f, 0x63, 0x65, 0x73, 0x73, 0x5f, 0x62, 0x61, 0x72, 0x00 };
/* 0xaad0b */ const unsigned char rodata_aad0b[15] = { 0x67, 0x75, 0x69, 0x5f, 0x63, 0x6c, 0x6f, 0x63, 0x6b, 0x5f, 0x64, 0x72, 0x61, 0x77, 0x00 };
/* 0xaad1a */ const unsigned char rodata_aad1a[27] = { 0x67, 0x75, 0x69, 0x5f, 0x75, 0x74, 0x66, 0x5f, 0x61, 0x64, 0x76, 0x5f, 0x64, 0x72, 0x61, 0x77, 0x5f, 0x63, 0x6f, 0x6e, 0x66, 0x69, 0x67, 0x75, 0x72, 0x65, 0x00 };
/* 0xaad35 */ const unsigned char rodata_aad35[22] = { 0x67, 0x75, 0x69, 0x5f, 0x75, 0x74, 0x66, 0x5f, 0x57, 0x6f, 0x72, 0x64, 0x77, 0x72, 0x61, 0x70, 0x5f, 0x64, 0x72, 0x61, 0x77, 0x00 };
/* 0xaad4b */ const unsigned char rodata_aad4b[25] = { 0x67, 0x75, 0x69, 0x5f, 0x75, 0x74, 0x66, 0x5f, 0x64, 0x72, 0x61, 0x77, 0x5f, 0x61, 0x6c, 0x69, 0x67, 0x6e, 0x5f, 0x72, 0x69, 0x67, 0x68, 0x74, 0x00 };
/* 0xaad64 */ const unsigned char rodata_aad64[20] = { 0x67, 0x75, 0x69, 0x5f, 0x75, 0x74, 0x66, 0x5f, 0x64, 0x72, 0x61, 0x77, 0x5f, 0x6d, 0x69, 0x64, 0x64, 0x6c, 0x65, 0x00 };
/* 0xaad78 */ const unsigned char rodata_aad78[22] = { 0x67, 0x75, 0x69, 0x5f, 0x75, 0x74, 0x66, 0x5f, 0x64, 0x72, 0x61, 0x77, 0x5f, 0x74, 0x72, 0x75, 0x6e, 0x63, 0x61, 0x74, 0x65, 0x00 };
/* 0xaad8e */ const unsigned char rodata_aad8e[30] = { 0x67, 0x75, 0x69, 0x5f, 0x75, 0x74, 0x66, 0x5f, 0x64, 0x72, 0x61, 0x77, 0x5f, 0x64, 0x61, 0x72, 0x6b, 0x5f, 0x6c, 0x69, 0x67, 0x68, 0x74, 0x5f, 0x73, 0x70, 0x6c, 0x69, 0x74, 0x00 };
/* 0xaadac */ const unsigned char rodata_aadac[13] = { 0x67, 0x75, 0x69, 0x5f, 0x75, 0x74, 0x66, 0x5f, 0x64, 0x72, 0x61, 0x77, 0x00 };
/* 0xaadb9 */ const unsigned char rodata_aadb9[23] = { 0x67, 0x75, 0x69, 0x5f, 0x62, 0x6d, 0x70, 0x5f, 0x62, 0x69, 0x74, 0x6d, 0x61, 0x70, 0x5f, 0x64, 0x72, 0x61, 0x77, 0x5f, 0x65, 0x78, 0x00 };
/* 0xaadd0 */ const unsigned char rodata_aadd0[20] = { 0x67, 0x75, 0x69, 0x5f, 0x62, 0x6d, 0x70, 0x5f, 0x62, 0x69, 0x74, 0x6d, 0x61, 0x70, 0x5f, 0x64, 0x72, 0x61, 0x77, 0x00 };
/* 0xaade4 */ const unsigned char rodata_aade4[28] = { 0x67, 0x75, 0x69, 0x5f, 0x62, 0x6d, 0x70, 0x5f, 0x64, 0x79, 0x6e, 0x61, 0x6d, 0x69, 0x63, 0x5f, 0x62, 0x69, 0x74, 0x6d, 0x61, 0x70, 0x5f, 0x64, 0x72, 0x61, 0x77, 0x00 };
/* 0xaae00 */ const unsigned char rodata_aae00[15] = { 0x67, 0x75, 0x69, 0x5f, 0x61, 0x72, 0x65, 0x61, 0x5f, 0x63, 0x6c, 0x65, 0x61, 0x72, 0x00 };
/* 0xaae0f */ const unsigned char rodata_aae0f[17] = { 0x67, 0x75, 0x69, 0x5f, 0x73, 0x63, 0x72, 0x65, 0x65, 0x6e, 0x5f, 0x63, 0x6c, 0x65, 0x61, 0x72, 0x00 };
/* 0xbb220 */ const unsigned char rodata_bb220[11] = { 0x45, 0x52, 0x52, 0x5f, 0x53, 0x54, 0x52, 0x49, 0x4e, 0x47, 0x00 };
/* 0xbbfee */ const unsigned char rodata_bbfee[24] = { 0x25, 0x73, 0x28, 0x29, 0x3a, 0x20, 0x72, 0x65, 0x61, 0x64, 0x20, 0x66, 0x6c, 0x61, 0x73, 0x68, 0x20, 0x66, 0x61, 0x69, 0x6c, 0x0a, 0x0a, 0x00 };
/* 0xbc04c */ const unsigned char rodata_bc04c[39] = { 0x25, 0x73, 0x28, 0x29, 0x3a, 0x20, 0x63, 0x61, 0x6e, 0x27, 0x74, 0x20, 0x66, 0x69, 0x6e, 0x64, 0x20, 0x72, 0x65, 0x73, 0x6f, 0x75, 0x72, 0x63, 0x65, 0x20, 0x2c, 0x65, 0x78, 0x69, 0x74, 0x20, 0x2e, 0x2e, 0x2e, 0x2e, 0x2e, 0x0a, 0x00 };
/* 0xbc083 */ const unsigned char rodata_bc083[20] = { 0x72, 0x65, 0x73, 0x6f, 0x75, 0x72, 0x63, 0x65, 0x5f, 0x6d, 0x61, 0x6e, 0x67, 0x65, 0x72, 0x5f, 0x67, 0x65, 0x74, 0x00 };
/* 0xc7309 */ const unsigned char rodata_c7309[11] = { 0x22, 0x22, 0x22, 0x22, 0x22, 0x22, 0x22, 0x22, 0x22, 0x22, 0x00 };
/* 0xc733b */ const unsigned char rodata_c733b[2] = { 0x22, 0x00 };
/* 0xc736d */ const unsigned char rodata_c736d[12] = { 0x22, 0x22, 0x22, 0x22, 0x22, 0x22, 0x22, 0x22, 0x22, 0x22, 0x22, 0x00 };
/* 0xc768a */ const unsigned char rodata_c768a[2] = { 0x20, 0x00 };
/* 0xc77c4 */ const unsigned char rodata_c77c4[2] = { 0x20, 0x00 };
/* 0xd7173 */ const unsigned char rodata_d7173[58] = { 0x25, 0x73, 0x28, 0x29, 0x3a, 0x20, 0x73, 0x65, 0x74, 0x5f, 0x69, 0x6d, 0x75, 0x5f, 0x70, 0x69, 0x74, 0x63, 0x68, 0x3a, 0x68, 0x6f, 0x72, 0x69, 0x7a, 0x5f, 0x73, 0x74, 0x65, 0x70, 0x20, 0x6f, 0x76, 0x65, 0x72, 0x20, 0x45, 0x5f, 0x49, 0x4d, 0x55, 0x5f, 0x50, 0x49, 0x54, 0x43, 0x48, 0x5f, 0x53, 0x54, 0x45, 0x50, 0x5f, 0x4d, 0x41, 0x58, 0x0a, 0x00 };
/* 0xd71ad */ const unsigned char rodata_d71ad[54] = { 0x25, 0x73, 0x28, 0x29, 0x3a, 0x20, 0x73, 0x65, 0x74, 0x5f, 0x69, 0x6d, 0x75, 0x5f, 0x70, 0x69, 0x74, 0x63, 0x68, 0x20, 0x70, 0x72, 0x6f, 0x63, 0x65, 0x73, 0x73, 0x20, 0x72, 0x65, 0x63, 0x65, 0x69, 0x76, 0x65, 0x64, 0x20, 0x65, 0x78, 0x69, 0x74, 0x20, 0x70, 0x61, 0x63, 0x6b, 0x65, 0x74, 0x20, 0x2e, 0x2e, 0x2e, 0x0a, 0x00 };
/* 0xd71e3 */ const unsigned char rodata_d71e3[22] = { 0x75, 0x69, 0x5f, 0x73, 0x65, 0x74, 0x5f, 0x69, 0x6d, 0x75, 0x5f, 0x70, 0x69, 0x74, 0x63, 0x68, 0x5f, 0x74, 0x61, 0x73, 0x6b, 0x00 };
/* 0xd71f9 */ const unsigned char rodata_d71f9[22] = { 0x73, 0x65, 0x74, 0x5f, 0x69, 0x6d, 0x75, 0x5f, 0x70, 0x69, 0x74, 0x63, 0x68, 0x5f, 0x72, 0x65, 0x66, 0x6c, 0x61, 0x73, 0x68, 0x00 };
/* 0xd720f */ const unsigned char rodata_d720f[15] = { 0x25, 0x73, 0x28, 0x29, 0x3a, 0x20, 0x6e, 0x65, 0x77, 0x3a, 0x20, 0x25, 0x64, 0x0a, 0x00 };
/* 0xd721e */ const unsigned char rodata_d721e[28] = { 0x25, 0x73, 0x28, 0x29, 0x3a, 0x20, 0x70, 0x61, 0x6e, 0x65, 0x6c, 0x5f, 0x73, 0x75, 0x73, 0x70, 0x65, 0x6e, 0x64, 0x20, 0x65, 0x6e, 0x74, 0x65, 0x72, 0x21, 0x0a, 0x00 };
/* 0xd723a */ const unsigned char rodata_d723a[23] = { 0x25, 0x73, 0x28, 0x29, 0x3a, 0x20, 0x70, 0x61, 0x6e, 0x65, 0x6c, 0x5f, 0x6f, 0x6e, 0x20, 0x65, 0x6e, 0x74, 0x65, 0x72, 0x21, 0x0a, 0x00 };
/* 0xd7251 */ const unsigned char rodata_d7251[33] = { 0x25, 0x73, 0x28, 0x29, 0x3a, 0x20, 0x73, 0x65, 0x74, 0x20, 0x62, 0x72, 0x69, 0x67, 0x68, 0x74, 0x6e, 0x65, 0x73, 0x73, 0x20, 0x6c, 0x65, 0x76, 0x65, 0x6c, 0x20, 0x3d, 0x20, 0x25, 0x64, 0x0a, 0x00 };
/* 0xd7272 */ const unsigned char rodata_d7272[27] = { 0x25, 0x73, 0x28, 0x29, 0x3a, 0x20, 0x70, 0x61, 0x6e, 0x65, 0x6c, 0x5f, 0x72, 0x65, 0x73, 0x75, 0x6d, 0x65, 0x20, 0x65, 0x6e, 0x74, 0x65, 0x72, 0x21, 0x0a, 0x00 };
/* 0xd728d */ const unsigned char rodata_d728d[31] = { 0x25, 0x73, 0x28, 0x29, 0x3a, 0x20, 0x4a, 0x42, 0x44, 0x20, 0x50, 0x41, 0x4e, 0x45, 0x4c, 0x20, 0x69, 0x6e, 0x69, 0x74, 0x20, 0x66, 0x61, 0x69, 0x6c, 0x75, 0x72, 0x65, 0x21, 0x0a, 0x00 };
/* 0xd72ac */ const unsigned char rodata_d72ac[15] = { 0x6a, 0x64, 0x62, 0x5f, 0x70, 0x61, 0x6e, 0x65, 0x6c, 0x5f, 0x69, 0x6e, 0x69, 0x74, 0x00 };
/* 0xd72bb */ const unsigned char rodata_d72bb[9] = { 0x70, 0x61, 0x6e, 0x65, 0x6c, 0x5f, 0x6f, 0x6e, 0x00 };
/* 0xd72c4 */ const unsigned char rodata_d72c4[13] = { 0x70, 0x61, 0x6e, 0x65, 0x6c, 0x5f, 0x72, 0x65, 0x73, 0x75, 0x6d, 0x65, 0x00 };
/* 0xd72d1 */ const unsigned char rodata_d72d1[10] = { 0x70, 0x61, 0x6e, 0x65, 0x6c, 0x5f, 0x6f, 0x66, 0x66, 0x00 };
/* 0xd72db */ const unsigned char rodata_d72db[14] = { 0x70, 0x61, 0x6e, 0x65, 0x6c, 0x5f, 0x73, 0x75, 0x73, 0x70, 0x65, 0x6e, 0x64, 0x00 };
/* 0xd72e9 */ const unsigned char rodata_d72e9[39] = { 0x73, 0x65, 0x74, 0x5f, 0x62, 0x72, 0x69, 0x67, 0x68, 0x74, 0x6e, 0x65, 0x73, 0x73, 0x5f, 0x74, 0x6f, 0x5f, 0x70, 0x61, 0x6e, 0x65, 0x6c, 0x5f, 0x72, 0x65, 0x67, 0x5f, 0x69, 0x6e, 0x5f, 0x72, 0x75, 0x6e, 0x6e, 0x69, 0x6e, 0x67, 0x00 };
/* 0xd7310 */ const unsigned char rodata_d7310[28] = { 0x73, 0x65, 0x74, 0x5f, 0x62, 0x72, 0x69, 0x67, 0x68, 0x74, 0x6e, 0x65, 0x73, 0x73, 0x5f, 0x74, 0x6f, 0x5f, 0x70, 0x61, 0x6e, 0x65, 0x6c, 0x5f, 0x72, 0x65, 0x67, 0x00 };
/* 0xd732c */ const unsigned char rodata_d732c[27] = { 0x70, 0x61, 0x6e, 0x65, 0x6c, 0x5f, 0x73, 0x65, 0x74, 0x5f, 0x62, 0x72, 0x69, 0x67, 0x68, 0x74, 0x6e, 0x65, 0x73, 0x73, 0x5f, 0x6c, 0x65, 0x76, 0x65, 0x6c, 0x00 };
/* 0xd7347 */ const unsigned char rodata_d7347[45] = { 0x25, 0x73, 0x28, 0x29, 0x3a, 0x20, 0x63, 0x6c, 0x65, 0x61, 0x6e, 0x20, 0x66, 0x72, 0x61, 0x6d, 0x65, 0x20, 0x62, 0x75, 0x66, 0x66, 0x65, 0x72, 0x20, 0x70, 0x61, 0x72, 0x61, 0x6d, 0x65, 0x74, 0x65, 0x72, 0x20, 0x65, 0x72, 0x72, 0x6f, 0x72, 0x21, 0x21, 0x21, 0x0a, 0x00 };
/* 0xd7374 */ const unsigned char rodata_d7374[15] = { 0x5f, 0x63, 0x6c, 0x65, 0x61, 0x6e, 0x5f, 0x66, 0x62, 0x5f, 0x64, 0x61, 0x74, 0x61, 0x00 };
/* 0xd7383 */ const unsigned char rodata_d7383[30] = { 0x25, 0x73, 0x28, 0x29, 0x3a, 0x20, 0x73, 0x70, 0x69, 0x20, 0x74, 0x72, 0x61, 0x6e, 0x73, 0x66, 0x65, 0x72, 0x20, 0x65, 0x72, 0x72, 0x6f, 0x72, 0x2e, 0x2e, 0x2e, 0x2e, 0x0a, 0x00 };
/* 0xd73a1 */ const unsigned char rodata_d73a1[27] = { 0x25, 0x73, 0x28, 0x29, 0x3a, 0x20, 0x53, 0x50, 0x49, 0x5f, 0x44, 0x45, 0x45, 0x50, 0x5f, 0x50, 0x4f, 0x57, 0x45, 0x52, 0x5f, 0x44, 0x4f, 0x57, 0x4e, 0x0a, 0x00 };
/* 0xd73bc */ const unsigned char rodata_d73bc[36] = { 0x25, 0x73, 0x28, 0x29, 0x3a, 0x20, 0x72, 0x65, 0x6c, 0x65, 0x61, 0x73, 0x65, 0x20, 0x66, 0x72, 0x6f, 0x6d, 0x20, 0x64, 0x65, 0x65, 0x70, 0x20, 0x70, 0x6f, 0x77, 0x65, 0x72, 0x20, 0x64, 0x6f, 0x77, 0x6e, 0x0a, 0x00 };
/* 0xd73e0 */ const unsigned char rodata_d73e0[24] = { 0x25, 0x73, 0x28, 0x29, 0x3a, 0x20, 0x72, 0x65, 0x73, 0x75, 0x6d, 0x65, 0x20, 0x63, 0x6f, 0x6d, 0x70, 0x6c, 0x65, 0x74, 0x65, 0x64, 0x0a, 0x00 };
/* 0xd73f8 */ const unsigned char rodata_d73f8[17] = { 0x6a, 0x62, 0x64, 0x5f, 0x70, 0x61, 0x6e, 0x65, 0x6c, 0x5f, 0x72, 0x65, 0x73, 0x75, 0x6d, 0x65, 0x00 };
/* 0xd7409 */ const unsigned char rodata_d7409[18] = { 0x6a, 0x62, 0x64, 0x5f, 0x70, 0x61, 0x6e, 0x65, 0x6c, 0x5f, 0x73, 0x75, 0x73, 0x70, 0x65, 0x6e, 0x64, 0x00 };
/* 0xd741b */ const unsigned char rodata_d741b[11] = { 0x70, 0x61, 0x6e, 0x65, 0x6c, 0x5f, 0x69, 0x6e, 0x69, 0x74, 0x00 };
/* 0xd7426 */ const unsigned char rodata_d7426[27] = { 0x5f, 0x72, 0x65, 0x66, 0x6c, 0x61, 0x73, 0x68, 0x5f, 0x66, 0x62, 0x5f, 0x64, 0x61, 0x74, 0x61, 0x5f, 0x74, 0x6f, 0x5f, 0x6c, 0x63, 0x64, 0x5f, 0x65, 0x78, 0x00 };
/* 0xd7441 */ const unsigned char rodata_d7441[24] = { 0x5f, 0x72, 0x65, 0x66, 0x6c, 0x61, 0x73, 0x68, 0x5f, 0x66, 0x62, 0x5f, 0x64, 0x61, 0x74, 0x61, 0x5f, 0x74, 0x6f, 0x5f, 0x6c, 0x63, 0x64, 0x00 };
/* 0xd7459 */ const unsigned char rodata_d7459[52] = { 0x25, 0x73, 0x28, 0x29, 0x3a, 0x20, 0x6a, 0x62, 0x64, 0x20, 0x70, 0x61, 0x6e, 0x65, 0x6c, 0x20, 0x64, 0x65, 0x76, 0x69, 0x63, 0x76, 0x65, 0x20, 0x69, 0x64, 0x3a, 0x20, 0x25, 0x30, 0x32, 0x78, 0x2c, 0x20, 0x25, 0x30, 0x32, 0x78, 0x2c, 0x20, 0x25, 0x30, 0x32, 0x78, 0x2c, 0x20, 0x25, 0x30, 0x32, 0x78, 0x0a, 0x00 };
/* 0xd748d */ const unsigned char rodata_d748d[12] = { 0x73, 0x70, 0x69, 0x5f, 0x72, 0x65, 0x61, 0x64, 0x5f, 0x69, 0x64, 0x00 };
/* 0xd7499 */ const unsigned char rodata_d7499[22] = { 0x25, 0x73, 0x28, 0x29, 0x3a, 0x20, 0x6c, 0x65, 0x6e, 0x67, 0x74, 0x68, 0x20, 0x65, 0x72, 0x72, 0x6f, 0x72, 0x21, 0x0a, 0x0a, 0x00 };
/* 0xd74af */ const unsigned char rodata_d74af[14] = { 0x6c, 0x65, 0x6e, 0x67, 0x74, 0x68, 0x20, 0x65, 0x72, 0x72, 0x6f, 0x72, 0x21, 0x00 };
/* 0xd74bd */ const unsigned char rodata_d74bd[26] = { 0x6d, 0x61, 0x79, 0x62, 0x65, 0x20, 0x5b, 0x25, 0x78, 0x5d, 0x20, 0x6e, 0x6f, 0x74, 0x20, 0x75, 0x6e, 0x69, 0x63, 0x6f, 0x64, 0x65, 0x20, 0x3f, 0x0a, 0x00 };
/* 0xd74d7 */ const unsigned char rodata_d74d7[29] = { 0x6d, 0x61, 0x79, 0x62, 0x65, 0x20, 0x61, 0x72, 0x72, 0x61, 0x79, 0x20, 0x6f, 0x76, 0x65, 0x72, 0x66, 0x6c, 0x6f, 0x77, 0x21, 0x28, 0x6b, 0x3d, 0x25, 0x64, 0x29, 0x0a, 0x00 };
/* 0xd74f4 */ const unsigned char rodata_d74f4[23] = { 0x75, 0x6e, 0x69, 0x63, 0x6f, 0x64, 0x65, 0x3d, 0x25, 0x78, 0x2c, 0x20, 0x6f, 0x66, 0x66, 0x73, 0x65, 0x74, 0x3d, 0x25, 0x64, 0x0a, 0x00 };
/* 0xd750b */ const unsigned char rodata_d750b[31] = { 0x66, 0x69, 0x6e, 0x64, 0x5f, 0x63, 0x68, 0x69, 0x6e, 0x65, 0x73, 0x65, 0x5f, 0x62, 0x69, 0x74, 0x6d, 0x61, 0x70, 0x5f, 0x62, 0x79, 0x5f, 0x75, 0x6e, 0x69, 0x63, 0x6f, 0x64, 0x65, 0x00 };
/* 0xd752a */ const unsigned char rodata_d752a[16] = { 0x75, 0x74, 0x66, 0x38, 0x5f, 0x74, 0x6f, 0x5f, 0x75, 0x6e, 0x69, 0x63, 0x6f, 0x64, 0x65, 0x00 };
/* 0xef01c */ const unsigned char rodata_ef01c[60] = { 0x25, 0x73, 0x28, 0x29, 0x3a, 0x20, 0x73, 0x65, 0x6e, 0x64, 0x20, 0x64, 0x61, 0x74, 0x61, 0x20, 0x6c, 0x65, 0x6e, 0x67, 0x74, 0x68, 0x20, 0x6d, 0x6f, 0x72, 0x65, 0x20, 0x74, 0x68, 0x61, 0x6e, 0x20, 0x25, 0x64, 0x2c, 0x63, 0x61, 0x6e, 0x27, 0x74, 0x20, 0x6c, 0x6f, 0x61, 0x64, 0x20, 0x69, 0x74, 0x2c, 0x65, 0x78, 0x69, 0x74, 0x20, 0x2e, 0x2e, 0x2e, 0x0a, 0x00 };
/* 0xef058 */ const unsigned char rodata_ef058[31] = { 0x6d, 0x65, 0x73, 0x73, 0x61, 0x67, 0x65, 0x20, 0x71, 0x75, 0x65, 0x75, 0x65, 0x20, 0x73, 0x65, 0x6e, 0x64, 0x20, 0x66, 0x61, 0x69, 0x6c, 0x65, 0x64, 0x20, 0x25, 0x73, 0x0d, 0x0a, 0x00 };
/* 0xef081 */ const unsigned char rodata_ef081[32] = { 0x25, 0x73, 0x28, 0x29, 0x3a, 0x20, 0x72, 0x75, 0x6e, 0x6e, 0x69, 0x6e, 0x67, 0x20, 0x70, 0x72, 0x6f, 0x78, 0x79, 0x20, 0x74, 0x68, 0x72, 0x65, 0x61, 0x64, 0x2e, 0x2e, 0x2e, 0x20, 0x0a, 0x00 };
/* 0xef0a1 */ const unsigned char rodata_ef0a1[40] = { 0x25, 0x73, 0x28, 0x29, 0x3a, 0x20, 0x73, 0x74, 0x6f, 0x72, 0x65, 0x20, 0x61, 0x70, 0x70, 0x20, 0x72, 0x65, 0x73, 0x70, 0x6f, 0x6e, 0x73, 0x65, 0x20, 0x64, 0x61, 0x74, 0x61, 0x20, 0x74, 0x6f, 0x20, 0x63, 0x61, 0x63, 0x68, 0x65, 0x0a, 0x00 };
/* 0xef0c9 */ const unsigned char rodata_ef0c9[50] = { 0x25, 0x73, 0x28, 0x29, 0x3a, 0x20, 0x72, 0x65, 0x63, 0x65, 0x69, 0x76, 0x65, 0x64, 0x20, 0x73, 0x65, 0x6e, 0x64, 0x20, 0x72, 0x65, 0x73, 0x70, 0x6f, 0x6e, 0x73, 0x65, 0x20, 0x64, 0x61, 0x74, 0x61, 0x20, 0x74, 0x6f, 0x20, 0x61, 0x70, 0x70, 0x20, 0x63, 0x6f, 0x6d, 0x6d, 0x61, 0x6e, 0x64, 0x0a, 0x00 };
/* 0xef0fb */ const unsigned char rodata_ef0fb[58] = { 0x25, 0x73, 0x28, 0x29, 0x3a, 0x20, 0x46, 0x61, 0x69, 0x6c, 0x65, 0x64, 0x20, 0x74, 0x6f, 0x20, 0x73, 0x65, 0x6e, 0x64, 0x20, 0x64, 0x61, 0x74, 0x61, 0x20, 0x6f, 0x76, 0x65, 0x72, 0x20, 0x42, 0x4c, 0x45, 0x20, 0x63, 0x6f, 0x6e, 0x6e, 0x65, 0x63, 0x74, 0x69, 0x6f, 0x6e, 0x3a, 0x20, 0x72, 0x65, 0x74, 0x20, 0x3d, 0x20, 0x25, 0x64, 0x20, 0x0a, 0x00 };
/* 0xef135 */ const unsigned char rodata_ef135[56] = { 0x25, 0x73, 0x28, 0x29, 0x3a, 0x20, 0x73, 0x75, 0x63, 0x63, 0x65, 0x73, 0x73, 0x20, 0x73, 0x65, 0x6e, 0x64, 0x20, 0x63, 0x61, 0x63, 0x68, 0x65, 0x20, 0x64, 0x61, 0x74, 0x61, 0x20, 0x74, 0x6f, 0x20, 0x61, 0x70, 0x70, 0x20, 0x2c, 0x64, 0x69, 0x66, 0x66, 0x5f, 0x74, 0x69, 0x6d, 0x65, 0x20, 0x3d, 0x20, 0x25, 0x6c, 0x6c, 0x64, 0x0a, 0x00 };
/* 0xef16d */ const unsigned char rodata_ef16d[59] = { 0x25, 0x73, 0x28, 0x29, 0x3a, 0x20, 0x72, 0x75, 0x6e, 0x6e, 0x69, 0x6e, 0x67, 0x20, 0x70, 0x72, 0x6f, 0x78, 0x79, 0x20, 0x74, 0x68, 0x72, 0x65, 0x61, 0x64, 0x2c, 0x73, 0x65, 0x6e, 0x64, 0x20, 0x61, 0x75, 0x64, 0x69, 0x6f, 0x20, 0x73, 0x74, 0x72, 0x65, 0x61, 0x6d, 0x20, 0x64, 0x61, 0x74, 0x61, 0x20, 0x74, 0x6f, 0x20, 0x61, 0x70, 0x70, 0x20, 0x0a, 0x00 };
/* 0xef1a8 */ const unsigned char rodata_ef1a8[66] = { 0x25, 0x73, 0x28, 0x29, 0x3a, 0x20, 0x72, 0x65, 0x61, 0x64, 0x20, 0x76, 0x6f, 0x69, 0x63, 0x65, 0x20, 0x6d, 0x61, 0x6e, 0x61, 0x67, 0x65, 0x72, 0x20, 0x62, 0x6c, 0x6f, 0x63, 0x6b, 0x20, 0x64, 0x61, 0x74, 0x61, 0x2c, 0x73, 0x74, 0x61, 0x72, 0x74, 0x20, 0x73, 0x65, 0x6e, 0x64, 0x20, 0x76, 0x6f, 0x69, 0x63, 0x65, 0x20, 0x64, 0x61, 0x74, 0x61, 0x20, 0x74, 0x6f, 0x20, 0x61, 0x70, 0x70, 0x0a, 0x00 };
/* 0xef1ea */ const unsigned char rodata_ef1ea[42] = { 0x25, 0x73, 0x28, 0x29, 0x3a, 0x20, 0x72, 0x65, 0x74, 0x72, 0x79, 0x20, 0x73, 0x65, 0x6e, 0x64, 0x20, 0x61, 0x75, 0x64, 0x69, 0x6f, 0x20, 0x64, 0x61, 0x74, 0x61, 0x20, 0x66, 0x69, 0x72, 0x73, 0x74, 0x20, 0x70, 0x61, 0x63, 0x6b, 0x65, 0x74, 0x0a, 0x00 };
/* 0xef214 */ const unsigned char rodata_ef214[76] = { 0x25, 0x73, 0x28, 0x29, 0x3a, 0x20, 0x73, 0x65, 0x6e, 0x64, 0x20, 0x61, 0x75, 0x64, 0x69, 0x6f, 0x20, 0x73, 0x74, 0x72, 0x65, 0x61, 0x6d, 0x20, 0x6d, 0x6f, 0x72, 0x65, 0x20, 0x74, 0x68, 0x61, 0x6e, 0x20, 0x72, 0x65, 0x74, 0x72, 0x79, 0x20, 0x63, 0x6f, 0x75, 0x6e, 0x74, 0x2c, 0x62, 0x72, 0x65, 0x61, 0x6b, 0x20, 0x61, 0x75, 0x64, 0x69, 0x6f, 0x20, 0x73, 0x65, 0x6e, 0x64, 0x20, 0x70, 0x72, 0x6f, 0x63, 0x65, 0x73, 0x73, 0x2e, 0x2e, 0x2e, 0x2e, 0x0a, 0x00 };
/* 0xef260 */ const unsigned char rodata_ef260[59] = { 0x25, 0x73, 0x28, 0x29, 0x3a, 0x20, 0x65, 0x72, 0x72, 0x6f, 0x72, 0x20, 0x70, 0x61, 0x63, 0x6b, 0x65, 0x74, 0x20, 0x6f, 0x72, 0x64, 0x65, 0x72, 0x2c, 0x63, 0x61, 0x6e, 0x27, 0x74, 0x20, 0x73, 0x65, 0x6e, 0x64, 0x20, 0x61, 0x6e, 0x79, 0x20, 0x61, 0x75, 0x64, 0x69, 0x6f, 0x20, 0x64, 0x61, 0x74, 0x61, 0x20, 0x74, 0x6f, 0x20, 0x61, 0x70, 0x70, 0x0a, 0x00 };
/* 0xef29b */ const unsigned char rodata_ef29b[68] = { 0x25, 0x73, 0x28, 0x29, 0x3a, 0x20, 0x61, 0x70, 0x70, 0x20, 0x72, 0x65, 0x71, 0x75, 0x65, 0x73, 0x74, 0x20, 0x6f, 0x76, 0x65, 0x72, 0x20, 0x73, 0x69, 0x7a, 0x65, 0x20, 0x64, 0x61, 0x74, 0x61, 0x20, 0x2c, 0x62, 0x72, 0x65, 0x61, 0x6b, 0x2c, 0x6c, 0x61, 0x73, 0x74, 0x20, 0x70, 0x61, 0x63, 0x6b, 0x65, 0x74, 0x20, 0x74, 0x69, 0x6d, 0x65, 0x73, 0x74, 0x61, 0x6d, 0x70, 0x20, 0x3d, 0x20, 0x25, 0x64, 0x0a, 0x00 };
/* 0xef2df */ const unsigned char rodata_ef2df[29] = { 0x25, 0x73, 0x28, 0x29, 0x3a, 0x20, 0x72, 0x65, 0x74, 0x72, 0x79, 0x20, 0x73, 0x65, 0x6e, 0x64, 0x20, 0x61, 0x75, 0x64, 0x69, 0x6f, 0x20, 0x64, 0x61, 0x74, 0x61, 0x0a, 0x00 };
/* 0xef2fc */ const unsigned char rodata_ef2fc[60] = { 0x25, 0x73, 0x28, 0x29, 0x3a, 0x20, 0x73, 0x65, 0x6e, 0x64, 0x20, 0x25, 0x64, 0x20, 0x62, 0x79, 0x74, 0x65, 0x20, 0x64, 0x61, 0x74, 0x61, 0x20, 0x74, 0x6f, 0x20, 0x61, 0x70, 0x70, 0x2c, 0x74, 0x6f, 0x74, 0x61, 0x6c, 0x20, 0x73, 0x65, 0x6e, 0x64, 0x20, 0x64, 0x61, 0x74, 0x61, 0x20, 0x6c, 0x65, 0x6e, 0x67, 0x74, 0x68, 0x20, 0x3d, 0x20, 0x25, 0x64, 0x0a, 0x00 };
/* 0xef338 */ const unsigned char rodata_ef338[63] = { 0x25, 0x73, 0x28, 0x29, 0x3a, 0x20, 0x72, 0x75, 0x6e, 0x6e, 0x69, 0x6e, 0x67, 0x20, 0x70, 0x72, 0x6f, 0x78, 0x79, 0x20, 0x74, 0x68, 0x72, 0x65, 0x61, 0x64, 0x2c, 0x73, 0x65, 0x6e, 0x64, 0x20, 0x61, 0x75, 0x64, 0x69, 0x6f, 0x20, 0x69, 0x6e, 0x66, 0x6f, 0x6d, 0x61, 0x74, 0x69, 0x6f, 0x6e, 0x20, 0x64, 0x61, 0x74, 0x61, 0x20, 0x74, 0x6f, 0x20, 0x61, 0x70, 0x70, 0x20, 0x0a, 0x00 };
/* 0xef377 */ const unsigned char rodata_ef377[107] = { 0x25, 0x73, 0x28, 0x29, 0x3a, 0x20, 0x76, 0x6f, 0x69, 0x63, 0x65, 0x20, 0x25, 0x64, 0x20, 0x25, 0x73, 0x2c, 0x20, 0x74, 0x69, 0x6d, 0x65, 0x73, 0x74, 0x61, 0x6d, 0x70, 0x20, 0x3d, 0x20, 0x25, 0x64, 0x2c, 0x63, 0x72, 0x63, 0x33, 0x32, 0x20, 0x3d, 0x20, 0x30, 0x78, 0x25, 0x78, 0x20, 0x73, 0x74, 0x61, 0x72, 0x74, 0x20, 0x61, 0x64, 0x64, 0x72, 0x20, 0x3d, 0x20, 0x25, 0x64, 0x2c, 0x65, 0x6e, 0x64, 0x20, 0x61, 0x64, 0x64, 0x72, 0x20, 0x3d, 0x20, 0x25, 0x64, 0x2c, 0x74, 0x6f, 0x74, 0x61, 0x6c, 0x20, 0x61, 0x75, 0x64, 0x69, 0x6f, 0x20, 0x73, 0x74, 0x72, 0x65, 0x61, 0x6d, 0x20, 0x73, 0x69, 0x7a, 0x65, 0x20, 0x3d, 0x20, 0x25, 0x64, 0x0a, 0x00 };
/* 0xef3e2 */ const unsigned char rodata_ef3e2[43] = { 0x25, 0x73, 0x28, 0x29, 0x3a, 0x20, 0x61, 0x75, 0x64, 0x69, 0x6f, 0x5f, 0x72, 0x65, 0x73, 0x70, 0x6f, 0x6e, 0x73, 0x65, 0x5f, 0x70, 0x61, 0x63, 0x6b, 0x65, 0x74, 0x5f, 0x62, 0x75, 0x66, 0x5b, 0x25, 0x64, 0x5d, 0x20, 0x3d, 0x20, 0x25, 0x64, 0x0a, 0x0a, 0x00 };
/* 0xef40d */ const unsigned char rodata_ef40d[42] = { 0x25, 0x73, 0x28, 0x29, 0x3a, 0x20, 0x53, 0x45, 0x4e, 0x44, 0x20, 0x70, 0x6f, 0x77, 0x65, 0x72, 0x20, 0x65, 0x76, 0x65, 0x6e, 0x74, 0x20, 0x74, 0x6f, 0x20, 0x73, 0x6c, 0x61, 0x76, 0x65, 0x20, 0x73, 0x75, 0x63, 0x63, 0x65, 0x73, 0x73, 0x2e, 0x0a, 0x00 };
/* 0xef437 */ const unsigned char rodata_ef437[59] = { 0x25, 0x73, 0x28, 0x29, 0x3a, 0x20, 0x53, 0x65, 0x6e, 0x64, 0x20, 0x61, 0x70, 0x70, 0x20, 0x6c, 0x61, 0x6e, 0x67, 0x75, 0x61, 0x67, 0x65, 0x20, 0x75, 0x70, 0x67, 0x72, 0x61, 0x64, 0x65, 0x20, 0x6d, 0x73, 0x67, 0x20, 0x74, 0x6f, 0x20, 0x73, 0x65, 0x74, 0x74, 0x69, 0x6e, 0x67, 0x20, 0x70, 0x72, 0x6f, 0x78, 0x79, 0x20, 0x74, 0x61, 0x73, 0x6b, 0x0a, 0x00 };
/* 0xef472 */ const unsigned char rodata_ef472[63] = { 0x25, 0x73, 0x28, 0x29, 0x3a, 0x20, 0x53, 0x65, 0x6e, 0x64, 0x20, 0x44, 0x61, 0x73, 0x68, 0x62, 0x6f, 0x61, 0x72, 0x64, 0x20, 0x73, 0x74, 0x61, 0x72, 0x74, 0x75, 0x70, 0x20, 0x20, 0x6d, 0x6f, 0x64, 0x65, 0x20, 0x20, 0x6d, 0x73, 0x67, 0x20, 0x74, 0x6f, 0x20, 0x73, 0x65, 0x74, 0x74, 0x69, 0x6e, 0x67, 0x20, 0x70, 0x72, 0x6f, 0x78, 0x79, 0x20, 0x74, 0x61, 0x73, 0x6b, 0x0a, 0x00 };
/* 0xef4d9 */ const unsigned char rodata_ef4d9[33] = { 0x25, 0x73, 0x28, 0x29, 0x3a, 0x20, 0x72, 0x65, 0x71, 0x75, 0x65, 0x73, 0x74, 0x41, 0x75, 0x64, 0x69, 0x6f, 0x49, 0x6e, 0x66, 0x6f, 0x54, 0x6f, 0x41, 0x70, 0x70, 0x20, 0x2e, 0x2e, 0x2e, 0x0a, 0x00 };
/* 0xef4fa */ const unsigned char rodata_ef4fa[12] = { 0x6c, 0x6f, 0x77, 0x65, 0x72, 0x20, 0x70, 0x6f, 0x77, 0x65, 0x72, 0x00 };
/* 0xef519 */ const unsigned char rodata_ef519[58] = { 0x25, 0x73, 0x28, 0x29, 0x3a, 0x20, 0x73, 0x65, 0x6e, 0x64, 0x20, 0x70, 0x6f, 0x77, 0x65, 0x72, 0x20, 0x69, 0x6e, 0x66, 0x6f, 0x6d, 0x61, 0x74, 0x69, 0x6f, 0x6e, 0x20, 0x74, 0x6f, 0x20, 0x73, 0x6c, 0x61, 0x76, 0x65, 0x20, 0x2e, 0x20, 0x70, 0x6f, 0x77, 0x65, 0x72, 0x20, 0x73, 0x74, 0x61, 0x74, 0x75, 0x73, 0x20, 0x3d, 0x20, 0x25, 0x73, 0x0a, 0x00 };
/* 0xef553 */ const unsigned char rodata_ef553[67] = { 0x25, 0x73, 0x28, 0x29, 0x3a, 0x20, 0x47, 0x4c, 0x4f, 0x42, 0x41, 0x4c, 0x2d, 0x3e, 0x62, 0x61, 0x74, 0x74, 0x65, 0x72, 0x79, 0x5f, 0x69, 0x6e, 0x66, 0x6f, 0x5b, 0x30, 0x5d, 0x20, 0x3d, 0x20, 0x25, 0x64, 0x20, 0x2c, 0x20, 0x47, 0x4c, 0x4f, 0x42, 0x41, 0x4c, 0x2d, 0x3e, 0x62, 0x61, 0x74, 0x74, 0x65, 0x72, 0x79, 0x5f, 0x69, 0x6e, 0x66, 0x6f, 0x5b, 0x31, 0x5d, 0x20, 0x3d, 0x20, 0x25, 0x64, 0x0a, 0x00 };
/* 0xef596 */ const unsigned char rodata_ef596[8] = { 0x75, 0x6e, 0x6b, 0x6e, 0x6f, 0x77, 0x6e, 0x00 };
/* 0xef59e */ const unsigned char rodata_ef59e[65] = { 0x25, 0x73, 0x28, 0x29, 0x3a, 0x20, 0x73, 0x65, 0x6e, 0x64, 0x20, 0x41, 0x50, 0x50, 0x20, 0x4c, 0x61, 0x6e, 0x67, 0x75, 0x61, 0x67, 0x65, 0x20, 0x69, 0x6e, 0x66, 0x6f, 0x6d, 0x61, 0x74, 0x69, 0x6f, 0x6e, 0x20, 0x74, 0x6f, 0x20, 0x73, 0x6c, 0x61, 0x76, 0x65, 0x20, 0x2e, 0x20, 0x61, 0x70, 0x70, 0x20, 0x6c, 0x61, 0x6e, 0x67, 0x75, 0x61, 0x67, 0x65, 0x20, 0x3d, 0x20, 0x25, 0x73, 0x0a, 0x00 };
/* 0xef5df */ const unsigned char rodata_ef5df[20] = { 0x64, 0x6f, 0x75, 0x62, 0x6c, 0x65, 0x20, 0x63, 0x6c, 0x69, 0x63, 0x6b, 0x20, 0x73, 0x74, 0x61, 0x72, 0x74, 0x20, 0x00 };
/* 0xef603 */ const unsigned char rodata_ef603[65] = { 0x25, 0x73, 0x28, 0x29, 0x3a, 0x20, 0x73, 0x65, 0x6e, 0x64, 0x20, 0x64, 0x61, 0x73, 0x68, 0x62, 0x6f, 0x61, 0x72, 0x64, 0x20, 0x73, 0x74, 0x61, 0x72, 0x74, 0x75, 0x70, 0x20, 0x6d, 0x6f, 0x64, 0x65, 0x20, 0x74, 0x6f, 0x20, 0x73, 0x6c, 0x61, 0x76, 0x65, 0x20, 0x2e, 0x20, 0x73, 0x74, 0x61, 0x72, 0x74, 0x75, 0x70, 0x20, 0x6d, 0x6f, 0x64, 0x65, 0x20, 0x20, 0x3d, 0x20, 0x25, 0x73, 0x0a, 0x00 };
/* 0xef644 */ const unsigned char rodata_ef644[80] = { 0x25, 0x73, 0x28, 0x29, 0x3a, 0x20, 0x72, 0x65, 0x63, 0x65, 0x69, 0x76, 0x65, 0x64, 0x20, 0x73, 0x6c, 0x61, 0x76, 0x65, 0x20, 0x73, 0x65, 0x6e, 0x64, 0x20, 0x64, 0x6f, 0x75, 0x62, 0x6c, 0x65, 0x20, 0x63, 0x6c, 0x69, 0x63, 0x6b, 0x20, 0x65, 0x76, 0x65, 0x6e, 0x74, 0x20, 0x2c, 0x62, 0x6f, 0x6f, 0x74, 0x20, 0x6f, 0x72, 0x20, 0x63, 0x6c, 0x6f, 0x73, 0x65, 0x20, 0x64, 0x61, 0x73, 0x68, 0x62, 0x6f, 0x61, 0x72, 0x64, 0x20, 0x66, 0x75, 0x6e, 0x63, 0x74, 0x69, 0x6f, 0x6e, 0x0a, 0x00 };
/* 0xef694 */ const unsigned char rodata_ef694[28] = { 0x53, 0x6c, 0x61, 0x76, 0x65, 0x44, 0x6f, 0x75, 0x62, 0x6c, 0x65, 0x43, 0x6c, 0x69, 0x63, 0x6b, 0x45, 0x76, 0x65, 0x6e, 0x74, 0x49, 0x6e, 0x6a, 0x65, 0x63, 0x74, 0x00 };
/* 0xef6b0 */ const unsigned char rodata_ef6b0[36] = { 0x53, 0x65, 0x6e, 0x64, 0x44, 0x61, 0x73, 0x68, 0x42, 0x6f, 0x61, 0x72, 0x64, 0x53, 0x74, 0x61, 0x72, 0x74, 0x75, 0x70, 0x4d, 0x6f, 0x64, 0x65, 0x49, 0x6e, 0x66, 0x6f, 0x54, 0x6f, 0x53, 0x6c, 0x61, 0x76, 0x65, 0x00 };
/* 0xef6d4 */ const unsigned char rodata_ef6d4[30] = { 0x53, 0x65, 0x6e, 0x64, 0x53, 0x79, 0x73, 0x74, 0x65, 0x6d, 0x4c, 0x61, 0x6e, 0x67, 0x75, 0x61, 0x67, 0x65, 0x49, 0x6e, 0x66, 0x6f, 0x54, 0x6f, 0x53, 0x6c, 0x61, 0x76, 0x65, 0x00 };
/* 0xef6f2 */ const unsigned char rodata_ef6f2[21] = { 0x53, 0x65, 0x6e, 0x64, 0x50, 0x6f, 0x77, 0x65, 0x72, 0x49, 0x6e, 0x66, 0x6f, 0x54, 0x6f, 0x53, 0x6c, 0x61, 0x76, 0x65, 0x00 };
/* 0xef707 */ const unsigned char rodata_ef707[22] = { 0x72, 0x65, 0x71, 0x75, 0x65, 0x73, 0x74, 0x41, 0x75, 0x64, 0x69, 0x6f, 0x49, 0x6e, 0x66, 0x6f, 0x54, 0x6f, 0x41, 0x70, 0x70, 0x00 };
/* 0xef71d */ const unsigned char rodata_ef71d[25] = { 0x73, 0x65, 0x6e, 0x64, 0x41, 0x75, 0x64, 0x69, 0x6f, 0x53, 0x74, 0x72, 0x65, 0x61, 0x6d, 0x46, 0x69, 0x6c, 0x65, 0x54, 0x6f, 0x41, 0x70, 0x70, 0x00 };
/* 0xef736 */ const unsigned char rodata_ef736[26] = { 0x73, 0x65, 0x6e, 0x64, 0x5f, 0x72, 0x65, 0x73, 0x70, 0x6f, 0x6e, 0x73, 0x65, 0x5f, 0x64, 0x61, 0x74, 0x61, 0x5f, 0x74, 0x6f, 0x5f, 0x62, 0x6c, 0x65, 0x00 };
/* 0xef750 */ const unsigned char rodata_ef750[31] = { 0x73, 0x65, 0x6e, 0x64, 0x5f, 0x72, 0x65, 0x73, 0x70, 0x6f, 0x6e, 0x73, 0x65, 0x5f, 0x64, 0x61, 0x74, 0x61, 0x5f, 0x74, 0x6f, 0x5f, 0x6d, 0x73, 0x67, 0x71, 0x75, 0x65, 0x75, 0x65, 0x00 };
/* 0xef76f */ const unsigned char rodata_ef76f[21] = { 0x70, 0x72, 0x6f, 0x78, 0x79, 0x5f, 0x74, 0x68, 0x72, 0x65, 0x61, 0x64, 0x5f, 0x68, 0x61, 0x6e, 0x64, 0x6c, 0x65, 0x72, 0x00 };
/* 0xef784 */ const unsigned char rodata_ef784[28] = { 0x25, 0x73, 0x28, 0x29, 0x3a, 0x20, 0x65, 0x6e, 0x74, 0x65, 0x72, 0x20, 0x73, 0x63, 0x72, 0x65, 0x65, 0x6e, 0x5f, 0x69, 0x64, 0x20, 0x3d, 0x20, 0x25, 0x64, 0x0a, 0x00 };
/* 0xef7a0 */ const unsigned char rodata_ef7a0[27] = { 0x25, 0x73, 0x28, 0x29, 0x3a, 0x20, 0x65, 0x78, 0x69, 0x74, 0x20, 0x73, 0x63, 0x72, 0x65, 0x65, 0x6e, 0x5f, 0x69, 0x64, 0x20, 0x3d, 0x20, 0x25, 0x64, 0x0a, 0x00 };
/* 0xef7bb */ const unsigned char rodata_ef7bb[52] = { 0x25, 0x73, 0x28, 0x29, 0x3a, 0x20, 0x21, 0x21, 0x21, 0x21, 0x21, 0x21, 0x21, 0x21, 0x21, 0x21, 0x21, 0x21, 0x21, 0x21, 0x21, 0x21, 0x21, 0x21, 0x21, 0x21, 0x21, 0x21, 0x21, 0x21, 0x21, 0x21, 0x21, 0x21, 0x21, 0x21, 0x21, 0x21, 0x21, 0x21, 0x21, 0x21, 0x21, 0x21, 0x21, 0x21, 0x21, 0x21, 0x21, 0x21, 0x0a, 0x00 };
/* 0xef7ef */ const unsigned char rodata_ef7ef[139] = { 0x25, 0x73, 0x28, 0x29, 0x3a, 0x20, 0x54, 0x68, 0x65, 0x20, 0x77, 0x72, 0x6f, 0x6e, 0x67, 0x20, 0x73, 0x63, 0x72, 0x65, 0x65, 0x6e, 0x20, 0x49, 0x44, 0x20, 0x68, 0x61, 0x73, 0x20, 0x61, 0x70, 0x70, 0x65, 0x61, 0x72, 0x65, 0x64, 0x2c, 0x20, 0x61, 0x6e, 0x64, 0x20, 0x74, 0x68, 0x65, 0x20, 0x65, 0x78, 0x63, 0x65, 0x70, 0x74, 0x69, 0x6f, 0x6e, 0x20, 0x68, 0x61, 0x6e, 0x64, 0x6c, 0x69, 0x6e, 0x67, 0x20, 0x69, 0x73, 0x20, 0x63, 0x6c, 0x6f, 0x73, 0x65, 0x64, 0x2c, 0x54, 0x68, 0x65, 0x20, 0x6d, 0x65, 0x73, 0x73, 0x61, 0x67, 0x65, 0x20, 0x49, 0x44, 0x20, 0x61, 0x74, 0x20, 0x73, 0x74, 0x61, 0x72, 0x74, 0x75, 0x70, 0x20, 0x69, 0x73, 0x20, 0x25, 0x64, 0x2e, 0x20, 0x54, 0x68, 0x65, 0x20, 0x63, 0x75, 0x72, 0x72, 0x65, 0x6e, 0x74, 0x20, 0x6d, 0x65, 0x73, 0x73, 0x61, 0x67, 0x65, 0x20, 0x49, 0x44, 0x20, 0x69, 0x73, 0x25, 0x64, 0x0a, 0x00 };
/* 0xef87a */ const unsigned char rodata_ef87a[93] = { 0x25, 0x73, 0x28, 0x29, 0x3a, 0x20, 0x54, 0x6f, 0x20, 0x70, 0x65, 0x72, 0x66, 0x6f, 0x72, 0x6d, 0x20, 0x65, 0x78, 0x63, 0x65, 0x70, 0x74, 0x69, 0x6f, 0x6e, 0x20, 0x68, 0x61, 0x6e, 0x64, 0x6c, 0x69, 0x6e, 0x67, 0x2c, 0x20, 0x63, 0x6c, 0x6f, 0x73, 0x65, 0x20, 0x74, 0x68, 0x65, 0x20, 0x70, 0x72, 0x65, 0x76, 0x69, 0x6f, 0x75, 0x73, 0x20, 0x53, 0x43, 0x52, 0x45, 0x45, 0x4e, 0x20, 0x49, 0x44, 0x20, 0x3d, 0x20, 0x25, 0x64, 0x20, 0x55, 0x49, 0x20, 0x61, 0x70, 0x70, 0x6c, 0x69, 0x63, 0x61, 0x74, 0x69, 0x6f, 0x6e, 0x20, 0x66, 0x69, 0x72, 0x73, 0x74, 0x0a, 0x00 };
/* 0xef8d7 */ const unsigned char rodata_ef8d7[96] = { 0x25, 0x73, 0x28, 0x29, 0x3a, 0x20, 0x2d, 0x2d, 0x2d, 0x2d, 0x2d, 0x2d, 0x2d, 0x2d, 0x2d, 0x2d, 0x2d, 0x2d, 0x2d, 0x2d, 0x2d, 0x2d, 0x2d, 0x2d, 0x2d, 0x2d, 0x2d, 0x2d, 0x2d, 0x2d, 0x2d, 0x2d, 0x2d, 0x2d, 0x2d, 0x2d, 0x2d, 0x2d, 0x2d, 0x2d, 0x2d, 0x2d, 0x2d, 0x2d, 0x2d, 0x2d, 0x2d, 0x2d, 0x2d, 0x2d, 0x2d, 0x2d, 0x2d, 0x2d, 0x2d, 0x2d, 0x2d, 0x2d, 0x2d, 0x2d, 0x2d, 0x2d, 0x2d, 0x2d, 0x2d, 0x2d, 0x2d, 0x2d, 0x2d, 0x2d, 0x2d, 0x2d, 0x2d, 0x2d, 0x2d, 0x2d, 0x2d, 0x2d, 0x2d, 0x2d, 0x2d, 0x2d, 0x2d, 0x2d, 0x2d, 0x2d, 0x2d, 0x2d, 0x2d, 0x2d, 0x2d, 0x2d, 0x2d, 0x2d, 0x0a, 0x00 };
/* 0xef937 */ const unsigned char rodata_ef937[136] = { 0x25, 0x73, 0x28, 0x29, 0x3a, 0x20, 0x54, 0x68, 0x65, 0x72, 0x65, 0x20, 0x69, 0x73, 0x20, 0x61, 0x20, 0x73, 0x63, 0x72, 0x65, 0x65, 0x6e, 0x20, 0x49, 0x44, 0x20, 0x65, 0x72, 0x72, 0x6f, 0x72, 0x2e, 0x20, 0x54, 0x68, 0x65, 0x20, 0x70, 0x72, 0x65, 0x76, 0x69, 0x6f, 0x75, 0x73, 0x20, 0x73, 0x63, 0x72, 0x65, 0x65, 0x6e, 0x20, 0x69, 0x44, 0x20, 0x77, 0x61, 0x73, 0x20, 0x25, 0x64, 0x2c, 0x20, 0x74, 0x68, 0x65, 0x20, 0x63, 0x75, 0x72, 0x72, 0x65, 0x6e, 0x74, 0x20, 0x73, 0x63, 0x72, 0x65, 0x65, 0x6e, 0x20, 0x49, 0x44, 0x20, 0x69, 0x73, 0x20, 0x25, 0x64, 0x2c, 0x20, 0x61, 0x6e, 0x64, 0x20, 0x74, 0x68, 0x65, 0x20, 0x55, 0x49, 0x20, 0x70, 0x72, 0x6f, 0x63, 0x65, 0x73, 0x73, 0x20, 0x74, 0x6f, 0x20, 0x62, 0x65, 0x20, 0x70, 0x65, 0x72, 0x66, 0x6f, 0x72, 0x6d, 0x65, 0x64, 0x20, 0x69, 0x73, 0x20, 0x25, 0x64, 0x0a, 0x00 };
/* 0xef9bf */ const unsigned char rodata_ef9bf[106] = { 0x25, 0x73, 0x28, 0x29, 0x3a, 0x20, 0x54, 0x68, 0x65, 0x20, 0x55, 0x49, 0x20, 0x66, 0x72, 0x61, 0x6d, 0x65, 0x77, 0x6f, 0x72, 0x6b, 0x20, 0x63, 0x6c, 0x6f, 0x73, 0x65, 0x73, 0x20, 0x74, 0x68, 0x65, 0x20, 0x6f, 0x70, 0x65, 0x6e, 0x65, 0x64, 0x20, 0x55, 0x49, 0x20, 0x61, 0x70, 0x70, 0x6c, 0x69, 0x63, 0x61, 0x74, 0x69, 0x6f, 0x6e, 0x20, 0x66, 0x69, 0x72, 0x73, 0x74, 0x2c, 0x20, 0x61, 0x6e, 0x64, 0x20, 0x74, 0x68, 0x65, 0x20, 0x63, 0x6c, 0x6f, 0x73, 0x65, 0x64, 0x20, 0x61, 0x70, 0x70, 0x6c, 0x69, 0x63, 0x61, 0x74, 0x69, 0x6f, 0x6e, 0x20, 0x53, 0x63, 0x72, 0x65, 0x65, 0x6e, 0x49, 0x44, 0x20, 0x69, 0x73, 0x20, 0x25, 0x64, 0x0a, 0x00 };
/* 0xefa29 */ const unsigned char rodata_efa29[124] = { 0x25, 0x73, 0x28, 0x29, 0x3a, 0x20, 0x42, 0x65, 0x63, 0x61, 0x75, 0x73, 0x65, 0x20, 0x53, 0x63, 0x72, 0x65, 0x65, 0x6e, 0x49, 0x44, 0x20, 0x68, 0x61, 0x73, 0x20, 0x63, 0x68, 0x61, 0x6e, 0x67, 0x65, 0x64, 0x2c, 0x20, 0x63, 0x6c, 0x6f, 0x73, 0x65, 0x20, 0x74, 0x68, 0x65, 0x20, 0x6f, 0x6c, 0x64, 0x20, 0x73, 0x63, 0x72, 0x65, 0x65, 0x6e, 0x49, 0x44, 0x20, 0x61, 0x70, 0x70, 0x6c, 0x69, 0x63, 0x61, 0x74, 0x69, 0x6f, 0x6e, 0x20, 0x66, 0x69, 0x72, 0x73, 0x74, 0x20, 0x61, 0x6e, 0x64, 0x20, 0x75, 0x70, 0x64, 0x61, 0x74, 0x65, 0x20, 0x74, 0x68, 0x65, 0x20, 0x62, 0x61, 0x63, 0x6b, 0x75, 0x70, 0x20, 0x76, 0x61, 0x6c, 0x75, 0x65, 0x20, 0x6f, 0x66, 0x20, 0x73, 0x63, 0x72, 0x65, 0x65, 0x6e, 0x49, 0x44, 0x20, 0x74, 0x6f, 0x20, 0x25, 0x64, 0x0a, 0x00 };
/* 0xefaa5 */ const unsigned char rodata_efaa5[105] = { 0x25, 0x73, 0x28, 0x29, 0x3a, 0x20, 0x2a, 0x2a, 0x2a, 0x2a, 0x2a, 0x2a, 0x2a, 0x2a, 0x2a, 0x2a, 0x2a, 0x2a, 0x2a, 0x2a, 0x2a, 0x2a, 0x2a, 0x2a, 0x2a, 0x2a, 0x2a, 0x2a, 0x2a, 0x2a, 0x2a, 0x2a, 0x2a, 0x2a, 0x2a, 0x2a, 0x2a, 0x2a, 0x2a, 0x2a, 0x2a, 0x2a, 0x2a, 0x2a, 0x2a, 0x2a, 0x2a, 0x2a, 0x2a, 0x2a, 0x2a, 0x2a, 0x2a, 0x2a, 0x2a, 0x2a, 0x2a, 0x2a, 0x2a, 0x2a, 0x2a, 0x2a, 0x2a, 0x2a, 0x2a, 0x2a, 0x2a, 0x2a, 0x2a, 0x2a, 0x2a, 0x2a, 0x2a, 0x2a, 0x2a, 0x2a, 0x2a, 0x2a, 0x2a, 0x2a, 0x2a, 0x2a, 0x2a, 0x2a, 0x2a, 0x2a, 0x2a, 0x2a, 0x2a, 0x2a, 0x2a, 0x2a, 0x2a, 0x2a, 0x2a, 0x2a, 0x2a, 0x2a, 0x2a, 0x2a, 0x2a, 0x2a, 0x2a, 0x0a, 0x00 };
/* 0xefb0e */ const unsigned char rodata_efb0e[32] = { 0x25, 0x73, 0x28, 0x29, 0x3a, 0x20, 0x73, 0x65, 0x74, 0x20, 0x64, 0x65, 0x6c, 0x61, 0x79, 0x20, 0x65, 0x78, 0x69, 0x74, 0x20, 0x74, 0x69, 0x6d, 0x65, 0x20, 0x3d, 0x20, 0x25, 0x64, 0x0a, 0x00 };
/* 0xefb2e */ const unsigned char rodata_efb2e[34] = { 0x25, 0x73, 0x28, 0x29, 0x3a, 0x20, 0x64, 0x69, 0x73, 0x70, 0x6c, 0x61, 0x79, 0x20, 0x74, 0x68, 0x72, 0x65, 0x61, 0x64, 0x20, 0x73, 0x74, 0x61, 0x72, 0x74, 0x75, 0x70, 0x2e, 0x2e, 0x2e, 0x20, 0x0a, 0x00 };
/* 0xefb50 */ const unsigned char rodata_efb50[42] = { 0x25, 0x73, 0x28, 0x29, 0x3a, 0x20, 0x64, 0x69, 0x73, 0x70, 0x6c, 0x61, 0x79, 0x20, 0x74, 0x68, 0x72, 0x65, 0x61, 0x64, 0x20, 0x68, 0x61, 0x6e, 0x64, 0x6c, 0x65, 0x72, 0x20, 0x73, 0x74, 0x61, 0x72, 0x74, 0x20, 0x75, 0x70, 0x2e, 0x2e, 0x2e, 0x0a, 0x00 };
/* 0xefb7a */ const unsigned char rodata_efb7a[37] = { 0x25, 0x73, 0x28, 0x29, 0x3a, 0x20, 0x64, 0x69, 0x73, 0x70, 0x6c, 0x61, 0x79, 0x20, 0x72, 0x75, 0x6e, 0x74, 0x69, 0x6d, 0x65, 0x20, 0x6d, 0x6f, 0x64, 0x65, 0x20, 0x3d, 0x20, 0x44, 0x46, 0x55, 0x5f, 0x49, 0x44, 0x0a, 0x00 };
/* 0xefb9f */ const unsigned char rodata_efb9f[24] = { 0x25, 0x73, 0x28, 0x29, 0x3a, 0x20, 0x69, 0x6e, 0x69, 0x74, 0x20, 0x4c, 0x43, 0x44, 0x20, 0x64, 0x61, 0x74, 0x61, 0x2e, 0x2e, 0x2e, 0x0a, 0x00 };
/* 0xefbb7 */ const unsigned char rodata_efbb7[46] = { 0x25, 0x73, 0x28, 0x29, 0x3a, 0x20, 0x2d, 0x2d, 0x2d, 0x2d, 0x72, 0x65, 0x63, 0x65, 0x69, 0x76, 0x65, 0x64, 0x20, 0x63, 0x6f, 0x6d, 0x6d, 0x61, 0x6e, 0x64, 0x20, 0x77, 0x69, 0x74, 0x68, 0x6f, 0x75, 0x74, 0x20, 0x73, 0x63, 0x72, 0x65, 0x65, 0x6e, 0x20, 0x49, 0x44, 0x0a, 0x00 };
/* 0xefbe5 */ const unsigned char rodata_efbe5[27] = { 0x25, 0x73, 0x28, 0x29, 0x3a, 0x20, 0x2d, 0x2d, 0x2d, 0x55, 0x53, 0x45, 0x20, 0x73, 0x63, 0x72, 0x65, 0x65, 0x6e, 0x20, 0x49, 0x44, 0x20, 0x25, 0x64, 0x0a, 0x00 };
/* 0xefc00 */ const unsigned char rodata_efc00[45] = { 0x25, 0x73, 0x28, 0x29, 0x3a, 0x20, 0x2d, 0x2d, 0x2d, 0x73, 0x63, 0x72, 0x65, 0x65, 0x6e, 0x20, 0x49, 0x44, 0x20, 0x6d, 0x65, 0x73, 0x73, 0x61, 0x67, 0x65, 0x20, 0x70, 0x61, 0x72, 0x61, 0x6d, 0x70, 0x74, 0x65, 0x72, 0x20, 0x65, 0x72, 0x72, 0x6f, 0x72, 0x21, 0x0a, 0x00 };
/* 0xefc2d */ const unsigned char rodata_efc2d[53] = { 0x25, 0x73, 0x28, 0x29, 0x3a, 0x20, 0x65, 0x78, 0x69, 0x74, 0x20, 0x2e, 0x64, 0x69, 0x73, 0x70, 0x6c, 0x61, 0x79, 0x20, 0x74, 0x68, 0x72, 0x65, 0x61, 0x64, 0x20, 0x73, 0x77, 0x69, 0x74, 0x63, 0x68, 0x20, 0x64, 0x69, 0x73, 0x70, 0x6c, 0x61, 0x79, 0x20, 0x63, 0x6c, 0x6f, 0x73, 0x65, 0x20, 0x2e, 0x2e, 0x2e, 0x0a, 0x00 };
/* 0xefc62 */ const unsigned char rodata_efc62[48] = { 0x25, 0x73, 0x28, 0x29, 0x3a, 0x20, 0x65, 0x78, 0x69, 0x74, 0x20, 0x2e, 0x72, 0x65, 0x63, 0x65, 0x69, 0x76, 0x65, 0x64, 0x20, 0x63, 0x6f, 0x6d, 0x6d, 0x61, 0x6e, 0x64, 0x20, 0x77, 0x69, 0x74, 0x68, 0x6f, 0x75, 0x74, 0x20, 0x73, 0x63, 0x72, 0x65, 0x65, 0x6e, 0x20, 0x49, 0x44, 0x0a, 0x00 };
/* 0xefc92 */ const unsigned char rodata_efc92[29] = { 0x25, 0x73, 0x28, 0x29, 0x3a, 0x20, 0x65, 0x78, 0x69, 0x74, 0x2e, 0x55, 0x53, 0x45, 0x20, 0x73, 0x63, 0x72, 0x65, 0x65, 0x6e, 0x20, 0x49, 0x44, 0x20, 0x25, 0x64, 0x0a, 0x00 };
/* 0xefcdf */ const unsigned char rodata_efcdf[36] = { 0x25, 0x73, 0x28, 0x29, 0x3a, 0x20, 0x75, 0x70, 0x67, 0x72, 0x61, 0x64, 0x65, 0x20, 0x73, 0x79, 0x6e, 0x63, 0x20, 0x63, 0x6f, 0x6e, 0x74, 0x65, 0x6e, 0x74, 0x20, 0x61, 0x72, 0x65, 0x61, 0x2e, 0x2e, 0x2e, 0x0a, 0x00 };
/* 0xefd03 */ const unsigned char rodata_efd03[42] = { 0x25, 0x73, 0x28, 0x29, 0x3a, 0x20, 0x72, 0x65, 0x63, 0x65, 0x69, 0x76, 0x65, 0x64, 0x20, 0x63, 0x6f, 0x6d, 0x6d, 0x61, 0x6e, 0x64, 0x20, 0x77, 0x69, 0x74, 0x68, 0x6f, 0x75, 0x74, 0x20, 0x73, 0x63, 0x72, 0x65, 0x65, 0x6e, 0x20, 0x49, 0x44, 0x0a, 0x00 };
/* 0xefd2d */ const unsigned char rodata_efd2d[24] = { 0x25, 0x73, 0x28, 0x29, 0x3a, 0x20, 0x55, 0x53, 0x45, 0x20, 0x73, 0x63, 0x72, 0x65, 0x65, 0x6e, 0x20, 0x49, 0x44, 0x20, 0x25, 0x64, 0x0a, 0x00 };
/* 0xefd6f */ const unsigned char rodata_efd6f[47] = { 0x25, 0x73, 0x28, 0x29, 0x3a, 0x20, 0x64, 0x69, 0x73, 0x70, 0x6c, 0x61, 0x79, 0x20, 0x74, 0x68, 0x72, 0x65, 0x61, 0x64, 0x20, 0x73, 0x77, 0x69, 0x74, 0x63, 0x68, 0x20, 0x64, 0x69, 0x73, 0x70, 0x6c, 0x61, 0x79, 0x20, 0x63, 0x6c, 0x6f, 0x73, 0x65, 0x20, 0x2e, 0x2e, 0x2e, 0x0a, 0x00 };
/* 0xefe74 */ const unsigned char rodata_efe74[72] = { 0x25, 0x73, 0x28, 0x29, 0x3a, 0x20, 0x6d, 0x61, 0x73, 0x74, 0x65, 0x72, 0x20, 0x73, 0x65, 0x6e, 0x64, 0x20, 0x6c, 0x6f, 0x77, 0x20, 0x70, 0x6f, 0x77, 0x65, 0x72, 0x20, 0x72, 0x65, 0x73, 0x75, 0x6d, 0x65, 0x20, 0x63, 0x6f, 0x6d, 0x6d, 0x61, 0x6e, 0x64, 0x20, 0x2c, 0x55, 0x49, 0x20, 0x66, 0x72, 0x61, 0x6d, 0x65, 0x77, 0x72, 0x6f, 0x6b, 0x20, 0x68, 0x61, 0x6e, 0x64, 0x6c, 0x65, 0x72, 0x20, 0x69, 0x74, 0x2e, 0x2e, 0x2e, 0x0a, 0x00 };
/* 0xefebc */ const unsigned char rodata_efebc[82] = { 0x25, 0x73, 0x28, 0x29, 0x3a, 0x20, 0x6e, 0x6f, 0x20, 0x6f, 0x6e, 0x65, 0x20, 0x63, 0x61, 0x6c, 0x6c, 0x20, 0x64, 0x69, 0x73, 0x70, 0x6c, 0x61, 0x79, 0x5f, 0x63, 0x6c, 0x6f, 0x73, 0x65, 0x20, 0x66, 0x75, 0x6e, 0x63, 0x74, 0x69, 0x6f, 0x6e, 0x2c, 0x20, 0x55, 0x49, 0x20, 0x64, 0x6f, 0x6e, 0x27, 0x74, 0x20, 0x64, 0x72, 0x61, 0x77, 0x20, 0x61, 0x6e, 0x79, 0x74, 0x68, 0x69, 0x6e, 0x67, 0x20, 0x2c, 0x73, 0x63, 0x72, 0x65, 0x65, 0x6e, 0x20, 0x69, 0x64, 0x20, 0x3d, 0x20, 0x25, 0x64, 0x0a, 0x00 };
/* 0xeff70 */ const unsigned char rodata_eff70[63] = { 0x25, 0x73, 0x28, 0x29, 0x3a, 0x20, 0x64, 0x69, 0x73, 0x70, 0x6c, 0x61, 0x79, 0x20, 0x74, 0x68, 0x72, 0x65, 0x61, 0x64, 0x20, 0x73, 0x77, 0x69, 0x74, 0x63, 0x68, 0x20, 0x64, 0x69, 0x73, 0x70, 0x6c, 0x61, 0x79, 0x20, 0x63, 0x6c, 0x6f, 0x73, 0x65, 0x20, 0x2c, 0x72, 0x65, 0x6c, 0x65, 0x61, 0x73, 0x65, 0x20, 0x72, 0x65, 0x73, 0x6f, 0x75, 0x63, 0x65, 0x2e, 0x2e, 0x2e, 0x0a, 0x00 };
/* 0xeffaf */ const unsigned char rodata_effaf[35] = { 0x25, 0x73, 0x28, 0x29, 0x3a, 0x20, 0x75, 0x6e, 0x6b, 0x6e, 0x6f, 0x77, 0x20, 0x64, 0x69, 0x73, 0x70, 0x6c, 0x61, 0x79, 0x20, 0x74, 0x68, 0x72, 0x65, 0x61, 0x64, 0x20, 0x73, 0x74, 0x61, 0x74, 0x65, 0x0a, 0x00 };
/* 0xeffd2 */ const unsigned char rodata_effd2[34] = { 0x25, 0x73, 0x28, 0x29, 0x3a, 0x20, 0x73, 0x65, 0x6e, 0x64, 0x20, 0x72, 0x65, 0x66, 0x6c, 0x61, 0x73, 0x68, 0x20, 0x63, 0x6f, 0x6d, 0x6d, 0x61, 0x6e, 0x64, 0x2e, 0x2e, 0x2e, 0x2e, 0x2e, 0x2e, 0x0a, 0x00 };
/* 0xefff4 */ const unsigned char rodata_efff4[40] = { 0x25, 0x73, 0x28, 0x29, 0x3a, 0x20, 0x73, 0x65, 0x6e, 0x64, 0x20, 0x72, 0x65, 0x66, 0x6c, 0x61, 0x73, 0x68, 0x20, 0x63, 0x6f, 0x6d, 0x6d, 0x61, 0x6e, 0x64, 0x20, 0x65, 0x6e, 0x64, 0x20, 0x2e, 0x2e, 0x2e, 0x2e, 0x2e, 0x2e, 0x2e, 0x0a, 0x00 };
/* 0xf0000 */ const unsigned char rodata_f0000[28] = { 0x65, 0x66, 0x6c, 0x61, 0x73, 0x68, 0x20, 0x63, 0x6f, 0x6d, 0x6d, 0x61, 0x6e, 0x64, 0x20, 0x65, 0x6e, 0x64, 0x20, 0x2e, 0x2e, 0x2e, 0x2e, 0x2e, 0x2e, 0x2e, 0x0a, 0x00 };
/* 0xf001c */ const unsigned char rodata_f001c[40] = { 0x25, 0x73, 0x28, 0x29, 0x3a, 0x20, 0x73, 0x65, 0x6e, 0x64, 0x20, 0x72, 0x65, 0x66, 0x6c, 0x61, 0x73, 0x68, 0x20, 0x63, 0x6f, 0x6d, 0x6d, 0x61, 0x6e, 0x64, 0x20, 0x63, 0x6f, 0x73, 0x74, 0x20, 0x25, 0x6c, 0x6c, 0x64, 0x4d, 0x73, 0x0a, 0x00 };
/* 0xf0044 */ const unsigned char rodata_f0044[41] = { 0x25, 0x73, 0x28, 0x29, 0x3a, 0x20, 0x73, 0x65, 0x6e, 0x64, 0x20, 0x64, 0x69, 0x73, 0x70, 0x6c, 0x61, 0x79, 0x20, 0x63, 0x6c, 0x6f, 0x73, 0x65, 0x20, 0x63, 0x6f, 0x6d, 0x6d, 0x61, 0x6e, 0x64, 0x2e, 0x2e, 0x2e, 0x2e, 0x2e, 0x2e, 0x2e, 0x0a, 0x00 };
/* 0xf006d */ const unsigned char rodata_f006d[31] = { 0x25, 0x73, 0x28, 0x29, 0x3a, 0x20, 0x64, 0x69, 0x73, 0x70, 0x6c, 0x61, 0x79, 0x5f, 0x63, 0x6c, 0x6f, 0x73, 0x65, 0x5f, 0x73, 0x63, 0x72, 0x65, 0x65, 0x6e, 0x20, 0x25, 0x64, 0x0a, 0x00 };
/* 0xf008c */ const unsigned char rodata_f008c[47] = { 0x25, 0x73, 0x28, 0x29, 0x3a, 0x20, 0x73, 0x65, 0x6e, 0x64, 0x20, 0x64, 0x69, 0x73, 0x70, 0x6c, 0x61, 0x79, 0x20, 0x64, 0x65, 0x6c, 0x61, 0x79, 0x20, 0x63, 0x6c, 0x6f, 0x73, 0x65, 0x20, 0x63, 0x6f, 0x6d, 0x6d, 0x61, 0x6e, 0x64, 0x2e, 0x2e, 0x2e, 0x2e, 0x2e, 0x2e, 0x2e, 0x0a, 0x00 };
/* 0xf00bb */ const unsigned char rodata_f00bb[47] = { 0x25, 0x73, 0x28, 0x29, 0x3a, 0x20, 0x73, 0x65, 0x6e, 0x64, 0x20, 0x64, 0x69, 0x73, 0x70, 0x6c, 0x61, 0x79, 0x20, 0x69, 0x6e, 0x70, 0x75, 0x74, 0x20, 0x65, 0x76, 0x65, 0x6e, 0x74, 0x20, 0x63, 0x6f, 0x6d, 0x6d, 0x61, 0x6e, 0x64, 0x2e, 0x2e, 0x2e, 0x2e, 0x2e, 0x2e, 0x2e, 0x0a, 0x00 };
/* 0xf00ea */ const unsigned char rodata_f00ea[60] = { 0x25, 0x73, 0x28, 0x29, 0x3a, 0x20, 0x73, 0x65, 0x6e, 0x64, 0x20, 0x64, 0x69, 0x73, 0x70, 0x6c, 0x61, 0x79, 0x20, 0x70, 0x6f, 0x77, 0x65, 0x72, 0x20, 0x65, 0x76, 0x65, 0x6e, 0x74, 0x20, 0x63, 0x6f, 0x6d, 0x6d, 0x61, 0x6e, 0x64, 0x20, 0x2c, 0x20, 0x6c, 0x6f, 0x77, 0x5f, 0x70, 0x6f, 0x77, 0x65, 0x72, 0x5f, 0x65, 0x6e, 0x20, 0x3d, 0x20, 0x25, 0x64, 0x0a, 0x00 };
/* 0xf0126 */ const unsigned char rodata_f0126[19] = { 0x64, 0x69, 0x73, 0x70, 0x6c, 0x61, 0x79, 0x5f, 0x70, 0x6f, 0x77, 0x65, 0x72, 0x45, 0x76, 0x65, 0x6e, 0x74, 0x00 };
/* 0xf0139 */ const unsigned char rodata_f0139[24] = { 0x64, 0x69, 0x73, 0x70, 0x6c, 0x61, 0x79, 0x5f, 0x4d, 0x61, 0x73, 0x74, 0x65, 0x72, 0x53, 0x65, 0x6e, 0x64, 0x43, 0x6c, 0x6f, 0x73, 0x65, 0x00 };
/* 0xf0151 */ const unsigned char rodata_f0151[19] = { 0x64, 0x69, 0x73, 0x70, 0x6c, 0x61, 0x79, 0x5f, 0x69, 0x6e, 0x70, 0x75, 0x74, 0x45, 0x76, 0x65, 0x6e, 0x74, 0x00 };
/* 0xf0164 */ const unsigned char rodata_f0164[19] = { 0x64, 0x69, 0x73, 0x70, 0x6c, 0x61, 0x79, 0x5f, 0x44, 0x65, 0x6c, 0x61, 0x79, 0x43, 0x6c, 0x6f, 0x73, 0x65, 0x00 };
/* 0xf0177 */ const unsigned char rodata_f0177[21] = { 0x64, 0x69, 0x73, 0x70, 0x6c, 0x61, 0x79, 0x5f, 0x63, 0x6c, 0x6f, 0x73, 0x65, 0x5f, 0x73, 0x63, 0x72, 0x65, 0x65, 0x6e, 0x00 };
/* 0xf018c */ const unsigned char rodata_f018c[14] = { 0x64, 0x69, 0x73, 0x70, 0x6c, 0x61, 0x79, 0x5f, 0x63, 0x6c, 0x6f, 0x73, 0x65, 0x00 };
/* 0xf019a */ const unsigned char rodata_f019a[16] = { 0x64, 0x69, 0x73, 0x70, 0x6c, 0x61, 0x79, 0x5f, 0x72, 0x65, 0x66, 0x6c, 0x61, 0x73, 0x68, 0x00 };
/* 0xf01aa */ const unsigned char rodata_f01aa[23] = { 0x64, 0x69, 0x73, 0x70, 0x6c, 0x61, 0x79, 0x5f, 0x74, 0x68, 0x72, 0x65, 0x61, 0x64, 0x5f, 0x68, 0x61, 0x6e, 0x64, 0x6c, 0x65, 0x72, 0x00 };
/* 0xf01c1 */ const unsigned char rodata_f01c1[18] = { 0x73, 0x65, 0x74, 0x44, 0x65, 0x6c, 0x61, 0x79, 0x45, 0x78, 0x69, 0x74, 0x56, 0x61, 0x6c, 0x75, 0x65, 0x00 };
/* 0xf01d3 */ const unsigned char rodata_f01d3[24] = { 0x64, 0x69, 0x73, 0x70, 0x6c, 0x61, 0x79, 0x5f, 0x72, 0x65, 0x66, 0x6c, 0x61, 0x73, 0x68, 0x5f, 0x68, 0x61, 0x6e, 0x64, 0x6c, 0x65, 0x72, 0x00 };
/* 0xf01eb */ const unsigned char rodata_f01eb[16] = { 0x75, 0x69, 0x5f, 0x72, 0x65, 0x66, 0x61, 0x6c, 0x73, 0x68, 0x5f, 0x77, 0x61, 0x72, 0x70, 0x00 };
/* 0xf0229 */ const unsigned char rodata_f0229[21] = { 0x61, 0x70, 0x70, 0x5f, 0x69, 0x64, 0x65, 0x6e, 0x74, 0x69, 0x66, 0x69, 0x65, 0x72, 0x3a, 0x28, 0x25, 0x73, 0x29, 0x0a, 0x00 };
/* 0xf024d */ const unsigned char rodata_f024d[14] = { 0x6d, 0x65, 0x73, 0x73, 0x61, 0x67, 0x65, 0x3a, 0x28, 0x25, 0x73, 0x29, 0x0a, 0x00 };
/* 0xf028c */ const unsigned char rodata_f028c[11] = { 0x75, 0x69, 0x64, 0x20, 0x3a, 0x28, 0x25, 0x64, 0x29, 0x0a, 0x00 };
/* 0xf0297 */ const unsigned char rodata_f0297[14] = { 0x64, 0x75, 0x6d, 0x70, 0x5f, 0x68, 0x65, 0x78, 0x28, 0x25, 0x73, 0x29, 0x3a, 0x00 };
/* 0xf02a3 */ const unsigned char rodata_f02a3[2] = { 0x3a, 0x00 };
/* 0xf02a5 */ const unsigned char rodata_f02a5[8] = { 0x30, 0x78, 0x25, 0x30, 0x32, 0x78, 0x2c, 0x00 };
/* 0xf02ad */ const unsigned char rodata_f02ad[37] = { 0x25, 0x73, 0x28, 0x29, 0x3a, 0x20, 0x5b, 0x63, 0x73, 0x68, 0x5f, 0x64, 0x65, 0x62, 0x75, 0x67, 0x5d, 0x20, 0x62, 0x6f, 0x6f, 0x74, 0x53, 0x65, 0x63, 0x6f, 0x6e, 0x64, 0x73, 0x20, 0x69, 0x73, 0x20, 0x25, 0x64, 0x0a, 0x00 };
/* 0xf02d2 */ const unsigned char rodata_f02d2[21] = { 0x25, 0x73, 0x28, 0x29, 0x3a, 0x20, 0x62, 0x75, 0x66, 0x20, 0x69, 0x73, 0x20, 0x4e, 0x55, 0x4c, 0x4c, 0x20, 0x21, 0x0a, 0x00 };
/* 0xf02e7 */ const unsigned char rodata_f02e7[24] = { 0x75, 0x69, 0x6e, 0x74, 0x33, 0x32, 0x5f, 0x74, 0x6f, 0x5f, 0x6c, 0x69, 0x74, 0x74, 0x6c, 0x65, 0x5f, 0x65, 0x6e, 0x64, 0x69, 0x61, 0x6e, 0x00 };
/* 0xf02ff */ const unsigned char rodata_f02ff[17] = { 0x67, 0x65, 0x74, 0x5f, 0x62, 0x6f, 0x6f, 0x74, 0x5f, 0x73, 0x65, 0x63, 0x6f, 0x6e, 0x64, 0x73, 0x00 };
/* 0xf0310 */ const unsigned char rodata_f0310[39] = { 0x25, 0x73, 0x28, 0x29, 0x3a, 0x20, 0x62, 0x75, 0x72, 0x69, 0x61, 0x6c, 0x20, 0x70, 0x6f, 0x69, 0x6e, 0x74, 0x20, 0x64, 0x61, 0x74, 0x65, 0x20, 0x77, 0x61, 0x73, 0x20, 0x6e, 0x6f, 0x74, 0x20, 0x69, 0x6e, 0x69, 0x74, 0x21, 0x0a, 0x00 };
/* 0xf0337 */ const unsigned char rodata_f0337[50] = { 0x25, 0x73, 0x28, 0x29, 0x3a, 0x20, 0x5b, 0x65, 0x6e, 0x74, 0x65, 0x72, 0x5f, 0x77, 0x65, 0x61, 0x72, 0x5f, 0x62, 0x75, 0x72, 0x69, 0x61, 0x6c, 0x5f, 0x70, 0x6f, 0x69, 0x6e, 0x74, 0x5d, 0x20, 0x73, 0x74, 0x61, 0x72, 0x74, 0x5f, 0x74, 0x69, 0x6d, 0x65, 0x20, 0x69, 0x73, 0x20, 0x25, 0x64, 0x0a, 0x00 };
/* 0xf0369 */ const unsigned char rodata_f0369[36] = { 0x25, 0x73, 0x28, 0x29, 0x3a, 0x20, 0x67, 0x65, 0x74, 0x5f, 0x64, 0x61, 0x73, 0x68, 0x62, 0x6f, 0x61, 0x72, 0x64, 0x5f, 0x73, 0x75, 0x6d, 0x5f, 0x74, 0x69, 0x6d, 0x65, 0x20, 0x69, 0x73, 0x20, 0x25, 0x64, 0x0a, 0x00 };
/* 0xf038d */ const unsigned char rodata_f038d[55] = { 0x25, 0x73, 0x28, 0x29, 0x3a, 0x20, 0x5b, 0x65, 0x6e, 0x74, 0x65, 0x72, 0x5f, 0x64, 0x61, 0x73, 0x68, 0x62, 0x6f, 0x61, 0x72, 0x64, 0x5f, 0x62, 0x75, 0x72, 0x69, 0x61, 0x6c, 0x5f, 0x70, 0x6f, 0x69, 0x6e, 0x74, 0x5d, 0x20, 0x73, 0x74, 0x61, 0x72, 0x74, 0x5f, 0x74, 0x69, 0x6d, 0x65, 0x20, 0x69, 0x73, 0x20, 0x25, 0x64, 0x0a, 0x00 };
/* 0xf03c4 */ const unsigned char rodata_f03c4[82] = { 0x25, 0x73, 0x28, 0x29, 0x3a, 0x20, 0x5b, 0x65, 0x78, 0x69, 0x74, 0x5f, 0x64, 0x61, 0x73, 0x68, 0x62, 0x6f, 0x61, 0x72, 0x64, 0x5f, 0x62, 0x75, 0x72, 0x69, 0x61, 0x6c, 0x5f, 0x70, 0x6f, 0x69, 0x6e, 0x74, 0x5d, 0x20, 0x73, 0x75, 0x6d, 0x5f, 0x74, 0x69, 0x6d, 0x65, 0x20, 0x69, 0x73, 0x20, 0x25, 0x64, 0x20, 0x6d, 0x73, 0x2c, 0x64, 0x61, 0x73, 0x68, 0x62, 0x6f, 0x61, 0x72, 0x64, 0x5f, 0x73, 0x75, 0x6d, 0x5f, 0x74, 0x69, 0x6d, 0x65, 0x20, 0x69, 0x73, 0x20, 0x25, 0x64, 0x20, 0x73, 0x0a, 0x00 };
/* 0xf0416 */ const unsigned char rodata_f0416[37] = { 0x25, 0x73, 0x28, 0x29, 0x3a, 0x20, 0x62, 0x75, 0x72, 0x69, 0x61, 0x6c, 0x5f, 0x70, 0x6f, 0x69, 0x6e, 0x74, 0x5f, 0x72, 0x65, 0x63, 0x6f, 0x72, 0x64, 0x5f, 0x69, 0x6e, 0x66, 0x6f, 0x5f, 0x69, 0x6e, 0x69, 0x74, 0x0a, 0x00 };
/* 0xf043b */ const unsigned char rodata_f043b[30] = { 0x62, 0x75, 0x72, 0x69, 0x61, 0x6c, 0x5f, 0x70, 0x6f, 0x69, 0x6e, 0x74, 0x5f, 0x72, 0x65, 0x63, 0x6f, 0x72, 0x64, 0x5f, 0x69, 0x6e, 0x66, 0x6f, 0x5f, 0x69, 0x6e, 0x69, 0x74, 0x00 };
/* 0xf0459 */ const unsigned char rodata_f0459[28] = { 0x65, 0x78, 0x69, 0x74, 0x5f, 0x64, 0x61, 0x73, 0x68, 0x62, 0x6f, 0x61, 0x72, 0x64, 0x5f, 0x62, 0x75, 0x72, 0x69, 0x61, 0x6c, 0x5f, 0x70, 0x6f, 0x69, 0x6e, 0x74, 0x00 };
/* 0xf0475 */ const unsigned char rodata_f0475[29] = { 0x65, 0x6e, 0x74, 0x65, 0x72, 0x5f, 0x64, 0x61, 0x73, 0x68, 0x62, 0x6f, 0x61, 0x72, 0x64, 0x5f, 0x62, 0x75, 0x72, 0x69, 0x61, 0x6c, 0x5f, 0x70, 0x6f, 0x69, 0x6e, 0x74, 0x00 };
/* 0xf0492 */ const unsigned char rodata_f0492[23] = { 0x67, 0x65, 0x74, 0x5f, 0x64, 0x61, 0x73, 0x68, 0x62, 0x6f, 0x61, 0x72, 0x64, 0x5f, 0x73, 0x75, 0x6d, 0x5f, 0x74, 0x69, 0x6d, 0x65, 0x00 };
/* 0xf04a9 */ const unsigned char rodata_f04a9[24] = { 0x65, 0x6e, 0x74, 0x65, 0x72, 0x5f, 0x77, 0x65, 0x61, 0x72, 0x5f, 0x62, 0x75, 0x72, 0x69, 0x61, 0x6c, 0x5f, 0x70, 0x6f, 0x69, 0x6e, 0x74, 0x00 };
/* 0xf04c1 */ const unsigned char rodata_f04c1[30] = { 0x75, 0x70, 0x64, 0x61, 0x74, 0x65, 0x5f, 0x62, 0x75, 0x72, 0x69, 0x61, 0x6c, 0x5f, 0x70, 0x6f, 0x69, 0x6e, 0x74, 0x5f, 0x64, 0x61, 0x79, 0x5f, 0x69, 0x6e, 0x64, 0x65, 0x78, 0x00 };
/* 0xf08c7 */ const unsigned char rodata_f08c7[45] = { 0x57, 0x45, 0x53, 0x54, 0x5f, 0x54, 0x4f, 0x50, 0x44, 0x49, 0x52, 0x2f, 0x7a, 0x65, 0x70, 0x68, 0x79, 0x72, 0x2f, 0x69, 0x6e, 0x63, 0x6c, 0x75, 0x64, 0x65, 0x2f, 0x7a, 0x65, 0x70, 0x68, 0x79, 0x72, 0x2f, 0x73, 0x70, 0x69, 0x6e, 0x6c, 0x6f, 0x63, 0x6b, 0x2e, 0x68, 0x00 };
/* 0xf08f4 */ const unsigned char rodata_f08f4[23] = { 0x7a, 0x5f, 0x73, 0x70, 0x69, 0x6e, 0x5f, 0x75, 0x6e, 0x6c, 0x6f, 0x63, 0x6b, 0x5f, 0x76, 0x61, 0x6c, 0x69, 0x64, 0x28, 0x6c, 0x29, 0x00 };
/* 0xf090b */ const unsigned char rodata_f090b[21] = { 0x09, 0x4e, 0x6f, 0x74, 0x20, 0x6d, 0x79, 0x20, 0x73, 0x70, 0x69, 0x6e, 0x6c, 0x6f, 0x63, 0x6b, 0x20, 0x25, 0x70, 0x0a, 0x00 };
/* 0xf0920 */ const unsigned char rodata_f0920[21] = { 0x7a, 0x5f, 0x73, 0x70, 0x69, 0x6e, 0x5f, 0x6c, 0x6f, 0x63, 0x6b, 0x5f, 0x76, 0x61, 0x6c, 0x69, 0x64, 0x28, 0x6c, 0x29, 0x00 };
/* 0xf0935 */ const unsigned char rodata_f0935[22] = { 0x09, 0x49, 0x6e, 0x76, 0x61, 0x6c, 0x69, 0x64, 0x20, 0x73, 0x70, 0x69, 0x6e, 0x6c, 0x6f, 0x63, 0x6b, 0x20, 0x25, 0x70, 0x0a, 0x00 };
/* 0xf09d1 */ const unsigned char rodata_f09d1[51] = { 0x57, 0x45, 0x53, 0x54, 0x5f, 0x54, 0x4f, 0x50, 0x44, 0x49, 0x52, 0x2f, 0x6d, 0x6f, 0x64, 0x75, 0x6c, 0x65, 0x73, 0x2f, 0x68, 0x61, 0x6c, 0x2f, 0x6e, 0x6f, 0x72, 0x64, 0x69, 0x63, 0x2f, 0x6e, 0x72, 0x66, 0x78, 0x2f, 0x68, 0x61, 0x6c, 0x2f, 0x6e, 0x72, 0x66, 0x5f, 0x67, 0x70, 0x69, 0x6f, 0x2e, 0x68, 0x00 };
/* 0xf0a04 */ const unsigned char rodata_f0a04[35] = { 0x6e, 0x72, 0x66, 0x5f, 0x67, 0x70, 0x69, 0x6f, 0x5f, 0x70, 0x69, 0x6e, 0x5f, 0x70, 0x72, 0x65, 0x73, 0x65, 0x6e, 0x74, 0x5f, 0x63, 0x68, 0x65, 0x63, 0x6b, 0x28, 0x2a, 0x70, 0x5f, 0x70, 0x69, 0x6e, 0x29, 0x00 };
/* 0xf0a2b */ const unsigned char rodata_f0a2b[50] = { 0x57, 0x45, 0x53, 0x54, 0x5f, 0x54, 0x4f, 0x50, 0x44, 0x49, 0x52, 0x2f, 0x6d, 0x6f, 0x64, 0x75, 0x6c, 0x65, 0x73, 0x2f, 0x68, 0x61, 0x6c, 0x2f, 0x6e, 0x6f, 0x72, 0x64, 0x69, 0x63, 0x2f, 0x6e, 0x72, 0x66, 0x78, 0x2f, 0x68, 0x61, 0x6c, 0x2f, 0x6e, 0x72, 0x66, 0x5f, 0x69, 0x70, 0x63, 0x2e, 0x68, 0x00 };
/* 0xf0a5d */ const unsigned char rodata_f0a5d[11] = { 0x69, 0x6e, 0x64, 0x65, 0x78, 0x20, 0x3c, 0x20, 0x31, 0x36, 0x00 };
/* 0xf0a90 */ const unsigned char rodata_f0a90[55] = { 0x57, 0x45, 0x53, 0x54, 0x5f, 0x54, 0x4f, 0x50, 0x44, 0x49, 0x52, 0x2f, 0x7a, 0x65, 0x70, 0x68, 0x79, 0x72, 0x2f, 0x73, 0x6f, 0x63, 0x2f, 0x61, 0x72, 0x6d, 0x2f, 0x6e, 0x6f, 0x72, 0x64, 0x69, 0x63, 0x5f, 0x6e, 0x72, 0x66, 0x2f, 0x6e, 0x72, 0x66, 0x35, 0x33, 0x2f, 0x73, 0x79, 0x6e, 0x63, 0x5f, 0x72, 0x74, 0x63, 0x2e, 0x63, 0x00 };
/* 0xf0ac7 */ const unsigned char rodata_f0ac7[20] = { 0x65, 0x72, 0x72, 0x20, 0x3d, 0x3d, 0x20, 0x4e, 0x52, 0x46, 0x58, 0x5f, 0x53, 0x55, 0x43, 0x43, 0x45, 0x53, 0x53, 0x00 };
/* 0xf0c14 */ const unsigned char rodata_f0c14[30] = { 0x49, 0x6e, 0x76, 0x61, 0x6c, 0x69, 0x64, 0x20, 0x62, 0x61, 0x63, 0x6b, 0x65, 0x6e, 0x64, 0x20, 0x63, 0x6f, 0x6e, 0x66, 0x69, 0x67, 0x75, 0x72, 0x61, 0x74, 0x69, 0x6f, 0x6e, 0x00 };
/* 0xf0c32 */ const unsigned char rodata_f0c32[44] = { 0x49, 0x6e, 0x76, 0x61, 0x6c, 0x69, 0x64, 0x20, 0x69, 0x6e, 0x73, 0x74, 0x61, 0x6e, 0x63, 0x65, 0x2c, 0x20, 0x65, 0x6e, 0x64, 0x70, 0x6f, 0x69, 0x6e, 0x74, 0x20, 0x6f, 0x72, 0x20, 0x63, 0x6f, 0x6e, 0x66, 0x69, 0x67, 0x75, 0x72, 0x61, 0x74, 0x69, 0x6f, 0x6e, 0x00 };
/* 0xf0cae */ const unsigned char rodata_f0cae[45] = { 0x57, 0x45, 0x53, 0x54, 0x5f, 0x54, 0x4f, 0x50, 0x44, 0x49, 0x52, 0x2f, 0x7a, 0x65, 0x70, 0x68, 0x79, 0x72, 0x2f, 0x73, 0x75, 0x62, 0x73, 0x79, 0x73, 0x2f, 0x6c, 0x6f, 0x67, 0x67, 0x69, 0x6e, 0x67, 0x2f, 0x6c, 0x6f, 0x67, 0x5f, 0x63, 0x6f, 0x72, 0x65, 0x2e, 0x63, 0x00 };
/* 0xf0cdb */ const unsigned char rodata_f0cdb[36] = { 0x6c, 0x6f, 0x67, 0x5f, 0x62, 0x61, 0x63, 0x6b, 0x65, 0x6e, 0x64, 0x5f, 0x63, 0x6f, 0x75, 0x6e, 0x74, 0x5f, 0x67, 0x65, 0x74, 0x28, 0x29, 0x20, 0x3c, 0x20, 0x28, 0x33, 0x32, 0x20, 0x2f, 0x20, 0x33, 0x55, 0x29, 0x00 };
/* 0xf0cff */ const unsigned char rodata_f0cff[33] = { 0x62, 0x61, 0x63, 0x6b, 0x65, 0x6e, 0x64, 0x20, 0x3c, 0x3d, 0x20, 0x5f, 0x6c, 0x6f, 0x67, 0x5f, 0x62, 0x61, 0x63, 0x6b, 0x65, 0x6e, 0x64, 0x5f, 0x6c, 0x69, 0x73, 0x74, 0x5f, 0x65, 0x6e, 0x64, 0x00 };
/* 0xf0d20 */ const unsigned char rodata_f0d20[31] = { 0x09, 0x75, 0x6e, 0x65, 0x78, 0x70, 0x65, 0x63, 0x74, 0x65, 0x64, 0x20, 0x6c, 0x69, 0x73, 0x74, 0x20, 0x65, 0x6e, 0x64, 0x20, 0x6c, 0x6f, 0x63, 0x61, 0x74, 0x69, 0x6f, 0x6e, 0x0a, 0x00 };
/* 0xf0d3f */ const unsigned char rodata_f0d3f[28] = { 0x6c, 0x6f, 0x67, 0x5f, 0x62, 0x61, 0x63, 0x6b, 0x65, 0x6e, 0x64, 0x5f, 0x63, 0x6f, 0x75, 0x6e, 0x74, 0x5f, 0x67, 0x65, 0x74, 0x28, 0x29, 0x20, 0x3e, 0x20, 0x30, 0x00 };
/* 0xf0da7 */ const unsigned char rodata_f0da7[56] = { 0x57, 0x45, 0x53, 0x54, 0x5f, 0x54, 0x4f, 0x50, 0x44, 0x49, 0x52, 0x2f, 0x7a, 0x65, 0x70, 0x68, 0x79, 0x72, 0x2f, 0x69, 0x6e, 0x63, 0x6c, 0x75, 0x64, 0x65, 0x2f, 0x7a, 0x65, 0x70, 0x68, 0x79, 0x72, 0x2f, 0x6c, 0x6f, 0x67, 0x67, 0x69, 0x6e, 0x67, 0x2f, 0x6c, 0x6f, 0x67, 0x5f, 0x62, 0x61, 0x63, 0x6b, 0x65, 0x6e, 0x64, 0x2e, 0x68, 0x00 };
/* 0xf0ddf */ const unsigned char rodata_f0ddf[23] = { 0x62, 0x61, 0x63, 0x6b, 0x65, 0x6e, 0x64, 0x20, 0x21, 0x3d, 0x20, 0x28, 0x28, 0x76, 0x6f, 0x69, 0x64, 0x20, 0x2a, 0x29, 0x30, 0x29, 0x00 };
/* 0xf0dff */ const unsigned char rodata_f0dff[63] = { 0x4d, 0x65, 0x73, 0x73, 0x61, 0x67, 0x65, 0x20, 0x28, 0x22, 0x25, 0x73, 0x22, 0x29, 0x20, 0x64, 0x72, 0x6f, 0x70, 0x70, 0x65, 0x64, 0x20, 0x62, 0x65, 0x63, 0x61, 0x75, 0x73, 0x65, 0x20, 0x69, 0x74, 0x20, 0x65, 0x78, 0x63, 0x65, 0x65, 0x64, 0x73, 0x20, 0x73, 0x69, 0x7a, 0x65, 0x20, 0x6c, 0x69, 0x6d, 0x69, 0x74, 0x61, 0x74, 0x69, 0x6f, 0x6e, 0x20, 0x28, 0x25, 0x75, 0x29, 0x00 };
/* 0xf0e3e */ const unsigned char rodata_f0e3e[44] = { 0x57, 0x45, 0x53, 0x54, 0x5f, 0x54, 0x4f, 0x50, 0x44, 0x49, 0x52, 0x2f, 0x7a, 0x65, 0x70, 0x68, 0x79, 0x72, 0x2f, 0x73, 0x75, 0x62, 0x73, 0x79, 0x73, 0x2f, 0x6c, 0x6f, 0x67, 0x67, 0x69, 0x6e, 0x67, 0x2f, 0x6c, 0x6f, 0x67, 0x5f, 0x6d, 0x73, 0x67, 0x2e, 0x63, 0x00 };
/* 0xf0e6a */ const unsigned char rodata_f0e6a[9] = { 0x6c, 0x65, 0x6e, 0x20, 0x3e, 0x3d, 0x20, 0x30, 0x00 };
/* 0xf0f1b */ const unsigned char rodata_f0f1b[9] = { 0x65, 0x72, 0x72, 0x20, 0x3e, 0x3d, 0x20, 0x30, 0x00 };
/* 0xf0f71 */ const unsigned char rodata_f0f71[62] = { 0x57, 0x45, 0x53, 0x54, 0x5f, 0x54, 0x4f, 0x50, 0x44, 0x49, 0x52, 0x2f, 0x7a, 0x65, 0x70, 0x68, 0x79, 0x72, 0x2f, 0x73, 0x75, 0x62, 0x73, 0x79, 0x73, 0x2f, 0x6c, 0x6f, 0x67, 0x67, 0x69, 0x6e, 0x67, 0x2f, 0x62, 0x61, 0x63, 0x6b, 0x65, 0x6e, 0x64, 0x73, 0x2f, 0x6c, 0x6f, 0x67, 0x5f, 0x62, 0x61, 0x63, 0x6b, 0x65, 0x6e, 0x64, 0x5f, 0x75, 0x61, 0x72, 0x74, 0x2e, 0x63, 0x00 };
/* 0xf0faf */ const unsigned char rodata_f0faf[26] = { 0x64, 0x65, 0x76, 0x69, 0x63, 0x65, 0x5f, 0x69, 0x73, 0x5f, 0x72, 0x65, 0x61, 0x64, 0x79, 0x28, 0x75, 0x61, 0x72, 0x74, 0x5f, 0x64, 0x65, 0x76, 0x29, 0x00 };
/* 0xf1031 */ const unsigned char rodata_f1031[5] = { 0x69, 0x6e, 0x66, 0x6f, 0x00 };
/* 0xf11a5 */ const unsigned char rodata_f11a5[23] = { 0x55, 0x6e, 0x73, 0x75, 0x70, 0x70, 0x6f, 0x72, 0x74, 0x65, 0x64, 0x20, 0x55, 0x55, 0x49, 0x44, 0x20, 0x74, 0x79, 0x70, 0x65, 0x2e, 0x00 };
/* 0xf11bc */ const unsigned char rodata_f11bc[43] = { 0x57, 0x45, 0x53, 0x54, 0x5f, 0x54, 0x4f, 0x50, 0x44, 0x49, 0x52, 0x2f, 0x6e, 0x72, 0x66, 0x2f, 0x73, 0x75, 0x62, 0x73, 0x79, 0x73, 0x2f, 0x62, 0x6c, 0x75, 0x65, 0x74, 0x6f, 0x6f, 0x74, 0x68, 0x2f, 0x67, 0x61, 0x74, 0x74, 0x5f, 0x64, 0x6d, 0x2e, 0x63, 0x00 };
/* 0xf11e7 */ const unsigned char rodata_f11e7[80] = { 0x6c, 0x65, 0x6e, 0x20, 0x3c, 0x3d, 0x20, 0x28, 0x31, 0x32, 0x38, 0x20, 0x2d, 0x20, 0x73, 0x69, 0x7a, 0x65, 0x6f, 0x66, 0x28, 0x73, 0x74, 0x72, 0x75, 0x63, 0x74, 0x20, 0x6b, 0x5f, 0x6d, 0x65, 0x6d, 0x5f, 0x62, 0x6c, 0x6f, 0x63, 0x6b, 0x5f, 0x69, 0x64, 0x29, 0x20, 0x2d, 0x20, 0x73, 0x69, 0x7a, 0x65, 0x6f, 0x66, 0x28, 0x73, 0x74, 0x72, 0x75, 0x63, 0x74, 0x20, 0x64, 0x61, 0x74, 0x61, 0x5f, 0x63, 0x68, 0x75, 0x6e, 0x6b, 0x5f, 0x69, 0x74, 0x65, 0x6d, 0x20, 0x2a, 0x29, 0x29, 0x00 };
/* 0xf1237 */ const unsigned char rodata_f1237[28] = { 0x4e, 0x6f, 0x20, 0x73, 0x70, 0x61, 0x63, 0x65, 0x20, 0x66, 0x6f, 0x72, 0x20, 0x6e, 0x65, 0x77, 0x20, 0x61, 0x74, 0x74, 0x72, 0x69, 0x62, 0x75, 0x74, 0x65, 0x2e, 0x00 };
/* 0xf1253 */ const unsigned char rodata_f1253[29] = { 0x4e, 0x6f, 0x20, 0x73, 0x70, 0x61, 0x63, 0x65, 0x20, 0x66, 0x6f, 0x72, 0x20, 0x61, 0x74, 0x74, 0x72, 0x69, 0x62, 0x75, 0x74, 0x65, 0x20, 0x64, 0x61, 0x74, 0x61, 0x2e, 0x00 };
/* 0xf1270 */ const unsigned char rodata_f1270[20] = { 0x55, 0x6e, 0x69, 0x6e, 0x69, 0x74, 0x69, 0x61, 0x6c, 0x69, 0x7a, 0x65, 0x64, 0x20, 0x55, 0x55, 0x49, 0x44, 0x2e, 0x00 };
/* 0xf1284 */ const unsigned char rodata_f1284[21] = { 0x4e, 0x6f, 0x20, 0x73, 0x70, 0x61, 0x63, 0x65, 0x20, 0x66, 0x6f, 0x72, 0x20, 0x61, 0x20, 0x55, 0x55, 0x49, 0x44, 0x2e, 0x00 };
/* 0xf1299 */ const unsigned char rodata_f1299[34] = { 0x55, 0x6e, 0x65, 0x78, 0x70, 0x65, 0x63, 0x74, 0x65, 0x64, 0x20, 0x63, 0x6f, 0x6e, 0x6e, 0x20, 0x6f, 0x62, 0x6a, 0x65, 0x63, 0x74, 0x2e, 0x20, 0x41, 0x62, 0x6f, 0x72, 0x74, 0x69, 0x6e, 0x67, 0x2e, 0x00 };
/* 0xf13bc */ const unsigned char rodata_f13bc[41] = { 0x4e, 0x6f, 0x74, 0x20, 0x65, 0x6e, 0x6f, 0x75, 0x67, 0x68, 0x20, 0x6d, 0x65, 0x6d, 0x6f, 0x72, 0x79, 0x20, 0x66, 0x6f, 0x72, 0x20, 0x73, 0x65, 0x72, 0x76, 0x69, 0x63, 0x65, 0x20, 0x61, 0x74, 0x74, 0x72, 0x69, 0x62, 0x75, 0x74, 0x65, 0x2e, 0x00 };
/* 0xf13e5 */ const unsigned char rodata_f13e5[31] = { 0x63, 0x75, 0x72, 0x5f, 0x73, 0x65, 0x72, 0x76, 0x69, 0x63, 0x65, 0x5f, 0x76, 0x61, 0x6c, 0x20, 0x21, 0x3d, 0x20, 0x28, 0x28, 0x76, 0x6f, 0x69, 0x64, 0x20, 0x2a, 0x29, 0x30, 0x29, 0x00 };
/* 0xf1404 */ const unsigned char rodata_f1404[46] = { 0x4e, 0x6f, 0x74, 0x20, 0x65, 0x6e, 0x6f, 0x75, 0x67, 0x68, 0x20, 0x6d, 0x65, 0x6d, 0x6f, 0x72, 0x79, 0x20, 0x66, 0x6f, 0x72, 0x20, 0x73, 0x65, 0x72, 0x76, 0x69, 0x63, 0x65, 0x20, 0x61, 0x74, 0x74, 0x72, 0x69, 0x62, 0x75, 0x74, 0x65, 0x20, 0x64, 0x61, 0x74, 0x61, 0x2e, 0x00 };
/* 0xf1432 */ const unsigned char rodata_f1432[39] = { 0x44, 0x65, 0x73, 0x63, 0x72, 0x69, 0x70, 0x74, 0x6f, 0x72, 0x20, 0x64, 0x69, 0x73, 0x63, 0x6f, 0x76, 0x65, 0x72, 0x20, 0x66, 0x61, 0x69, 0x6c, 0x65, 0x64, 0x2c, 0x20, 0x65, 0x72, 0x72, 0x6f, 0x72, 0x3a, 0x20, 0x25, 0x64, 0x2e, 0x00 };
/* 0xf1459 */ const unsigned char rodata_f1459[43] = { 0x43, 0x68, 0x61, 0x72, 0x61, 0x63, 0x74, 0x65, 0x72, 0x69, 0x73, 0x74, 0x69, 0x63, 0x20, 0x64, 0x69, 0x73, 0x63, 0x6f, 0x76, 0x65, 0x72, 0x20, 0x66, 0x61, 0x69, 0x6c, 0x65, 0x64, 0x2c, 0x20, 0x65, 0x72, 0x72, 0x6f, 0x72, 0x3a, 0x20, 0x25, 0x64, 0x2e, 0x00 };
/* 0xf1484 */ const unsigned char rodata_f1484[62] = { 0x4e, 0x6f, 0x74, 0x20, 0x65, 0x6e, 0x6f, 0x75, 0x67, 0x68, 0x20, 0x6d, 0x65, 0x6d, 0x6f, 0x72, 0x79, 0x20, 0x66, 0x6f, 0x72, 0x20, 0x6e, 0x65, 0x78, 0x74, 0x20, 0x61, 0x74, 0x74, 0x72, 0x69, 0x62, 0x75, 0x74, 0x65, 0x20, 0x64, 0x65, 0x73, 0x63, 0x72, 0x69, 0x70, 0x74, 0x6f, 0x72, 0x20, 0x61, 0x74, 0x20, 0x68, 0x61, 0x6e, 0x64, 0x6c, 0x65, 0x20, 0x25, 0x75, 0x2e, 0x00 };
/* 0xf14c2 */ const unsigned char rodata_f14c2[127] = { 0x62, 0x74, 0x5f, 0x75, 0x75, 0x69, 0x64, 0x5f, 0x63, 0x6d, 0x70, 0x28, 0x61, 0x74, 0x74, 0x72, 0x2d, 0x3e, 0x75, 0x75, 0x69, 0x64, 0x2c, 0x20, 0x28, 0x28, 0x73, 0x74, 0x72, 0x75, 0x63, 0x74, 0x20, 0x62, 0x74, 0x5f, 0x75, 0x75, 0x69, 0x64, 0x20, 0x2a, 0x29, 0x20, 0x28, 0x28, 0x73, 0x74, 0x72, 0x75, 0x63, 0x74, 0x20, 0x62, 0x74, 0x5f, 0x75, 0x75, 0x69, 0x64, 0x5f, 0x31, 0x36, 0x5b, 0x5d, 0x29, 0x20, 0x7b, 0x7b, 0x20, 0x2e, 0x75, 0x75, 0x69, 0x64, 0x20, 0x3d, 0x20, 0x7b, 0x20, 0x42, 0x54, 0x5f, 0x55, 0x55, 0x49, 0x44, 0x5f, 0x54, 0x59, 0x50, 0x45, 0x5f, 0x31, 0x36, 0x20, 0x7d, 0x2c, 0x20, 0x2e, 0x76, 0x61, 0x6c, 0x20, 0x3d, 0x20, 0x28, 0x30, 0x78, 0x32, 0x38, 0x30, 0x33, 0x29, 0x2c, 0x20, 0x7d, 0x7d, 0x29, 0x29, 0x29, 0x20, 0x3d, 0x3d, 0x20, 0x30, 0x00 };
/* 0xf1541 */ const unsigned char rodata_f1541[29] = { 0x63, 0x75, 0x72, 0x5f, 0x67, 0x61, 0x74, 0x74, 0x5f, 0x63, 0x68, 0x72, 0x63, 0x20, 0x21, 0x3d, 0x20, 0x28, 0x28, 0x76, 0x6f, 0x69, 0x64, 0x20, 0x2a, 0x29, 0x30, 0x29, 0x00 };
/* 0xf154a */ const unsigned char rodata_f154a[20] = { 0x63, 0x68, 0x72, 0x63, 0x20, 0x21, 0x3d, 0x20, 0x28, 0x28, 0x76, 0x6f, 0x69, 0x64, 0x20, 0x2a, 0x29, 0x30, 0x29, 0x00 };
/* 0xf155e */ const unsigned char rodata_f155e[22] = { 0x09, 0x55, 0x6e, 0x6b, 0x6e, 0x6f, 0x77, 0x6e, 0x20, 0x70, 0x61, 0x72, 0x61, 0x6d, 0x20, 0x74, 0x79, 0x70, 0x65, 0x2e, 0x0a, 0x00 };
/* 0xf1574 */ const unsigned char rodata_f1574[28] = { 0x44, 0x69, 0x73, 0x63, 0x6f, 0x76, 0x65, 0x72, 0x20, 0x66, 0x61, 0x69, 0x6c, 0x65, 0x64, 0x2c, 0x20, 0x65, 0x72, 0x72, 0x6f, 0x72, 0x3a, 0x20, 0x25, 0x64, 0x2e, 0x00 };
/* 0xf159e */ const unsigned char rodata_f159e[46] = { 0x53, 0x75, 0x62, 0x73, 0x63, 0x72, 0x69, 0x62, 0x65, 0x20, 0x4e, 0x6f, 0x74, 0x69, 0x66, 0x69, 0x63, 0x61, 0x74, 0x69, 0x6f, 0x6e, 0x20, 0x53, 0x6f, 0x75, 0x72, 0x63, 0x65, 0x20, 0x66, 0x61, 0x69, 0x6c, 0x65, 0x64, 0x20, 0x28, 0x65, 0x72, 0x72, 0x20, 0x25, 0x64, 0x29, 0x00 };
/* 0xf15cc */ const unsigned char rodata_f15cc[38] = { 0x53, 0x75, 0x62, 0x73, 0x63, 0x72, 0x69, 0x62, 0x65, 0x20, 0x44, 0x61, 0x74, 0x61, 0x20, 0x53, 0x6f, 0x75, 0x72, 0x63, 0x65, 0x20, 0x66, 0x61, 0x69, 0x6c, 0x65, 0x64, 0x20, 0x28, 0x65, 0x72, 0x72, 0x20, 0x25, 0x64, 0x29, 0x00 };
/* 0xf1625 */ const unsigned char rodata_f1625[42] = { 0x53, 0x75, 0x62, 0x73, 0x63, 0x72, 0x69, 0x62, 0x65, 0x20, 0x53, 0x65, 0x72, 0x76, 0x69, 0x63, 0x65, 0x20, 0x43, 0x68, 0x61, 0x6e, 0x67, 0x65, 0x64, 0x20, 0x66, 0x61, 0x69, 0x6c, 0x65, 0x64, 0x20, 0x28, 0x65, 0x72, 0x72, 0x20, 0x25, 0x64, 0x29, 0x00 };
/* 0xf1681 */ const unsigned char rodata_f1681[61] = { 0x57, 0x45, 0x53, 0x54, 0x5f, 0x54, 0x4f, 0x50, 0x44, 0x49, 0x52, 0x2f, 0x6e, 0x72, 0x66, 0x2f, 0x73, 0x75, 0x62, 0x73, 0x79, 0x73, 0x2f, 0x61, 0x70, 0x70, 0x5f, 0x65, 0x76, 0x65, 0x6e, 0x74, 0x5f, 0x6d, 0x61, 0x6e, 0x61, 0x67, 0x65, 0x72, 0x2f, 0x61, 0x70, 0x70, 0x5f, 0x65, 0x76, 0x65, 0x6e, 0x74, 0x5f, 0x6d, 0x61, 0x6e, 0x61, 0x67, 0x65, 0x72, 0x2e, 0x63, 0x00 };
/* 0xf16be */ const unsigned char rodata_f16be[82] = { 0x28, 0x61, 0x65, 0x68, 0x2d, 0x3e, 0x74, 0x79, 0x70, 0x65, 0x5f, 0x69, 0x64, 0x20, 0x3e, 0x3d, 0x20, 0x5f, 0x65, 0x76, 0x65, 0x6e, 0x74, 0x5f, 0x74, 0x79, 0x70, 0x65, 0x5f, 0x6c, 0x69, 0x73, 0x74, 0x5f, 0x73, 0x74, 0x61, 0x72, 0x74, 0x29, 0x20, 0x26, 0x26, 0x20, 0x28, 0x61, 0x65, 0x68, 0x2d, 0x3e, 0x74, 0x79, 0x70, 0x65, 0x5f, 0x69, 0x64, 0x20, 0x3c, 0x20, 0x5f, 0x65, 0x76, 0x65, 0x6e, 0x74, 0x5f, 0x74, 0x79, 0x70, 0x65, 0x5f, 0x6c, 0x69, 0x73, 0x74, 0x5f, 0x65, 0x6e, 0x64, 0x29, 0x00 };
/* 0xf1710 */ const unsigned char rodata_f1710[18] = { 0x65, 0x73, 0x20, 0x21, 0x3d, 0x20, 0x28, 0x28, 0x76, 0x6f, 0x69, 0x64, 0x20, 0x2a, 0x29, 0x30, 0x29, 0x00 };
/* 0xf1722 */ const unsigned char rodata_f1722[18] = { 0x65, 0x6c, 0x20, 0x21, 0x3d, 0x20, 0x28, 0x28, 0x76, 0x6f, 0x69, 0x64, 0x20, 0x2a, 0x29, 0x30, 0x29, 0x00 };
/* 0xf1734 */ const unsigned char rodata_f1734[32] = { 0x65, 0x6c, 0x2d, 0x3e, 0x6e, 0x6f, 0x74, 0x69, 0x66, 0x69, 0x63, 0x61, 0x74, 0x69, 0x6f, 0x6e, 0x20, 0x21, 0x3d, 0x20, 0x28, 0x28, 0x76, 0x6f, 0x69, 0x64, 0x20, 0x2a, 0x29, 0x30, 0x29, 0x00 };
/* 0xf1754 */ const unsigned char rodata_f1754[4] = { 0x61, 0x65, 0x68, 0x00 };
/* 0xf176a */ const unsigned char rodata_f176a[55] = { 0x57, 0x45, 0x53, 0x54, 0x5f, 0x54, 0x4f, 0x50, 0x44, 0x49, 0x52, 0x2f, 0x6e, 0x72, 0x66, 0x2f, 0x73, 0x75, 0x62, 0x73, 0x79, 0x73, 0x2f, 0x63, 0x61, 0x66, 0x2f, 0x65, 0x76, 0x65, 0x6e, 0x74, 0x73, 0x2f, 0x6d, 0x6f, 0x64, 0x75, 0x6c, 0x65, 0x5f, 0x73, 0x74, 0x61, 0x74, 0x65, 0x5f, 0x65, 0x76, 0x65, 0x6e, 0x74, 0x2e, 0x63, 0x00 };
/* 0xf17a1 */ const unsigned char rodata_f17a1[34] = { 0x65, 0x76, 0x65, 0x6e, 0x74, 0x2d, 0x3e, 0x73, 0x74, 0x61, 0x74, 0x65, 0x20, 0x3c, 0x20, 0x4d, 0x4f, 0x44, 0x55, 0x4c, 0x45, 0x5f, 0x53, 0x54, 0x41, 0x54, 0x45, 0x5f, 0x43, 0x4f, 0x55, 0x4e, 0x54, 0x00 };
/* 0xf17c3 */ const unsigned char rodata_f17c3[40] = { 0x73, 0x74, 0x61, 0x74, 0x65, 0x5f, 0x6e, 0x61, 0x6d, 0x65, 0x5b, 0x65, 0x76, 0x65, 0x6e, 0x74, 0x2d, 0x3e, 0x73, 0x74, 0x61, 0x74, 0x65, 0x5d, 0x20, 0x21, 0x3d, 0x20, 0x28, 0x28, 0x76, 0x6f, 0x69, 0x64, 0x20, 0x2a, 0x29, 0x30, 0x29, 0x00 };
/* 0xf17eb */ const unsigned char rodata_f17eb[56] = { 0x57, 0x45, 0x53, 0x54, 0x5f, 0x54, 0x4f, 0x50, 0x44, 0x49, 0x52, 0x2f, 0x6e, 0x72, 0x66, 0x2f, 0x69, 0x6e, 0x63, 0x6c, 0x75, 0x64, 0x65, 0x2f, 0x63, 0x61, 0x66, 0x2f, 0x65, 0x76, 0x65, 0x6e, 0x74, 0x73, 0x2f, 0x6d, 0x6f, 0x64, 0x75, 0x6c, 0x65, 0x5f, 0x73, 0x74, 0x61, 0x74, 0x65, 0x5f, 0x65, 0x76, 0x65, 0x6e, 0x74, 0x2e, 0x68, 0x00 };
/* 0xf1823 */ const unsigned char rodata_f1823[24] = { 0x65, 0x3a, 0x25, 0x73, 0x20, 0x6d, 0x6f, 0x64, 0x75, 0x6c, 0x65, 0x3a, 0x25, 0x73, 0x20, 0x73, 0x74, 0x61, 0x74, 0x65, 0x3a, 0x25, 0x73, 0x00 };
/* 0xf1885 */ const unsigned char rodata_f1885[56] = { 0x57, 0x45, 0x53, 0x54, 0x5f, 0x54, 0x4f, 0x50, 0x44, 0x49, 0x52, 0x2f, 0x6e, 0x72, 0x66, 0x2f, 0x73, 0x75, 0x62, 0x73, 0x79, 0x73, 0x2f, 0x63, 0x61, 0x66, 0x2f, 0x65, 0x76, 0x65, 0x6e, 0x74, 0x73, 0x2f, 0x70, 0x6f, 0x77, 0x65, 0x72, 0x5f, 0x6d, 0x61, 0x6e, 0x61, 0x67, 0x65, 0x72, 0x5f, 0x65, 0x76, 0x65, 0x6e, 0x74, 0x2e, 0x63, 0x00 };
/* 0xf18bd */ const unsigned char rodata_f18bd[35] = { 0x65, 0x76, 0x65, 0x6e, 0x74, 0x2d, 0x3e, 0x6d, 0x6f, 0x64, 0x75, 0x6c, 0x65, 0x5f, 0x69, 0x64, 0x78, 0x20, 0x3c, 0x20, 0x6d, 0x6f, 0x64, 0x75, 0x6c, 0x65, 0x5f, 0x63, 0x6f, 0x75, 0x6e, 0x74, 0x28, 0x29, 0x00 };
/* 0xf18e0 */ const unsigned char rodata_f18e0[31] = { 0x6c, 0x76, 0x6c, 0x20, 0x3c, 0x3d, 0x20, 0x50, 0x4f, 0x57, 0x45, 0x52, 0x5f, 0x4d, 0x41, 0x4e, 0x41, 0x47, 0x45, 0x52, 0x5f, 0x4c, 0x45, 0x56, 0x45, 0x4c, 0x5f, 0x4d, 0x41, 0x58, 0x00 };
/* 0xf18ff */ const unsigned char rodata_f18ff[33] = { 0x6c, 0x76, 0x6c, 0x20, 0x3e, 0x3d, 0x20, 0x50, 0x4f, 0x57, 0x45, 0x52, 0x5f, 0x4d, 0x41, 0x4e, 0x41, 0x47, 0x45, 0x52, 0x5f, 0x4c, 0x45, 0x56, 0x45, 0x4c, 0x5f, 0x41, 0x4c, 0x49, 0x56, 0x45, 0x00 };
/* 0xf1920 */ const unsigned char rodata_f1920[33] = { 0x65, 0x3a, 0x25, 0x73, 0x20, 0x6d, 0x6f, 0x64, 0x75, 0x6c, 0x65, 0x20, 0x22, 0x25, 0x73, 0x22, 0x20, 0x72, 0x65, 0x73, 0x74, 0x72, 0x69, 0x63, 0x74, 0x73, 0x20, 0x74, 0x6f, 0x20, 0x25, 0x73, 0x00 };
/* 0xf1ba8 */ const unsigned char rodata_f1ba8[54] = { 0x57, 0x45, 0x53, 0x54, 0x5f, 0x54, 0x4f, 0x50, 0x44, 0x49, 0x52, 0x2f, 0x7a, 0x65, 0x70, 0x68, 0x79, 0x72, 0x2f, 0x61, 0x72, 0x63, 0x68, 0x2f, 0x61, 0x72, 0x6d, 0x2f, 0x63, 0x6f, 0x72, 0x65, 0x2f, 0x61, 0x61, 0x72, 0x63, 0x68, 0x33, 0x32, 0x2f, 0x69, 0x72, 0x71, 0x5f, 0x6d, 0x61, 0x6e, 0x61, 0x67, 0x65, 0x2e, 0x63, 0x00 };
/* 0xf1bde */ const unsigned char rodata_f1bde[27] = { 0x70, 0x72, 0x69, 0x6f, 0x20, 0x3c, 0x3d, 0x20, 0x28, 0x28, 0x31, 0x55, 0x4c, 0x20, 0x3c, 0x3c, 0x20, 0x28, 0x33, 0x29, 0x29, 0x20, 0x2d, 0x20, 0x31, 0x29, 0x00 };
/* 0xf1bf9 */ const unsigned char rodata_f1bf9[64] = { 0x09, 0x69, 0x6e, 0x76, 0x61, 0x6c, 0x69, 0x64, 0x20, 0x70, 0x72, 0x69, 0x6f, 0x72, 0x69, 0x74, 0x79, 0x20, 0x25, 0x64, 0x20, 0x66, 0x6f, 0x72, 0x20, 0x25, 0x64, 0x20, 0x69, 0x72, 0x71, 0x21, 0x20, 0x76, 0x61, 0x6c, 0x75, 0x65, 0x73, 0x20, 0x6d, 0x75, 0x73, 0x74, 0x20, 0x62, 0x65, 0x20, 0x6c, 0x65, 0x73, 0x73, 0x20, 0x74, 0x68, 0x61, 0x6e, 0x20, 0x25, 0x6c, 0x75, 0x0a, 0x0a, 0x00 };
/* 0xf212c */ const unsigned char rodata_f212c[2] = { 0x2a, 0x00 };
/* 0xf22d5 */ const unsigned char rodata_f22d5[48] = { 0x57, 0x45, 0x53, 0x54, 0x5f, 0x54, 0x4f, 0x50, 0x44, 0x49, 0x52, 0x2f, 0x7a, 0x65, 0x70, 0x68, 0x79, 0x72, 0x2f, 0x6c, 0x69, 0x62, 0x2f, 0x6c, 0x69, 0x62, 0x63, 0x2f, 0x6e, 0x65, 0x77, 0x6c, 0x69, 0x62, 0x2f, 0x6c, 0x69, 0x62, 0x63, 0x2d, 0x68, 0x6f, 0x6f, 0x6b, 0x73, 0x2e, 0x63, 0x00 };
/* 0xf23d4 */ const unsigned char rodata_f23d4[20] = { 0x6c, 0x6f, 0x63, 0x6b, 0x20, 0x21, 0x3d, 0x20, 0x28, 0x28, 0x76, 0x6f, 0x69, 0x64, 0x20, 0x2a, 0x29, 0x30, 0x29, 0x00 };
/* 0xf2432 */ const unsigned char rodata_f2432[30] = { 0x2a, 0x20, 0x62, 0x75, 0x66, 0x66, 0x65, 0x72, 0x20, 0x6f, 0x76, 0x65, 0x72, 0x66, 0x6c, 0x6f, 0x77, 0x20, 0x64, 0x65, 0x74, 0x65, 0x63, 0x74, 0x65, 0x64, 0x20, 0x2a, 0x0a, 0x00 };
/* 0xf26c1 */ const unsigned char rodata_f26c1[3] = { 0x25, 0x64, 0x00 };
/* 0xf289a */ const unsigned char rodata_f289a[26] = { 0x46, 0x61, 0x69, 0x6c, 0x65, 0x64, 0x20, 0x74, 0x6f, 0x20, 0x6f, 0x70, 0x65, 0x6e, 0x20, 0x66, 0x6c, 0x61, 0x73, 0x68, 0x20, 0x61, 0x72, 0x65, 0x61, 0x00 };
/* 0xf28b4 */ const unsigned char rodata_f28b4[32] = { 0x46, 0x61, 0x69, 0x6c, 0x65, 0x64, 0x20, 0x74, 0x6f, 0x20, 0x67, 0x65, 0x74, 0x20, 0x66, 0x6c, 0x61, 0x73, 0x68, 0x20, 0x61, 0x72, 0x65, 0x61, 0x20, 0x64, 0x65, 0x76, 0x69, 0x63, 0x65, 0x00 };
/* 0xf28d4 */ const unsigned char rodata_f28d4[27] = { 0x46, 0x61, 0x69, 0x6c, 0x65, 0x64, 0x20, 0x74, 0x6f, 0x20, 0x65, 0x72, 0x61, 0x73, 0x65, 0x20, 0x66, 0x6c, 0x61, 0x73, 0x68, 0x20, 0x61, 0x72, 0x65, 0x61, 0x00 };
/* 0xf2a45 */ const unsigned char rodata_f2a45[52] = { 0x57, 0x45, 0x53, 0x54, 0x5f, 0x54, 0x4f, 0x50, 0x44, 0x49, 0x52, 0x2f, 0x7a, 0x65, 0x70, 0x68, 0x79, 0x72, 0x2f, 0x69, 0x6e, 0x63, 0x6c, 0x75, 0x64, 0x65, 0x2f, 0x7a, 0x65, 0x70, 0x68, 0x79, 0x72, 0x2f, 0x64, 0x72, 0x69, 0x76, 0x65, 0x72, 0x73, 0x2f, 0x65, 0x6e, 0x74, 0x72, 0x6f, 0x70, 0x79, 0x2e, 0x68, 0x00 };
/* 0xf2a79 */ const unsigned char rodata_f2a79[32] = { 0x61, 0x70, 0x69, 0x2d, 0x3e, 0x67, 0x65, 0x74, 0x5f, 0x65, 0x6e, 0x74, 0x72, 0x6f, 0x70, 0x79, 0x20, 0x21, 0x3d, 0x20, 0x28, 0x28, 0x76, 0x6f, 0x69, 0x64, 0x20, 0x2a, 0x29, 0x30, 0x29, 0x00 };
/* 0xf2a99 */ const unsigned char rodata_f2a99[38] = { 0x09, 0x43, 0x61, 0x6c, 0x6c, 0x62, 0x61, 0x63, 0x6b, 0x20, 0x70, 0x6f, 0x69, 0x6e, 0x74, 0x65, 0x72, 0x20, 0x73, 0x68, 0x6f, 0x75, 0x6c, 0x64, 0x20, 0x6e, 0x6f, 0x74, 0x20, 0x62, 0x65, 0x20, 0x4e, 0x55, 0x4c, 0x4c, 0x0a, 0x00 };
/* 0xf2abf */ const unsigned char rodata_f2abf[57] = { 0x57, 0x45, 0x53, 0x54, 0x5f, 0x54, 0x4f, 0x50, 0x44, 0x49, 0x52, 0x2f, 0x7a, 0x65, 0x70, 0x68, 0x79, 0x72, 0x2f, 0x73, 0x75, 0x62, 0x73, 0x79, 0x73, 0x2f, 0x72, 0x61, 0x6e, 0x64, 0x6f, 0x6d, 0x2f, 0x72, 0x61, 0x6e, 0x64, 0x33, 0x32, 0x5f, 0x65, 0x6e, 0x74, 0x72, 0x6f, 0x70, 0x79, 0x5f, 0x64, 0x65, 0x76, 0x69, 0x63, 0x65, 0x2e, 0x63, 0x00 };
/* 0xf2af8 */ const unsigned char rodata_f2af8[29] = { 0x64, 0x65, 0x76, 0x69, 0x63, 0x65, 0x5f, 0x69, 0x73, 0x5f, 0x72, 0x65, 0x61, 0x64, 0x79, 0x28, 0x65, 0x6e, 0x74, 0x72, 0x6f, 0x70, 0x79, 0x5f, 0x64, 0x65, 0x76, 0x29, 0x00 };
/* 0xf2b15 */ const unsigned char rodata_f2b15[30] = { 0x09, 0x45, 0x6e, 0x74, 0x72, 0x6f, 0x70, 0x79, 0x20, 0x64, 0x65, 0x76, 0x69, 0x63, 0x65, 0x20, 0x25, 0x73, 0x20, 0x6e, 0x6f, 0x74, 0x20, 0x72, 0x65, 0x61, 0x64, 0x79, 0x0a, 0x00 };
/* 0xf2b65 */ const unsigned char rodata_f2b65[33] = { 0x49, 0x6e, 0x73, 0x75, 0x66, 0x66, 0x69, 0x63, 0x69, 0x65, 0x6e, 0x74, 0x20, 0x6e, 0x75, 0x6d, 0x62, 0x65, 0x72, 0x20, 0x6f, 0x66, 0x20, 0x61, 0x72, 0x67, 0x75, 0x6d, 0x65, 0x6e, 0x74, 0x73, 0x00 };
/* 0xf2b86 */ const unsigned char rodata_f2b86[36] = { 0x49, 0x67, 0x6e, 0x6f, 0x72, 0x69, 0x6e, 0x67, 0x20, 0x69, 0x64, 0x65, 0x6e, 0x74, 0x69, 0x74, 0x69, 0x65, 0x73, 0x20, 0x73, 0x74, 0x6f, 0x72, 0x65, 0x64, 0x20, 0x69, 0x6e, 0x20, 0x66, 0x6c, 0x61, 0x73, 0x68, 0x00 };
/* 0xf2baa */ const unsigned char rodata_f2baa[37] = { 0x49, 0x6e, 0x76, 0x61, 0x6c, 0x69, 0x64, 0x20, 0x6c, 0x65, 0x6e, 0x67, 0x74, 0x68, 0x20, 0x49, 0x44, 0x20, 0x61, 0x64, 0x64, 0x72, 0x65, 0x73, 0x73, 0x20, 0x69, 0x6e, 0x20, 0x73, 0x74, 0x6f, 0x72, 0x61, 0x67, 0x65, 0x00 };
/* 0xf2bcf */ const unsigned char rodata_f2bcf[50] = { 0x46, 0x61, 0x69, 0x6c, 0x65, 0x64, 0x20, 0x74, 0x6f, 0x20, 0x72, 0x65, 0x61, 0x64, 0x20, 0x64, 0x65, 0x76, 0x69, 0x63, 0x65, 0x20, 0x6e, 0x61, 0x6d, 0x65, 0x20, 0x66, 0x72, 0x6f, 0x6d, 0x20, 0x73, 0x74, 0x6f, 0x72, 0x61, 0x67, 0x65, 0x20, 0x28, 0x65, 0x72, 0x72, 0x20, 0x25, 0x7a, 0x64, 0x29, 0x00 };
/* 0xf2c46 */ const unsigned char rodata_f2c46[37] = { 0x73, 0x65, 0x74, 0x74, 0x69, 0x6e, 0x67, 0x73, 0x5f, 0x73, 0x75, 0x62, 0x73, 0x79, 0x73, 0x5f, 0x69, 0x6e, 0x69, 0x74, 0x20, 0x66, 0x61, 0x69, 0x6c, 0x65, 0x64, 0x20, 0x28, 0x65, 0x72, 0x72, 0x20, 0x25, 0x64, 0x29, 0x00 };
/* 0xf2c71 */ const unsigned char rodata_f2c71[27] = { 0x46, 0x61, 0x69, 0x6c, 0x65, 0x64, 0x20, 0x74, 0x6f, 0x20, 0x73, 0x61, 0x76, 0x65, 0x20, 0x49, 0x44, 0x20, 0x28, 0x65, 0x72, 0x72, 0x20, 0x25, 0x64, 0x29, 0x00 };
/* 0xf2c8c */ const unsigned char rodata_f2c8c[36] = { 0x55, 0x6e, 0x61, 0x62, 0x6c, 0x65, 0x20, 0x74, 0x6f, 0x20, 0x73, 0x65, 0x74, 0x75, 0x70, 0x20, 0x61, 0x6e, 0x20, 0x69, 0x64, 0x65, 0x6e, 0x74, 0x69, 0x74, 0x79, 0x20, 0x61, 0x64, 0x64, 0x72, 0x65, 0x73, 0x73, 0x00 };
/* 0xf2d9d */ const unsigned char rodata_f2d9d[26] = { 0x55, 0x6e, 0x61, 0x62, 0x6c, 0x65, 0x20, 0x74, 0x6f, 0x20, 0x61, 0x6c, 0x6c, 0x6f, 0x63, 0x61, 0x74, 0x65, 0x20, 0x62, 0x75, 0x66, 0x66, 0x65, 0x72, 0x00 };
/* 0xf2db7 */ const unsigned char rodata_f2db7[36] = { 0x55, 0x6e, 0x61, 0x62, 0x6c, 0x65, 0x20, 0x74, 0x6f, 0x20, 0x6c, 0x6f, 0x6f, 0x6b, 0x75, 0x70, 0x20, 0x63, 0x6f, 0x6e, 0x6e, 0x20, 0x66, 0x6f, 0x72, 0x20, 0x68, 0x61, 0x6e, 0x64, 0x6c, 0x65, 0x20, 0x25, 0x75, 0x00 };
/* 0xf2ddb */ const unsigned char rodata_f2ddb[29] = { 0x43, 0x6f, 0x75, 0x6c, 0x64, 0x20, 0x6e, 0x6f, 0x74, 0x20, 0x73, 0x75, 0x62, 0x6d, 0x69, 0x74, 0x20, 0x72, 0x78, 0x5f, 0x77, 0x6f, 0x72, 0x6b, 0x3a, 0x20, 0x25, 0x64, 0x00 };
/* 0xf2df8 */ const unsigned char rodata_f2df8[34] = { 0x55, 0x6e, 0x68, 0x61, 0x6e, 0x64, 0x6c, 0x65, 0x64, 0x20, 0x65, 0x76, 0x65, 0x6e, 0x74, 0x20, 0x30, 0x78, 0x25, 0x30, 0x32, 0x78, 0x20, 0x6c, 0x65, 0x6e, 0x20, 0x25, 0x75, 0x3a, 0x20, 0x25, 0x73, 0x00 };
/* 0xf2e3c */ const unsigned char rodata_f2e3c[38] = { 0x55, 0x6e, 0x61, 0x62, 0x6c, 0x65, 0x20, 0x74, 0x6f, 0x20, 0x6c, 0x6f, 0x6f, 0x6b, 0x20, 0x75, 0x70, 0x20, 0x63, 0x6f, 0x6e, 0x6e, 0x20, 0x77, 0x69, 0x74, 0x68, 0x20, 0x68, 0x61, 0x6e, 0x64, 0x6c, 0x65, 0x20, 0x25, 0x75, 0x00 };
/* 0xf2e62 */ const unsigned char rodata_f2e62[34] = { 0x54, 0x6f, 0x6f, 0x20, 0x73, 0x6d, 0x61, 0x6c, 0x6c, 0x20, 0x28, 0x25, 0x75, 0x20, 0x62, 0x79, 0x74, 0x65, 0x73, 0x29, 0x20, 0x65, 0x76, 0x65, 0x6e, 0x74, 0x20, 0x30, 0x78, 0x25, 0x30, 0x32, 0x78, 0x00 };
/* 0xf2e84 */ const unsigned char rodata_f2e84[52] = { 0x57, 0x45, 0x53, 0x54, 0x5f, 0x54, 0x4f, 0x50, 0x44, 0x49, 0x52, 0x2f, 0x7a, 0x65, 0x70, 0x68, 0x79, 0x72, 0x2f, 0x73, 0x75, 0x62, 0x73, 0x79, 0x73, 0x2f, 0x62, 0x6c, 0x75, 0x65, 0x74, 0x6f, 0x6f, 0x74, 0x68, 0x2f, 0x68, 0x6f, 0x73, 0x74, 0x2f, 0x68, 0x63, 0x69, 0x5f, 0x63, 0x6f, 0x72, 0x65, 0x2e, 0x63, 0x00 };
/* 0xf2eb8 */ const unsigned char rodata_f2eb8[25] = { 0x62, 0x75, 0x66, 0x2d, 0x3e, 0x6c, 0x65, 0x6e, 0x20, 0x3e, 0x3d, 0x20, 0x73, 0x69, 0x7a, 0x65, 0x6f, 0x66, 0x28, 0x2a, 0x68, 0x64, 0x72, 0x29, 0x00 };
/* 0xf2ed1 */ const unsigned char rodata_f2ed1[36] = { 0x41, 0x43, 0x4c, 0x20, 0x64, 0x61, 0x74, 0x61, 0x20, 0x6c, 0x65, 0x6e, 0x67, 0x74, 0x68, 0x20, 0x6d, 0x69, 0x73, 0x6d, 0x61, 0x74, 0x63, 0x68, 0x20, 0x28, 0x25, 0x75, 0x20, 0x21, 0x3d, 0x20, 0x25, 0x75, 0x29, 0x00 };
/* 0xf2ef5 */ const unsigned char rodata_f2ef5[34] = { 0x55, 0x6e, 0x61, 0x62, 0x6c, 0x65, 0x20, 0x74, 0x6f, 0x20, 0x66, 0x69, 0x6e, 0x64, 0x20, 0x63, 0x6f, 0x6e, 0x6e, 0x20, 0x66, 0x6f, 0x72, 0x20, 0x68, 0x61, 0x6e, 0x64, 0x6c, 0x65, 0x20, 0x25, 0x75, 0x00 };
/* 0xf2f17 */ const unsigned char rodata_f2f17[46] = { 0x62, 0x74, 0x5f, 0x68, 0x63, 0x69, 0x5f, 0x65, 0x76, 0x74, 0x5f, 0x67, 0x65, 0x74, 0x5f, 0x66, 0x6c, 0x61, 0x67, 0x73, 0x28, 0x68, 0x64, 0x72, 0x2d, 0x3e, 0x65, 0x76, 0x74, 0x29, 0x20, 0x26, 0x20, 0x28, 0x31, 0x55, 0x4c, 0x20, 0x3c, 0x3c, 0x20, 0x28, 0x31, 0x29, 0x29, 0x00 };
/* 0xf2f45 */ const unsigned char rodata_f2f45[20] = { 0x55, 0x6e, 0x6b, 0x6e, 0x6f, 0x77, 0x6e, 0x20, 0x62, 0x75, 0x66, 0x20, 0x74, 0x79, 0x70, 0x65, 0x20, 0x25, 0x75, 0x00 };
/* 0xf2f59 */ const unsigned char rodata_f2f59[53] = { 0x6f, 0x70, 0x63, 0x6f, 0x64, 0x65, 0x20, 0x30, 0x78, 0x25, 0x30, 0x34, 0x78, 0x20, 0x70, 0x6f, 0x6f, 0x6c, 0x20, 0x69, 0x64, 0x20, 0x25, 0x75, 0x20, 0x70, 0x6f, 0x6f, 0x6c, 0x20, 0x25, 0x70, 0x20, 0x21, 0x3d, 0x20, 0x26, 0x68, 0x63, 0x69, 0x5f, 0x63, 0x6d, 0x64, 0x5f, 0x70, 0x6f, 0x6f, 0x6c, 0x20, 0x25, 0x70, 0x00 };
/* 0xf2f8e */ const unsigned char rodata_f2f8e[51] = { 0x4f, 0x70, 0x43, 0x6f, 0x64, 0x65, 0x20, 0x30, 0x78, 0x25, 0x30, 0x34, 0x78, 0x20, 0x63, 0x6f, 0x6d, 0x70, 0x6c, 0x65, 0x74, 0x65, 0x64, 0x20, 0x69, 0x6e, 0x73, 0x74, 0x65, 0x61, 0x64, 0x20, 0x6f, 0x66, 0x20, 0x65, 0x78, 0x70, 0x65, 0x63, 0x74, 0x65, 0x64, 0x20, 0x30, 0x78, 0x25, 0x30, 0x34, 0x78, 0x00 };
/* 0xf30dd */ const unsigned char rodata_f30dd[38] = { 0x46, 0x61, 0x69, 0x6c, 0x65, 0x64, 0x20, 0x74, 0x6f, 0x20, 0x73, 0x65, 0x74, 0x20, 0x72, 0x65, 0x71, 0x75, 0x69, 0x72, 0x65, 0x64, 0x20, 0x73, 0x65, 0x63, 0x75, 0x72, 0x69, 0x74, 0x79, 0x20, 0x6c, 0x65, 0x76, 0x65, 0x6c, 0x00 };
/* 0xf3103 */ const unsigned char rodata_f3103[34] = { 0x55, 0x6e, 0x61, 0x62, 0x6c, 0x65, 0x20, 0x74, 0x6f, 0x20, 0x73, 0x65, 0x6e, 0x64, 0x20, 0x74, 0x6f, 0x20, 0x64, 0x72, 0x69, 0x76, 0x65, 0x72, 0x20, 0x28, 0x65, 0x72, 0x72, 0x20, 0x25, 0x64, 0x29, 0x00 };
/* 0xf3125 */ const unsigned char rodata_f3125[23] = { 0x4f, 0x75, 0x74, 0x20, 0x6f, 0x66, 0x20, 0x63, 0x6f, 0x6d, 0x6d, 0x61, 0x6e, 0x64, 0x20, 0x62, 0x75, 0x66, 0x66, 0x65, 0x72, 0x73, 0x00 };
/* 0xf3191 */ const unsigned char rodata_f3191[20] = { 0x49, 0x6e, 0x76, 0x61, 0x6c, 0x69, 0x64, 0x20, 0x62, 0x75, 0x66, 0x20, 0x74, 0x79, 0x70, 0x65, 0x20, 0x25, 0x75, 0x00 };
/* 0xf31a5 */ const unsigned char rodata_f31a5[4] = { 0x5b, 0x30, 0x5d, 0x00 };
/* 0xf31a9 */ const unsigned char rodata_f31a9[15] = { 0x49, 0x64, 0x65, 0x6e, 0x74, 0x69, 0x74, 0x79, 0x25, 0x73, 0x3a, 0x20, 0x25, 0x73, 0x00 };
/* 0xf31b8 */ const unsigned char rodata_f31b8[17] = { 0x49, 0x64, 0x65, 0x6e, 0x74, 0x69, 0x74, 0x79, 0x5b, 0x25, 0x64, 0x5d, 0x3a, 0x20, 0x25, 0x73, 0x00 };
/* 0xf31c9 */ const unsigned char rodata_f31c9[62] = { 0x48, 0x43, 0x49, 0x3a, 0x20, 0x76, 0x65, 0x72, 0x73, 0x69, 0x6f, 0x6e, 0x20, 0x25, 0x73, 0x20, 0x28, 0x30, 0x78, 0x25, 0x30, 0x32, 0x78, 0x29, 0x20, 0x72, 0x65, 0x76, 0x69, 0x73, 0x69, 0x6f, 0x6e, 0x20, 0x30, 0x78, 0x25, 0x30, 0x34, 0x78, 0x2c, 0x20, 0x6d, 0x61, 0x6e, 0x75, 0x66, 0x61, 0x63, 0x74, 0x75, 0x72, 0x65, 0x72, 0x20, 0x30, 0x78, 0x25, 0x30, 0x34, 0x78, 0x00 };
/* 0xf3207 */ const unsigned char rodata_f3207[39] = { 0x4c, 0x4d, 0x50, 0x3a, 0x20, 0x76, 0x65, 0x72, 0x73, 0x69, 0x6f, 0x6e, 0x20, 0x25, 0x73, 0x20, 0x28, 0x30, 0x78, 0x25, 0x30, 0x32, 0x78, 0x29, 0x20, 0x73, 0x75, 0x62, 0x76, 0x65, 0x72, 0x20, 0x30, 0x78, 0x25, 0x30, 0x34, 0x78, 0x00 };
/* 0xf322e */ const unsigned char rodata_f322e[45] = { 0x4e, 0x6f, 0x20, 0x49, 0x44, 0x20, 0x61, 0x64, 0x64, 0x72, 0x65, 0x73, 0x73, 0x2e, 0x20, 0x41, 0x70, 0x70, 0x20, 0x6d, 0x75, 0x73, 0x74, 0x20, 0x63, 0x61, 0x6c, 0x6c, 0x20, 0x73, 0x65, 0x74, 0x74, 0x69, 0x6e, 0x67, 0x73, 0x5f, 0x6c, 0x6f, 0x61, 0x64, 0x28, 0x29, 0x00 };
/* 0xf33d4 */ const unsigned char rodata_f33d4[21] = { 0x55, 0x6e, 0x61, 0x62, 0x6c, 0x65, 0x20, 0x74, 0x6f, 0x20, 0x73, 0x74, 0x6f, 0x72, 0x65, 0x20, 0x6e, 0x61, 0x6d, 0x65, 0x00 };
/* 0xf33e4 */ const unsigned char rodata_f33e4[5] = { 0x6e, 0x61, 0x6d, 0x65, 0x00 };
/* 0xf341d */ const unsigned char rodata_f341d[2] = { 0x31, 0x00 };
/* 0xf3449 */ const unsigned char rodata_f3449[2] = { 0x33, 0x00 };
/* 0xf3509 */ const unsigned char rodata_f3509[46] = { 0x57, 0x45, 0x53, 0x54, 0x5f, 0x54, 0x4f, 0x50, 0x44, 0x49, 0x52, 0x2f, 0x7a, 0x65, 0x70, 0x68, 0x79, 0x72, 0x2f, 0x73, 0x75, 0x62, 0x73, 0x79, 0x73, 0x2f, 0x62, 0x6c, 0x75, 0x65, 0x74, 0x6f, 0x6f, 0x74, 0x68, 0x2f, 0x68, 0x6f, 0x73, 0x74, 0x2f, 0x69, 0x64, 0x2e, 0x63, 0x00 };
/* 0xf3537 */ const unsigned char rodata_f3537[24] = { 0x63, 0x6f, 0x6e, 0x66, 0x6c, 0x69, 0x63, 0x74, 0x20, 0x21, 0x3d, 0x20, 0x28, 0x28, 0x76, 0x6f, 0x69, 0x64, 0x20, 0x2a, 0x29, 0x30, 0x29, 0x00 };
/* 0xf354f */ const unsigned char rodata_f354f[35] = { 0x63, 0x6f, 0x6e, 0x66, 0x6c, 0x69, 0x63, 0x74, 0x2d, 0x3e, 0x63, 0x61, 0x6e, 0x64, 0x69, 0x64, 0x61, 0x74, 0x65, 0x20, 0x21, 0x3d, 0x20, 0x28, 0x28, 0x76, 0x6f, 0x69, 0x64, 0x20, 0x2a, 0x29, 0x30, 0x29, 0x00 };
/* 0xf3572 */ const unsigned char rodata_f3572[24] = { 0x72, 0x65, 0x73, 0x69, 0x64, 0x65, 0x6e, 0x74, 0x20, 0x21, 0x3d, 0x20, 0x28, 0x28, 0x76, 0x6f, 0x69, 0x64, 0x20, 0x2a, 0x29, 0x30, 0x29, 0x00 };
/* 0xf358a */ const unsigned char rodata_f358a[53] = { 0x28, 0x63, 0x6f, 0x6e, 0x66, 0x6c, 0x69, 0x63, 0x74, 0x2d, 0x3e, 0x63, 0x61, 0x6e, 0x64, 0x69, 0x64, 0x61, 0x74, 0x65, 0x2d, 0x3e, 0x73, 0x74, 0x61, 0x74, 0x65, 0x20, 0x26, 0x20, 0x42, 0x54, 0x5f, 0x4b, 0x45, 0x59, 0x53, 0x5f, 0x49, 0x44, 0x5f, 0x41, 0x44, 0x44, 0x45, 0x44, 0x29, 0x20, 0x3d, 0x3d, 0x20, 0x30, 0x00 };
/* 0xf3630 */ const unsigned char rodata_f3630[5] = { 0x6c, 0x69, 0x73, 0x74, 0x00 };
/* 0xf369a */ const unsigned char rodata_f369a[25] = { 0x62, 0x74, 0x5f, 0x64, 0x65, 0x76, 0x2e, 0x6c, 0x65, 0x2e, 0x72, 0x6c, 0x5f, 0x65, 0x6e, 0x74, 0x72, 0x69, 0x65, 0x73, 0x20, 0x3e, 0x20, 0x30, 0x00 };
/* 0xf3733 */ const unsigned char rodata_f3733[25] = { 0x49, 0x6e, 0x76, 0x61, 0x6c, 0x69, 0x64, 0x20, 0x69, 0x6e, 0x70, 0x75, 0x74, 0x20, 0x70, 0x61, 0x72, 0x61, 0x6d, 0x65, 0x74, 0x65, 0x72, 0x73, 0x00 };
/* 0xf374c */ const unsigned char rodata_f374c[30] = { 0x46, 0x61, 0x69, 0x6c, 0x65, 0x64, 0x20, 0x74, 0x6f, 0x20, 0x72, 0x65, 0x61, 0x64, 0x20, 0x70, 0x75, 0x62, 0x6c, 0x69, 0x63, 0x20, 0x61, 0x64, 0x64, 0x72, 0x65, 0x73, 0x73, 0x00 };
/* 0xf376a */ const unsigned char rodata_f376a[44] = { 0x52, 0x65, 0x61, 0x64, 0x20, 0x53, 0x74, 0x61, 0x74, 0x69, 0x63, 0x20, 0x41, 0x64, 0x64, 0x72, 0x65, 0x73, 0x73, 0x65, 0x73, 0x20, 0x63, 0x6f, 0x6d, 0x6d, 0x61, 0x6e, 0x64, 0x20, 0x6e, 0x6f, 0x74, 0x20, 0x61, 0x76, 0x61, 0x69, 0x6c, 0x61, 0x62, 0x6c, 0x65, 0x00 };
/* 0xf3796 */ const unsigned char rodata_f3796[32] = { 0x46, 0x61, 0x69, 0x6c, 0x65, 0x64, 0x20, 0x74, 0x6f, 0x20, 0x72, 0x65, 0x61, 0x64, 0x20, 0x73, 0x74, 0x61, 0x74, 0x69, 0x63, 0x20, 0x61, 0x64, 0x64, 0x72, 0x65, 0x73, 0x73, 0x65, 0x73, 0x00 };
/* 0xf37b6 */ const unsigned char rodata_f37b6[41] = { 0x4e, 0x6f, 0x20, 0x73, 0x74, 0x61, 0x74, 0x69, 0x63, 0x20, 0x61, 0x64, 0x64, 0x72, 0x65, 0x73, 0x73, 0x65, 0x73, 0x20, 0x73, 0x74, 0x6f, 0x72, 0x65, 0x64, 0x20, 0x69, 0x6e, 0x20, 0x63, 0x6f, 0x6e, 0x74, 0x72, 0x6f, 0x6c, 0x6c, 0x65, 0x72, 0x00 };
/* 0xf3804 */ const unsigned char rodata_f3804[25] = { 0x54, 0x6f, 0x6f, 0x20, 0x62, 0x69, 0x67, 0x20, 0x61, 0x64, 0x76, 0x65, 0x72, 0x74, 0x69, 0x73, 0x69, 0x6e, 0x67, 0x20, 0x64, 0x61, 0x74, 0x61, 0x00 };
/* 0xf381d */ const unsigned char rodata_f381d[27] = { 0x46, 0x61, 0x69, 0x6c, 0x65, 0x64, 0x20, 0x74, 0x6f, 0x20, 0x73, 0x74, 0x61, 0x72, 0x74, 0x20, 0x61, 0x64, 0x76, 0x65, 0x72, 0x74, 0x69, 0x73, 0x65, 0x72, 0x00 };
/* 0xf3857 */ const unsigned char rodata_f3857[54] = { 0x43, 0x6f, 0x6e, 0x74, 0x72, 0x6f, 0x6c, 0x6c, 0x65, 0x72, 0x20, 0x63, 0x61, 0x6e, 0x6e, 0x6f, 0x74, 0x20, 0x72, 0x65, 0x73, 0x75, 0x6d, 0x65, 0x20, 0x63, 0x6f, 0x6e, 0x6e, 0x65, 0x63, 0x74, 0x61, 0x62, 0x6c, 0x65, 0x20, 0x61, 0x64, 0x76, 0x65, 0x72, 0x74, 0x69, 0x73, 0x69, 0x6e, 0x67, 0x20, 0x28, 0x25, 0x64, 0x29, 0x00 };
/* 0xf3894 */ const unsigned char rodata_f3894[50] = { 0x57, 0x45, 0x53, 0x54, 0x5f, 0x54, 0x4f, 0x50, 0x44, 0x49, 0x52, 0x2f, 0x7a, 0x65, 0x70, 0x68, 0x79, 0x72, 0x2f, 0x69, 0x6e, 0x63, 0x6c, 0x75, 0x64, 0x65, 0x2f, 0x7a, 0x65, 0x70, 0x68, 0x79, 0x72, 0x2f, 0x73, 0x79, 0x73, 0x2f, 0x62, 0x79, 0x74, 0x65, 0x6f, 0x72, 0x64, 0x65, 0x72, 0x2e, 0x68, 0x00 };
/* 0xf38c6 */ const unsigned char rodata_f38c6[87] = { 0x28, 0x28, 0x70, 0x73, 0x72, 0x63, 0x20, 0x3c, 0x20, 0x70, 0x64, 0x73, 0x74, 0x20, 0x26, 0x26, 0x20, 0x28, 0x70, 0x73, 0x72, 0x63, 0x20, 0x2b, 0x20, 0x6c, 0x65, 0x6e, 0x67, 0x74, 0x68, 0x29, 0x20, 0x3c, 0x3d, 0x20, 0x70, 0x64, 0x73, 0x74, 0x29, 0x20, 0x7c, 0x7c, 0x20, 0x28, 0x70, 0x73, 0x72, 0x63, 0x20, 0x3e, 0x20, 0x70, 0x64, 0x73, 0x74, 0x20, 0x26, 0x26, 0x20, 0x28, 0x70, 0x64, 0x73, 0x74, 0x20, 0x2b, 0x20, 0x6c, 0x65, 0x6e, 0x67, 0x74, 0x68, 0x29, 0x20, 0x3c, 0x3d, 0x20, 0x70, 0x73, 0x72, 0x63, 0x29, 0x29, 0x00 };
/* 0xf391d */ const unsigned char rodata_f391d[50] = { 0x09, 0x53, 0x6f, 0x75, 0x72, 0x63, 0x65, 0x20, 0x61, 0x6e, 0x64, 0x20, 0x64, 0x65, 0x73, 0x74, 0x69, 0x6e, 0x61, 0x74, 0x69, 0x6f, 0x6e, 0x20, 0x62, 0x75, 0x66, 0x66, 0x65, 0x72, 0x73, 0x20, 0x6d, 0x75, 0x73, 0x74, 0x20, 0x6e, 0x6f, 0x74, 0x20, 0x6f, 0x76, 0x65, 0x72, 0x6c, 0x61, 0x70, 0x0a, 0x00 };
/* 0xf3966 */ const unsigned char rodata_f3966[26] = { 0x46, 0x61, 0x69, 0x6c, 0x65, 0x64, 0x20, 0x74, 0x6f, 0x20, 0x69, 0x6e, 0x69, 0x74, 0x69, 0x61, 0x6c, 0x69, 0x7a, 0x65, 0x20, 0x50, 0x52, 0x4e, 0x47, 0x00 };
/* 0xf39f4 */ const unsigned char rodata_f39f4[34] = { 0x46, 0x61, 0x69, 0x6c, 0x65, 0x64, 0x20, 0x74, 0x6f, 0x20, 0x67, 0x65, 0x6e, 0x65, 0x72, 0x61, 0x74, 0x65, 0x20, 0x44, 0x48, 0x4b, 0x65, 0x79, 0x20, 0x28, 0x65, 0x72, 0x72, 0x20, 0x25, 0x64, 0x29, 0x00 };
/* 0xf3a5d */ const unsigned char rodata_f3a5d[48] = { 0x57, 0x45, 0x53, 0x54, 0x5f, 0x54, 0x4f, 0x50, 0x44, 0x49, 0x52, 0x2f, 0x7a, 0x65, 0x70, 0x68, 0x79, 0x72, 0x2f, 0x73, 0x75, 0x62, 0x73, 0x79, 0x73, 0x2f, 0x62, 0x6c, 0x75, 0x65, 0x74, 0x6f, 0x6f, 0x74, 0x68, 0x2f, 0x68, 0x6f, 0x73, 0x74, 0x2f, 0x63, 0x6f, 0x6e, 0x6e, 0x2e, 0x63, 0x00 };
/* 0xf3a8d */ const unsigned char rodata_f3a8d[27] = { 0x63, 0x62, 0x20, 0x3c, 0x3d, 0x20, 0x5f, 0x62, 0x74, 0x5f, 0x63, 0x6f, 0x6e, 0x6e, 0x5f, 0x63, 0x62, 0x5f, 0x6c, 0x69, 0x73, 0x74, 0x5f, 0x65, 0x6e, 0x64, 0x00 };
/* 0xf3aa8 */ const unsigned char rodata_f3aa8[3] = { 0x74, 0x78, 0x00 };
/* 0xf3abe */ const unsigned char rodata_f3abe[38] = { 0x73, 0x79, 0x73, 0x5f, 0x73, 0x6c, 0x69, 0x73, 0x74, 0x5f, 0x69, 0x73, 0x5f, 0x65, 0x6d, 0x70, 0x74, 0x79, 0x28, 0x26, 0x63, 0x6f, 0x6e, 0x6e, 0x2d, 0x3e, 0x74, 0x78, 0x5f, 0x70, 0x65, 0x6e, 0x64, 0x69, 0x6e, 0x67, 0x29, 0x00 };
/* 0xf3ae4 */ const unsigned char rodata_f3ae4[21] = { 0x09, 0x50, 0x65, 0x6e, 0x64, 0x69, 0x6e, 0x67, 0x20, 0x54, 0x58, 0x20, 0x70, 0x61, 0x63, 0x6b, 0x65, 0x74, 0x73, 0x0a, 0x00 };
/* 0xf3af9 */ const unsigned char rodata_f3af9[25] = { 0x63, 0x6f, 0x6e, 0x6e, 0x2d, 0x3e, 0x70, 0x65, 0x6e, 0x64, 0x69, 0x6e, 0x67, 0x5f, 0x6e, 0x6f, 0x5f, 0x63, 0x62, 0x20, 0x3d, 0x3d, 0x20, 0x30, 0x00 };
/* 0xf3b6f */ const unsigned char rodata_f3b6f[5] = { 0x64, 0x61, 0x74, 0x61, 0x00 };
/* 0xf3c02 */ const unsigned char rodata_f3c02[5] = { 0x74, 0x65, 0x78, 0x74, 0x00 };
/* 0xf3c07 */ const unsigned char rodata_f3c07[8] = { 0x6f, 0x6c, 0x64, 0x20, 0x3e, 0x20, 0x30, 0x00 };
/* 0xf3c0f */ const unsigned char rodata_f3c0f[30] = { 0x09, 0x43, 0x6f, 0x6e, 0x6e, 0x20, 0x72, 0x65, 0x66, 0x65, 0x72, 0x65, 0x6e, 0x63, 0x65, 0x20, 0x63, 0x6f, 0x75, 0x6e, 0x74, 0x65, 0x72, 0x20, 0x69, 0x73, 0x20, 0x30, 0x0a, 0x00 };
/* 0xf3c37 */ const unsigned char rodata_f3c37[17] = { 0x6e, 0x6f, 0x20, 0x74, 0x72, 0x61, 0x6e, 0x73, 0x69, 0x74, 0x69, 0x6f, 0x6e, 0x20, 0x25, 0x73, 0x00 };
/* 0xf3c48 */ const unsigned char rodata_f3c48[23] = { 0x49, 0x6e, 0x76, 0x61, 0x6c, 0x69, 0x64, 0x20, 0x28, 0x25, 0x75, 0x29, 0x20, 0x6f, 0x6c, 0x64, 0x20, 0x73, 0x74, 0x61, 0x74, 0x65, 0x00 };
/* 0xf3c5f */ const unsigned char rodata_f3c5f[28] = { 0x6e, 0x6f, 0x20, 0x76, 0x61, 0x6c, 0x69, 0x64, 0x20, 0x28, 0x25, 0x75, 0x29, 0x20, 0x73, 0x74, 0x61, 0x74, 0x65, 0x20, 0x77, 0x61, 0x73, 0x20, 0x73, 0x65, 0x74, 0x00 };
/* 0xf3dad */ const unsigned char rodata_f3dad[23] = { 0x09, 0x49, 0x6e, 0x76, 0x61, 0x6c, 0x69, 0x64, 0x20, 0x63, 0x6f, 0x6e, 0x6e, 0x20, 0x74, 0x79, 0x70, 0x65, 0x20, 0x25, 0x75, 0x0a, 0x00 };
/* 0xf3ebd */ const unsigned char rodata_f3ebd[5] = { 0x63, 0x6f, 0x6e, 0x6e, 0x00 };
/* 0xf3ec2 */ const unsigned char rodata_f3ec2[40] = { 0x55, 0x6e, 0x61, 0x62, 0x6c, 0x65, 0x20, 0x74, 0x6f, 0x20, 0x61, 0x6c, 0x6c, 0x6f, 0x63, 0x61, 0x74, 0x65, 0x20, 0x62, 0x75, 0x66, 0x66, 0x65, 0x72, 0x20, 0x66, 0x6f, 0x72, 0x20, 0x6f, 0x70, 0x20, 0x30, 0x78, 0x25, 0x30, 0x32, 0x78, 0x00 };
/* 0xf3eea */ const unsigned char rodata_f3eea[39] = { 0x4e, 0x6f, 0x20, 0x61, 0x76, 0x61, 0x69, 0x6c, 0x61, 0x62, 0x6c, 0x65, 0x20, 0x4c, 0x32, 0x43, 0x41, 0x50, 0x20, 0x63, 0x6f, 0x6e, 0x74, 0x65, 0x78, 0x74, 0x20, 0x66, 0x6f, 0x72, 0x20, 0x63, 0x6f, 0x6e, 0x6e, 0x20, 0x25, 0x70, 0x00 };
/* 0xf3f11 */ const unsigned char rodata_f3f11[52] = { 0x53, 0x65, 0x67, 0x6d, 0x65, 0x6e, 0x74, 0x61, 0x74, 0x69, 0x6f, 0x6e, 0x20, 0x64, 0x69, 0x73, 0x61, 0x62, 0x6c, 0x65, 0x64, 0x20, 0x62, 0x75, 0x74, 0x20, 0x4d, 0x54, 0x55, 0x20, 0x3e, 0x20, 0x4d, 0x50, 0x53, 0x2c, 0x20, 0x74, 0x72, 0x75, 0x6e, 0x63, 0x61, 0x74, 0x69, 0x6e, 0x67, 0x20, 0x4d, 0x54, 0x55, 0x00 };
/* 0xf3f55 */ const unsigned char rodata_f3f55[49] = { 0x57, 0x45, 0x53, 0x54, 0x5f, 0x54, 0x4f, 0x50, 0x44, 0x49, 0x52, 0x2f, 0x7a, 0x65, 0x70, 0x68, 0x79, 0x72, 0x2f, 0x73, 0x75, 0x62, 0x73, 0x79, 0x73, 0x2f, 0x62, 0x6c, 0x75, 0x65, 0x74, 0x6f, 0x6f, 0x74, 0x68, 0x2f, 0x68, 0x6f, 0x73, 0x74, 0x2f, 0x6c, 0x32, 0x63, 0x61, 0x70, 0x2e, 0x63, 0x00 };
/* 0xf3f86 */ const unsigned char rodata_f3f86[4] = { 0x73, 0x65, 0x67, 0x00 };
/* 0xf3f8a */ const unsigned char rodata_f3f8a[59] = { 0x62, 0x74, 0x5f, 0x6c, 0x32, 0x63, 0x61, 0x70, 0x5f, 0x63, 0x68, 0x61, 0x6e, 0x5f, 0x67, 0x65, 0x74, 0x5f, 0x73, 0x74, 0x61, 0x74, 0x65, 0x28, 0x26, 0x63, 0x68, 0x61, 0x6e, 0x2d, 0x3e, 0x63, 0x68, 0x61, 0x6e, 0x29, 0x20, 0x3d, 0x3d, 0x20, 0x42, 0x54, 0x5f, 0x4c, 0x32, 0x43, 0x41, 0x50, 0x5f, 0x43, 0x4f, 0x4e, 0x4e, 0x45, 0x43, 0x54, 0x45, 0x44, 0x00 };
/* 0xf3fc5 */ const unsigned char rodata_f3fc5[30] = { 0x55, 0x6e, 0x61, 0x62, 0x6c, 0x65, 0x20, 0x74, 0x6f, 0x20, 0x73, 0x65, 0x6e, 0x64, 0x20, 0x63, 0x72, 0x65, 0x64, 0x69, 0x74, 0x73, 0x20, 0x75, 0x70, 0x64, 0x61, 0x74, 0x65, 0x00 };
/* 0xf3fde */ const unsigned char rodata_f3fde[5] = { 0x64, 0x61, 0x74, 0x65, 0x00 };
/* 0xf3fe3 */ const unsigned char rodata_f3fe3[35] = { 0x61, 0x74, 0x6f, 0x6d, 0x69, 0x63, 0x5f, 0x67, 0x65, 0x74, 0x28, 0x26, 0x63, 0x68, 0x61, 0x6e, 0x2d, 0x3e, 0x72, 0x78, 0x2e, 0x63, 0x72, 0x65, 0x64, 0x69, 0x74, 0x73, 0x29, 0x20, 0x3d, 0x3d, 0x20, 0x30, 0x00 };
/* 0xf4079 */ const unsigned char rodata_f4079[7] = { 0x65, 0x72, 0x72, 0x20, 0x25, 0x64, 0x00 };
/* 0xf4080 */ const unsigned char rodata_f4080[25] = { 0x50, 0x44, 0x55, 0x20, 0x73, 0x69, 0x7a, 0x65, 0x20, 0x3e, 0x20, 0x4d, 0x50, 0x53, 0x20, 0x28, 0x25, 0x75, 0x20, 0x3e, 0x20, 0x25, 0x75, 0x29, 0x00 };
/* 0xf4099 */ const unsigned char rodata_f4099[22] = { 0x54, 0x6f, 0x6f, 0x20, 0x73, 0x68, 0x6f, 0x72, 0x74, 0x20, 0x64, 0x61, 0x74, 0x61, 0x20, 0x70, 0x61, 0x63, 0x6b, 0x65, 0x74, 0x00 };
/* 0xf40af */ const unsigned char rodata_f40af[19] = { 0x49, 0x6e, 0x76, 0x61, 0x6c, 0x69, 0x64, 0x20, 0x53, 0x44, 0x55, 0x20, 0x6c, 0x65, 0x6e, 0x67, 0x74, 0x68, 0x00 };
/* 0xf40c2 */ const unsigned char rodata_f40c2[34] = { 0x55, 0x6e, 0x61, 0x62, 0x6c, 0x65, 0x20, 0x74, 0x6f, 0x20, 0x61, 0x6c, 0x6c, 0x6f, 0x63, 0x61, 0x74, 0x65, 0x20, 0x62, 0x75, 0x66, 0x66, 0x65, 0x72, 0x20, 0x66, 0x6f, 0x72, 0x20, 0x53, 0x44, 0x55, 0x00 };
/* 0xf40e4 */ const unsigned char rodata_f40e4[29] = { 0x4e, 0x6f, 0x20, 0x63, 0x72, 0x65, 0x64, 0x69, 0x74, 0x73, 0x20, 0x74, 0x6f, 0x20, 0x72, 0x65, 0x63, 0x65, 0x69, 0x76, 0x65, 0x20, 0x70, 0x61, 0x63, 0x6b, 0x65, 0x74, 0x00 };
/* 0xf41c5 */ const unsigned char rodata_f41c5[33] = { 0x4c, 0x32, 0x43, 0x41, 0x50, 0x20, 0x6c, 0x65, 0x6e, 0x67, 0x74, 0x68, 0x20, 0x6d, 0x69, 0x73, 0x6d, 0x61, 0x74, 0x63, 0x68, 0x20, 0x28, 0x25, 0x75, 0x20, 0x21, 0x3d, 0x20, 0x25, 0x75, 0x29, 0x00 };
/* 0xf4240 */ const unsigned char rodata_f4240[5] = { 0x73, 0x69, 0x7a, 0x65, 0x00 };
/* 0xf4245 */ const unsigned char rodata_f4245[42] = { 0x49, 0x6e, 0x76, 0x61, 0x6c, 0x69, 0x64, 0x20, 0x4c, 0x45, 0x2d, 0x43, 0x6f, 0x6e, 0x6e, 0x20, 0x52, 0x65, 0x71, 0x20, 0x70, 0x61, 0x72, 0x61, 0x6d, 0x73, 0x3a, 0x20, 0x6d, 0x74, 0x75, 0x20, 0x25, 0x75, 0x20, 0x6d, 0x70, 0x73, 0x20, 0x25, 0x75, 0x00 };
/* 0xf42b3 */ const unsigned char rodata_f42b3[33] = { 0x43, 0x61, 0x6e, 0x6e, 0x6f, 0x74, 0x20, 0x66, 0x69, 0x6e, 0x64, 0x20, 0x63, 0x68, 0x61, 0x6e, 0x6e, 0x65, 0x6c, 0x20, 0x66, 0x6f, 0x72, 0x20, 0x69, 0x64, 0x65, 0x6e, 0x74, 0x20, 0x25, 0x75, 0x00 };
/* 0xf4388 */ const unsigned char rodata_f4388[47] = { 0x57, 0x45, 0x53, 0x54, 0x5f, 0x54, 0x4f, 0x50, 0x44, 0x49, 0x52, 0x2f, 0x7a, 0x65, 0x70, 0x68, 0x79, 0x72, 0x2f, 0x73, 0x75, 0x62, 0x73, 0x79, 0x73, 0x2f, 0x62, 0x6c, 0x75, 0x65, 0x74, 0x6f, 0x6f, 0x74, 0x68, 0x2f, 0x68, 0x6f, 0x73, 0x74, 0x2f, 0x61, 0x74, 0x74, 0x2e, 0x63, 0x00 };
/* 0xf43b7 */ const unsigned char rodata_f43b7[19] = { 0x21, 0x61, 0x6c, 0x6c, 0x6f, 0x63, 0x5f, 0x66, 0x72, 0x6f, 0x6d, 0x5f, 0x67, 0x6c, 0x6f, 0x62, 0x61, 0x6c, 0x00 };
/* 0xf43b8 */ const unsigned char rodata_f43b8[18] = { 0x61, 0x6c, 0x6c, 0x6f, 0x63, 0x5f, 0x66, 0x72, 0x6f, 0x6d, 0x5f, 0x67, 0x6c, 0x6f, 0x62, 0x61, 0x6c, 0x00 };
/* 0xf43ca */ const unsigned char rodata_f43ca[31] = { 0x55, 0x6e, 0x61, 0x62, 0x6c, 0x65, 0x20, 0x74, 0x6f, 0x20, 0x63, 0x72, 0x65, 0x61, 0x74, 0x65, 0x20, 0x55, 0x55, 0x49, 0x44, 0x3a, 0x20, 0x73, 0x69, 0x7a, 0x65, 0x20, 0x25, 0x75, 0x00 };
/* 0xf43e9 */ const unsigned char rodata_f43e9[31] = { 0x55, 0x6e, 0x61, 0x62, 0x6c, 0x65, 0x20, 0x74, 0x6f, 0x20, 0x63, 0x72, 0x65, 0x61, 0x74, 0x65, 0x20, 0x55, 0x55, 0x49, 0x44, 0x3a, 0x20, 0x73, 0x69, 0x7a, 0x65, 0x20, 0x25, 0x64, 0x00 };
/* 0xf4408 */ const unsigned char rodata_f4408[42] = { 0x75, 0x6e, 0x61, 0x62, 0x6c, 0x65, 0x20, 0x74, 0x6f, 0x20, 0x61, 0x6c, 0x6c, 0x6f, 0x63, 0x61, 0x74, 0x65, 0x20, 0x62, 0x75, 0x66, 0x20, 0x66, 0x6f, 0x72, 0x20, 0x65, 0x72, 0x72, 0x6f, 0x72, 0x20, 0x72, 0x65, 0x73, 0x70, 0x6f, 0x6e, 0x73, 0x65, 0x00 };
/* 0xf445b */ const unsigned char rodata_f445b[26] = { 0x41, 0x54, 0x54, 0x20, 0x63, 0x68, 0x61, 0x6e, 0x6e, 0x65, 0x6c, 0x20, 0x6e, 0x6f, 0x74, 0x20, 0x63, 0x6f, 0x6e, 0x6e, 0x65, 0x63, 0x74, 0x65, 0x64, 0x00 };
/* 0xf452b */ const unsigned char rodata_f452b[19] = { 0x45, 0x72, 0x72, 0x6f, 0x72, 0x20, 0x73, 0x69, 0x67, 0x6e, 0x69, 0x6e, 0x67, 0x20, 0x64, 0x61, 0x74, 0x61, 0x00 };
/* 0xf453e */ const unsigned char rodata_f453e[25] = { 0x09, 0x55, 0x6e, 0x6b, 0x6e, 0x6f, 0x77, 0x6e, 0x20, 0x6f, 0x70, 0x20, 0x74, 0x79, 0x70, 0x65, 0x20, 0x30, 0x78, 0x25, 0x30, 0x32, 0x58, 0x0a, 0x00 };
/* 0xf4557 */ const unsigned char rodata_f4557[35] = { 0x52, 0x61, 0x6e, 0x20, 0x6f, 0x75, 0x74, 0x20, 0x6f, 0x66, 0x20, 0x54, 0x58, 0x20, 0x62, 0x75, 0x66, 0x66, 0x65, 0x72, 0x73, 0x20, 0x6f, 0x72, 0x20, 0x63, 0x6f, 0x6e, 0x74, 0x65, 0x78, 0x74, 0x73, 0x2e, 0x00 };
/* 0xf457a */ const unsigned char rodata_f457a[5] = { 0x63, 0x68, 0x61, 0x6e, 0x00 };
/* 0xf457f */ const unsigned char rodata_f457f[10] = { 0x72, 0x65, 0x71, 0x2d, 0x3e, 0x66, 0x75, 0x6e, 0x63, 0x00 };
/* 0xf4589 */ const unsigned char rodata_f4589[11] = { 0x21, 0x63, 0x68, 0x61, 0x6e, 0x2d, 0x3e, 0x72, 0x65, 0x71, 0x00 };
/* 0xf4590 */ const unsigned char rodata_f4590[4] = { 0x72, 0x65, 0x71, 0x00 };
/* 0xf45af */ const unsigned char rodata_f45af[19] = { 0x21, 0x61, 0x74, 0x74, 0x5f, 0x63, 0x68, 0x61, 0x6e, 0x2d, 0x3e, 0x72, 0x73, 0x70, 0x5f, 0x62, 0x75, 0x66, 0x00 };
/* 0xf45be */ const unsigned char rodata_f45be[4] = { 0x62, 0x75, 0x66, 0x00 };
/* 0xf4680 */ const unsigned char rodata_f4680[23] = { 0x4e, 0x6f, 0x20, 0x70, 0x65, 0x6e, 0x64, 0x69, 0x6e, 0x67, 0x20, 0x41, 0x54, 0x54, 0x20, 0x72, 0x65, 0x71, 0x75, 0x65, 0x73, 0x74, 0x00 };
/* 0xf4697 */ const unsigned char rodata_f4697[26] = { 0x41, 0x54, 0x54, 0x20, 0x54, 0x69, 0x6d, 0x65, 0x6f, 0x75, 0x74, 0x20, 0x66, 0x6f, 0x72, 0x20, 0x64, 0x65, 0x76, 0x69, 0x63, 0x65, 0x20, 0x25, 0x73, 0x00 };
/* 0xf46b8 */ const unsigned char rodata_f46b8[48] = { 0x57, 0x45, 0x53, 0x54, 0x5f, 0x54, 0x4f, 0x50, 0x44, 0x49, 0x52, 0x2f, 0x7a, 0x65, 0x70, 0x68, 0x79, 0x72, 0x2f, 0x73, 0x75, 0x62, 0x73, 0x79, 0x73, 0x2f, 0x62, 0x6c, 0x75, 0x65, 0x74, 0x6f, 0x6f, 0x74, 0x68, 0x2f, 0x68, 0x6f, 0x73, 0x74, 0x2f, 0x67, 0x61, 0x74, 0x74, 0x2e, 0x63, 0x00 };
/* 0xf46e8 */ const unsigned char rodata_f46e8[31] = { 0x09, 0x43, 0x61, 0x6e, 0x27, 0x74, 0x20, 0x73, 0x61, 0x76, 0x65, 0x20, 0x43, 0x46, 0x20, 0x2f, 0x20, 0x43, 0x43, 0x43, 0x20, 0x74, 0x6f, 0x20, 0x66, 0x6c, 0x61, 0x73, 0x68, 0x0a, 0x00 };
/* 0xf4707 */ const unsigned char rodata_f4707[23] = { 0x67, 0x61, 0x74, 0x74, 0x5f, 0x73, 0x75, 0x62, 0x5f, 0x69, 0x73, 0x5f, 0x65, 0x6d, 0x70, 0x74, 0x79, 0x28, 0x73, 0x75, 0x62, 0x29, 0x00 };
/* 0xf471e */ const unsigned char rodata_f471e[12] = { 0x49, 0x6e, 0x76, 0x61, 0x6c, 0x69, 0x64, 0x20, 0x6b, 0x65, 0x79, 0x00 };
/* 0xf472a */ const unsigned char rodata_f472a[28] = { 0x55, 0x6e, 0x61, 0x62, 0x6c, 0x65, 0x20, 0x74, 0x6f, 0x20, 0x64, 0x65, 0x63, 0x6f, 0x64, 0x65, 0x20, 0x61, 0x64, 0x64, 0x72, 0x65, 0x73, 0x73, 0x20, 0x25, 0x73, 0x00 };
/* 0xf4746 */ const unsigned char rodata_f4746[27] = { 0x49, 0x6e, 0x76, 0x61, 0x6c, 0x69, 0x64, 0x20, 0x6c, 0x6f, 0x63, 0x61, 0x6c, 0x20, 0x69, 0x64, 0x65, 0x6e, 0x74, 0x69, 0x74, 0x79, 0x20, 0x25, 0x6c, 0x75, 0x00 };
/* 0xf4761 */ const unsigned char rodata_f4761[34] = { 0x55, 0x6e, 0x61, 0x62, 0x6c, 0x65, 0x20, 0x74, 0x6f, 0x20, 0x72, 0x65, 0x73, 0x74, 0x6f, 0x72, 0x65, 0x20, 0x53, 0x43, 0x3a, 0x20, 0x6e, 0x6f, 0x20, 0x63, 0x66, 0x67, 0x20, 0x6c, 0x65, 0x66, 0x74, 0x00 };
/* 0xf4783 */ const unsigned char rodata_f4783[33] = { 0x46, 0x61, 0x69, 0x6c, 0x65, 0x64, 0x20, 0x74, 0x6f, 0x20, 0x64, 0x65, 0x63, 0x6f, 0x64, 0x65, 0x20, 0x76, 0x61, 0x6c, 0x75, 0x65, 0x20, 0x28, 0x65, 0x72, 0x72, 0x20, 0x25, 0x7a, 0x64, 0x29, 0x00 };
/* 0xf47a4 */ const unsigned char rodata_f47a4[29] = { 0x66, 0x61, 0x69, 0x6c, 0x65, 0x64, 0x20, 0x74, 0x6f, 0x20, 0x64, 0x65, 0x6c, 0x65, 0x74, 0x65, 0x20, 0x53, 0x43, 0x20, 0x28, 0x65, 0x72, 0x72, 0x20, 0x25, 0x64, 0x29, 0x00 };
/* 0xf47d7 */ const unsigned char rodata_f47d7[28] = { 0x66, 0x61, 0x69, 0x6c, 0x65, 0x64, 0x20, 0x74, 0x6f, 0x20, 0x73, 0x74, 0x6f, 0x72, 0x65, 0x20, 0x53, 0x43, 0x20, 0x28, 0x65, 0x72, 0x72, 0x20, 0x25, 0x64, 0x29, 0x00 };
/* 0xf47f3 */ const unsigned char rodata_f47f3[31] = { 0x75, 0x6e, 0x61, 0x62, 0x6c, 0x65, 0x20, 0x74, 0x6f, 0x20, 0x73, 0x61, 0x76, 0x65, 0x20, 0x53, 0x43, 0x3a, 0x20, 0x6e, 0x6f, 0x20, 0x63, 0x66, 0x67, 0x20, 0x6c, 0x65, 0x66, 0x74, 0x00 };
/* 0xf4812 */ const unsigned char rodata_f4812[55] = { 0x77, 0x72, 0x69, 0x74, 0x65, 0x20, 0x63, 0x61, 0x6c, 0x6c, 0x62, 0x61, 0x63, 0x6b, 0x20, 0x69, 0x73, 0x20, 0x64, 0x65, 0x70, 0x72, 0x65, 0x63, 0x61, 0x74, 0x65, 0x64, 0x2c, 0x20, 0x75, 0x73, 0x65, 0x20, 0x73, 0x75, 0x62, 0x73, 0x63, 0x72, 0x69, 0x62, 0x65, 0x20, 0x63, 0x62, 0x20, 0x69, 0x6e, 0x73, 0x74, 0x65, 0x61, 0x64, 0x00 };
/* 0xf4849 */ const unsigned char rodata_f4849[38] = { 0x46, 0x61, 0x69, 0x6c, 0x65, 0x64, 0x20, 0x74, 0x6f, 0x20, 0x73, 0x61, 0x76, 0x65, 0x20, 0x44, 0x61, 0x74, 0x61, 0x62, 0x61, 0x73, 0x65, 0x20, 0x48, 0x61, 0x73, 0x68, 0x20, 0x28, 0x65, 0x72, 0x72, 0x20, 0x25, 0x64, 0x29, 0x00 };
/* 0xf4889 */ const unsigned char rodata_f4889[44] = { 0x4e, 0x6f, 0x20, 0x73, 0x70, 0x61, 0x63, 0x65, 0x20, 0x74, 0x6f, 0x20, 0x73, 0x74, 0x6f, 0x72, 0x65, 0x20, 0x43, 0x6c, 0x69, 0x65, 0x6e, 0x74, 0x20, 0x53, 0x75, 0x70, 0x70, 0x6f, 0x72, 0x74, 0x65, 0x64, 0x20, 0x46, 0x65, 0x61, 0x74, 0x75, 0x72, 0x65, 0x73, 0x00 };
/* 0xf48b5 */ const unsigned char rodata_f48b5[34] = { 0x55, 0x6e, 0x61, 0x62, 0x6c, 0x65, 0x20, 0x74, 0x6f, 0x20, 0x72, 0x65, 0x73, 0x74, 0x6f, 0x72, 0x65, 0x20, 0x43, 0x46, 0x3a, 0x20, 0x6e, 0x6f, 0x20, 0x63, 0x66, 0x67, 0x20, 0x6c, 0x65, 0x66, 0x74, 0x00 };
/* 0xf48d7 */ const unsigned char rodata_f48d7[84] = { 0x43, 0x68, 0x61, 0x6e, 0x67, 0x65, 0x2d, 0x61, 0x77, 0x61, 0x72, 0x65, 0x20, 0x73, 0x74, 0x61, 0x74, 0x75, 0x73, 0x20, 0x6e, 0x6f, 0x74, 0x20, 0x66, 0x6f, 0x75, 0x6e, 0x64, 0x20, 0x69, 0x6e, 0x20, 0x73, 0x65, 0x74, 0x74, 0x69, 0x6e, 0x67, 0x73, 0x2c, 0x20, 0x64, 0x65, 0x66, 0x61, 0x75, 0x6c, 0x74, 0x69, 0x6e, 0x67, 0x20, 0x70, 0x65, 0x65, 0x72, 0x20, 0x73, 0x74, 0x61, 0x74, 0x75, 0x73, 0x20, 0x74, 0x6f, 0x20, 0x63, 0x68, 0x61, 0x6e, 0x67, 0x65, 0x2d, 0x75, 0x6e, 0x61, 0x77, 0x61, 0x72, 0x65, 0x00 };
/* 0xf492b */ const unsigned char rodata_f492b[81] = { 0x52, 0x65, 0x61, 0x64, 0x20, 0x62, 0x61, 0x63, 0x6b, 0x20, 0x62, 0x61, 0x64, 0x20, 0x63, 0x68, 0x61, 0x6e, 0x67, 0x65, 0x2d, 0x61, 0x77, 0x61, 0x72, 0x65, 0x20, 0x76, 0x61, 0x6c, 0x75, 0x65, 0x3a, 0x20, 0x30, 0x78, 0x25, 0x78, 0x2c, 0x20, 0x64, 0x65, 0x66, 0x61, 0x75, 0x6c, 0x74, 0x69, 0x6e, 0x67, 0x20, 0x70, 0x65, 0x65, 0x72, 0x20, 0x73, 0x74, 0x61, 0x74, 0x75, 0x73, 0x20, 0x74, 0x6f, 0x20, 0x63, 0x68, 0x61, 0x6e, 0x67, 0x65, 0x2d, 0x75, 0x6e, 0x61, 0x77, 0x61, 0x72, 0x65, 0x00 };
/* 0xf497c */ const unsigned char rodata_f497c[41] = { 0x46, 0x61, 0x69, 0x6c, 0x65, 0x64, 0x20, 0x74, 0x6f, 0x20, 0x73, 0x74, 0x6f, 0x72, 0x65, 0x20, 0x43, 0x6c, 0x69, 0x65, 0x6e, 0x74, 0x20, 0x46, 0x65, 0x61, 0x74, 0x75, 0x72, 0x65, 0x73, 0x20, 0x28, 0x65, 0x72, 0x72, 0x20, 0x25, 0x64, 0x29, 0x00 };
/* 0xf49ac */ const unsigned char rodata_f49ac[40] = { 0x73, 0x76, 0x63, 0x20, 0x3c, 0x3d, 0x20, 0x5f, 0x62, 0x74, 0x5f, 0x67, 0x61, 0x74, 0x74, 0x5f, 0x73, 0x65, 0x72, 0x76, 0x69, 0x63, 0x65, 0x5f, 0x73, 0x74, 0x61, 0x74, 0x69, 0x63, 0x5f, 0x6c, 0x69, 0x73, 0x74, 0x5f, 0x65, 0x6e, 0x64, 0x00 };
/* 0xf49d4 */ const unsigned char rodata_f49d4[25] = { 0x55, 0x6e, 0x61, 0x62, 0x6c, 0x65, 0x20, 0x74, 0x6f, 0x20, 0x73, 0x65, 0x74, 0x75, 0x70, 0x20, 0x41, 0x45, 0x53, 0x20, 0x43, 0x4d, 0x41, 0x43, 0x00 };
/* 0xf4a01 */ const unsigned char rodata_f4a01[5] = { 0x68, 0x61, 0x73, 0x68, 0x00 };
/* 0xf4a0a */ const unsigned char rodata_f4a0a[22] = { 0x09, 0x69, 0x6e, 0x76, 0x61, 0x6c, 0x69, 0x64, 0x20, 0x70, 0x61, 0x72, 0x61, 0x6d, 0x65, 0x74, 0x65, 0x72, 0x73, 0x0a, 0x0a, 0x00 };
/* 0xf4a9e */ const unsigned char rodata_f4a9e[7] = { 0x62, 0x74, 0x2f, 0x63, 0x63, 0x63, 0x00 };
/* 0xf4aa1 */ const unsigned char rodata_f4aa1[4] = { 0x63, 0x63, 0x63, 0x00 };
/* 0xf4aa5 */ const unsigned char rodata_f4aa5[21] = { 0x09, 0x69, 0x6e, 0x76, 0x61, 0x6c, 0x69, 0x64, 0x20, 0x70, 0x61, 0x72, 0x61, 0x6d, 0x65, 0x74, 0x65, 0x72, 0x0a, 0x0a, 0x00 };
/* 0xf4aba */ const unsigned char rodata_f4aba[5] = { 0x61, 0x74, 0x74, 0x72, 0x00 };
/* 0xf4abf */ const unsigned char rodata_f4abf[22] = { 0x09, 0x4e, 0x6f, 0x20, 0x6d, 0x6f, 0x72, 0x65, 0x20, 0x61, 0x74, 0x74, 0x72, 0x69, 0x62, 0x75, 0x74, 0x65, 0x73, 0x0a, 0x0a, 0x00 };
/* 0xf4b3d */ const unsigned char rodata_f4b3d[7] = { 0x70, 0x61, 0x72, 0x61, 0x6d, 0x73, 0x00 };
/* 0xf4ca5 */ const unsigned char rodata_f4ca5[3] = { 0x25, 0x75, 0x00 };
/* 0xf4ca8 */ const unsigned char rodata_f4ca8[20] = { 0x49, 0x6e, 0x76, 0x61, 0x6c, 0x69, 0x64, 0x20, 0x64, 0x61, 0x74, 0x61, 0x20, 0x6c, 0x65, 0x6e, 0x20, 0x25, 0x75, 0x00 };
/* 0xf4cdd */ const unsigned char rodata_f4cdd[34] = { 0x49, 0x6e, 0x63, 0x6f, 0x72, 0x72, 0x65, 0x63, 0x74, 0x20, 0x6c, 0x65, 0x6e, 0x67, 0x74, 0x68, 0x2c, 0x20, 0x63, 0x61, 0x6e, 0x63, 0x65, 0x6c, 0x69, 0x6e, 0x67, 0x20, 0x77, 0x72, 0x69, 0x74, 0x65, 0x00 };
/* 0xf4cff */ const unsigned char rodata_f4cff[54] = { 0x49, 0x6e, 0x63, 0x6f, 0x72, 0x72, 0x65, 0x63, 0x74, 0x20, 0x6f, 0x66, 0x66, 0x73, 0x65, 0x74, 0x20, 0x6f, 0x72, 0x20, 0x64, 0x61, 0x74, 0x61, 0x20, 0x69, 0x6e, 0x20, 0x72, 0x65, 0x73, 0x70, 0x6f, 0x6e, 0x73, 0x65, 0x2c, 0x20, 0x63, 0x61, 0x6e, 0x63, 0x65, 0x6c, 0x69, 0x6e, 0x67, 0x20, 0x77, 0x72, 0x69, 0x74, 0x65, 0x00 };
/* 0xf4d35 */ const unsigned char rodata_f4d35[25] = { 0x70, 0x61, 0x72, 0x61, 0x6d, 0x73, 0x20, 0x26, 0x26, 0x20, 0x70, 0x61, 0x72, 0x61, 0x6d, 0x73, 0x2d, 0x3e, 0x6e, 0x6f, 0x74, 0x69, 0x66, 0x79, 0x00 };
/* 0xf4d4e */ const unsigned char rodata_f4d4e[14] = { 0x70, 0x61, 0x72, 0x61, 0x6d, 0x73, 0x2d, 0x3e, 0x76, 0x61, 0x6c, 0x75, 0x65, 0x00 };
/* 0xf4d5c */ const unsigned char rodata_f4d5c[19] = { 0x70, 0x61, 0x72, 0x61, 0x6d, 0x73, 0x2d, 0x3e, 0x63, 0x63, 0x63, 0x5f, 0x68, 0x61, 0x6e, 0x64, 0x6c, 0x65, 0x00 };
/* 0xf4d6f */ const unsigned char rodata_f4d6f[25] = { 0x49, 0x6e, 0x76, 0x61, 0x6c, 0x69, 0x64, 0x20, 0x64, 0x61, 0x74, 0x61, 0x20, 0x6c, 0x65, 0x6e, 0x20, 0x25, 0x75, 0x20, 0x3e, 0x20, 0x25, 0x75, 0x00 };
/* 0xf4de3 */ const unsigned char rodata_f4de3[3] = { 0x73, 0x63, 0x00 };
/* 0xf4e22 */ const unsigned char rodata_f4e22[37] = { 0x4e, 0x6f, 0x20, 0x61, 0x76, 0x61, 0x69, 0x6c, 0x61, 0x62, 0x6c, 0x65, 0x20, 0x53, 0x4d, 0x50, 0x20, 0x63, 0x6f, 0x6e, 0x74, 0x65, 0x78, 0x74, 0x20, 0x66, 0x6f, 0x72, 0x20, 0x63, 0x6f, 0x6e, 0x6e, 0x20, 0x25, 0x70, 0x00 };
/* 0xf4e60 */ const unsigned char rodata_f4e60[26] = { 0x55, 0x6e, 0x61, 0x62, 0x6c, 0x65, 0x20, 0x74, 0x6f, 0x20, 0x67, 0x65, 0x74, 0x20, 0x6b, 0x65, 0x79, 0x73, 0x20, 0x66, 0x6f, 0x72, 0x20, 0x25, 0x73, 0x00 };
/* 0xf4e7a */ const unsigned char rodata_f4e7a[28] = { 0x55, 0x6e, 0x6b, 0x6e, 0x6f, 0x77, 0x6e, 0x20, 0x70, 0x61, 0x69, 0x72, 0x69, 0x6e, 0x67, 0x20, 0x6d, 0x65, 0x74, 0x68, 0x6f, 0x64, 0x20, 0x28, 0x25, 0x75, 0x29, 0x00 };
/* 0xf4e96 */ const unsigned char rodata_f4e96[27] = { 0x52, 0x65, 0x6d, 0x6f, 0x74, 0x65, 0x20, 0x70, 0x75, 0x62, 0x6c, 0x69, 0x63, 0x20, 0x6b, 0x65, 0x79, 0x20, 0x72, 0x65, 0x6a, 0x65, 0x63, 0x74, 0x65, 0x64, 0x00 };
/* 0xf4f5c */ const unsigned char rodata_f4f5c[45] = { 0x4a, 0x75, 0x73, 0x74, 0x57, 0x6f, 0x72, 0x6b, 0x73, 0x20, 0x66, 0x61, 0x69, 0x6c, 0x65, 0x64, 0x2c, 0x20, 0x61, 0x75, 0x74, 0x68, 0x65, 0x6e, 0x74, 0x69, 0x63, 0x61, 0x74, 0x65, 0x64, 0x20, 0x6b, 0x65, 0x79, 0x73, 0x20, 0x70, 0x72, 0x65, 0x73, 0x65, 0x6e, 0x74, 0x00 };
/* 0xf4f98 */ const unsigned char rodata_f4f98[88] = { 0x53, 0x4d, 0x50, 0x20, 0x64, 0x6f, 0x65, 0x73, 0x20, 0x6e, 0x6f, 0x74, 0x20, 0x61, 0x6c, 0x6c, 0x6f, 0x77, 0x20, 0x61, 0x20, 0x70, 0x61, 0x69, 0x72, 0x69, 0x6e, 0x67, 0x20, 0x66, 0x61, 0x69, 0x6c, 0x75, 0x72, 0x65, 0x20, 0x61, 0x74, 0x20, 0x74, 0x68, 0x69, 0x73, 0x20, 0x70, 0x6f, 0x69, 0x6e, 0x74, 0x2e, 0x20, 0x4b, 0x6e, 0x6f, 0x77, 0x6e, 0x20, 0x69, 0x73, 0x73, 0x75, 0x65, 0x2e, 0x20, 0x44, 0x69, 0x73, 0x63, 0x6f, 0x6e, 0x6e, 0x65, 0x63, 0x74, 0x69, 0x6e, 0x67, 0x20, 0x69, 0x6e, 0x73, 0x74, 0x65, 0x61, 0x64, 0x2e, 0x00 };
/* 0xf5071 */ const unsigned char rodata_f5071[7] = { 0x30, 0x78, 0x25, 0x30, 0x32, 0x78, 0x00 };
/* 0xf50a7 */ const unsigned char rodata_f50a7[47] = { 0x57, 0x45, 0x53, 0x54, 0x5f, 0x54, 0x4f, 0x50, 0x44, 0x49, 0x52, 0x2f, 0x7a, 0x65, 0x70, 0x68, 0x79, 0x72, 0x2f, 0x73, 0x75, 0x62, 0x73, 0x79, 0x73, 0x2f, 0x62, 0x6c, 0x75, 0x65, 0x74, 0x6f, 0x6f, 0x74, 0x68, 0x2f, 0x68, 0x6f, 0x73, 0x74, 0x2f, 0x73, 0x6d, 0x70, 0x2e, 0x63, 0x00 };
/* 0xf50d6 */ const unsigned char rodata_f50d6[27] = { 0x21, 0x28, 0x73, 0x6d, 0x70, 0x2d, 0x3e, 0x72, 0x65, 0x6d, 0x6f, 0x74, 0x65, 0x5f, 0x64, 0x69, 0x73, 0x74, 0x20, 0x26, 0x20, 0x30, 0x78, 0x30, 0x32, 0x29, 0x00 };
/* 0xf512c */ const unsigned char rodata_f512c[31] = { 0x21, 0x62, 0x74, 0x5f, 0x69, 0x64, 0x5f, 0x66, 0x69, 0x6e, 0x64, 0x5f, 0x63, 0x6f, 0x6e, 0x66, 0x6c, 0x69, 0x63, 0x74, 0x28, 0x6e, 0x65, 0x77, 0x5f, 0x62, 0x6f, 0x6e, 0x64, 0x29, 0x00 };
/* 0xf51ec */ const unsigned char rodata_f51ec[12] = { 0x53, 0x4d, 0x50, 0x20, 0x54, 0x69, 0x6d, 0x65, 0x6f, 0x75, 0x74, 0x00 };
/* 0xf5373 */ const unsigned char rodata_f5373[5] = { 0x6b, 0x65, 0x79, 0x73, 0x00 };
/* 0xf53ff */ const unsigned char rodata_f53ff[3] = { 0x09, 0x0a, 0x00 };
/* 0xf5400 */ const unsigned char rodata_f5400[2] = { 0x0a, 0x00 };
/* 0xf543a */ const unsigned char rodata_f543a[43] = { 0x57, 0x45, 0x53, 0x54, 0x5f, 0x54, 0x4f, 0x50, 0x44, 0x49, 0x52, 0x2f, 0x7a, 0x65, 0x70, 0x68, 0x79, 0x72, 0x2f, 0x73, 0x75, 0x62, 0x73, 0x79, 0x73, 0x2f, 0x6e, 0x65, 0x74, 0x2f, 0x62, 0x75, 0x66, 0x5f, 0x73, 0x69, 0x6d, 0x70, 0x6c, 0x65, 0x2e, 0x63, 0x00 };
/* 0xf5474 */ const unsigned char rodata_f5474[16] = { 0x62, 0x75, 0x66, 0x2d, 0x3e, 0x6c, 0x65, 0x6e, 0x20, 0x3e, 0x3d, 0x20, 0x6c, 0x65, 0x6e, 0x00 };
/* 0xf5503 */ const unsigned char rodata_f5503[31] = { 0x53, 0x65, 0x6c, 0x65, 0x63, 0x74, 0x65, 0x64, 0x20, 0x41, 0x44, 0x43, 0x20, 0x67, 0x61, 0x69, 0x6e, 0x20, 0x69, 0x73, 0x20, 0x6e, 0x6f, 0x74, 0x20, 0x76, 0x61, 0x6c, 0x69, 0x64, 0x00 };
/* 0xf5522 */ const unsigned char rodata_f5522[36] = { 0x53, 0x65, 0x6c, 0x65, 0x63, 0x74, 0x65, 0x64, 0x20, 0x41, 0x44, 0x43, 0x20, 0x72, 0x65, 0x66, 0x65, 0x72, 0x65, 0x6e, 0x63, 0x65, 0x20, 0x69, 0x73, 0x20, 0x6e, 0x6f, 0x74, 0x20, 0x76, 0x61, 0x6c, 0x69, 0x64, 0x00 };
/* 0xf5546 */ const unsigned char rodata_f5546[43] = { 0x53, 0x65, 0x6c, 0x65, 0x63, 0x74, 0x65, 0x64, 0x20, 0x41, 0x44, 0x43, 0x20, 0x61, 0x63, 0x71, 0x75, 0x69, 0x73, 0x69, 0x74, 0x69, 0x6f, 0x6e, 0x20, 0x74, 0x69, 0x6d, 0x65, 0x20, 0x69, 0x73, 0x20, 0x6e, 0x6f, 0x74, 0x20, 0x76, 0x61, 0x6c, 0x69, 0x64, 0x00 };
/* 0xf5571 */ const unsigned char rodata_f5571[30] = { 0x49, 0x6e, 0x76, 0x61, 0x6c, 0x69, 0x64, 0x20, 0x73, 0x65, 0x6c, 0x65, 0x63, 0x74, 0x69, 0x6f, 0x6e, 0x20, 0x6f, 0x66, 0x20, 0x63, 0x68, 0x61, 0x6e, 0x6e, 0x65, 0x6c, 0x73, 0x00 };
/* 0xf558f */ const unsigned char rodata_f558f[26] = { 0x43, 0x68, 0x61, 0x6e, 0x6e, 0x65, 0x6c, 0x20, 0x25, 0x75, 0x20, 0x6e, 0x6f, 0x74, 0x20, 0x63, 0x6f, 0x6e, 0x66, 0x69, 0x67, 0x75, 0x72, 0x65, 0x64, 0x00 };
/* 0xf55a9 */ const unsigned char rodata_f55a9[37] = { 0x41, 0x44, 0x43, 0x20, 0x72, 0x65, 0x73, 0x6f, 0x6c, 0x75, 0x74, 0x69, 0x6f, 0x6e, 0x20, 0x76, 0x61, 0x6c, 0x75, 0x65, 0x20, 0x25, 0x64, 0x20, 0x69, 0x73, 0x20, 0x6e, 0x6f, 0x74, 0x20, 0x76, 0x61, 0x6c, 0x69, 0x64, 0x00 };
/* 0xf55ce */ const unsigned char rodata_f55ce[50] = { 0x4f, 0x76, 0x65, 0x72, 0x73, 0x61, 0x6d, 0x70, 0x6c, 0x69, 0x6e, 0x67, 0x20, 0x69, 0x73, 0x20, 0x73, 0x75, 0x70, 0x70, 0x6f, 0x72, 0x74, 0x65, 0x64, 0x20, 0x66, 0x6f, 0x72, 0x20, 0x73, 0x69, 0x6e, 0x67, 0x6c, 0x65, 0x20, 0x63, 0x68, 0x61, 0x6e, 0x6e, 0x65, 0x6c, 0x20, 0x6f, 0x6e, 0x6c, 0x79, 0x00 };
/* 0xf5600 */ const unsigned char rodata_f5600[35] = { 0x4f, 0x76, 0x65, 0x72, 0x73, 0x61, 0x6d, 0x70, 0x6c, 0x69, 0x6e, 0x67, 0x20, 0x76, 0x61, 0x6c, 0x75, 0x65, 0x20, 0x25, 0x64, 0x20, 0x69, 0x73, 0x20, 0x6e, 0x6f, 0x74, 0x20, 0x76, 0x61, 0x6c, 0x69, 0x64, 0x00 };
/* 0xf5623 */ const unsigned char rodata_f5623[37] = { 0x50, 0x72, 0x6f, 0x76, 0x69, 0x64, 0x65, 0x64, 0x20, 0x62, 0x75, 0x66, 0x66, 0x65, 0x72, 0x20, 0x69, 0x73, 0x20, 0x74, 0x6f, 0x6f, 0x20, 0x73, 0x6d, 0x61, 0x6c, 0x6c, 0x20, 0x28, 0x25, 0x75, 0x2f, 0x25, 0x75, 0x29, 0x00 };
/* 0xf5660 */ const unsigned char rodata_f5660[25] = { 0x44, 0x65, 0x76, 0x69, 0x63, 0x65, 0x20, 0x69, 0x73, 0x20, 0x6e, 0x6f, 0x74, 0x20, 0x63, 0x6f, 0x6e, 0x66, 0x69, 0x67, 0x75, 0x72, 0x65, 0x64, 0x00 };
/* 0xf5679 */ const unsigned char rodata_f5679[25] = { 0x4e, 0x6f, 0x20, 0x61, 0x75, 0x64, 0x69, 0x6f, 0x20, 0x64, 0x61, 0x74, 0x61, 0x20, 0x74, 0x6f, 0x20, 0x62, 0x65, 0x20, 0x72, 0x65, 0x61, 0x64, 0x00 };
/* 0xf5692 */ const unsigned char rodata_f5692[28] = { 0x46, 0x61, 0x69, 0x6c, 0x65, 0x64, 0x20, 0x74, 0x6f, 0x20, 0x73, 0x74, 0x61, 0x72, 0x74, 0x20, 0x50, 0x44, 0x4d, 0x3a, 0x20, 0x30, 0x78, 0x25, 0x30, 0x38, 0x78, 0x00 };
/* 0xf56ae */ const unsigned char rodata_f56ae[28] = { 0x46, 0x61, 0x69, 0x6c, 0x65, 0x64, 0x20, 0x74, 0x6f, 0x20, 0x72, 0x65, 0x71, 0x75, 0x65, 0x73, 0x74, 0x20, 0x63, 0x6c, 0x6f, 0x63, 0x6b, 0x3a, 0x20, 0x25, 0x64, 0x00 };
/* 0xf56ca */ const unsigned char rodata_f56ca[20] = { 0x49, 0x6e, 0x76, 0x61, 0x6c, 0x69, 0x64, 0x20, 0x63, 0x6f, 0x6d, 0x6d, 0x61, 0x6e, 0x64, 0x3a, 0x20, 0x25, 0x64, 0x00 };
/* 0xf5822 */ const unsigned char rodata_f5822[30] = { 0x46, 0x61, 0x69, 0x6c, 0x65, 0x64, 0x20, 0x74, 0x6f, 0x20, 0x61, 0x6c, 0x6c, 0x6f, 0x63, 0x61, 0x74, 0x65, 0x20, 0x62, 0x75, 0x66, 0x66, 0x65, 0x72, 0x3a, 0x20, 0x25, 0x64, 0x00 };
/* 0xf5840 */ const unsigned char rodata_f5840[29] = { 0x46, 0x61, 0x69, 0x6c, 0x65, 0x64, 0x20, 0x74, 0x6f, 0x20, 0x73, 0x65, 0x74, 0x20, 0x62, 0x75, 0x66, 0x66, 0x65, 0x72, 0x3a, 0x20, 0x30, 0x78, 0x25, 0x30, 0x38, 0x78, 0x00 };
/* 0xf585d */ const unsigned char rodata_f585d[20] = { 0x4e, 0x6f, 0x20, 0x72, 0x6f, 0x6f, 0x6d, 0x20, 0x69, 0x6e, 0x20, 0x52, 0x58, 0x20, 0x71, 0x75, 0x65, 0x75, 0x65, 0x00 };
/* 0xf5871 */ const unsigned char rodata_f5871[2] = { 0x40, 0x00 };
/* 0xf5ad9 */ const unsigned char rodata_f5ad9[61] = { 0x57, 0x45, 0x53, 0x54, 0x5f, 0x54, 0x4f, 0x50, 0x44, 0x49, 0x52, 0x2f, 0x7a, 0x65, 0x70, 0x68, 0x79, 0x72, 0x2f, 0x64, 0x72, 0x69, 0x76, 0x65, 0x72, 0x73, 0x2f, 0x63, 0x6c, 0x6f, 0x63, 0x6b, 0x5f, 0x63, 0x6f, 0x6e, 0x74, 0x72, 0x6f, 0x6c, 0x2f, 0x63, 0x6c, 0x6f, 0x63, 0x6b, 0x5f, 0x63, 0x6f, 0x6e, 0x74, 0x72, 0x6f, 0x6c, 0x5f, 0x6e, 0x72, 0x66, 0x2e, 0x63, 0x00 };
/* 0xf5b16 */ const unsigned char rodata_f5b16[36] = { 0x74, 0x79, 0x70, 0x65, 0x20, 0x3c, 0x20, 0x43, 0x4c, 0x4f, 0x43, 0x4b, 0x5f, 0x43, 0x4f, 0x4e, 0x54, 0x52, 0x4f, 0x4c, 0x5f, 0x4e, 0x52, 0x46, 0x5f, 0x54, 0x59, 0x50, 0x45, 0x5f, 0x43, 0x4f, 0x55, 0x4e, 0x54, 0x00 };
/* 0xf5bd6 */ const unsigned char rodata_f5bd6[74] = { 0x65, 0x72, 0x61, 0x73, 0x65, 0x20, 0x65, 0x72, 0x72, 0x6f, 0x72, 0x3a, 0x20, 0x61, 0x64, 0x64, 0x72, 0x65, 0x73, 0x73, 0x20, 0x6f, 0x72, 0x20, 0x73, 0x69, 0x7a, 0x65, 0x20, 0x65, 0x78, 0x63, 0x65, 0x65, 0x64, 0x73, 0x20, 0x65, 0x78, 0x70, 0x65, 0x63, 0x74, 0x65, 0x64, 0x20, 0x76, 0x61, 0x6c, 0x75, 0x65, 0x73, 0x2e, 0x41, 0x64, 0x64, 0x72, 0x3a, 0x20, 0x30, 0x78, 0x25, 0x6c, 0x78, 0x20, 0x73, 0x69, 0x7a, 0x65, 0x20, 0x25, 0x7a, 0x75, 0x00 };
/* 0xf5c20 */ const unsigned char rodata_f5c20[35] = { 0x63, 0x69, 0x6e, 0x73, 0x74, 0x72, 0x20, 0x25, 0x30, 0x32, 0x78, 0x20, 0x74, 0x72, 0x61, 0x6e, 0x73, 0x66, 0x65, 0x72, 0x20, 0x74, 0x6f, 0x6f, 0x20, 0x6c, 0x6f, 0x6e, 0x67, 0x3a, 0x20, 0x25, 0x7a, 0x75, 0x00 };
/* 0xf5c49 */ const unsigned char rodata_f5c49[16] = { 0x52, 0x44, 0x53, 0x52, 0x20, 0x66, 0x61, 0x69, 0x6c, 0x65, 0x64, 0x3a, 0x20, 0x25, 0x64, 0x00 };
/* 0xf5c59 */ const unsigned char rodata_f5c59[17] = { 0x51, 0x45, 0x20, 0x25, 0x73, 0x20, 0x66, 0x61, 0x69, 0x6c, 0x65, 0x64, 0x3a, 0x20, 0x25, 0x64, 0x00 };
/* 0xf5c6a */ const unsigned char rodata_f5c6a[50] = { 0x4a, 0x45, 0x44, 0x45, 0x43, 0x20, 0x69, 0x64, 0x20, 0x5b, 0x25, 0x30, 0x32, 0x78, 0x20, 0x25, 0x30, 0x32, 0x78, 0x20, 0x25, 0x30, 0x32, 0x78, 0x5d, 0x20, 0x65, 0x78, 0x70, 0x65, 0x63, 0x74, 0x20, 0x5b, 0x25, 0x30, 0x32, 0x78, 0x20, 0x25, 0x30, 0x32, 0x78, 0x20, 0x25, 0x30, 0x32, 0x78, 0x5d, 0x00 };
/* 0xf5d81 */ const unsigned char rodata_f5d81[29] = { 0x69, 0x6e, 0x76, 0x61, 0x6c, 0x69, 0x64, 0x20, 0x61, 0x64, 0x64, 0x72, 0x65, 0x73, 0x73, 0x3a, 0x20, 0x30, 0x78, 0x25, 0x30, 0x38, 0x6c, 0x78, 0x3a, 0x25, 0x7a, 0x75, 0x00 };
/* 0xf5dfc */ const unsigned char rodata_f5dfc[60] = { 0x57, 0x45, 0x53, 0x54, 0x5f, 0x54, 0x4f, 0x50, 0x44, 0x49, 0x52, 0x2f, 0x7a, 0x65, 0x70, 0x68, 0x79, 0x72, 0x2f, 0x69, 0x6e, 0x63, 0x6c, 0x75, 0x64, 0x65, 0x2f, 0x7a, 0x65, 0x70, 0x68, 0x79, 0x72, 0x2f, 0x64, 0x72, 0x69, 0x76, 0x65, 0x72, 0x73, 0x2f, 0x67, 0x70, 0x69, 0x6f, 0x2f, 0x67, 0x70, 0x69, 0x6f, 0x5f, 0x75, 0x74, 0x69, 0x6c, 0x73, 0x2e, 0x68, 0x00 };
/* 0xf5e38 */ const unsigned char rodata_f5e38[9] = { 0x63, 0x61, 0x6c, 0x6c, 0x62, 0x61, 0x63, 0x6b, 0x00 };
/* 0xf5e41 */ const unsigned char rodata_f5e41[15] = { 0x09, 0x4e, 0x6f, 0x20, 0x63, 0x61, 0x6c, 0x6c, 0x62, 0x61, 0x63, 0x6b, 0x21, 0x0a, 0x00 };
/* 0xf5e50 */ const unsigned char rodata_f5e50[18] = { 0x63, 0x61, 0x6c, 0x6c, 0x62, 0x61, 0x63, 0x6b, 0x2d, 0x3e, 0x68, 0x61, 0x6e, 0x64, 0x6c, 0x65, 0x72, 0x00 };
/* 0xf5e62 */ const unsigned char rodata_f5e62[23] = { 0x09, 0x4e, 0x6f, 0x20, 0x63, 0x61, 0x6c, 0x6c, 0x62, 0x61, 0x63, 0x6b, 0x20, 0x68, 0x61, 0x6e, 0x64, 0x6c, 0x65, 0x72, 0x21, 0x0a, 0x00 };
/* 0xf5e79 */ const unsigned char rodata_f5e79[44] = { 0x57, 0x45, 0x53, 0x54, 0x5f, 0x54, 0x4f, 0x50, 0x44, 0x49, 0x52, 0x2f, 0x7a, 0x65, 0x70, 0x68, 0x79, 0x72, 0x2f, 0x64, 0x72, 0x69, 0x76, 0x65, 0x72, 0x73, 0x2f, 0x67, 0x70, 0x69, 0x6f, 0x2f, 0x67, 0x70, 0x69, 0x6f, 0x5f, 0x6e, 0x72, 0x66, 0x78, 0x2e, 0x63, 0x00 };
/* 0xf5eeb */ const unsigned char rodata_f5eeb[6] = { 0x65, 0x3a, 0x20, 0x25, 0x73, 0x00 };
/* 0xf60c5 */ const unsigned char rodata_f60c5[27] = { 0x53, 0x65, 0x6e, 0x64, 0x69, 0x6e, 0x67, 0x20, 0x64, 0x61, 0x74, 0x61, 0x20, 0x6e, 0x6f, 0x74, 0x20, 0x73, 0x75, 0x70, 0x70, 0x6f, 0x72, 0x74, 0x65, 0x64, 0x00 };
/* 0xf6292 */ const unsigned char rodata_f6292[26] = { 0x46, 0x61, 0x69, 0x6c, 0x65, 0x64, 0x20, 0x74, 0x6f, 0x20, 0x73, 0x65, 0x74, 0x20, 0x75, 0x73, 0x65, 0x72, 0x20, 0x62, 0x61, 0x6e, 0x6b, 0x0d, 0x0a, 0x00 };
/* 0xf62ac */ const unsigned char rodata_f62ac[25] = { 0x46, 0x61, 0x69, 0x6c, 0x65, 0x64, 0x20, 0x72, 0x65, 0x61, 0x64, 0x69, 0x6e, 0x67, 0x20, 0x63, 0x68, 0x69, 0x70, 0x20, 0x69, 0x64, 0x0d, 0x0a, 0x00 };
/* 0xf62c5 */ const unsigned char rodata_f62c5[33] = { 0x6c, 0x73, 0x6d, 0x36, 0x64, 0x73, 0x6f, 0x5f, 0x69, 0x6e, 0x69, 0x74, 0x5f, 0x63, 0x68, 0x69, 0x70, 0x20, 0x63, 0x68, 0x69, 0x70, 0x20, 0x69, 0x64, 0x20, 0x30, 0x78, 0x25, 0x78, 0x0d, 0x0a, 0x00 };
/* 0xf62e6 */ const unsigned char rodata_f62e6[23] = { 0x49, 0x6e, 0x76, 0x61, 0x6c, 0x69, 0x64, 0x20, 0x63, 0x68, 0x69, 0x70, 0x20, 0x69, 0x64, 0x20, 0x30, 0x78, 0x25, 0x78, 0x0d, 0x0a, 0x00 };
/* 0xf62fd */ const unsigned char rodata_f62fd[24] = { 0x46, 0x61, 0x69, 0x6c, 0x65, 0x64, 0x20, 0x74, 0x6f, 0x20, 0x64, 0x69, 0x73, 0x61, 0x62, 0x6c, 0x65, 0x20, 0x49, 0x33, 0x43, 0x0d, 0x0a, 0x00 };
/* 0xf6315 */ const unsigned char rodata_f6315[34] = { 0x46, 0x61, 0x69, 0x6c, 0x65, 0x64, 0x20, 0x74, 0x6f, 0x20, 0x67, 0x65, 0x74, 0x20, 0x49, 0x32, 0x43, 0x5f, 0x4d, 0x41, 0x53, 0x54, 0x45, 0x52, 0x20, 0x73, 0x74, 0x61, 0x74, 0x75, 0x73, 0x0d, 0x0a, 0x00 };
/* 0xf6337 */ const unsigned char rodata_f6337[28] = { 0x44, 0x69, 0x73, 0x61, 0x62, 0x6c, 0x65, 0x20, 0x73, 0x68, 0x75, 0x62, 0x20, 0x62, 0x65, 0x66, 0x6f, 0x72, 0x65, 0x20, 0x72, 0x65, 0x73, 0x65, 0x74, 0x0d, 0x0a, 0x00 };
/* 0xf6353 */ const unsigned char rodata_f6353[17] = { 0x61, 0x63, 0x63, 0x65, 0x6c, 0x20, 0x70, 0x6d, 0x20, 0x69, 0x73, 0x20, 0x25, 0x64, 0x0d, 0x0a, 0x00 };
/* 0xf6364 */ const unsigned char rodata_f6364[20] = { 0x61, 0x63, 0x63, 0x65, 0x6c, 0x20, 0x72, 0x61, 0x6e, 0x67, 0x65, 0x20, 0x69, 0x73, 0x20, 0x25, 0x64, 0x0d, 0x0a, 0x00 };
/* 0xf6378 */ const unsigned char rodata_f6378[39] = { 0x66, 0x61, 0x69, 0x6c, 0x65, 0x64, 0x20, 0x74, 0x6f, 0x20, 0x73, 0x65, 0x74, 0x20, 0x61, 0x63, 0x63, 0x65, 0x6c, 0x65, 0x72, 0x6f, 0x6d, 0x65, 0x74, 0x65, 0x72, 0x20, 0x72, 0x61, 0x6e, 0x67, 0x65, 0x20, 0x25, 0x64, 0x0d, 0x0a, 0x00 };
/* 0xf639f */ const unsigned char rodata_f639f[18] = { 0x61, 0x63, 0x63, 0x65, 0x6c, 0x20, 0x6f, 0x64, 0x72, 0x20, 0x69, 0x73, 0x20, 0x25, 0x64, 0x0d, 0x0a, 0x00 };
/* 0xf63b1 */ const unsigned char rodata_f63b1[16] = { 0x67, 0x79, 0x72, 0x6f, 0x20, 0x70, 0x6d, 0x20, 0x69, 0x73, 0x20, 0x25, 0x64, 0x0d, 0x0a, 0x00 };
/* 0xf63c1 */ const unsigned char rodata_f63c1[37] = { 0x66, 0x61, 0x69, 0x6c, 0x65, 0x64, 0x20, 0x74, 0x6f, 0x20, 0x73, 0x65, 0x74, 0x20, 0x61, 0x63, 0x63, 0x65, 0x6c, 0x65, 0x72, 0x6f, 0x6d, 0x65, 0x74, 0x65, 0x72, 0x20, 0x6f, 0x64, 0x72, 0x20, 0x25, 0x64, 0x0d, 0x0a, 0x00 };
/* 0xf63e6 */ const unsigned char rodata_f63e6[19] = { 0x67, 0x79, 0x72, 0x6f, 0x20, 0x72, 0x61, 0x6e, 0x67, 0x65, 0x20, 0x69, 0x73, 0x20, 0x25, 0x64, 0x0d, 0x0a, 0x00 };
/* 0xf63f9 */ const unsigned char rodata_f63f9[35] = { 0x66, 0x61, 0x69, 0x6c, 0x65, 0x64, 0x20, 0x74, 0x6f, 0x20, 0x73, 0x65, 0x74, 0x20, 0x67, 0x79, 0x72, 0x6f, 0x73, 0x63, 0x6f, 0x70, 0x65, 0x20, 0x72, 0x61, 0x6e, 0x67, 0x65, 0x20, 0x25, 0x64, 0x0d, 0x0a, 0x00 };
/* 0xf641c */ const unsigned char rodata_f641c[17] = { 0x67, 0x79, 0x72, 0x6f, 0x20, 0x6f, 0x64, 0x72, 0x20, 0x69, 0x73, 0x20, 0x25, 0x64, 0x0d, 0x0a, 0x00 };
/* 0xf642d */ const unsigned char rodata_f642d[33] = { 0x66, 0x61, 0x69, 0x6c, 0x65, 0x64, 0x20, 0x74, 0x6f, 0x20, 0x73, 0x65, 0x74, 0x20, 0x67, 0x79, 0x72, 0x6f, 0x73, 0x63, 0x6f, 0x70, 0x65, 0x20, 0x6f, 0x64, 0x72, 0x20, 0x25, 0x64, 0x0d, 0x0a, 0x00 };
/* 0xf644e */ const unsigned char rodata_f644e[26] = { 0x66, 0x61, 0x69, 0x6c, 0x65, 0x64, 0x20, 0x74, 0x6f, 0x20, 0x73, 0x65, 0x74, 0x20, 0x46, 0x49, 0x46, 0x4f, 0x20, 0x6d, 0x6f, 0x64, 0x65, 0x0d, 0x0a, 0x00 };
/* 0xf6468 */ const unsigned char rodata_f6468[25] = { 0x66, 0x61, 0x69, 0x6c, 0x65, 0x64, 0x20, 0x74, 0x6f, 0x20, 0x73, 0x65, 0x74, 0x20, 0x42, 0x44, 0x55, 0x20, 0x6d, 0x6f, 0x64, 0x65, 0x0d, 0x0a, 0x00 };
/* 0xf6481 */ const unsigned char rodata_f6481[28] = { 0x66, 0x61, 0x69, 0x6c, 0x65, 0x64, 0x20, 0x74, 0x6f, 0x20, 0x69, 0x6e, 0x69, 0x74, 0x69, 0x61, 0x6c, 0x69, 0x7a, 0x65, 0x20, 0x63, 0x68, 0x69, 0x70, 0x0d, 0x0a, 0x00 };
/* 0xf6521 */ const unsigned char rodata_f6521[24] = { 0x42, 0x75, 0x73, 0x20, 0x64, 0x65, 0x76, 0x69, 0x63, 0x65, 0x20, 0x69, 0x73, 0x20, 0x6e, 0x6f, 0x74, 0x20, 0x72, 0x65, 0x61, 0x64, 0x79, 0x00 };
/* 0xf6539 */ const unsigned char rodata_f6539[25] = { 0x42, 0x61, 0x64, 0x20, 0x6d, 0x61, 0x6e, 0x75, 0x66, 0x61, 0x63, 0x74, 0x75, 0x72, 0x65, 0x72, 0x20, 0x69, 0x64, 0x20, 0x30, 0x78, 0x25, 0x78, 0x00 };
/* 0xf6552 */ const unsigned char rodata_f6552[19] = { 0x42, 0x61, 0x64, 0x20, 0x64, 0x65, 0x76, 0x69, 0x63, 0x65, 0x20, 0x69, 0x64, 0x20, 0x30, 0x78, 0x25, 0x78, 0x00 };
/* 0xf6565 */ const unsigned char rodata_f6565[44] = { 0x46, 0x61, 0x69, 0x6c, 0x65, 0x64, 0x20, 0x74, 0x6f, 0x20, 0x73, 0x65, 0x74, 0x20, 0x6d, 0x6f, 0x64, 0x65, 0x20, 0x74, 0x6f, 0x20, 0x63, 0x6f, 0x6e, 0x74, 0x69, 0x6e, 0x75, 0x6f, 0x75, 0x73, 0x20, 0x63, 0x6f, 0x6e, 0x76, 0x65, 0x72, 0x73, 0x69, 0x6f, 0x6e, 0x00 };
/* 0xf6607 */ const unsigned char rodata_f6607[31] = { 0x46, 0x61, 0x69, 0x6c, 0x65, 0x64, 0x20, 0x74, 0x6f, 0x20, 0x61, 0x6c, 0x6c, 0x6f, 0x63, 0x61, 0x74, 0x65, 0x20, 0x50, 0x50, 0x49, 0x20, 0x43, 0x68, 0x61, 0x6e, 0x6e, 0x65, 0x6c, 0x00 };
/* 0xf6659 */ const unsigned char rodata_f6659[49] = { 0x57, 0x45, 0x53, 0x54, 0x5f, 0x54, 0x4f, 0x50, 0x44, 0x49, 0x52, 0x2f, 0x7a, 0x65, 0x70, 0x68, 0x79, 0x72, 0x2f, 0x64, 0x72, 0x69, 0x76, 0x65, 0x72, 0x73, 0x2f, 0x74, 0x69, 0x6d, 0x65, 0x72, 0x2f, 0x6e, 0x72, 0x66, 0x5f, 0x72, 0x74, 0x63, 0x5f, 0x74, 0x69, 0x6d, 0x65, 0x72, 0x2e, 0x63, 0x00 };
/* 0xf668a */ const unsigned char rodata_f668a[28] = { 0x63, 0x68, 0x61, 0x6e, 0x20, 0x3e, 0x3d, 0x20, 0x30, 0x20, 0x26, 0x26, 0x20, 0x63, 0x68, 0x61, 0x6e, 0x20, 0x3c, 0x20, 0x28, 0x31, 0x20, 0x2b, 0x20, 0x31, 0x29, 0x00 };
/* 0xf66a6 */ const unsigned char rodata_f66a6[27] = { 0x63, 0x68, 0x61, 0x6e, 0x20, 0x3e, 0x20, 0x30, 0x20, 0x26, 0x26, 0x20, 0x63, 0x68, 0x61, 0x6e, 0x20, 0x3c, 0x20, 0x28, 0x31, 0x20, 0x2b, 0x20, 0x31, 0x29, 0x00 };
/* 0xf66f9 */ const unsigned char rodata_f66f9[17] = { 0x52, 0x65, 0x73, 0x65, 0x74, 0x74, 0x69, 0x6e, 0x67, 0x20, 0x73, 0x79, 0x73, 0x74, 0x65, 0x6d, 0x00 };
/* 0xf6716 */ const unsigned char rodata_f6716[51] = { 0x57, 0x45, 0x53, 0x54, 0x5f, 0x54, 0x4f, 0x50, 0x44, 0x49, 0x52, 0x2f, 0x6e, 0x72, 0x66, 0x2f, 0x73, 0x75, 0x62, 0x73, 0x79, 0x73, 0x2f, 0x63, 0x61, 0x66, 0x2f, 0x6d, 0x6f, 0x64, 0x75, 0x6c, 0x65, 0x73, 0x2f, 0x70, 0x6f, 0x77, 0x65, 0x72, 0x5f, 0x6d, 0x61, 0x6e, 0x61, 0x67, 0x65, 0x72, 0x2e, 0x63, 0x00 };
/* 0xf6749 */ const unsigned char rodata_f6749[32] = { 0x70, 0x6f, 0x77, 0x65, 0x72, 0x5f, 0x73, 0x74, 0x61, 0x74, 0x65, 0x20, 0x3d, 0x3d, 0x20, 0x50, 0x4f, 0x57, 0x45, 0x52, 0x5f, 0x53, 0x54, 0x41, 0x54, 0x45, 0x5f, 0x49, 0x44, 0x4c, 0x45, 0x00 };
/* 0xf6769 */ const unsigned char rodata_f6769[60] = { 0x63, 0x68, 0x65, 0x63, 0x6b, 0x5f, 0x69, 0x66, 0x5f, 0x70, 0x6f, 0x77, 0x65, 0x72, 0x5f, 0x73, 0x74, 0x61, 0x74, 0x65, 0x5f, 0x61, 0x6c, 0x6c, 0x6f, 0x77, 0x65, 0x64, 0x28, 0x50, 0x4f, 0x57, 0x45, 0x52, 0x5f, 0x4d, 0x41, 0x4e, 0x41, 0x47, 0x45, 0x52, 0x5f, 0x4c, 0x45, 0x56, 0x45, 0x4c, 0x5f, 0x53, 0x55, 0x53, 0x50, 0x45, 0x4e, 0x44, 0x45, 0x44, 0x29, 0x00 };
/* 0xf680e */ const unsigned char rodata_f680e[6] = { 0x65, 0x72, 0x72, 0x6f, 0x72, 0x00 };
/* 0xf696e */ const unsigned char rodata_f696e[6] = { 0x75, 0x25, 0x30, 0x34, 0x78, 0x00 };
/* 0xf6977 */ const unsigned char rodata_f6977[5] = { 0x6e, 0x75, 0x6c, 0x6c, 0x00 };
/* 0xf697c */ const unsigned char rodata_f697c[7] = { 0x25, 0x31, 0x2e, 0x31, 0x35, 0x67, 0x00 };
/* 0xf6983 */ const unsigned char rodata_f6983[4] = { 0x25, 0x6c, 0x67, 0x00 };
/* 0xf6987 */ const unsigned char rodata_f6987[7] = { 0x25, 0x31, 0x2e, 0x31, 0x37, 0x67, 0x00 };
/* 0xf698e */ const unsigned char rodata_f698e[6] = { 0x66, 0x61, 0x6c, 0x73, 0x65, 0x00 };
/* 0xf6994 */ const unsigned char rodata_f6994[5] = { 0x74, 0x72, 0x75, 0x65, 0x00 };
/* 0xf6b00 */ const unsigned char rodata_f6b00[62] = { 0x57, 0x45, 0x53, 0x54, 0x5f, 0x54, 0x4f, 0x50, 0x44, 0x49, 0x52, 0x2f, 0x6d, 0x6f, 0x64, 0x75, 0x6c, 0x65, 0x73, 0x2f, 0x68, 0x61, 0x6c, 0x2f, 0x6e, 0x6f, 0x72, 0x64, 0x69, 0x63, 0x2f, 0x6e, 0x72, 0x66, 0x78, 0x2f, 0x64, 0x72, 0x69, 0x76, 0x65, 0x72, 0x73, 0x2f, 0x73, 0x72, 0x63, 0x2f, 0x6e, 0x72, 0x66, 0x78, 0x5f, 0x67, 0x70, 0x69, 0x6f, 0x74, 0x65, 0x2e, 0x63, 0x00 };
/* 0xf6b7d */ const unsigned char rodata_f6b7d[10] = { 0x70, 0x5f, 0x63, 0x68, 0x61, 0x6e, 0x6e, 0x65, 0x6c, 0x00 };
/* 0xf6b87 */ const unsigned char rodata_f6b87[21] = { 0x70, 0x69, 0x6e, 0x5f, 0x68, 0x61, 0x73, 0x5f, 0x74, 0x72, 0x69, 0x67, 0x67, 0x65, 0x72, 0x28, 0x70, 0x69, 0x6e, 0x29, 0x00 };
/* 0xf6b9c */ const unsigned char rodata_f6b9c[11] = { 0x69, 0x6e, 0x74, 0x5f, 0x65, 0x6e, 0x61, 0x62, 0x6c, 0x65, 0x00 };
/* 0xf6bc5 */ const unsigned char rodata_f6bc5[59] = { 0x57, 0x45, 0x53, 0x54, 0x5f, 0x54, 0x4f, 0x50, 0x44, 0x49, 0x52, 0x2f, 0x6d, 0x6f, 0x64, 0x75, 0x6c, 0x65, 0x73, 0x2f, 0x68, 0x61, 0x6c, 0x2f, 0x6e, 0x6f, 0x72, 0x64, 0x69, 0x63, 0x2f, 0x6e, 0x72, 0x66, 0x78, 0x2f, 0x64, 0x72, 0x69, 0x76, 0x65, 0x72, 0x73, 0x2f, 0x73, 0x72, 0x63, 0x2f, 0x6e, 0x72, 0x66, 0x78, 0x5f, 0x69, 0x70, 0x63, 0x2e, 0x63, 0x00 };
/* 0xf6c09 */ const unsigned char rodata_f6c09[41] = { 0x6d, 0x5f, 0x63, 0x62, 0x2e, 0x73, 0x74, 0x61, 0x74, 0x65, 0x20, 0x3d, 0x3d, 0x20, 0x4e, 0x52, 0x46, 0x58, 0x5f, 0x44, 0x52, 0x56, 0x5f, 0x53, 0x54, 0x41, 0x54, 0x45, 0x5f, 0x49, 0x4e, 0x49, 0x54, 0x49, 0x41, 0x4c, 0x49, 0x5a, 0x45, 0x44, 0x00 };
/* 0xf6e2c */ const unsigned char rodata_f6e2c[14] = { 0x70, 0x5f, 0x63, 0x62, 0x2d, 0x3e, 0x68, 0x61, 0x6e, 0x64, 0x6c, 0x65, 0x72, 0x00 };
/* 0xf6fef */ const unsigned char rodata_f6fef[60] = { 0x57, 0x45, 0x53, 0x54, 0x5f, 0x54, 0x4f, 0x50, 0x44, 0x49, 0x52, 0x2f, 0x6d, 0x6f, 0x64, 0x75, 0x6c, 0x65, 0x73, 0x2f, 0x68, 0x61, 0x6c, 0x2f, 0x6e, 0x6f, 0x72, 0x64, 0x69, 0x63, 0x2f, 0x6e, 0x72, 0x66, 0x78, 0x2f, 0x64, 0x72, 0x69, 0x76, 0x65, 0x72, 0x73, 0x2f, 0x73, 0x72, 0x63, 0x2f, 0x6e, 0x72, 0x66, 0x78, 0x5f, 0x74, 0x77, 0x69, 0x6d, 0x2e, 0x63, 0x00 };
/* 0xf7052 */ const unsigned char rodata_f7052[42] = { 0x70, 0x5f, 0x63, 0x62, 0x2d, 0x3e, 0x73, 0x74, 0x61, 0x74, 0x65, 0x20, 0x3d, 0x3d, 0x20, 0x4e, 0x52, 0x46, 0x58, 0x5f, 0x44, 0x52, 0x56, 0x5f, 0x53, 0x54, 0x41, 0x54, 0x45, 0x5f, 0x49, 0x4e, 0x49, 0x54, 0x49, 0x41, 0x4c, 0x49, 0x5a, 0x45, 0x44, 0x00 };
/* 0xf79c8 */ const unsigned char rodata_f79c8[59] = { 0x57, 0x45, 0x53, 0x54, 0x5f, 0x54, 0x4f, 0x50, 0x44, 0x49, 0x52, 0x2f, 0x6d, 0x6f, 0x64, 0x75, 0x6c, 0x65, 0x73, 0x2f, 0x68, 0x61, 0x6c, 0x2f, 0x6e, 0x6f, 0x72, 0x64, 0x69, 0x63, 0x2f, 0x6e, 0x72, 0x66, 0x78, 0x2f, 0x64, 0x72, 0x69, 0x76, 0x65, 0x72, 0x73, 0x2f, 0x73, 0x72, 0x63, 0x2f, 0x6e, 0x72, 0x66, 0x78, 0x5f, 0x77, 0x64, 0x74, 0x2e, 0x63, 0x00 };
/* 0xf7a03 */ const unsigned char rodata_f7a03[24] = { 0x74, 0x69, 0x63, 0x6b, 0x73, 0x20, 0x3c, 0x3d, 0x20, 0x28, 0x30, 0x78, 0x66, 0x66, 0x66, 0x66, 0x66, 0x66, 0x66, 0x66, 0x55, 0x4c, 0x29, 0x00 };
/* 0xf7a1b */ const unsigned char rodata_f7a1b[23] = { 0x70, 0x5f, 0x63, 0x62, 0x2d, 0x3e, 0x61, 0x6c, 0x6c, 0x6f, 0x63, 0x5f, 0x69, 0x6e, 0x64, 0x65, 0x78, 0x20, 0x21, 0x3d, 0x20, 0x30, 0x00 };
/* 0xf7a30 */ const unsigned char rodata_f7a30[2] = { 0x30, 0x00 };
/* 0xf7a32 */ const unsigned char rodata_f7a32[13] = { 0x70, 0x5f, 0x63, 0x68, 0x61, 0x6e, 0x6e, 0x65, 0x6c, 0x5f, 0x69, 0x64, 0x00 };
/* 0xf7a3f */ const unsigned char rodata_f7a3f[66] = { 0x6d, 0x5f, 0x63, 0x62, 0x5b, 0x70, 0x5f, 0x69, 0x6e, 0x73, 0x74, 0x61, 0x6e, 0x63, 0x65, 0x2d, 0x3e, 0x64, 0x72, 0x76, 0x5f, 0x69, 0x6e, 0x73, 0x74, 0x5f, 0x69, 0x64, 0x78, 0x5d, 0x2e, 0x73, 0x74, 0x61, 0x74, 0x65, 0x20, 0x3d, 0x3d, 0x20, 0x4e, 0x52, 0x46, 0x58, 0x5f, 0x44, 0x52, 0x56, 0x5f, 0x53, 0x54, 0x41, 0x54, 0x45, 0x5f, 0x50, 0x4f, 0x57, 0x45, 0x52, 0x45, 0x44, 0x5f, 0x4f, 0x4e, 0x00 };
/* 0xf7b6f */ const unsigned char rodata_f7b6f[2] = { 0x20, 0x00 };
/* 0xf7ba6 */ const unsigned char rodata_f7ba6[67] = { 0x57, 0x45, 0x53, 0x54, 0x5f, 0x54, 0x4f, 0x50, 0x44, 0x49, 0x52, 0x2f, 0x6d, 0x6f, 0x64, 0x75, 0x6c, 0x65, 0x73, 0x2f, 0x6c, 0x69, 0x62, 0x2f, 0x6f, 0x70, 0x65, 0x6e, 0x2d, 0x61, 0x6d, 0x70, 0x2f, 0x6f, 0x70, 0x65, 0x6e, 0x2d, 0x61, 0x6d, 0x70, 0x2f, 0x6c, 0x69, 0x62, 0x2f, 0x72, 0x70, 0x6d, 0x73, 0x67, 0x2f, 0x72, 0x70, 0x6d, 0x73, 0x67, 0x5f, 0x76, 0x69, 0x72, 0x74, 0x69, 0x6f, 0x2e, 0x63, 0x00 };
/* 0xf7be9 */ const unsigned char rodata_f7be9[25] = { 0x73, 0x74, 0x61, 0x74, 0x75, 0x73, 0x20, 0x3d, 0x3d, 0x20, 0x73, 0x69, 0x7a, 0x65, 0x6f, 0x66, 0x28, 0x72, 0x70, 0x5f, 0x68, 0x64, 0x72, 0x29, 0x00 };
/* 0xf7c02 */ const unsigned char rodata_f7c02[12] = { 0x73, 0x74, 0x61, 0x74, 0x75, 0x73, 0x20, 0x3d, 0x3d, 0x20, 0x30, 0x00 };
/* 0xf7c0e */ const unsigned char rodata_f7c0e[12] = { 0x73, 0x74, 0x61, 0x74, 0x75, 0x73, 0x20, 0x3e, 0x3d, 0x20, 0x30, 0x00 };
/* 0xf7c1a */ const unsigned char rodata_f7c1a[14] = { 0x73, 0x74, 0x61, 0x74, 0x75, 0x73, 0x20, 0x3d, 0x3d, 0x20, 0x6c, 0x65, 0x6e, 0x00 };
/* 0xf7c28 */ const unsigned char rodata_f7c28[6] = { 0x72, 0x78, 0x5f, 0x76, 0x71, 0x00 };
/* 0xf7c34 */ const unsigned char rodata_f7c34[3] = { 0x4e, 0x53, 0x00 };
/* 0xf7df6 */ const unsigned char rodata_f7df6[70] = { 0x21, 0x61, 0x72, 0x63, 0x68, 0x5f, 0x69, 0x73, 0x5f, 0x69, 0x6e, 0x5f, 0x69, 0x73, 0x72, 0x28, 0x29, 0x20, 0x7c, 0x7c, 0x20, 0x28, 0x28, 0x74, 0x69, 0x6d, 0x65, 0x6f, 0x75, 0x74, 0x29, 0x2e, 0x74, 0x69, 0x63, 0x6b, 0x73, 0x20, 0x3d, 0x3d, 0x20, 0x28, 0x28, 0x28, 0x6b, 0x5f, 0x74, 0x69, 0x6d, 0x65, 0x6f, 0x75, 0x74, 0x5f, 0x74, 0x29, 0x20, 0x7b, 0x30, 0x7d, 0x29, 0x29, 0x2e, 0x74, 0x69, 0x63, 0x6b, 0x73, 0x29, 0x00 };
/* 0xf7fee */ const unsigned char rodata_f7fee[49] = { 0x09, 0x69, 0x6e, 0x76, 0x61, 0x6c, 0x69, 0x64, 0x20, 0x70, 0x72, 0x69, 0x6f, 0x72, 0x69, 0x74, 0x79, 0x20, 0x28, 0x25, 0x64, 0x29, 0x3b, 0x20, 0x61, 0x6c, 0x6c, 0x6f, 0x77, 0x65, 0x64, 0x20, 0x72, 0x61, 0x6e, 0x67, 0x65, 0x3a, 0x20, 0x25, 0x64, 0x20, 0x74, 0x6f, 0x20, 0x25, 0x64, 0x0a, 0x00 };
/* 0xf801f */ const unsigned char rodata_f801f[18] = { 0x21, 0x61, 0x72, 0x63, 0x68, 0x5f, 0x69, 0x73, 0x5f, 0x69, 0x6e, 0x5f, 0x69, 0x73, 0x72, 0x28, 0x29, 0x00 };
/* 0xf80cc */ const unsigned char rodata_f80cc[34] = { 0x57, 0x45, 0x53, 0x54, 0x5f, 0x54, 0x4f, 0x50, 0x44, 0x49, 0x52, 0x2f, 0x7a, 0x65, 0x70, 0x68, 0x79, 0x72, 0x2f, 0x6b, 0x65, 0x72, 0x6e, 0x65, 0x6c, 0x2f, 0x6d, 0x73, 0x67, 0x5f, 0x71, 0x2e, 0x63, 0x00 };
/* 0xf80ee */ const unsigned char rodata_f80ee[76] = { 0x6d, 0x73, 0x67, 0x71, 0x2d, 0x3e, 0x77, 0x72, 0x69, 0x74, 0x65, 0x5f, 0x70, 0x74, 0x72, 0x20, 0x3e, 0x3d, 0x20, 0x6d, 0x73, 0x67, 0x71, 0x2d, 0x3e, 0x62, 0x75, 0x66, 0x66, 0x65, 0x72, 0x5f, 0x73, 0x74, 0x61, 0x72, 0x74, 0x20, 0x26, 0x26, 0x20, 0x6d, 0x73, 0x67, 0x71, 0x2d, 0x3e, 0x77, 0x72, 0x69, 0x74, 0x65, 0x5f, 0x70, 0x74, 0x72, 0x20, 0x3c, 0x20, 0x6d, 0x73, 0x67, 0x71, 0x2d, 0x3e, 0x62, 0x75, 0x66, 0x66, 0x65, 0x72, 0x5f, 0x65, 0x6e, 0x64, 0x00 };
/* 0xf813a */ const unsigned char rodata_f813a[34] = { 0x57, 0x45, 0x53, 0x54, 0x5f, 0x54, 0x4f, 0x50, 0x44, 0x49, 0x52, 0x2f, 0x7a, 0x65, 0x70, 0x68, 0x79, 0x72, 0x2f, 0x6b, 0x65, 0x72, 0x6e, 0x65, 0x6c, 0x2f, 0x6d, 0x75, 0x74, 0x65, 0x78, 0x2e, 0x63, 0x00 };
/* 0xf815c */ const unsigned char rodata_f815c[37] = { 0x09, 0x6d, 0x75, 0x74, 0x65, 0x78, 0x65, 0x73, 0x20, 0x63, 0x61, 0x6e, 0x6e, 0x6f, 0x74, 0x20, 0x62, 0x65, 0x20, 0x75, 0x73, 0x65, 0x64, 0x20, 0x69, 0x6e, 0x73, 0x69, 0x64, 0x65, 0x20, 0x49, 0x53, 0x52, 0x73, 0x0a, 0x00 };
/* 0xf8181 */ const unsigned char rodata_f8181[23] = { 0x6d, 0x75, 0x74, 0x65, 0x78, 0x2d, 0x3e, 0x6c, 0x6f, 0x63, 0x6b, 0x5f, 0x63, 0x6f, 0x75, 0x6e, 0x74, 0x20, 0x3e, 0x20, 0x30, 0x55, 0x00 };
/* 0xf8198 */ const unsigned char rodata_f8198[32] = { 0x57, 0x45, 0x53, 0x54, 0x5f, 0x54, 0x4f, 0x50, 0x44, 0x49, 0x52, 0x2f, 0x7a, 0x65, 0x70, 0x68, 0x79, 0x72, 0x2f, 0x6b, 0x65, 0x72, 0x6e, 0x65, 0x6c, 0x2f, 0x73, 0x65, 0x6d, 0x2e, 0x63, 0x00 };
/* 0xf81b8 */ const unsigned char rodata_f81b8[78] = { 0x28, 0x28, 0x61, 0x72, 0x63, 0x68, 0x5f, 0x69, 0x73, 0x5f, 0x69, 0x6e, 0x5f, 0x69, 0x73, 0x72, 0x28, 0x29, 0x20, 0x3d, 0x3d, 0x20, 0x30, 0x29, 0x20, 0x7c, 0x7c, 0x20, 0x28, 0x28, 0x74, 0x69, 0x6d, 0x65, 0x6f, 0x75, 0x74, 0x29, 0x2e, 0x74, 0x69, 0x63, 0x6b, 0x73, 0x20, 0x3d, 0x3d, 0x20, 0x28, 0x28, 0x28, 0x6b, 0x5f, 0x74, 0x69, 0x6d, 0x65, 0x6f, 0x75, 0x74, 0x5f, 0x74, 0x29, 0x20, 0x7b, 0x30, 0x7d, 0x29, 0x29, 0x2e, 0x74, 0x69, 0x63, 0x6b, 0x73, 0x29, 0x29, 0x00 };
/* 0xf82f4 */ const unsigned char rodata_f82f4[34] = { 0x57, 0x45, 0x53, 0x54, 0x5f, 0x54, 0x4f, 0x50, 0x44, 0x49, 0x52, 0x2f, 0x7a, 0x65, 0x70, 0x68, 0x79, 0x72, 0x2f, 0x6b, 0x65, 0x72, 0x6e, 0x65, 0x6c, 0x2f, 0x73, 0x63, 0x68, 0x65, 0x64, 0x2e, 0x63, 0x00 };
/* 0xf84af */ const unsigned char rodata_f84af[39] = { 0x5f, 0x6b, 0x65, 0x72, 0x6e, 0x65, 0x6c, 0x2e, 0x63, 0x70, 0x75, 0x73, 0x5b, 0x30, 0x5d, 0x2e, 0x63, 0x75, 0x72, 0x72, 0x65, 0x6e, 0x74, 0x20, 0x21, 0x3d, 0x20, 0x28, 0x28, 0x76, 0x6f, 0x69, 0x64, 0x20, 0x2a, 0x29, 0x30, 0x29, 0x00 };
/* 0xf84d6 */ const unsigned char rodata_f84d6[33] = { 0x21, 0x7a, 0x5f, 0x69, 0x73, 0x5f, 0x69, 0x64, 0x6c, 0x65, 0x5f, 0x74, 0x68, 0x72, 0x65, 0x61, 0x64, 0x5f, 0x6f, 0x62, 0x6a, 0x65, 0x63, 0x74, 0x28, 0x74, 0x68, 0x72, 0x65, 0x61, 0x64, 0x29, 0x00 };
/* 0xf85bb */ const unsigned char rodata_f85bb[23] = { 0x74, 0x68, 0x72, 0x65, 0x61, 0x64, 0x2d, 0x3e, 0x62, 0x61, 0x73, 0x65, 0x2e, 0x70, 0x65, 0x6e, 0x64, 0x65, 0x64, 0x5f, 0x6f, 0x6e, 0x00 };
/* 0xf85d2 */ const unsigned char rodata_f85d2[134] = { 0x28, 0x28, 0x28, 0x28, 0x70, 0x72, 0x69, 0x6f, 0x29, 0x29, 0x20, 0x3d, 0x3d, 0x20, 0x31, 0x35, 0x20, 0x26, 0x26, 0x20, 0x7a, 0x5f, 0x69, 0x73, 0x5f, 0x69, 0x64, 0x6c, 0x65, 0x5f, 0x74, 0x68, 0x72, 0x65, 0x61, 0x64, 0x5f, 0x65, 0x6e, 0x74, 0x72, 0x79, 0x28, 0x28, 0x28, 0x28, 0x76, 0x6f, 0x69, 0x64, 0x20, 0x2a, 0x29, 0x30, 0x29, 0x29, 0x29, 0x29, 0x20, 0x7c, 0x7c, 0x20, 0x28, 0x28, 0x28, 0x31, 0x35, 0x20, 0x2d, 0x20, 0x31, 0x29, 0x20, 0x3e, 0x3d, 0x20, 0x28, 0x28, 0x2d, 0x31, 0x36, 0x29, 0x29, 0x29, 0x20, 0x26, 0x26, 0x20, 0x28, 0x28, 0x70, 0x72, 0x69, 0x6f, 0x29, 0x29, 0x20, 0x3e, 0x3d, 0x20, 0x28, 0x28, 0x2d, 0x31, 0x36, 0x29, 0x29, 0x20, 0x26, 0x26, 0x20, 0x28, 0x28, 0x70, 0x72, 0x69, 0x6f, 0x29, 0x29, 0x20, 0x3c, 0x3d, 0x20, 0x28, 0x31, 0x35, 0x20, 0x2d, 0x20, 0x31, 0x29, 0x29, 0x29, 0x00 };
/* 0xf8658 */ const unsigned char rodata_f8658[64] = { 0x21, 0x7a, 0x5f, 0x69, 0x73, 0x5f, 0x74, 0x68, 0x72, 0x65, 0x61, 0x64, 0x5f, 0x73, 0x74, 0x61, 0x74, 0x65, 0x5f, 0x73, 0x65, 0x74, 0x28, 0x5f, 0x6b, 0x65, 0x72, 0x6e, 0x65, 0x6c, 0x2e, 0x63, 0x70, 0x75, 0x73, 0x5b, 0x30, 0x5d, 0x2e, 0x63, 0x75, 0x72, 0x72, 0x65, 0x6e, 0x74, 0x2c, 0x20, 0x28, 0x28, 0x31, 0x55, 0x4c, 0x20, 0x3c, 0x3c, 0x20, 0x28, 0x34, 0x29, 0x29, 0x29, 0x29, 0x00 };
/* 0xf891e */ const unsigned char rodata_f891e[36] = { 0x57, 0x45, 0x53, 0x54, 0x5f, 0x54, 0x4f, 0x50, 0x44, 0x49, 0x52, 0x2f, 0x7a, 0x65, 0x70, 0x68, 0x79, 0x72, 0x2f, 0x6b, 0x65, 0x72, 0x6e, 0x65, 0x6c, 0x2f, 0x6d, 0x65, 0x6d, 0x70, 0x6f, 0x6f, 0x6c, 0x2e, 0x63, 0x00 };
/* 0xf8942 */ const unsigned char rodata_f8942[50] = { 0x61, 0x6c, 0x69, 0x67, 0x6e, 0x20, 0x3d, 0x3d, 0x20, 0x30, 0x20, 0x7c, 0x7c, 0x20, 0x28, 0x28, 0x75, 0x69, 0x6e, 0x74, 0x70, 0x74, 0x72, 0x5f, 0x74, 0x29, 0x6d, 0x65, 0x6d, 0x20, 0x26, 0x20, 0x28, 0x61, 0x6c, 0x69, 0x67, 0x6e, 0x20, 0x2d, 0x20, 0x31, 0x29, 0x29, 0x20, 0x3d, 0x3d, 0x20, 0x30, 0x00 };
/* 0xf8974 */ const unsigned char rodata_f8974[40] = { 0x09, 0x6d, 0x69, 0x73, 0x61, 0x6c, 0x69, 0x67, 0x6e, 0x65, 0x64, 0x20, 0x6d, 0x65, 0x6d, 0x6f, 0x72, 0x79, 0x20, 0x61, 0x74, 0x20, 0x25, 0x70, 0x20, 0x28, 0x61, 0x6c, 0x69, 0x67, 0x6e, 0x20, 0x3d, 0x20, 0x25, 0x7a, 0x75, 0x29, 0x0a, 0x00 };
/* 0xf8a2e */ const unsigned char rodata_f8a2e[13] = { 0x2c, 0x20, 0x66, 0x75, 0x6e, 0x63, 0x74, 0x69, 0x6f, 0x6e, 0x3a, 0x20, 0x00 };
/* 0xf8a3b */ const unsigned char rodata_f8a3b[47] = { 0x61, 0x73, 0x73, 0x65, 0x72, 0x74, 0x69, 0x6f, 0x6e, 0x20, 0x22, 0x25, 0x73, 0x22, 0x20, 0x66, 0x61, 0x69, 0x6c, 0x65, 0x64, 0x3a, 0x20, 0x66, 0x69, 0x6c, 0x65, 0x20, 0x22, 0x25, 0x73, 0x22, 0x2c, 0x20, 0x6c, 0x69, 0x6e, 0x65, 0x20, 0x25, 0x64, 0x25, 0x73, 0x25, 0x73, 0x0a, 0x00 };
/* 0xf8b6b */ const unsigned char rodata_f8b6b[6] = { 0x23, 0x2d, 0x30, 0x2b, 0x20, 0x00 };
/* 0xf8b71 */ const unsigned char rodata_f8b71[4] = { 0x68, 0x6c, 0x4c, 0x00 };
/* 0xf8b75 */ const unsigned char rodata_f8b75[7] = { 0x65, 0x66, 0x67, 0x45, 0x46, 0x47, 0x00 };
/* 0xf8b88 */ const unsigned char rodata_f8b88[17] = { 0x30, 0x31, 0x32, 0x33, 0x34, 0x35, 0x36, 0x37, 0x38, 0x39, 0x41, 0x42, 0x43, 0x44, 0x45, 0x46, 0x00 };
/* 0xf8baa */ const unsigned char rodata_f8baa[9] = { 0x49, 0x6e, 0x66, 0x69, 0x6e, 0x69, 0x74, 0x79, 0x00 };
/* 0xf8bb3 */ const unsigned char rodata_f8bb3[4] = { 0x4e, 0x61, 0x4e, 0x00 };
/* 0xf8bb7 */ const unsigned char rodata_f8bb7[23] = { 0x52, 0x45, 0x45, 0x4e, 0x54, 0x20, 0x6d, 0x61, 0x6c, 0x6c, 0x6f, 0x63, 0x20, 0x73, 0x75, 0x63, 0x63, 0x65, 0x65, 0x64, 0x65, 0x64, 0x00 };
/* 0xf8bce */ const unsigned char rodata_f8bce[116] = { 0x2f, 0x5f, 0x5f, 0x77, 0x2f, 0x5f, 0x74, 0x65, 0x6d, 0x70, 0x2f, 0x77, 0x6f, 0x72, 0x6b, 0x73, 0x70, 0x61, 0x63, 0x65, 0x2f, 0x62, 0x75, 0x69, 0x6c, 0x64, 0x2f, 0x2e, 0x62, 0x75, 0x69, 0x6c, 0x64, 0x2f, 0x48, 0x4f, 0x53, 0x54, 0x2d, 0x78, 0x38, 0x36, 0x5f, 0x36, 0x34, 0x2d, 0x77, 0x36, 0x34, 0x2d, 0x6d, 0x69, 0x6e, 0x67, 0x77, 0x33, 0x32, 0x2f, 0x61, 0x72, 0x6d, 0x2d, 0x7a, 0x65, 0x70, 0x68, 0x79, 0x72, 0x2d, 0x65, 0x61, 0x62, 0x69, 0x2f, 0x73, 0x72, 0x63, 0x2f, 0x6e, 0x65, 0x77, 0x6c, 0x69, 0x62, 0x2d, 0x6e, 0x61, 0x6e, 0x6f, 0x2f, 0x6e, 0x65, 0x77, 0x6c, 0x69, 0x62, 0x2f, 0x6c, 0x69, 0x62, 0x63, 0x2f, 0x73, 0x74, 0x64, 0x6c, 0x69, 0x62, 0x2f, 0x64, 0x74, 0x6f, 0x61, 0x2e, 0x63, 0x00 };
/* 0xf8c42 */ const unsigned char rodata_f8c42[17] = { 0x42, 0x61, 0x6c, 0x6c, 0x6f, 0x63, 0x20, 0x73, 0x75, 0x63, 0x63, 0x65, 0x65, 0x64, 0x65, 0x64, 0x00 };
/* 0xf8cd5 */ const unsigned char rodata_f8cd5[117] = { 0x2f, 0x5f, 0x5f, 0x77, 0x2f, 0x5f, 0x74, 0x65, 0x6d, 0x70, 0x2f, 0x77, 0x6f, 0x72, 0x6b, 0x73, 0x70, 0x61, 0x63, 0x65, 0x2f, 0x62, 0x75, 0x69, 0x6c, 0x64, 0x2f, 0x2e, 0x62, 0x75, 0x69, 0x6c, 0x64, 0x2f, 0x48, 0x4f, 0x53, 0x54, 0x2d, 0x78, 0x38, 0x36, 0x5f, 0x36, 0x34, 0x2d, 0x77, 0x36, 0x34, 0x2d, 0x6d, 0x69, 0x6e, 0x67, 0x77, 0x33, 0x32, 0x2f, 0x61, 0x72, 0x6d, 0x2d, 0x7a, 0x65, 0x70, 0x68, 0x79, 0x72, 0x2d, 0x65, 0x61, 0x62, 0x69, 0x2f, 0x73, 0x72, 0x63, 0x2f, 0x6e, 0x65, 0x77, 0x6c, 0x69, 0x62, 0x2d, 0x6e, 0x61, 0x6e, 0x6f, 0x2f, 0x6e, 0x65, 0x77, 0x6c, 0x69, 0x62, 0x2f, 0x6c, 0x69, 0x62, 0x63, 0x2f, 0x73, 0x74, 0x64, 0x6c, 0x69, 0x62, 0x2f, 0x6d, 0x70, 0x72, 0x65, 0x63, 0x2e, 0x63, 0x00 };
